kommun,year,andel_sysselsatta_20_64
0114,2006,0.78460002
0114,2007,0.79909998
0114,2008,0.79769999
0114,2009,0.77649999
0114,2010,0.78609997
0114,2011,0.79339999
0114,2012,0.79640001
0114,2013,0.79509997
0114,2014,0.79460001
0114,2015,0.80080003
0114,2016,0.80849999
0114,2017,0.80849999
0114,2018,0.80809999
0114,2019,0.8064
0114,2020,0.78909999
0114,2021,0.80040002
0114,2022,0.81590003
0114,2023,0.81529999
0114,2024,0.81099999
0115,2006,0.84439999
0115,2007,0.8531
0115,2008,0.8545
0115,2009,0.84420002
0115,2010,0.85399997
0115,2011,0.85610002
0115,2012,0.86049998
0115,2013,0.86119998
0115,2014,0.86199999
0115,2015,0.8603
0115,2016,0.86290002
0115,2017,0.8617
0115,2018,0.86059999
0115,2019,0.84909999
0115,2020,0.8452
0115,2021,0.85009998
0115,2022,0.86269999
0115,2023,0.86150002
0115,2024,0.85339999
0117,2006,0.83289999
0117,2007,0.84130001
0117,2008,0.84149998
0117,2009,0.82770002
0117,2010,0.83789998
0117,2011,0.84299999
0117,2012,0.84390002
0117,2013,0.84060001
0117,2014,0.84109998
0117,2015,0.84429997
0117,2016,0.85250002
0117,2017,0.84979999
0117,2018,0.84829998
0117,2019,0.83960003
0117,2020,0.83340001
0117,2021,0.84359998
0117,2022,0.8592
0117,2023,0.85890001
0117,2024,0.8513
0120,2006,0.83450001
0120,2007,0.84259999
0120,2008,0.84460002
0120,2009,0.82910001
0120,2010,0.8387
0120,2011,0.84109998
0120,2012,0.84399998
0120,2013,0.84469998
0120,2014,0.8441
0120,2015,0.85110003
0120,2016,0.85600001
0120,2017,0.85570002
0120,2018,0.8556
0120,2019,0.84530002
0120,2020,0.83649999
0120,2021,0.84729999
0120,2022,0.86360002
0120,2023,0.86220002
0120,2024,0.85619998
0123,2006,0.778
0123,2007,0.79369998
0123,2008,0.78890002
0123,2009,0.7683
0123,2010,0.77969998
0123,2011,0.78149998
0123,2012,0.78289998
0123,2013,0.78579998
0123,2014,0.78359997
0123,2015,0.7902
0123,2016,0.79509997
0123,2017,0.80119997
0123,2018,0.80489999
0123,2019,0.80070001
0123,2020,0.78860003
0123,2021,0.79809999
0123,2022,0.80989999
0123,2023,0.81269997
0123,2024,0.8039
0125,2006,0.84420002
0125,2007,0.84789997
0125,2008,0.85430002
0125,2009,0.8398
0125,2010,0.84560001
0125,2011,0.84820002
0125,2012,0.8527
0125,2013,0.8545
0125,2014,0.85360003
0125,2015,0.86330003
0125,2016,0.86379999
0125,2017,0.86489999
0125,2018,0.86110002
0125,2019,0.83880001
0125,2020,0.83230001
0125,2021,0.83719999
0125,2022,0.8495
0125,2023,0.8513
0125,2024,0.84789997
0126,2006,0.76300001
0126,2007,0.77310002
0126,2008,0.76980001
0126,2009,0.74779999
0126,2010,0.75989997
0126,2011,0.76670003
0126,2012,0.7719
0126,2013,0.77149999
0126,2014,0.77539998
0126,2015,0.78479999
0126,2016,0.79089999
0126,2017,0.7924
0126,2018,0.79339999
0126,2019,0.79100001
0126,2020,0.7773
0126,2021,0.78969997
0126,2022,0.80620003
0126,2023,0.80870003
0126,2024,0.7992
0127,2006,0.69630003
0127,2007,0.7112
0127,2008,0.71359998
0127,2009,0.68879998
0127,2010,0.70349997
0127,2011,0.71280003
0127,2012,0.71579999
0127,2013,0.71630001
0127,2014,0.72189999
0127,2015,0.72759998
0127,2016,0.73460001
0127,2017,0.74250001
0127,2018,0.74809998
0127,2019,0.74779999
0127,2020,0.73040003
0127,2021,0.74879998
0127,2022,0.76889998
0127,2023,0.77329999
0127,2024,0.76950002
0128,2006,0.83630002
0128,2007,0.84420002
0128,2008,0.83859998
0128,2009,0.82230002
0128,2010,0.8312
0128,2011,0.83639997
0128,2012,0.8351
0128,2013,0.8373
0128,2014,0.8294
0128,2015,0.83459997
0128,2016,0.84060001
0128,2017,0.84179997
0128,2018,0.8405
0128,2019,0.84249997
0128,2020,0.82929999
0128,2021,0.838
0128,2022,0.85250002
0128,2023,0.85409999
0128,2024,0.84350002
0136,2006,0.76550001
0136,2007,0.77719998
0136,2008,0.778
0136,2009,0.75629997
0136,2010,0.7687
0136,2011,0.77450001
0136,2012,0.77929997
0136,2013,0.7798
0136,2014,0.78289998
0136,2015,0.79079998
0136,2016,0.80089998
0136,2017,0.80500001
0136,2018,0.80879998
0136,2019,0.8053
0136,2020,0.79350001
0136,2021,0.80680001
0136,2022,0.8179
0136,2023,0.8204
0136,2024,0.81230003
0138,2006,0.80919999
0138,2007,0.8229
0138,2008,0.82639998
0138,2009,0.80620003
0138,2010,0.81910002
0138,2011,0.82480001
0138,2012,0.82849997
0138,2013,0.82999998
0138,2014,0.833
0138,2015,0.84009999
0138,2016,0.84200001
0138,2017,0.8416
0138,2018,0.8416
0138,2019,0.83319998
0138,2020,0.824
0138,2021,0.83090001
0138,2022,0.84939998
0138,2023,0.84759998
0138,2024,0.83960003
0139,2006,0.77859998
0139,2007,0.7899
0139,2008,0.78920001
0139,2009,0.76230001
0139,2010,0.7744
0139,2011,0.77960002
0139,2012,0.77950001
0139,2013,0.77899998
0139,2014,0.78939998
0139,2015,0.79879999
0139,2016,0.80599999
0139,2017,0.80870003
0139,2018,0.81300002
0139,2019,0.80729997
0139,2020,0.79570001
0139,2021,0.80610001
0139,2022,0.81879997
0139,2023,0.8215
0139,2024,0.80980003
0140,2006,0.86110002
0140,2007,0.86089998
0140,2008,0.86379999
0140,2009,0.84609997
0140,2010,0.86390001
0140,2011,0.87300003
0140,2012,0.87669998
0140,2013,0.8671
0140,2014,0.8739
0140,2015,0.87370002
0140,2016,0.87709999
0140,2017,0.87840003
0140,2018,0.8847
0140,2019,0.88870001
0140,2020,0.8779
0140,2021,0.86979997
0140,2022,0.8901
0140,2023,0.88380003
0140,2024,0.87290001
0160,2006,0.82499999
0160,2007,0.83590001
0160,2008,0.83740002
0160,2009,0.82139999
0160,2010,0.82950002
0160,2011,0.83380002
0160,2012,0.83950001
0160,2013,0.84140003
0160,2014,0.83850002
0160,2015,0.84189999
0160,2016,0.84530002
0160,2017,0.84680003
0160,2018,0.84329998
0160,2019,0.83679998
0160,2020,0.82770002
0160,2021,0.83660001
0160,2022,0.8531
0160,2023,0.8513
0160,2024,0.84280002
0162,2006,0.78740001
0162,2007,0.7999
0162,2008,0.79650003
0162,2009,0.78119999
0162,2010,0.79040003
0162,2011,0.79009998
0162,2012,0.79470003
0162,2013,0.79110003
0162,2014,0.78960001
0162,2015,0.79479998
0162,2016,0.79579997
0162,2017,0.80150002
0162,2018,0.79540002
0162,2019,0.7798
0162,2020,0.78310001
0162,2021,0.79049999
0162,2022,0.81389999
0162,2023,0.81480002
0162,2024,0.80110002
0163,2006,0.80199999
0163,2007,0.81480002
0163,2008,0.81529999
0163,2009,0.79350001
0163,2010,0.80519998
0163,2011,0.80720001
0163,2012,0.81169999
0163,2013,0.80989999
0163,2014,0.80739999
0163,2015,0.81370002
0163,2016,0.8154
0163,2017,0.815
0163,2018,0.81830001
0163,2019,0.80919999
0163,2020,0.79610002
0163,2021,0.80830002
0163,2022,0.824
0163,2023,0.82279998
0163,2024,0.8143
0180,2006,0.7525
0180,2007,0.7669
0180,2008,0.76899999
0180,2009,0.7493
0180,2010,0.76429999
0180,2011,0.77020001
0180,2012,0.77590001
0180,2013,0.77819997
0180,2014,0.78140002
0180,2015,0.78839999
0180,2016,0.79430002
0180,2017,0.79530001
0180,2018,0.79809999
0180,2019,0.79430002
0180,2020,0.78109998
0180,2021,0.79460001
0180,2022,0.81050003
0180,2023,0.80900002
0180,2024,0.80260003
0181,2006,0.7274
0181,2007,0.72649997
0181,2008,0.727
0181,2009,0.69499999
0181,2010,0.70539999
0181,2011,0.71820003
0181,2012,0.71810001
0181,2013,0.71619999
0181,2014,0.71450001
0181,2015,0.72299999
0181,2016,0.7331
0181,2017,0.74239999
0181,2018,0.75459999
0181,2019,0.75440001
0181,2020,0.73659998
0181,2021,0.75269997
0181,2022,0.77679998
0181,2023,0.78130001
0181,2024,0.76859999
0182,2006,0.80779999
0182,2007,0.81730002
0182,2008,0.81800002
0182,2009,0.80040002
0182,2010,0.81290001
0182,2011,0.81730002
0182,2012,0.82169998
0182,2013,0.82200003
0182,2014,0.82550001
0182,2015,0.83060002
0182,2016,0.8362
0182,2017,0.83429998
0182,2018,0.83530003
0182,2019,0.82789999
0182,2020,0.82099998
0182,2021,0.83329999
0182,2022,0.85259998
0182,2023,0.84960002
0182,2024,0.83950001
0183,2006,0.76700002
0183,2007,0.78119999
0183,2008,0.78170002
0183,2009,0.75569999
0183,2010,0.76550001
0183,2011,0.77149999
0183,2012,0.77670002
0183,2013,0.77710003
0183,2014,0.78299999
0183,2015,0.79259998
0183,2016,0.80470002
0183,2017,0.81019998
0183,2018,0.81870002
0183,2019,0.8179
0183,2020,0.80379999
0183,2021,0.81559998
0183,2022,0.82679999
0183,2023,0.82950002
0183,2024,0.82840002
0184,2006,0.76099998
0184,2007,0.77420002
0184,2008,0.77520001
0184,2009,0.75419998
0184,2010,0.76560003
0184,2011,0.76880002
0184,2012,0.77829999
0184,2013,0.78219998
0184,2014,0.78469998
0184,2015,0.79070002
0184,2016,0.79839998
0184,2017,0.79839998
0184,2018,0.79820001
0184,2019,0.79699999
0184,2020,0.78560001
0184,2021,0.79360002
0184,2022,0.8082
0184,2023,0.81199998
0184,2024,0.80659997
0186,2006,0.79799998
0186,2007,0.80339998
0186,2008,0.80470002
0186,2009,0.78659999
0186,2010,0.7985
0186,2011,0.80379999
0186,2012,0.80729997
0186,2013,0.80250001
0186,2014,0.80229998
0186,2015,0.80669999
0186,2016,0.81080002
0186,2017,0.81290001
0186,2018,0.81599998
0186,2019,0.80760002
0186,2020,0.80369997
0186,2021,0.81419998
0186,2022,0.83600003
0186,2023,0.829
0186,2024,0.82230002
0187,2006,0.8337
0187,2007,0.84079999
0187,2008,0.83950001
0187,2009,0.82609999
0187,2010,0.83740002
0187,2011,0.84380001
0187,2012,0.84570003
0187,2013,0.84369999
0187,2014,0.8441
0187,2015,0.85039997
0187,2016,0.84609997
0187,2017,0.84570003
0187,2018,0.85079998
0187,2019,0.83920002
0187,2020,0.83759999
0187,2021,0.83539999
0187,2022,0.85759997
0187,2023,0.85210001
0187,2024,0.8448
0188,2006,0.79110003
0188,2007,0.8021
0188,2008,0.79699999
0188,2009,0.77600002
0188,2010,0.79290003
0188,2011,0.80580002
0188,2012,0.80699998
0188,2013,0.80650002
0188,2014,0.80699998
0188,2015,0.80930001
0188,2016,0.81370002
0188,2017,0.8118
0188,2018,0.81510001
0188,2019,0.81830001
0188,2020,0.80830002
0188,2021,0.8136
0188,2022,0.82880002
0188,2023,0.8326
0188,2024,0.82590002
0191,2006,0.76779997
0191,2007,0.7834
0191,2008,0.7834
0191,2009,0.75120002
0191,2010,0.76109999
0191,2011,0.76910001
0191,2012,0.77509999
0191,2013,0.77200001
0191,2014,0.77850002
0191,2015,0.77850002
0191,2016,0.78689998
0191,2017,0.79159999
0191,2018,0.79579997
0191,2019,0.78380001
0191,2020,0.7525
0191,2021,0.77270001
0191,2022,0.79400003
0191,2023,0.7949
0191,2024,0.78789997
0192,2006,0.76719999
0192,2007,0.78009999
0192,2008,0.77869999
0192,2009,0.75569999
0192,2010,0.7687
0192,2011,0.77490002
0192,2012,0.77810001
0192,2013,0.77829999
0192,2014,0.78680003
0192,2015,0.79409999
0192,2016,0.80970001
0192,2017,0.80489999
0192,2018,0.80849999
0192,2019,0.80989999
0192,2020,0.79879999
0192,2021,0.8089
0192,2022,0.81849998
0192,2023,0.81690001
0192,2024,0.80800003
0305,2006,0.82249999
0305,2007,0.83530003
0305,2008,0.83380002
0305,2009,0.81770003
0305,2010,0.83090001
0305,2011,0.8373
0305,2012,0.83829999
0305,2013,0.83609998
0305,2014,0.83770001
0305,2015,0.84179997
0305,2016,0.84789997
0305,2017,0.85159999
0305,2018,0.85039997
0305,2019,0.8448
0305,2020,0.83499998
0305,2021,0.8448
0305,2022,0.8624
0305,2023,0.85890001
0305,2024,0.8524
0319,2006,0.74089998
0319,2007,0.75849998
0319,2008,0.76160002
0319,2009,0.73650002
0319,2010,0.7554
0319,2011,0.75230002
0319,2012,0.75330001
0319,2013,0.75919998
0319,2014,0.764
0319,2015,0.74800003
0319,2016,0.75319999
0319,2017,0.7647
0319,2018,0.77969998
0319,2019,0.78289998
0319,2020,0.78469998
0319,2021,0.80419999
0319,2022,0.81760001
0319,2023,0.8197
0319,2024,0.82249999
0330,2006,0.85299999
0330,2007,0.86309999
0330,2008,0.85890001
0330,2009,0.84630001
0330,2010,0.8527
0330,2011,0.86729997
0330,2012,0.8653
0330,2013,0.86360002
0330,2014,0.86900002
0330,2015,0.8696
0330,2016,0.8768
0330,2017,0.87349999
0330,2018,0.87159997
0330,2019,0.86870003
0330,2020,0.8617
0330,2021,0.86360002
0330,2022,0.8743
0330,2023,0.87400001
0330,2024,0.86900002
0331,2006,0.79610002
0331,2007,0.80449998
0331,2008,0.79350001
0331,2009,0.76929998
0331,2010,0.77569997
0331,2011,0.78850001
0331,2012,0.79070002
0331,2013,0.79329997
0331,2014,0.79089999
0331,2015,0.79629999
0331,2016,0.80409998
0331,2017,0.80449998
0331,2018,0.8021
0331,2019,0.81150001
0331,2020,0.79790002
0331,2021,0.80699998
0331,2022,0.82130003
0331,2023,0.8222
0331,2024,0.80769998
0360,2006,0.77100003
0360,2007,0.78179997
0360,2008,0.77859998
0360,2009,0.74559999
0360,2010,0.76139998
0360,2011,0.77569997
0360,2012,0.78189999
0360,2013,0.77340001
0360,2014,0.77759999
0360,2015,0.77780002
0360,2016,0.78420001
0360,2017,0.79220003
0360,2018,0.80150002
0360,2019,0.79909998
0360,2020,0.79290003
0360,2021,0.79939997
0360,2022,0.81410003
0360,2023,0.81819999
0360,2024,0.8114
0380,2006,0.73909998
0380,2007,0.75269997
0380,2008,0.74409997
0380,2009,0.71710002
0380,2010,0.72960001
0380,2011,0.7335
0380,2012,0.74000001
0380,2013,0.74070001
0380,2014,0.74440002
0380,2015,0.75199997
0380,2016,0.76090002
0380,2017,0.76120001
0380,2018,0.7604
0380,2019,0.76730001
0380,2020,0.74720001
0380,2021,0.76099998
0380,2022,0.77249998
0380,2023,0.77270001
0380,2024,0.76450002
0381,2006,0.8035
0381,2007,0.81389999
0381,2008,0.80930001
0381,2009,0.7906
0381,2010,0.79759997
0381,2011,0.81059998
0381,2012,0.82160002
0381,2013,0.81830001
0381,2014,0.82300001
0381,2015,0.8301
0381,2016,0.83039999
0381,2017,0.83490002
0381,2018,0.83670002
0381,2019,0.82840002
0381,2020,0.81800002
0381,2021,0.82700002
0381,2022,0.84009999
0381,2023,0.84069997
0381,2024,0.83420002
0382,2006,0.82160002
0382,2007,0.83170003
0382,2008,0.83319998
0382,2009,0.81559998
0382,2010,0.81900001
0382,2011,0.82889998
0382,2012,0.83499998
0382,2013,0.83780003
0382,2014,0.83329999
0382,2015,0.83600003
0382,2016,0.84329998
0382,2017,0.84719998
0382,2018,0.84979999
0382,2019,0.85250002
0382,2020,0.85049999
0382,2021,0.85210001
0382,2022,0.86339998
0382,2023,0.87110001
0382,2024,0.86680001
0428,2006,0.77020001
0428,2007,0.77560002
0428,2008,0.78009999
0428,2009,0.75340003
0428,2010,0.76200002
0428,2011,0.76599997
0428,2012,0.76779997
0428,2013,0.75599998
0428,2014,0.75629997
0428,2015,0.759
0428,2016,0.75940001
0428,2017,0.77130002
0428,2018,0.77410001
0428,2019,0.77590001
0428,2020,0.76740003
0428,2021,0.78049999
0428,2022,0.79970002
0428,2023,0.80540001
0428,2024,0.79369998
0461,2006,0.80849999
0461,2007,0.81819999
0461,2008,0.81590003
0461,2009,0.79329997
0461,2010,0.80629998
0461,2011,0.81449997
0461,2012,0.81410003
0461,2013,0.81040001
0461,2014,0.81879997
0461,2015,0.81980002
0461,2016,0.82389998
0461,2017,0.83029997
0461,2018,0.82770002
0461,2019,0.82609999
0461,2020,0.81230003
0461,2021,0.82029998
0461,2022,0.83329999
0461,2023,0.82770002
0461,2024,0.81840003
0480,2006,0.79619998
0480,2007,0.80260003
0480,2008,0.80119997
0480,2009,0.77139997
0480,2010,0.7888
0480,2011,0.80239999
0480,2012,0.80049998
0480,2013,0.80229998
0480,2014,0.80019999
0480,2015,0.8064
0480,2016,0.8089
0480,2017,0.81400001
0480,2018,0.81059998
0480,2019,0.80690002
0480,2020,0.7938
0480,2021,0.80199999
0480,2022,0.81760001
0480,2023,0.81730002
0480,2024,0.8096
0481,2006,0.78509998
0481,2007,0.78799999
0481,2008,0.78149998
0481,2009,0.74680001
0481,2010,0.76730001
0481,2011,0.78430003
0481,2012,0.78100002
0481,2013,0.77929997
0481,2014,0.76660001
0481,2015,0.76179999
0481,2016,0.75599998
0481,2017,0.76789999
0481,2018,0.76859999
0481,2019,0.77649999
0481,2020,0.7669
0481,2021,0.79329997
0481,2022,0.81260002
0481,2023,0.80010003
0481,2024,0.79659998
0482,2006,0.75029999
0482,2007,0.75209999
0482,2008,0.74739999
0482,2009,0.71630001
0482,2010,0.72420001
0482,2011,0.72229999
0482,2012,0.72000003
0482,2013,0.71649998
0482,2014,0.70899999
0482,2015,0.70389998
0482,2016,0.70289999
0482,2017,0.71200001
0482,2018,0.72070003
0482,2019,0.72759998
0482,2020,0.71700001
0482,2021,0.72799999
0482,2022,0.74959999
0482,2023,0.75480002
0482,2024,0.75379997
0483,2006,0.74479997
0483,2007,0.75690001
0483,2008,0.75919998
0483,2009,0.72729999
0483,2010,0.73659998
0483,2011,0.74669999
0483,2012,0.74169999
0483,2013,0.74290001
0483,2014,0.7446
0483,2015,0.7529
0483,2016,0.75849998
0483,2017,0.76880002
0483,2018,0.7748
0483,2019,0.77719998
0483,2020,0.76810002
0483,2021,0.7827
0483,2022,0.79470003
0483,2023,0.79720002
0483,2024,0.7852
0484,2006,0.74339998
0484,2007,0.75459999
0484,2008,0.74730003
0484,2009,0.7001
0484,2010,0.71700001
0484,2011,0.72579998
0484,2012,0.72610003
0484,2013,0.72939998
0484,2014,0.72600001
0484,2015,0.73180002
0484,2016,0.74119997
0484,2017,0.75099999
0484,2018,0.7561
0484,2019,0.75120002
0484,2020,0.73979998
0484,2021,0.75690001
0484,2022,0.77950001
0484,2023,0.78430003
0484,2024,0.77579999
0486,2006,0.79570001
0486,2007,0.80989999
0486,2008,0.8075
0486,2009,0.78659999
0486,2010,0.79890001
0486,2011,0.80599999
0486,2012,0.8089
0486,2013,0.81059998
0486,2014,0.81
0486,2015,0.81620002
0486,2016,0.8222
0486,2017,0.82370001
0486,2018,0.82099998
0486,2019,0.8118
0486,2020,0.80159998
0486,2021,0.81739998
0486,2022,0.83410001
0486,2023,0.83319998
0486,2024,0.82779998
0488,2006,0.82999998
0488,2007,0.83639997
0488,2008,0.83770001
0488,2009,0.8229
0488,2010,0.8344
0488,2011,0.84100002
0488,2012,0.83649999
0488,2013,0.83099997
0488,2014,0.8351
0488,2015,0.84289998
0488,2016,0.84469998
0488,2017,0.84899998
0488,2018,0.85039997
0488,2019,0.84570003
0488,2020,0.83850002
0488,2021,0.84020001
0488,2022,0.85780001
0488,2023,0.85829997
0488,2024,0.85140002
0509,2006,0.7913
0509,2007,0.80369997
0509,2008,0.79030001
0509,2009,0.7572
0509,2010,0.77100003
0509,2011,0.78869998
0509,2012,0.79860002
0509,2013,0.78909999
0509,2014,0.77829999
0509,2015,0.78509998
0509,2016,0.78930002
0509,2017,0.79049999
0509,2018,0.80119997
0509,2019,0.81580001
0509,2020,0.82340002
0509,2021,0.8369
0509,2022,0.84380001
0509,2023,0.84890002
0509,2024,0.8452
0512,2006,0.84600002
0512,2007,0.86180001
0512,2008,0.86089998
0512,2009,0.83170003
0512,2010,0.84490001
0512,2011,0.84289998
0512,2012,0.83950001
0512,2013,0.83399999
0512,2014,0.83139998
0512,2015,0.82950002
0512,2016,0.83749998
0512,2017,0.83649999
0512,2018,0.84680003
0512,2019,0.8319
0512,2020,0.82840002
0512,2021,0.84789997
0512,2022,0.85030001
0512,2023,0.86199999
0512,2024,0.8527
0513,2006,0.82319999
0513,2007,0.82980001
0513,2008,0.82730001
0513,2009,0.80260003
0513,2010,0.8136
0513,2011,0.8294
0513,2012,0.82480001
0513,2013,0.81629997
0513,2014,0.81580001
0513,2015,0.81349999
0513,2016,0.829
0513,2017,0.83579999
0513,2018,0.83569998
0513,2019,0.83999997
0513,2020,0.84030002
0513,2021,0.84429997
0513,2022,0.85070002
0513,2023,0.85879999
0513,2024,0.86210001
0560,2006,0.79229999
0560,2007,0.81089997
0560,2008,0.80790001
0560,2009,0.78600001
0560,2010,0.80229998
0560,2011,0.81580001
0560,2012,0.8046
0560,2013,0.80860001
0560,2014,0.80940002
0560,2015,0.8035
0560,2016,0.81559998
0560,2017,0.81639999
0560,2018,0.82160002
0560,2019,0.82419997
0560,2020,0.82230002
0560,2021,0.83029997
0560,2022,0.85189998
0560,2023,0.847
0560,2024,0.83759999
0561,2006,0.7967
0561,2007,0.81019998
0561,2008,0.80540001
0561,2009,0.7755
0561,2010,0.79879999
0561,2011,0.80309999
0561,2012,0.80870003
0561,2013,0.80629998
0561,2014,0.80229998
0561,2015,0.80599999
0561,2016,0.81650001
0561,2017,0.82410002
0561,2018,0.8247
0561,2019,0.84130001
0561,2020,0.83880001
0561,2021,0.84759998
0561,2022,0.85909998
0561,2023,0.8549
0561,2024,0.85170001
0562,2006,0.79579997
0562,2007,0.80049998
0562,2008,0.79970002
0562,2009,0.77810001
0562,2010,0.79750001
0562,2011,0.80309999
0562,2012,0.80110002
0562,2013,0.78490001
0562,2014,0.76569998
0562,2015,0.77100003
0562,2016,0.78219998
0562,2017,0.79259998
0562,2018,0.79650003
0562,2019,0.7974
0562,2020,0.79809999
0562,2021,0.80659997
0562,2022,0.81660002
0562,2023,0.82190001
0562,2024,0.81569999
0563,2006,0.76810002
0563,2007,0.77679998
0563,2008,0.7762
0563,2009,0.74550003
0563,2010,0.75999999
0563,2011,0.75940001
0563,2012,0.76899999
0563,2013,0.77219999
0563,2014,0.77499998
0563,2015,0.77310002
0563,2016,0.77020001
0563,2017,0.77289999
0563,2018,0.78909999
0563,2019,0.78710002
0563,2020,0.79220003
0563,2021,0.80760002
0563,2022,0.8175
0563,2023,0.80949998
0563,2024,0.80309999
0580,2006,0.7324
0580,2007,0.74229997
0580,2008,0.73750001
0580,2009,0.70550001
0580,2010,0.71719998
0580,2011,0.72390002
0580,2012,0.72719997
0580,2013,0.73189998
0580,2014,0.73629999
0580,2015,0.74809998
0580,2016,0.75849998
0580,2017,0.76090002
0580,2018,0.76109999
0580,2019,0.76630002
0580,2020,0.75559998
0580,2021,0.7658
0580,2022,0.7766
0580,2023,0.78130001
0580,2024,0.77450001
0581,2006,0.72530001
0581,2007,0.73940003
0581,2008,0.73580003
0581,2009,0.71130002
0581,2010,0.72829998
0581,2011,0.73769999
0581,2012,0.7396
0581,2013,0.74040002
0581,2014,0.74080002
0581,2015,0.74900001
0581,2016,0.75620002
0581,2017,0.76490003
0581,2018,0.77450001
0581,2019,0.77530003
0581,2020,0.77100003
0581,2021,0.78530002
0581,2022,0.80059999
0581,2023,0.8039
0581,2024,0.80059999
0582,2006,0.79350001
0582,2007,0.8082
0582,2008,0.81480002
0582,2009,0.7974
0582,2010,0.81050003
0582,2011,0.81739998
0582,2012,0.81650001
0582,2013,0.81720001
0582,2014,0.81580001
0582,2015,0.83170003
0582,2016,0.8344
0582,2017,0.83880001
0582,2018,0.84259999
0582,2019,0.83490002
0582,2020,0.83639997
0582,2021,0.85049999
0582,2022,0.85979998
0582,2023,0.86089998
0582,2024,0.85750002
0583,2006,0.74980003
0583,2007,0.75940001
0583,2008,0.75040001
0583,2009,0.7184
0583,2010,0.72390002
0583,2011,0.73479998
0583,2012,0.73860002
0583,2013,0.74449998
0583,2014,0.74659997
0583,2015,0.75309998
0583,2016,0.76319999
0583,2017,0.77130002
0583,2018,0.77929997
0583,2019,0.78420001
0583,2020,0.78119999
0583,2021,0.79629999
0583,2022,0.81389999
0583,2023,0.81620002
0583,2024,0.81260002
0584,2006,0.78149998
0584,2007,0.78860003
0584,2008,0.787
0584,2009,0.77679998
0584,2010,0.77609998
0584,2011,0.7942
0584,2012,0.7913
0584,2013,0.78759998
0584,2014,0.78740001
0584,2015,0.79960001
0584,2016,0.79979998
0584,2017,0.79750001
0584,2018,0.80540001
0584,2019,0.80849999
0584,2020,0.81260002
0584,2021,0.81720001
0584,2022,0.82800001
0584,2023,0.84780002
0584,2024,0.84460002
0586,2006,0.77929997
0586,2007,0.80220002
0586,2008,0.79869998
0586,2009,0.77380002
0586,2010,0.7834
0586,2011,0.79339999
0586,2012,0.7956
0586,2013,0.79900002
0586,2014,0.80159998
0586,2015,0.80809999
0586,2016,0.82480001
0586,2017,0.82910001
0586,2018,0.829
0586,2019,0.82779998
0586,2020,0.8215
0586,2021,0.8369
0586,2022,0.84680003
0586,2023,0.84890002
0586,2024,0.84350002
0604,2006,0.8283
0604,2007,0.83929998
0604,2008,0.83590001
0604,2009,0.80059999
0604,2010,0.81160003
0604,2011,0.81980002
0604,2012,0.8186
0604,2013,0.8211
0604,2014,0.81620002
0604,2015,0.82080001
0604,2016,0.8272
0604,2017,0.8272
0604,2018,0.83240002
0604,2019,0.82560003
0604,2020,0.82340002
0604,2021,0.83560002
0604,2022,0.8538
0604,2023,0.86129999
0604,2024,0.8592
0617,2006,0.86699998
0617,2007,0.87260002
0617,2008,0.86110002
0617,2009,0.80519998
0617,2010,0.81419998
0617,2011,0.83020002
0617,2012,0.82230002
0617,2013,0.81980002
0617,2014,0.81599998
0617,2015,0.82319999
0617,2016,0.83209997
0617,2017,0.84130001
0617,2018,0.84539998
0617,2019,0.84310001
0617,2020,0.8355
0617,2021,0.85780001
0617,2022,0.86339998
0617,2023,0.8642
0617,2024,0.8527
0642,2006,0.8186
0642,2007,0.82459998
0642,2008,0.8175
0642,2009,0.78740001
0642,2010,0.81099999
0642,2011,0.82190001
0642,2012,0.82190001
0642,2013,0.81849998
0642,2014,0.8197
0642,2015,0.82440001
0642,2016,0.83399999
0642,2017,0.83859998
0642,2018,0.8423
0642,2019,0.84460002
0642,2020,0.84450001
0642,2021,0.84630001
0642,2022,0.86080003
0642,2023,0.86510003
0642,2024,0.85900003
0643,2006,0.8682
0643,2007,0.87180001
0643,2008,0.86449999
0643,2009,0.84289998
0643,2010,0.86070001
0643,2011,0.87290001
0643,2012,0.88029999
0643,2013,0.87239999
0643,2014,0.875
0643,2015,0.88200003
0643,2016,0.88440001
0643,2017,0.88380003
0643,2018,0.89099997
0643,2019,0.8822
0643,2020,0.88029999
0643,2021,0.88510001
0643,2022,0.89499998
0643,2023,0.89590001
0643,2024,0.89609998
0662,2006,0.84030002
0662,2007,0.85290003
0662,2008,0.84179997
0662,2009,0.78460002
0662,2010,0.801
0662,2011,0.81699997
0662,2012,0.81449997
0662,2013,0.81260002
0662,2014,0.8125
0662,2015,0.80290002
0662,2016,0.8118
0662,2017,0.82239997
0662,2018,0.82800001
0662,2019,0.82230002
0662,2020,0.82029998
0662,2021,0.8391
0662,2022,0.84890002
0662,2023,0.84570003
0662,2024,0.83359998
0665,2006,0.84619999
0665,2007,0.85939997
0665,2008,0.84390002
0665,2009,0.796
0665,2010,0.8301
0665,2011,0.83950001
0665,2012,0.83649999
0665,2013,0.8398
0665,2014,0.84100002
0665,2015,0.8477
0665,2016,0.85329998
0665,2017,0.86089998
0665,2018,0.86559999
0665,2019,0.86309999
0665,2020,0.84780002
0665,2021,0.861
0665,2022,0.87
0665,2023,0.86940002
0665,2024,0.86449999
0680,2006,0.7985
0680,2007,0.80879998
0680,2008,0.79900002
0680,2009,0.76950002
0680,2010,0.7859
0680,2011,0.79710001
0680,2012,0.79720002
0680,2013,0.79350001
0680,2014,0.79769999
0680,2015,0.8089
0680,2016,0.8161
0680,2017,0.82029998
0680,2018,0.82340002
0680,2019,0.81440002
0680,2020,0.80360001
0680,2021,0.81440002
0680,2022,0.82639998
0680,2023,0.82410002
0680,2024,0.81449997
0682,2006,0.81819999
0682,2007,0.82380003
0682,2008,0.81370002
0682,2009,0.77509999
0682,2010,0.787
0682,2011,0.79229999
0682,2012,0.78920001
0682,2013,0.78439999
0682,2014,0.78200001
0682,2015,0.78100002
0682,2016,0.79119998
0682,2017,0.80040002
0682,2018,0.80479997
0682,2019,0.79579997
0682,2020,0.7895
0682,2021,0.80790001
0682,2022,0.81870002
0682,2023,0.81480002
0682,2024,0.80800003
0683,2006,0.85890001
0683,2007,0.86930001
0683,2008,0.86519998
0683,2009,0.8075
0683,2010,0.82440001
0683,2011,0.83609998
0683,2012,0.83310002
0683,2013,0.82910001
0683,2014,0.83270001
0683,2015,0.83850002
0683,2016,0.84249997
0683,2017,0.84850001
0683,2018,0.85750002
0683,2019,0.85119998
0683,2020,0.84500003
0683,2021,0.85299999
0683,2022,0.86690003
0683,2023,0.86580002
0683,2024,0.85960001
0684,2006,0.81349999
0684,2007,0.83020002
0684,2008,0.82130003
0684,2009,0.78109998
0684,2010,0.79839998
0684,2011,0.80870003
0684,2012,0.80559999
0684,2013,0.7938
0684,2014,0.78280002
0684,2015,0.79339999
0684,2016,0.80290002
0684,2017,0.81150001
0684,2018,0.81459999
0684,2019,0.80629998
0684,2020,0.79449999
0684,2021,0.80720001
0684,2022,0.82669997
0684,2023,0.8089
0684,2024,0.8003
0685,2006,0.83950001
0685,2007,0.85579997
0685,2008,0.84930003
0685,2009,0.80769998
0685,2010,0.82459998
0685,2011,0.82910001
0685,2012,0.82630002
0685,2013,0.82120001
0685,2014,0.82410002
0685,2015,0.82459998
0685,2016,0.83149999
0685,2017,0.83340001
0685,2018,0.83960003
0685,2019,0.8355
0685,2020,0.82190001
0685,2021,0.83490002
0685,2022,0.8488
0685,2023,0.8427
0685,2024,0.82800001
0686,2006,0.82179999
0686,2007,0.83630002
0686,2008,0.83319998
0686,2009,0.80330002
0686,2010,0.81400001
0686,2011,0.8215
0686,2012,0.81379998
0686,2013,0.80690002
0686,2014,0.80860001
0686,2015,0.80879998
0686,2016,0.81099999
0686,2017,0.80769998
0686,2018,0.81019998
0686,2019,0.81050003
0686,2020,0.80260003
0686,2021,0.80940002
0686,2022,0.82300001
0686,2023,0.8265
0686,2024,0.82059997
0687,2006,0.79930001
0687,2007,0.80650002
0687,2008,0.80699998
0687,2009,0.76310003
0687,2010,0.77280003
0687,2011,0.7766
0687,2012,0.77810001
0687,2013,0.77590001
0687,2014,0.77130002
0687,2015,0.77850002
0687,2016,0.78899997
0687,2017,0.7924
0687,2018,0.79470003
0687,2019,0.79229999
0687,2020,0.7784
0687,2021,0.79879999
0687,2022,0.81730002
0687,2023,0.8294
0687,2024,0.80669999
0760,2006,0.81150001
0760,2007,0.83050001
0760,2008,0.82959998
0760,2009,0.79040003
0760,2010,0.80320001
0760,2011,0.80220002
0760,2012,0.77749997
0760,2013,0.77579999
0760,2014,0.79149997
0760,2015,0.79110003
0760,2016,0.8021
0760,2017,0.81029999
0760,2018,0.81650001
0760,2019,0.80440003
0760,2020,0.78640002
0760,2021,0.80769998
0760,2022,0.81199998
0760,2023,0.80489999
0760,2024,0.80729997
0761,2006,0.80180001
0761,2007,0.80849999
0761,2008,0.79830003
0761,2009,0.7572
0761,2010,0.75230002
0761,2011,0.76450002
0761,2012,0.75520003
0761,2013,0.74089998
0761,2014,0.73150003
0761,2015,0.71869999
0761,2016,0.73049998
0761,2017,0.73930001
0761,2018,0.75330001
0761,2019,0.74949998
0761,2020,0.74540001
0761,2021,0.77329999
0761,2022,0.78939998
0761,2023,0.78479999
0761,2024,0.77939999
0763,2006,0.81779999
0763,2007,0.82410002
0763,2008,0.82029998
0763,2009,0.79100001
0763,2010,0.80110002
0763,2011,0.80980003
0763,2012,0.81040001
0763,2013,0.79790002
0763,2014,0.79750001
0763,2015,0.78070003
0763,2016,0.78500003
0763,2017,0.79170001
0763,2018,0.80220002
0763,2019,0.7938
0763,2020,0.79070002
0763,2021,0.79220003
0763,2022,0.80549997
0763,2023,0.81190002
0763,2024,0.79530001
0764,2006,0.83209997
0764,2007,0.83569998
0764,2008,0.833
0764,2009,0.80089998
0764,2010,0.80110002
0764,2011,0.80610001
0764,2012,0.79970002
0764,2013,0.78850001
0764,2014,0.7881
0764,2015,0.79070002
0764,2016,0.80290002
0764,2017,0.81010002
0764,2018,0.81459999
0764,2019,0.81690001
0764,2020,0.80299997
0764,2021,0.80900002
0764,2022,0.82620001
0764,2023,0.82489997
0764,2024,0.81639999
0765,2006,0.85119998
0765,2007,0.85589999
0765,2008,0.84369999
0765,2009,0.8154
0765,2010,0.82770002
0765,2011,0.83609998
0765,2012,0.82810003
0765,2013,0.82169998
0765,2014,0.82599998
0765,2015,0.81900001
0765,2016,0.81459999
0765,2017,0.8057
0765,2018,0.80559999
0765,2019,0.80919999
0765,2020,0.80119997
0765,2021,0.80919999
0765,2022,0.82480001
0765,2023,0.82660002
0765,2024,0.82370001
0767,2006,0.79509997
0767,2007,0.7931
0767,2008,0.79040003
0767,2009,0.74959999
0767,2010,0.76300001
0767,2011,0.76660001
0767,2012,0.76550001
0767,2013,0.7568
0767,2014,0.76069999
0767,2015,0.75559998
0767,2016,0.75690001
0767,2017,0.7658
0767,2018,0.76950002
0767,2019,0.76840001
0767,2020,0.76520002
0767,2021,0.78719997
0767,2022,0.80430001
0767,2023,0.81629997
0767,2024,0.80970001
0780,2006,0.79180002
0780,2007,0.80119997
0780,2008,0.79430002
0780,2009,0.75520003
0780,2010,0.76779997
0780,2011,0.77749997
0780,2012,0.7766
0780,2013,0.77509999
0780,2014,0.77249998
0780,2015,0.77890003
0780,2016,0.78909999
0780,2017,0.79610002
0780,2018,0.79650003
0780,2019,0.7906
0780,2020,0.78070003
0780,2021,0.79159999
0780,2022,0.80400002
0780,2023,0.80400002
0780,2024,0.79540002
0781,2006,0.84560001
0781,2007,0.852
0781,2008,0.84899998
0781,2009,0.80779999
0781,2010,0.8197
0781,2011,0.82539999
0781,2012,0.8211
0781,2013,0.81489998
0781,2014,0.81550002
0781,2015,0.8215
0781,2016,0.8204
0781,2017,0.82029998
0781,2018,0.82309997
0781,2019,0.82020003
0781,2020,0.81040001
0781,2021,0.82849997
0781,2022,0.83859998
0781,2023,0.84069997
0781,2024,0.83630002
0821,2006,0.74830002
0821,2007,0.75809997
0821,2008,0.74089998
0821,2009,0.70410001
0821,2010,0.7245
0821,2011,0.72409999
0821,2012,0.73320001
0821,2013,0.72259998
0821,2014,0.71920002
0821,2015,0.70999998
0821,2016,0.70370001
0821,2017,0.71319997
0821,2018,0.72439998
0821,2019,0.72500002
0821,2020,0.72479999
0821,2021,0.75830001
0821,2022,0.7536
0821,2023,0.75220001
0821,2024,0.7396
0834,2006,0.78930002
0834,2007,0.80000001
0834,2008,0.7863
0834,2009,0.74309999
0834,2010,0.75910002
0834,2011,0.77359998
0834,2012,0.77060002
0834,2013,0.77420002
0834,2014,0.77759999
0834,2015,0.77209997
0834,2016,0.76279998
0834,2017,0.78100002
0834,2018,0.78979999
0834,2019,0.79149997
0834,2020,0.78780001
0834,2021,0.80110002
0834,2022,0.80729997
0834,2023,0.80500001
0834,2024,0.80510002
0840,2006,0.80629998
0840,2007,0.82249999
0840,2008,0.82410002
0840,2009,0.80830002
0840,2010,0.82380003
0840,2011,0.8265
0840,2012,0.8301
0840,2013,0.8351
0840,2014,0.8427
0840,2015,0.84210002
0840,2016,0.83890003
0840,2017,0.84640002
0840,2018,0.84960002
0840,2019,0.84549999
0840,2020,0.84869999
0840,2021,0.85640001
0840,2022,0.87040001
0840,2023,0.87440002
0840,2024,0.86510003
0860,2006,0.74610001
0860,2007,0.76560003
0860,2008,0.75379997
0860,2009,0.71859998
0860,2010,0.7493
0860,2011,0.7529
0860,2012,0.74650002
0860,2013,0.74699998
0860,2014,0.74589998
0860,2015,0.741
0860,2016,0.7184
0860,2017,0.73449999
0860,2018,0.75379997
0860,2019,0.75919998
0860,2020,0.75620002
0860,2021,0.75880003
0860,2022,0.77640003
0860,2023,0.77649999
0860,2024,0.77450001
0861,2006,0.79350001
0861,2007,0.81309998
0861,2008,0.8168
0861,2009,0.77100003
0861,2010,0.78670001
0861,2011,0.7999
0861,2012,0.79610002
0861,2013,0.79280001
0861,2014,0.78530002
0861,2015,0.79189998
0861,2016,0.7902
0861,2017,0.78820002
0861,2018,0.79509997
0861,2019,0.80010003
0861,2020,0.79110003
0861,2021,0.80849999
0861,2022,0.82230002
0861,2023,0.82550001
0861,2024,0.81950003
0862,2006,0.78600001
0862,2007,0.79939997
0862,2008,0.80000001
0862,2009,0.77029997
0862,2010,0.77600002
0862,2011,0.78899997
0862,2012,0.7802
0862,2013,0.78189999
0862,2014,0.77530003
0862,2015,0.77969998
0862,2016,0.7737
0862,2017,0.78039998
0862,2018,0.77490002
0862,2019,0.76999998
0862,2020,0.76520002
0862,2021,0.78299999
0862,2022,0.78960001
0862,2023,0.79890001
0862,2024,0.79229999
0880,2006,0.76050001
0880,2007,0.77780002
0880,2008,0.77329999
0880,2009,0.74959999
0880,2010,0.76789999
0880,2011,0.77310002
0880,2012,0.77460003
0880,2013,0.77609998
0880,2014,0.77689999
0880,2015,0.78609997
0880,2016,0.79869998
0880,2017,0.80519998
0880,2018,0.8053
0880,2019,0.7999
0880,2020,0.796
0880,2021,0.80549997
0880,2022,0.82169998
0880,2023,0.82059997
0880,2024,0.81099999
0881,2006,0.78039998
0881,2007,0.7895
0881,2008,0.78280002
0881,2009,0.7421
0881,2010,0.76239997
0881,2011,0.76990002
0881,2012,0.76910001
0881,2013,0.7712
0881,2014,0.75980002
0881,2015,0.76480001
0881,2016,0.75440001
0881,2017,0.76609999
0881,2018,0.77770001
0881,2019,0.77880001
0881,2020,0.7809
0881,2021,0.79299998
0881,2022,0.80800003
0881,2023,0.8046
0881,2024,0.7967
0882,2006,0.80680001
0882,2007,0.82059997
0882,2008,0.82279998
0882,2009,0.80049998
0882,2010,0.80839998
0882,2011,0.81529999
0882,2012,0.81209999
0882,2013,0.81910002
0882,2014,0.8186
0882,2015,0.82249999
0882,2016,0.81809998
0882,2017,0.82569999
0882,2018,0.82319999
0882,2019,0.82679999
0882,2020,0.81309998
0882,2021,0.83090001
0882,2022,0.83999997
0882,2023,0.84259999
0882,2024,0.83399999
0883,2006,0.76050001
0883,2007,0.77710003
0883,2008,0.778
0883,2009,0.7464
0883,2010,0.76899999
0883,2011,0.78570002
0883,2012,0.77920002
0883,2013,0.77399999
0883,2014,0.78189999
0883,2015,0.7863
0883,2016,0.78579998
0883,2017,0.79180002
0883,2018,0.79830003
0883,2019,0.79939997
0883,2020,0.79570001
0883,2021,0.81639999
0883,2022,0.83329999
0883,2023,0.83759999
0883,2024,0.83090001
0884,2006,0.81800002
0884,2007,0.8301
0884,2008,0.82560003
0884,2009,0.78680003
0884,2010,0.8071
0884,2011,0.81620002
0884,2012,0.81690001
0884,2013,0.81779999
0884,2014,0.82120001
0884,2015,0.82249999
0884,2016,0.8154
0884,2017,0.82230002
0884,2018,0.82340002
0884,2019,0.83939999
0884,2020,0.82849997
0884,2021,0.84240001
0884,2022,0.85399997
0884,2023,0.861
0884,2024,0.85079998
0885,2006,0.76670003
0885,2007,0.78140002
0885,2008,0.77789998
0885,2009,0.75760001
0885,2010,0.78109998
0885,2011,0.78280002
0885,2012,0.77560002
0885,2013,0.78969997
0885,2014,0.78030002
0885,2015,0.78920001
0885,2016,0.78490001
0885,2017,0.80190003
0885,2018,0.80159998
0885,2019,0.79089999
0885,2020,0.79750001
0885,2021,0.81
0885,2022,0.82630002
0885,2023,0.83719999
0885,2024,0.82520002
0980,2006,0.77209997
0980,2007,0.78369999
0980,2008,0.787
0980,2009,0.7683
0980,2010,0.77999997
0980,2011,0.78710002
0980,2012,0.78750002
0980,2013,0.78969997
0980,2014,0.79339999
0980,2015,0.80080003
0980,2016,0.8057
0980,2017,0.81089997
0980,2018,0.81470001
0980,2019,0.80269998
0980,2020,0.79979998
0980,2021,0.81129998
0980,2022,0.8222
0980,2023,0.82980001
0980,2024,0.82249999
1060,2006,0.77319998
1060,2007,0.78200001
1060,2008,0.75629997
1060,2009,0.6983
1060,2010,0.73000002
1060,2011,0.75129998
1060,2012,0.74760002
1060,2013,0.75120002
1060,2014,0.74419999
1060,2015,0.75550002
1060,2016,0.76440001
1060,2017,0.78289998
1060,2018,0.7798
1060,2019,0.77240002
1060,2020,0.76520002
1060,2021,0.77020001
1060,2022,0.787
1060,2023,0.78869998
1060,2024,0.77270001
1080,2006,0.77819997
1080,2007,0.78049999
1080,2008,0.7694
1080,2009,0.74199998
1080,2010,0.7428
1080,2011,0.74739999
1080,2012,0.75980002
1080,2013,0.76209998
1080,2014,0.76550001
1080,2015,0.76239997
1080,2016,0.7712
1080,2017,0.78329998
1080,2018,0.78909999
1080,2019,0.7881
1080,2020,0.78420001
1080,2021,0.79619998
1080,2022,0.81440002
1080,2023,0.82709998
1080,2024,0.82410002
1081,2006,0.75599998
1081,2007,0.76899999
1081,2008,0.75910002
1081,2009,0.72109997
1081,2010,0.72960001
1081,2011,0.75190002
1081,2012,0.75
1081,2013,0.75660002
1081,2014,0.7511
1081,2015,0.7378
1081,2016,0.75040001
1081,2017,0.75129998
1081,2018,0.75650001
1081,2019,0.75700003
1081,2020,0.75690001
1081,2021,0.77240002
1081,2022,0.78369999
1081,2023,0.7949
1081,2024,0.78039998
1082,2006,0.77389997
1082,2007,0.78039998
1082,2008,0.77579999
1082,2009,0.74529999
1082,2010,0.75700003
1082,2011,0.76599997
1082,2012,0.7626
1082,2013,0.76029998
1082,2014,0.76639998
1082,2015,0.76670003
1082,2016,0.78079998
1082,2017,0.7906
1082,2018,0.79189998
1082,2019,0.78759998
1082,2020,0.7809
1082,2021,0.79299998
1082,2022,0.8118
1082,2023,0.8154
1082,2024,0.80860001
1083,2006,0.7784
1083,2007,0.78420001
1083,2008,0.7773
1083,2009,0.73580003
1083,2010,0.7543
1083,2011,0.7683
1083,2012,0.76819998
1083,2013,0.77340001
1083,2014,0.77560002
1083,2015,0.78460002
1083,2016,0.79259998
1083,2017,0.80680001
1083,2018,0.80769998
1083,2019,0.80449998
1083,2020,0.80540001
1083,2021,0.81690001
1083,2022,0.8319
1083,2023,0.83350003
1083,2024,0.8247
1214,2006,0.77350003
1214,2007,0.7823
1214,2008,0.7798
1214,2009,0.75040001
1214,2010,0.76029998
1214,2011,0.76300001
1214,2012,0.76120001
1214,2013,0.76109999
1214,2014,0.76620001
1214,2015,0.76950002
1214,2016,0.7737
1214,2017,0.78200001
1214,2018,0.79320002
1214,2019,0.79400003
1214,2020,0.7956
1214,2021,0.80900002
1214,2022,0.81879997
1214,2023,0.81819999
1214,2024,0.81440002
1230,2006,0.82130003
1230,2007,0.82990003
1230,2008,0.8251
1230,2009,0.80659997
1230,2010,0.81699997
1230,2011,0.81989998
1230,2012,0.8251
1230,2013,0.82709998
1230,2014,0.8283
1230,2015,0.83530003
1230,2016,0.84140003
1230,2017,0.84149998
1230,2018,0.84579998
1230,2019,0.85149997
1230,2020,0.84210002
1230,2021,0.8495
1230,2022,0.87019998
1230,2023,0.87199998
1230,2024,0.8671
1231,2006,0.71460003
1231,2007,0.72299999
1231,2008,0.71460003
1231,2009,0.68660003
1231,2010,0.68529999
1231,2011,0.69499999
1231,2012,0.7022
1231,2013,0.7069
1231,2014,0.70599997
1231,2015,0.71200001
1231,2016,0.72109997
1231,2017,0.72960001
1231,2018,0.72970003
1231,2019,0.73890001
1231,2020,0.7306
1231,2021,0.74400002
1231,2022,0.77160001
1231,2023,0.77240002
1231,2024,0.76359999
1233,2006,0.80510002
1233,2007,0.81050003
1233,2008,0.80260003
1233,2009,0.78420001
1233,2010,0.79629999
1233,2011,0.8028
1233,2012,0.80769998
1233,2013,0.80620003
1233,2014,0.80680001
1233,2015,0.81050003
1233,2016,0.81550002
1233,2017,0.82090002
1233,2018,0.82080001
1233,2019,0.8186
1233,2020,0.81419998
1233,2021,0.82059997
1233,2022,0.86500001
1233,2023,0.86470002
1233,2024,0.86089998
1256,2006,0.78649998
1256,2007,0.79790002
1256,2008,0.78500003
1256,2009,0.73629999
1256,2010,0.75099999
1256,2011,0.75660002
1256,2012,0.75389999
1256,2013,0.7464
1256,2014,0.74299997
1256,2015,0.73949999
1256,2016,0.72939998
1256,2017,0.72960001
1256,2018,0.74000001
1256,2019,0.745
1256,2020,0.74900001
1256,2021,0.759
1256,2022,0.78289998
1256,2023,0.7863
1256,2024,0.77749997
1257,2006,0.76550001
1257,2007,0.77340001
1257,2008,0.76310003
1257,2009,0.72820002
1257,2010,0.73369998
1257,2011,0.74580002
1257,2012,0.74849999
1257,2013,0.74959999
1257,2014,0.74919999
1257,2015,0.74370003
1257,2016,0.75489998
1257,2017,0.76270002
1257,2018,0.77289999
1257,2019,0.77160001
1257,2020,0.76920003
1257,2021,0.78670001
1257,2022,0.81770003
1257,2023,0.8071
1257,2024,0.79360002
1260,2006,0.73710001
1260,2007,0.74409997
1260,2008,0.7313
1260,2009,0.6972
1260,2010,0.70230001
1260,2011,0.71740001
1260,2012,0.71649998
1260,2013,0.72619998
1260,2014,0.72759998
1260,2015,0.73860002
1260,2016,0.74900001
1260,2017,0.7493
1260,2018,0.74650002
1260,2019,0.74959999
1260,2020,0.74839997
1260,2021,0.76190001
1260,2022,0.78049999
1260,2023,0.78759998
1260,2024,0.77530003
1261,2006,0.83340001
1261,2007,0.83880001
1261,2008,0.8337
1261,2009,0.81419998
1261,2010,0.824
1261,2011,0.83060002
1261,2012,0.8362
1261,2013,0.83530003
1261,2014,0.83649999
1261,2015,0.84289998
1261,2016,0.84429997
1261,2017,0.84859997
1261,2018,0.8502
1261,2019,0.85049999
1261,2020,0.84469998
1261,2021,0.8524
1261,2022,0.87410003
1261,2023,0.8714
1261,2024,0.86110002
1262,2006,0.82920003
1262,2007,0.8409
1262,2008,0.8391
1262,2009,0.82300001
1262,2010,0.83340001
1262,2011,0.8405
1262,2012,0.84439999
1262,2013,0.8427
1262,2014,0.84450001
1262,2015,0.84789997
1262,2016,0.85159999
1262,2017,0.85299999
1262,2018,0.85070002
1262,2019,0.84069997
1262,2020,0.84289998
1262,2021,0.84909999
1262,2022,0.8696
1262,2023,0.86619997
1262,2024,0.86409998
1263,2006,0.82279998
1263,2007,0.83200002
1263,2008,0.82380003
1263,2009,0.80830002
1263,2010,0.8265
1263,2011,0.8344
1263,2012,0.8362
1263,2013,0.83139998
1263,2014,0.82929999
1263,2015,0.84020001
1263,2016,0.84249997
1263,2017,0.84609997
1263,2018,0.84549999
1263,2019,0.84960002
1263,2020,0.8423
1263,2021,0.84909999
1263,2022,0.87629998
1263,2023,0.87900001
1263,2024,0.87639999
1264,2006,0.76800001
1264,2007,0.77429998
1264,2008,0.76620001
1264,2009,0.74529999
1264,2010,0.76109999
1264,2011,0.76920003
1264,2012,0.77170002
1264,2013,0.77060002
1264,2014,0.77700001
1264,2015,0.78219998
1264,2016,0.79070002
1264,2017,0.79830003
1264,2018,0.8039
1264,2019,0.8028
1264,2020,0.79879999
1264,2021,0.80860001
1264,2022,0.83670002
1264,2023,0.83139998
1264,2024,0.82620001
1265,2006,0.77219999
1265,2007,0.77819997
1265,2008,0.78689998
1265,2009,0.76249999
1265,2010,0.77969998
1265,2011,0.79170001
1265,2012,0.79430002
1265,2013,0.79460001
1265,2014,0.79750001
1265,2015,0.80199999
1265,2016,0.80760002
1265,2017,0.81089997
1265,2018,0.81339997
1265,2019,0.8204
1265,2020,0.81580001
1265,2021,0.82389998
1265,2022,0.83850002
1265,2023,0.83759999
1265,2024,0.83459997
1266,2006,0.7798
1266,2007,0.79259998
1266,2008,0.78430003
1266,2009,0.76419997
1266,2010,0.78189999
1266,2011,0.79149997
1266,2012,0.79650003
1266,2013,0.79220003
1266,2014,0.79509997
1266,2015,0.79860002
1266,2016,0.80360001
1266,2017,0.80510002
1266,2018,0.80739999
1266,2019,0.81339997
1266,2020,0.80790001
1266,2021,0.81300002
1266,2022,0.82849997
1266,2023,0.83279997
1266,2024,0.82099998
1267,2006,0.78200001
1267,2007,0.79369998
1267,2008,0.79449999
1267,2009,0.77149999
1267,2010,0.78119999
1267,2011,0.79180002
1267,2012,0.79439998
1267,2013,0.79299998
1267,2014,0.79549998
1267,2015,0.80860001
1267,2016,0.81449997
1267,2017,0.8125
1267,2018,0.80879998
1267,2019,0.8154
1267,2020,0.81309998
1267,2021,0.8276
1267,2022,0.84350002
1267,2023,0.84549999
1267,2024,0.83639997
1270,2006,0.77319998
1270,2007,0.77310002
1270,2008,0.76450002
1270,2009,0.74239999
1270,2010,0.76029998
1270,2011,0.77770001
1270,2012,0.77950001
1270,2013,0.7784
1270,2014,0.7827
1270,2015,0.78829998
1270,2016,0.78979999
1270,2017,0.7899
1270,2018,0.7877
1270,2019,0.79259998
1270,2020,0.7863
1270,2021,0.79530001
1270,2022,0.80830002
1270,2023,0.80940002
1270,2024,0.80779999
1272,2006,0.79519999
1272,2007,0.79210001
1272,2008,0.77960002
1272,2009,0.73689997
1272,2010,0.75819999
1272,2011,0.7622
1272,2012,0.7626
1272,2013,0.75870001
1272,2014,0.75749999
1272,2015,0.77359998
1272,2016,0.7852
1272,2017,0.79210001
1272,2018,0.79519999
1272,2019,0.79839998
1272,2020,0.79320002
1272,2021,0.79970002
1272,2022,0.81120002
1272,2023,0.81339997
1272,2024,0.79339999
1273,2006,0.80190003
1273,2007,0.81239998
1273,2008,0.7902
1273,2009,0.75010002
1273,2010,0.76590002
1273,2011,0.78070003
1273,2012,0.77719998
1273,2013,0.76849997
1273,2014,0.77389997
1273,2015,0.7791
1273,2016,0.78500003
1273,2017,0.79519999
1273,2018,0.79860002
1273,2019,0.80419999
1273,2020,0.7942
1273,2021,0.79769999
1273,2022,0.81529999
1273,2023,0.81260002
1273,2024,0.80440003
1275,2006,0.73110002
1275,2007,0.73329997
1275,2008,0.71799999
1275,2009,0.68010002
1275,2010,0.68000001
1275,2011,0.68169999
1275,2012,0.68129998
1275,2013,0.6893
1275,2014,0.67809999
1275,2015,0.68870002
1275,2016,0.69370002
1275,2017,0.70709997
1275,2018,0.70300001
1275,2019,0.69630003
1275,2020,0.6947
1275,2021,0.71139997
1275,2022,0.73339999
1275,2023,0.72780001
1275,2024,0.71259999
1276,2006,0.741
1276,2007,0.75080001
1276,2008,0.73940003
1276,2009,0.70520002
1276,2010,0.72320002
1276,2011,0.73290002
1276,2012,0.7353
1276,2013,0.73449999
1276,2014,0.73869997
1276,2015,0.7482
1276,2016,0.75520003
1276,2017,0.75800002
1276,2018,0.76459998
1276,2019,0.76590002
1276,2020,0.76440001
1276,2021,0.77380002
1276,2022,0.78869998
1276,2023,0.79470003
1276,2024,0.78359997
1277,2006,0.74239999
1277,2007,0.75440001
1277,2008,0.74449998
1277,2009,0.71130002
1277,2010,0.71619999
1277,2011,0.73070002
1277,2012,0.72229999
1277,2013,0.72500002
1277,2014,0.72899997
1277,2015,0.74309999
1277,2016,0.74309999
1277,2017,0.74860001
1277,2018,0.7586
1277,2019,0.76279998
1277,2020,0.75440001
1277,2021,0.77380002
1277,2022,0.78479999
1277,2023,0.78369999
1277,2024,0.77810001
1278,2006,0.78350002
1278,2007,0.80379999
1278,2008,0.7967
1278,2009,0.7748
1278,2010,0.78860003
1278,2011,0.79339999
1278,2012,0.787
1278,2013,0.78829998
1278,2014,0.78369999
1278,2015,0.78920001
1278,2016,0.79159999
1278,2017,0.79280001
1278,2018,0.79579997
1278,2019,0.79759997
1278,2020,0.79619998
1278,2021,0.81190002
1278,2022,0.82520002
1278,2023,0.82679999
1278,2024,0.82270002
1280,2006,0.63940001
1280,2007,0.64459997
1280,2008,0.63660002
1280,2009,0.60769999
1280,2010,0.62040001
1280,2011,0.6311
1280,2012,0.63620001
1280,2013,0.64029998
1280,2014,0.64749998
1280,2015,0.65890002
1280,2016,0.6688
1280,2017,0.6728
1280,2018,0.67760003
1280,2019,0.68589997
1280,2020,0.67830002
1280,2021,0.69849998
1280,2022,0.7489
1280,2023,0.74809998
1280,2024,0.74629998
1281,2006,0.69419998
1281,2007,0.70670003
1281,2008,0.69300002
1281,2009,0.66119999
1281,2010,0.67299998
1281,2011,0.67320001
1281,2012,0.67720002
1281,2013,0.67559999
1281,2014,0.67110002
1281,2015,0.68080002
1281,2016,0.68940002
1281,2017,0.69069999
1281,2018,0.68660003
1281,2019,0.69169998
1281,2020,0.6778
1281,2021,0.6857
1281,2022,0.70300001
1281,2023,0.70240003
1281,2024,0.69050002
1282,2006,0.67250001
1282,2007,0.6864
1282,2008,0.67750001
1282,2009,0.64300001
1282,2010,0.65740001
1282,2011,0.67339998
1282,2012,0.67769998
1282,2013,0.6749
1282,2014,0.68080002
1282,2015,0.68730003
1282,2016,0.70179999
1282,2017,0.71170002
1282,2018,0.72689998
1282,2019,0.73329997
1282,2020,0.7353
1282,2021,0.75190002
1282,2022,0.77789998
1282,2023,0.78100002
1282,2024,0.76810002
1283,2006,0.73100001
1283,2007,0.73909998
1283,2008,0.72970003
1283,2009,0.70099998
1283,2010,0.7119
1283,2011,0.71820003
1283,2012,0.7166
1283,2013,0.71850002
1283,2014,0.72170001
1283,2015,0.727
1283,2016,0.73869997
1283,2017,0.74070001
1283,2018,0.745
1283,2019,0.74360001
1283,2020,0.73830003
1283,2021,0.75169998
1283,2022,0.7748
1283,2023,0.77109998
1283,2024,0.76630002
1284,2006,0.79049999
1284,2007,0.80070001
1284,2008,0.79339999
1284,2009,0.77109998
1284,2010,0.78469998
1284,2011,0.79229999
1284,2012,0.80080003
1284,2013,0.80400002
1284,2014,0.80250001
1284,2015,0.80419999
1284,2016,0.80400002
1284,2017,0.81190002
1284,2018,0.81050003
1284,2019,0.80119997
1284,2020,0.80330002
1284,2021,0.8179
1284,2022,0.8369
1284,2023,0.84200001
1284,2024,0.83329999
1285,2006,0.77890003
1285,2007,0.79089999
1285,2008,0.78539997
1285,2009,0.75629997
1285,2010,0.76599997
1285,2011,0.77280003
1285,2012,0.77819997
1285,2013,0.77890003
1285,2014,0.778
1285,2015,0.77990001
1285,2016,0.78899997
1285,2017,0.7877
1285,2018,0.78909999
1285,2019,0.79369998
1285,2020,0.78560001
1285,2021,0.7967
1285,2022,0.81660002
1285,2023,0.8132
1285,2024,0.80589998
1286,2006,0.79030001
1286,2007,0.79710001
1286,2008,0.79589999
1286,2009,0.77600002
1286,2010,0.78740001
1286,2011,0.7985
1286,2012,0.80369997
1286,2013,0.80449998
1286,2014,0.80940002
1286,2015,0.81639999
1286,2016,0.81699997
1286,2017,0.81950003
1286,2018,0.81940001
1286,2019,0.82029998
1286,2020,0.82319999
1286,2021,0.8272
1286,2022,0.8484
1286,2023,0.8484
1286,2024,0.84299999
1287,2006,0.76359999
1287,2007,0.77490002
1287,2008,0.76779997
1287,2009,0.74309999
1287,2010,0.75690001
1287,2011,0.76370001
1287,2012,0.76569998
1287,2013,0.76560003
1287,2014,0.76620001
1287,2015,0.76599997
1287,2016,0.77770001
1287,2017,0.78560001
1287,2018,0.79170001
1287,2019,0.79210001
1287,2020,0.78200001
1287,2021,0.79369998
1287,2022,0.81919998
1287,2023,0.81900001
1287,2024,0.81529999
1290,2006,0.76560003
1290,2007,0.773
1290,2008,0.76190001
1290,2009,0.73019999
1290,2010,0.74190003
1290,2011,0.7511
1290,2012,0.74669999
1290,2013,0.74529999
1290,2014,0.7471
1290,2015,0.75480002
1290,2016,0.76569998
1290,2017,0.77219999
1290,2018,0.77469999
1290,2019,0.77490002
1290,2020,0.77029997
1290,2021,0.77850002
1290,2022,0.79540002
1290,2023,0.7974
1290,2024,0.79000002
1291,2006,0.75980002
1291,2007,0.76700002
1291,2008,0.76910001
1291,2009,0.74370003
1291,2010,0.75370002
1291,2011,0.764
1291,2012,0.76429999
1291,2013,0.759
1291,2014,0.75849998
1291,2015,0.77100003
1291,2016,0.76010001
1291,2017,0.77240002
1291,2018,0.77679998
1291,2019,0.77520001
1291,2020,0.78060001
1291,2021,0.78839999
1291,2022,0.8035
1291,2023,0.8075
1291,2024,0.80150002
1292,2006,0.80040002
1292,2007,0.81330001
1292,2008,0.81150001
1292,2009,0.792
1292,2010,0.80010003
1292,2011,0.81010002
1292,2012,0.80919999
1292,2013,0.80690002
1292,2014,0.80860001
1292,2015,0.815
1292,2016,0.82200003
1292,2017,0.82440001
1292,2018,0.83060002
1292,2019,0.82480001
1292,2020,0.82520002
1292,2021,0.83670002
1292,2022,0.85119998
1292,2023,0.8513
1292,2024,0.84810001
1293,2006,0.77719998
1293,2007,0.78179997
1293,2008,0.7748
1293,2009,0.74690002
1293,2010,0.75309998
1293,2011,0.75880003
1293,2012,0.75480002
1293,2013,0.75510001
1293,2014,0.75989997
1293,2015,0.7658
1293,2016,0.7744
1293,2017,0.77700001
1293,2018,0.77880001
1293,2019,0.77990001
1293,2020,0.77410001
1293,2021,0.78369999
1293,2022,0.79589999
1293,2023,0.79860002
1293,2024,0.78719997
1315,2006,0.82959998
1315,2007,0.83840001
1315,2008,0.83149999
1315,2009,0.78680003
1315,2010,0.80190003
1315,2011,0.81220001
1315,2012,0.80900002
1315,2013,0.79159999
1315,2014,0.77109998
1315,2015,0.76429999
1315,2016,0.76520002
1315,2017,0.77899998
1315,2018,0.78890002
1315,2019,0.7834
1315,2020,0.7744
1315,2021,0.78920001
1315,2022,0.81309998
1315,2023,0.81279999
1315,2024,0.79820001
1380,2006,0.77499998
1380,2007,0.7899
1380,2008,0.78479999
1380,2009,0.74919999
1380,2010,0.76590002
1380,2011,0.77270001
1380,2012,0.77530003
1380,2013,0.77219999
1380,2014,0.77179998
1380,2015,0.77590001
1380,2016,0.7881
1380,2017,0.79619998
1380,2018,0.79890001
1380,2019,0.79250002
1380,2020,0.78210002
1380,2021,0.79619998
1380,2022,0.8114
1380,2023,0.81269997
1380,2024,0.80119997
1381,2006,0.79909998
1381,2007,0.80790001
1381,2008,0.80339998
1381,2009,0.77530003
1381,2010,0.7938
1381,2011,0.80599999
1381,2012,0.80430001
1381,2013,0.7956
1381,2014,0.79640001
1381,2015,0.8028
1381,2016,0.80379999
1381,2017,0.80949998
1381,2018,0.81410003
1381,2019,0.80970001
1381,2020,0.8118
1381,2021,0.82020003
1381,2022,0.83850002
1381,2023,0.84359998
1381,2024,0.83289999
1382,2006,0.81330001
1382,2007,0.82279998
1382,2008,0.81950003
1382,2009,0.79369998
1382,2010,0.80519998
1382,2011,0.8197
1382,2012,0.82419997
1382,2013,0.81629997
1382,2014,0.81559998
1382,2015,0.81529999
1382,2016,0.81370002
1382,2017,0.82419997
1382,2018,0.83060002
1382,2019,0.83200002
1382,2020,0.81699997
1382,2021,0.8319
1382,2022,0.84320003
1382,2023,0.84399998
1382,2024,0.84009999
1383,2006,0.82370001
1383,2007,0.8391
1383,2008,0.83600003
1383,2009,0.81449997
1383,2010,0.82529998
1383,2011,0.83579999
1383,2012,0.83890003
1383,2013,0.8355
1383,2014,0.83969998
1383,2015,0.84500003
1383,2016,0.8488
1383,2017,0.85460001
1383,2018,0.85869998
1383,2019,0.85439998
1383,2020,0.84450001
1383,2021,0.8563
1383,2022,0.86809999
1383,2023,0.87150002
1383,2024,0.86220002
1384,2006,0.84689999
1384,2007,0.85640001
1384,2008,0.85680002
1384,2009,0.83710003
1384,2010,0.84369999
1384,2011,0.85500002
1384,2012,0.8581
1384,2013,0.85900003
1384,2014,0.86070001
1384,2015,0.86940002
1384,2016,0.87629998
1384,2017,0.87760001
1384,2018,0.87330002
1384,2019,0.86790001
1384,2020,0.86180001
1384,2021,0.87
1384,2022,0.88679999
1384,2023,0.8865
1384,2024,0.87879997
1401,2006,0.8326
1401,2007,0.84640002
1401,2008,0.84619999
1401,2009,0.82179999
1401,2010,0.838
1401,2011,0.84549999
1401,2012,0.84939998
1401,2013,0.85039997
1401,2014,0.84979999
1401,2015,0.85540003
1401,2016,0.8635
1401,2017,0.86650002
1401,2018,0.86809999
1401,2019,0.861
1401,2020,0.85299999
1401,2021,0.86290002
1401,2022,0.87379998
1401,2023,0.87300003
1401,2024,0.8678
1402,2006,0.81099999
1402,2007,0.82120001
1402,2008,0.82260001
1402,2009,0.79089999
1402,2010,0.80159998
1402,2011,0.81279999
1402,2012,0.8161
1402,2013,0.8186
1402,2014,0.82120001
1402,2015,0.82910001
1402,2016,0.83819997
1402,2017,0.83929998
1402,2018,0.83880001
1402,2019,0.83050001
1402,2020,0.82010001
1402,2021,0.82779998
1402,2022,0.84380001
1402,2023,0.85049999
1402,2024,0.84069997
1407,2006,0.8441
1407,2007,0.84719998
1407,2008,0.84909999
1407,2009,0.82249999
1407,2010,0.83050001
1407,2011,0.8391
1407,2012,0.84399998
1407,2013,0.84939998
1407,2014,0.84759998
1407,2015,0.8581
1407,2016,0.86159998
1407,2017,0.86449999
1407,2018,0.85720003
1407,2019,0.85820001
1407,2020,0.84859997
1407,2021,0.8524
1407,2022,0.87010002
1407,2023,0.86879998
1407,2024,0.88059998
1415,2006,0.8247
1415,2007,0.8326
1415,2008,0.83539999
1415,2009,0.81480002
1415,2010,0.82560003
1415,2011,0.83759999
1415,2012,0.84130001
1415,2013,0.8466
1415,2014,0.84920001
1415,2015,0.8477
1415,2016,0.85540003
1415,2017,0.861
1415,2018,0.86220002
1415,2019,0.85500002
1415,2020,0.84729999
1415,2021,0.85960001
1415,2022,0.87370002
1415,2023,0.87720001
1415,2024,0.86629999
1419,2006,0.82099998
1419,2007,0.82730001
1419,2008,0.82440001
1419,2009,0.80629998
1419,2010,0.82609999
1419,2011,0.83469999
1419,2012,0.83380002
1419,2013,0.83530003
1419,2014,0.84020001
1419,2015,0.83420002
1419,2016,0.8549
1419,2017,0.85869998
1419,2018,0.85939997
1419,2019,0.84890002
1419,2020,0.84149998
1419,2021,0.85350001
1419,2022,0.86750001
1419,2023,0.86750001
1419,2024,0.8635
1421,2006,0.81110001
1421,2007,0.82099998
1421,2008,0.81330001
1421,2009,0.79229999
1421,2010,0.80779999
1421,2011,0.81849998
1421,2012,0.82020003
1421,2013,0.81959999
1421,2014,0.8186
1421,2015,0.8179
1421,2016,0.82639998
1421,2017,0.83230001
1421,2018,0.833
1421,2019,0.82920003
1421,2020,0.82309997
1421,2021,0.83329999
1421,2022,0.84680003
1421,2023,0.85250002
1421,2024,0.84530002
1427,2006,0.78359997
1427,2007,0.79339999
1427,2008,0.79449999
1427,2009,0.7791
1427,2010,0.78960001
1427,2011,0.8039
1427,2012,0.80540001
1427,2013,0.79830003
1427,2014,0.79610002
1427,2015,0.80989999
1427,2016,0.81919998
1427,2017,0.82179999
1427,2018,0.82489997
1427,2019,0.81370002
1427,2020,0.81160003
1427,2021,0.81870002
1427,2022,0.85089999
1427,2023,0.8624
1427,2024,0.84780002
1430,2006,0.78350002
1430,2007,0.78320003
1430,2008,0.78030002
1430,2009,0.75029999
1430,2010,0.76139998
1430,2011,0.77060002
1430,2012,0.78299999
1430,2013,0.78460002
1430,2014,0.7841
1430,2015,0.7902
1430,2016,0.79750001
1430,2017,0.80440003
1430,2018,0.80400002
1430,2019,0.80190003
1430,2020,0.79000002
1430,2021,0.80699998
1430,2022,0.83700001
1430,2023,0.83950001
1430,2024,0.83679998
1435,2006,0.78280002
1435,2007,0.7978
1435,2008,0.79000002
1435,2009,0.7615
1435,2010,0.77770001
1435,2011,0.78609997
1435,2012,0.79180002
1435,2013,0.78890002
1435,2014,0.78969997
1435,2015,0.79949999
1435,2016,0.80190003
1435,2017,0.79860002
1435,2018,0.80229998
1435,2019,0.8057
1435,2020,0.79449999
1435,2021,0.81230003
1435,2022,0.84859997
1435,2023,0.85030001
1435,2024,0.84640002
1438,2006,0.7396
1438,2007,0.75389999
1438,2008,0.75169998
1438,2009,0.71859998
1438,2010,0.7367
1438,2011,0.741
1438,2012,0.74330002
1438,2013,0.74980003
1438,2014,0.74239999
1438,2015,0.75459999
1438,2016,0.755
1438,2017,0.7773
1438,2018,0.78960001
1438,2019,0.77859998
1438,2020,0.78179997
1438,2021,0.78939998
1438,2022,0.81239998
1438,2023,0.81650001
1438,2024,0.8308
1439,2006,0.79100001
1439,2007,0.79750001
1439,2008,0.79259998
1439,2009,0.7518
1439,2010,0.76380002
1439,2011,0.77780002
1439,2012,0.78369999
1439,2013,0.78009999
1439,2014,0.77530003
1439,2015,0.78780001
1439,2016,0.78839999
1439,2017,0.8057
1439,2018,0.7999
1439,2019,0.79100001
1439,2020,0.7816
1439,2021,0.79400003
1439,2022,0.81459999
1439,2023,0.81840003
1439,2024,0.81129998
1440,2006,0.81110001
1440,2007,0.82270002
1440,2008,0.82099998
1440,2009,0.7938
1440,2010,0.80449998
1440,2011,0.81980002
1440,2012,0.82380003
1440,2013,0.82169998
1440,2014,0.82130003
1440,2015,0.8308
1440,2016,0.8434
1440,2017,0.85030001
1440,2018,0.84990001
1440,2019,0.84810001
1440,2020,0.83459997
1440,2021,0.84939998
1440,2022,0.86650002
1440,2023,0.8664
1440,2024,0.85659999
1441,2006,0.83660001
1441,2007,0.84960002
1441,2008,0.85350001
1441,2009,0.82990003
1441,2010,0.84219998
1441,2011,0.84850001
1441,2012,0.8545
1441,2013,0.85509998
1441,2014,0.85860002
1441,2015,0.8671
1441,2016,0.87129998
1441,2017,0.87129998
1441,2018,0.87150002
1441,2019,0.86449999
1441,2020,0.85650003
1441,2021,0.86739999
1441,2022,0.88520002
1441,2023,0.88749999
1441,2024,0.8818
1442,2006,0.82810003
1442,2007,0.83179998
1442,2008,0.82590002
1442,2009,0.80049998
1442,2010,0.81470001
1442,2011,0.82130003
1442,2012,0.82690001
1442,2013,0.82389998
1442,2014,0.8233
1442,2015,0.83240002
1442,2016,0.83780003
1442,2017,0.8448
1442,2018,0.84539998
1442,2019,0.84539998
1442,2020,0.83450001
1442,2021,0.84680003
1442,2022,0.85860002
1442,2023,0.86110002
1442,2024,0.85680002
1443,2006,0.84280002
1443,2007,0.8581
1443,2008,0.84990001
1443,2009,0.82020003
1443,2010,0.83139998
1443,2011,0.84490001
1443,2012,0.84649998
1443,2013,0.84429997
1443,2014,0.8502
1443,2015,0.85089999
1443,2016,0.86269999
1443,2017,0.86269999
1443,2018,0.8689
1443,2019,0.86110002
1443,2020,0.85210001
1443,2021,0.87419999
1443,2022,0.8854
1443,2023,0.88609999
1443,2024,0.87970001
1444,2006,0.82770002
1444,2007,0.82950002
1444,2008,0.81840003
1444,2009,0.78380001
1444,2010,0.79799998
1444,2011,0.80070001
1444,2012,0.80680001
1444,2013,0.80269998
1444,2014,0.80659997
1444,2015,0.8215
1444,2016,0.82840002
1444,2017,0.83609998
1444,2018,0.83749998
1444,2019,0.83890003
1444,2020,0.83520001
1444,2021,0.83749998
1444,2022,0.86189997
1444,2023,0.86040002
1444,2024,0.85100001
1445,2006,0.82730001
1445,2007,0.83859998
1445,2008,0.83350003
1445,2009,0.7906
1445,2010,0.80720001
1445,2011,0.80930001
1445,2012,0.80849999
1445,2013,0.81120002
1445,2014,0.80190003
1445,2015,0.81269997
1445,2016,0.82010001
1445,2017,0.83329999
1445,2018,0.82859999
1445,2019,0.82340002
1445,2020,0.8143
1445,2021,0.8233
1445,2022,0.84310001
1445,2023,0.84009999
1445,2024,0.83719999
1446,2006,0.78539997
1446,2007,0.8039
1446,2008,0.80220002
1446,2009,0.78200001
1446,2010,0.79390001
1446,2011,0.8046
1446,2012,0.81889999
1446,2013,0.81889999
1446,2014,0.8114
1446,2015,0.80980003
1446,2016,0.80699998
1446,2017,0.82309997
1446,2018,0.83780003
1446,2019,0.81029999
1446,2020,0.80540001
1446,2021,0.81770003
1446,2022,0.82599998
1446,2023,0.82029998
1446,2024,0.82969999
1447,2006,0.74470001
1447,2007,0.75379997
1447,2008,0.7392
1447,2009,0.71100003
1447,2010,0.72189999
1447,2011,0.74119997
1447,2012,0.73089999
1447,2013,0.7324
1447,2014,0.72839999
1447,2015,0.72549999
1447,2016,0.72549999
1447,2017,0.73809999
1447,2018,0.75089997
1447,2019,0.75779998
1447,2020,0.75349998
1447,2021,0.76419997
1447,2022,0.77590001
1447,2023,0.77200001
1447,2024,0.75569999
1452,2006,0.8585
1452,2007,0.86650002
1452,2008,0.8592
1452,2009,0.8233
1452,2010,0.84200001
1452,2011,0.84380001
1452,2012,0.84280002
1452,2013,0.83350003
1452,2014,0.8326
1452,2015,0.83960003
1452,2016,0.83999997
1452,2017,0.84609997
1452,2018,0.84450001
1452,2019,0.8326
1452,2020,0.84289998
1452,2021,0.85119998
1452,2022,0.86449999
1452,2023,0.8545
1452,2024,0.8549
1460,2006,0.73100001
1460,2007,0.73820001
1460,2008,0.73409998
1460,2009,0.71160001
1460,2010,0.72600001
1460,2011,0.74669999
1460,2012,0.74150002
1460,2013,0.73559999
1460,2014,0.72899997
1460,2015,0.72729999
1460,2016,0.71630001
1460,2017,0.73159999
1460,2018,0.7482
1460,2019,0.74620003
1460,2020,0.73000002
1460,2021,0.74610001
1460,2022,0.78130001
1460,2023,0.78899997
1460,2024,0.78289998
1461,2006,0.745
1461,2007,0.75209999
1461,2008,0.75370002
1461,2009,0.70670003
1461,2010,0.71640003
1461,2011,0.73189998
1461,2012,0.74059999
1461,2013,0.73699999
1461,2014,0.73549998
1461,2015,0.72579998
1461,2016,0.72409999
1461,2017,0.74720001
1461,2018,0.76370001
1461,2019,0.7597
1461,2020,0.76419997
1461,2021,0.76980001
1461,2022,0.78619999
1461,2023,0.78719997
1461,2024,0.7852
1462,2006,0.76670003
1462,2007,0.77670002
1462,2008,0.77270001
1462,2009,0.74949998
1462,2010,0.76169997
1462,2011,0.77740002
1462,2012,0.7784
1462,2013,0.77160001
1462,2014,0.77630001
1462,2015,0.78609997
1462,2016,0.79699999
1462,2017,0.80739999
1462,2018,0.81379998
1462,2019,0.8179
1462,2020,0.80669999
1462,2021,0.81349999
1462,2022,0.83289999
1462,2023,0.83569998
1462,2024,0.82889998
1463,2006,0.8136
1463,2007,0.82230002
1463,2008,0.81770003
1463,2009,0.78780001
1463,2010,0.8003
1463,2011,0.80870003
1463,2012,0.81269997
1463,2013,0.80980003
1463,2014,0.81010002
1463,2015,0.81910002
1463,2016,0.8283
1463,2017,0.83160001
1463,2018,0.83219999
1463,2019,0.82849997
1463,2020,0.82380003
1463,2021,0.83810002
1463,2022,0.84850001
1463,2023,0.84640002
1463,2024,0.84179997
1465,2006,0.82489997
1465,2007,0.81809998
1465,2008,0.81349999
1465,2009,0.78310001
1465,2010,0.78939998
1465,2011,0.80049998
1465,2012,0.79750001
1465,2013,0.79890001
1465,2014,0.7978
1465,2015,0.79430002
1465,2016,0.80269998
1465,2017,0.80989999
1465,2018,0.81510001
1465,2019,0.81050003
1465,2020,0.8053
1465,2021,0.81569999
1465,2022,0.82740003
1465,2023,0.82929999
1465,2024,0.82029998
1466,2006,0.8251
1466,2007,0.83230001
1466,2008,0.8125
1466,2009,0.77649999
1466,2010,0.79589999
1466,2011,0.80269998
1466,2012,0.80190003
1466,2013,0.8057
1466,2014,0.80739999
1466,2015,0.81660002
1466,2016,0.81480002
1466,2017,0.8247
1466,2018,0.82059997
1466,2019,0.82459998
1466,2020,0.8229
1466,2021,0.82920003
1466,2022,0.8427
1466,2023,0.84530002
1466,2024,0.84600002
1470,2006,0.81209999
1470,2007,0.81699997
1470,2008,0.81669998
1470,2009,0.78329998
1470,2010,0.79070002
1470,2011,0.80000001
1470,2012,0.80409998
1470,2013,0.79610002
1470,2014,0.7852
1470,2015,0.7974
1470,2016,0.80500001
1470,2017,0.80830002
1470,2018,0.81550002
1470,2019,0.80720001
1470,2020,0.79960001
1470,2021,0.81470001
1470,2022,0.82359999
1470,2023,0.8362
1470,2024,0.8251
1471,2006,0.82620001
1471,2007,0.84149998
1471,2008,0.83649999
1471,2009,0.80199999
1471,2010,0.80599999
1471,2011,0.81260002
1471,2012,0.81230003
1471,2013,0.8057
1471,2014,0.80830002
1471,2015,0.8161
1471,2016,0.82239997
1471,2017,0.8326
1471,2018,0.83950001
1471,2019,0.84130001
1471,2020,0.83179998
1471,2021,0.84170002
1471,2022,0.86110002
1471,2023,0.86140001
1471,2024,0.85820001
1472,2006,0.77890003
1472,2007,0.79960001
1472,2008,0.79409999
1472,2009,0.75050002
1472,2010,0.76910001
1472,2011,0.78009999
1472,2012,0.77780002
1472,2013,0.76620001
1472,2014,0.76279998
1472,2015,0.75849998
1472,2016,0.77069998
1472,2017,0.79350001
1472,2018,0.79629999
1472,2019,0.78960001
1472,2020,0.77710003
1472,2021,0.79790002
1472,2022,0.81480002
1472,2023,0.82880002
1472,2024,0.8186
1473,2006,0.75099999
1473,2007,0.76779997
1473,2008,0.75989997
1473,2009,0.71569997
1473,2010,0.73589998
1473,2011,0.75319999
1473,2012,0.74959999
1473,2013,0.75239998
1473,2014,0.74250001
1473,2015,0.74339998
1473,2016,0.74479997
1473,2017,0.7561
1473,2018,0.7726
1473,2019,0.76920003
1473,2020,0.76630002
1473,2021,0.77999997
1473,2022,0.79720002
1473,2023,0.80629998
1473,2024,0.79070002
1480,2006,0.72140002
1480,2007,0.73699999
1480,2008,0.73269999
1480,2009,0.69690001
1480,2010,0.7105
1480,2011,0.72100002
1480,2012,0.72890002
1480,2013,0.7295
1480,2014,0.73159999
1480,2015,0.7457
1480,2016,0.75919998
1480,2017,0.76480001
1480,2018,0.76770002
1480,2019,0.76749998
1480,2020,0.74959999
1480,2021,0.7683
1480,2022,0.7863
1480,2023,0.78759998
1480,2024,0.77710003
1481,2006,0.8118
1481,2007,0.82450002
1481,2008,0.8233
1481,2009,0.79759997
1481,2010,0.80790001
1481,2011,0.81339997
1481,2012,0.81889999
1481,2013,0.8215
1481,2014,0.82520002
1481,2015,0.83459997
1481,2016,0.84079999
1481,2017,0.84219998
1481,2018,0.84420002
1481,2019,0.84130001
1481,2020,0.8308
1481,2021,0.84030002
1481,2022,0.85799998
1481,2023,0.8603
1481,2024,0.85070002
1482,2006,0.82969999
1482,2007,0.84069997
1482,2008,0.83929998
1482,2009,0.8161
1482,2010,0.83340001
1482,2011,0.84140003
1482,2012,0.84530002
1482,2013,0.847
1482,2014,0.84740001
1482,2015,0.8563
1482,2016,0.86610001
1482,2017,0.86580002
1482,2018,0.86680001
1482,2019,0.85860002
1482,2020,0.8484
1482,2021,0.85960001
1482,2022,0.87339997
1482,2023,0.87980002
1482,2024,0.87349999
1484,2006,0.77319998
1484,2007,0.78149998
1484,2008,0.77560002
1484,2009,0.75089997
1484,2010,0.7687
1484,2011,0.78189999
1484,2012,0.78549999
1484,2013,0.79140002
1484,2014,0.7906
1484,2015,0.78119999
1484,2016,0.78390002
1484,2017,0.78939998
1484,2018,0.7956
1484,2019,0.78689998
1484,2020,0.77999997
1484,2021,0.79830003
1484,2022,0.81900001
1484,2023,0.8294
1484,2024,0.82889998
1485,2006,0.78149998
1485,2007,0.78820002
1485,2008,0.78890002
1485,2009,0.7561
1485,2010,0.76770002
1485,2011,0.77429998
1485,2012,0.77560002
1485,2013,0.76810002
1485,2014,0.76899999
1485,2015,0.7791
1485,2016,0.78939998
1485,2017,0.7949
1485,2018,0.79540002
1485,2019,0.79210001
1485,2020,0.78600001
1485,2021,0.79699999
1485,2022,0.81489998
1485,2023,0.81999999
1485,2024,0.81160003
1486,2006,0.72799999
1486,2007,0.73199999
1486,2008,0.72310001
1486,2009,0.71390003
1486,2010,0.72100002
1486,2011,0.7238
1486,2012,0.71499997
1486,2013,0.70889997
1486,2014,0.70090002
1486,2015,0.70389998
1486,2016,0.70910001
1486,2017,0.71280003
1486,2018,0.71139997
1486,2019,0.71240002
1486,2020,0.67390001
1486,2021,0.69819999
1486,2022,0.83859998
1486,2023,0.83710003
1486,2024,0.82730001
1487,2006,0.79970002
1487,2007,0.81
1487,2008,0.79799998
1487,2009,0.75809997
1487,2010,0.77060002
1487,2011,0.76959997
1487,2012,0.77469999
1487,2013,0.7658
1487,2014,0.75709999
1487,2015,0.76529998
1487,2016,0.77740002
1487,2017,0.79210001
1487,2018,0.7949
1487,2019,0.78530002
1487,2020,0.77859998
1487,2021,0.78750002
1487,2022,0.81349999
1487,2023,0.81269997
1487,2024,0.80949998
1488,2006,0.7676
1488,2007,0.77499998
1488,2008,0.76200002
1488,2009,0.71490002
1488,2010,0.72079998
1488,2011,0.72030002
1488,2012,0.72610003
1488,2013,0.71130002
1488,2014,0.72149998
1488,2015,0.7392
1488,2016,0.75470001
1488,2017,0.77109998
1488,2018,0.77560002
1488,2019,0.77149999
1488,2020,0.75590003
1488,2021,0.76880002
1488,2022,0.79140002
1488,2023,0.79530001
1488,2024,0.78710002
1489,2006,0.80970001
1489,2007,0.8179
1489,2008,0.81800002
1489,2009,0.78750002
1489,2010,0.79729998
1489,2011,0.80800003
1489,2012,0.81190002
1489,2013,0.81129998
1489,2014,0.81400001
1489,2015,0.82440001
1489,2016,0.83450001
1489,2017,0.83819997
1489,2018,0.84079999
1489,2019,0.83579999
1489,2020,0.83289999
1489,2021,0.84500003
1489,2022,0.85860002
1489,2023,0.86390001
1489,2024,0.85399997
1490,2006,0.77029997
1490,2007,0.78039998
1490,2008,0.77740002
1490,2009,0.74229997
1490,2010,0.76109999
1490,2011,0.77410001
1490,2012,0.77340001
1490,2013,0.77270001
1490,2014,0.77710003
1490,2015,0.78109998
1490,2016,0.79369998
1490,2017,0.80119997
1490,2018,0.80849999
1490,2019,0.79960001
1490,2020,0.7902
1490,2021,0.80680001
1490,2022,0.81830001
1490,2023,0.81389999
1490,2024,0.80369997
1491,2006,0.82300001
1491,2007,0.83219999
1491,2008,0.82770002
1491,2009,0.79250002
1491,2010,0.8082
1491,2011,0.82340002
1491,2012,0.82480001
1491,2013,0.82169998
1491,2014,0.82120001
1491,2015,0.83060002
1491,2016,0.83270001
1491,2017,0.83850002
1491,2018,0.84359998
1491,2019,0.83679998
1491,2020,0.83700001
1491,2021,0.84869999
1491,2022,0.86009997
1491,2023,0.86000001
1491,2024,0.85180002
1492,2006,0.77200001
1492,2007,0.7744
1492,2008,0.7701
1492,2009,0.72219998
1492,2010,0.73290002
1492,2011,0.74870002
1492,2012,0.74599999
1492,2013,0.74190003
1492,2014,0.72649997
1492,2015,0.73259997
1492,2016,0.73329997
1492,2017,0.75269997
1492,2018,0.74980003
1492,2019,0.74919999
1492,2020,0.75440001
1492,2021,0.76620001
1492,2022,0.79790002
1492,2023,0.8035
1492,2024,0.80330002
1493,2006,0.78750002
1493,2007,0.79879999
1493,2008,0.78789997
1493,2009,0.74769998
1493,2010,0.76929998
1493,2011,0.78430003
1493,2012,0.7798
1493,2013,0.77789998
1493,2014,0.7766
1493,2015,0.78899997
1493,2016,0.80449998
1493,2017,0.81239998
1493,2018,0.8186
1493,2019,0.81150001
1493,2020,0.81440002
1493,2021,0.82499999
1493,2022,0.84009999
1493,2023,0.84509999
1493,2024,0.84140003
1494,2006,0.82080001
1494,2007,0.83050001
1494,2008,0.82679999
1494,2009,0.79879999
1494,2010,0.80500001
1494,2011,0.81349999
1494,2012,0.81419998
1494,2013,0.80510002
1494,2014,0.80610001
1494,2015,0.81110001
1494,2016,0.82239997
1494,2017,0.83249998
1494,2018,0.83530003
1494,2019,0.82980001
1494,2020,0.82440001
1494,2021,0.8405
1494,2022,0.85530001
1494,2023,0.85820001
1494,2024,0.8545
1495,2006,0.79860002
1495,2007,0.80900002
1495,2008,0.79750001
1495,2009,0.75620002
1495,2010,0.76789999
1495,2011,0.77179998
1495,2012,0.77289999
1495,2013,0.75449997
1495,2014,0.75959998
1495,2015,0.7658
1495,2016,0.77530003
1495,2017,0.79269999
1495,2018,0.79879999
1495,2019,0.79960001
1495,2020,0.79290003
1495,2021,0.80379999
1495,2022,0.82309997
1495,2023,0.82340002
1495,2024,0.81650001
1496,2006,0.78670001
1496,2007,0.80000001
1496,2008,0.79629999
1496,2009,0.75510001
1496,2010,0.76800001
1496,2011,0.78579998
1496,2012,0.79140002
1496,2013,0.78799999
1496,2014,0.78829998
1496,2015,0.78960001
1496,2016,0.80690002
1496,2017,0.81269997
1496,2018,0.81840003
1496,2019,0.80800003
1496,2020,0.79879999
1496,2021,0.81169999
1496,2022,0.82800001
1496,2023,0.83020002
1496,2024,0.82459998
1497,2006,0.80629998
1497,2007,0.82489997
1497,2008,0.82209998
1497,2009,0.7827
1497,2010,0.79089999
1497,2011,0.79799998
1497,2012,0.80970001
1497,2013,0.8057
1497,2014,0.80150002
1497,2015,0.81150001
1497,2016,0.81699997
1497,2017,0.82410002
1497,2018,0.82950002
1497,2019,0.82300001
1497,2020,0.81529999
1497,2021,0.82990003
1497,2022,0.84680003
1497,2023,0.85100001
1497,2024,0.83950001
1498,2006,0.82050002
1498,2007,0.82440001
1498,2008,0.81650001
1498,2009,0.77569997
1498,2010,0.78539997
1498,2011,0.80110002
1498,2012,0.80540001
1498,2013,0.80440003
1498,2014,0.79439998
1498,2015,0.79680002
1498,2016,0.80610001
1498,2017,0.8125
1498,2018,0.81870002
1498,2019,0.81590003
1498,2020,0.81330001
1498,2021,0.82950002
1498,2022,0.84380001
1498,2023,0.8452
1498,2024,0.84170002
1499,2006,0.80919999
1499,2007,0.8247
1499,2008,0.81529999
1499,2009,0.778
1499,2010,0.78310001
1499,2011,0.78939998
1499,2012,0.79390001
1499,2013,0.78799999
1499,2014,0.78100002
1499,2015,0.77719998
1499,2016,0.7863
1499,2017,0.79180002
1499,2018,0.79610002
1499,2019,0.79729998
1499,2020,0.7888
1499,2021,0.8057
1499,2022,0.82450002
1499,2023,0.8258
1499,2024,0.82059997
1715,2006,0.78259999
1715,2007,0.78750002
1715,2008,0.78420001
1715,2009,0.7493
1715,2010,0.76779997
1715,2011,0.78560001
1715,2012,0.78479999
1715,2013,0.77880001
1715,2014,0.78469998
1715,2015,0.78939998
1715,2016,0.80269998
1715,2017,0.8143
1715,2018,0.82279998
1715,2019,0.81639999
1715,2020,0.81230003
1715,2021,0.82520002
1715,2022,0.84909999
1715,2023,0.86189997
1715,2024,0.85409999
1730,2006,0.65789998
1730,2007,0.66960001
1730,2008,0.65829998
1730,2009,0.62029999
1730,2010,0.62800002
1730,2011,0.6426
1730,2012,0.63950002
1730,2013,0.63889998
1730,2014,0.64380002
1730,2015,0.64819998
1730,2016,0.65289998
1730,2017,0.66100001
1730,2018,0.66420001
1730,2019,0.66640002
1730,2020,0.65429997
1730,2021,0.66509998
1730,2022,0.80040002
1730,2023,0.80080003
1730,2024,0.78969997
1737,2006,0.74070001
1737,2007,0.7482
1737,2008,0.74470001
1737,2009,0.71880001
1737,2010,0.74180001
1737,2011,0.75529999
1737,2012,0.75739998
1737,2013,0.75639999
1737,2014,0.74760002
1737,2015,0.75770003
1737,2016,0.74989998
1737,2017,0.778
1737,2018,0.78820002
1737,2019,0.78729999
1737,2020,0.77249998
1737,2021,0.79619998
1737,2022,0.83890003
1737,2023,0.84509999
1737,2024,0.83810002
1760,2006,0.74599999
1760,2007,0.75440001
1760,2008,0.75849998
1760,2009,0.70109999
1760,2010,0.71679997
1760,2011,0.73470002
1760,2012,0.74550003
1760,2013,0.72820002
1760,2014,0.71490002
1760,2015,0.74519998
1760,2016,0.7446
1760,2017,0.75449997
1760,2018,0.76700002
1760,2019,0.77679998
1760,2020,0.76499999
1760,2021,0.79430002
1760,2022,0.80040002
1760,2023,0.81
1760,2024,0.7974
1761,2006,0.81819999
1761,2007,0.8233
1761,2008,0.8143
1761,2009,0.79210001
1761,2010,0.8107
1761,2011,0.81819999
1761,2012,0.8168
1761,2013,0.81550002
1761,2014,0.8233
1761,2015,0.83719999
1761,2016,0.85299999
1761,2017,0.861
1761,2018,0.866
1761,2019,0.85839999
1761,2020,0.85390002
1761,2021,0.85949999
1761,2022,0.88510001
1761,2023,0.88309997
1761,2024,0.8854
1762,2006,0.74019998
1762,2007,0.75209999
1762,2008,0.73710001
1762,2009,0.70289999
1762,2010,0.72030002
1762,2011,0.74900001
1762,2012,0.74479997
1762,2013,0.71789998
1762,2014,0.72589999
1762,2015,0.72329998
1762,2016,0.72799999
1762,2017,0.73839998
1762,2018,0.75080001
1762,2019,0.75660002
1762,2020,0.7615
1762,2021,0.76419997
1762,2022,0.7888
1762,2023,0.79650003
1762,2024,0.79729998
1763,2006,0.75580001
1763,2007,0.77179998
1763,2008,0.75669998
1763,2009,0.72670001
1763,2010,0.74489999
1763,2011,0.75779998
1763,2012,0.75910002
1763,2013,0.74790001
1763,2014,0.74790001
1763,2015,0.77170002
1763,2016,0.79170001
1763,2017,0.80440003
1763,2018,0.80729997
1763,2019,0.80669999
1763,2020,0.79640001
1763,2021,0.81559998
1763,2022,0.83890003
1763,2023,0.84030002
1763,2024,0.83459997
1764,2006,0.74809998
1764,2007,0.7432
1764,2008,0.73650002
1764,2009,0.71210003
1764,2010,0.71600002
1764,2011,0.72930002
1764,2012,0.73280001
1764,2013,0.72850001
1764,2014,0.73269999
1764,2015,0.7475
1764,2016,0.74800003
1764,2017,0.76660001
1764,2018,0.78299999
1764,2019,0.77630001
1764,2020,0.7694
1764,2021,0.77700001
1764,2022,0.80669999
1764,2023,0.80330002
1764,2024,0.79759997
1765,2006,0.7148
1765,2007,0.71439999
1765,2008,0.69700003
1765,2009,0.65630001
1765,2010,0.66670001
1765,2011,0.67580003
1765,2012,0.68430001
1765,2013,0.6742
1765,2014,0.67640001
1765,2015,0.68019998
1765,2016,0.68260002
1765,2017,0.69910002
1765,2018,0.69489998
1765,2019,0.69989997
1765,2020,0.6947
1765,2021,0.70959997
1765,2022,0.84170002
1765,2023,0.84780002
1765,2024,0.85470003
1766,2006,0.78350002
1766,2007,0.79229999
1766,2008,0.7823
1766,2009,0.75590003
1766,2010,0.78640002
1766,2011,0.7978
1766,2012,0.7974
1766,2013,0.78969997
1766,2014,0.77969998
1766,2015,0.77710003
1766,2016,0.79159999
1766,2017,0.80089998
1766,2018,0.8161
1766,2019,0.80790001
1766,2020,0.79939997
1766,2021,0.81569999
1766,2022,0.84030002
1766,2023,0.84179997
1766,2024,0.83039999
1780,2006,0.7561
1780,2007,0.7665
1780,2008,0.75840002
1780,2009,0.72890002
1780,2010,0.74150002
1780,2011,0.75169998
1780,2012,0.75550002
1780,2013,0.75389999
1780,2014,0.75669998
1780,2015,0.76800001
1780,2016,0.77679998
1780,2017,0.78469998
1780,2018,0.78829998
1780,2019,0.78600001
1780,2020,0.77319998
1780,2021,0.7899
1780,2022,0.81059998
1780,2023,0.8132
1780,2024,0.80479997
1781,2006,0.7471
1781,2007,0.75910002
1781,2008,0.74769998
1781,2009,0.71420002
1781,2010,0.7295
1781,2011,0.73290002
1781,2012,0.73390001
1781,2013,0.7256
1781,2014,0.72409999
1781,2015,0.72939998
1781,2016,0.73100001
1781,2017,0.74250001
1781,2018,0.75809997
1781,2019,0.75160003
1781,2020,0.74349999
1781,2021,0.76130003
1781,2022,0.7902
1781,2023,0.79149997
1781,2024,0.78839999
1782,2006,0.7227
1782,2007,0.7414
1782,2008,0.73110002
1782,2009,0.69760001
1782,2010,0.71539998
1782,2011,0.72509998
1782,2012,0.72619998
1782,2013,0.71939999
1782,2014,0.71079999
1782,2015,0.70099998
1782,2016,0.69669998
1782,2017,0.72299999
1782,2018,0.7227
1782,2019,0.72070003
1782,2020,0.71920002
1782,2021,0.73030001
1782,2022,0.73580003
1782,2023,0.74610001
1782,2024,0.7579
1783,2006,0.7421
1783,2007,0.75449997
1783,2008,0.75209999
1783,2009,0.70370001
1783,2010,0.74019998
1783,2011,0.7554
1783,2012,0.75010002
1783,2013,0.74809998
1783,2014,0.75230002
1783,2015,0.76099998
1783,2016,0.7561
1783,2017,0.76999998
1783,2018,0.77740002
1783,2019,0.7755
1783,2020,0.76359999
1783,2021,0.77520001
1783,2022,0.78979999
1783,2023,0.787
1783,2024,0.77600002
1784,2006,0.7536
1784,2007,0.76270002
1784,2008,0.76169997
1784,2009,0.71619999
1784,2010,0.73650002
1784,2011,0.7439
1784,2012,0.74940002
1784,2013,0.75150001
1784,2014,0.75309998
1784,2015,0.75510001
1784,2016,0.76200002
1784,2017,0.7719
1784,2018,0.77700001
1784,2019,0.78649998
1784,2020,0.77649999
1784,2021,0.79170001
1784,2022,0.83469999
1784,2023,0.84420002
1784,2024,0.82749999
1785,2006,0.77780002
1785,2007,0.77780002
1785,2008,0.76840001
1785,2009,0.74049997
1785,2010,0.74610001
1785,2011,0.75849998
1785,2012,0.76279998
1785,2013,0.74360001
1785,2014,0.727
1785,2015,0.73150003
1785,2016,0.73159999
1785,2017,0.74559999
1785,2018,0.75220001
1785,2019,0.75700003
1785,2020,0.74680001
1785,2021,0.75239998
1785,2022,0.78299999
1785,2023,0.80159998
1785,2024,0.78750002
1814,2006,0.8175
1814,2007,0.82099998
1814,2008,0.81940001
1814,2009,0.7974
1814,2010,0.81
1814,2011,0.82620001
1814,2012,0.8272
1814,2013,0.83149999
1814,2014,0.82889998
1814,2015,0.83590001
1814,2016,0.84429997
1814,2017,0.85110003
1814,2018,0.85710001
1814,2019,0.86320001
1814,2020,0.85170001
1814,2021,0.86290002
1814,2022,0.88129997
1814,2023,0.87949997
1814,2024,0.87290001
1860,2006,0.76059997
1860,2007,0.7881
1860,2008,0.7899
1860,2009,0.75379997
1860,2010,0.79009998
1860,2011,0.8096
1860,2012,0.79470003
1860,2013,0.76550001
1860,2014,0.74370003
1860,2015,0.759
1860,2016,0.76920003
1860,2017,0.7712
1860,2018,0.79159999
1860,2019,0.77819997
1860,2020,0.77719998
1860,2021,0.77649999
1860,2022,0.79220003
1860,2023,0.80250001
1860,2024,0.79860002
1861,2006,0.78060001
1861,2007,0.79030001
1861,2008,0.78689998
1861,2009,0.7471
1861,2010,0.75770003
1861,2011,0.77039999
1861,2012,0.76959997
1861,2013,0.7744
1861,2014,0.77359998
1861,2015,0.78680003
1861,2016,0.78740001
1861,2017,0.78909999
1861,2018,0.79860002
1861,2019,0.79689997
1861,2020,0.79350001
1861,2021,0.80479997
1861,2022,0.8294
1861,2023,0.82599998
1861,2024,0.82130003
1862,2006,0.75389999
1862,2007,0.7608
1862,2008,0.75929999
1862,2009,0.71929997
1862,2010,0.73400003
1862,2011,0.74870002
1862,2012,0.75739998
1862,2013,0.7529
1862,2014,0.74949998
1862,2015,0.75089997
1862,2016,0.75639999
1862,2017,0.75779998
1862,2018,0.75999999
1862,2019,0.75660002
1862,2020,0.74169999
1862,2021,0.75940001
1862,2022,0.77170002
1862,2023,0.77770001
1862,2024,0.78329998
1863,2006,0.73860002
1863,2007,0.74940002
1863,2008,0.74479997
1863,2009,0.69379997
1863,2010,0.71850002
1863,2011,0.71890002
1863,2012,0.71749997
1863,2013,0.72430003
1863,2014,0.72689998
1863,2015,0.70889997
1863,2016,0.72329998
1863,2017,0.73070002
1863,2018,0.74910003
1863,2019,0.72420001
1863,2020,0.7256
1863,2021,0.73070002
1863,2022,0.75599998
1863,2023,0.75129998
1863,2024,0.75520003
1864,2006,0.68349999
1864,2007,0.69520003
1864,2008,0.6904
1864,2009,0.66149998
1864,2010,0.67839998
1864,2011,0.70649999
1864,2012,0.69859999
1864,2013,0.68720001
1864,2014,0.68220001
1864,2015,0.67150003
1864,2016,0.6717
1864,2017,0.69099998
1864,2018,0.70719999
1864,2019,0.6979
1864,2020,0.69099998
1864,2021,0.72610003
1864,2022,0.74019998
1864,2023,0.75739998
1864,2024,0.76139998
1880,2006,0.75370002
1880,2007,0.76410002
1880,2008,0.76160002
1880,2009,0.72960001
1880,2010,0.74550003
1880,2011,0.75419998
1880,2012,0.75620002
1880,2013,0.75950003
1880,2014,0.76020002
1880,2015,0.77020001
1880,2016,0.77859998
1880,2017,0.78280002
1880,2018,0.78369999
1880,2019,0.78189999
1880,2020,0.76969999
1880,2021,0.78320003
1880,2022,0.80010003
1880,2023,0.79809999
1880,2024,0.79229999
1881,2006,0.78969997
1881,2007,0.80220002
1881,2008,0.80159998
1881,2009,0.76670003
1881,2010,0.78640002
1881,2011,0.79970002
1881,2012,0.80519998
1881,2013,0.80290002
1881,2014,0.80589998
1881,2015,0.81279999
1881,2016,0.82340002
1881,2017,0.83029997
1881,2018,0.83279997
1881,2019,0.82560003
1881,2020,0.81260002
1881,2021,0.82639998
1881,2022,0.84299999
1881,2023,0.84750003
1881,2024,0.84280002
1882,2006,0.78759998
1882,2007,0.79930001
1882,2008,0.79949999
1882,2009,0.7726
1882,2010,0.78390002
1882,2011,0.7938
1882,2012,0.80199999
1882,2013,0.79839998
1882,2014,0.81099999
1882,2015,0.80870003
1882,2016,0.80879998
1882,2017,0.82520002
1882,2018,0.8337
1882,2019,0.82959998
1882,2020,0.82419997
1882,2021,0.8423
1882,2022,0.84619999
1882,2023,0.84450001
1882,2024,0.84890002
1883,2006,0.77249998
1883,2007,0.78530002
1883,2008,0.77819997
1883,2009,0.7432
1883,2010,0.75529999
1883,2011,0.76770002
1883,2012,0.77219999
1883,2013,0.76889998
1883,2014,0.76490003
1883,2015,0.76700002
1883,2016,0.7694
1883,2017,0.77859998
1883,2018,0.78659999
1883,2019,0.78750002
1883,2020,0.78170002
1883,2021,0.79659998
1883,2022,0.81779999
1883,2023,0.82370001
1883,2024,0.82870001
1884,2006,0.77609998
1884,2007,0.79339999
1884,2008,0.7841
1884,2009,0.75349998
1884,2010,0.77319998
1884,2011,0.78140002
1884,2012,0.78210002
1884,2013,0.78439999
1884,2014,0.78869998
1884,2015,0.78789997
1884,2016,0.78399998
1884,2017,0.796
1884,2018,0.79769999
1884,2019,0.80190003
1884,2020,0.79430002
1884,2021,0.81330001
1884,2022,0.82889998
1884,2023,0.83420002
1884,2024,0.82520002
1885,2006,0.78140002
1885,2007,0.7942
1885,2008,0.79400003
1885,2009,0.7439
1885,2010,0.75999999
1885,2011,0.77429998
1885,2012,0.77740002
1885,2013,0.77069998
1885,2014,0.76609999
1885,2015,0.76920003
1885,2016,0.77789998
1885,2017,0.78420001
1885,2018,0.79100001
1885,2019,0.79119998
1885,2020,0.78250003
1885,2021,0.79710001
1885,2022,0.80989999
1885,2023,0.81870002
1885,2024,0.81110001
1904,2006,0.7378
1904,2007,0.74760002
1904,2008,0.74849999
1904,2009,0.72219998
1904,2010,0.73430002
1904,2011,0.74110001
1904,2012,0.74260002
1904,2013,0.75190002
1904,2014,0.74739999
1904,2015,0.73720002
1904,2016,0.76109999
1904,2017,0.77780002
1904,2018,0.78310001
1904,2019,0.7766
1904,2020,0.75319999
1904,2021,0.76120001
1904,2022,0.77880001
1904,2023,0.78030002
1904,2024,0.7766
1907,2006,0.78649998
1907,2007,0.79689997
1907,2008,0.78579998
1907,2009,0.75150001
1907,2010,0.76440001
1907,2011,0.77329999
1907,2012,0.77429998
1907,2013,0.76800001
1907,2014,0.76609999
1907,2015,0.77679998
1907,2016,0.78649998
1907,2017,0.7985
1907,2018,0.80620003
1907,2019,0.81389999
1907,2020,0.80110002
1907,2021,0.81110001
1907,2022,0.82740003
1907,2023,0.8351
1907,2024,0.8351
1960,2006,0.79759997
1960,2007,0.80000001
1960,2008,0.78640002
1960,2009,0.75999999
1960,2010,0.77899998
1960,2011,0.78680003
1960,2012,0.77850002
1960,2013,0.76349998
1960,2014,0.76370001
1960,2015,0.75830001
1960,2016,0.7608
1960,2017,0.75880003
1960,2018,0.7683
1960,2019,0.77450001
1960,2020,0.77319998
1960,2021,0.79170001
1960,2022,0.80470002
1960,2023,0.815
1960,2024,0.7877
1961,2006,0.77079999
1961,2007,0.77929997
1961,2008,0.7726
1961,2009,0.73100001
1961,2010,0.74269998
1961,2011,0.755
1961,2012,0.74449998
1961,2013,0.75620002
1961,2014,0.75730002
1961,2015,0.7719
1961,2016,0.78869998
1961,2017,0.80010003
1961,2018,0.79960001
1961,2019,0.79689997
1961,2020,0.79360002
1961,2021,0.80720001
1961,2022,0.82740003
1961,2023,0.82859999
1961,2024,0.81690001
1962,2006,0.74299997
1962,2007,0.7694
1962,2008,0.77350003
1962,2009,0.74040002
1962,2010,0.74940002
1962,2011,0.76200002
1962,2012,0.76819998
1962,2013,0.75940001
1962,2014,0.741
1962,2015,0.74290001
1962,2016,0.76370001
1962,2017,0.76620001
1962,2018,0.78780001
1962,2019,0.7913
1962,2020,0.76670003
1962,2021,0.77130002
1962,2022,0.79229999
1962,2023,0.79699999
1962,2024,0.79320002
1980,2006,0.7482
1980,2007,0.7626
1980,2008,0.76270002
1980,2009,0.73589998
1980,2010,0.74879998
1980,2011,0.75940001
1980,2012,0.76200002
1980,2013,0.76429999
1980,2014,0.76709998
1980,2015,0.77490002
1980,2016,0.78119999
1980,2017,0.78490001
1980,2018,0.79229999
1980,2019,0.79079998
1980,2020,0.77929997
1980,2021,0.78799999
1980,2022,0.80739999
1980,2023,0.81099999
1980,2024,0.80400002
1981,2006,0.77560002
1981,2007,0.7913
1981,2008,0.79070002
1981,2009,0.76959997
1981,2010,0.78240001
1981,2011,0.78490001
1981,2012,0.78320003
1981,2013,0.78619999
1981,2014,0.7859
1981,2015,0.78359997
1981,2016,0.79589999
1981,2017,0.7992
1981,2018,0.80729997
1981,2019,0.81260002
1981,2020,0.80299997
1981,2021,0.80800003
1981,2022,0.8283
1981,2023,0.8294
1981,2024,0.82639998
1982,2006,0.76899999
1982,2007,0.77939999
1982,2008,0.7834
1982,2009,0.73519999
1982,2010,0.74860001
1982,2011,0.75209999
1982,2012,0.75230002
1982,2013,0.75040001
1982,2014,0.73479998
1982,2015,0.74250001
1982,2016,0.74769998
1982,2017,0.76050001
1982,2018,0.764
1982,2019,0.76459998
1982,2020,0.74940002
1982,2021,0.75669998
1982,2022,0.7687
1982,2023,0.77990001
1982,2024,0.76819998
1983,2006,0.77200001
1983,2007,0.78609997
1983,2008,0.77600002
1983,2009,0.71630001
1983,2010,0.73549998
1983,2011,0.75739998
1983,2012,0.755
1983,2013,0.75889999
1983,2014,0.76520002
1983,2015,0.76490003
1983,2016,0.77029997
1983,2017,0.77850002
1983,2018,0.78369999
1983,2019,0.78619999
1983,2020,0.77530003
1983,2021,0.79220003
1983,2022,0.8082
1983,2023,0.80699998
1983,2024,0.79680002
1984,2006,0.77270001
1984,2007,0.78299999
1984,2008,0.78149998
1984,2009,0.7306
1984,2010,0.74620003
1984,2011,0.75849998
1984,2012,0.76279998
1984,2013,0.7597
1984,2014,0.76340002
1984,2015,0.75669998
1984,2016,0.76749998
1984,2017,0.78710002
1984,2018,0.78869998
1984,2019,0.79009998
1984,2020,0.7859
1984,2021,0.801
1984,2022,0.815
1984,2023,0.82690001
1984,2024,0.80849999
2021,2006,0.78430003
2021,2007,0.79000002
2021,2008,0.77999997
2021,2009,0.75650001
2021,2010,0.77450001
2021,2011,0.79100001
2021,2012,0.78649998
2021,2013,0.78789997
2021,2014,0.7956
2021,2015,0.80019999
2021,2016,0.7942
2021,2017,0.81510001
2021,2018,0.82020003
2021,2019,0.8294
2021,2020,0.82279998
2021,2021,0.83700001
2021,2022,0.85320002
2021,2023,0.85699999
2021,2024,0.85000002
2023,2006,0.79210001
2023,2007,0.79890001
2023,2008,0.79170001
2023,2009,0.76440001
2023,2010,0.78659999
2023,2011,0.79269999
2023,2012,0.79570001
2023,2013,0.80119997
2023,2014,0.79909998
2023,2015,0.80690002
2023,2016,0.80809999
2023,2017,0.81830001
2023,2018,0.82010001
2023,2019,0.82679999
2023,2020,0.81879997
2023,2021,0.82800001
2023,2022,0.86320001
2023,2023,0.87019998
2023,2024,0.86669999
2026,2006,0.82279998
2026,2007,0.8373
2026,2008,0.81940001
2026,2009,0.79750001
2026,2010,0.80989999
2026,2011,0.82639998
2026,2012,0.83590001
2026,2013,0.82950002
2026,2014,0.838
2026,2015,0.84219998
2026,2016,0.84939998
2026,2017,0.85100001
2026,2018,0.8581
2026,2019,0.85339999
2026,2020,0.84299999
2026,2021,0.8599
2026,2022,0.86720002
2026,2023,0.87629998
2026,2024,0.875
2029,2006,0.80140001
2029,2007,0.81840003
2029,2008,0.80830002
2029,2009,0.79339999
2029,2010,0.80299997
2029,2011,0.79540002
2029,2012,0.81550002
2029,2013,0.81720001
2029,2014,0.82249999
2029,2015,0.82880002
2029,2016,0.82819998
2029,2017,0.83109999
2029,2018,0.8337
2029,2019,0.8351
2029,2020,0.82959998
2029,2021,0.84469998
2029,2022,0.8592
2029,2023,0.86229998
2029,2024,0.85530001
2031,2006,0.78600001
2031,2007,0.7974
2031,2008,0.79570001
2031,2009,0.77719998
2031,2010,0.78079998
2031,2011,0.77759999
2031,2012,0.79540002
2031,2013,0.79750001
2031,2014,0.8089
2031,2015,0.8168
2031,2016,0.8143
2031,2017,0.83090001
2031,2018,0.82969999
2031,2019,0.833
2031,2020,0.82990003
2031,2021,0.83359998
2031,2022,0.8502
2031,2023,0.84899998
2031,2024,0.84390002
2034,2006,0.75809997
2034,2007,0.7615
2034,2008,0.76520002
2034,2009,0.7317
2034,2010,0.73259997
2034,2011,0.7324
2034,2012,0.74550003
2034,2013,0.74199998
2034,2014,0.75379997
2034,2015,0.77310002
2034,2016,0.77410001
2034,2017,0.78109998
2034,2018,0.79210001
2034,2019,0.7956
2034,2020,0.79290003
2034,2021,0.81019998
2034,2022,0.829
2034,2023,0.8355
2034,2024,0.83060002
2039,2006,0.79390001
2039,2007,0.79689997
2039,2008,0.78930002
2039,2009,0.76380002
2039,2010,0.78179997
2039,2011,0.7823
2039,2012,0.7834
2039,2013,0.78789997
2039,2014,0.79689997
2039,2015,0.79820001
2039,2016,0.8222
2039,2017,0.81089997
2039,2018,0.82450002
2039,2019,0.8204
2039,2020,0.80970001
2039,2021,0.82520002
2039,2022,0.84810001
2039,2023,0.86129999
2039,2024,0.85759997
2061,2006,0.7719
2061,2007,0.78860003
2061,2008,0.78860003
2061,2009,0.75309998
2061,2010,0.76660001
2061,2011,0.78719997
2061,2012,0.79930001
2061,2013,0.80760002
2061,2014,0.80519998
2061,2015,0.80369997
2061,2016,0.80510002
2061,2017,0.82179999
2061,2018,0.81669998
2061,2019,0.81440002
2061,2020,0.80720001
2061,2021,0.8154
2061,2022,0.83340001
2061,2023,0.84429997
2061,2024,0.838
2062,2006,0.81290001
2062,2007,0.81770003
2062,2008,0.81089997
2062,2009,0.78399998
2062,2010,0.79400003
2062,2011,0.79909998
2062,2012,0.80559999
2062,2013,0.81279999
2062,2014,0.82029998
2062,2015,0.81519997
2062,2016,0.82489997
2062,2017,0.83359998
2062,2018,0.83719999
2062,2019,0.8344
2062,2020,0.82359999
2062,2021,0.8362
2062,2022,0.85680002
2062,2023,0.86129999
2062,2024,0.85750002
2080,2006,0.7899
2080,2007,0.80220002
2080,2008,0.80000001
2080,2009,0.77340001
2080,2010,0.78130001
2080,2011,0.79290003
2080,2012,0.79589999
2080,2013,0.79680002
2080,2014,0.80049998
2080,2015,0.80940002
2080,2016,0.81529999
2080,2017,0.81940001
2080,2018,0.82569999
2080,2019,0.82840002
2080,2020,0.82520002
2080,2021,0.83539999
2080,2022,0.85479999
2080,2023,0.85909998
2080,2024,0.85610002
2081,2006,0.76310003
2081,2007,0.77069998
2081,2008,0.76389998
2081,2009,0.72710001
2081,2010,0.73339999
2081,2011,0.74449998
2081,2012,0.74949998
2081,2013,0.75160003
2081,2014,0.75370002
2081,2015,0.76120001
2081,2016,0.76590002
2081,2017,0.77359998
2081,2018,0.78100002
2081,2019,0.77749997
2081,2020,0.76950002
2081,2021,0.77759999
2081,2022,0.79269999
2081,2023,0.79970002
2081,2024,0.79839998
2082,2006,0.81169999
2082,2007,0.81870002
2082,2008,0.81669998
2082,2009,0.79750001
2082,2010,0.81339997
2082,2011,0.81940001
2082,2012,0.82120001
2082,2013,0.82010001
2082,2014,0.8247
2082,2015,0.83389997
2082,2016,0.8409
2082,2017,0.83920002
2082,2018,0.8466
2082,2019,0.85600001
2082,2020,0.84009999
2082,2021,0.8506
2082,2022,0.86629999
2082,2023,0.87029999
2082,2024,0.86720002
2083,2006,0.77179998
2083,2007,0.78829998
2083,2008,0.78600001
2083,2009,0.75330001
2083,2010,0.76929998
2083,2011,0.77899998
2083,2012,0.77060002
2083,2013,0.76819998
2083,2014,0.7705
2083,2015,0.76920003
2083,2016,0.76959997
2083,2017,0.77670002
2083,2018,0.78570002
2083,2019,0.78920001
2083,2020,0.78640002
2083,2021,0.79049999
2083,2022,0.81050003
2083,2023,0.81690001
2083,2024,0.81660002
2084,2006,0.7755
2084,2007,0.78829998
2084,2008,0.78539997
2084,2009,0.76109999
2084,2010,0.7755
2084,2011,0.7845
2084,2012,0.7802
2084,2013,0.76810002
2084,2014,0.76310003
2084,2015,0.7367
2084,2016,0.74760002
2084,2017,0.755
2084,2018,0.77020001
2084,2019,0.78079998
2084,2020,0.77329999
2084,2021,0.78070003
2084,2022,0.80549997
2084,2023,0.80430001
2084,2024,0.80510002
2085,2006,0.7665
2085,2007,0.7766
2085,2008,0.77249998
2085,2009,0.75040001
2085,2010,0.75749999
2085,2011,0.77160001
2085,2012,0.77420002
2085,2013,0.77380002
2085,2014,0.77399999
2085,2015,0.76249999
2085,2016,0.76200002
2085,2017,0.7701
2085,2018,0.76840001
2085,2019,0.76249999
2085,2020,0.7561
2085,2021,0.76550001
2085,2022,0.7938
2085,2023,0.80500001
2085,2024,0.80720001
2101,2006,0.815
2101,2007,0.81239998
2101,2008,0.80250001
2101,2009,0.77249998
2101,2010,0.7802
2101,2011,0.78570002
2101,2012,0.78149998
2101,2013,0.78380001
2101,2014,0.77270001
2101,2015,0.75529999
2101,2016,0.76450002
2101,2017,0.76310003
2101,2018,0.76810002
2101,2019,0.76709998
2101,2020,0.78570002
2101,2021,0.80159998
2101,2022,0.79939997
2101,2023,0.82130003
2101,2024,0.83099997
2104,2006,0.77819997
2104,2007,0.7895
2104,2008,0.78909999
2104,2009,0.74659997
2104,2010,0.76569998
2104,2011,0.78579998
2104,2012,0.7881
2104,2013,0.77859998
2104,2014,0.78820002
2104,2015,0.77950001
2104,2016,0.78210002
2104,2017,0.77929997
2104,2018,0.79009998
2104,2019,0.77890003
2104,2020,0.78670001
2104,2021,0.80309999
2104,2022,0.81120002
2104,2023,0.81569999
2104,2024,0.81459999
2121,2006,0.8186
2121,2007,0.83249998
2121,2008,0.81999999
2121,2009,0.78100002
2121,2010,0.79820001
2121,2011,0.81129998
2121,2012,0.80419999
2121,2013,0.80540001
2121,2014,0.80620003
2121,2015,0.80000001
2121,2016,0.8064
2121,2017,0.83399999
2121,2018,0.84069997
2121,2019,0.83139998
2121,2020,0.81209999
2121,2021,0.81879997
2121,2022,0.8466
2121,2023,0.83579999
2121,2024,0.84369999
2132,2006,0.77200001
2132,2007,0.77950001
2132,2008,0.7748
2132,2009,0.75309998
2132,2010,0.7615
2132,2011,0.77939999
2132,2012,0.77969998
2132,2013,0.78149998
2132,2014,0.79040003
2132,2015,0.79839998
2132,2016,0.79860002
2132,2017,0.80760002
2132,2018,0.80620003
2132,2019,0.81339997
2132,2020,0.79890001
2132,2021,0.8071
2132,2022,0.81690001
2132,2023,0.82080001
2132,2024,0.81950003
2161,2006,0.77499998
2161,2007,0.78329998
2161,2008,0.7766
2161,2009,0.74870002
2161,2010,0.76859999
2161,2011,0.77689999
2161,2012,0.78200001
2161,2013,0.78390002
2161,2014,0.78750002
2161,2015,0.78280002
2161,2016,0.79009998
2161,2017,0.7931
2161,2018,0.79699999
2161,2019,0.80250001
2161,2020,0.7938
2161,2021,0.8075
2161,2022,0.8319
2161,2023,0.83700001
2161,2024,0.83350003
2180,2006,0.75590003
2180,2007,0.77109998
2180,2008,0.76840001
2180,2009,0.73869997
2180,2010,0.74809998
2180,2011,0.75470001
2180,2012,0.75440001
2180,2013,0.7568
2180,2014,0.7561
2180,2015,0.77100003
2180,2016,0.78140002
2180,2017,0.78640002
2180,2018,0.79689997
2180,2019,0.79159999
2180,2020,0.78390002
2180,2021,0.79500002
2180,2022,0.80669999
2180,2023,0.81309998
2180,2024,0.80510002
2181,2006,0.78689998
2181,2007,0.79159999
2181,2008,0.787
2181,2009,0.74119997
2181,2010,0.75840002
2181,2011,0.76419997
2181,2012,0.76099998
2181,2013,0.75849998
2181,2014,0.75690001
2181,2015,0.74669999
2181,2016,0.74900001
2181,2017,0.75559998
2181,2018,0.7701
2181,2019,0.77179998
2181,2020,0.77700001
2181,2021,0.78130001
2181,2022,0.79210001
2181,2023,0.80040002
2181,2024,0.79680002
2182,2006,0.70370001
2182,2007,0.72280002
2182,2008,0.72920001
2182,2009,0.704
2182,2010,0.73210001
2182,2011,0.74739999
2182,2012,0.7525
2182,2013,0.74870002
2182,2014,0.74419999
2182,2015,0.74040002
2182,2016,0.75449997
2182,2017,0.77249998
2182,2018,0.78030002
2182,2019,0.7705
2182,2020,0.76700002
2182,2021,0.77209997
2182,2022,0.79009998
2182,2023,0.79809999
2182,2024,0.79119998
2183,2006,0.76609999
2183,2007,0.7827
2183,2008,0.77969998
2183,2009,0.74739999
2183,2010,0.7579
2183,2011,0.76840001
2183,2012,0.76789999
2183,2013,0.76639998
2183,2014,0.75849998
2183,2015,0.75470001
2183,2016,0.75940001
2183,2017,0.77539998
2183,2018,0.78600001
2183,2019,0.78140002
2183,2020,0.78100002
2183,2021,0.79400003
2183,2022,0.80720001
2183,2023,0.8089
2183,2024,0.80320001
2184,2006,0.76370001
2184,2007,0.78030002
2184,2008,0.77789998
2184,2009,0.75089997
2184,2010,0.7773
2184,2011,0.78670001
2184,2012,0.79009998
2184,2013,0.78579998
2184,2014,0.78509998
2184,2015,0.79360002
2184,2016,0.79619998
2184,2017,0.81110001
2184,2018,0.81569999
2184,2019,0.8118
2184,2020,0.80790001
2184,2021,0.82179999
2184,2022,0.8398
2184,2023,0.84149998
2184,2024,0.83579999
2260,2006,0.79710001
2260,2007,0.79879999
2260,2008,0.79390001
2260,2009,0.77649999
2260,2010,0.7719
2260,2011,0.78839999
2260,2012,0.78619999
2260,2013,0.77819997
2260,2014,0.77920002
2260,2015,0.7723
2260,2016,0.78100002
2260,2017,0.78460002
2260,2018,0.8021
2260,2019,0.80680001
2260,2020,0.80049998
2260,2021,0.8017
2260,2022,0.82539999
2260,2023,0.82429999
2260,2024,0.82309997
2262,2006,0.79280001
2262,2007,0.79930001
2262,2008,0.79070002
2262,2009,0.75870001
2262,2010,0.77060002
2262,2011,0.77630001
2262,2012,0.78609997
2262,2013,0.78369999
2262,2014,0.78500003
2262,2015,0.79149997
2262,2016,0.81040001
2262,2017,0.81709999
2262,2018,0.81720001
2262,2019,0.8211
2262,2020,0.81089997
2262,2021,0.81879997
2262,2022,0.83319998
2262,2023,0.8409
2262,2024,0.83700001
2280,2006,0.76370001
2280,2007,0.77109998
2280,2008,0.7676
2280,2009,0.74169999
2280,2010,0.75819999
2280,2011,0.7597
2280,2012,0.75819999
2280,2013,0.75889999
2280,2014,0.75410002
2280,2015,0.74650002
2280,2016,0.7489
2280,2017,0.76459998
2280,2018,0.76529998
2280,2019,0.77069998
2280,2020,0.77579999
2280,2021,0.79089999
2280,2022,0.80479997
2280,2023,0.80900002
2280,2024,0.80159998
2281,2006,0.78780001
2281,2007,0.79900002
2281,2008,0.79869998
2281,2009,0.7701
2281,2010,0.77579999
2281,2011,0.7809
2281,2012,0.78320003
2281,2013,0.78939998
2281,2014,0.79460001
2281,2015,0.8021
2281,2016,0.8118
2281,2017,0.81800002
2281,2018,0.82209998
2281,2019,0.81889999
2281,2020,0.8154
2281,2021,0.81709999
2281,2022,0.83410001
2281,2023,0.83929998
2281,2024,0.8344
2282,2006,0.7622
2282,2007,0.7626
2282,2008,0.76050001
2282,2009,0.72439998
2282,2010,0.74349999
2282,2011,0.75
2282,2012,0.76010001
2282,2013,0.7604
2282,2014,0.75840002
2282,2015,0.75629997
2282,2016,0.7529
2282,2017,0.75929999
2282,2018,0.76450002
2282,2019,0.76480001
2282,2020,0.76179999
2282,2021,0.7755
2282,2022,0.78530002
2282,2023,0.79960001
2282,2024,0.79610002
2283,2006,0.77450001
2283,2007,0.77950001
2283,2008,0.77859998
2283,2009,0.75029999
2283,2010,0.74839997
2283,2011,0.76359999
2283,2012,0.77569997
2283,2013,0.77460003
2283,2014,0.77079999
2283,2015,0.76849997
2283,2016,0.77560002
2283,2017,0.78469998
2283,2018,0.78939998
2283,2019,0.79030001
2283,2020,0.7931
2283,2021,0.8039
2283,2022,0.81989998
2283,2023,0.82270002
2283,2024,0.8222
2284,2006,0.80849999
2284,2007,0.81550002
2284,2008,0.81389999
2284,2009,0.78460002
2284,2010,0.79119998
2284,2011,0.79939997
2284,2012,0.81050003
2284,2013,0.81489998
2284,2014,0.82190001
2284,2015,0.82389998
2284,2016,0.81800002
2284,2017,0.82099998
2284,2018,0.82690001
2284,2019,0.82309997
2284,2020,0.81720001
2284,2021,0.82800001
2284,2022,0.84439999
2284,2023,0.85170001
2284,2024,0.85250002
2303,2006,0.79070002
2303,2007,0.8017
2303,2008,0.7906
2303,2009,0.74949998
2303,2010,0.75819999
2303,2011,0.77340001
2303,2012,0.76370001
2303,2013,0.78280002
2303,2014,0.78579998
2303,2015,0.78390002
2303,2016,0.78759998
2303,2017,0.78549999
2303,2018,0.8075
2303,2019,0.80800003
2303,2020,0.82389998
2303,2021,0.81709999
2303,2022,0.83240002
2303,2023,0.8369
2303,2024,0.83109999
2305,2006,0.76620001
2305,2007,0.77859998
2305,2008,0.77310002
2305,2009,0.74409997
2305,2010,0.74589998
2305,2011,0.7597
2305,2012,0.75830001
2305,2013,0.77640003
2305,2014,0.76779997
2305,2015,0.7658
2305,2016,0.77160001
2305,2017,0.78189999
2305,2018,0.78689998
2305,2019,0.78780001
2305,2020,0.7798
2305,2021,0.80720001
2305,2022,0.81300002
2305,2023,0.8251
2305,2024,0.8204
2309,2006,0.81279999
2309,2007,0.82440001
2309,2008,0.81349999
2309,2009,0.80110002
2309,2010,0.80720001
2309,2011,0.83380002
2309,2012,0.83420002
2309,2013,0.83429998
2309,2014,0.83139998
2309,2015,0.84179997
2309,2016,0.85009998
2309,2017,0.85540003
2309,2018,0.86379999
2309,2019,0.86989999
2309,2020,0.86589998
2309,2021,0.87089998
2309,2022,0.89490002
2309,2023,0.89319998
2309,2024,0.89310002
2313,2006,0.77689999
2313,2007,0.79030001
2313,2008,0.77399999
2313,2009,0.74870002
2313,2010,0.76069999
2313,2011,0.77380002
2313,2012,0.78549999
2313,2013,0.78719997
2313,2014,0.78799999
2313,2015,0.7902
2313,2016,0.79350001
2313,2017,0.80320001
2313,2018,0.81300002
2313,2019,0.80519998
2313,2020,0.8028
2313,2021,0.8161
2313,2022,0.83840001
2313,2023,0.82319999
2313,2024,0.82069999
2321,2006,0.81550002
2321,2007,0.82950002
2321,2008,0.82190001
2321,2009,0.7942
2321,2010,0.81199998
2321,2011,0.8168
2321,2012,0.81760001
2321,2013,0.80930001
2321,2014,0.80830002
2321,2015,0.81459999
2321,2016,0.82099998
2321,2017,0.83389997
2321,2018,0.83990002
2321,2019,0.81870002
2321,2020,0.81760001
2321,2021,0.8344
2321,2022,0.87150002
2321,2023,0.8682
2321,2024,0.86379999
2326,2006,0.81470001
2326,2007,0.82349998
2326,2008,0.81849998
2326,2009,0.78799999
2326,2010,0.78820002
2326,2011,0.80470002
2326,2012,0.80629998
2326,2013,0.81580001
2326,2014,0.81260002
2326,2015,0.815
2326,2016,0.81480002
2326,2017,0.81870002
2326,2018,0.83039999
2326,2019,0.83920002
2326,2020,0.83560002
2326,2021,0.84640002
2326,2022,0.85500002
2326,2023,0.85039997
2326,2024,0.85680002
2361,2006,0.79589999
2361,2007,0.8132
2361,2008,0.81379998
2361,2009,0.78390002
2361,2010,0.80339998
2361,2011,0.81300002
2361,2012,0.8125
2361,2013,0.80610001
2361,2014,0.81279999
2361,2015,0.81480002
2361,2016,0.82349998
2361,2017,0.8301
2361,2018,0.83109999
2361,2019,0.81980002
2361,2020,0.81989998
2361,2021,0.83319998
2361,2022,0.8531
2361,2023,0.86070001
2361,2024,0.85110003
2380,2006,0.7827
2380,2007,0.79930001
2380,2008,0.78909999
2380,2009,0.76609999
2380,2010,0.77630001
2380,2011,0.78560001
2380,2012,0.78820002
2380,2013,0.7924
2380,2014,0.79250002
2380,2015,0.80220002
2380,2016,0.81349999
2380,2017,0.81840003
2380,2018,0.82319999
2380,2019,0.8197
2380,2020,0.8136
2380,2021,0.82959998
2380,2022,0.84579998
2380,2023,0.85140002
2380,2024,0.84249997
2401,2006,0.79180002
2401,2007,0.80549997
2401,2008,0.7992
2401,2009,0.76800001
2401,2010,0.78820002
2401,2011,0.79220003
2401,2012,0.792
2401,2013,0.78899997
2401,2014,0.792
2401,2015,0.79220003
2401,2016,0.79479998
2401,2017,0.81209999
2401,2018,0.81910002
2401,2019,0.81699997
2401,2020,0.81590003
2401,2021,0.83270001
2401,2022,0.84249997
2401,2023,0.84850001
2401,2024,0.85070002
2403,2006,0.78710002
2403,2007,0.79329997
2403,2008,0.79400003
2403,2009,0.76300001
2403,2010,0.7841
2403,2011,0.80190003
2403,2012,0.7978
2403,2013,0.79100001
2403,2014,0.79430002
2403,2015,0.80360001
2403,2016,0.8175
2403,2017,0.83590001
2403,2018,0.83429998
2403,2019,0.83520001
2403,2020,0.83149999
2403,2021,0.84310001
2403,2022,0.8603
2403,2023,0.8527
2403,2024,0.84930003
2404,2006,0.80449998
2404,2007,0.82319999
2404,2008,0.81120002
2404,2009,0.76950002
2404,2010,0.79759997
2404,2011,0.8071
2404,2012,0.81800002
2404,2013,0.82139999
2404,2014,0.81400001
2404,2015,0.82090002
2404,2016,0.82279998
2404,2017,0.82450002
2404,2018,0.82669997
2404,2019,0.83789998
2404,2020,0.8229
2404,2021,0.84259999
2404,2022,0.85780001
2404,2023,0.86119998
2404,2024,0.85350001
2409,2006,0.82370001
2409,2007,0.83279997
2409,2008,0.82730001
2409,2009,0.78969997
2409,2010,0.80500001
2409,2011,0.82450002
2409,2012,0.8258
2409,2013,0.82260001
2409,2014,0.82929999
2409,2015,0.8107
2409,2016,0.81220001
2409,2017,0.82160002
2409,2018,0.83249998
2409,2019,0.84310001
2409,2020,0.83850002
2409,2021,0.85140002
2409,2022,0.86299998
2409,2023,0.87010002
2409,2024,0.86189997
2417,2006,0.82080001
2417,2007,0.82969999
2417,2008,0.81120002
2417,2009,0.76630002
2417,2010,0.7823
2417,2011,0.80549997
2417,2012,0.82209998
2417,2013,0.81059998
2417,2014,0.80419999
2417,2015,0.81389999
2417,2016,0.81379998
2417,2017,0.82340002
2417,2018,0.82660002
2417,2019,0.83600003
2417,2020,0.84429997
2417,2021,0.8448
2417,2022,0.85689998
2417,2023,0.85259998
2417,2024,0.8567
2418,2006,0.82480001
2418,2007,0.81400001
2418,2008,0.79909998
2418,2009,0.77819997
2418,2010,0.80690002
2418,2011,0.81940001
2418,2012,0.83179998
2418,2013,0.82880002
2418,2014,0.83459997
2418,2015,0.847
2418,2016,0.86739999
2418,2017,0.8696
2418,2018,0.85900003
2418,2019,0.86150002
2418,2020,0.85399997
2418,2021,0.86250001
2418,2022,0.86299998
2418,2023,0.87440002
2418,2024,0.87529999
2421,2006,0.76029998
2421,2007,0.79689997
2421,2008,0.78719997
2421,2009,0.76310003
2421,2010,0.7913
2421,2011,0.80059999
2421,2012,0.79890001
2421,2013,0.80479997
2421,2014,0.8075
2421,2015,0.80129999
2421,2016,0.81040001
2421,2017,0.8107
2421,2018,0.81080002
2421,2019,0.82139999
2421,2020,0.82230002
2421,2021,0.82630002
2421,2022,0.85119998
2421,2023,0.86870003
2421,2024,0.85640001
2422,2006,0.80659997
2422,2007,0.80769998
2422,2008,0.82139999
2422,2009,0.77490002
2422,2010,0.80199999
2422,2011,0.80589998
2422,2012,0.81629997
2422,2013,0.83389997
2422,2014,0.84439999
2422,2015,0.8513
2422,2016,0.86180001
2422,2017,0.8664
2422,2018,0.85500002
2422,2019,0.85089999
2422,2020,0.8466
2422,2021,0.85689998
2422,2022,0.86290002
2422,2023,0.88630003
2422,2024,0.86949998
2425,2006,0.77960002
2425,2007,0.82069999
2425,2008,0.81129998
2425,2009,0.77649999
2425,2010,0.81470001
2425,2011,0.82709998
2425,2012,0.8179
2425,2013,0.81590003
2425,2014,0.82810003
2425,2015,0.80250001
2425,2016,0.81330001
2425,2017,0.8125
2425,2018,0.82169998
2425,2019,0.82059997
2425,2020,0.83020002
2425,2021,0.84640002
2425,2022,0.85879999
2425,2023,0.85939997
2425,2024,0.84219998
2460,2006,0.81870002
2460,2007,0.8294
2460,2008,0.82819998
2460,2009,0.8071
2460,2010,0.81569999
2460,2011,0.81800002
2460,2012,0.80930001
2460,2013,0.82279998
2460,2014,0.8301
2460,2015,0.82669997
2460,2016,0.8348
2460,2017,0.8387
2460,2018,0.83999997
2460,2019,0.83859998
2460,2020,0.83569998
2460,2021,0.8441
2460,2022,0.86309999
2460,2023,0.8761
2460,2024,0.8696
2462,2006,0.76090002
2462,2007,0.77039999
2462,2008,0.7726
2462,2009,0.74479997
2462,2010,0.75620002
2462,2011,0.77109998
2462,2012,0.76620001
2462,2013,0.76660001
2462,2014,0.78680003
2462,2015,0.78189999
2462,2016,0.78490001
2462,2017,0.7852
2462,2018,0.80629998
2462,2019,0.82179999
2462,2020,0.80989999
2462,2021,0.82319999
2462,2022,0.8391
2462,2023,0.8488
2462,2024,0.84299999
2463,2006,0.75489998
2463,2007,0.76840001
2463,2008,0.77069998
2463,2009,0.72820002
2463,2010,0.75709999
2463,2011,0.77060002
2463,2012,0.76389998
2463,2013,0.77630001
2463,2014,0.7766
2463,2015,0.7687
2463,2016,0.75139999
2463,2017,0.76370001
2463,2018,0.77579999
2463,2019,0.79640001
2463,2020,0.79500002
2463,2021,0.79449999
2463,2022,0.82020003
2463,2023,0.8348
2463,2024,0.82700002
2480,2006,0.74309999
2480,2007,0.75880003
2480,2008,0.755
2480,2009,0.72320002
2480,2010,0.74089998
2480,2011,0.74650002
2480,2012,0.75709999
2480,2013,0.76029998
2480,2014,0.76179999
2480,2015,0.77270001
2480,2016,0.78109998
2480,2017,0.78210002
2480,2018,0.78399998
2480,2019,0.78049999
2480,2020,0.7683
2480,2021,0.77990001
2480,2022,0.79790002
2480,2023,0.80400002
2480,2024,0.79519999
2481,2006,0.78280002
2481,2007,0.80250001
2481,2008,0.8039
2481,2009,0.77719998
2481,2010,0.7949
2481,2011,0.81449997
2481,2012,0.81699997
2481,2013,0.8107
2481,2014,0.81059998
2481,2015,0.8071
2481,2016,0.81900001
2481,2017,0.81940001
2481,2018,0.82230002
2481,2019,0.83200002
2481,2020,0.82779998
2481,2021,0.83520001
2481,2022,0.85409999
2481,2023,0.85369998
2481,2024,0.85110003
2482,2006,0.78439999
2482,2007,0.80229998
2482,2008,0.8021
2482,2009,0.77450001
2482,2010,0.79140002
2482,2011,0.80129999
2482,2012,0.80790001
2482,2013,0.8071
2482,2014,0.80800003
2482,2015,0.81290001
2482,2016,0.82279998
2482,2017,0.82499999
2482,2018,0.83099997
2482,2019,0.83380002
2482,2020,0.82749999
2482,2021,0.83759999
2482,2022,0.85530001
2482,2023,0.86519998
2482,2024,0.85879999
2505,2006,0.80479997
2505,2007,0.8064
2505,2008,0.80659997
2505,2009,0.78469998
2505,2010,0.80559999
2505,2011,0.82190001
2505,2012,0.82169998
2505,2013,0.82099998
2505,2014,0.81739998
2505,2015,0.83389997
2505,2016,0.8387
2505,2017,0.82410002
2505,2018,0.84130001
2505,2019,0.8319
2505,2020,0.82249999
2505,2021,0.82550001
2505,2022,0.85320002
2505,2023,0.86489999
2505,2024,0.85780001
2506,2006,0.79100001
2506,2007,0.80549997
2506,2008,0.7949
2506,2009,0.78530002
2506,2010,0.79149997
2506,2011,0.80870003
2506,2012,0.82260001
2506,2013,0.83969998
2506,2014,0.84350002
2506,2015,0.83340001
2506,2016,0.85219997
2506,2017,0.8484
2506,2018,0.84280002
2506,2019,0.8186
2506,2020,0.833
2506,2021,0.85409999
2506,2022,0.87159997
2506,2023,0.87720001
2506,2024,0.87239999
2510,2006,0.7723
2510,2007,0.79360002
2510,2008,0.80239999
2510,2009,0.78179997
2510,2010,0.79299998
2510,2011,0.79390001
2510,2012,0.8017
2510,2013,0.82300001
2510,2014,0.82969999
2510,2015,0.82599998
2510,2016,0.82590002
2510,2017,0.83069998
2510,2018,0.84509999
2510,2019,0.83899999
2510,2020,0.83770001
2510,2021,0.84630001
2510,2022,0.8531
2510,2023,0.8624
2510,2024,0.87180001
2513,2006,0.73860002
2513,2007,0.7755
2513,2008,0.76139998
2513,2009,0.74049997
2513,2010,0.75440001
2513,2011,0.77859998
2513,2012,0.77899998
2513,2013,0.81010002
2513,2014,0.80870003
2513,2015,0.8075
2513,2016,0.80229998
2513,2017,0.80839998
2513,2018,0.81550002
2513,2019,0.81370002
2513,2020,0.82880002
2513,2021,0.82740003
2513,2022,0.82279998
2513,2023,0.82300001
2513,2024,0.82539999
2514,2006,0.75529999
2514,2007,0.7762
2514,2008,0.7694
2514,2009,0.74400002
2514,2010,0.76020002
2514,2011,0.77810001
2514,2012,0.78680003
2514,2013,0.79140002
2514,2014,0.79460001
2514,2015,0.80320001
2514,2016,0.81029999
2514,2017,0.81410003
2514,2018,0.82419997
2514,2019,0.81840003
2514,2020,0.8118
2514,2021,0.82179999
2514,2022,0.83920002
2514,2023,0.83569998
2514,2024,0.83450001
2518,2006,0.72229999
2518,2007,0.74919999
2518,2008,0.73369998
2518,2009,0.70569998
2518,2010,0.73100001
2518,2011,0.75080001
2518,2012,0.75379997
2518,2013,0.745
2518,2014,0.74239999
2518,2015,0.76520002
2518,2016,0.76819998
2518,2017,0.7687
2518,2018,0.77679998
2518,2019,0.77880001
2518,2020,0.7823
2518,2021,0.79259998
2518,2022,0.82410002
2518,2023,0.8301
2518,2024,0.81779999
2521,2006,0.73869997
2521,2007,0.78030002
2521,2008,0.7701
2521,2009,0.7317
2521,2010,0.76389998
2521,2011,0.78259999
2521,2012,0.79799998
2521,2013,0.81120002
2521,2014,0.8204
2521,2015,0.79909998
2521,2016,0.79119998
2521,2017,0.79839998
2521,2018,0.80879998
2521,2019,0.81
2521,2020,0.82429999
2521,2021,0.83099997
2521,2022,0.83719999
2521,2023,0.85729998
2521,2024,0.86220002
2523,2006,0.78920001
2523,2007,0.80190003
2523,2008,0.81510001
2523,2009,0.79290003
2523,2010,0.81480002
2523,2011,0.82779998
2523,2012,0.8294
2523,2013,0.84009999
2523,2014,0.84939998
2523,2015,0.85729998
2523,2016,0.86210001
2523,2017,0.86220002
2523,2018,0.86720002
2523,2019,0.86000001
2523,2020,0.86619997
2523,2021,0.87239999
2523,2022,0.88429999
2523,2023,0.89130002
2523,2024,0.89090002
2560,2006,0.76440001
2560,2007,0.78539997
2560,2008,0.78670001
2560,2009,0.75669998
2560,2010,0.76300001
2560,2011,0.7744
2560,2012,0.78839999
2560,2013,0.78490001
2560,2014,0.79000002
2560,2015,0.79409999
2560,2016,0.8143
2560,2017,0.80190003
2560,2018,0.80909997
2560,2019,0.8017
2560,2020,0.79769999
2560,2021,0.80610001
2560,2022,0.83039999
2560,2023,0.84429997
2560,2024,0.83859998
2580,2006,0.74800003
2580,2007,0.76779997
2580,2008,0.76599997
2580,2009,0.7367
2580,2010,0.75319999
2580,2011,0.764
2580,2012,0.77740002
2580,2013,0.78039998
2580,2014,0.78460002
2580,2015,0.79369998
2580,2016,0.80059999
2580,2017,0.8021
2580,2018,0.80510002
2580,2019,0.7949
2580,2020,0.7913
2580,2021,0.7974
2580,2022,0.8161
2580,2023,0.82529998
2580,2024,0.82709998
2581,2006,0.77399999
2581,2007,0.78820002
2581,2008,0.7877
2581,2009,0.76440001
2581,2010,0.77579999
2581,2011,0.78390002
2581,2012,0.7942
2581,2013,0.80080003
2581,2014,0.8053
2581,2015,0.81470001
2581,2016,0.81879997
2581,2017,0.81919998
2581,2018,0.82700002
2581,2019,0.83060002
2581,2020,0.82840002
2581,2021,0.8348
2581,2022,0.8538
2581,2023,0.85790002
2581,2024,0.85900003
2582,2006,0.76810002
2582,2007,0.77999997
2582,2008,0.77789998
2582,2009,0.75700003
2582,2010,0.7669
2582,2011,0.7773
2582,2012,0.78250003
2582,2013,0.78920001
2582,2014,0.79589999
2582,2015,0.80500001
2582,2016,0.81349999
2582,2017,0.815
2582,2018,0.82910001
2582,2019,0.82319999
2582,2020,0.82200003
2582,2021,0.82550001
2582,2022,0.8477
2582,2023,0.8527
2582,2024,0.8549
2583,2006,0.61510003
2583,2007,0.64120001
2583,2008,0.6293
2583,2009,0.6002
2583,2010,0.6135
2583,2011,0.639
2583,2012,0.64950001
2583,2013,0.66049999
2583,2014,0.67040002
2583,2015,0.66829997
2583,2016,0.6803
2583,2017,0.69480002
2583,2018,0.69950002
2583,2019,0.7026
2583,2020,0.70109999
2583,2021,0.72109997
2583,2022,0.78170002
2583,2023,0.79089999
2583,2024,0.76620001
2584,2006,0.80510002
2584,2007,0.82700002
2584,2008,0.83099997
2584,2009,0.80860001
2584,2010,0.83380002
2584,2011,0.85009998
2584,2012,0.86479998
2584,2013,0.8646
2584,2014,0.86659998
2584,2015,0.86909997
2584,2016,0.8678
2584,2017,0.86610001
2584,2018,0.86989999
2584,2019,0.86129999
2584,2020,0.85600001
2584,2021,0.86309999
2584,2022,0.86729997
2584,2023,0.87169999
2584,2024,0.8653
