kommun,year,andel_slutenvard
0114,2006,0.081900001
0114,2007,0.085100003
0114,2008,0.085500002
0114,2009,0.090000004
0114,2010,0.087499999
0114,2011,0.090800002
0114,2012,0.092600003
0114,2013,0.090000004
0114,2014,0.084700003
0114,2015,0.085000001
0114,2016,0.081900001
0114,2017,0.080499999
0114,2018,0.075000003
0114,2019,0.072499998
0114,2020,0.069499999
0114,2021,0.0722
0114,2022,0.071599998
0114,2023,0.070299998
0114,2024,0.068999998
0114,2025,0.070200004
0115,2006,0.076099999
0115,2007,0.078299999
0115,2008,0.080200002
0115,2009,0.082900003
0115,2010,0.080499999
0115,2011,0.083700001
0115,2012,0.080700003
0115,2013,0.082400002
0115,2014,0.077399999
0115,2015,0.077299997
0115,2016,0.078500003
0115,2017,0.074500002
0115,2018,0.070200004
0115,2019,0.068999998
0115,2020,0.065300003
0115,2021,0.064900003
0115,2022,0.067400001
0115,2023,0.067000002
0115,2024,0.068000004
0115,2025,0.066100001
0117,2006,0.0788
0117,2007,0.078400001
0117,2008,0.081600003
0117,2009,0.085299999
0117,2010,0.081900001
0117,2011,0.086900003
0117,2012,0.086099997
0117,2013,0.083800003
0117,2014,0.081299998
0117,2015,0.080799997
0117,2016,0.078900002
0117,2017,0.075499997
0117,2018,0.072899997
0117,2019,0.073399998
0117,2020,0.070200004
0117,2021,0.068400003
0117,2022,0.071099997
0117,2023,0.071099997
0117,2024,0.070900001
0117,2025,0.072700001
0120,2006,0.078599997
0120,2007,0.079300001
0120,2008,0.0836
0120,2009,0.082999997
0120,2010,0.0832
0120,2011,0.0832
0120,2012,0.085100003
0120,2013,0.085100003
0120,2014,0.0845
0120,2015,0.079899997
0120,2016,0.077699997
0120,2017,0.076499999
0120,2018,0.071500003
0120,2019,0.071500003
0120,2020,0.0678
0120,2021,0.068999998
0120,2022,0.071400002
0120,2023,0.071599998
0120,2024,0.074600004
0120,2025,0.077299997
0123,2006,0.079800002
0123,2007,0.082900003
0123,2008,0.082800001
0123,2009,0.087800004
0123,2010,0.086400002
0123,2011,0.086199999
0123,2012,0.086000003
0123,2013,0.085600004
0123,2014,0.0814
0123,2015,0.080899999
0123,2016,0.078299999
0123,2017,0.076700002
0123,2018,0.073600002
0123,2019,0.075099997
0123,2020,0.068400003
0123,2021,0.069899999
0123,2022,0.0691
0123,2023,0.067900002
0123,2024,0.069300003
0123,2025,0.069799997
0125,2006,0.078199998
0125,2007,0.077399999
0125,2008,0.080700003
0125,2009,0.080700003
0125,2010,0.081600003
0125,2011,0.083700001
0125,2012,0.081799999
0125,2013,0.081
0125,2014,0.079300001
0125,2015,0.081799999
0125,2016,0.077399999
0125,2017,0.077799998
0125,2018,0.074600004
0125,2019,0.077799998
0125,2020,0.071199998
0125,2021,0.072800003
0125,2022,0.071400002
0125,2023,0.071099997
0125,2024,0.0748
0125,2025,0.078199998
0126,2006,0.081500001
0126,2007,0.0792
0126,2008,0.083999999
0126,2009,0.083099999
0126,2010,0.083099999
0126,2011,0.083400004
0126,2012,0.080600001
0126,2013,0.079300001
0126,2014,0.077799998
0126,2015,0.075900003
0126,2016,0.075999998
0126,2017,0.071900003
0126,2018,0.069899999
0126,2019,0.068099998
0126,2020,0.066100001
0126,2021,0.068000004
0126,2022,0.0682
0126,2023,0.068499997
0126,2024,0.070600003
0126,2025,0.070699997
0127,2006,0.081799999
0127,2007,0.082000002
0127,2008,0.0832
0127,2009,0.084700003
0127,2010,0.085600004
0127,2011,0.086400002
0127,2012,0.084399998
0127,2013,0.082800001
0127,2014,0.081
0127,2015,0.081200004
0127,2016,0.078000002
0127,2017,0.076399997
0127,2018,0.074000001
0127,2019,0.0722
0127,2020,0.0713
0127,2021,0.074699998
0127,2022,0.072899997
0127,2023,0.071999997
0127,2024,0.074299999
0127,2025,0.076099999
0128,2006,0.081299998
0128,2007,0.081100002
0128,2008,0.085199997
0128,2009,0.076200001
0128,2010,0.0814
0128,2011,0.085000001
0128,2012,0.082500003
0128,2013,0.079899997
0128,2014,0.081699997
0128,2015,0.078299999
0128,2016,0.074500002
0128,2017,0.075199999
0128,2018,0.075099997
0128,2019,0.070900001
0128,2020,0.072099999
0128,2021,0.075999998
0128,2022,0.075300001
0128,2023,0.074699998
0128,2024,0.077299997
0128,2025,0.081299998
0136,2006,0.081900001
0136,2007,0.084399998
0136,2008,0.086099997
0136,2009,0.086199999
0136,2010,0.088399999
0136,2011,0.0867
0136,2012,0.087099999
0136,2013,0.087300003
0136,2014,0.087200001
0136,2015,0.084399998
0136,2016,0.082199998
0136,2017,0.080200002
0136,2018,0.077500001
0136,2019,0.075599998
0136,2020,0.072499998
0136,2021,0.074100003
0136,2022,0.071500003
0136,2023,0.069600001
0136,2024,0.073299997
0136,2025,0.0748
0138,2006,0.076700002
0138,2007,0.078299999
0138,2008,0.080700003
0138,2009,0.080700003
0138,2010,0.080700003
0138,2011,0.082699999
0138,2012,0.081200004
0138,2013,0.084100001
0138,2014,0.084700003
0138,2015,0.083400004
0138,2016,0.0788
0138,2017,0.074600004
0138,2018,0.075900003
0138,2019,0.0735
0138,2020,0.0682
0138,2021,0.0722
0138,2022,0.069899999
0138,2023,0.070799999
0138,2024,0.075400002
0138,2025,0.0766
0139,2006,0.086300001
0139,2007,0.0836
0139,2008,0.084700003
0139,2009,0.0858
0139,2010,0.0876
0139,2011,0.089400001
0139,2012,0.091399997
0139,2013,0.090300001
0139,2014,0.0858
0139,2015,0.088100001
0139,2016,0.081900001
0139,2017,0.076499999
0139,2018,0.076300003
0139,2019,0.074299999
0139,2020,0.070299998
0139,2021,0.070299998
0139,2022,0.066500001
0139,2023,0.066299997
0139,2024,0.068899997
0139,2025,0.067599997
0140,2006,0.079400003
0140,2007,0.076200001
0140,2008,0.083700001
0140,2009,0.083099999
0140,2010,0.079800002
0140,2011,0.084100001
0140,2012,0.080399998
0140,2013,0.081100002
0140,2014,0.075999998
0140,2015,0.077399999
0140,2016,0.0748
0140,2017,0.071900003
0140,2018,0.070200004
0140,2019,0.073700003
0140,2020,0.070600003
0140,2021,0.0748
0140,2022,0.073299997
0140,2023,0.072999999
0140,2024,0.074000001
0140,2025,0.080600001
0160,2006,0.078100003
0160,2007,0.077299997
0160,2008,0.078500003
0160,2009,0.084100001
0160,2010,0.083700001
0160,2011,0.081900001
0160,2012,0.081699997
0160,2013,0.0814
0160,2014,0.076899998
0160,2015,0.077699997
0160,2016,0.074900001
0160,2017,0.0713
0160,2018,0.069300003
0160,2019,0.069300003
0160,2020,0.064800002
0160,2021,0.065700002
0160,2022,0.066200003
0160,2023,0.064999998
0160,2024,0.067699999
0160,2025,0.067699999
0162,2006,0.081200004
0162,2007,0.0836
0162,2008,0.0836
0162,2009,0.0836
0162,2010,0.082500003
0162,2011,0.082699999
0162,2012,0.079499997
0162,2013,0.079800002
0162,2014,0.076099999
0162,2015,0.075499997
0162,2016,0.074500002
0162,2017,0.073100001
0162,2018,0.068400003
0162,2019,0.067900002
0162,2020,0.065899998
0162,2021,0.064099997
0162,2022,0.067400001
0162,2023,0.065200001
0162,2024,0.068700001
0162,2025,0.069300003
0163,2006,0.078000002
0163,2007,0.0788
0163,2008,0.080200002
0163,2009,0.081299998
0163,2010,0.080499999
0163,2011,0.0792
0163,2012,0.079899997
0163,2013,0.079099998
0163,2014,0.0766
0163,2015,0.075099997
0163,2016,0.073200002
0163,2017,0.071500003
0163,2018,0.067900002
0163,2019,0.068400003
0163,2020,0.062100001
0163,2021,0.0647
0163,2022,0.063699998
0163,2023,0.064599998
0163,2024,0.065899998
0163,2025,0.065700002
0180,2006,0.085299999
0180,2007,0.084799998
0180,2008,0.085600004
0180,2009,0.087399997
0180,2010,0.087499999
0180,2011,0.088
0180,2012,0.086999997
0180,2013,0.086400002
0180,2014,0.084200002
0180,2015,0.0832
0180,2016,0.079999998
0180,2017,0.077200003
0180,2018,0.074699998
0180,2019,0.074299999
0180,2020,0.070200004
0180,2021,0.071000002
0180,2022,0.070200004
0180,2023,0.070699997
0180,2024,0.072800003
0180,2025,0.073799998
0181,2006,0.0911
0181,2007,0.090999998
0181,2008,0.093099996
0181,2009,0.092699997
0181,2010,0.094999999
0181,2011,0.095899999
0181,2012,0.094899997
0181,2013,0.091799997
0181,2014,0.088399999
0181,2015,0.0854
0181,2016,0.081699997
0181,2017,0.079700001
0181,2018,0.076800004
0181,2019,0.077200003
0181,2020,0.077299997
0181,2021,0.077799998
0181,2022,0.076800004
0181,2023,0.078299999
0181,2024,0.081200004
0181,2025,0.082800001
0182,2006,0.078900002
0182,2007,0.079599999
0182,2008,0.081600003
0182,2009,0.080899999
0182,2010,0.082599998
0182,2011,0.079700001
0182,2012,0.081
0182,2013,0.082500003
0182,2014,0.079800002
0182,2015,0.078100003
0182,2016,0.073200002
0182,2017,0.071199998
0182,2018,0.068499997
0182,2019,0.069399998
0182,2020,0.0647
0182,2021,0.067500003
0182,2022,0.065200001
0182,2023,0.064599998
0182,2024,0.068000004
0182,2025,0.069600001
0183,2006,0.084299996
0183,2007,0.080799997
0183,2008,0.084299996
0183,2009,0.0858
0183,2010,0.088299997
0183,2011,0.0898
0183,2012,0.0876
0183,2013,0.084799998
0183,2014,0.084799998
0183,2015,0.079899997
0183,2016,0.074199997
0183,2017,0.074100003
0183,2018,0.073399998
0183,2019,0.071099997
0183,2020,0.070200004
0183,2021,0.07
0183,2022,0.067199998
0183,2023,0.067599997
0183,2024,0.067699999
0183,2025,0.069200002
0184,2006,0.085500002
0184,2007,0.082900003
0184,2008,0.084399998
0184,2009,0.084600002
0184,2010,0.085199997
0184,2011,0.085600004
0184,2012,0.085000001
0184,2013,0.081799999
0184,2014,0.082099997
0184,2015,0.079400003
0184,2016,0.075000003
0184,2017,0.072999999
0184,2018,0.072700001
0184,2019,0.0735
0184,2020,0.068400003
0184,2021,0.066500001
0184,2022,0.066500001
0184,2023,0.067000002
0184,2024,0.0678
0184,2025,0.067599997
0186,2006,0.084899999
0186,2007,0.0832
0186,2008,0.081799999
0186,2009,0.085299999
0186,2010,0.085900001
0186,2011,0.087499999
0186,2012,0.085100003
0186,2013,0.085000001
0186,2014,0.082900003
0186,2015,0.081299998
0186,2016,0.078400001
0186,2017,0.077699997
0186,2018,0.072999999
0186,2019,0.072899997
0186,2020,0.065700002
0186,2021,0.0682
0186,2022,0.070699997
0186,2023,0.068099998
0186,2024,0.070500001
0186,2025,0.071599998
0187,2006,0.079999998
0187,2007,0.079800002
0187,2008,0.084899999
0187,2009,0.083099999
0187,2010,0.082699999
0187,2011,0.084600002
0187,2012,0.088100001
0187,2013,0.080499999
0187,2014,0.0836
0187,2015,0.074699998
0187,2016,0.078400001
0187,2017,0.0757
0187,2018,0.069499999
0187,2019,0.071099997
0187,2020,0.068700001
0187,2021,0.068099998
0187,2022,0.073899999
0187,2023,0.071800001
0187,2024,0.075599998
0187,2025,0.074900001
0188,2006,0.095799997
0188,2007,0.094899997
0188,2008,0.098399997
0188,2009,0.1009
0188,2010,0.1038
0188,2011,0.1055
0188,2012,0.1003
0188,2013,0.1022
0188,2014,0.1026
0188,2015,0.0964
0188,2016,0.094499998
0188,2017,0.096199997
0188,2018,0.091300003
0188,2019,0.088600002
0188,2020,0.080899999
0188,2021,0.087300003
0188,2022,0.089599997
0188,2023,0.091399997
0188,2024,0.093999997
0188,2025,0.0955
0191,2006,0.080600001
0191,2007,0.082599998
0191,2008,0.083400004
0191,2009,0.087300003
0191,2010,0.087700002
0191,2011,0.090400003
0191,2012,0.087700002
0191,2013,0.088399999
0191,2014,0.082599998
0191,2015,0.084700003
0191,2016,0.081100002
0191,2017,0.075900003
0191,2018,0.073200002
0191,2019,0.071400002
0191,2020,0.066299997
0191,2021,0.069700003
0191,2022,0.065499999
0191,2023,0.064999998
0191,2024,0.068800002
0191,2025,0.07
0192,2006,0.0898
0192,2007,0.0889
0192,2008,0.092500001
0192,2009,0.093099996
0192,2010,0.098200001
0192,2011,0.093900003
0192,2012,0.097000003
0192,2013,0.093900003
0192,2014,0.094599999
0192,2015,0.095600002
0192,2016,0.090400003
0192,2017,0.087099999
0192,2018,0.088
0192,2019,0.081799999
0192,2020,0.074699998
0192,2021,0.080300003
0192,2022,0.081299998
0192,2023,0.0854
0192,2024,0.085900001
0192,2025,0.090899996
0305,2006,0.079899997
0305,2007,0.076200001
0305,2008,0.0854
0305,2009,0.081500001
0305,2010,0.084600002
0305,2011,0.082099997
0305,2012,0.085000001
0305,2013,0.079000004
0305,2014,0.077699997
0305,2015,0.0748
0305,2016,0.074500002
0305,2017,0.069300003
0305,2018,0.070100002
0305,2019,0.068499997
0305,2020,0.061000001
0305,2021,0.063500002
0305,2022,0.060800001
0305,2023,0.0656
0305,2024,0.062799998
0305,2025,0.066600002
0319,2006,0.089000002
0319,2007,0.0942
0319,2008,0.1007
0319,2009,0.1008
0319,2010,0.1044
0319,2011,0.1076
0319,2012,0.1029
0319,2013,0.095600002
0319,2014,0.0942
0319,2015,0.083999999
0319,2016,0.0845
0319,2017,0.084799998
0319,2018,0.082099997
0319,2019,0.078400001
0319,2020,0.081799999
0319,2021,0.080700003
0319,2022,0.075499997
0319,2023,0.0792
0319,2024,0.073700003
0319,2025,0.077600002
0330,2006,0.075400002
0330,2007,0.074699998
0330,2008,0.075400002
0330,2009,0.077600002
0330,2010,0.078100003
0330,2011,0.074199997
0330,2012,0.0744
0330,2013,0.072499998
0330,2014,0.067000002
0330,2015,0.067299999
0330,2016,0.0647
0330,2017,0.063900001
0330,2018,0.0603
0330,2019,0.058800001
0330,2020,0.056200001
0330,2021,0.055300001
0330,2022,0.056299999
0330,2023,0.0548
0330,2024,0.053300001
0330,2025,0.055399999
0331,2006,0.093099996
0331,2007,0.090400003
0331,2008,0.0977
0331,2009,0.096199997
0331,2010,0.1039
0331,2011,0.102
0331,2012,0.103
0331,2013,0.099399999
0331,2014,0.094499998
0331,2015,0.0942
0331,2016,0.084600002
0331,2017,0.081500001
0331,2018,0.076899998
0331,2019,0.081200004
0331,2020,0.071599998
0331,2021,0.079099998
0331,2022,0.070200004
0331,2023,0.077399999
0331,2024,0.071199998
0331,2025,0.076099999
0360,2006,0.092900001
0360,2007,0.093500003
0360,2008,0.092600003
0360,2009,0.098399997
0360,2010,0.098499998
0360,2011,0.095799997
0360,2012,0.098200001
0360,2013,0.094700001
0360,2014,0.091700003
0360,2015,0.094499998
0360,2016,0.083300002
0360,2017,0.081900001
0360,2018,0.078699999
0360,2019,0.080700003
0360,2020,0.073100001
0360,2021,0.0735
0360,2022,0.0735
0360,2023,0.068400003
0360,2024,0.066200003
0360,2025,0.0722
0380,2006,0.080399998
0380,2007,0.079099998
0380,2008,0.080499999
0380,2009,0.081100002
0380,2010,0.081500001
0380,2011,0.080200002
0380,2012,0.081200004
0380,2013,0.076399997
0380,2014,0.074500002
0380,2015,0.0726
0380,2016,0.069600001
0380,2017,0.066699997
0380,2018,0.066500001
0380,2019,0.0638
0380,2020,0.061099999
0380,2021,0.060899999
0380,2022,0.058200002
0380,2023,0.058699999
0380,2024,0.058200002
0380,2025,0.059099998
0381,2006,0.095100001
0381,2007,0.088699996
0381,2008,0.096100003
0381,2009,0.093699999
0381,2010,0.0955
0381,2011,0.096699998
0381,2012,0.098499998
0381,2013,0.093999997
0381,2014,0.089900002
0381,2015,0.087700002
0381,2016,0.083899997
0381,2017,0.079400003
0381,2018,0.080399998
0381,2019,0.079000004
0381,2020,0.072999999
0381,2021,0.070100002
0381,2022,0.068000004
0381,2023,0.0678
0381,2024,0.068999998
0381,2025,0.071199998
0382,2006,0.090800002
0382,2007,0.089599997
0382,2008,0.092299998
0382,2009,0.0902
0382,2010,0.094999999
0382,2011,0.092699997
0382,2012,0.090800002
0382,2013,0.089599997
0382,2014,0.083899997
0382,2015,0.083800003
0382,2016,0.081299998
0382,2017,0.076300003
0382,2018,0.078100003
0382,2019,0.075999998
0382,2020,0.074199997
0382,2021,0.073799998
0382,2022,0.075000003
0382,2023,0.074299999
0382,2024,0.071099997
0382,2025,0.074299999
0428,2006,0.085100003
0428,2007,0.086900003
0428,2008,0.0836
0428,2009,0.081100002
0428,2010,0.090400003
0428,2011,0.082400002
0428,2012,0.080499999
0428,2013,0.076499999
0428,2014,0.082099997
0428,2015,0.0832
0428,2016,0.081699997
0428,2017,0.080499999
0428,2018,0.083999999
0428,2019,0.075099997
0428,2020,0.0704
0428,2021,0.073399998
0428,2022,0.069700003
0428,2023,0.072800003
0428,2024,0.073100001
0428,2025,0.074199997
0461,2006,0.081699997
0461,2007,0.090400003
0461,2008,0.082400002
0461,2009,0.0836
0461,2010,0.0867
0461,2011,0.089900002
0461,2012,0.0876
0461,2013,0.079999998
0461,2014,0.081299998
0461,2015,0.082900003
0461,2016,0.079599999
0461,2017,0.0792
0461,2018,0.081699997
0461,2019,0.0779
0461,2020,0.071400002
0461,2021,0.075199999
0461,2022,0.079300001
0461,2023,0.074600004
0461,2024,0.081299998
0461,2025,0.084200002
0480,2006,0.089000002
0480,2007,0.091300003
0480,2008,0.090300001
0480,2009,0.095399998
0480,2010,0.092
0480,2011,0.092
0480,2012,0.091300003
0480,2013,0.084100001
0480,2014,0.086599998
0480,2015,0.084899999
0480,2016,0.083300002
0480,2017,0.082999997
0480,2018,0.0854
0480,2019,0.086000003
0480,2020,0.074500002
0480,2021,0.0801
0480,2022,0.081799999
0480,2023,0.0788
0480,2024,0.081299998
0480,2025,0.081600003
0481,2006,0.093500003
0481,2007,0.096799999
0481,2008,0.1005
0481,2009,0.101
0481,2010,0.1027
0481,2011,0.1018
0481,2012,0.1048
0481,2013,0.098899998
0481,2014,0.093900003
0481,2015,0.094999999
0481,2016,0.094499998
0481,2017,0.092600003
0481,2018,0.091600001
0481,2019,0.094499998
0481,2020,0.082900003
0481,2021,0.090999998
0481,2022,0.092399999
0481,2023,0.088399999
0481,2024,0.093599997
0481,2025,0.088
0482,2006,0.093599997
0482,2007,0.094999999
0482,2008,0.093400002
0482,2009,0.089199997
0482,2010,0.088
0482,2011,0.096000001
0482,2012,0.087899998
0482,2013,0.085600004
0482,2014,0.088699996
0482,2015,0.087499999
0482,2016,0.086199999
0482,2017,0.087700002
0482,2018,0.088
0482,2019,0.083400004
0482,2020,0.078400001
0482,2021,0.079999998
0482,2022,0.077699997
0482,2023,0.077200003
0482,2024,0.077100001
0482,2025,0.074199997
0483,2006,0.082699999
0483,2007,0.089599997
0483,2008,0.088100001
0483,2009,0.0836
0483,2010,0.086300001
0483,2011,0.084100001
0483,2012,0.084700003
0483,2013,0.083700001
0483,2014,0.083700001
0483,2015,0.082099997
0483,2016,0.078000002
0483,2017,0.078500003
0483,2018,0.078699999
0483,2019,0.076499999
0483,2020,0.067900002
0483,2021,0.070799999
0483,2022,0.069200002
0483,2023,0.069200002
0483,2024,0.072700001
0483,2025,0.069399998
0484,2006,0.093800001
0484,2007,0.0942
0484,2008,0.0964
0484,2009,0.099399999
0484,2010,0.099299997
0484,2011,0.099100001
0484,2012,0.094700001
0484,2013,0.091399997
0484,2014,0.088699996
0484,2015,0.084899999
0484,2016,0.0814
0484,2017,0.082500003
0484,2018,0.084399998
0484,2019,0.0836
0484,2020,0.077
0484,2021,0.080799997
0484,2022,0.0814
0484,2023,0.0788
0484,2024,0.079400003
0484,2025,0.079599999
0486,2006,0.085500002
0486,2007,0.0845
0486,2008,0.086900003
0486,2009,0.090499997
0486,2010,0.090499997
0486,2011,0.083899997
0486,2012,0.085900001
0486,2013,0.084200002
0486,2014,0.084299996
0486,2015,0.079700001
0486,2016,0.076800004
0486,2017,0.080300003
0486,2018,0.0792
0486,2019,0.077799998
0486,2020,0.069300003
0486,2021,0.076899998
0486,2022,0.075300001
0486,2023,0.076800004
0486,2024,0.076099999
0486,2025,0.080600001
0488,2006,0.080700003
0488,2007,0.082400002
0488,2008,0.087099999
0488,2009,0.087800004
0488,2010,0.083700001
0488,2011,0.084299996
0488,2012,0.0858
0488,2013,0.074900001
0488,2014,0.076099999
0488,2015,0.078000002
0488,2016,0.075099997
0488,2017,0.076099999
0488,2018,0.072700001
0488,2019,0.077799998
0488,2020,0.071199998
0488,2021,0.0744
0488,2022,0.07
0488,2023,0.0722
0488,2024,0.073100001
0488,2025,0.075800002
0509,2006,0.086000003
0509,2007,0.080399998
0509,2008,0.076800004
0509,2009,0.075300001
0509,2010,0.0814
0509,2011,0.079700001
0509,2012,0.086499996
0509,2013,0.083899997
0509,2014,0.081900001
0509,2015,0.081200004
0509,2016,0.085299999
0509,2017,0.076700002
0509,2018,0.080399998
0509,2019,0.077200003
0509,2020,0.073399998
0509,2021,0.073600002
0509,2022,0.068999998
0509,2023,0.070699997
0509,2024,0.072400004
0509,2025,0.080799997
0512,2006,0.0973
0512,2007,0.0995
0512,2008,0.1047
0512,2009,0.093400002
0512,2010,0.1021
0512,2011,0.096299998
0512,2012,0.1077
0512,2013,0.1169
0512,2014,0.1077
0512,2015,0.102
0512,2016,0.094999999
0512,2017,0.1026
0512,2018,0.091399997
0512,2019,0.093400002
0512,2020,0.081100002
0512,2021,0.088500001
0512,2022,0.079000004
0512,2023,0.080799997
0512,2024,0.083300002
0512,2025,0.085699998
0513,2006,0.0933
0513,2007,0.093199998
0513,2008,0.089199997
0513,2009,0.091300003
0513,2010,0.091899998
0513,2011,0.093999997
0513,2012,0.095299996
0513,2013,0.094999999
0513,2014,0.091799997
0513,2015,0.0933
0513,2016,0.096199997
0513,2017,0.083499998
0513,2018,0.086000003
0513,2019,0.081299998
0513,2020,0.075300001
0513,2021,0.075999998
0513,2022,0.072700001
0513,2023,0.074500002
0513,2024,0.072400004
0513,2025,0.071800001
0560,2006,0.085500002
0560,2007,0.088299997
0560,2008,0.078299999
0560,2009,0.085699998
0560,2010,0.087099999
0560,2011,0.081500001
0560,2012,0.088600002
0560,2013,0.087499999
0560,2014,0.085500002
0560,2015,0.082999997
0560,2016,0.082999997
0560,2017,0.078299999
0560,2018,0.080700003
0560,2019,0.074299999
0560,2020,0.067299999
0560,2021,0.069499999
0560,2022,0.068800002
0560,2023,0.066799998
0560,2024,0.074699998
0560,2025,0.078500003
0561,2006,0.0995
0561,2007,0.087200001
0561,2008,0.090400003
0561,2009,0.090499997
0561,2010,0.091399997
0561,2011,0.091399997
0561,2012,0.094499998
0561,2013,0.089400001
0561,2014,0.088100001
0561,2015,0.086300001
0561,2016,0.087099999
0561,2017,0.0867
0561,2018,0.083700001
0561,2019,0.0823
0561,2020,0.071500003
0561,2021,0.075900003
0561,2022,0.075400002
0561,2023,0.077699997
0561,2024,0.070799999
0561,2025,0.0726
0562,2006,0.0832
0562,2007,0.084700003
0562,2008,0.080899999
0562,2009,0.082900003
0562,2010,0.092600003
0562,2011,0.0911
0562,2012,0.091899998
0562,2013,0.086199999
0562,2014,0.087399997
0562,2015,0.085500002
0562,2016,0.081799999
0562,2017,0.082599998
0562,2018,0.080499999
0562,2019,0.081299998
0562,2020,0.075999998
0562,2021,0.076200001
0562,2022,0.070900001
0562,2023,0.070699997
0562,2024,0.076800004
0562,2025,0.073799998
0563,2006,0.091700003
0563,2007,0.090300001
0563,2008,0.0902
0563,2009,0.084600002
0563,2010,0.088799998
0563,2011,0.095299996
0563,2012,0.093199998
0563,2013,0.098399997
0563,2014,0.092500001
0563,2015,0.093400002
0563,2016,0.089900002
0563,2017,0.085699998
0563,2018,0.096299998
0563,2019,0.088100001
0563,2020,0.079599999
0563,2021,0.0832
0563,2022,0.084100001
0563,2023,0.083700001
0563,2024,0.087200001
0563,2025,0.091399997
0580,2006,0.089599997
0580,2007,0.088
0580,2008,0.084799998
0580,2009,0.085600004
0580,2010,0.084100001
0580,2011,0.086000003
0580,2012,0.0854
0580,2013,0.082500003
0580,2014,0.081299998
0580,2015,0.077299997
0580,2016,0.075300001
0580,2017,0.0726
0580,2018,0.071199998
0580,2019,0.069700003
0580,2020,0.064199999
0580,2021,0.064300001
0580,2022,0.061700001
0580,2023,0.061700001
0580,2024,0.061500002
0580,2025,0.061700001
0581,2006,0.087800004
0581,2007,0.084700003
0581,2008,0.083499998
0581,2009,0.085299999
0581,2010,0.087200001
0581,2011,0.087800004
0581,2012,0.087800004
0581,2013,0.086599998
0581,2014,0.084100001
0581,2015,0.080799997
0581,2016,0.079400003
0581,2017,0.079300001
0581,2018,0.076099999
0581,2019,0.077
0581,2020,0.072400004
0581,2021,0.075800002
0581,2022,0.068300001
0581,2023,0.067500003
0581,2024,0.071500003
0581,2025,0.072999999
0582,2006,0.082099997
0582,2007,0.082099997
0582,2008,0.077699997
0582,2009,0.0788
0582,2010,0.086000003
0582,2011,0.087700002
0582,2012,0.087899998
0582,2013,0.084700003
0582,2014,0.0814
0582,2015,0.081299998
0582,2016,0.0814
0582,2017,0.082199998
0582,2018,0.080700003
0582,2019,0.083999999
0582,2020,0.073399998
0582,2021,0.075400002
0582,2022,0.07
0582,2023,0.069600001
0582,2024,0.073700003
0582,2025,0.078400001
0583,2006,0.081799999
0583,2007,0.081100002
0583,2008,0.077100001
0583,2009,0.082900003
0583,2010,0.086999997
0583,2011,0.087899998
0583,2012,0.0867
0583,2013,0.087700002
0583,2014,0.086099997
0583,2015,0.081600003
0583,2016,0.079700001
0583,2017,0.078100003
0583,2018,0.077200003
0583,2019,0.076300003
0583,2020,0.070799999
0583,2021,0.074199997
0583,2022,0.069399998
0583,2023,0.072300002
0583,2024,0.072999999
0583,2025,0.075000003
0584,2006,0.0744
0584,2007,0.076200001
0584,2008,0.075900003
0584,2009,0.083800003
0584,2010,0.087399997
0584,2011,0.084299996
0584,2012,0.085000001
0584,2013,0.095399998
0584,2014,0.093199998
0584,2015,0.092900001
0584,2016,0.082099997
0584,2017,0.087499999
0584,2018,0.084100001
0584,2019,0.077500001
0584,2020,0.0757
0584,2021,0.077200003
0584,2022,0.077699997
0584,2023,0.083300002
0584,2024,0.078000002
0584,2025,0.077799998
0586,2006,0.0823
0586,2007,0.084299996
0586,2008,0.081299998
0586,2009,0.0832
0586,2010,0.086499996
0586,2011,0.084600002
0586,2012,0.084799998
0586,2013,0.087800004
0586,2014,0.085199997
0586,2015,0.080700003
0586,2016,0.078199998
0586,2017,0.075000003
0586,2018,0.0722
0586,2019,0.071999997
0586,2020,0.064900003
0586,2021,0.069399998
0586,2022,0.067500003
0586,2023,0.0682
0586,2024,0.066799998
0586,2025,0.068400003
0604,2006,0.098499998
0604,2007,0.099600002
0604,2008,0.096699998
0604,2009,0.099799998
0604,2010,0.1025
0604,2011,0.1052
0604,2012,0.1046
0604,2013,0.1004
0604,2014,0.097900003
0604,2015,0.102
0604,2016,0.1007
0604,2017,0.098300003
0604,2018,0.092500001
0604,2019,0.093199998
0604,2020,0.075400002
0604,2021,0.083099999
0604,2022,0.078000002
0604,2023,0.084100001
0604,2024,0.079700001
0604,2025,0.083800003
0617,2006,0.088399999
0617,2007,0.0911
0617,2008,0.093000002
0617,2009,0.091499999
0617,2010,0.091499999
0617,2011,0.092399999
0617,2012,0.0986
0617,2013,0.089299999
0617,2014,0.093500003
0617,2015,0.097400002
0617,2016,0.085500002
0617,2017,0.083999999
0617,2018,0.079599999
0617,2019,0.079999998
0617,2020,0.074199997
0617,2021,0.0867
0617,2022,0.076200001
0617,2023,0.074500002
0617,2024,0.076399997
0617,2025,0.078699999
0642,2006,0.098899998
0642,2007,0.102
0642,2008,0.0977
0642,2009,0.095200002
0642,2010,0.097800002
0642,2011,0.1002
0642,2012,0.1092
0642,2013,0.1017
0642,2014,0.107
0642,2015,0.097400002
0642,2016,0.097999997
0642,2017,0.089699998
0642,2018,0.095299996
0642,2019,0.097900003
0642,2020,0.086900003
0642,2021,0.089599997
0642,2022,0.089100003
0642,2023,0.087899998
0642,2024,0.087700002
0642,2025,0.083999999
0643,2006,0.0955
0643,2007,0.093699999
0643,2008,0.091700003
0643,2009,0.094400004
0643,2010,0.1011
0643,2011,0.097000003
0643,2012,0.092
0643,2013,0.092699997
0643,2014,0.093699999
0643,2015,0.093800001
0643,2016,0.086800002
0643,2017,0.082199998
0643,2018,0.081100002
0643,2019,0.083999999
0643,2020,0.075099997
0643,2021,0.077200003
0643,2022,0.073200002
0643,2023,0.072899997
0643,2024,0.073399998
0643,2025,0.072300002
0662,2006,0.099399999
0662,2007,0.097400002
0662,2008,0.096500002
0662,2009,0.0977
0662,2010,0.097000003
0662,2011,0.0973
0662,2012,0.1032
0662,2013,0.099600002
0662,2014,0.095799997
0662,2015,0.095100001
0662,2016,0.0876
0662,2017,0.0845
0662,2018,0.082800001
0662,2019,0.082900003
0662,2020,0.076200001
0662,2021,0.085699998
0662,2022,0.0801
0662,2023,0.083099999
0662,2024,0.082099997
0662,2025,0.079899997
0665,2006,0.099600002
0665,2007,0.098800004
0665,2008,0.097599998
0665,2009,0.093500003
0665,2010,0.099399999
0665,2011,0.096699998
0665,2012,0.1001
0665,2013,0.0995
0665,2014,0.096199997
0665,2015,0.092399999
0665,2016,0.088299997
0665,2017,0.083800003
0665,2018,0.083499998
0665,2019,0.083700001
0665,2020,0.078400001
0665,2021,0.085500002
0665,2022,0.080300003
0665,2023,0.077399999
0665,2024,0.079099998
0665,2025,0.080300003
0680,2006,0.1013
0680,2007,0.1002
0680,2008,0.095799997
0680,2009,0.1001
0680,2010,0.0995
0680,2011,0.1018
0680,2012,0.1016
0680,2013,0.1005
0680,2014,0.098899998
0680,2015,0.094800003
0680,2016,0.0876
0680,2017,0.082999997
0680,2018,0.086000003
0680,2019,0.084299996
0680,2020,0.076700002
0680,2021,0.079300001
0680,2022,0.077100001
0680,2023,0.078100003
0680,2024,0.075300001
0680,2025,0.075900003
0682,2006,0.101
0682,2007,0.1054
0682,2008,0.1025
0682,2009,0.1014
0682,2010,0.1009
0682,2011,0.1067
0682,2012,0.107
0682,2013,0.1066
0682,2014,0.1052
0682,2015,0.1028
0682,2016,0.093900003
0682,2017,0.092500001
0682,2018,0.091499999
0682,2019,0.089199997
0682,2020,0.079700001
0682,2021,0.083899997
0682,2022,0.081600003
0682,2023,0.082999997
0682,2024,0.0801
0682,2025,0.083300002
0683,2006,0.1046
0683,2007,0.1002
0683,2008,0.099200003
0683,2009,0.1003
0683,2010,0.097800002
0683,2011,0.095600002
0683,2012,0.1032
0683,2013,0.1007
0683,2014,0.099200003
0683,2015,0.094499998
0683,2016,0.091600001
0683,2017,0.084399998
0683,2018,0.086000003
0683,2019,0.083899997
0683,2020,0.076700002
0683,2021,0.082500003
0683,2022,0.084100001
0683,2023,0.083700001
0683,2024,0.083300002
0683,2025,0.085900001
0684,2006,0.1004
0684,2007,0.097599998
0684,2008,0.096500002
0684,2009,0.099399999
0684,2010,0.091899998
0684,2011,0.098099999
0684,2012,0.096699998
0684,2013,0.098999999
0684,2014,0.0977
0684,2015,0.098499998
0684,2016,0.090899996
0684,2017,0.081100002
0684,2018,0.0933
0684,2019,0.0876
0684,2020,0.087399997
0684,2021,0.088100001
0684,2022,0.086000003
0684,2023,0.086000003
0684,2024,0.082400002
0684,2025,0.0858
0685,2006,0.1038
0685,2007,0.1013
0685,2008,0.1005
0685,2009,0.0977
0685,2010,0.096500002
0685,2011,0.099399999
0685,2012,0.1029
0685,2013,0.1016
0685,2014,0.1007
0685,2015,0.099399999
0685,2016,0.093800001
0685,2017,0.091399997
0685,2018,0.090499997
0685,2019,0.083999999
0685,2020,0.080300003
0685,2021,0.081600003
0685,2022,0.080600001
0685,2023,0.081799999
0685,2024,0.078500003
0685,2025,0.078000002
0686,2006,0.104
0686,2007,0.1025
0686,2008,0.1072
0686,2009,0.1055
0686,2010,0.1003
0686,2011,0.1091
0686,2012,0.1107
0686,2013,0.1129
0686,2014,0.1092
0686,2015,0.1064
0686,2016,0.098899998
0686,2017,0.097499996
0686,2018,0.0933
0686,2019,0.088
0686,2020,0.080499999
0686,2021,0.089000002
0686,2022,0.090800002
0686,2023,0.091300003
0686,2024,0.089599997
0686,2025,0.087200001
0687,2006,0.0973
0687,2007,0.093500003
0687,2008,0.094099998
0687,2009,0.094400004
0687,2010,0.097000003
0687,2011,0.096600004
0687,2012,0.1031
0687,2013,0.094700001
0687,2014,0.1006
0687,2015,0.092
0687,2016,0.086900003
0687,2017,0.085299999
0687,2018,0.087800004
0687,2019,0.085100003
0687,2020,0.076800004
0687,2021,0.081699997
0687,2022,0.077699997
0687,2023,0.078900002
0687,2024,0.0757
0687,2025,0.0801
0760,2006,0.1035
0760,2007,0.099100001
0760,2008,0.094999999
0760,2009,0.099100001
0760,2010,0.1051
0760,2011,0.1038
0760,2012,0.1038
0760,2013,0.1029
0760,2014,0.1016
0760,2015,0.1044
0760,2016,0.098499998
0760,2017,0.088399999
0760,2018,0.088799998
0760,2019,0.083899997
0760,2020,0.078000002
0760,2021,0.088299997
0760,2022,0.089599997
0760,2023,0.088500001
0760,2024,0.078699999
0760,2025,0.084600002
0761,2006,0.097199999
0761,2007,0.097099997
0761,2008,0.1065
0761,2009,0.1
0761,2010,0.098300003
0761,2011,0.1008
0761,2012,0.098700002
0761,2013,0.099299997
0761,2014,0.096699998
0761,2015,0.0902
0761,2016,0.097099997
0761,2017,0.088
0761,2018,0.085100003
0761,2019,0.082400002
0761,2020,0.076099999
0761,2021,0.077100001
0761,2022,0.086199999
0761,2023,0.080799997
0761,2024,0.076399997
0761,2025,0.081799999
0763,2006,0.1049
0763,2007,0.0995
0763,2008,0.097499996
0763,2009,0.096699998
0763,2010,0.1069
0763,2011,0.1012
0763,2012,0.1041
0763,2013,0.1008
0763,2014,0.1053
0763,2015,0.097400002
0763,2016,0.096500002
0763,2017,0.092200004
0763,2018,0.091300003
0763,2019,0.090899996
0763,2020,0.086900003
0763,2021,0.089400001
0763,2022,0.094400004
0763,2023,0.087800004
0763,2024,0.081100002
0763,2025,0.081100002
0764,2006,0.092399999
0764,2007,0.094400004
0764,2008,0.095200002
0764,2009,0.098300003
0764,2010,0.1067
0764,2011,0.1033
0764,2012,0.1015
0764,2013,0.1002
0764,2014,0.096299998
0764,2015,0.092399999
0764,2016,0.090800002
0764,2017,0.087700002
0764,2018,0.081500001
0764,2019,0.085100003
0764,2020,0.078900002
0764,2021,0.081600003
0764,2022,0.085900001
0764,2023,0.076800004
0764,2024,0.074600004
0764,2025,0.075599998
0765,2006,0.081200004
0765,2007,0.078199998
0765,2008,0.078500003
0765,2009,0.083499998
0765,2010,0.087200001
0765,2011,0.0814
0765,2012,0.085000001
0765,2013,0.0823
0765,2014,0.079099998
0765,2015,0.082400002
0765,2016,0.073299997
0765,2017,0.068899997
0765,2018,0.070799999
0765,2019,0.072300002
0765,2020,0.067699999
0765,2021,0.0713
0765,2022,0.070100002
0765,2023,0.071199998
0765,2024,0.070200004
0765,2025,0.067599997
0767,2006,0.082900003
0767,2007,0.086300001
0767,2008,0.090700001
0767,2009,0.089599997
0767,2010,0.089599997
0767,2011,0.083400004
0767,2012,0.0876
0767,2013,0.085199997
0767,2014,0.081699997
0767,2015,0.087899998
0767,2016,0.0836
0767,2017,0.0836
0767,2018,0.082400002
0767,2019,0.078100003
0767,2020,0.0744
0767,2021,0.073399998
0767,2022,0.081799999
0767,2023,0.083099999
0767,2024,0.078599997
0767,2025,0.076399997
0780,2006,0.087899998
0780,2007,0.087399997
0780,2008,0.088399999
0780,2009,0.089299999
0780,2010,0.092699997
0780,2011,0.093900003
0780,2012,0.093599997
0780,2013,0.090999998
0780,2014,0.089100003
0780,2015,0.088
0780,2016,0.082199998
0780,2017,0.077200003
0780,2018,0.078000002
0780,2019,0.074699998
0780,2020,0.070900001
0780,2021,0.075199999
0780,2022,0.0766
0780,2023,0.073399998
0780,2024,0.069200002
0780,2025,0.067100003
0781,2006,0.0836
0781,2007,0.086199999
0781,2008,0.0876
0781,2009,0.0854
0781,2010,0.088
0781,2011,0.088600002
0781,2012,0.087800004
0781,2013,0.083700001
0781,2014,0.080700003
0781,2015,0.0823
0781,2016,0.082699999
0781,2017,0.080399998
0781,2018,0.078199998
0781,2019,0.079899997
0781,2020,0.074500002
0781,2021,0.078900002
0781,2022,0.080300003
0781,2023,0.080899999
0781,2024,0.075800002
0781,2025,0.075099997
0821,2006,0.1028
0821,2007,0.091700003
0821,2008,0.093400002
0821,2009,0.095200002
0821,2010,0.096199997
0821,2011,0.1084
0821,2012,0.1112
0821,2013,0.1146
0821,2014,0.111
0821,2015,0.1101
0821,2016,0.1061
0821,2017,0.1027
0821,2018,0.1073
0821,2019,0.098800004
0821,2020,0.0836
0821,2021,0.0889
0821,2022,0.0955
0821,2023,0.086800002
0821,2024,0.081799999
0821,2025,0.086099997
0834,2006,0.1114
0834,2007,0.1042
0834,2008,0.1002
0834,2009,0.1082
0834,2010,0.1093
0834,2011,0.1101
0834,2012,0.1107
0834,2013,0.1193
0834,2014,0.1113
0834,2015,0.1126
0834,2016,0.1054
0834,2017,0.1037
0834,2018,0.1058
0834,2019,0.1026
0834,2020,0.096799999
0834,2021,0.097599998
0834,2022,0.1003
0834,2023,0.097800002
0834,2024,0.0999
0834,2025,0.1023
0840,2006,0.0933
0840,2007,0.085500002
0840,2008,0.089599997
0840,2009,0.093599997
0840,2010,0.1017
0840,2011,0.1032
0840,2012,0.102
0840,2013,0.1009
0840,2014,0.0999
0840,2015,0.097099997
0840,2016,0.095299996
0840,2017,0.094499998
0840,2018,0.091399997
0840,2019,0.088299997
0840,2020,0.081900001
0840,2021,0.082400002
0840,2022,0.088500001
0840,2023,0.085100003
0840,2024,0.081299998
0840,2025,0.083800003
0860,2006,0.1017
0860,2007,0.1031
0860,2008,0.1007
0860,2009,0.1029
0860,2010,0.1065
0860,2011,0.1068
0860,2012,0.1111
0860,2013,0.1077
0860,2014,0.1101
0860,2015,0.1096
0860,2016,0.1002
0860,2017,0.1027
0860,2018,0.1038
0860,2019,0.1055
0860,2020,0.095600002
0860,2021,0.090000004
0860,2022,0.091300003
0860,2023,0.089900002
0860,2024,0.088299997
0860,2025,0.091799997
0861,2006,0.098999999
0861,2007,0.0977
0861,2008,0.098099999
0861,2009,0.1084
0861,2010,0.1073
0861,2011,0.1145
0861,2012,0.1157
0861,2013,0.1182
0861,2014,0.1098
0861,2015,0.1137
0861,2016,0.108
0861,2017,0.1031
0861,2018,0.1012
0861,2019,0.098300003
0861,2020,0.087399997
0861,2021,0.094800003
0861,2022,0.0933
0861,2023,0.090599999
0861,2024,0.090099998
0861,2025,0.091499999
0862,2006,0.097400002
0862,2007,0.093999997
0862,2008,0.096000001
0862,2009,0.098200001
0862,2010,0.098099999
0862,2011,0.1019
0862,2012,0.1039
0862,2013,0.1149
0862,2014,0.1034
0862,2015,0.1034
0862,2016,0.096000001
0862,2017,0.094700001
0862,2018,0.094599999
0862,2019,0.091600001
0862,2020,0.083400004
0862,2021,0.085900001
0862,2022,0.085199997
0862,2023,0.086099997
0862,2024,0.086300001
0862,2025,0.0845
0880,2006,0.0933
0880,2007,0.091799997
0880,2008,0.094099998
0880,2009,0.095600002
0880,2010,0.098499998
0880,2011,0.1007
0880,2012,0.1031
0880,2013,0.1023
0880,2014,0.1024
0880,2015,0.1
0880,2016,0.097000003
0880,2017,0.092399999
0880,2018,0.091499999
0880,2019,0.0911
0880,2020,0.082699999
0880,2021,0.0854
0880,2022,0.086499996
0880,2023,0.085100003
0880,2024,0.0823
0880,2025,0.082000002
0881,2006,0.1005
0881,2007,0.1002
0881,2008,0.1047
0881,2009,0.1039
0881,2010,0.1125
0881,2011,0.1145
0881,2012,0.1129
0881,2013,0.1142
0881,2014,0.1083
0881,2015,0.1059
0881,2016,0.1048
0881,2017,0.1034
0881,2018,0.1017
0881,2019,0.1025
0881,2020,0.094400004
0881,2021,0.0933
0881,2022,0.095600002
0881,2023,0.098499998
0881,2024,0.093099996
0881,2025,0.093599997
0882,2006,0.0933
0882,2007,0.089000002
0882,2008,0.0902
0882,2009,0.092699997
0882,2010,0.096500002
0882,2011,0.1011
0882,2012,0.1076
0882,2013,0.1037
0882,2014,0.1016
0882,2015,0.101
0882,2016,0.0973
0882,2017,0.0955
0882,2018,0.095700003
0882,2019,0.093599997
0882,2020,0.083800003
0882,2021,0.086499996
0882,2022,0.085000001
0882,2023,0.084600002
0882,2024,0.078100003
0882,2025,0.080200002
0883,2006,0.1038
0883,2007,0.1022
0883,2008,0.1036
0883,2009,0.1074
0883,2010,0.106
0883,2011,0.111
0883,2012,0.1138
0883,2013,0.1149
0883,2014,0.1101
0883,2015,0.1068
0883,2016,0.1074
0883,2017,0.1065
0883,2018,0.1075
0883,2019,0.1041
0883,2020,0.091300003
0883,2021,0.097900003
0883,2022,0.093900003
0883,2023,0.098499998
0883,2024,0.097800002
0883,2025,0.098499998
0884,2006,0.096000001
0884,2007,0.097900003
0884,2008,0.090999998
0884,2009,0.095100001
0884,2010,0.098300003
0884,2011,0.098300003
0884,2012,0.1074
0884,2013,0.098300003
0884,2014,0.1028
0884,2015,0.096600004
0884,2016,0.096600004
0884,2017,0.092100002
0884,2018,0.092
0884,2019,0.092
0884,2020,0.083099999
0884,2021,0.089400001
0884,2022,0.088200003
0884,2023,0.090700001
0884,2024,0.086199999
0884,2025,0.084600002
0885,2006,0.1016
0885,2007,0.097000003
0885,2008,0.1036
0885,2009,0.1039
0885,2010,0.1065
0885,2011,0.1088
0885,2012,0.1086
0885,2013,0.1079
0885,2014,0.1098
0885,2015,0.1055
0885,2016,0.1006
0885,2017,0.1041
0885,2018,0.098800004
0885,2019,0.1003
0885,2020,0.093699999
0885,2021,0.093900003
0885,2022,0.1012
0885,2023,0.1026
0885,2024,0.094899997
0885,2025,0.1017
0980,2006,0.1038
0980,2007,0.1005
0980,2008,0.1031
0980,2009,0.1036
0980,2010,0.1035
0980,2011,0.1055
0980,2012,0.1029
0980,2013,0.1027
0980,2014,0.1062
0980,2015,0.1053
0980,2016,0.1023
0980,2017,0.1062
0980,2018,0.1078
0980,2019,0.1054
0980,2020,0.099399999
0980,2021,0.1026
0980,2022,0.1022
0980,2023,0.1033
0980,2024,0.1021
0980,2025,0.1059
1060,2006,0.079800002
1060,2007,0.076800004
1060,2008,0.079599999
1060,2009,0.082199998
1060,2010,0.078900002
1060,2011,0.083499998
1060,2012,0.087499999
1060,2013,0.092500001
1060,2014,0.091200002
1060,2015,0.091399997
1060,2016,0.0854
1060,2017,0.084100001
1060,2018,0.0858
1060,2019,0.087399997
1060,2020,0.079800002
1060,2021,0.083999999
1060,2022,0.086000003
1060,2023,0.085699998
1060,2024,0.087499999
1060,2025,0.088500001
1080,2006,0.087700002
1080,2007,0.084700003
1080,2008,0.082099997
1080,2009,0.089400001
1080,2010,0.086800002
1080,2011,0.088799998
1080,2012,0.092399999
1080,2013,0.091899998
1080,2014,0.092
1080,2015,0.085299999
1080,2016,0.0854
1080,2017,0.0858
1080,2018,0.087300003
1080,2019,0.0854
1080,2020,0.077600002
1080,2021,0.079999998
1080,2022,0.083400004
1080,2023,0.084299996
1080,2024,0.0845
1080,2025,0.084200002
1081,2006,0.081
1081,2007,0.082999997
1081,2008,0.084200002
1081,2009,0.090499997
1081,2010,0.092200004
1081,2011,0.098399997
1081,2012,0.096199997
1081,2013,0.095200002
1081,2014,0.095299996
1081,2015,0.090700001
1081,2016,0.086999997
1081,2017,0.090099998
1081,2018,0.092
1081,2019,0.092699997
1081,2020,0.078599997
1081,2021,0.083300002
1081,2022,0.088
1081,2023,0.086000003
1081,2024,0.086099997
1081,2025,0.090400003
1082,2006,0.079800002
1082,2007,0.077299997
1082,2008,0.084100001
1082,2009,0.085600004
1082,2010,0.086199999
1082,2011,0.089400001
1082,2012,0.091899998
1082,2013,0.0955
1082,2014,0.095200002
1082,2015,0.091700003
1082,2016,0.083700001
1082,2017,0.086900003
1082,2018,0.086199999
1082,2019,0.083300002
1082,2020,0.077500001
1082,2021,0.078599997
1082,2022,0.0836
1082,2023,0.083400004
1082,2024,0.083099999
1082,2025,0.080799997
1083,2006,0.081100002
1083,2007,0.081699997
1083,2008,0.086599998
1083,2009,0.091200002
1083,2010,0.085600004
1083,2011,0.087700002
1083,2012,0.091399997
1083,2013,0.094999999
1083,2014,0.093599997
1083,2015,0.0942
1083,2016,0.0836
1083,2017,0.081799999
1083,2018,0.082400002
1083,2019,0.085100003
1083,2020,0.078500003
1083,2021,0.081900001
1083,2022,0.082400002
1083,2023,0.082699999
1083,2024,0.082800001
1083,2025,0.0832
1214,2006,0.082400002
1214,2007,0.082000002
1214,2008,0.0867
1214,2009,0.084700003
1214,2010,0.089199997
1214,2011,0.090300001
1214,2012,0.086900003
1214,2013,0.086800002
1214,2014,0.082000002
1214,2015,0.080200002
1214,2016,0.077600002
1214,2017,0.075800002
1214,2018,0.0748
1214,2019,0.0735
1214,2020,0.068800002
1214,2021,0.074100003
1214,2022,0.067900002
1214,2023,0.068300001
1214,2024,0.069200002
1214,2025,0.067100003
1230,2006,0.075599998
1230,2007,0.075999998
1230,2008,0.079300001
1230,2009,0.079899997
1230,2010,0.0788
1230,2011,0.077799998
1230,2012,0.078500003
1230,2013,0.074000001
1230,2014,0.074299999
1230,2015,0.070200004
1230,2016,0.068700001
1230,2017,0.063900001
1230,2018,0.068800002
1230,2019,0.064300001
1230,2020,0.059300002
1230,2021,0.061299998
1230,2022,0.0583
1230,2023,0.059599999
1230,2024,0.057300001
1230,2025,0.058800001
1231,2006,0.090000004
1231,2007,0.087399997
1231,2008,0.090300001
1231,2009,0.092500001
1231,2010,0.092799999
1231,2011,0.096699998
1231,2012,0.086900003
1231,2013,0.086300001
1231,2014,0.0814
1231,2015,0.074199997
1231,2016,0.073299997
1231,2017,0.0735
1231,2018,0.071400002
1231,2019,0.073299997
1231,2020,0.065800004
1231,2021,0.063000001
1231,2022,0.065099999
1231,2023,0.0638
1231,2024,0.067400001
1231,2025,0.065099999
1233,2006,0.079099998
1233,2007,0.075800002
1233,2008,0.075900003
1233,2009,0.078400001
1233,2010,0.0801
1233,2011,0.079400003
1233,2012,0.078199998
1233,2013,0.076700002
1233,2014,0.078699999
1233,2015,0.069499999
1233,2016,0.068800002
1233,2017,0.066500001
1233,2018,0.064999998
1233,2019,0.064900003
1233,2020,0.061900001
1233,2021,0.061900001
1233,2022,0.061799999
1233,2023,0.061900001
1233,2024,0.060800001
1233,2025,0.064499997
1256,2006,0.1
1256,2007,0.102
1256,2008,0.094099998
1256,2009,0.0995
1256,2010,0.1018
1256,2011,0.0995
1256,2012,0.0999
1256,2013,0.095899999
1256,2014,0.0977
1256,2015,0.096299998
1256,2016,0.0898
1256,2017,0.090700001
1256,2018,0.0911
1256,2019,0.088
1256,2020,0.084100001
1256,2021,0.083899997
1256,2022,0.081799999
1256,2023,0.083700001
1256,2024,0.076200001
1256,2025,0.074100003
1257,2006,0.091200002
1257,2007,0.092799999
1257,2008,0.087300003
1257,2009,0.092900001
1257,2010,0.089400001
1257,2011,0.1004
1257,2012,0.091799997
1257,2013,0.096699998
1257,2014,0.095299996
1257,2015,0.093800001
1257,2016,0.088399999
1257,2017,0.087099999
1257,2018,0.081600003
1257,2019,0.083400004
1257,2020,0.075400002
1257,2021,0.078599997
1257,2022,0.075400002
1257,2023,0.078000002
1257,2024,0.071800001
1257,2025,0.063900001
1260,2006,0.093500003
1260,2007,0.092600003
1260,2008,0.091899998
1260,2009,0.097800002
1260,2010,0.094599999
1260,2011,0.099699996
1260,2012,0.0942
1260,2013,0.1008
1260,2014,0.094599999
1260,2015,0.087700002
1260,2016,0.087399997
1260,2017,0.0823
1260,2018,0.083999999
1260,2019,0.080600001
1260,2020,0.074900001
1260,2021,0.074699998
1260,2022,0.0713
1260,2023,0.071400002
1260,2024,0.067299999
1260,2025,0.0678
1261,2006,0.082699999
1261,2007,0.083300002
1261,2008,0.080600001
1261,2009,0.077
1261,2010,0.081100002
1261,2011,0.082900003
1261,2012,0.077299997
1261,2013,0.075900003
1261,2014,0.074100003
1261,2015,0.0682
1261,2016,0.0682
1261,2017,0.065499999
1261,2018,0.066699997
1261,2019,0.063199997
1261,2020,0.060899999
1261,2021,0.0594
1261,2022,0.0612
1261,2023,0.0579
1261,2024,0.060400002
1261,2025,0.0612
1262,2006,0.081
1262,2007,0.075599998
1262,2008,0.076499999
1262,2009,0.077100001
1262,2010,0.080600001
1262,2011,0.079400003
1262,2012,0.075300001
1262,2013,0.073299997
1262,2014,0.0735
1262,2015,0.068999998
1262,2016,0.063299999
1262,2017,0.059599999
1262,2018,0.059599999
1262,2019,0.0559
1262,2020,0.054099999
1262,2021,0.056299999
1262,2022,0.057399999
1262,2023,0.058499999
1262,2024,0.053399999
1262,2025,0.052700002
1263,2006,0.0854
1263,2007,0.082099997
1263,2008,0.076200001
1263,2009,0.080399998
1263,2010,0.082099997
1263,2011,0.082000002
1263,2012,0.0823
1263,2013,0.080399998
1263,2014,0.079099998
1263,2015,0.069899999
1263,2016,0.068999998
1263,2017,0.066500001
1263,2018,0.067000002
1263,2019,0.068099998
1263,2020,0.061999999
1263,2021,0.0638
1263,2022,0.058699999
1263,2023,0.062100001
1263,2024,0.058200002
1263,2025,0.057999998
1264,2006,0.090499997
1264,2007,0.095700003
1264,2008,0.092200004
1264,2009,0.092399999
1264,2010,0.094700001
1264,2011,0.094700001
1264,2012,0.095200002
1264,2013,0.093999997
1264,2014,0.090499997
1264,2015,0.0792
1264,2016,0.079099998
1264,2017,0.076300003
1264,2018,0.074900001
1264,2019,0.073299997
1264,2020,0.071199998
1264,2021,0.069700003
1264,2022,0.067699999
1264,2023,0.066799998
1264,2024,0.063000001
1264,2025,0.0634
1265,2006,0.1004
1265,2007,0.099200003
1265,2008,0.1024
1265,2009,0.1024
1265,2010,0.099799998
1265,2011,0.1035
1265,2012,0.1051
1265,2013,0.1006
1265,2014,0.092699997
1265,2015,0.090499997
1265,2016,0.084899999
1265,2017,0.082599998
1265,2018,0.083300002
1265,2019,0.079300001
1265,2020,0.071599998
1265,2021,0.073200002
1265,2022,0.069200002
1265,2023,0.068499997
1265,2024,0.066600002
1265,2025,0.066
1266,2006,0.092500001
1266,2007,0.091499999
1266,2008,0.088399999
1266,2009,0.0898
1266,2010,0.091499999
1266,2011,0.089400001
1266,2012,0.093199998
1266,2013,0.092900001
1266,2014,0.090000004
1266,2015,0.086199999
1266,2016,0.080700003
1266,2017,0.083499998
1266,2018,0.079400003
1266,2019,0.082999997
1266,2020,0.073799998
1266,2021,0.075499997
1266,2022,0.071599998
1266,2023,0.075099997
1266,2024,0.074000001
1266,2025,0.075000003
1267,2006,0.088600002
1267,2007,0.084299996
1267,2008,0.083099999
1267,2009,0.087099999
1267,2010,0.091200002
1267,2011,0.089100003
1267,2012,0.0876
1267,2013,0.0858
1267,2014,0.083499998
1267,2015,0.080700003
1267,2016,0.077200003
1267,2017,0.071900003
1267,2018,0.074600004
1267,2019,0.070600003
1267,2020,0.066699997
1267,2021,0.071000002
1267,2022,0.063699998
1267,2023,0.068899997
1267,2024,0.068800002
1267,2025,0.068099998
1270,2006,0.1033
1270,2007,0.1041
1270,2008,0.1055
1270,2009,0.1054
1270,2010,0.1051
1270,2011,0.1061
1270,2012,0.1061
1270,2013,0.1029
1270,2014,0.1013
1270,2015,0.092299998
1270,2016,0.088799998
1270,2017,0.089299999
1270,2018,0.082099997
1270,2019,0.084700003
1270,2020,0.074600004
1270,2021,0.073799998
1270,2022,0.071400002
1270,2023,0.072999999
1270,2024,0.073200002
1270,2025,0.0757
1272,2006,0.095399998
1272,2007,0.092100002
1272,2008,0.0955
1272,2009,0.0999
1272,2010,0.099699996
1272,2011,0.097599998
1272,2012,0.1005
1272,2013,0.1025
1272,2014,0.097000003
1272,2015,0.0933
1272,2016,0.088600002
1272,2017,0.081699997
1272,2018,0.085900001
1272,2019,0.081699997
1272,2020,0.077699997
1272,2021,0.078500003
1272,2022,0.083099999
1272,2023,0.086499996
1272,2024,0.073899999
1272,2025,0.079700001
1273,2006,0.090800002
1273,2007,0.089000002
1273,2008,0.0889
1273,2009,0.098099999
1273,2010,0.097400002
1273,2011,0.093400002
1273,2012,0.0973
1273,2013,0.092699997
1273,2014,0.090899996
1273,2015,0.092200004
1273,2016,0.0902
1273,2017,0.0911
1273,2018,0.081
1273,2019,0.086999997
1273,2020,0.076800004
1273,2021,0.077600002
1273,2022,0.078000002
1273,2023,0.0823
1273,2024,0.072400004
1273,2025,0.079999998
1275,2006,0.092699997
1275,2007,0.087300003
1275,2008,0.0933
1275,2009,0.089100003
1275,2010,0.097499996
1275,2011,0.094599999
1275,2012,0.0995
1275,2013,0.098300003
1275,2014,0.090999998
1275,2015,0.0845
1275,2016,0.089100003
1275,2017,0.087800004
1275,2018,0.085600004
1275,2019,0.086900003
1275,2020,0.075300001
1275,2021,0.077699997
1275,2022,0.076300003
1275,2023,0.079599999
1275,2024,0.081799999
1275,2025,0.072700001
1276,2006,0.094899997
1276,2007,0.092699997
1276,2008,0.091899998
1276,2009,0.093099996
1276,2010,0.1035
1276,2011,0.0973
1276,2012,0.1002
1276,2013,0.1
1276,2014,0.096500002
1276,2015,0.089699998
1276,2016,0.090300001
1276,2017,0.083999999
1276,2018,0.083899997
1276,2019,0.087499999
1276,2020,0.073700003
1276,2021,0.0792
1276,2022,0.073399998
1276,2023,0.077100001
1276,2024,0.073100001
1276,2025,0.069799997
1277,2006,0.088100001
1277,2007,0.092799999
1277,2008,0.089000002
1277,2009,0.088
1277,2010,0.092699997
1277,2011,0.092600003
1277,2012,0.087899998
1277,2013,0.091600001
1277,2014,0.089000002
1277,2015,0.087700002
1277,2016,0.079499997
1277,2017,0.073799998
1277,2018,0.075999998
1277,2019,0.075599998
1277,2020,0.071199998
1277,2021,0.067900002
1277,2022,0.063600004
1277,2023,0.066
1277,2024,0.063500002
1277,2025,0.063699998
1278,2006,0.091300003
1278,2007,0.089299999
1278,2008,0.0858
1278,2009,0.090300001
1278,2010,0.092900001
1278,2011,0.096500002
1278,2012,0.095399998
1278,2013,0.1022
1278,2014,0.096199997
1278,2015,0.087899998
1278,2016,0.084700003
1278,2017,0.076899998
1278,2018,0.077
1278,2019,0.0801
1278,2020,0.076800004
1278,2021,0.074100003
1278,2022,0.074299999
1278,2023,0.076899998
1278,2024,0.072499998
1278,2025,0.065899998
1280,2006,0.091200002
1280,2007,0.089199997
1280,2008,0.088500001
1280,2009,0.088299997
1280,2010,0.086300001
1280,2011,0.086599998
1280,2012,0.083499998
1280,2013,0.080799997
1280,2014,0.0788
1280,2015,0.074600004
1280,2016,0.071900003
1280,2017,0.068800002
1280,2018,0.067900002
1280,2019,0.0669
1280,2020,0.064300001
1280,2021,0.064999998
1280,2022,0.061299998
1280,2023,0.061000001
1280,2024,0.0603
1280,2025,0.058600001
1281,2006,0.0722
1281,2007,0.071500003
1281,2008,0.071099997
1281,2009,0.075099997
1281,2010,0.074699998
1281,2011,0.0726
1281,2012,0.071900003
1281,2013,0.067900002
1281,2014,0.065800004
1281,2015,0.062700003
1281,2016,0.0623
1281,2017,0.0583
1281,2018,0.057799999
1281,2019,0.056499999
1281,2020,0.053800002
1281,2021,0.055
1281,2022,0.052000001
1281,2023,0.051800001
1281,2024,0.052200001
1281,2025,0.050700001
1282,2006,0.094899997
1282,2007,0.093900003
1282,2008,0.093099996
1282,2009,0.093999997
1282,2010,0.094499998
1282,2011,0.099600002
1282,2012,0.098099999
1282,2013,0.096100003
1282,2014,0.090800002
1282,2015,0.088200003
1282,2016,0.084899999
1282,2017,0.0814
1282,2018,0.079499997
1282,2019,0.079599999
1282,2020,0.075999998
1282,2021,0.076899998
1282,2022,0.0726
1282,2023,0.075300001
1282,2024,0.075000003
1282,2025,0.0748
1283,2006,0.090599999
1283,2007,0.089699998
1283,2008,0.088100001
1283,2009,0.092
1283,2010,0.093500003
1283,2011,0.095299996
1283,2012,0.091899998
1283,2013,0.092799999
1283,2014,0.089199997
1283,2015,0.084399998
1283,2016,0.080600001
1283,2017,0.075800002
1283,2018,0.074000001
1283,2019,0.074500002
1283,2020,0.070200004
1283,2021,0.068899997
1283,2022,0.065200001
1283,2023,0.066200003
1283,2024,0.065499999
1283,2025,0.066
1284,2006,0.086000003
1284,2007,0.086199999
1284,2008,0.085699998
1284,2009,0.086000003
1284,2010,0.088200003
1284,2011,0.091399997
1284,2012,0.088399999
1284,2013,0.087399997
1284,2014,0.084700003
1284,2015,0.082800001
1284,2016,0.076300003
1284,2017,0.076899998
1284,2018,0.074100003
1284,2019,0.0766
1284,2020,0.070699997
1284,2021,0.069499999
1284,2022,0.067500003
1284,2023,0.073399998
1284,2024,0.067699999
1284,2025,0.069300003
1285,2006,0.084899999
1285,2007,0.085600004
1285,2008,0.086000003
1285,2009,0.085699998
1285,2010,0.089100003
1285,2011,0.087800004
1285,2012,0.082599998
1285,2013,0.084600002
1285,2014,0.0823
1285,2015,0.076499999
1285,2016,0.075300001
1285,2017,0.073299997
1285,2018,0.0726
1285,2019,0.070299998
1285,2020,0.067100003
1285,2021,0.066799998
1285,2022,0.065800004
1285,2023,0.0656
1285,2024,0.067500003
1285,2025,0.064099997
1286,2006,0.1032
1286,2007,0.1044
1286,2008,0.1038
1286,2009,0.1085
1286,2010,0.1064
1286,2011,0.1034
1286,2012,0.1069
1286,2013,0.1051
1286,2014,0.0964
1286,2015,0.092
1286,2016,0.0876
1286,2017,0.082999997
1286,2018,0.081600003
1286,2019,0.078100003
1286,2020,0.071400002
1286,2021,0.072800003
1286,2022,0.070200004
1286,2023,0.069700003
1286,2024,0.068000004
1286,2025,0.069600001
1287,2006,0.092
1287,2007,0.090300001
1287,2008,0.088399999
1287,2009,0.089000002
1287,2010,0.094999999
1287,2011,0.098800004
1287,2012,0.099100001
1287,2013,0.092900001
1287,2014,0.091600001
1287,2015,0.085699998
1287,2016,0.081
1287,2017,0.0792
1287,2018,0.078900002
1287,2019,0.077
1287,2020,0.070600003
1287,2021,0.073600002
1287,2022,0.0713
1287,2023,0.070900001
1287,2024,0.072099999
1287,2025,0.072499998
1290,2006,0.094599999
1290,2007,0.0933
1290,2008,0.092500001
1290,2009,0.094800003
1290,2010,0.096900001
1290,2011,0.097099997
1290,2012,0.098800004
1290,2013,0.0973
1290,2014,0.095799997
1290,2015,0.091200002
1290,2016,0.089599997
1290,2017,0.088299997
1290,2018,0.085699998
1290,2019,0.085500002
1290,2020,0.079700001
1290,2021,0.082099997
1290,2022,0.079400003
1290,2023,0.081
1290,2024,0.0757
1290,2025,0.075300001
1291,2006,0.1035
1291,2007,0.1073
1291,2008,0.1055
1291,2009,0.1069
1291,2010,0.1041
1291,2011,0.1091
1291,2012,0.1119
1291,2013,0.1124
1291,2014,0.1063
1291,2015,0.1013
1291,2016,0.098200001
1291,2017,0.093699999
1291,2018,0.090300001
1291,2019,0.090400003
1291,2020,0.082500003
1291,2021,0.0788
1291,2022,0.083099999
1291,2023,0.080600001
1291,2024,0.0832
1291,2025,0.081500001
1292,2006,0.088399999
1292,2007,0.088600002
1292,2008,0.086400002
1292,2009,0.089299999
1292,2010,0.090800002
1292,2011,0.089100003
1292,2012,0.090099998
1292,2013,0.092600003
1292,2014,0.0889
1292,2015,0.082900003
1292,2016,0.083700001
1292,2017,0.0801
1292,2018,0.079099998
1292,2019,0.077600002
1292,2020,0.072700001
1292,2021,0.0726
1292,2022,0.071199998
1292,2023,0.073600002
1292,2024,0.070299998
1292,2025,0.0656
1293,2006,0.088699996
1293,2007,0.084100001
1293,2008,0.0902
1293,2009,0.091899998
1293,2010,0.095299996
1293,2011,0.093699999
1293,2012,0.094400004
1293,2013,0.090899996
1293,2014,0.088600002
1293,2015,0.0876
1293,2016,0.086999997
1293,2017,0.082900003
1293,2018,0.083999999
1293,2019,0.0823
1293,2020,0.074900001
1293,2021,0.078199998
1293,2022,0.078699999
1293,2023,0.077500001
1293,2024,0.077
1293,2025,0.078699999
1315,2006,0.099600002
1315,2007,0.095799997
1315,2008,0.093500003
1315,2009,0.092100002
1315,2010,0.095100001
1315,2011,0.1004
1315,2012,0.1046
1315,2013,0.097800002
1315,2014,0.092399999
1315,2015,0.086599998
1315,2016,0.0858
1315,2017,0.080899999
1315,2018,0.085199997
1315,2019,0.0845
1315,2020,0.079400003
1315,2021,0.079899997
1315,2022,0.077500001
1315,2023,0.077399999
1315,2024,0.075599998
1315,2025,0.078599997
1380,2006,0.1006
1380,2007,0.097800002
1380,2008,0.094999999
1380,2009,0.097599998
1380,2010,0.0986
1380,2011,0.098800004
1380,2012,0.098800004
1380,2013,0.094700001
1380,2014,0.093400002
1380,2015,0.088200003
1380,2016,0.083300002
1380,2017,0.082199998
1380,2018,0.080700003
1380,2019,0.079700001
1380,2020,0.074000001
1380,2021,0.075400002
1380,2022,0.071400002
1380,2023,0.072400004
1380,2024,0.072800003
1380,2025,0.069899999
1381,2006,0.098399997
1381,2007,0.098899998
1381,2008,0.094999999
1381,2009,0.095600002
1381,2010,0.099600002
1381,2011,0.0999
1381,2012,0.1006
1381,2013,0.098499998
1381,2014,0.095200002
1381,2015,0.087700002
1381,2016,0.087700002
1381,2017,0.0845
1381,2018,0.084700003
1381,2019,0.0801
1381,2020,0.077
1381,2021,0.078199998
1381,2022,0.078599997
1381,2023,0.077699997
1381,2024,0.077
1381,2025,0.073899999
1382,2006,0.097800002
1382,2007,0.094999999
1382,2008,0.097199999
1382,2009,0.1003
1382,2010,0.1
1382,2011,0.1011
1382,2012,0.095299996
1382,2013,0.093000002
1382,2014,0.092799999
1382,2015,0.0876
1382,2016,0.086400002
1382,2017,0.086900003
1382,2018,0.082500003
1382,2019,0.0836
1382,2020,0.0792
1382,2021,0.082000002
1382,2022,0.079599999
1382,2023,0.077200003
1382,2024,0.076700002
1382,2025,0.0713
1383,2006,0.1001
1383,2007,0.096600004
1383,2008,0.097099997
1383,2009,0.099299997
1383,2010,0.1018
1383,2011,0.099799998
1383,2012,0.1009
1383,2013,0.096100003
1383,2014,0.093599997
1383,2015,0.089900002
1383,2016,0.085600004
1383,2017,0.086300001
1383,2018,0.0836
1383,2019,0.0823
1383,2020,0.078100003
1383,2021,0.079999998
1383,2022,0.076300003
1383,2023,0.078199998
1383,2024,0.075400002
1383,2025,0.071199998
1384,2006,0.084200002
1384,2007,0.080600001
1384,2008,0.079999998
1384,2009,0.0836
1384,2010,0.084600002
1384,2011,0.083999999
1384,2012,0.083700001
1384,2013,0.080399998
1384,2014,0.081
1384,2015,0.078900002
1384,2016,0.073799998
1384,2017,0.071699999
1384,2018,0.0726
1384,2019,0.0722
1384,2020,0.068300001
1384,2021,0.0704
1384,2022,0.069399998
1384,2023,0.069399998
1384,2024,0.0669
1384,2025,0.064099997
1401,2006,0.082599998
1401,2007,0.082099997
1401,2008,0.081500001
1401,2009,0.081200004
1401,2010,0.082000002
1401,2011,0.080899999
1401,2012,0.079800002
1401,2013,0.077399999
1401,2014,0.073899999
1401,2015,0.071800001
1401,2016,0.068599999
1401,2017,0.066600002
1401,2018,0.064099997
1401,2019,0.062799998
1401,2020,0.063900001
1401,2021,0.060600001
1401,2022,0.060899999
1401,2023,0.059700001
1401,2024,0.0605
1401,2025,0.057700001
1402,2006,0.087300003
1402,2007,0.086300001
1402,2008,0.087399997
1402,2009,0.088100001
1402,2010,0.090800002
1402,2011,0.092799999
1402,2012,0.083999999
1402,2013,0.082699999
1402,2014,0.079000004
1402,2015,0.078599997
1402,2016,0.074600004
1402,2017,0.073200002
1402,2018,0.070200004
1402,2019,0.072400004
1402,2020,0.065700002
1402,2021,0.067100003
1402,2022,0.064099997
1402,2023,0.066299997
1402,2024,0.065800004
1402,2025,0.0638
1407,2006,0.084899999
1407,2007,0.088
1407,2008,0.083999999
1407,2009,0.083300002
1407,2010,0.091700003
1407,2011,0.092200004
1407,2012,0.084100001
1407,2013,0.081600003
1407,2014,0.086499996
1407,2015,0.078100003
1407,2016,0.0735
1407,2017,0.076200001
1407,2018,0.0744
1407,2019,0.075999998
1407,2020,0.067100003
1407,2021,0.069499999
1407,2022,0.071999997
1407,2023,0.0726
1407,2024,0.0713
1407,2025,0.067900002
1415,2006,0.088699996
1415,2007,0.092600003
1415,2008,0.087499999
1415,2009,0.093000002
1415,2010,0.098300003
1415,2011,0.092500001
1415,2012,0.090599999
1415,2013,0.090300001
1415,2014,0.089500003
1415,2015,0.086099997
1415,2016,0.081500001
1415,2017,0.0836
1415,2018,0.083400004
1415,2019,0.084700003
1415,2020,0.077
1415,2021,0.077200003
1415,2022,0.075800002
1415,2023,0.071800001
1415,2024,0.070200004
1415,2025,0.065899998
1419,2006,0.092799999
1419,2007,0.092
1419,2008,0.088
1419,2009,0.094300002
1419,2010,0.095600002
1419,2011,0.092600003
1419,2012,0.0898
1419,2013,0.091300003
1419,2014,0.0973
1419,2015,0.092600003
1419,2016,0.092900001
1419,2017,0.091700003
1419,2018,0.087099999
1419,2019,0.091700003
1419,2020,0.087200001
1419,2021,0.083099999
1419,2022,0.0845
1419,2023,0.080799997
1419,2024,0.078100003
1419,2025,0.078599997
1421,2006,0.1023
1421,2007,0.096199997
1421,2008,0.087800004
1421,2009,0.091200002
1421,2010,0.090999998
1421,2011,0.097400002
1421,2012,0.105
1421,2013,0.099699996
1421,2014,0.099600002
1421,2015,0.096699998
1421,2016,0.085199997
1421,2017,0.088299997
1421,2018,0.089900002
1421,2019,0.088799998
1421,2020,0.081699997
1421,2021,0.086400002
1421,2022,0.078699999
1421,2023,0.079999998
1421,2024,0.079599999
1421,2025,0.075400002
1427,2006,0.1015
1427,2007,0.095899999
1427,2008,0.096699998
1427,2009,0.092500001
1427,2010,0.0977
1427,2011,0.095600002
1427,2012,0.0973
1427,2013,0.1013
1427,2014,0.095299996
1427,2015,0.095299996
1427,2016,0.093999997
1427,2017,0.093199998
1427,2018,0.090099998
1427,2019,0.088699996
1427,2020,0.082400002
1427,2021,0.082000002
1427,2022,0.079099998
1427,2023,0.086599998
1427,2024,0.078900002
1427,2025,0.076700002
1430,2006,0.1044
1430,2007,0.1009
1430,2008,0.096199997
1430,2009,0.091499999
1430,2010,0.097199999
1430,2011,0.1003
1430,2012,0.1101
1430,2013,0.1019
1430,2014,0.1044
1430,2015,0.092500001
1430,2016,0.089900002
1430,2017,0.092399999
1430,2018,0.090000004
1430,2019,0.083700001
1430,2020,0.079099998
1430,2021,0.083099999
1430,2022,0.0766
1430,2023,0.077699997
1430,2024,0.081600003
1430,2025,0.076499999
1435,2006,0.1014
1435,2007,0.098499998
1435,2008,0.092299998
1435,2009,0.0832
1435,2010,0.088600002
1435,2011,0.094099998
1435,2012,0.093699999
1435,2013,0.094499998
1435,2014,0.098300003
1435,2015,0.0955
1435,2016,0.085100003
1435,2017,0.086300001
1435,2018,0.084799998
1435,2019,0.083400004
1435,2020,0.076300003
1435,2021,0.0788
1435,2022,0.076800004
1435,2023,0.079300001
1435,2024,0.076099999
1435,2025,0.077799998
1438,2006,0.094300002
1438,2007,0.0854
1438,2008,0.086099997
1438,2009,0.081200004
1438,2010,0.089699998
1438,2011,0.094300002
1438,2012,0.092600003
1438,2013,0.093500003
1438,2014,0.089599997
1438,2015,0.092900001
1438,2016,0.087899998
1438,2017,0.088600002
1438,2018,0.088200003
1438,2019,0.082500003
1438,2020,0.075199999
1438,2021,0.077200003
1438,2022,0.073100001
1438,2023,0.078599997
1438,2024,0.081799999
1438,2025,0.073100001
1439,2006,0.095899999
1439,2007,0.1011
1439,2008,0.0942
1439,2009,0.094899997
1439,2010,0.096000001
1439,2011,0.098300003
1439,2012,0.1057
1439,2013,0.1025
1439,2014,0.1046
1439,2015,0.099699996
1439,2016,0.089299999
1439,2017,0.092500001
1439,2018,0.094499998
1439,2019,0.0867
1439,2020,0.083099999
1439,2021,0.077
1439,2022,0.081699997
1439,2023,0.080600001
1439,2024,0.082599998
1439,2025,0.081299998
1440,2006,0.095200002
1440,2007,0.096799999
1440,2008,0.089599997
1440,2009,0.093099996
1440,2010,0.094099998
1440,2011,0.094099998
1440,2012,0.093599997
1440,2013,0.089199997
1440,2014,0.094599999
1440,2015,0.084899999
1440,2016,0.080899999
1440,2017,0.083700001
1440,2018,0.082599998
1440,2019,0.081500001
1440,2020,0.074699998
1440,2021,0.077200003
1440,2022,0.071800001
1440,2023,0.069399998
1440,2024,0.067000002
1440,2025,0.064300001
1441,2006,0.080899999
1441,2007,0.0801
1441,2008,0.084100001
1441,2009,0.080700003
1441,2010,0.083800003
1441,2011,0.082000002
1441,2012,0.082199998
1441,2013,0.0792
1441,2014,0.080799997
1441,2015,0.075800002
1441,2016,0.071900003
1441,2017,0.070500001
1441,2018,0.069200002
1441,2019,0.070200004
1441,2020,0.064199999
1441,2021,0.064999998
1441,2022,0.062600002
1441,2023,0.0634
1441,2024,0.059599999
1441,2025,0.0614
1442,2006,0.088399999
1442,2007,0.093800001
1442,2008,0.089000002
1442,2009,0.086800002
1442,2010,0.090999998
1442,2011,0.088100001
1442,2012,0.087200001
1442,2013,0.091600001
1442,2014,0.086499996
1442,2015,0.078699999
1442,2016,0.079999998
1442,2017,0.0832
1442,2018,0.079899997
1442,2019,0.079400003
1442,2020,0.067100003
1442,2021,0.068999998
1442,2022,0.0726
1442,2023,0.076700002
1442,2024,0.07
1442,2025,0.068999998
1443,2006,0.086900003
1443,2007,0.092799999
1443,2008,0.088799998
1443,2009,0.092200004
1443,2010,0.085299999
1443,2011,0.093699999
1443,2012,0.088
1443,2013,0.087499999
1443,2014,0.0876
1443,2015,0.0832
1443,2016,0.0801
1443,2017,0.080499999
1443,2018,0.074699998
1443,2019,0.077299997
1443,2020,0.067400001
1443,2021,0.075599998
1443,2022,0.068700001
1443,2023,0.0713
1443,2024,0.066
1443,2025,0.068599999
1444,2006,0.1031
1444,2007,0.1043
1444,2008,0.099799998
1444,2009,0.091499999
1444,2010,0.093900003
1444,2011,0.1091
1444,2012,0.1101
1444,2013,0.096100003
1444,2014,0.094499998
1444,2015,0.087899998
1444,2016,0.089100003
1444,2017,0.083099999
1444,2018,0.085199997
1444,2019,0.082199998
1444,2020,0.082500003
1444,2021,0.073799998
1444,2022,0.075300001
1444,2023,0.076899998
1444,2024,0.0722
1444,2025,0.075300001
1445,2006,0.095799997
1445,2007,0.093699999
1445,2008,0.0933
1445,2009,0.085900001
1445,2010,0.1021
1445,2011,0.1061
1445,2012,0.1067
1445,2013,0.094999999
1445,2014,0.087200001
1445,2015,0.086099997
1445,2016,0.097400002
1445,2017,0.090700001
1445,2018,0.091399997
1445,2019,0.088100001
1445,2020,0.086199999
1445,2021,0.0792
1445,2022,0.090300001
1445,2023,0.076200001
1445,2024,0.085100003
1445,2025,0.085699998
1446,2006,0.1035
1446,2007,0.1016
1446,2008,0.1077
1446,2009,0.1007
1446,2010,0.1037
1446,2011,0.1018
1446,2012,0.1051
1446,2013,0.1006
1446,2014,0.096699998
1446,2015,0.097599998
1446,2016,0.083499998
1446,2017,0.093900003
1446,2018,0.079099998
1446,2019,0.088
1446,2020,0.081600003
1446,2021,0.083999999
1446,2022,0.077799998
1446,2023,0.080700003
1446,2024,0.079300001
1446,2025,0.069799997
1447,2006,0.1077
1447,2007,0.1047
1447,2008,0.108
1447,2009,0.114
1447,2010,0.1064
1447,2011,0.1106
1447,2012,0.1096
1447,2013,0.1034
1447,2014,0.1103
1447,2015,0.099399999
1447,2016,0.089299999
1447,2017,0.093599997
1447,2018,0.098499998
1447,2019,0.096100003
1447,2020,0.083800003
1447,2021,0.094400004
1447,2022,0.088799998
1447,2023,0.086000003
1447,2024,0.084899999
1447,2025,0.076800004
1452,2006,0.087899998
1452,2007,0.085500002
1452,2008,0.087499999
1452,2009,0.090300001
1452,2010,0.089199997
1452,2011,0.086900003
1452,2012,0.095799997
1452,2013,0.095299996
1452,2014,0.088799998
1452,2015,0.0876
1452,2016,0.078400001
1452,2017,0.079800002
1452,2018,0.081
1452,2019,0.078599997
1452,2020,0.0682
1452,2021,0.075000003
1452,2022,0.070900001
1452,2023,0.074699998
1452,2024,0.072499998
1452,2025,0.0766
1460,2006,0.092200004
1460,2007,0.0911
1460,2008,0.0898
1460,2009,0.089699998
1460,2010,0.093000002
1460,2011,0.098700002
1460,2012,0.094999999
1460,2013,0.095100001
1460,2014,0.096299998
1460,2015,0.084600002
1460,2016,0.086999997
1460,2017,0.088699996
1460,2018,0.0889
1460,2019,0.081900001
1460,2020,0.078199998
1460,2021,0.079599999
1460,2022,0.075800002
1460,2023,0.076200001
1460,2024,0.081200004
1460,2025,0.081900001
1461,2006,0.1009
1461,2007,0.1031
1461,2008,0.0933
1461,2009,0.092399999
1461,2010,0.088600002
1461,2011,0.098099999
1461,2012,0.1074
1461,2013,0.0977
1461,2014,0.1038
1461,2015,0.094899997
1461,2016,0.0986
1461,2017,0.098899998
1461,2018,0.091600001
1461,2019,0.080799997
1461,2020,0.079499997
1461,2021,0.082900003
1461,2022,0.082599998
1461,2023,0.081
1461,2024,0.078500003
1461,2025,0.0814
1462,2006,0.1081
1462,2007,0.098700002
1462,2008,0.095600002
1462,2009,0.098200001
1462,2010,0.1007
1462,2011,0.096000001
1462,2012,0.1013
1462,2013,0.1023
1462,2014,0.1071
1462,2015,0.098099999
1462,2016,0.0933
1462,2017,0.091700003
1462,2018,0.091600001
1462,2019,0.085000001
1462,2020,0.082599998
1462,2021,0.079099998
1462,2022,0.075599998
1462,2023,0.075099997
1462,2024,0.077600002
1462,2025,0.073600002
1463,2006,0.1009
1463,2007,0.0995
1463,2008,0.098800004
1463,2009,0.098099999
1463,2010,0.092799999
1463,2011,0.090499997
1463,2012,0.093999997
1463,2013,0.093500003
1463,2014,0.089599997
1463,2015,0.088600002
1463,2016,0.087899998
1463,2017,0.0832
1463,2018,0.083300002
1463,2019,0.082999997
1463,2020,0.074299999
1463,2021,0.075300001
1463,2022,0.075999998
1463,2023,0.072099999
1463,2024,0.074600004
1463,2025,0.072400004
1465,2006,0.095600002
1465,2007,0.0995
1465,2008,0.098499998
1465,2009,0.1031
1465,2010,0.096100003
1465,2011,0.1012
1465,2012,0.0986
1465,2013,0.097099997
1465,2014,0.097199999
1465,2015,0.097099997
1465,2016,0.086800002
1465,2017,0.090800002
1465,2018,0.0898
1465,2019,0.084399998
1465,2020,0.076200001
1465,2021,0.079700001
1465,2022,0.079800002
1465,2023,0.084299996
1465,2024,0.080399998
1465,2025,0.082699999
1466,2006,0.095600002
1466,2007,0.095399998
1466,2008,0.089100003
1466,2009,0.096500002
1466,2010,0.094899997
1466,2011,0.0942
1466,2012,0.105
1466,2013,0.099699996
1466,2014,0.096900001
1466,2015,0.086999997
1466,2016,0.089000002
1466,2017,0.090599999
1466,2018,0.090300001
1466,2019,0.087300003
1466,2020,0.077600002
1466,2021,0.077699997
1466,2022,0.077200003
1466,2023,0.075900003
1466,2024,0.076899998
1466,2025,0.074600004
1470,2006,0.1024
1470,2007,0.0986
1470,2008,0.1003
1470,2009,0.106
1470,2010,0.1032
1470,2011,0.1032
1470,2012,0.099699996
1470,2013,0.096500002
1470,2014,0.094499998
1470,2015,0.093500003
1470,2016,0.088299997
1470,2017,0.088500001
1470,2018,0.082900003
1470,2019,0.089400001
1470,2020,0.0801
1470,2021,0.082599998
1470,2022,0.077200003
1470,2023,0.079400003
1470,2024,0.072300002
1470,2025,0.076300003
1471,2006,0.092200004
1471,2007,0.097999997
1471,2008,0.097900003
1471,2009,0.0995
1471,2010,0.097599998
1471,2011,0.098999999
1471,2012,0.096699998
1471,2013,0.091300003
1471,2014,0.092200004
1471,2015,0.090999998
1471,2016,0.084600002
1471,2017,0.087800004
1471,2018,0.079499997
1471,2019,0.092200004
1471,2020,0.0832
1471,2021,0.082900003
1471,2022,0.0801
1471,2023,0.0801
1471,2024,0.078000002
1471,2025,0.078100003
1472,2006,0.101
1472,2007,0.1026
1472,2008,0.1073
1472,2009,0.1082
1472,2010,0.1095
1472,2011,0.1092
1472,2012,0.099600002
1472,2013,0.1028
1472,2014,0.094400004
1472,2015,0.0898
1472,2016,0.082400002
1472,2017,0.084399998
1472,2018,0.082500003
1472,2019,0.088699996
1472,2020,0.079999998
1472,2021,0.082699999
1472,2022,0.091300003
1472,2023,0.0845
1472,2024,0.077699997
1472,2025,0.081600003
1473,2006,0.1126
1473,2007,0.113
1473,2008,0.1101
1473,2009,0.1079
1473,2010,0.1094
1473,2011,0.1083
1473,2012,0.1002
1473,2013,0.1033
1473,2014,0.1001
1473,2015,0.098200001
1473,2016,0.097400002
1473,2017,0.0933
1473,2018,0.090099998
1473,2019,0.093699999
1473,2020,0.0854
1473,2021,0.085500002
1473,2022,0.083499998
1473,2023,0.090099998
1473,2024,0.081699997
1473,2025,0.084100001
1480,2006,0.089100003
1480,2007,0.0889
1480,2008,0.089400001
1480,2009,0.088399999
1480,2010,0.089900002
1480,2011,0.0867
1480,2012,0.083800003
1480,2013,0.082500003
1480,2014,0.081699997
1480,2015,0.078900002
1480,2016,0.073600002
1480,2017,0.072700001
1480,2018,0.070500001
1480,2019,0.069499999
1480,2020,0.066799998
1480,2021,0.066100001
1480,2022,0.062899999
1480,2023,0.062799998
1480,2024,0.062600002
1480,2025,0.061000001
1481,2006,0.0854
1481,2007,0.086999997
1481,2008,0.086499996
1481,2009,0.084799998
1481,2010,0.086400002
1481,2011,0.085000001
1481,2012,0.082599998
1481,2013,0.0788
1481,2014,0.079099998
1481,2015,0.077
1481,2016,0.071599998
1481,2017,0.070699997
1481,2018,0.070200004
1481,2019,0.068999998
1481,2020,0.0656
1481,2021,0.064900003
1481,2022,0.0625
1481,2023,0.063000001
1481,2024,0.063100003
1481,2025,0.0612
1482,2006,0.093699999
1482,2007,0.0933
1482,2008,0.092100002
1482,2009,0.090400003
1482,2010,0.0986
1482,2011,0.094999999
1482,2012,0.093900003
1482,2013,0.0911
1482,2014,0.0964
1482,2015,0.091700003
1482,2016,0.086999997
1482,2017,0.086599998
1482,2018,0.086499996
1482,2019,0.085699998
1482,2020,0.079999998
1482,2021,0.078599997
1482,2022,0.079099998
1482,2023,0.072700001
1482,2024,0.070799999
1482,2025,0.071099997
1484,2006,0.098300003
1484,2007,0.0995
1484,2008,0.093000002
1484,2009,0.087800004
1484,2010,0.0942
1484,2011,0.1007
1484,2012,0.1068
1484,2013,0.1028
1484,2014,0.1029
1484,2015,0.097599998
1484,2016,0.093500003
1484,2017,0.084700003
1484,2018,0.084200002
1484,2019,0.082199998
1484,2020,0.076499999
1484,2021,0.081900001
1484,2022,0.074500002
1484,2023,0.0792
1484,2024,0.081299998
1484,2025,0.083800003
1485,2006,0.1016
1485,2007,0.0995
1485,2008,0.093000002
1485,2009,0.085500002
1485,2010,0.093199998
1485,2011,0.094999999
1485,2012,0.099600002
1485,2013,0.098200001
1485,2014,0.098800004
1485,2015,0.091499999
1485,2016,0.087700002
1485,2017,0.087499999
1485,2018,0.085600004
1485,2019,0.083400004
1485,2020,0.076700002
1485,2021,0.077699997
1485,2022,0.076200001
1485,2023,0.076700002
1485,2024,0.074699998
1485,2025,0.071800001
1486,2006,0.089699998
1486,2007,0.086300001
1486,2008,0.0788
1486,2009,0.081
1486,2010,0.078000002
1486,2011,0.079899997
1486,2012,0.082599998
1486,2013,0.081799999
1486,2014,0.079300001
1486,2015,0.080600001
1486,2016,0.076899998
1486,2017,0.070699997
1486,2018,0.070900001
1486,2019,0.069499999
1486,2020,0.068999998
1486,2021,0.077600002
1486,2022,0.066100001
1486,2023,0.067199998
1486,2024,0.063900001
1486,2025,0.064999998
1487,2006,0.1021
1487,2007,0.0955
1487,2008,0.0889
1487,2009,0.089500003
1487,2010,0.094899997
1487,2011,0.097000003
1487,2012,0.1033
1487,2013,0.101
1487,2014,0.1041
1487,2015,0.098099999
1487,2016,0.090700001
1487,2017,0.0911
1487,2018,0.088100001
1487,2019,0.086400002
1487,2020,0.081500001
1487,2021,0.0779
1487,2022,0.079599999
1487,2023,0.079700001
1487,2024,0.079300001
1487,2025,0.074199997
1488,2006,0.1006
1488,2007,0.098499998
1488,2008,0.090499997
1488,2009,0.089000002
1488,2010,0.089299999
1488,2011,0.095799997
1488,2012,0.1018
1488,2013,0.096600004
1488,2014,0.097400002
1488,2015,0.092900001
1488,2016,0.086800002
1488,2017,0.086400002
1488,2018,0.084200002
1488,2019,0.079999998
1488,2020,0.075800002
1488,2021,0.074000001
1488,2022,0.073100001
1488,2023,0.073100001
1488,2024,0.071000002
1488,2025,0.070200004
1489,2006,0.094700001
1489,2007,0.093199998
1489,2008,0.090899996
1489,2009,0.091200002
1489,2010,0.093599997
1489,2011,0.091899998
1489,2012,0.090499997
1489,2013,0.089299999
1489,2014,0.090999998
1489,2015,0.086999997
1489,2016,0.083300002
1489,2017,0.082699999
1489,2018,0.077699997
1489,2019,0.079000004
1489,2020,0.0722
1489,2021,0.073700003
1489,2022,0.074100003
1489,2023,0.074000001
1489,2024,0.070600003
1489,2025,0.068700001
1490,2006,0.0973
1490,2007,0.095700003
1490,2008,0.0933
1490,2009,0.094999999
1490,2010,0.093800001
1490,2011,0.095700003
1490,2012,0.097999997
1490,2013,0.097000003
1490,2014,0.092399999
1490,2015,0.087200001
1490,2016,0.0876
1490,2017,0.083899997
1490,2018,0.081900001
1490,2019,0.081
1490,2020,0.073600002
1490,2021,0.076200001
1490,2022,0.072999999
1490,2023,0.072499998
1490,2024,0.072099999
1490,2025,0.071099997
1491,2006,0.089599997
1491,2007,0.092799999
1491,2008,0.087499999
1491,2009,0.093000002
1491,2010,0.091600001
1491,2011,0.093900003
1491,2012,0.094700001
1491,2013,0.094099998
1491,2014,0.0902
1491,2015,0.0898
1491,2016,0.085600004
1491,2017,0.084899999
1491,2018,0.081500001
1491,2019,0.079899997
1491,2020,0.076499999
1491,2021,0.079300001
1491,2022,0.081
1491,2023,0.078100003
1491,2024,0.0748
1491,2025,0.078400001
1492,2006,0.1015
1492,2007,0.097800002
1492,2008,0.089100003
1492,2009,0.093099996
1492,2010,0.090300001
1492,2011,0.093900003
1492,2012,0.1029
1492,2013,0.103
1492,2014,0.098499998
1492,2015,0.094099998
1492,2016,0.085900001
1492,2017,0.086099997
1492,2018,0.082900003
1492,2019,0.086000003
1492,2020,0.081699997
1492,2021,0.079000004
1492,2022,0.080399998
1492,2023,0.079499997
1492,2024,0.076499999
1492,2025,0.075599998
1493,2006,0.1003
1493,2007,0.099399999
1493,2008,0.1016
1493,2009,0.1023
1493,2010,0.1035
1493,2011,0.1019
1493,2012,0.098999999
1493,2013,0.099399999
1493,2014,0.094800003
1493,2015,0.0964
1493,2016,0.091899998
1493,2017,0.089699998
1493,2018,0.086300001
1493,2019,0.089400001
1493,2020,0.083400004
1493,2021,0.089500003
1493,2022,0.0858
1493,2023,0.082699999
1493,2024,0.081500001
1493,2025,0.075499997
1494,2006,0.094099998
1494,2007,0.097199999
1494,2008,0.096299998
1494,2009,0.0999
1494,2010,0.096600004
1494,2011,0.095700003
1494,2012,0.0955
1494,2013,0.093500003
1494,2014,0.090999998
1494,2015,0.089699998
1494,2016,0.0858
1494,2017,0.084700003
1494,2018,0.085199997
1494,2019,0.085500002
1494,2020,0.081900001
1494,2021,0.081900001
1494,2022,0.078599997
1494,2023,0.081299998
1494,2024,0.071900003
1494,2025,0.0691
1495,2006,0.1021
1495,2007,0.1004
1495,2008,0.1052
1495,2009,0.1033
1495,2010,0.098899998
1495,2011,0.098499998
1495,2012,0.1021
1495,2013,0.097999997
1495,2014,0.097099997
1495,2015,0.097599998
1495,2016,0.094700001
1495,2017,0.093699999
1495,2018,0.089000002
1495,2019,0.090300001
1495,2020,0.087899998
1495,2021,0.0876
1495,2022,0.082400002
1495,2023,0.084899999
1495,2024,0.082900003
1495,2025,0.075900003
1496,2006,0.1013
1496,2007,0.096699998
1496,2008,0.101
1496,2009,0.099799998
1496,2010,0.098700002
1496,2011,0.096199997
1496,2012,0.0964
1496,2013,0.093099996
1496,2014,0.091499999
1496,2015,0.086900003
1496,2016,0.086400002
1496,2017,0.083400004
1496,2018,0.082000002
1496,2019,0.085000001
1496,2020,0.079000004
1496,2021,0.078699999
1496,2022,0.078199998
1496,2023,0.075300001
1496,2024,0.071199998
1496,2025,0.069300003
1497,2006,0.1023
1497,2007,0.095899999
1497,2008,0.1011
1497,2009,0.1023
1497,2010,0.098300003
1497,2011,0.098300003
1497,2012,0.1026
1497,2013,0.099299997
1497,2014,0.095399998
1497,2015,0.090400003
1497,2016,0.086999997
1497,2017,0.082500003
1497,2018,0.094400004
1497,2019,0.092699997
1497,2020,0.088299997
1497,2021,0.087700002
1497,2022,0.083400004
1497,2023,0.085699998
1497,2024,0.078199998
1497,2025,0.0779
1498,2006,0.1061
1498,2007,0.1001
1498,2008,0.1042
1498,2009,0.099399999
1498,2010,0.104
1498,2011,0.1014
1498,2012,0.1069
1498,2013,0.097999997
1498,2014,0.094800003
1498,2015,0.095700003
1498,2016,0.093599997
1498,2017,0.092100002
1498,2018,0.089299999
1498,2019,0.086300001
1498,2020,0.082000002
1498,2021,0.084899999
1498,2022,0.089199997
1498,2023,0.084899999
1498,2024,0.082099997
1498,2025,0.0757
1499,2006,0.1044
1499,2007,0.1019
1499,2008,0.101
1499,2009,0.1022
1499,2010,0.098899998
1499,2011,0.1006
1499,2012,0.099799998
1499,2013,0.098499998
1499,2014,0.098899998
1499,2015,0.092200004
1499,2016,0.0902
1499,2017,0.090800002
1499,2018,0.0889
1499,2019,0.087899998
1499,2020,0.083499998
1499,2021,0.080499999
1499,2022,0.083499998
1499,2023,0.082900003
1499,2024,0.075499997
1499,2025,0.074299999
1715,2006,0.087800004
1715,2007,0.086400002
1715,2008,0.082900003
1715,2009,0.087899998
1715,2010,0.094700001
1715,2011,0.090999998
1715,2012,0.092900001
1715,2013,0.090899996
1715,2014,0.089500003
1715,2015,0.096100003
1715,2016,0.090700001
1715,2017,0.089000002
1715,2018,0.091399997
1715,2019,0.085500002
1715,2020,0.0823
1715,2021,0.087800004
1715,2022,0.078400001
1715,2023,0.083800003
1715,2024,0.079899997
1715,2025,0.081799999
1730,2006,0.095399998
1730,2007,0.096199997
1730,2008,0.098399997
1730,2009,0.1016
1730,2010,0.099399999
1730,2011,0.1017
1730,2012,0.1062
1730,2013,0.1035
1730,2014,0.099699996
1730,2015,0.098399997
1730,2016,0.090400003
1730,2017,0.092699997
1730,2018,0.097099997
1730,2019,0.093999997
1730,2020,0.079899997
1730,2021,0.084899999
1730,2022,0.085100003
1730,2023,0.081
1730,2024,0.085199997
1730,2025,0.083899997
1737,2006,0.094400004
1737,2007,0.1016
1737,2008,0.098099999
1737,2009,0.096900001
1737,2010,0.0986
1737,2011,0.1032
1737,2012,0.097999997
1737,2013,0.0964
1737,2014,0.0973
1737,2015,0.1018
1737,2016,0.1025
1737,2017,0.1009
1737,2018,0.1009
1737,2019,0.094999999
1737,2020,0.091200002
1737,2021,0.095100001
1737,2022,0.092299998
1737,2023,0.0854
1737,2024,0.0867
1737,2025,0.087499999
1760,2006,0.092399999
1760,2007,0.093500003
1760,2008,0.095200002
1760,2009,0.1114
1760,2010,0.1058
1760,2011,0.098899998
1760,2012,0.098800004
1760,2013,0.096100003
1760,2014,0.094999999
1760,2015,0.094499998
1760,2016,0.085500002
1760,2017,0.093900003
1760,2018,0.084100001
1760,2019,0.085199997
1760,2020,0.077699997
1760,2021,0.084100001
1760,2022,0.082400002
1760,2023,0.088100001
1760,2024,0.082400002
1760,2025,0.091899998
1761,2006,0.0788
1761,2007,0.083499998
1761,2008,0.080499999
1761,2009,0.079999998
1761,2010,0.079700001
1761,2011,0.075400002
1761,2012,0.085900001
1761,2013,0.079400003
1761,2014,0.081799999
1761,2015,0.081900001
1761,2016,0.079300001
1761,2017,0.076499999
1761,2018,0.077200003
1761,2019,0.077200003
1761,2020,0.0669
1761,2021,0.07
1761,2022,0.071900003
1761,2023,0.064900003
1761,2024,0.066699997
1761,2025,0.068300001
1762,2006,0.098300003
1762,2007,0.1034
1762,2008,0.096699998
1762,2009,0.1047
1762,2010,0.1095
1762,2011,0.1037
1762,2012,0.1096
1762,2013,0.1061
1762,2014,0.1069
1762,2015,0.1142
1762,2016,0.098200001
1762,2017,0.1098
1762,2018,0.099699996
1762,2019,0.1038
1762,2020,0.0836
1762,2021,0.097400002
1762,2022,0.1001
1762,2023,0.093900003
1762,2024,0.083700001
1762,2025,0.094400004
1763,2006,0.088600002
1763,2007,0.086499996
1763,2008,0.089199997
1763,2009,0.087899998
1763,2010,0.086900003
1763,2011,0.090599999
1763,2012,0.095399998
1763,2013,0.092699997
1763,2014,0.093699999
1763,2015,0.092
1763,2016,0.089299999
1763,2017,0.085000001
1763,2018,0.089500003
1763,2019,0.0889
1763,2020,0.076700002
1763,2021,0.080300003
1763,2022,0.078500003
1763,2023,0.072999999
1763,2024,0.078500003
1763,2025,0.081799999
1764,2006,0.094300002
1764,2007,0.095799997
1764,2008,0.1007
1764,2009,0.0977
1764,2010,0.097900003
1764,2011,0.1046
1764,2012,0.1018
1764,2013,0.0973
1764,2014,0.1008
1764,2015,0.1023
1764,2016,0.090800002
1764,2017,0.094999999
1764,2018,0.097400002
1764,2019,0.087499999
1764,2020,0.088200003
1764,2021,0.092799999
1764,2022,0.088200003
1764,2023,0.086800002
1764,2024,0.0898
1764,2025,0.086199999
1765,2006,0.090999998
1765,2007,0.090000004
1765,2008,0.087800004
1765,2009,0.094300002
1765,2010,0.094300002
1765,2011,0.090000004
1765,2012,0.090599999
1765,2013,0.090899996
1765,2014,0.093500003
1765,2015,0.093199998
1765,2016,0.088500001
1765,2017,0.089299999
1765,2018,0.087499999
1765,2019,0.083499998
1765,2020,0.074199997
1765,2021,0.086800002
1765,2022,0.081500001
1765,2023,0.0801
1765,2024,0.076700002
1765,2025,0.082099997
1766,2006,0.086999997
1766,2007,0.088
1766,2008,0.081600003
1766,2009,0.091300003
1766,2010,0.084100001
1766,2011,0.085100003
1766,2012,0.089500003
1766,2013,0.085900001
1766,2014,0.086499996
1766,2015,0.092699997
1766,2016,0.086599998
1766,2017,0.086599998
1766,2018,0.091300003
1766,2019,0.089500003
1766,2020,0.077399999
1766,2021,0.085100003
1766,2022,0.087499999
1766,2023,0.086400002
1766,2024,0.080300003
1766,2025,0.082800001
1780,2006,0.086800002
1780,2007,0.088600002
1780,2008,0.086800002
1780,2009,0.090499997
1780,2010,0.087899998
1780,2011,0.088500001
1780,2012,0.089199997
1780,2013,0.086000003
1780,2014,0.087300003
1780,2015,0.087800004
1780,2016,0.080899999
1780,2017,0.081600003
1780,2018,0.080499999
1780,2019,0.079899997
1780,2020,0.071999997
1780,2021,0.075300001
1780,2022,0.072800003
1780,2023,0.069700003
1780,2024,0.069799997
1780,2025,0.073600002
1781,2006,0.0955
1781,2007,0.0933
1781,2008,0.095700003
1781,2009,0.097499996
1781,2010,0.1026
1781,2011,0.099600002
1781,2012,0.0955
1781,2013,0.097599998
1781,2014,0.0942
1781,2015,0.099200003
1781,2016,0.088600002
1781,2017,0.090300001
1781,2018,0.092799999
1781,2019,0.093800001
1781,2020,0.085100003
1781,2021,0.085199997
1781,2022,0.085600004
1781,2023,0.083800003
1781,2024,0.084399998
1781,2025,0.088100001
1782,2006,0.1008
1782,2007,0.092100002
1782,2008,0.095100001
1782,2009,0.096199997
1782,2010,0.097099997
1782,2011,0.098700002
1782,2012,0.1028
1782,2013,0.094400004
1782,2014,0.1005
1782,2015,0.099799998
1782,2016,0.098999999
1782,2017,0.098200001
1782,2018,0.093400002
1782,2019,0.096500002
1782,2020,0.090400003
1782,2021,0.092299998
1782,2022,0.090000004
1782,2023,0.087899998
1782,2024,0.089100003
1782,2025,0.084600002
1783,2006,0.093699999
1783,2007,0.094300002
1783,2008,0.0955
1783,2009,0.093800001
1783,2010,0.097800002
1783,2011,0.098700002
1783,2012,0.1007
1783,2013,0.1007
1783,2014,0.099200003
1783,2015,0.098899998
1783,2016,0.1038
1783,2017,0.1012
1783,2018,0.098099999
1783,2019,0.099699996
1783,2020,0.090099998
1783,2021,0.097099997
1783,2022,0.093599997
1783,2023,0.094700001
1783,2024,0.089500003
1783,2025,0.091799997
1784,2006,0.095899999
1784,2007,0.096600004
1784,2008,0.093900003
1784,2009,0.096000001
1784,2010,0.095200002
1784,2011,0.097800002
1784,2012,0.0999
1784,2013,0.098499998
1784,2014,0.098099999
1784,2015,0.1012
1784,2016,0.093400002
1784,2017,0.088100001
1784,2018,0.092399999
1784,2019,0.089500003
1784,2020,0.079599999
1784,2021,0.087899998
1784,2022,0.081500001
1784,2023,0.080399998
1784,2024,0.081
1784,2025,0.081699997
1785,2006,0.0867
1785,2007,0.085900001
1785,2008,0.085900001
1785,2009,0.084799998
1785,2010,0.094499998
1785,2011,0.094400004
1785,2012,0.0955
1785,2013,0.095100001
1785,2014,0.1012
1785,2015,0.098099999
1785,2016,0.0911
1785,2017,0.086999997
1785,2018,0.093500003
1785,2019,0.090099998
1785,2020,0.082699999
1785,2021,0.082000002
1785,2022,0.083499998
1785,2023,0.086300001
1785,2024,0.083700001
1785,2025,0.089199997
1814,2006,0.085000001
1814,2007,0.085100003
1814,2008,0.086999997
1814,2009,0.093099996
1814,2010,0.0911
1814,2011,0.0964
1814,2012,0.090400003
1814,2013,0.092200004
1814,2014,0.085600004
1814,2015,0.079899997
1814,2016,0.077500001
1814,2017,0.075300001
1814,2018,0.077100001
1814,2019,0.073799998
1814,2020,0.072099999
1814,2021,0.067900002
1814,2022,0.071199998
1814,2023,0.0669
1814,2024,0.070299998
1814,2025,0.068300001
1860,2006,0.095299996
1860,2007,0.1057
1860,2008,0.1007
1860,2009,0.1022
1860,2010,0.097099997
1860,2011,0.108
1860,2012,0.099100001
1860,2013,0.094300002
1860,2014,0.098300003
1860,2015,0.090700001
1860,2016,0.091799997
1860,2017,0.0854
1860,2018,0.081600003
1860,2019,0.0832
1860,2020,0.079300001
1860,2021,0.079700001
1860,2022,0.072300002
1860,2023,0.080200002
1860,2024,0.081699997
1860,2025,0.075800002
1861,2006,0.091499999
1861,2007,0.093099996
1861,2008,0.092900001
1861,2009,0.091799997
1861,2010,0.0973
1861,2011,0.092299998
1861,2012,0.091799997
1861,2013,0.088
1861,2014,0.086300001
1861,2015,0.082599998
1861,2016,0.084200002
1861,2017,0.081600003
1861,2018,0.0845
1861,2019,0.081699997
1861,2020,0.076899998
1861,2021,0.0748
1861,2022,0.073200002
1861,2023,0.070600003
1861,2024,0.075000003
1861,2025,0.074100003
1862,2006,0.1032
1862,2007,0.1091
1862,2008,0.1084
1862,2009,0.1075
1862,2010,0.1104
1862,2011,0.109
1862,2012,0.1038
1862,2013,0.097900003
1862,2014,0.094700001
1862,2015,0.092500001
1862,2016,0.090899996
1862,2017,0.0876
1862,2018,0.082800001
1862,2019,0.085600004
1862,2020,0.080700003
1862,2021,0.0814
1862,2022,0.0823
1862,2023,0.0823
1862,2024,0.082800001
1862,2025,0.084100001
1863,2006,0.1009
1863,2007,0.099699996
1863,2008,0.094999999
1863,2009,0.1004
1863,2010,0.1082
1863,2011,0.1092
1863,2012,0.103
1863,2013,0.1037
1863,2014,0.0995
1863,2015,0.088699996
1863,2016,0.085699998
1863,2017,0.0902
1863,2018,0.0845
1863,2019,0.088699996
1863,2020,0.080200002
1863,2021,0.085000001
1863,2022,0.080799997
1863,2023,0.087899998
1863,2024,0.086900003
1863,2025,0.085000001
1864,2006,0.111
1864,2007,0.1026
1864,2008,0.1034
1864,2009,0.1033
1864,2010,0.1099
1864,2011,0.1103
1864,2012,0.1184
1864,2013,0.1073
1864,2014,0.1001
1864,2015,0.1029
1864,2016,0.093099996
1864,2017,0.092699997
1864,2018,0.092200004
1864,2019,0.087399997
1864,2020,0.086199999
1864,2021,0.088799998
1864,2022,0.087899998
1864,2023,0.095799997
1864,2024,0.092900001
1864,2025,0.091799997
1880,2006,0.088600002
1880,2007,0.088
1880,2008,0.089500003
1880,2009,0.088500001
1880,2010,0.089299999
1880,2011,0.090400003
1880,2012,0.086999997
1880,2013,0.081900001
1880,2014,0.079999998
1880,2015,0.0748
1880,2016,0.0748
1880,2017,0.075300001
1880,2018,0.0757
1880,2019,0.073200002
1880,2020,0.068700001
1880,2021,0.069499999
1880,2022,0.064499997
1880,2023,0.066200003
1880,2024,0.067199998
1880,2025,0.0678
1881,2006,0.087399997
1881,2007,0.089100003
1881,2008,0.086000003
1881,2009,0.086999997
1881,2010,0.0898
1881,2011,0.089299999
1881,2012,0.087200001
1881,2013,0.084399998
1881,2014,0.080200002
1881,2015,0.076099999
1881,2016,0.0757
1881,2017,0.073899999
1881,2018,0.078900002
1881,2019,0.0735
1881,2020,0.071099997
1881,2021,0.07
1881,2022,0.0704
1881,2023,0.070100002
1881,2024,0.070600003
1881,2025,0.069200002
1882,2006,0.0964
1882,2007,0.092399999
1882,2008,0.091300003
1882,2009,0.092200004
1882,2010,0.091300003
1882,2011,0.093400002
1882,2012,0.098899998
1882,2013,0.090300001
1882,2014,0.089599997
1882,2015,0.078599997
1882,2016,0.083300002
1882,2017,0.084700003
1882,2018,0.084700003
1882,2019,0.086800002
1882,2020,0.075099997
1882,2021,0.0735
1882,2022,0.078100003
1882,2023,0.083300002
1882,2024,0.080899999
1882,2025,0.077600002
1883,2006,0.1019
1883,2007,0.1055
1883,2008,0.105
1883,2009,0.1058
1883,2010,0.1086
1883,2011,0.102
1883,2012,0.1018
1883,2013,0.091700003
1883,2014,0.0898
1883,2015,0.089299999
1883,2016,0.086900003
1883,2017,0.084799998
1883,2018,0.0792
1883,2019,0.079400003
1883,2020,0.077
1883,2021,0.075900003
1883,2022,0.075400002
1883,2023,0.075099997
1883,2024,0.075900003
1883,2025,0.075999998
1884,2006,0.101
1884,2007,0.0977
1884,2008,0.097599998
1884,2009,0.092299998
1884,2010,0.099600002
1884,2011,0.0964
1884,2012,0.093400002
1884,2013,0.090800002
1884,2014,0.088100001
1884,2015,0.0788
1884,2016,0.083499998
1884,2017,0.082900003
1884,2018,0.0858
1884,2019,0.084200002
1884,2020,0.074199997
1884,2021,0.077799998
1884,2022,0.0792
1884,2023,0.0744
1884,2024,0.074900001
1884,2025,0.0814
1885,2006,0.1003
1885,2007,0.099399999
1885,2008,0.093900003
1885,2009,0.094800003
1885,2010,0.094300002
1885,2011,0.098499998
1885,2012,0.094099998
1885,2013,0.093699999
1885,2014,0.0942
1885,2015,0.089100003
1885,2016,0.085100003
1885,2017,0.084799998
1885,2018,0.089100003
1885,2019,0.083999999
1885,2020,0.077600002
1885,2021,0.076499999
1885,2022,0.075300001
1885,2023,0.076800004
1885,2024,0.075099997
1885,2025,0.076899998
1904,2006,0.097199999
1904,2007,0.099399999
1904,2008,0.1019
1904,2009,0.1097
1904,2010,0.1006
1904,2011,0.1115
1904,2012,0.1068
1904,2013,0.1
1904,2014,0.097000003
1904,2015,0.096199997
1904,2016,0.094899997
1904,2017,0.1047
1904,2018,0.091200002
1904,2019,0.094499998
1904,2020,0.0964
1904,2021,0.089500003
1904,2022,0.095899999
1904,2023,0.103
1904,2024,0.0973
1904,2025,0.0964
1907,2006,0.1038
1907,2007,0.096199997
1907,2008,0.092600003
1907,2009,0.098899998
1907,2010,0.1017
1907,2011,0.099399999
1907,2012,0.1006
1907,2013,0.1002
1907,2014,0.0933
1907,2015,0.096900001
1907,2016,0.0964
1907,2017,0.0933
1907,2018,0.096500002
1907,2019,0.091700003
1907,2020,0.080799997
1907,2021,0.084700003
1907,2022,0.085000001
1907,2023,0.085000001
1907,2024,0.082699999
1907,2025,0.086099997
1960,2006,0.086599998
1960,2007,0.096600004
1960,2008,0.0995
1960,2009,0.1009
1960,2010,0.099299997
1960,2011,0.1003
1960,2012,0.096600004
1960,2013,0.096799999
1960,2014,0.091300003
1960,2015,0.088100001
1960,2016,0.086000003
1960,2017,0.086099997
1960,2018,0.089199997
1960,2019,0.091200002
1960,2020,0.079400003
1960,2021,0.084399998
1960,2022,0.087399997
1960,2023,0.082599998
1960,2024,0.083300002
1960,2025,0.082199998
1961,2006,0.1029
1961,2007,0.1027
1961,2008,0.105
1961,2009,0.1086
1961,2010,0.1019
1961,2011,0.1079
1961,2012,0.1043
1961,2013,0.1004
1961,2014,0.096699998
1961,2015,0.098899998
1961,2016,0.095600002
1961,2017,0.0933
1961,2018,0.092
1961,2019,0.091300003
1961,2020,0.088399999
1961,2021,0.085900001
1961,2022,0.083700001
1961,2023,0.086499996
1961,2024,0.085299999
1961,2025,0.088200003
1962,2006,0.1059
1962,2007,0.1059
1962,2008,0.0986
1962,2009,0.1075
1962,2010,0.1019
1962,2011,0.1128
1962,2012,0.1076
1962,2013,0.1107
1962,2014,0.1007
1962,2015,0.094700001
1962,2016,0.090700001
1962,2017,0.088699996
1962,2018,0.097199999
1962,2019,0.091399997
1962,2020,0.092
1962,2021,0.088100001
1962,2022,0.093500003
1962,2023,0.093400002
1962,2024,0.094499998
1962,2025,0.095399998
1980,2006,0.095299996
1980,2007,0.096100003
1980,2008,0.091200002
1980,2009,0.093999997
1980,2010,0.092100002
1980,2011,0.094700001
1980,2012,0.092699997
1980,2013,0.087499999
1980,2014,0.086800002
1980,2015,0.084200002
1980,2016,0.084399998
1980,2017,0.084299996
1980,2018,0.082000002
1980,2019,0.080799997
1980,2020,0.077
1980,2021,0.075999998
1980,2022,0.076200001
1980,2023,0.0744
1980,2024,0.072899997
1980,2025,0.075199999
1981,2006,0.0995
1981,2007,0.099200003
1981,2008,0.097199999
1981,2009,0.1029
1981,2010,0.1011
1981,2011,0.1083
1981,2012,0.1
1981,2013,0.096500002
1981,2014,0.093900003
1981,2015,0.091300003
1981,2016,0.091200002
1981,2017,0.093400002
1981,2018,0.0876
1981,2019,0.086999997
1981,2020,0.078100003
1981,2021,0.082699999
1981,2022,0.0792
1981,2023,0.0836
1981,2024,0.075599998
1981,2025,0.084600002
1982,2006,0.1033
1982,2007,0.1047
1982,2008,0.1007
1982,2009,0.1067
1982,2010,0.1052
1982,2011,0.1045
1982,2012,0.1012
1982,2013,0.0995
1982,2014,0.090000004
1982,2015,0.087099999
1982,2016,0.0911
1982,2017,0.0898
1982,2018,0.088500001
1982,2019,0.090499997
1982,2020,0.085000001
1982,2021,0.091200002
1982,2022,0.085199997
1982,2023,0.077699997
1982,2024,0.085000001
1982,2025,0.086599998
1983,2006,0.097800002
1983,2007,0.1007
1983,2008,0.1036
1983,2009,0.1
1983,2010,0.1008
1983,2011,0.1041
1983,2012,0.0995
1983,2013,0.102
1983,2014,0.097499996
1983,2015,0.096799999
1983,2016,0.093500003
1983,2017,0.093800001
1983,2018,0.092
1983,2019,0.0964
1983,2020,0.085900001
1983,2021,0.088200003
1983,2022,0.088600002
1983,2023,0.092500001
1983,2024,0.0858
1983,2025,0.0902
1984,2006,0.096900001
1984,2007,0.1051
1984,2008,0.0977
1984,2009,0.096199997
1984,2010,0.093599997
1984,2011,0.098899998
1984,2012,0.098499998
1984,2013,0.090899996
1984,2014,0.090099998
1984,2015,0.088299997
1984,2016,0.093900003
1984,2017,0.092699997
1984,2018,0.086400002
1984,2019,0.092500001
1984,2020,0.084299996
1984,2021,0.087499999
1984,2022,0.085100003
1984,2023,0.088399999
1984,2024,0.088399999
1984,2025,0.084200002
2021,2006,0.1081
2021,2007,0.114
2021,2008,0.1096
2021,2009,0.1089
2021,2010,0.1109
2021,2011,0.1103
2021,2012,0.1115
2021,2013,0.1111
2021,2014,0.1086
2021,2015,0.098999999
2021,2016,0.1002
2021,2017,0.097000003
2021,2018,0.097000003
2021,2019,0.1012
2021,2020,0.083099999
2021,2021,0.089699998
2021,2022,0.080700003
2021,2023,0.087099999
2021,2024,0.077799998
2021,2025,0.073700003
2023,2006,0.1035
2023,2007,0.1033
2023,2008,0.1076
2023,2009,0.1021
2023,2010,0.1019
2023,2011,0.1023
2023,2012,0.091700003
2023,2013,0.0999
2023,2014,0.099100001
2023,2015,0.097000003
2023,2016,0.098300003
2023,2017,0.092799999
2023,2018,0.090499997
2023,2019,0.094499998
2023,2020,0.080700003
2023,2021,0.082500003
2023,2022,0.082800001
2023,2023,0.082000002
2023,2024,0.078000002
2023,2025,0.072499998
2026,2006,0.099299997
2026,2007,0.1002
2026,2008,0.1036
2026,2009,0.1055
2026,2010,0.1044
2026,2011,0.1022
2026,2012,0.099399999
2026,2013,0.0986
2026,2014,0.092200004
2026,2015,0.096000001
2026,2016,0.084399998
2026,2017,0.084100001
2026,2018,0.083099999
2026,2019,0.0832
2026,2020,0.080700003
2026,2021,0.073700003
2026,2022,0.073899999
2026,2023,0.075499997
2026,2024,0.076700002
2026,2025,0.075499997
2029,2006,0.1032
2029,2007,0.1052
2029,2008,0.1061
2029,2009,0.11
2029,2010,0.1069
2029,2011,0.1108
2029,2012,0.1023
2029,2013,0.102
2029,2014,0.098999999
2029,2015,0.096699998
2029,2016,0.092600003
2029,2017,0.092200004
2029,2018,0.094400004
2029,2019,0.0876
2029,2020,0.080899999
2029,2021,0.076700002
2029,2022,0.078699999
2029,2023,0.080700003
2029,2024,0.0766
2029,2025,0.0722
2031,2006,0.1179
2031,2007,0.1135
2031,2008,0.1173
2031,2009,0.1162
2031,2010,0.1202
2031,2011,0.1204
2031,2012,0.1145
2031,2013,0.122
2031,2014,0.1147
2031,2015,0.109
2031,2016,0.1053
2031,2017,0.1028
2031,2018,0.1044
2031,2019,0.1
2031,2020,0.094099998
2031,2021,0.088699996
2031,2022,0.086499996
2031,2023,0.085100003
2031,2024,0.086000003
2031,2025,0.082999997
2034,2006,0.1221
2034,2007,0.119
2034,2008,0.1227
2034,2009,0.1132
2034,2010,0.1235
2034,2011,0.1258
2034,2012,0.1135
2034,2013,0.1156
2034,2014,0.1119
2034,2015,0.1203
2034,2016,0.1115
2034,2017,0.1021
2034,2018,0.098700002
2034,2019,0.1052
2034,2020,0.090700001
2034,2021,0.088
2034,2022,0.085500002
2034,2023,0.082800001
2034,2024,0.081699997
2034,2025,0.074900001
2039,2006,0.1151
2039,2007,0.1096
2039,2008,0.1105
2039,2009,0.1148
2039,2010,0.1184
2039,2011,0.1183
2039,2012,0.1065
2039,2013,0.1054
2039,2014,0.1025
2039,2015,0.1035
2039,2016,0.092200004
2039,2017,0.096500002
2039,2018,0.092399999
2039,2019,0.092600003
2039,2020,0.084600002
2039,2021,0.0814
2039,2022,0.0814
2039,2023,0.076099999
2039,2024,0.078599997
2039,2025,0.0735
2061,2006,0.089599997
2061,2007,0.090300001
2061,2008,0.0933
2061,2009,0.1002
2061,2010,0.096500002
2061,2011,0.099699996
2061,2012,0.098499998
2061,2013,0.1001
2061,2014,0.090800002
2061,2015,0.089500003
2061,2016,0.086300001
2061,2017,0.085100003
2061,2018,0.086499996
2061,2019,0.0867
2061,2020,0.078100003
2061,2021,0.078199998
2061,2022,0.079300001
2061,2023,0.076899998
2061,2024,0.0779
2061,2025,0.081200004
2062,2006,0.1131
2062,2007,0.1201
2062,2008,0.1177
2062,2009,0.1146
2062,2010,0.1196
2062,2011,0.1182
2062,2012,0.1106
2062,2013,0.1102
2062,2014,0.111
2062,2015,0.1093
2062,2016,0.1098
2062,2017,0.104
2062,2018,0.1032
2062,2019,0.099699996
2062,2020,0.087200001
2062,2021,0.086499996
2062,2022,0.081799999
2062,2023,0.080300003
2062,2024,0.077600002
2062,2025,0.077
2080,2006,0.097599998
2080,2007,0.097900003
2080,2008,0.1014
2080,2009,0.1019
2080,2010,0.1034
2080,2011,0.1014
2080,2012,0.097099997
2080,2013,0.096600004
2080,2014,0.092699997
2080,2015,0.090099998
2080,2016,0.0788
2080,2017,0.079400003
2080,2018,0.082400002
2080,2019,0.081
2080,2020,0.078000002
2080,2021,0.073100001
2080,2022,0.074000001
2080,2023,0.072999999
2080,2024,0.073399998
2080,2025,0.074100003
2081,2006,0.1005
2081,2007,0.1023
2081,2008,0.1035
2081,2009,0.1049
2081,2010,0.106
2081,2011,0.1042
2081,2012,0.099299997
2081,2013,0.098999999
2081,2014,0.095299996
2081,2015,0.090099998
2081,2016,0.083999999
2081,2017,0.082800001
2081,2018,0.082599998
2081,2019,0.085100003
2081,2020,0.075900003
2081,2021,0.079099998
2081,2022,0.0748
2081,2023,0.0757
2081,2024,0.073100001
2081,2025,0.074699998
2082,2006,0.098700002
2082,2007,0.1001
2082,2008,0.1045
2082,2009,0.1033
2082,2010,0.1061
2082,2011,0.1014
2082,2012,0.1011
2082,2013,0.1025
2082,2014,0.097400002
2082,2015,0.090700001
2082,2016,0.084299996
2082,2017,0.090700001
2082,2018,0.091600001
2082,2019,0.086900003
2082,2020,0.083099999
2082,2021,0.078199998
2082,2022,0.083300002
2082,2023,0.075900003
2082,2024,0.079000004
2082,2025,0.077799998
2083,2006,0.1053
2083,2007,0.099600002
2083,2008,0.107
2083,2009,0.1071
2083,2010,0.1071
2083,2011,0.1077
2083,2012,0.1069
2083,2013,0.1072
2083,2014,0.1001
2083,2015,0.0986
2083,2016,0.092600003
2083,2017,0.089400001
2083,2018,0.098200001
2083,2019,0.091799997
2083,2020,0.084299996
2083,2021,0.087300003
2083,2022,0.087899998
2083,2023,0.091799997
2083,2024,0.090700001
2083,2025,0.089900002
2084,2006,0.107
2084,2007,0.1024
2084,2008,0.1077
2084,2009,0.1077
2084,2010,0.112
2084,2011,0.1112
2084,2012,0.1037
2084,2013,0.1088
2084,2014,0.1015
2084,2015,0.0973
2084,2016,0.097199999
2084,2017,0.095600002
2084,2018,0.0955
2084,2019,0.098499998
2084,2020,0.084799998
2084,2021,0.088699996
2084,2022,0.087800004
2084,2023,0.0889
2084,2024,0.090999998
2084,2025,0.089599997
2085,2006,0.095299996
2085,2007,0.094400004
2085,2008,0.096100003
2085,2009,0.099799998
2085,2010,0.102
2085,2011,0.099100001
2085,2012,0.1031
2085,2013,0.1037
2085,2014,0.096900001
2085,2015,0.093599997
2085,2016,0.086999997
2085,2017,0.087099999
2085,2018,0.087300003
2085,2019,0.089900002
2085,2020,0.080899999
2085,2021,0.079599999
2085,2022,0.079000004
2085,2023,0.077600002
2085,2024,0.073799998
2085,2025,0.074199997
2101,2006,0.089400001
2101,2007,0.0867
2101,2008,0.084299996
2101,2009,0.093500003
2101,2010,0.091700003
2101,2011,0.095200002
2101,2012,0.096900001
2101,2013,0.091799997
2101,2014,0.094700001
2101,2015,0.091200002
2101,2016,0.084399998
2101,2017,0.0766
2101,2018,0.089199997
2101,2019,0.084200002
2101,2020,0.073700003
2101,2021,0.082599998
2101,2022,0.082999997
2101,2023,0.087399997
2101,2024,0.0854
2101,2025,0.071599998
2104,2006,0.091300003
2104,2007,0.093099996
2104,2008,0.0977
2104,2009,0.098800004
2104,2010,0.092299998
2104,2011,0.1099
2104,2012,0.096199997
2104,2013,0.0973
2104,2014,0.097199999
2104,2015,0.1026
2104,2016,0.0955
2104,2017,0.0867
2104,2018,0.085199997
2104,2019,0.0902
2104,2020,0.080700003
2104,2021,0.0836
2104,2022,0.081900001
2104,2023,0.0858
2104,2024,0.077500001
2104,2025,0.072800003
2121,2006,0.080799997
2121,2007,0.088
2121,2008,0.084100001
2121,2009,0.082000002
2121,2010,0.084600002
2121,2011,0.082999997
2121,2012,0.089100003
2121,2013,0.087099999
2121,2014,0.082599998
2121,2015,0.085500002
2121,2016,0.084299996
2121,2017,0.079899997
2121,2018,0.086999997
2121,2019,0.079000004
2121,2020,0.074900001
2121,2021,0.076499999
2121,2022,0.077399999
2121,2023,0.082099997
2121,2024,0.082500003
2121,2025,0.074199997
2132,2006,0.095200002
2132,2007,0.1062
2132,2008,0.1078
2132,2009,0.1099
2132,2010,0.1163
2132,2011,0.109
2132,2012,0.1171
2132,2013,0.1102
2132,2014,0.1127
2132,2015,0.1071
2132,2016,0.1007
2132,2017,0.096500002
2132,2018,0.1006
2132,2019,0.097900003
2132,2020,0.083400004
2132,2021,0.084200002
2132,2022,0.087499999
2132,2023,0.086400002
2132,2024,0.089000002
2132,2025,0.080700003
2161,2006,0.092699997
2161,2007,0.1014
2161,2008,0.0973
2161,2009,0.1014
2161,2010,0.0995
2161,2011,0.098999999
2161,2012,0.1024
2161,2013,0.1034
2161,2014,0.098800004
2161,2015,0.097400002
2161,2016,0.0876
2161,2017,0.0867
2161,2018,0.085100003
2161,2019,0.085000001
2161,2020,0.076300003
2161,2021,0.077200003
2161,2022,0.080300003
2161,2023,0.080600001
2161,2024,0.076899998
2161,2025,0.071900003
2180,2006,0.0889
2180,2007,0.088299997
2180,2008,0.0876
2180,2009,0.092699997
2180,2010,0.092200004
2180,2011,0.093699999
2180,2012,0.092500001
2180,2013,0.090099998
2180,2014,0.089400001
2180,2015,0.088399999
2180,2016,0.084299996
2180,2017,0.081100002
2180,2018,0.079899997
2180,2019,0.0779
2180,2020,0.071199998
2180,2021,0.074100003
2180,2022,0.075199999
2180,2023,0.076899998
2180,2024,0.074699998
2180,2025,0.065700002
2181,2006,0.083300002
2181,2007,0.088
2181,2008,0.087499999
2181,2009,0.091899998
2181,2010,0.093500003
2181,2011,0.091399997
2181,2012,0.091700003
2181,2013,0.090400003
2181,2014,0.089699998
2181,2015,0.086800002
2181,2016,0.086499996
2181,2017,0.081100002
2181,2018,0.079700001
2181,2019,0.079599999
2181,2020,0.0726
2181,2021,0.0757
2181,2022,0.078299999
2181,2023,0.078900002
2181,2024,0.072700001
2181,2025,0.066799998
2182,2006,0.091799997
2182,2007,0.092799999
2182,2008,0.0955
2182,2009,0.1008
2182,2010,0.0995
2182,2011,0.0995
2182,2012,0.096500002
2182,2013,0.0933
2182,2014,0.093400002
2182,2015,0.095799997
2182,2016,0.090099998
2182,2017,0.082900003
2182,2018,0.0911
2182,2019,0.0832
2182,2020,0.075199999
2182,2021,0.0779
2182,2022,0.078000002
2182,2023,0.077200003
2182,2024,0.081
2182,2025,0.0735
2183,2006,0.087800004
2183,2007,0.087499999
2183,2008,0.089000002
2183,2009,0.092200004
2183,2010,0.093599997
2183,2011,0.086400002
2183,2012,0.090499997
2183,2013,0.083899997
2183,2014,0.084399998
2183,2015,0.088100001
2183,2016,0.088699996
2183,2017,0.081799999
2183,2018,0.084700003
2183,2019,0.080200002
2183,2020,0.074000001
2183,2021,0.0779
2183,2022,0.079099998
2183,2023,0.078699999
2183,2024,0.083800003
2183,2025,0.072899997
2184,2006,0.098499998
2184,2007,0.1029
2184,2008,0.1028
2184,2009,0.1071
2184,2010,0.1111
2184,2011,0.1084
2184,2012,0.1109
2184,2013,0.1057
2184,2014,0.1035
2184,2015,0.096299998
2184,2016,0.092
2184,2017,0.089500003
2184,2018,0.089400001
2184,2019,0.087499999
2184,2020,0.0757
2184,2021,0.078699999
2184,2022,0.080799997
2184,2023,0.085000001
2184,2024,0.0836
2184,2025,0.071800001
2260,2006,0.1053
2260,2007,0.1016
2260,2008,0.1015
2260,2009,0.1007
2260,2010,0.1054
2260,2011,0.1063
2260,2012,0.1061
2260,2013,0.099100001
2260,2014,0.094099998
2260,2015,0.093400002
2260,2016,0.092600003
2260,2017,0.0911
2260,2018,0.093099996
2260,2019,0.093800001
2260,2020,0.082800001
2260,2021,0.083400004
2260,2022,0.082599998
2260,2023,0.087499999
2260,2024,0.090800002
2260,2025,0.083800003
2262,2006,0.094400004
2262,2007,0.094700001
2262,2008,0.093500003
2262,2009,0.090000004
2262,2010,0.097800002
2262,2011,0.096500002
2262,2012,0.0942
2262,2013,0.099799998
2262,2014,0.096199997
2262,2015,0.091399997
2262,2016,0.0911
2262,2017,0.095100001
2262,2018,0.087700002
2262,2019,0.093800001
2262,2020,0.0889
2262,2021,0.089100003
2262,2022,0.085600004
2262,2023,0.087099999
2262,2024,0.085100003
2262,2025,0.079300001
2280,2006,0.088200003
2280,2007,0.088100001
2280,2008,0.089900002
2280,2009,0.087800004
2280,2010,0.091300003
2280,2011,0.0898
2280,2012,0.097999997
2280,2013,0.091200002
2280,2014,0.087700002
2280,2015,0.085100003
2280,2016,0.080899999
2280,2017,0.087499999
2280,2018,0.0867
2280,2019,0.0858
2280,2020,0.081299998
2280,2021,0.0836
2280,2022,0.079400003
2280,2023,0.085500002
2280,2024,0.079999998
2280,2025,0.076499999
2281,2006,0.094899997
2281,2007,0.094300002
2281,2008,0.092600003
2281,2009,0.091499999
2281,2010,0.093500003
2281,2011,0.094999999
2281,2012,0.098200001
2281,2013,0.096100003
2281,2014,0.093099996
2281,2015,0.088799998
2281,2016,0.085299999
2281,2017,0.0889
2281,2018,0.088100001
2281,2019,0.088699996
2281,2020,0.079300001
2281,2021,0.081299998
2281,2022,0.080300003
2281,2023,0.083499998
2281,2024,0.080700003
2281,2025,0.074299999
2282,2006,0.1071
2282,2007,0.1097
2282,2008,0.1092
2282,2009,0.1004
2282,2010,0.098099999
2282,2011,0.1024
2282,2012,0.1109
2282,2013,0.1042
2282,2014,0.098099999
2282,2015,0.099399999
2282,2016,0.097199999
2282,2017,0.096500002
2282,2018,0.094099998
2282,2019,0.094999999
2282,2020,0.0836
2282,2021,0.080700003
2282,2022,0.080399998
2282,2023,0.083300002
2282,2024,0.086900003
2282,2025,0.077600002
2283,2006,0.1183
2283,2007,0.1186
2283,2008,0.1195
2283,2009,0.1074
2283,2010,0.1073
2283,2011,0.1072
2283,2012,0.1126
2283,2013,0.1042
2283,2014,0.1028
2283,2015,0.1034
2283,2016,0.1014
2283,2017,0.096699998
2283,2018,0.093699999
2283,2019,0.088299997
2283,2020,0.077699997
2283,2021,0.077200003
2283,2022,0.081200004
2283,2023,0.083300002
2283,2024,0.0867
2283,2025,0.077699997
2284,2006,0.1
2284,2007,0.1
2284,2008,0.0986
2284,2009,0.095100001
2284,2010,0.095799997
2284,2011,0.097400002
2284,2012,0.099699996
2284,2013,0.095399998
2284,2014,0.091799997
2284,2015,0.089400001
2284,2016,0.086000003
2284,2017,0.086400002
2284,2018,0.085500002
2284,2019,0.082900003
2284,2020,0.077200003
2284,2021,0.079400003
2284,2022,0.084200002
2284,2023,0.086099997
2284,2024,0.085299999
2284,2025,0.079899997
2303,2006,0.1114
2303,2007,0.1175
2303,2008,0.1153
2303,2009,0.118
2303,2010,0.1222
2303,2011,0.1216
2303,2012,0.1242
2303,2013,0.122
2303,2014,0.1123
2303,2015,0.1173
2303,2016,0.108
2303,2017,0.1082
2303,2018,0.1063
2303,2019,0.1156
2303,2020,0.094099998
2303,2021,0.087300003
2303,2022,0.093900003
2303,2023,0.097199999
2303,2024,0.108
2303,2025,0.104
2305,2006,0.093900003
2305,2007,0.098200001
2305,2008,0.1044
2305,2009,0.099100001
2305,2010,0.1021
2305,2011,0.1034
2305,2012,0.1037
2305,2013,0.1015
2305,2014,0.0986
2305,2015,0.096199997
2305,2016,0.091799997
2305,2017,0.098399997
2305,2018,0.098200001
2305,2019,0.1016
2305,2020,0.077699997
2305,2021,0.083999999
2305,2022,0.085199997
2305,2023,0.093000002
2305,2024,0.095600002
2305,2025,0.095399998
2309,2006,0.090300001
2309,2007,0.090400003
2309,2008,0.091499999
2309,2009,0.086099997
2309,2010,0.088500001
2309,2011,0.085000001
2309,2012,0.091600001
2309,2013,0.088799998
2309,2014,0.086800002
2309,2015,0.087399997
2309,2016,0.0854
2309,2017,0.081100002
2309,2018,0.086499996
2309,2019,0.088699996
2309,2020,0.075499997
2309,2021,0.074000001
2309,2022,0.075499997
2309,2023,0.079499997
2309,2024,0.074600004
2309,2025,0.077799998
2313,2006,0.111
2313,2007,0.1063
2313,2008,0.1049
2313,2009,0.1116
2313,2010,0.1067
2313,2011,0.1057
2313,2012,0.1077
2313,2013,0.109
2313,2014,0.098700002
2313,2015,0.099600002
2313,2016,0.0955
2313,2017,0.1031
2313,2018,0.106
2313,2019,0.104
2313,2020,0.092399999
2313,2021,0.090800002
2313,2022,0.092900001
2313,2023,0.092600003
2313,2024,0.092900001
2313,2025,0.1022
2321,2006,0.087200001
2321,2007,0.084899999
2321,2008,0.0836
2321,2009,0.0858
2321,2010,0.081600003
2321,2011,0.076499999
2321,2012,0.087800004
2321,2013,0.084799998
2321,2014,0.083800003
2321,2015,0.080499999
2321,2016,0.077699997
2321,2017,0.078400001
2321,2018,0.077200003
2321,2019,0.078900002
2321,2020,0.069700003
2321,2021,0.070299998
2321,2022,0.071000002
2321,2023,0.072300002
2321,2024,0.07
2321,2025,0.069700003
2326,2006,0.0933
2326,2007,0.101
2326,2008,0.1023
2326,2009,0.1012
2326,2010,0.097499996
2326,2011,0.0973
2326,2012,0.1012
2326,2013,0.1011
2326,2014,0.098800004
2326,2015,0.0977
2326,2016,0.093500003
2326,2017,0.096299998
2326,2018,0.094499998
2326,2019,0.092600003
2326,2020,0.087099999
2326,2021,0.082099997
2326,2022,0.085000001
2326,2023,0.082599998
2326,2024,0.091200002
2326,2025,0.091799997
2361,2006,0.093099996
2361,2007,0.089299999
2361,2008,0.0876
2361,2009,0.098899998
2361,2010,0.098200001
2361,2011,0.1012
2361,2012,0.098800004
2361,2013,0.095799997
2361,2014,0.088100001
2361,2015,0.089199997
2361,2016,0.090800002
2361,2017,0.0902
2361,2018,0.088600002
2361,2019,0.088299997
2361,2020,0.075099997
2361,2021,0.0788
2361,2022,0.079999998
2361,2023,0.075999998
2361,2024,0.080499999
2361,2025,0.0792
2380,2006,0.093599997
2380,2007,0.094400004
2380,2008,0.094599999
2380,2009,0.092399999
2380,2010,0.093800001
2380,2011,0.095399998
2380,2012,0.093599997
2380,2013,0.095899999
2380,2014,0.0942
2380,2015,0.091399997
2380,2016,0.0898
2380,2017,0.0889
2380,2018,0.089599997
2380,2019,0.089699998
2380,2020,0.079099998
2380,2021,0.078699999
2380,2022,0.079499997
2380,2023,0.0814
2380,2024,0.0801
2380,2025,0.081799999
2401,2006,0.115
2401,2007,0.1066
2401,2008,0.1122
2401,2009,0.12530001
2401,2010,0.1168
2401,2011,0.1158
2401,2012,0.123
2401,2013,0.1189
2401,2014,0.1098
2401,2015,0.1147
2401,2016,0.1096
2401,2017,0.1001
2401,2018,0.097099997
2401,2019,0.1026
2401,2020,0.092699997
2401,2021,0.098700002
2401,2022,0.088500001
2401,2023,0.086199999
2401,2024,0.082800001
2401,2025,0.088500001
2403,2006,0.1236
2403,2007,0.1193
2403,2008,0.1192
2403,2009,0.1256
2403,2010,0.1293
2403,2011,0.1275
2403,2012,0.1194
2403,2013,0.126
2403,2014,0.1183
2403,2015,0.1186
2403,2016,0.1096
2403,2017,0.1089
2403,2018,0.092200004
2403,2019,0.096299998
2403,2020,0.094300002
2403,2021,0.082699999
2403,2022,0.080499999
2403,2023,0.081799999
2403,2024,0.086499996
2403,2025,0.090700001
2404,2006,0.1204
2404,2007,0.1293
2404,2008,0.1235
2404,2009,0.1218
2404,2010,0.1213
2404,2011,0.1204
2404,2012,0.1191
2404,2013,0.1222
2404,2014,0.1144
2404,2015,0.1115
2404,2016,0.099799998
2404,2017,0.092200004
2404,2018,0.1001
2404,2019,0.1022
2404,2020,0.1008
2404,2021,0.0964
2404,2022,0.095700003
2404,2023,0.082599998
2404,2024,0.079400003
2404,2025,0.088699996
2409,2006,0.1081
2409,2007,0.1035
2409,2008,0.1096
2409,2009,0.1144
2409,2010,0.112
2409,2011,0.1193
2409,2012,0.1121
2409,2013,0.111
2409,2014,0.1104
2409,2015,0.1071
2409,2016,0.1019
2409,2017,0.0973
2409,2018,0.091700003
2409,2019,0.093199998
2409,2020,0.082000002
2409,2021,0.084299996
2409,2022,0.079000004
2409,2023,0.075499997
2409,2024,0.082800001
2409,2025,0.0832
2417,2006,0.1091
2417,2007,0.11
2417,2008,0.1128
2417,2009,0.1192
2417,2010,0.105
2417,2011,0.1074
2417,2012,0.1069
2417,2013,0.1143
2417,2014,0.0964
2417,2015,0.096299998
2417,2016,0.097499996
2417,2017,0.089100003
2417,2018,0.0889
2417,2019,0.094099998
2417,2020,0.096100003
2417,2021,0.094700001
2417,2022,0.084600002
2417,2023,0.086099997
2417,2024,0.080600001
2417,2025,0.079300001
2418,2006,0.1249
2418,2007,0.1228
2418,2008,0.114
2418,2009,0.1162
2418,2010,0.1197
2418,2011,0.1214
2418,2012,0.1183
2418,2013,0.1132
2418,2014,0.114
2418,2015,0.102
2418,2016,0.1087
2418,2017,0.1133
2418,2018,0.1022
2418,2019,0.095799997
2418,2020,0.096600004
2418,2021,0.097599998
2418,2022,0.098300003
2418,2023,0.092600003
2418,2024,0.079700001
2418,2025,0.090999998
2421,2006,0.1028
2421,2007,0.1216
2421,2008,0.1122
2421,2009,0.1121
2421,2010,0.1204
2421,2011,0.1238
2421,2012,0.1137
2421,2013,0.1078
2421,2014,0.1142
2421,2015,0.1052
2421,2016,0.1027
2421,2017,0.1084
2421,2018,0.1045
2421,2019,0.1097
2421,2020,0.089299999
2421,2021,0.093699999
2421,2022,0.084399998
2421,2023,0.089100003
2421,2024,0.082500003
2421,2025,0.092500001
2422,2006,0.12980001
2422,2007,0.122
2422,2008,0.12989999
2422,2009,0.121
2422,2010,0.1319
2422,2011,0.12899999
2422,2012,0.1227
2422,2013,0.1175
2422,2014,0.1127
2422,2015,0.1049
2422,2016,0.1096
2422,2017,0.1136
2422,2018,0.1182
2422,2019,0.1053
2422,2020,0.094599999
2422,2021,0.094300002
2422,2022,0.1022
2422,2023,0.1001
2422,2024,0.092100002
2422,2025,0.092200004
2425,2006,0.12809999
2425,2007,0.1224
2425,2008,0.1246
2425,2009,0.1152
2425,2010,0.114
2425,2011,0.12819999
2425,2012,0.1049
2425,2013,0.1045
2425,2014,0.1066
2425,2015,0.098200001
2425,2016,0.1074
2425,2017,0.1043
2425,2018,0.1028
2425,2019,0.1051
2425,2020,0.090099998
2425,2021,0.093900003
2425,2022,0.089500003
2425,2023,0.082500003
2425,2024,0.0933
2425,2025,0.1004
2460,2006,0.1177
2460,2007,0.1083
2460,2008,0.104
2460,2009,0.1045
2460,2010,0.1067
2460,2011,0.1092
2460,2012,0.1044
2460,2013,0.1085
2460,2014,0.1117
2460,2015,0.0995
2460,2016,0.094099998
2460,2017,0.093900003
2460,2018,0.090400003
2460,2019,0.091600001
2460,2020,0.085500002
2460,2021,0.087899998
2460,2022,0.076899998
2460,2023,0.083700001
2460,2024,0.0792
2460,2025,0.085100003
2462,2006,0.097000003
2462,2007,0.099299997
2462,2008,0.1028
2462,2009,0.1042
2462,2010,0.1046
2462,2011,0.1047
2462,2012,0.1034
2462,2013,0.1002
2462,2014,0.1
2462,2015,0.091200002
2462,2016,0.088500001
2462,2017,0.090499997
2462,2018,0.098499998
2462,2019,0.0964
2462,2020,0.089500003
2462,2021,0.089100003
2462,2022,0.091200002
2462,2023,0.0832
2462,2024,0.088600002
2462,2025,0.092
2463,2006,0.1137
2463,2007,0.1155
2463,2008,0.1135
2463,2009,0.1139
2463,2010,0.1237
2463,2011,0.1194
2463,2012,0.1031
2463,2013,0.1103
2463,2014,0.1004
2463,2015,0.096799999
2463,2016,0.1033
2463,2017,0.1022
2463,2018,0.097199999
2463,2019,0.086300001
2463,2020,0.079499997
2463,2021,0.094099998
2463,2022,0.090599999
2463,2023,0.088299997
2463,2024,0.088299997
2463,2025,0.095100001
2480,2006,0.090599999
2480,2007,0.0902
2480,2008,0.091300003
2480,2009,0.096199997
2480,2010,0.095100001
2480,2011,0.095399998
2480,2012,0.093599997
2480,2013,0.092900001
2480,2014,0.0889
2480,2015,0.086000003
2480,2016,0.0823
2480,2017,0.079300001
2480,2018,0.077299997
2480,2019,0.077200003
2480,2020,0.0744
2480,2021,0.0726
2480,2022,0.069700003
2480,2023,0.065700002
2480,2024,0.066
2480,2025,0.070100002
2481,2006,0.1196
2481,2007,0.1141
2481,2008,0.117
2481,2009,0.1218
2481,2010,0.1172
2481,2011,0.1185
2481,2012,0.1165
2481,2013,0.1165
2481,2014,0.113
2481,2015,0.1086
2481,2016,0.1048
2481,2017,0.1008
2481,2018,0.097599998
2481,2019,0.0986
2481,2020,0.098200001
2481,2021,0.085500002
2481,2022,0.086300001
2481,2023,0.084299996
2481,2024,0.088399999
2481,2025,0.094300002
2482,2006,0.0964
2482,2007,0.095299996
2482,2008,0.097499996
2482,2009,0.098099999
2482,2010,0.0999
2482,2011,0.1007
2482,2012,0.098999999
2482,2013,0.1014
2482,2014,0.099200003
2482,2015,0.1018
2482,2016,0.095899999
2482,2017,0.093800001
2482,2018,0.092699997
2482,2019,0.092100002
2482,2020,0.084899999
2482,2021,0.082500003
2482,2022,0.079700001
2482,2023,0.0722
2482,2024,0.070100002
2482,2025,0.080899999
2505,2006,0.1154
2505,2007,0.1111
2505,2008,0.1126
2505,2009,0.1048
2505,2010,0.1054
2505,2011,0.111
2505,2012,0.1053
2505,2013,0.096799999
2505,2014,0.1027
2505,2015,0.098899998
2505,2016,0.087700002
2505,2017,0.086300001
2505,2018,0.093599997
2505,2019,0.085900001
2505,2020,0.081500001
2505,2021,0.082000002
2505,2022,0.076399997
2505,2023,0.075400002
2505,2024,0.075099997
2505,2025,0.073399998
2506,2006,0.1187
2506,2007,0.1195
2506,2008,0.1154
2506,2009,0.1101
2506,2010,0.1202
2506,2011,0.1179
2506,2012,0.1192
2506,2013,0.1091
2506,2014,0.1035
2506,2015,0.098700002
2506,2016,0.1023
2506,2017,0.091899998
2506,2018,0.092399999
2506,2019,0.083700001
2506,2020,0.078699999
2506,2021,0.082699999
2506,2022,0.0836
2506,2023,0.070100002
2506,2024,0.078900002
2506,2025,0.075800002
2510,2006,0.1022
2510,2007,0.1003
2510,2008,0.091600001
2510,2009,0.094599999
2510,2010,0.1015
2510,2011,0.102
2510,2012,0.1009
2510,2013,0.1036
2510,2014,0.094800003
2510,2015,0.090300001
2510,2016,0.093000002
2510,2017,0.092500001
2510,2018,0.0986
2510,2019,0.093599997
2510,2020,0.077100001
2510,2021,0.083300002
2510,2022,0.086300001
2510,2023,0.088399999
2510,2024,0.085299999
2510,2025,0.076099999
2513,2006,0.12899999
2513,2007,0.1231
2513,2008,0.1246
2513,2009,0.1185
2513,2010,0.1232
2513,2011,0.1214
2513,2012,0.1178
2513,2013,0.1161
2513,2014,0.1159
2513,2015,0.1125
2513,2016,0.1196
2513,2017,0.1069
2513,2018,0.1139
2513,2019,0.1119
2513,2020,0.098200001
2513,2021,0.1012
2513,2022,0.0911
2513,2023,0.090800002
2513,2024,0.094300002
2513,2025,0.086400002
2514,2006,0.1098
2514,2007,0.1074
2514,2008,0.1075
2514,2009,0.1021
2514,2010,0.1094
2514,2011,0.1037
2514,2012,0.1066
2514,2013,0.1051
2514,2014,0.1023
2514,2015,0.1014
2514,2016,0.090300001
2514,2017,0.090899996
2514,2018,0.090599999
2514,2019,0.083800003
2514,2020,0.077699997
2514,2021,0.077600002
2514,2022,0.0722
2514,2023,0.079000004
2514,2024,0.079700001
2514,2025,0.075099997
2518,2006,0.13249999
2518,2007,0.1237
2518,2008,0.1227
2518,2009,0.112
2518,2010,0.1187
2518,2011,0.1214
2518,2012,0.114
2518,2013,0.1128
2518,2014,0.1163
2518,2015,0.1045
2518,2016,0.1103
2518,2017,0.1072
2518,2018,0.1041
2518,2019,0.1017
2518,2020,0.090599999
2518,2021,0.083800003
2518,2022,0.083800003
2518,2023,0.093000002
2518,2024,0.078599997
2518,2025,0.083300002
2521,2006,0.1123
2521,2007,0.109
2521,2008,0.1025
2521,2009,0.1087
2521,2010,0.1117
2521,2011,0.1169
2521,2012,0.1153
2521,2013,0.1162
2521,2014,0.1155
2521,2015,0.114
2521,2016,0.1068
2521,2017,0.1051
2521,2018,0.0999
2521,2019,0.1058
2521,2020,0.096000001
2521,2021,0.0973
2521,2022,0.092299998
2521,2023,0.092799999
2521,2024,0.089599997
2521,2025,0.0836
2523,2006,0.1012
2523,2007,0.096500002
2523,2008,0.093400002
2523,2009,0.0999
2523,2010,0.096799999
2523,2011,0.1013
2523,2012,0.0999
2523,2013,0.1027
2523,2014,0.1015
2523,2015,0.097599998
2523,2016,0.0977
2523,2017,0.091799997
2523,2018,0.087499999
2523,2019,0.087499999
2523,2020,0.082000002
2523,2021,0.084799998
2523,2022,0.080200002
2523,2023,0.0814
2523,2024,0.077500001
2523,2025,0.0748
2560,2006,0.1015
2560,2007,0.108
2560,2008,0.1021
2560,2009,0.105
2560,2010,0.1105
2560,2011,0.1104
2560,2012,0.1118
2560,2013,0.1015
2560,2014,0.096199997
2560,2015,0.094700001
2560,2016,0.091700003
2560,2017,0.083800003
2560,2018,0.086199999
2560,2019,0.091700003
2560,2020,0.070900001
2560,2021,0.083800003
2560,2022,0.072800003
2560,2023,0.074500002
2560,2024,0.076200001
2560,2025,0.071999997
2580,2006,0.091700003
2580,2007,0.092
2580,2008,0.090300001
2580,2009,0.094700001
2580,2010,0.0933
2580,2011,0.092
2580,2012,0.094300002
2580,2013,0.090599999
2580,2014,0.085699998
2580,2015,0.0845
2580,2016,0.084600002
2580,2017,0.076700002
2580,2018,0.075199999
2580,2019,0.0757
2580,2020,0.069300003
2580,2021,0.070699997
2580,2022,0.067299999
2580,2023,0.0638
2580,2024,0.060699999
2580,2025,0.062799998
2581,2006,0.091799997
2581,2007,0.093099996
2581,2008,0.093099996
2581,2009,0.090999998
2581,2010,0.095299996
2581,2011,0.098700002
2581,2012,0.096699998
2581,2013,0.093599997
2581,2014,0.089500003
2581,2015,0.086099997
2581,2016,0.081900001
2581,2017,0.079000004
2581,2018,0.076499999
2581,2019,0.078500003
2581,2020,0.0726
2581,2021,0.073299997
2581,2022,0.072099999
2581,2023,0.070799999
2581,2024,0.069700003
2581,2025,0.068700001
2582,2006,0.101
2582,2007,0.1012
2582,2008,0.098200001
2582,2009,0.1005
2582,2010,0.1051
2582,2011,0.1025
2582,2012,0.105
2582,2013,0.1002
2582,2014,0.092399999
2582,2015,0.094800003
2582,2016,0.093699999
2582,2017,0.086800002
2582,2018,0.0858
2582,2019,0.080799997
2582,2020,0.076899998
2582,2021,0.079000004
2582,2022,0.075199999
2582,2023,0.069300003
2582,2024,0.068000004
2582,2025,0.064900003
2583,2006,0.113
2583,2007,0.114
2583,2008,0.1064
2583,2009,0.1023
2583,2010,0.1023
2583,2011,0.098899998
2583,2012,0.096100003
2583,2013,0.095700003
2583,2014,0.1001
2583,2015,0.096600004
2583,2016,0.089500003
2583,2017,0.084100001
2583,2018,0.081100002
2583,2019,0.084399998
2583,2020,0.0748
2583,2021,0.073700003
2583,2022,0.070100002
2583,2023,0.075999998
2583,2024,0.079300001
2583,2025,0.074699998
2584,2006,0.093699999
2584,2007,0.088799998
2584,2008,0.083700001
2584,2009,0.086900003
2584,2010,0.0889
2584,2011,0.089599997
2584,2012,0.089000002
2584,2013,0.089299999
2584,2014,0.087899998
2584,2015,0.085900001
2584,2016,0.078100003
2584,2017,0.072700001
2584,2018,0.077299997
2584,2019,0.081100002
2584,2020,0.073899999
2584,2021,0.075999998
2584,2022,0.075000003
2584,2023,0.073299997
2584,2024,0.073899999
2584,2025,0.072700001
