kommun,year,andel_vaccinerade_18_49
0114,1,0.0
0114,2,0.002
0114,3,0.013
0114,4,0.015
0114,5,0.02
0114,6,0.024
0114,7,0.025
0114,8,0.027
0114,9,0.033
0114,10,0.043
0114,11,0.045
0114,12,0.047
0114,13,0.047
0114,14,0.048
0114,15,0.049
0114,16,0.05
0114,17,0.06
0114,18,0.07
0114,19,0.081
0114,20,0.093
0114,21,0.118
0114,22,0.155
0114,23,0.202
0114,24,0.256
0114,25,0.307
0114,26,0.34
0114,27,0.381
0114,28,0.437
0114,29,0.495
0114,30,0.537
0114,31,0.555
0114,32,0.572
0114,33,0.59
0114,34,0.604
0114,35,0.615
0114,36,0.627
0114,37,0.638
0114,38,0.646
0114,39,0.653
0114,40,0.657
0114,41,0.661
0114,42,0.664
0114,43,0.667
0114,44,0.669
0114,45,0.671
0114,46,0.673
0114,47,0.677
0114,48,0.681
0114,49,0.688
0114,50,0.693
0114,51,0.697
0114,52,0.699
0115,1,0.0
0115,2,0.003
0115,3,0.008
0115,4,0.011
0115,5,0.025
0115,6,0.027
0115,7,0.028
0115,8,0.03
0115,9,0.04
0115,10,0.05
0115,11,0.053
0115,12,0.054
0115,13,0.056
0115,14,0.056
0115,15,0.057
0115,16,0.059
0115,17,0.065
0115,18,0.078
0115,19,0.092
0115,20,0.103
0115,21,0.137
0115,22,0.187
0115,23,0.26
0115,24,0.333
0115,25,0.413
0115,26,0.451
0115,27,0.498
0115,28,0.563
0115,29,0.623
0115,30,0.678
0115,31,0.695
0115,32,0.707
0115,33,0.724
0115,34,0.739
0115,35,0.749
0115,36,0.762
0115,37,0.771
0115,38,0.778
0115,39,0.782
0115,40,0.785
0115,41,0.789
0115,42,0.791
0115,43,0.793
0115,44,0.795
0115,45,0.796
0115,46,0.798
0115,47,0.8
0115,48,0.804
0115,49,0.813
0115,50,0.816
0115,51,0.82
0115,52,0.82
0117,1,0.001
0117,2,0.003
0117,3,0.01
0117,4,0.019
0117,5,0.028
0117,6,0.03
0117,7,0.031
0117,8,0.035
0117,9,0.041
0117,10,0.049
0117,11,0.053
0117,12,0.055
0117,13,0.056
0117,14,0.056
0117,15,0.057
0117,16,0.06
0117,17,0.066
0117,18,0.078
0117,19,0.097
0117,20,0.108
0117,21,0.134
0117,22,0.178
0117,23,0.242
0117,24,0.31
0117,25,0.383
0117,26,0.426
0117,27,0.476
0117,28,0.54
0117,29,0.603
0117,30,0.658
0117,31,0.673
0117,32,0.688
0117,33,0.71
0117,34,0.727
0117,35,0.739
0117,36,0.749
0117,37,0.76
0117,38,0.768
0117,39,0.773
0117,40,0.776
0117,41,0.78
0117,42,0.783
0117,43,0.785
0117,44,0.787
0117,45,0.789
0117,46,0.79
0117,47,0.792
0117,48,0.797
0117,49,0.804
0117,50,0.809
0117,51,0.812
0117,52,0.813
0120,1,0.002
0120,2,0.009
0120,3,0.012
0120,4,0.02
0120,5,0.024
0120,6,0.024
0120,7,0.025
0120,8,0.03
0120,9,0.038
0120,10,0.044
0120,11,0.047
0120,12,0.048
0120,13,0.049
0120,14,0.05
0120,15,0.05
0120,16,0.051
0120,17,0.055
0120,18,0.064
0120,19,0.078
0120,20,0.095
0120,21,0.125
0120,22,0.178
0120,23,0.234
0120,24,0.301
0120,25,0.374
0120,26,0.419
0120,27,0.46
0120,28,0.522
0120,29,0.594
0120,30,0.643
0120,31,0.667
0120,32,0.696
0120,33,0.717
0120,34,0.732
0120,35,0.748
0120,36,0.76
0120,37,0.77
0120,38,0.777
0120,39,0.782
0120,40,0.787
0120,41,0.789
0120,42,0.791
0120,43,0.793
0120,44,0.796
0120,45,0.798
0120,46,0.8
0120,47,0.803
0120,48,0.807
0120,49,0.814
0120,50,0.818
0120,51,0.822
0120,52,0.823
0123,1,0.0
0123,2,0.003
0123,3,0.006
0123,4,0.008
0123,5,0.012
0123,6,0.018
0123,7,0.021
0123,8,0.022
0123,9,0.03
0123,10,0.037
0123,11,0.04
0123,12,0.041
0123,13,0.042
0123,14,0.042
0123,15,0.043
0123,16,0.044
0123,17,0.051
0123,18,0.065
0123,19,0.08
0123,20,0.088
0123,21,0.107
0123,22,0.14
0123,23,0.19
0123,24,0.236
0123,25,0.29
0123,26,0.321
0123,27,0.361
0123,28,0.423
0123,29,0.483
0123,30,0.519
0123,31,0.544
0123,32,0.564
0123,33,0.58
0123,34,0.594
0123,35,0.605
0123,36,0.616
0123,37,0.626
0123,38,0.633
0123,39,0.641
0123,40,0.646
0123,41,0.651
0123,42,0.654
0123,43,0.657
0123,44,0.659
0123,45,0.662
0123,46,0.665
0123,47,0.669
0123,48,0.674
0123,49,0.681
0123,50,0.688
0123,51,0.692
0123,52,0.694
0125,1,0.0
0125,2,0.003
0125,3,0.006
0125,4,0.018
0125,5,0.02
0125,6,0.02
0125,7,0.024
0125,8,0.025
0125,9,0.031
0125,10,0.039
0125,11,0.043
0125,12,0.044
0125,13,0.045
0125,14,0.046
0125,15,0.046
0125,16,0.048
0125,17,0.055
0125,18,0.068
0125,19,0.08
0125,20,0.092
0125,21,0.134
0125,22,0.196
0125,23,0.27
0125,24,0.361
0125,25,0.427
0125,26,0.464
0125,27,0.506
0125,28,0.56
0125,29,0.611
0125,30,0.646
0125,31,0.663
0125,32,0.688
0125,33,0.71
0125,34,0.728
0125,35,0.742
0125,36,0.753
0125,37,0.76
0125,38,0.768
0125,39,0.775
0125,40,0.779
0125,41,0.783
0125,42,0.785
0125,43,0.787
0125,44,0.788
0125,45,0.789
0125,46,0.79
0125,47,0.794
0125,48,0.797
0125,49,0.801
0125,50,0.805
0125,51,0.807
0125,52,0.809
0126,1,0.0
0126,2,0.003
0126,3,0.008
0126,4,0.013
0126,5,0.015
0126,6,0.017
0126,7,0.02
0126,8,0.025
0126,9,0.032
0126,10,0.039
0126,11,0.042
0126,12,0.043
0126,13,0.044
0126,14,0.044
0126,15,0.045
0126,16,0.046
0126,17,0.05
0126,18,0.06
0126,19,0.077
0126,20,0.087
0126,21,0.115
0126,22,0.158
0126,23,0.21
0126,24,0.265
0126,25,0.315
0126,26,0.348
0126,27,0.385
0126,28,0.441
0126,29,0.498
0126,30,0.542
0126,31,0.563
0126,32,0.582
0126,33,0.6
0126,34,0.612
0126,35,0.625
0126,36,0.635
0126,37,0.644
0126,38,0.651
0126,39,0.656
0126,40,0.661
0126,41,0.664
0126,42,0.667
0126,43,0.67
0126,44,0.672
0126,45,0.674
0126,46,0.677
0126,47,0.681
0126,48,0.686
0126,49,0.692
0126,50,0.698
0126,51,0.702
0126,52,0.705
0127,1,0.0
0127,2,0.003
0127,3,0.011
0127,4,0.014
0127,5,0.017
0127,6,0.022
0127,7,0.025
0127,8,0.027
0127,9,0.034
0127,10,0.04
0127,11,0.042
0127,12,0.043
0127,13,0.043
0127,14,0.044
0127,15,0.045
0127,16,0.046
0127,17,0.048
0127,18,0.055
0127,19,0.073
0127,20,0.083
0127,21,0.104
0127,22,0.136
0127,23,0.17
0127,24,0.204
0127,25,0.237
0127,26,0.26
0127,27,0.283
0127,28,0.325
0127,29,0.361
0127,30,0.395
0127,31,0.413
0127,32,0.429
0127,33,0.447
0127,34,0.46
0127,35,0.473
0127,36,0.485
0127,37,0.495
0127,38,0.505
0127,39,0.512
0127,40,0.518
0127,41,0.523
0127,42,0.526
0127,43,0.53
0127,44,0.533
0127,45,0.536
0127,46,0.54
0127,47,0.546
0127,48,0.552
0127,49,0.559
0127,50,0.566
0127,51,0.571
0127,52,0.574
0128,1,0.001
0128,2,0.004
0128,3,0.01
0128,4,0.017
0128,5,0.024
0128,6,0.032
0128,7,0.034
0128,8,0.035
0128,9,0.045
0128,10,0.053
0128,11,0.056
0128,12,0.058
0128,13,0.058
0128,14,0.06
0128,15,0.061
0128,16,0.062
0128,17,0.065
0128,18,0.072
0128,19,0.092
0128,20,0.107
0128,21,0.145
0128,22,0.206
0128,23,0.261
0128,24,0.317
0128,25,0.363
0128,26,0.394
0128,27,0.423
0128,28,0.478
0128,29,0.53
0128,30,0.577
0128,31,0.6
0128,32,0.618
0128,33,0.64
0128,34,0.652
0128,35,0.665
0128,36,0.675
0128,37,0.685
0128,38,0.696
0128,39,0.701
0128,40,0.704
0128,41,0.708
0128,42,0.711
0128,43,0.713
0128,44,0.717
0128,45,0.72
0128,46,0.723
0128,47,0.731
0128,48,0.736
0128,49,0.744
0128,50,0.749
0128,51,0.753
0128,52,0.755
0136,1,0.0
0136,2,0.002
0136,3,0.011
0136,4,0.015
0136,5,0.018
0136,6,0.021
0136,7,0.024
0136,8,0.026
0136,9,0.034
0136,10,0.039
0136,11,0.042
0136,12,0.044
0136,13,0.045
0136,14,0.045
0136,15,0.046
0136,16,0.048
0136,17,0.053
0136,18,0.067
0136,19,0.079
0136,20,0.086
0136,21,0.108
0136,22,0.137
0136,23,0.177
0136,24,0.221
0136,25,0.271
0136,26,0.308
0136,27,0.344
0136,28,0.402
0136,29,0.464
0136,30,0.508
0136,31,0.535
0136,32,0.552
0136,33,0.571
0136,34,0.586
0136,35,0.598
0136,36,0.61
0136,37,0.619
0136,38,0.627
0136,39,0.632
0136,40,0.637
0136,41,0.64
0136,42,0.644
0136,43,0.646
0136,44,0.649
0136,45,0.651
0136,46,0.653
0136,47,0.658
0136,48,0.663
0136,49,0.671
0136,50,0.678
0136,51,0.683
0136,52,0.687
0138,1,0.001
0138,2,0.003
0138,3,0.009
0138,4,0.013
0138,5,0.024
0138,6,0.026
0138,7,0.028
0138,8,0.03
0138,9,0.039
0138,10,0.047
0138,11,0.049
0138,12,0.051
0138,13,0.052
0138,14,0.053
0138,15,0.054
0138,16,0.056
0138,17,0.06
0138,18,0.076
0138,19,0.086
0138,20,0.095
0138,21,0.121
0138,22,0.174
0138,23,0.235
0138,24,0.295
0138,25,0.365
0138,26,0.4
0138,27,0.441
0138,28,0.51
0138,29,0.579
0138,30,0.622
0138,31,0.647
0138,32,0.672
0138,33,0.692
0138,34,0.706
0138,35,0.72
0138,36,0.729
0138,37,0.739
0138,38,0.745
0138,39,0.751
0138,40,0.754
0138,41,0.757
0138,42,0.76
0138,43,0.761
0138,44,0.764
0138,45,0.766
0138,46,0.767
0138,47,0.771
0138,48,0.775
0138,49,0.782
0138,50,0.787
0138,51,0.791
0138,52,0.793
0139,1,0.0
0139,2,0.003
0139,3,0.006
0139,4,0.008
0139,5,0.019
0139,6,0.023
0139,7,0.026
0139,8,0.027
0139,9,0.032
0139,10,0.041
0139,11,0.042
0139,12,0.043
0139,13,0.044
0139,14,0.044
0139,15,0.045
0139,16,0.047
0139,17,0.054
0139,18,0.073
0139,19,0.083
0139,20,0.091
0139,21,0.106
0139,22,0.135
0139,23,0.175
0139,24,0.23
0139,25,0.282
0139,26,0.314
0139,27,0.355
0139,28,0.412
0139,29,0.467
0139,30,0.506
0139,31,0.53
0139,32,0.55
0139,33,0.569
0139,34,0.583
0139,35,0.598
0139,36,0.611
0139,37,0.621
0139,38,0.628
0139,39,0.634
0139,40,0.641
0139,41,0.645
0139,42,0.648
0139,43,0.651
0139,44,0.654
0139,45,0.658
0139,46,0.661
0139,47,0.666
0139,48,0.67
0139,49,0.676
0139,50,0.683
0139,51,0.688
0139,52,0.689
0140,1,0.0
0140,2,0.002
0140,3,0.017
0140,4,0.022
0140,5,0.023
0140,6,0.026
0140,7,0.03
0140,8,0.033
0140,9,0.042
0140,10,0.046
0140,11,0.049
0140,12,0.049
0140,13,0.049
0140,14,0.05
0140,15,0.051
0140,16,0.053
0140,17,0.058
0140,18,0.085
0140,19,0.096
0140,20,0.12
0140,21,0.163
0140,22,0.232
0140,23,0.301
0140,24,0.37
0140,25,0.433
0140,26,0.468
0140,27,0.509
0140,28,0.567
0140,29,0.62
0140,30,0.657
0140,31,0.679
0140,32,0.7
0140,33,0.716
0140,34,0.731
0140,35,0.744
0140,36,0.756
0140,37,0.765
0140,38,0.77
0140,39,0.777
0140,40,0.782
0140,41,0.785
0140,42,0.789
0140,43,0.791
0140,44,0.794
0140,45,0.795
0140,46,0.797
0140,47,0.801
0140,48,0.807
0140,49,0.815
0140,50,0.821
0140,51,0.824
0140,52,0.826
0160,1,0.0
0160,2,0.003
0160,3,0.008
0160,4,0.011
0160,5,0.014
0160,6,0.016
0160,7,0.016
0160,8,0.019
0160,9,0.026
0160,10,0.034
0160,11,0.039
0160,12,0.04
0160,13,0.041
0160,14,0.042
0160,15,0.042
0160,16,0.044
0160,17,0.052
0160,18,0.064
0160,19,0.073
0160,20,0.087
0160,21,0.128
0160,22,0.189
0160,23,0.261
0160,24,0.338
0160,25,0.416
0160,26,0.454
0160,27,0.503
0160,28,0.577
0160,29,0.648
0160,30,0.699
0160,31,0.718
0160,32,0.734
0160,33,0.753
0160,34,0.768
0160,35,0.78
0160,36,0.787
0160,37,0.798
0160,38,0.804
0160,39,0.809
0160,40,0.812
0160,41,0.814
0160,42,0.816
0160,43,0.817
0160,44,0.819
0160,45,0.82
0160,46,0.821
0160,47,0.823
0160,48,0.828
0160,49,0.832
0160,50,0.835
0160,51,0.838
0160,52,0.838
0162,1,0.0
0162,2,0.002
0162,3,0.006
0162,4,0.008
0162,5,0.01
0162,6,0.011
0162,7,0.012
0162,8,0.014
0162,9,0.02
0162,10,0.029
0162,11,0.031
0162,12,0.032
0162,13,0.032
0162,14,0.033
0162,15,0.034
0162,16,0.035
0162,17,0.045
0162,18,0.055
0162,19,0.065
0162,20,0.086
0162,21,0.136
0162,22,0.206
0162,23,0.284
0162,24,0.356
0162,25,0.416
0162,26,0.454
0162,27,0.495
0162,28,0.57
0162,29,0.64
0162,30,0.684
0162,31,0.704
0162,32,0.729
0162,33,0.75
0162,34,0.764
0162,35,0.775
0162,36,0.782
0162,37,0.79
0162,38,0.795
0162,39,0.799
0162,40,0.802
0162,41,0.804
0162,42,0.806
0162,43,0.807
0162,44,0.809
0162,45,0.811
0162,46,0.812
0162,47,0.814
0162,48,0.817
0162,49,0.821
0162,50,0.823
0162,51,0.826
0162,52,0.827
0163,1,0.0
0163,2,0.002
0163,3,0.007
0163,4,0.008
0163,5,0.016
0163,6,0.017
0163,7,0.018
0163,8,0.022
0163,9,0.028
0163,10,0.035
0163,11,0.037
0163,12,0.038
0163,13,0.039
0163,14,0.04
0163,15,0.041
0163,16,0.042
0163,17,0.048
0163,18,0.062
0163,19,0.072
0163,20,0.083
0163,21,0.123
0163,22,0.174
0163,23,0.238
0163,24,0.306
0163,25,0.365
0163,26,0.403
0163,27,0.449
0163,28,0.513
0163,29,0.576
0163,30,0.616
0163,31,0.634
0163,32,0.653
0163,33,0.671
0163,34,0.685
0163,35,0.695
0163,36,0.703
0163,37,0.711
0163,38,0.718
0163,39,0.724
0163,40,0.727
0163,41,0.729
0163,42,0.732
0163,43,0.734
0163,44,0.736
0163,45,0.737
0163,46,0.739
0163,47,0.742
0163,48,0.746
0163,49,0.751
0163,50,0.754
0163,51,0.757
0163,52,0.758
0180,1,0.0
0180,2,0.003
0180,3,0.008
0180,4,0.011
0180,5,0.014
0180,6,0.016
0180,7,0.017
0180,8,0.02
0180,9,0.027
0180,10,0.034
0180,11,0.037
0180,12,0.038
0180,13,0.039
0180,14,0.039
0180,15,0.04
0180,16,0.041
0180,17,0.045
0180,18,0.057
0180,19,0.068
0180,20,0.078
0180,21,0.101
0180,22,0.142
0180,23,0.192
0180,24,0.249
0180,25,0.314
0180,26,0.356
0180,27,0.42
0180,28,0.503
0180,29,0.572
0180,30,0.617
0180,31,0.64
0180,32,0.659
0180,33,0.676
0180,34,0.689
0180,35,0.699
0180,36,0.708
0180,37,0.716
0180,38,0.722
0180,39,0.727
0180,40,0.73
0180,41,0.733
0180,42,0.735
0180,43,0.738
0180,44,0.74
0180,45,0.742
0180,46,0.744
0180,47,0.747
0180,48,0.751
0180,49,0.756
0180,50,0.76
0180,51,0.764
0180,52,0.765
0181,1,0.0
0181,2,0.001
0181,3,0.007
0181,4,0.014
0181,5,0.016
0181,6,0.017
0181,7,0.023
0181,8,0.024
0181,9,0.032
0181,10,0.038
0181,11,0.04
0181,12,0.041
0181,13,0.042
0181,14,0.042
0181,15,0.043
0181,16,0.044
0181,17,0.048
0181,18,0.06
0181,19,0.071
0181,20,0.085
0181,21,0.104
0181,22,0.135
0181,23,0.17
0181,24,0.203
0181,25,0.236
0181,26,0.259
0181,27,0.283
0181,28,0.325
0181,29,0.365
0181,30,0.397
0181,31,0.414
0181,32,0.43
0181,33,0.443
0181,34,0.459
0181,35,0.473
0181,36,0.483
0181,37,0.495
0181,38,0.505
0181,39,0.514
0181,40,0.52
0181,41,0.525
0181,42,0.529
0181,43,0.532
0181,44,0.536
0181,45,0.54
0181,46,0.544
0181,47,0.551
0181,48,0.56
0181,49,0.57
0181,50,0.578
0181,51,0.583
0181,52,0.585
0182,1,0.001
0182,2,0.005
0182,3,0.009
0182,4,0.012
0182,5,0.015
0182,6,0.016
0182,7,0.017
0182,8,0.02
0182,9,0.027
0182,10,0.034
0182,11,0.038
0182,12,0.039
0182,13,0.039
0182,14,0.04
0182,15,0.04
0182,16,0.041
0182,17,0.045
0182,18,0.058
0182,19,0.069
0182,20,0.081
0182,21,0.113
0182,22,0.171
0182,23,0.234
0182,24,0.31
0182,25,0.385
0182,26,0.425
0182,27,0.472
0182,28,0.536
0182,29,0.61
0182,30,0.659
0182,31,0.68
0182,32,0.702
0182,33,0.722
0182,34,0.735
0182,35,0.749
0182,36,0.758
0182,37,0.766
0182,38,0.773
0182,39,0.777
0182,40,0.781
0182,41,0.783
0182,42,0.785
0182,43,0.787
0182,44,0.789
0182,45,0.791
0182,46,0.793
0182,47,0.796
0182,48,0.8
0182,49,0.805
0182,50,0.81
0182,51,0.814
0182,52,0.815
0183,1,0.0
0183,2,0.002
0183,3,0.006
0183,4,0.008
0183,5,0.012
0183,6,0.014
0183,7,0.016
0183,8,0.019
0183,9,0.026
0183,10,0.033
0183,11,0.035
0183,12,0.036
0183,13,0.036
0183,14,0.037
0183,15,0.037
0183,16,0.038
0183,17,0.041
0183,18,0.053
0183,19,0.066
0183,20,0.075
0183,21,0.094
0183,22,0.123
0183,23,0.163
0183,24,0.21
0183,25,0.266
0183,26,0.309
0183,27,0.376
0183,28,0.462
0183,29,0.528
0183,30,0.565
0183,31,0.586
0183,32,0.605
0183,33,0.621
0183,34,0.633
0183,35,0.644
0183,36,0.656
0183,37,0.666
0183,38,0.673
0183,39,0.677
0183,40,0.681
0183,41,0.684
0183,42,0.686
0183,43,0.689
0183,44,0.691
0183,45,0.694
0183,46,0.696
0183,47,0.7
0183,48,0.705
0183,49,0.712
0183,50,0.717
0183,51,0.721
0183,52,0.723
0184,1,0.0
0184,2,0.003
0184,3,0.007
0184,4,0.01
0184,5,0.012
0184,6,0.014
0184,7,0.015
0184,8,0.017
0184,9,0.024
0184,10,0.032
0184,11,0.034
0184,12,0.035
0184,13,0.035
0184,14,0.036
0184,15,0.037
0184,16,0.038
0184,17,0.042
0184,18,0.056
0184,19,0.068
0184,20,0.078
0184,21,0.099
0184,22,0.13
0184,23,0.172
0184,24,0.225
0184,25,0.287
0184,26,0.331
0184,27,0.398
0184,28,0.486
0184,29,0.553
0184,30,0.591
0184,31,0.611
0184,32,0.627
0184,33,0.64
0184,34,0.652
0184,35,0.662
0184,36,0.67
0184,37,0.678
0184,38,0.683
0184,39,0.687
0184,40,0.69
0184,41,0.693
0184,42,0.695
0184,43,0.697
0184,44,0.699
0184,45,0.701
0184,46,0.703
0184,47,0.706
0184,48,0.709
0184,49,0.714
0184,50,0.718
0184,51,0.721
0184,52,0.723
0186,1,0.0
0186,2,0.002
0186,3,0.005
0186,4,0.01
0186,5,0.014
0186,6,0.015
0186,7,0.016
0186,8,0.02
0186,9,0.026
0186,10,0.034
0186,11,0.037
0186,12,0.038
0186,13,0.039
0186,14,0.04
0186,15,0.041
0186,16,0.043
0186,17,0.048
0186,18,0.06
0186,19,0.073
0186,20,0.087
0186,21,0.127
0186,22,0.183
0186,23,0.261
0186,24,0.331
0186,25,0.395
0186,26,0.432
0186,27,0.481
0186,28,0.546
0186,29,0.614
0186,30,0.66
0186,31,0.686
0186,32,0.709
0186,33,0.728
0186,34,0.743
0186,35,0.756
0186,36,0.766
0186,37,0.773
0186,38,0.779
0186,39,0.784
0186,40,0.787
0186,41,0.79
0186,42,0.792
0186,43,0.795
0186,44,0.796
0186,45,0.798
0186,46,0.799
0186,47,0.802
0186,48,0.805
0186,49,0.811
0186,50,0.815
0186,51,0.818
0186,52,0.819
0187,1,0.0
0187,2,0.001
0187,3,0.006
0187,4,0.009
0187,5,0.023
0187,6,0.023
0187,7,0.023
0187,8,0.024
0187,9,0.03
0187,10,0.038
0187,11,0.044
0187,12,0.044
0187,13,0.046
0187,14,0.046
0187,15,0.047
0187,16,0.049
0187,17,0.054
0187,18,0.063
0187,19,0.076
0187,20,0.089
0187,21,0.13
0187,22,0.193
0187,23,0.282
0187,24,0.362
0187,25,0.426
0187,26,0.464
0187,27,0.505
0187,28,0.565
0187,29,0.636
0187,30,0.696
0187,31,0.716
0187,32,0.733
0187,33,0.759
0187,34,0.774
0187,35,0.79
0187,36,0.798
0187,37,0.811
0187,38,0.819
0187,39,0.822
0187,40,0.827
0187,41,0.829
0187,42,0.832
0187,43,0.833
0187,44,0.835
0187,45,0.837
0187,46,0.838
0187,47,0.842
0187,48,0.847
0187,49,0.851
0187,50,0.853
0187,51,0.856
0187,52,0.857
0188,1,0.0
0188,2,0.003
0188,3,0.042
0188,4,0.044
0188,5,0.047
0188,6,0.056
0188,7,0.06
0188,8,0.065
0188,9,0.072
0188,10,0.079
0188,11,0.082
0188,12,0.083
0188,13,0.085
0188,14,0.085
0188,15,0.086
0188,16,0.087
0188,17,0.109
0188,18,0.121
0188,19,0.133
0188,20,0.143
0188,21,0.159
0188,22,0.181
0188,23,0.22
0188,24,0.276
0188,25,0.341
0188,26,0.383
0188,27,0.427
0188,28,0.483
0188,29,0.55
0188,30,0.624
0188,31,0.645
0188,32,0.665
0188,33,0.683
0188,34,0.696
0188,35,0.712
0188,36,0.727
0188,37,0.739
0188,38,0.746
0188,39,0.753
0188,40,0.757
0188,41,0.763
0188,42,0.765
0188,43,0.767
0188,44,0.769
0188,45,0.771
0188,46,0.773
0188,47,0.776
0188,48,0.782
0188,49,0.79
0188,50,0.796
0188,51,0.799
0188,52,0.8
0191,1,0.0
0191,2,0.001
0191,3,0.005
0191,4,0.012
0191,5,0.014
0191,6,0.017
0191,7,0.019
0191,8,0.021
0191,9,0.026
0191,10,0.032
0191,11,0.034
0191,12,0.035
0191,13,0.036
0191,14,0.036
0191,15,0.037
0191,16,0.039
0191,17,0.043
0191,18,0.053
0191,19,0.069
0191,20,0.079
0191,21,0.101
0191,22,0.13
0191,23,0.173
0191,24,0.215
0191,25,0.263
0191,26,0.291
0191,27,0.325
0191,28,0.37
0191,29,0.421
0191,30,0.464
0191,31,0.485
0191,32,0.508
0191,33,0.527
0191,34,0.538
0191,35,0.547
0191,36,0.559
0191,37,0.571
0191,38,0.58
0191,39,0.586
0191,40,0.591
0191,41,0.596
0191,42,0.601
0191,43,0.605
0191,44,0.608
0191,45,0.611
0191,46,0.613
0191,47,0.617
0191,48,0.622
0191,49,0.629
0191,50,0.635
0191,51,0.64
0191,52,0.642
0192,1,0.001
0192,2,0.002
0192,3,0.01
0192,4,0.032
0192,5,0.036
0192,6,0.037
0192,7,0.039
0192,8,0.047
0192,9,0.054
0192,10,0.058
0192,11,0.061
0192,12,0.061
0192,13,0.062
0192,14,0.062
0192,15,0.062
0192,16,0.064
0192,17,0.069
0192,18,0.082
0192,19,0.096
0192,20,0.113
0192,21,0.128
0192,22,0.162
0192,23,0.207
0192,24,0.25
0192,25,0.295
0192,26,0.327
0192,27,0.359
0192,28,0.418
0192,29,0.476
0192,30,0.528
0192,31,0.562
0192,32,0.587
0192,33,0.605
0192,34,0.621
0192,35,0.632
0192,36,0.645
0192,37,0.658
0192,38,0.668
0192,39,0.675
0192,40,0.68
0192,41,0.683
0192,42,0.687
0192,43,0.69
0192,44,0.692
0192,45,0.693
0192,46,0.695
0192,47,0.697
0192,48,0.702
0192,49,0.708
0192,50,0.715
0192,51,0.72
0192,52,0.724
0305,1,0.0
0305,2,0.01
0305,3,0.012
0305,4,0.015
0305,5,0.019
0305,6,0.021
0305,7,0.028
0305,8,0.03
0305,9,0.034
0305,10,0.038
0305,11,0.04
0305,12,0.041
0305,13,0.042
0305,14,0.046
0305,15,0.048
0305,16,0.049
0305,17,0.052
0305,18,0.063
0305,19,0.089
0305,20,0.116
0305,21,0.148
0305,22,0.188
0305,23,0.249
0305,24,0.324
0305,25,0.424
0305,26,0.52
0305,27,0.535
0305,28,0.594
0305,29,0.646
0305,30,0.682
0305,31,0.699
0305,32,0.711
0305,33,0.727
0305,34,0.744
0305,35,0.753
0305,36,0.763
0305,37,0.768
0305,38,0.777
0305,39,0.782
0305,40,0.786
0305,41,0.789
0305,42,0.792
0305,43,0.794
0305,44,0.795
0305,45,0.797
0305,46,0.798
0305,47,0.801
0305,48,0.805
0305,49,0.809
0305,50,0.812
0305,51,0.816
0305,52,0.816
0319,1,0.0
0319,2,0.015
0319,3,0.018
0319,4,0.021
0319,5,0.036
0319,6,0.042
0319,7,0.05
0319,8,0.059
0319,9,0.065
0319,10,0.071
0319,11,0.074
0319,12,0.075
0319,13,0.075
0319,14,0.077
0319,15,0.077
0319,16,0.077
0319,17,0.081
0319,18,0.089
0319,19,0.124
0319,20,0.148
0319,21,0.172
0319,22,0.187
0319,23,0.273
0319,24,0.339
0319,25,0.47
0319,26,0.561
0319,27,0.585
0319,28,0.61
0319,29,0.676
0319,30,0.694
0319,31,0.699
0319,32,0.724
0319,33,0.728
0319,34,0.754
0319,35,0.756
0319,36,0.776
0319,37,0.778
0319,38,0.79
0319,39,0.797
0319,40,0.799
0319,41,0.803
0319,42,0.804
0319,43,0.805
0319,44,0.807
0319,45,0.808
0319,46,0.811
0319,47,0.813
0319,48,0.815
0319,49,0.821
0319,50,0.823
0319,51,0.824
0319,52,0.824
0330,1,0.003
0330,2,0.007
0330,3,0.014
0330,4,0.018
0330,5,0.021
0330,6,0.022
0330,7,0.024
0330,8,0.026
0330,9,0.032
0330,10,0.04
0330,11,0.042
0330,12,0.044
0330,13,0.045
0330,14,0.045
0330,15,0.045
0330,16,0.047
0330,17,0.054
0330,18,0.065
0330,19,0.107
0330,20,0.131
0330,21,0.151
0330,22,0.188
0330,23,0.273
0330,24,0.358
0330,25,0.481
0330,26,0.577
0330,27,0.617
0330,28,0.653
0330,29,0.716
0330,30,0.738
0330,31,0.757
0330,32,0.771
0330,33,0.78
0330,34,0.792
0330,35,0.798
0330,36,0.806
0330,37,0.809
0330,38,0.819
0330,39,0.823
0330,40,0.826
0330,41,0.828
0330,42,0.829
0330,43,0.832
0330,44,0.833
0330,45,0.834
0330,46,0.836
0330,47,0.837
0330,48,0.839
0330,49,0.842
0330,50,0.845
0330,51,0.846
0330,52,0.847
0331,1,0.001
0331,2,0.014
0331,3,0.023
0331,4,0.029
0331,5,0.033
0331,6,0.034
0331,7,0.035
0331,8,0.043
0331,9,0.051
0331,10,0.057
0331,11,0.058
0331,12,0.06
0331,13,0.06
0331,14,0.06
0331,15,0.061
0331,16,0.062
0331,17,0.07
0331,18,0.087
0331,19,0.137
0331,20,0.142
0331,21,0.172
0331,22,0.208
0331,23,0.271
0331,24,0.351
0331,25,0.434
0331,26,0.536
0331,27,0.557
0331,28,0.605
0331,29,0.667
0331,30,0.69
0331,31,0.704
0331,32,0.717
0331,33,0.729
0331,34,0.743
0331,35,0.753
0331,36,0.763
0331,37,0.77
0331,38,0.775
0331,39,0.78
0331,40,0.785
0331,41,0.789
0331,42,0.79
0331,43,0.792
0331,44,0.793
0331,45,0.794
0331,46,0.796
0331,47,0.798
0331,48,0.799
0331,49,0.805
0331,50,0.807
0331,51,0.808
0331,52,0.808
0360,1,0.001
0360,2,0.016
0360,3,0.022
0360,4,0.027
0360,5,0.043
0360,6,0.044
0360,7,0.045
0360,8,0.047
0360,9,0.06
0360,10,0.066
0360,11,0.068
0360,12,0.07
0360,13,0.071
0360,14,0.072
0360,15,0.075
0360,16,0.076
0360,17,0.082
0360,18,0.095
0360,19,0.133
0360,20,0.173
0360,21,0.197
0360,22,0.225
0360,23,0.299
0360,24,0.355
0360,25,0.455
0360,26,0.554
0360,27,0.566
0360,28,0.602
0360,29,0.665
0360,30,0.697
0360,31,0.712
0360,32,0.727
0360,33,0.733
0360,34,0.751
0360,35,0.764
0360,36,0.776
0360,37,0.785
0360,38,0.794
0360,39,0.797
0360,40,0.799
0360,41,0.801
0360,42,0.805
0360,43,0.807
0360,44,0.808
0360,45,0.809
0360,46,0.81
0360,47,0.811
0360,48,0.814
0360,49,0.818
0360,50,0.823
0360,51,0.824
0360,52,0.825
0380,1,0.0
0380,2,0.006
0380,3,0.014
0380,4,0.02
0380,5,0.024
0380,6,0.025
0380,7,0.026
0380,8,0.03
0380,9,0.04
0380,10,0.051
0380,11,0.055
0380,12,0.056
0380,13,0.059
0380,14,0.06
0380,15,0.061
0380,16,0.062
0380,17,0.069
0380,18,0.082
0380,19,0.111
0380,20,0.132
0380,21,0.155
0380,22,0.181
0380,23,0.236
0380,24,0.3
0380,25,0.399
0380,26,0.481
0380,27,0.545
0380,28,0.602
0380,29,0.668
0380,30,0.706
0380,31,0.726
0380,32,0.736
0380,33,0.746
0380,34,0.757
0380,35,0.77
0380,36,0.779
0380,37,0.784
0380,38,0.789
0380,39,0.792
0380,40,0.795
0380,41,0.797
0380,42,0.798
0380,43,0.8
0380,44,0.802
0380,45,0.803
0380,46,0.804
0380,47,0.807
0380,48,0.809
0380,49,0.812
0380,50,0.816
0380,51,0.818
0380,52,0.818
0381,1,0.0
0381,2,0.008
0381,3,0.015
0381,4,0.02
0381,5,0.026
0381,6,0.028
0381,7,0.029
0381,8,0.031
0381,9,0.044
0381,10,0.051
0381,11,0.053
0381,12,0.054
0381,13,0.057
0381,14,0.058
0381,15,0.058
0381,16,0.059
0381,17,0.064
0381,18,0.078
0381,19,0.093
0381,20,0.124
0381,21,0.147
0381,22,0.179
0381,23,0.25
0381,24,0.296
0381,25,0.409
0381,26,0.503
0381,27,0.54
0381,28,0.596
0381,29,0.662
0381,30,0.694
0381,31,0.707
0381,32,0.724
0381,33,0.74
0381,34,0.755
0381,35,0.764
0381,36,0.771
0381,37,0.778
0381,38,0.784
0381,39,0.789
0381,40,0.792
0381,41,0.795
0381,42,0.797
0381,43,0.799
0381,44,0.801
0381,45,0.801
0381,46,0.804
0381,47,0.807
0381,48,0.809
0381,49,0.815
0381,50,0.819
0381,51,0.82
0381,52,0.821
0382,1,0.0
0382,2,0.014
0382,3,0.024
0382,4,0.041
0382,5,0.046
0382,6,0.049
0382,7,0.052
0382,8,0.056
0382,9,0.061
0382,10,0.065
0382,11,0.068
0382,12,0.07
0382,13,0.07
0382,14,0.071
0382,15,0.071
0382,16,0.072
0382,17,0.079
0382,18,0.089
0382,19,0.118
0382,20,0.125
0382,21,0.185
0382,22,0.212
0382,23,0.281
0382,24,0.348
0382,25,0.502
0382,26,0.567
0382,27,0.609
0382,28,0.646
0382,29,0.708
0382,30,0.733
0382,31,0.746
0382,32,0.761
0382,33,0.769
0382,34,0.788
0382,35,0.801
0382,36,0.811
0382,37,0.819
0382,38,0.825
0382,39,0.828
0382,40,0.831
0382,41,0.833
0382,42,0.835
0382,43,0.836
0382,44,0.837
0382,45,0.838
0382,46,0.839
0382,47,0.841
0382,48,0.842
0382,49,0.845
0382,50,0.849
0382,51,0.849
0382,52,0.85
0428,1,0.001
0428,2,0.023
0428,3,0.026
0428,4,0.026
0428,5,0.029
0428,6,0.033
0428,7,0.033
0428,8,0.069
0428,9,0.076
0428,10,0.081
0428,11,0.081
0428,12,0.082
0428,13,0.082
0428,14,0.083
0428,15,0.084
0428,16,0.091
0428,17,0.124
0428,18,0.14
0428,19,0.172
0428,20,0.196
0428,21,0.201
0428,22,0.235
0428,23,0.297
0428,24,0.363
0428,25,0.445
0428,26,0.475
0428,27,0.519
0428,28,0.572
0428,29,0.633
0428,30,0.649
0428,31,0.672
0428,32,0.692
0428,33,0.712
0428,34,0.729
0428,35,0.743
0428,36,0.759
0428,37,0.769
0428,38,0.777
0428,39,0.791
0428,40,0.794
0428,41,0.796
0428,42,0.799
0428,43,0.802
0428,44,0.803
0428,45,0.803
0428,46,0.805
0428,47,0.809
0428,48,0.813
0428,49,0.819
0428,50,0.828
0428,51,0.83
0428,52,0.831
0461,1,0.002
0461,2,0.006
0461,3,0.015
0461,4,0.02
0461,5,0.022
0461,6,0.024
0461,7,0.039
0461,8,0.042
0461,9,0.057
0461,10,0.06
0461,11,0.061
0461,12,0.061
0461,13,0.062
0461,14,0.062
0461,15,0.07
0461,16,0.076
0461,17,0.085
0461,18,0.093
0461,19,0.111
0461,20,0.125
0461,21,0.139
0461,22,0.164
0461,23,0.216
0461,24,0.278
0461,25,0.386
0461,26,0.449
0461,27,0.478
0461,28,0.563
0461,29,0.591
0461,30,0.629
0461,31,0.655
0461,32,0.675
0461,33,0.686
0461,34,0.71
0461,35,0.718
0461,36,0.727
0461,37,0.742
0461,38,0.75
0461,39,0.756
0461,40,0.76
0461,41,0.763
0461,42,0.764
0461,43,0.767
0461,44,0.769
0461,45,0.77
0461,46,0.773
0461,47,0.775
0461,48,0.777
0461,49,0.783
0461,50,0.788
0461,51,0.791
0461,52,0.792
0480,1,0.003
0480,2,0.006
0480,3,0.01
0480,4,0.012
0480,5,0.013
0480,6,0.02
0480,7,0.021
0480,8,0.034
0480,9,0.054
0480,10,0.064
0480,11,0.065
0480,12,0.065
0480,13,0.066
0480,14,0.066
0480,15,0.067
0480,16,0.075
0480,17,0.088
0480,18,0.104
0480,19,0.128
0480,20,0.143
0480,21,0.158
0480,22,0.181
0480,23,0.248
0480,24,0.318
0480,25,0.415
0480,26,0.469
0480,27,0.524
0480,28,0.582
0480,29,0.625
0480,30,0.654
0480,31,0.667
0480,32,0.679
0480,33,0.711
0480,34,0.737
0480,35,0.751
0480,36,0.759
0480,37,0.769
0480,38,0.776
0480,39,0.784
0480,40,0.787
0480,41,0.79
0480,42,0.792
0480,43,0.794
0480,44,0.796
0480,45,0.797
0480,46,0.8
0480,47,0.803
0480,48,0.805
0480,49,0.811
0480,50,0.816
0480,51,0.82
0480,52,0.822
0481,1,0.001
0481,2,0.016
0481,3,0.02
0481,4,0.022
0481,5,0.023
0481,6,0.027
0481,7,0.028
0481,8,0.036
0481,9,0.048
0481,10,0.053
0481,11,0.053
0481,12,0.053
0481,13,0.053
0481,14,0.053
0481,15,0.054
0481,16,0.061
0481,17,0.081
0481,18,0.099
0481,19,0.122
0481,20,0.142
0481,21,0.164
0481,22,0.187
0481,23,0.248
0481,24,0.32
0481,25,0.432
0481,26,0.463
0481,27,0.507
0481,28,0.557
0481,29,0.608
0481,30,0.643
0481,31,0.661
0481,32,0.674
0481,33,0.695
0481,34,0.721
0481,35,0.727
0481,36,0.737
0481,37,0.748
0481,38,0.757
0481,39,0.765
0481,40,0.768
0481,41,0.77
0481,42,0.773
0481,43,0.779
0481,44,0.78
0481,45,0.782
0481,46,0.786
0481,47,0.79
0481,48,0.793
0481,49,0.799
0481,50,0.804
0481,51,0.809
0481,52,0.81
0482,1,0.002
0482,2,0.007
0482,3,0.008
0482,4,0.009
0482,5,0.01
0482,6,0.011
0482,7,0.012
0482,8,0.044
0482,9,0.049
0482,10,0.053
0482,11,0.053
0482,12,0.053
0482,13,0.053
0482,14,0.054
0482,15,0.061
0482,16,0.069
0482,17,0.08
0482,18,0.085
0482,19,0.105
0482,20,0.127
0482,21,0.133
0482,22,0.166
0482,23,0.197
0482,24,0.278
0482,25,0.345
0482,26,0.396
0482,27,0.444
0482,28,0.51
0482,29,0.545
0482,30,0.566
0482,31,0.578
0482,32,0.601
0482,33,0.612
0482,34,0.637
0482,35,0.644
0482,36,0.654
0482,37,0.664
0482,38,0.674
0482,39,0.683
0482,40,0.691
0482,41,0.692
0482,42,0.694
0482,43,0.696
0482,44,0.699
0482,45,0.703
0482,46,0.704
0482,47,0.707
0482,48,0.712
0482,49,0.718
0482,50,0.726
0482,51,0.733
0482,52,0.734
0483,1,0.002
0483,2,0.03
0483,3,0.031
0483,4,0.034
0483,5,0.036
0483,6,0.039
0483,7,0.04
0483,8,0.058
0483,9,0.069
0483,10,0.077
0483,11,0.078
0483,12,0.078
0483,13,0.078
0483,14,0.079
0483,15,0.081
0483,16,0.096
0483,17,0.115
0483,18,0.131
0483,19,0.17
0483,20,0.202
0483,21,0.206
0483,22,0.24
0483,23,0.283
0483,24,0.352
0483,25,0.444
0483,26,0.48
0483,27,0.53
0483,28,0.596
0483,29,0.652
0483,30,0.681
0483,31,0.7
0483,32,0.709
0483,33,0.729
0483,34,0.746
0483,35,0.756
0483,36,0.763
0483,37,0.769
0483,38,0.776
0483,39,0.783
0483,40,0.786
0483,41,0.789
0483,42,0.793
0483,43,0.796
0483,44,0.798
0483,45,0.8
0483,46,0.802
0483,47,0.806
0483,48,0.81
0483,49,0.816
0483,50,0.821
0483,51,0.826
0483,52,0.828
0484,1,0.006
0484,2,0.009
0484,3,0.017
0484,4,0.019
0484,5,0.019
0484,6,0.02
0484,7,0.022
0484,8,0.031
0484,9,0.044
0484,10,0.052
0484,11,0.052
0484,12,0.053
0484,13,0.053
0484,14,0.054
0484,15,0.056
0484,16,0.06
0484,17,0.076
0484,18,0.085
0484,19,0.106
0484,20,0.119
0484,21,0.128
0484,22,0.15
0484,23,0.171
0484,24,0.219
0484,25,0.301
0484,26,0.374
0484,27,0.426
0484,28,0.504
0484,29,0.57
0484,30,0.612
0484,31,0.629
0484,32,0.648
0484,33,0.662
0484,34,0.678
0484,35,0.693
0484,36,0.706
0484,37,0.716
0484,38,0.725
0484,39,0.732
0484,40,0.737
0484,41,0.741
0484,42,0.744
0484,43,0.748
0484,44,0.751
0484,45,0.753
0484,46,0.756
0484,47,0.762
0484,48,0.769
0484,49,0.776
0484,50,0.78
0484,51,0.785
0484,52,0.788
0486,1,0.002
0486,2,0.008
0486,3,0.015
0486,4,0.025
0486,5,0.026
0486,6,0.026
0486,7,0.036
0486,8,0.05
0486,9,0.065
0486,10,0.069
0486,11,0.07
0486,12,0.07
0486,13,0.07
0486,14,0.071
0486,15,0.074
0486,16,0.076
0486,17,0.083
0486,18,0.093
0486,19,0.113
0486,20,0.135
0486,21,0.16
0486,22,0.178
0486,23,0.23
0486,24,0.298
0486,25,0.4
0486,26,0.451
0486,27,0.514
0486,28,0.578
0486,29,0.62
0486,30,0.644
0486,31,0.66
0486,32,0.672
0486,33,0.685
0486,34,0.708
0486,35,0.727
0486,36,0.736
0486,37,0.744
0486,38,0.751
0486,39,0.758
0486,40,0.76
0486,41,0.762
0486,42,0.766
0486,43,0.769
0486,44,0.771
0486,45,0.773
0486,46,0.775
0486,47,0.777
0486,48,0.781
0486,49,0.786
0486,50,0.794
0486,51,0.798
0486,52,0.798
0488,1,0.003
0488,2,0.017
0488,3,0.027
0488,4,0.033
0488,5,0.034
0488,6,0.035
0488,7,0.042
0488,8,0.044
0488,9,0.053
0488,10,0.058
0488,11,0.06
0488,12,0.061
0488,13,0.061
0488,14,0.061
0488,15,0.062
0488,16,0.066
0488,17,0.078
0488,18,0.089
0488,19,0.112
0488,20,0.123
0488,21,0.151
0488,22,0.181
0488,23,0.26
0488,24,0.312
0488,25,0.391
0488,26,0.463
0488,27,0.505
0488,28,0.563
0488,29,0.606
0488,30,0.642
0488,31,0.654
0488,32,0.671
0488,33,0.686
0488,34,0.707
0488,35,0.724
0488,36,0.74
0488,37,0.752
0488,38,0.762
0488,39,0.767
0488,40,0.769
0488,41,0.771
0488,42,0.773
0488,43,0.775
0488,44,0.776
0488,45,0.777
0488,46,0.779
0488,47,0.783
0488,48,0.788
0488,49,0.793
0488,50,0.798
0488,51,0.801
0488,52,0.801
0509,1,0.004
0509,2,0.006
0509,3,0.01
0509,4,0.01
0509,5,0.014
0509,6,0.016
0509,7,0.02
0509,8,0.044
0509,9,0.061
0509,10,0.073
0509,11,0.073
0509,12,0.074
0509,13,0.075
0509,14,0.075
0509,15,0.076
0509,16,0.082
0509,17,0.088
0509,18,0.112
0509,19,0.137
0509,20,0.163
0509,21,0.187
0509,22,0.213
0509,23,0.235
0509,24,0.29
0509,25,0.352
0509,26,0.428
0509,27,0.555
0509,28,0.595
0509,29,0.634
0509,30,0.648
0509,31,0.659
0509,32,0.672
0509,33,0.687
0509,34,0.719
0509,35,0.728
0509,36,0.741
0509,37,0.753
0509,38,0.767
0509,39,0.769
0509,40,0.771
0509,41,0.775
0509,42,0.778
0509,43,0.78
0509,44,0.78
0509,45,0.78
0509,46,0.782
0509,47,0.785
0509,48,0.79
0509,49,0.798
0509,50,0.802
0509,51,0.805
0509,52,0.805
0512,1,0.0
0512,2,0.002
0512,3,0.005
0512,4,0.007
0512,5,0.008
0512,6,0.014
0512,7,0.039
0512,8,0.062
0512,9,0.066
0512,10,0.072
0512,11,0.073
0512,12,0.074
0512,13,0.074
0512,14,0.075
0512,15,0.076
0512,16,0.082
0512,17,0.088
0512,18,0.114
0512,19,0.138
0512,20,0.17
0512,21,0.203
0512,22,0.219
0512,23,0.246
0512,24,0.314
0512,25,0.374
0512,26,0.479
0512,27,0.569
0512,28,0.627
0512,29,0.662
0512,30,0.691
0512,31,0.71
0512,32,0.72
0512,33,0.731
0512,34,0.751
0512,35,0.763
0512,36,0.774
0512,37,0.785
0512,38,0.797
0512,39,0.798
0512,40,0.805
0512,41,0.805
0512,42,0.807
0512,43,0.812
0512,44,0.813
0512,45,0.814
0512,46,0.818
0512,47,0.822
0512,48,0.825
0512,49,0.828
0512,50,0.837
0512,51,0.837
0512,52,0.839
0513,1,0.002
0513,2,0.007
0513,3,0.008
0513,4,0.009
0513,5,0.011
0513,6,0.011
0513,7,0.015
0513,8,0.032
0513,9,0.04
0513,10,0.05
0513,11,0.06
0513,12,0.064
0513,13,0.068
0513,14,0.069
0513,15,0.071
0513,16,0.072
0513,17,0.093
0513,18,0.13
0513,19,0.174
0513,20,0.208
0513,21,0.237
0513,22,0.249
0513,23,0.264
0513,24,0.306
0513,25,0.373
0513,26,0.449
0513,27,0.566
0513,28,0.624
0513,29,0.67
0513,30,0.699
0513,31,0.723
0513,32,0.733
0513,33,0.759
0513,34,0.767
0513,35,0.779
0513,36,0.791
0513,37,0.805
0513,38,0.817
0513,39,0.827
0513,40,0.831
0513,41,0.832
0513,42,0.832
0513,43,0.834
0513,44,0.837
0513,45,0.839
0513,46,0.841
0513,47,0.844
0513,48,0.849
0513,49,0.855
0513,50,0.86
0513,51,0.861
0513,52,0.862
0560,1,0.004
0560,2,0.007
0560,3,0.009
0560,4,0.018
0560,5,0.02
0560,6,0.021
0560,7,0.025
0560,8,0.042
0560,9,0.054
0560,10,0.072
0560,11,0.076
0560,12,0.076
0560,13,0.079
0560,14,0.079
0560,15,0.081
0560,16,0.087
0560,17,0.093
0560,18,0.144
0560,19,0.177
0560,20,0.199
0560,21,0.23
0560,22,0.241
0560,23,0.254
0560,24,0.29
0560,25,0.36
0560,26,0.456
0560,27,0.536
0560,28,0.634
0560,29,0.667
0560,30,0.695
0560,31,0.704
0560,32,0.715
0560,33,0.736
0560,34,0.767
0560,35,0.783
0560,36,0.797
0560,37,0.809
0560,38,0.823
0560,39,0.824
0560,40,0.826
0560,41,0.826
0560,42,0.83
0560,43,0.835
0560,44,0.836
0560,45,0.837
0560,46,0.839
0560,47,0.842
0560,48,0.843
0560,49,0.849
0560,50,0.852
0560,51,0.854
0560,52,0.854
0561,1,0.001
0561,2,0.002
0561,3,0.008
0561,4,0.01
0561,5,0.014
0561,6,0.015
0561,7,0.019
0561,8,0.036
0561,9,0.056
0561,10,0.076
0561,11,0.077
0561,12,0.078
0561,13,0.078
0561,14,0.078
0561,15,0.08
0561,16,0.081
0561,17,0.089
0561,18,0.119
0561,19,0.163
0561,20,0.196
0561,21,0.22
0561,22,0.245
0561,23,0.261
0561,24,0.304
0561,25,0.391
0561,26,0.45
0561,27,0.595
0561,28,0.664
0561,29,0.704
0561,30,0.739
0561,31,0.755
0561,32,0.769
0561,33,0.787
0561,34,0.798
0561,35,0.804
0561,36,0.814
0561,37,0.82
0561,38,0.833
0561,39,0.835
0561,40,0.838
0561,41,0.841
0561,42,0.842
0561,43,0.844
0561,44,0.844
0561,45,0.844
0561,46,0.847
0561,47,0.851
0561,48,0.855
0561,49,0.861
0561,50,0.865
0561,51,0.868
0561,52,0.868
0562,1,0.002
0562,2,0.004
0562,3,0.008
0562,4,0.01
0562,5,0.012
0562,6,0.014
0562,7,0.022
0562,8,0.023
0562,9,0.033
0562,10,0.042
0562,11,0.05
0562,12,0.051
0562,13,0.052
0562,14,0.053
0562,15,0.053
0562,16,0.057
0562,17,0.075
0562,18,0.096
0562,19,0.119
0562,20,0.166
0562,21,0.21
0562,22,0.226
0562,23,0.238
0562,24,0.257
0562,25,0.324
0562,26,0.39
0562,27,0.476
0562,28,0.543
0562,29,0.611
0562,30,0.633
0562,31,0.646
0562,32,0.683
0562,33,0.703
0562,34,0.724
0562,35,0.73
0562,36,0.738
0562,37,0.744
0562,38,0.757
0562,39,0.763
0562,40,0.767
0562,41,0.769
0562,42,0.772
0562,43,0.774
0562,44,0.776
0562,45,0.778
0562,46,0.779
0562,47,0.784
0562,48,0.788
0562,49,0.794
0562,50,0.798
0562,51,0.801
0562,52,0.804
0563,1,0.005
0563,2,0.005
0563,3,0.009
0563,4,0.011
0563,5,0.018
0563,6,0.019
0563,7,0.023
0563,8,0.043
0563,9,0.046
0563,10,0.074
0563,11,0.088
0563,12,0.097
0563,13,0.097
0563,14,0.097
0563,15,0.099
0563,16,0.101
0563,17,0.119
0563,18,0.163
0563,19,0.213
0563,20,0.24
0563,21,0.267
0563,22,0.276
0563,23,0.289
0563,24,0.313
0563,25,0.337
0563,26,0.396
0563,27,0.43
0563,28,0.534
0563,29,0.571
0563,30,0.617
0563,31,0.64
0563,32,0.701
0563,33,0.726
0563,34,0.732
0563,35,0.747
0563,36,0.76
0563,37,0.767
0563,38,0.783
0563,39,0.791
0563,40,0.793
0563,41,0.795
0563,42,0.797
0563,43,0.798
0563,44,0.8
0563,45,0.801
0563,46,0.803
0563,47,0.805
0563,48,0.807
0563,49,0.812
0563,50,0.816
0563,51,0.819
0563,52,0.82
0580,1,0.004
0580,2,0.005
0580,3,0.01
0580,4,0.014
0580,5,0.017
0580,6,0.019
0580,7,0.027
0580,8,0.034
0580,9,0.05
0580,10,0.062
0580,11,0.065
0580,12,0.066
0580,13,0.067
0580,14,0.068
0580,15,0.068
0580,16,0.07
0580,17,0.078
0580,18,0.095
0580,19,0.131
0580,20,0.158
0580,21,0.187
0580,22,0.211
0580,23,0.224
0580,24,0.255
0580,25,0.317
0580,26,0.415
0580,27,0.548
0580,28,0.632
0580,29,0.69
0580,30,0.721
0580,31,0.737
0580,32,0.748
0580,33,0.762
0580,34,0.774
0580,35,0.779
0580,36,0.791
0580,37,0.799
0580,38,0.809
0580,39,0.813
0580,40,0.816
0580,41,0.818
0580,42,0.819
0580,43,0.821
0580,44,0.821
0580,45,0.823
0580,46,0.825
0580,47,0.829
0580,48,0.833
0580,49,0.837
0580,50,0.841
0580,51,0.842
0580,52,0.843
0581,1,0.002
0581,2,0.003
0581,3,0.007
0581,4,0.01
0581,5,0.013
0581,6,0.014
0581,7,0.02
0581,8,0.028
0581,9,0.038
0581,10,0.047
0581,11,0.053
0581,12,0.054
0581,13,0.055
0581,14,0.056
0581,15,0.057
0581,16,0.058
0581,17,0.067
0581,18,0.083
0581,19,0.119
0581,20,0.155
0581,21,0.18
0581,22,0.198
0581,23,0.208
0581,24,0.24
0581,25,0.28
0581,26,0.364
0581,27,0.469
0581,28,0.548
0581,29,0.621
0581,30,0.65
0581,31,0.665
0581,32,0.678
0581,33,0.692
0581,34,0.704
0581,35,0.714
0581,36,0.725
0581,37,0.731
0581,38,0.743
0581,39,0.75
0581,40,0.754
0581,41,0.756
0581,42,0.759
0581,43,0.761
0581,44,0.763
0581,45,0.765
0581,46,0.767
0581,47,0.771
0581,48,0.778
0581,49,0.785
0581,50,0.79
0581,51,0.793
0581,52,0.794
0582,1,0.001
0582,2,0.002
0582,3,0.006
0582,4,0.012
0582,5,0.028
0582,6,0.033
0582,7,0.04
0582,8,0.045
0582,9,0.054
0582,10,0.067
0582,11,0.073
0582,12,0.076
0582,13,0.077
0582,14,0.078
0582,15,0.079
0582,16,0.085
0582,17,0.095
0582,18,0.135
0582,19,0.193
0582,20,0.218
0582,21,0.244
0582,22,0.263
0582,23,0.277
0582,24,0.31
0582,25,0.356
0582,26,0.441
0582,27,0.549
0582,28,0.621
0582,29,0.694
0582,30,0.72
0582,31,0.735
0582,32,0.749
0582,33,0.771
0582,34,0.781
0582,35,0.793
0582,36,0.803
0582,37,0.812
0582,38,0.823
0582,39,0.83
0582,40,0.832
0582,41,0.834
0582,42,0.836
0582,43,0.838
0582,44,0.838
0582,45,0.839
0582,46,0.841
0582,47,0.842
0582,48,0.846
0582,49,0.852
0582,50,0.857
0582,51,0.859
0582,52,0.861
0583,1,0.003
0583,2,0.006
0583,3,0.012
0583,4,0.016
0583,5,0.017
0583,6,0.021
0583,7,0.028
0583,8,0.037
0583,9,0.052
0583,10,0.072
0583,11,0.079
0583,12,0.08
0583,13,0.081
0583,14,0.082
0583,15,0.084
0583,16,0.093
0583,17,0.103
0583,18,0.123
0583,19,0.152
0583,20,0.175
0583,21,0.195
0583,22,0.226
0583,23,0.255
0583,24,0.288
0583,25,0.374
0583,26,0.476
0583,27,0.6
0583,28,0.662
0583,29,0.686
0583,30,0.706
0583,31,0.719
0583,32,0.737
0583,33,0.746
0583,34,0.759
0583,35,0.771
0583,36,0.78
0583,37,0.789
0583,38,0.8
0583,39,0.804
0583,40,0.808
0583,41,0.81
0583,42,0.812
0583,43,0.815
0583,44,0.816
0583,45,0.817
0583,46,0.819
0583,47,0.823
0583,48,0.83
0583,49,0.834
0583,50,0.838
0583,51,0.84
0583,52,0.842
0584,1,0.004
0584,2,0.005
0584,3,0.011
0584,4,0.017
0584,5,0.027
0584,6,0.029
0584,7,0.036
0584,8,0.052
0584,9,0.066
0584,10,0.076
0584,11,0.085
0584,12,0.089
0584,13,0.09
0584,14,0.09
0584,15,0.098
0584,16,0.12
0584,17,0.166
0584,18,0.206
0584,19,0.232
0584,20,0.249
0584,21,0.278
0584,22,0.302
0584,23,0.327
0584,24,0.375
0584,25,0.474
0584,26,0.571
0584,27,0.63
0584,28,0.711
0584,29,0.739
0584,30,0.758
0584,31,0.774
0584,32,0.789
0584,33,0.797
0584,34,0.802
0584,35,0.815
0584,36,0.824
0584,37,0.832
0584,38,0.842
0584,39,0.844
0584,40,0.85
0584,41,0.853
0584,42,0.854
0584,43,0.856
0584,44,0.858
0584,45,0.859
0584,46,0.86
0584,47,0.862
0584,48,0.863
0584,49,0.867
0584,50,0.873
0584,51,0.874
0584,52,0.876
0586,1,0.005
0586,2,0.006
0586,3,0.01
0586,4,0.014
0586,5,0.015
0586,6,0.015
0586,7,0.023
0586,8,0.031
0586,9,0.05
0586,10,0.063
0586,11,0.066
0586,12,0.069
0586,13,0.071
0586,14,0.071
0586,15,0.073
0586,16,0.079
0586,17,0.09
0586,18,0.108
0586,19,0.138
0586,20,0.168
0586,21,0.206
0586,22,0.235
0586,23,0.247
0586,24,0.283
0586,25,0.364
0586,26,0.49
0586,27,0.628
0586,28,0.672
0586,29,0.714
0586,30,0.726
0586,31,0.741
0586,32,0.749
0586,33,0.764
0586,34,0.78
0586,35,0.794
0586,36,0.804
0586,37,0.81
0586,38,0.821
0586,39,0.823
0586,40,0.826
0586,41,0.827
0586,42,0.829
0586,43,0.83
0586,44,0.831
0586,45,0.832
0586,46,0.833
0586,47,0.836
0586,48,0.84
0586,49,0.845
0586,50,0.849
0586,51,0.852
0586,52,0.853
0604,1,0.001
0604,2,0.008
0604,3,0.016
0604,4,0.02
0604,5,0.02
0604,6,0.02
0604,7,0.029
0604,8,0.044
0604,9,0.059
0604,10,0.073
0604,11,0.077
0604,12,0.078
0604,13,0.079
0604,14,0.079
0604,15,0.079
0604,16,0.086
0604,17,0.098
0604,18,0.12
0604,19,0.13
0604,20,0.135
0604,21,0.14
0604,22,0.15
0604,23,0.158
0604,24,0.224
0604,25,0.367
0604,26,0.485
0604,27,0.553
0604,28,0.586
0604,29,0.631
0604,30,0.645
0604,31,0.668
0604,32,0.684
0604,33,0.687
0604,34,0.709
0604,35,0.727
0604,36,0.742
0604,37,0.753
0604,38,0.763
0604,39,0.769
0604,40,0.775
0604,41,0.778
0604,42,0.779
0604,43,0.781
0604,44,0.783
0604,45,0.786
0604,46,0.793
0604,47,0.799
0604,48,0.808
0604,49,0.816
0604,50,0.821
0604,51,0.825
0604,52,0.825
0617,1,0.0
0617,2,0.005
0617,3,0.009
0617,4,0.014
0617,5,0.014
0617,6,0.016
0617,7,0.033
0617,8,0.039
0617,9,0.04
0617,10,0.05
0617,11,0.052
0617,12,0.054
0617,13,0.054
0617,14,0.055
0617,15,0.059
0617,16,0.059
0617,17,0.068
0617,18,0.087
0617,19,0.091
0617,20,0.096
0617,21,0.101
0617,22,0.119
0617,23,0.126
0617,24,0.138
0617,25,0.26
0617,26,0.384
0617,27,0.475
0617,28,0.503
0617,29,0.546
0617,30,0.583
0617,31,0.601
0617,32,0.61
0617,33,0.623
0617,34,0.649
0617,35,0.669
0617,36,0.689
0617,37,0.698
0617,38,0.707
0617,39,0.711
0617,40,0.718
0617,41,0.723
0617,42,0.728
0617,43,0.73
0617,44,0.733
0617,45,0.734
0617,46,0.742
0617,47,0.749
0617,48,0.752
0617,49,0.758
0617,50,0.763
0617,51,0.765
0617,52,0.765
0642,1,0.001
0642,2,0.018
0642,3,0.026
0642,4,0.028
0642,5,0.028
0642,6,0.031
0642,7,0.041
0642,8,0.058
0642,9,0.068
0642,10,0.074
0642,11,0.076
0642,12,0.077
0642,13,0.077
0642,14,0.077
0642,15,0.077
0642,16,0.079
0642,17,0.091
0642,18,0.115
0642,19,0.127
0642,20,0.138
0642,21,0.144
0642,22,0.16
0642,23,0.186
0642,24,0.21
0642,25,0.309
0642,26,0.419
0642,27,0.49
0642,28,0.521
0642,29,0.565
0642,30,0.612
0642,31,0.621
0642,32,0.643
0642,33,0.665
0642,34,0.673
0642,35,0.723
0642,36,0.744
0642,37,0.757
0642,38,0.758
0642,39,0.765
0642,40,0.771
0642,41,0.774
0642,42,0.779
0642,43,0.781
0642,44,0.781
0642,45,0.783
0642,46,0.787
0642,47,0.791
0642,48,0.798
0642,49,0.805
0642,50,0.81
0642,51,0.815
0642,52,0.817
0643,1,0.0
0643,2,0.007
0643,3,0.013
0643,4,0.019
0643,5,0.019
0643,6,0.023
0643,7,0.028
0643,8,0.04
0643,9,0.051
0643,10,0.059
0643,11,0.062
0643,12,0.065
0643,13,0.065
0643,14,0.066
0643,15,0.067
0643,16,0.071
0643,17,0.086
0643,18,0.108
0643,19,0.114
0643,20,0.118
0643,21,0.125
0643,22,0.142
0643,23,0.17
0643,24,0.227
0643,25,0.373
0643,26,0.502
0643,27,0.6
0643,28,0.628
0643,29,0.671
0643,30,0.706
0643,31,0.716
0643,32,0.736
0643,33,0.749
0643,34,0.77
0643,35,0.797
0643,36,0.806
0643,37,0.818
0643,38,0.823
0643,39,0.827
0643,40,0.833
0643,41,0.834
0643,42,0.837
0643,43,0.838
0643,44,0.839
0643,45,0.841
0643,46,0.845
0643,47,0.851
0643,48,0.857
0643,49,0.861
0643,50,0.866
0643,51,0.868
0643,52,0.87
0662,1,0.0
0662,2,0.003
0662,3,0.006
0662,4,0.007
0662,5,0.008
0662,6,0.009
0662,7,0.013
0662,8,0.028
0662,9,0.036
0662,10,0.046
0662,11,0.049
0662,12,0.05
0662,13,0.052
0662,14,0.052
0662,15,0.054
0662,16,0.055
0662,17,0.065
0662,18,0.085
0662,19,0.092
0662,20,0.1
0662,21,0.108
0662,22,0.121
0662,23,0.13
0662,24,0.158
0662,25,0.302
0662,26,0.396
0662,27,0.475
0662,28,0.51
0662,29,0.541
0662,30,0.571
0662,31,0.581
0662,32,0.597
0662,33,0.605
0662,34,0.636
0662,35,0.655
0662,36,0.673
0662,37,0.686
0662,38,0.694
0662,39,0.7
0662,40,0.71
0662,41,0.712
0662,42,0.717
0662,43,0.719
0662,44,0.722
0662,45,0.724
0662,46,0.73
0662,47,0.734
0662,48,0.743
0662,49,0.75
0662,50,0.759
0662,51,0.765
0662,52,0.766
0665,1,0.0
0665,2,0.003
0665,3,0.007
0665,4,0.01
0665,5,0.012
0665,6,0.013
0665,7,0.017
0665,8,0.028
0665,9,0.039
0665,10,0.042
0665,11,0.049
0665,12,0.05
0665,13,0.052
0665,14,0.052
0665,15,0.053
0665,16,0.054
0665,17,0.076
0665,18,0.094
0665,19,0.1
0665,20,0.105
0665,21,0.113
0665,22,0.125
0665,23,0.155
0665,24,0.19
0665,25,0.321
0665,26,0.44
0665,27,0.524
0665,28,0.544
0665,29,0.581
0665,30,0.598
0665,31,0.625
0665,32,0.634
0665,33,0.637
0665,34,0.66
0665,35,0.683
0665,36,0.699
0665,37,0.708
0665,38,0.721
0665,39,0.728
0665,40,0.73
0665,41,0.731
0665,42,0.732
0665,43,0.736
0665,44,0.74
0665,45,0.741
0665,46,0.75
0665,47,0.756
0665,48,0.762
0665,49,0.77
0665,50,0.777
0665,51,0.783
0665,52,0.784
0680,1,0.0
0680,2,0.008
0680,3,0.017
0680,4,0.021
0680,5,0.022
0680,6,0.027
0680,7,0.03
0680,8,0.037
0680,9,0.044
0680,10,0.054
0680,11,0.06
0680,12,0.061
0680,13,0.063
0680,14,0.063
0680,15,0.065
0680,16,0.068
0680,17,0.082
0680,18,0.097
0680,19,0.105
0680,20,0.111
0680,21,0.117
0680,22,0.129
0680,23,0.156
0680,24,0.195
0680,25,0.299
0680,26,0.4
0680,27,0.504
0680,28,0.541
0680,29,0.581
0680,30,0.601
0680,31,0.623
0680,32,0.644
0680,33,0.663
0680,34,0.682
0680,35,0.703
0680,36,0.719
0680,37,0.729
0680,38,0.738
0680,39,0.743
0680,40,0.749
0680,41,0.752
0680,42,0.755
0680,43,0.757
0680,44,0.759
0680,45,0.761
0680,46,0.766
0680,47,0.772
0680,48,0.779
0680,49,0.784
0680,50,0.79
0680,51,0.793
0680,52,0.794
0682,1,0.001
0682,2,0.012
0682,3,0.02
0682,4,0.022
0682,5,0.023
0682,6,0.023
0682,7,0.03
0682,8,0.039
0682,9,0.046
0682,10,0.058
0682,11,0.064
0682,12,0.065
0682,13,0.066
0682,14,0.066
0682,15,0.07
0682,16,0.073
0682,17,0.09
0682,18,0.112
0682,19,0.124
0682,20,0.129
0682,21,0.135
0682,22,0.152
0682,23,0.173
0682,24,0.203
0682,25,0.319
0682,26,0.411
0682,27,0.499
0682,28,0.524
0682,29,0.569
0682,30,0.601
0682,31,0.615
0682,32,0.621
0682,33,0.631
0682,34,0.648
0682,35,0.678
0682,36,0.694
0682,37,0.702
0682,38,0.716
0682,39,0.724
0682,40,0.729
0682,41,0.735
0682,42,0.739
0682,43,0.742
0682,44,0.745
0682,45,0.747
0682,46,0.756
0682,47,0.76
0682,48,0.766
0682,49,0.772
0682,50,0.779
0682,51,0.782
0682,52,0.784
0683,1,0.0
0683,2,0.008
0683,3,0.017
0683,4,0.02
0683,5,0.021
0683,6,0.022
0683,7,0.025
0683,8,0.048
0683,9,0.052
0683,10,0.059
0683,11,0.061
0683,12,0.062
0683,13,0.065
0683,14,0.065
0683,15,0.066
0683,16,0.07
0683,17,0.081
0683,18,0.105
0683,19,0.111
0683,20,0.119
0683,21,0.122
0683,22,0.138
0683,23,0.154
0683,24,0.181
0683,25,0.311
0683,26,0.434
0683,27,0.527
0683,28,0.559
0683,29,0.603
0683,30,0.637
0683,31,0.653
0683,32,0.666
0683,33,0.679
0683,34,0.695
0683,35,0.716
0683,36,0.729
0683,37,0.739
0683,38,0.745
0683,39,0.749
0683,40,0.753
0683,41,0.756
0683,42,0.759
0683,43,0.761
0683,44,0.762
0683,45,0.765
0683,46,0.771
0683,47,0.778
0683,48,0.784
0683,49,0.791
0683,50,0.798
0683,51,0.802
0683,52,0.805
0684,1,0.0
0684,2,0.006
0684,3,0.01
0684,4,0.011
0684,5,0.011
0684,6,0.012
0684,7,0.014
0684,8,0.016
0684,9,0.054
0684,10,0.058
0684,11,0.066
0684,12,0.067
0684,13,0.068
0684,14,0.069
0684,15,0.069
0684,16,0.072
0684,17,0.083
0684,18,0.097
0684,19,0.101
0684,20,0.106
0684,21,0.113
0684,22,0.126
0684,23,0.136
0684,24,0.14
0684,25,0.299
0684,26,0.393
0684,27,0.472
0684,28,0.506
0684,29,0.537
0684,30,0.564
0684,31,0.58
0684,32,0.588
0684,33,0.59
0684,34,0.614
0684,35,0.635
0684,36,0.658
0684,37,0.674
0684,38,0.682
0684,39,0.693
0684,40,0.696
0684,41,0.7
0684,42,0.703
0684,43,0.705
0684,44,0.707
0684,45,0.709
0684,46,0.719
0684,47,0.728
0684,48,0.737
0684,49,0.744
0684,50,0.748
0684,51,0.752
0684,52,0.754
0685,1,0.0
0685,2,0.004
0685,3,0.01
0685,4,0.013
0685,5,0.014
0685,6,0.014
0685,7,0.02
0685,8,0.024
0685,9,0.049
0685,10,0.062
0685,11,0.066
0685,12,0.067
0685,13,0.069
0685,14,0.069
0685,15,0.07
0685,16,0.072
0685,17,0.084
0685,18,0.109
0685,19,0.12
0685,20,0.134
0685,21,0.138
0685,22,0.155
0685,23,0.179
0685,24,0.209
0685,25,0.328
0685,26,0.465
0685,27,0.543
0685,28,0.577
0685,29,0.619
0685,30,0.641
0685,31,0.654
0685,32,0.673
0685,33,0.691
0685,34,0.704
0685,35,0.721
0685,36,0.735
0685,37,0.748
0685,38,0.757
0685,39,0.763
0685,40,0.767
0685,41,0.771
0685,42,0.774
0685,43,0.776
0685,44,0.779
0685,45,0.78
0685,46,0.785
0685,47,0.793
0685,48,0.799
0685,49,0.805
0685,50,0.81
0685,51,0.813
0685,52,0.814
0686,1,0.0
0686,2,0.008
0686,3,0.016
0686,4,0.018
0686,5,0.021
0686,6,0.025
0686,7,0.052
0686,8,0.076
0686,9,0.09
0686,10,0.107
0686,11,0.112
0686,12,0.113
0686,13,0.113
0686,14,0.113
0686,15,0.114
0686,16,0.123
0686,17,0.132
0686,18,0.158
0686,19,0.166
0686,20,0.172
0686,21,0.179
0686,22,0.195
0686,23,0.212
0686,24,0.274
0686,25,0.37
0686,26,0.463
0686,27,0.565
0686,28,0.599
0686,29,0.646
0686,30,0.669
0686,31,0.685
0686,32,0.686
0686,33,0.698
0686,34,0.718
0686,35,0.74
0686,36,0.755
0686,37,0.765
0686,38,0.772
0686,39,0.777
0686,40,0.786
0686,41,0.788
0686,42,0.79
0686,43,0.793
0686,44,0.795
0686,45,0.797
0686,46,0.804
0686,47,0.807
0686,48,0.812
0686,49,0.818
0686,50,0.823
0686,51,0.826
0686,52,0.828
0687,1,0.0
0687,2,0.004
0687,3,0.008
0687,4,0.01
0687,5,0.01
0687,6,0.011
0687,7,0.025
0687,8,0.039
0687,9,0.051
0687,10,0.055
0687,11,0.056
0687,12,0.056
0687,13,0.058
0687,14,0.059
0687,15,0.06
0687,16,0.083
0687,17,0.093
0687,18,0.111
0687,19,0.121
0687,20,0.132
0687,21,0.14
0687,22,0.16
0687,23,0.167
0687,24,0.19
0687,25,0.309
0687,26,0.441
0687,27,0.529
0687,28,0.567
0687,29,0.621
0687,30,0.652
0687,31,0.658
0687,32,0.691
0687,33,0.706
0687,34,0.728
0687,35,0.751
0687,36,0.765
0687,37,0.774
0687,38,0.783
0687,39,0.786
0687,40,0.791
0687,41,0.794
0687,42,0.796
0687,43,0.799
0687,44,0.801
0687,45,0.802
0687,46,0.807
0687,47,0.817
0687,48,0.821
0687,49,0.825
0687,50,0.829
0687,51,0.832
0687,52,0.833
0760,1,0.002
0760,2,0.002
0760,3,0.011
0760,4,0.012
0760,5,0.014
0760,6,0.016
0760,7,0.022
0760,8,0.028
0760,9,0.038
0760,10,0.047
0760,11,0.051
0760,12,0.055
0760,13,0.058
0760,14,0.059
0760,15,0.059
0760,16,0.063
0760,17,0.077
0760,18,0.091
0760,19,0.117
0760,20,0.146
0760,21,0.153
0760,22,0.157
0760,23,0.181
0760,24,0.205
0760,25,0.226
0760,26,0.277
0760,27,0.376
0760,28,0.466
0760,29,0.508
0760,30,0.541
0760,31,0.56
0760,32,0.582
0760,33,0.603
0760,34,0.611
0760,35,0.624
0760,36,0.636
0760,37,0.647
0760,38,0.664
0760,39,0.669
0760,40,0.682
0760,41,0.691
0760,42,0.702
0760,43,0.709
0760,44,0.713
0760,45,0.714
0760,46,0.718
0760,47,0.721
0760,48,0.731
0760,49,0.736
0760,50,0.74
0760,51,0.744
0760,52,0.744
0761,1,0.0
0761,2,0.008
0761,3,0.02
0761,4,0.027
0761,5,0.028
0761,6,0.032
0761,7,0.036
0761,8,0.038
0761,9,0.062
0761,10,0.07
0761,11,0.074
0761,12,0.076
0761,13,0.081
0761,14,0.086
0761,15,0.093
0761,16,0.101
0761,17,0.113
0761,18,0.131
0761,19,0.154
0761,20,0.174
0761,21,0.178
0761,22,0.183
0761,23,0.202
0761,24,0.229
0761,25,0.273
0761,26,0.309
0761,27,0.411
0761,28,0.502
0761,29,0.562
0761,30,0.597
0761,31,0.619
0761,32,0.64
0761,33,0.661
0761,34,0.676
0761,35,0.688
0761,36,0.699
0761,37,0.713
0761,38,0.72
0761,39,0.726
0761,40,0.734
0761,41,0.743
0761,42,0.747
0761,43,0.753
0761,44,0.76
0761,45,0.762
0761,46,0.763
0761,47,0.77
0761,48,0.773
0761,49,0.78
0761,50,0.785
0761,51,0.791
0761,52,0.791
0763,1,0.01
0763,2,0.014
0763,3,0.029
0763,4,0.033
0763,5,0.035
0763,6,0.036
0763,7,0.047
0763,8,0.049
0763,9,0.069
0763,10,0.078
0763,11,0.083
0763,12,0.093
0763,13,0.1
0763,14,0.103
0763,15,0.119
0763,16,0.132
0763,17,0.137
0763,18,0.165
0763,19,0.187
0763,20,0.196
0763,21,0.199
0763,22,0.206
0763,23,0.224
0763,24,0.253
0763,25,0.301
0763,26,0.345
0763,27,0.433
0763,28,0.534
0763,29,0.601
0763,30,0.625
0763,31,0.638
0763,32,0.655
0763,33,0.669
0763,34,0.679
0763,35,0.691
0763,36,0.704
0763,37,0.712
0763,38,0.721
0763,39,0.726
0763,40,0.733
0763,41,0.74
0763,42,0.745
0763,43,0.749
0763,44,0.753
0763,45,0.754
0763,46,0.756
0763,47,0.763
0763,48,0.771
0763,49,0.774
0763,50,0.779
0763,51,0.787
0763,52,0.789
0764,1,0.004
0764,2,0.007
0764,3,0.013
0764,4,0.014
0764,5,0.015
0764,6,0.017
0764,7,0.024
0764,8,0.033
0764,9,0.042
0764,10,0.05
0764,11,0.056
0764,12,0.06
0764,13,0.064
0764,14,0.065
0764,15,0.07
0764,16,0.08
0764,17,0.089
0764,18,0.12
0764,19,0.132
0764,20,0.141
0764,21,0.147
0764,22,0.151
0764,23,0.163
0764,24,0.183
0764,25,0.238
0764,26,0.281
0764,27,0.382
0764,28,0.465
0764,29,0.551
0764,30,0.59
0764,31,0.612
0764,32,0.631
0764,33,0.65
0764,34,0.66
0764,35,0.677
0764,36,0.687
0764,37,0.7
0764,38,0.708
0764,39,0.713
0764,40,0.723
0764,41,0.728
0764,42,0.732
0764,43,0.736
0764,44,0.738
0764,45,0.739
0764,46,0.742
0764,47,0.747
0764,48,0.75
0764,49,0.757
0764,50,0.762
0764,51,0.766
0764,52,0.768
0765,1,0.004
0765,2,0.008
0765,3,0.019
0765,4,0.02
0765,5,0.021
0765,6,0.022
0765,7,0.022
0765,8,0.023
0765,9,0.036
0765,10,0.04
0765,11,0.041
0765,12,0.042
0765,13,0.045
0765,14,0.045
0765,15,0.046
0765,16,0.049
0765,17,0.063
0765,18,0.093
0765,19,0.114
0765,20,0.123
0765,21,0.125
0765,22,0.127
0765,23,0.134
0765,24,0.15
0765,25,0.229
0765,26,0.271
0765,27,0.383
0765,28,0.463
0765,29,0.536
0765,30,0.571
0765,31,0.594
0765,32,0.612
0765,33,0.637
0765,34,0.649
0765,35,0.66
0765,36,0.67
0765,37,0.677
0765,38,0.684
0765,39,0.689
0765,40,0.699
0765,41,0.704
0765,42,0.708
0765,43,0.709
0765,44,0.713
0765,45,0.713
0765,46,0.715
0765,47,0.721
0765,48,0.726
0765,49,0.731
0765,50,0.734
0765,51,0.737
0765,52,0.737
0767,1,0.005
0767,2,0.011
0767,3,0.024
0767,4,0.025
0767,5,0.027
0767,6,0.028
0767,7,0.033
0767,8,0.035
0767,9,0.039
0767,10,0.044
0767,11,0.051
0767,12,0.054
0767,13,0.058
0767,14,0.058
0767,15,0.059
0767,16,0.065
0767,17,0.075
0767,18,0.093
0767,19,0.115
0767,20,0.131
0767,21,0.133
0767,22,0.135
0767,23,0.144
0767,24,0.161
0767,25,0.202
0767,26,0.259
0767,27,0.335
0767,28,0.415
0767,29,0.486
0767,30,0.507
0767,31,0.525
0767,32,0.543
0767,33,0.557
0767,34,0.569
0767,35,0.579
0767,36,0.599
0767,37,0.61
0767,38,0.622
0767,39,0.632
0767,40,0.635
0767,41,0.643
0767,42,0.651
0767,43,0.657
0767,44,0.659
0767,45,0.662
0767,46,0.666
0767,47,0.68
0767,48,0.685
0767,49,0.69
0767,50,0.701
0767,51,0.702
0767,52,0.705
0780,1,0.002
0780,2,0.004
0780,3,0.012
0780,4,0.014
0780,5,0.018
0780,6,0.022
0780,7,0.026
0780,8,0.031
0780,9,0.045
0780,10,0.057
0780,11,0.064
0780,12,0.067
0780,13,0.07
0780,14,0.072
0780,15,0.076
0780,16,0.088
0780,17,0.099
0780,18,0.116
0780,19,0.132
0780,20,0.148
0780,21,0.154
0780,22,0.16
0780,23,0.17
0780,24,0.191
0780,25,0.239
0780,26,0.276
0780,27,0.373
0780,28,0.487
0780,29,0.569
0780,30,0.623
0780,31,0.657
0780,32,0.678
0780,33,0.696
0780,34,0.709
0780,35,0.719
0780,36,0.731
0780,37,0.741
0780,38,0.75
0780,39,0.756
0780,40,0.766
0780,41,0.771
0780,42,0.774
0780,43,0.777
0780,44,0.779
0780,45,0.781
0780,46,0.784
0780,47,0.789
0780,48,0.795
0780,49,0.799
0780,50,0.803
0780,51,0.806
0780,52,0.807
0781,1,0.0
0781,2,0.001
0781,3,0.001
0781,4,0.009
0781,5,0.018
0781,6,0.021
0781,7,0.028
0781,8,0.033
0781,9,0.051
0781,10,0.062
0781,11,0.067
0781,12,0.069
0781,13,0.073
0781,14,0.073
0781,15,0.076
0781,16,0.081
0781,17,0.089
0781,18,0.116
0781,19,0.137
0781,20,0.146
0781,21,0.149
0781,22,0.154
0781,23,0.169
0781,24,0.189
0781,25,0.259
0781,26,0.314
0781,27,0.406
0781,28,0.496
0781,29,0.55
0781,30,0.578
0781,31,0.601
0781,32,0.615
0781,33,0.635
0781,34,0.65
0781,35,0.661
0781,36,0.673
0781,37,0.683
0781,38,0.692
0781,39,0.694
0781,40,0.702
0781,41,0.708
0781,42,0.712
0781,43,0.713
0781,44,0.717
0781,45,0.719
0781,46,0.722
0781,47,0.728
0781,48,0.732
0781,49,0.735
0781,50,0.741
0781,51,0.745
0781,52,0.745
0821,1,0.001
0821,2,0.006
0821,3,0.016
0821,4,0.029
0821,5,0.044
0821,6,0.045
0821,7,0.057
0821,8,0.074
0821,9,0.082
0821,10,0.085
0821,11,0.085
0821,12,0.086
0821,13,0.086
0821,14,0.087
0821,15,0.087
0821,16,0.087
0821,17,0.094
0821,18,0.119
0821,19,0.129
0821,20,0.132
0821,21,0.136
0821,22,0.14
0821,23,0.146
0821,24,0.164
0821,25,0.233
0821,26,0.3
0821,27,0.369
0821,28,0.452
0821,29,0.498
0821,30,0.531
0821,31,0.549
0821,32,0.559
0821,33,0.564
0821,34,0.57
0821,35,0.576
0821,36,0.615
0821,37,0.628
0821,38,0.641
0821,39,0.649
0821,40,0.652
0821,41,0.659
0821,42,0.67
0821,43,0.674
0821,44,0.675
0821,45,0.677
0821,46,0.679
0821,47,0.687
0821,48,0.706
0821,49,0.715
0821,50,0.718
0821,51,0.721
0821,52,0.724
0834,1,0.002
0834,2,0.004
0834,3,0.016
0834,4,0.027
0834,5,0.035
0834,6,0.037
0834,7,0.06
0834,8,0.066
0834,9,0.075
0834,10,0.081
0834,11,0.085
0834,12,0.087
0834,13,0.088
0834,14,0.088
0834,15,0.089
0834,16,0.09
0834,17,0.105
0834,18,0.122
0834,19,0.132
0834,20,0.135
0834,21,0.139
0834,22,0.145
0834,23,0.157
0834,24,0.198
0834,25,0.28
0834,26,0.381
0834,27,0.466
0834,28,0.553
0834,29,0.61
0834,30,0.631
0834,31,0.637
0834,32,0.647
0834,33,0.663
0834,34,0.666
0834,35,0.687
0834,36,0.698
0834,37,0.708
0834,38,0.729
0834,39,0.735
0834,40,0.739
0834,41,0.742
0834,42,0.75
0834,43,0.753
0834,44,0.754
0834,45,0.755
0834,46,0.757
0834,47,0.767
0834,48,0.771
0834,49,0.776
0834,50,0.785
0834,51,0.786
0834,52,0.787
0840,1,0.002
0840,2,0.028
0840,3,0.038
0840,4,0.05
0840,5,0.055
0840,6,0.063
0840,7,0.068
0840,8,0.075
0840,9,0.083
0840,10,0.093
0840,11,0.095
0840,12,0.096
0840,13,0.097
0840,14,0.097
0840,15,0.098
0840,16,0.1
0840,17,0.121
0840,18,0.153
0840,19,0.157
0840,20,0.16
0840,21,0.163
0840,22,0.171
0840,23,0.182
0840,24,0.254
0840,25,0.341
0840,26,0.499
0840,27,0.604
0840,28,0.684
0840,29,0.73
0840,30,0.747
0840,31,0.758
0840,32,0.774
0840,33,0.783
0840,34,0.784
0840,35,0.795
0840,36,0.81
0840,37,0.817
0840,38,0.822
0840,39,0.828
0840,40,0.831
0840,41,0.833
0840,42,0.838
0840,43,0.842
0840,44,0.844
0840,45,0.845
0840,46,0.847
0840,47,0.849
0840,48,0.853
0840,49,0.857
0840,50,0.861
0840,51,0.864
0840,52,0.864
0860,1,0.0
0860,2,0.002
0860,3,0.009
0860,4,0.013
0860,5,0.017
0860,6,0.018
0860,7,0.036
0860,8,0.048
0860,9,0.057
0860,10,0.069
0860,11,0.069
0860,12,0.071
0860,13,0.073
0860,14,0.073
0860,15,0.075
0860,16,0.076
0860,17,0.088
0860,18,0.1
0860,19,0.113
0860,20,0.119
0860,21,0.123
0860,22,0.128
0860,23,0.133
0860,24,0.165
0860,25,0.243
0860,26,0.347
0860,27,0.443
0860,28,0.511
0860,29,0.549
0860,30,0.591
0860,31,0.607
0860,32,0.613
0860,33,0.622
0860,34,0.629
0860,35,0.657
0860,36,0.672
0860,37,0.682
0860,38,0.688
0860,39,0.703
0860,40,0.709
0860,41,0.711
0860,42,0.717
0860,43,0.724
0860,44,0.726
0860,45,0.728
0860,46,0.734
0860,47,0.743
0860,48,0.748
0860,49,0.753
0860,50,0.759
0860,51,0.762
0860,52,0.762
0861,1,0.003
0861,2,0.006
0861,3,0.017
0861,4,0.029
0861,5,0.031
0861,6,0.036
0861,7,0.042
0861,8,0.065
0861,9,0.081
0861,10,0.089
0861,11,0.09
0861,12,0.092
0861,13,0.093
0861,14,0.094
0861,15,0.094
0861,16,0.095
0861,17,0.11
0861,18,0.127
0861,19,0.148
0861,20,0.153
0861,21,0.159
0861,22,0.164
0861,23,0.174
0861,24,0.194
0861,25,0.274
0861,26,0.374
0861,27,0.454
0861,28,0.558
0861,29,0.595
0861,30,0.614
0861,31,0.625
0861,32,0.641
0861,33,0.652
0861,34,0.664
0861,35,0.678
0861,36,0.684
0861,37,0.694
0861,38,0.703
0861,39,0.707
0861,40,0.716
0861,41,0.718
0861,42,0.725
0861,43,0.731
0861,44,0.733
0861,45,0.733
0861,46,0.736
0861,47,0.741
0861,48,0.746
0861,49,0.755
0861,50,0.759
0861,51,0.761
0861,52,0.766
0862,1,0.006
0862,2,0.007
0862,3,0.022
0862,4,0.033
0862,5,0.038
0862,6,0.049
0862,7,0.07
0862,8,0.073
0862,9,0.079
0862,10,0.088
0862,11,0.091
0862,12,0.092
0862,13,0.097
0862,14,0.098
0862,15,0.098
0862,16,0.099
0862,17,0.109
0862,18,0.126
0862,19,0.131
0862,20,0.135
0862,21,0.137
0862,22,0.145
0862,23,0.159
0862,24,0.195
0862,25,0.257
0862,26,0.346
0862,27,0.398
0862,28,0.476
0862,29,0.557
0862,30,0.572
0862,31,0.604
0862,32,0.614
0862,33,0.627
0862,34,0.629
0862,35,0.661
0862,36,0.673
0862,37,0.688
0862,38,0.693
0862,39,0.707
0862,40,0.717
0862,41,0.722
0862,42,0.729
0862,43,0.736
0862,44,0.739
0862,45,0.74
0862,46,0.741
0862,47,0.743
0862,48,0.747
0862,49,0.754
0862,50,0.76
0862,51,0.764
0862,52,0.765
0880,1,0.001
0880,2,0.004
0880,3,0.013
0880,4,0.025
0880,5,0.031
0880,6,0.041
0880,7,0.045
0880,8,0.055
0880,9,0.074
0880,10,0.088
0880,11,0.093
0880,12,0.095
0880,13,0.097
0880,14,0.097
0880,15,0.098
0880,16,0.1
0880,17,0.122
0880,18,0.15
0880,19,0.154
0880,20,0.158
0880,21,0.16
0880,22,0.172
0880,23,0.187
0880,24,0.227
0880,25,0.28
0880,26,0.425
0880,27,0.535
0880,28,0.641
0880,29,0.697
0880,30,0.712
0880,31,0.726
0880,32,0.746
0880,33,0.755
0880,34,0.758
0880,35,0.767
0880,36,0.777
0880,37,0.786
0880,38,0.794
0880,39,0.801
0880,40,0.807
0880,41,0.81
0880,42,0.814
0880,43,0.817
0880,44,0.818
0880,45,0.819
0880,46,0.82
0880,47,0.824
0880,48,0.829
0880,49,0.835
0880,50,0.841
0880,51,0.845
0880,52,0.846
0881,1,0.0
0881,2,0.001
0881,3,0.011
0881,4,0.022
0881,5,0.027
0881,6,0.03
0881,7,0.038
0881,8,0.05
0881,9,0.064
0881,10,0.074
0881,11,0.084
0881,12,0.087
0881,13,0.089
0881,14,0.09
0881,15,0.092
0881,16,0.093
0881,17,0.114
0881,18,0.145
0881,19,0.161
0881,20,0.167
0881,21,0.171
0881,22,0.184
0881,23,0.196
0881,24,0.237
0881,25,0.292
0881,26,0.406
0881,27,0.497
0881,28,0.581
0881,29,0.625
0881,30,0.647
0881,31,0.66
0881,32,0.676
0881,33,0.682
0881,34,0.685
0881,35,0.704
0881,36,0.712
0881,37,0.729
0881,38,0.741
0881,39,0.746
0881,40,0.753
0881,41,0.755
0881,42,0.761
0881,43,0.766
0881,44,0.768
0881,45,0.771
0881,46,0.773
0881,47,0.776
0881,48,0.781
0881,49,0.789
0881,50,0.794
0881,51,0.796
0881,52,0.797
0882,1,0.001
0882,2,0.004
0882,3,0.013
0882,4,0.017
0882,5,0.021
0882,6,0.027
0882,7,0.034
0882,8,0.048
0882,9,0.071
0882,10,0.084
0882,11,0.085
0882,12,0.088
0882,13,0.089
0882,14,0.09
0882,15,0.091
0882,16,0.091
0882,17,0.106
0882,18,0.126
0882,19,0.13
0882,20,0.138
0882,21,0.146
0882,22,0.153
0882,23,0.161
0882,24,0.178
0882,25,0.283
0882,26,0.367
0882,27,0.476
0882,28,0.6
0882,29,0.638
0882,30,0.658
0882,31,0.672
0882,32,0.686
0882,33,0.699
0882,34,0.703
0882,35,0.719
0882,36,0.727
0882,37,0.74
0882,38,0.751
0882,39,0.757
0882,40,0.762
0882,41,0.765
0882,42,0.769
0882,43,0.774
0882,44,0.775
0882,45,0.776
0882,46,0.778
0882,47,0.784
0882,48,0.787
0882,49,0.796
0882,50,0.803
0882,51,0.806
0882,52,0.808
0883,1,0.002
0883,2,0.008
0883,3,0.017
0883,4,0.026
0883,5,0.031
0883,6,0.04
0883,7,0.045
0883,8,0.059
0883,9,0.088
0883,10,0.116
0883,11,0.124
0883,12,0.128
0883,13,0.13
0883,14,0.131
0883,15,0.133
0883,16,0.136
0883,17,0.161
0883,18,0.186
0883,19,0.19
0883,20,0.195
0883,21,0.207
0883,22,0.212
0883,23,0.223
0883,24,0.277
0883,25,0.374
0883,26,0.487
0883,27,0.585
0883,28,0.673
0883,29,0.696
0883,30,0.708
0883,31,0.727
0883,32,0.732
0883,33,0.746
0883,34,0.757
0883,35,0.765
0883,36,0.772
0883,37,0.781
0883,38,0.789
0883,39,0.797
0883,40,0.801
0883,41,0.803
0883,42,0.808
0883,43,0.811
0883,44,0.813
0883,45,0.814
0883,46,0.815
0883,47,0.817
0883,48,0.821
0883,49,0.826
0883,50,0.834
0883,51,0.837
0883,52,0.839
0884,1,0.0
0884,2,0.002
0884,3,0.01
0884,4,0.015
0884,5,0.021
0884,6,0.022
0884,7,0.034
0884,8,0.045
0884,9,0.054
0884,10,0.075
0884,11,0.077
0884,12,0.078
0884,13,0.08
0884,14,0.081
0884,15,0.081
0884,16,0.082
0884,17,0.093
0884,18,0.102
0884,19,0.112
0884,20,0.122
0884,21,0.129
0884,22,0.135
0884,23,0.141
0884,24,0.175
0884,25,0.279
0884,26,0.388
0884,27,0.496
0884,28,0.579
0884,29,0.616
0884,30,0.659
0884,31,0.672
0884,32,0.679
0884,33,0.691
0884,34,0.716
0884,35,0.74
0884,36,0.744
0884,37,0.755
0884,38,0.772
0884,39,0.779
0884,40,0.785
0884,41,0.788
0884,42,0.792
0884,43,0.796
0884,44,0.797
0884,45,0.798
0884,46,0.798
0884,47,0.801
0884,48,0.808
0884,49,0.812
0884,50,0.816
0884,51,0.819
0884,52,0.819
0885,1,0.001
0885,2,0.028
0885,3,0.043
0885,4,0.061
0885,5,0.071
0885,6,0.081
0885,7,0.082
0885,8,0.084
0885,9,0.086
0885,10,0.098
0885,11,0.101
0885,12,0.103
0885,13,0.105
0885,14,0.105
0885,15,0.105
0885,16,0.107
0885,17,0.13
0885,18,0.145
0885,19,0.152
0885,20,0.16
0885,21,0.161
0885,22,0.169
0885,23,0.177
0885,24,0.216
0885,25,0.306
0885,26,0.395
0885,27,0.523
0885,28,0.632
0885,29,0.661
0885,30,0.678
0885,31,0.699
0885,32,0.71
0885,33,0.72
0885,34,0.721
0885,35,0.726
0885,36,0.738
0885,37,0.75
0885,38,0.764
0885,39,0.773
0885,40,0.778
0885,41,0.781
0885,42,0.785
0885,43,0.79
0885,44,0.79
0885,45,0.791
0885,46,0.793
0885,47,0.797
0885,48,0.8
0885,49,0.804
0885,50,0.809
0885,51,0.812
0885,52,0.813
0980,1,0.0
0980,2,0.012
0980,3,0.02
0980,4,0.027
0980,5,0.038
0980,6,0.041
0980,7,0.044
0980,8,0.05
0980,9,0.065
0980,10,0.081
0980,11,0.084
0980,12,0.084
0980,13,0.085
0980,14,0.087
0980,15,0.088
0980,16,0.089
0980,17,0.09
0980,18,0.096
0980,19,0.105
0980,20,0.113
0980,21,0.119
0980,22,0.133
0980,23,0.149
0980,24,0.165
0980,25,0.208
0980,26,0.323
0980,27,0.451
0980,28,0.533
0980,29,0.57
0980,30,0.671
0980,31,0.7
0980,32,0.71
0980,33,0.737
0980,34,0.76
0980,35,0.774
0980,36,0.789
0980,37,0.802
0980,38,0.81
0980,39,0.815
0980,40,0.818
0980,41,0.82
0980,42,0.821
0980,43,0.823
0980,44,0.824
0980,45,0.825
0980,46,0.826
0980,47,0.829
0980,48,0.832
0980,49,0.836
0980,50,0.84
0980,51,0.842
0980,52,0.844
1060,1,0.001
1060,2,0.011
1060,3,0.024
1060,4,0.027
1060,5,0.027
1060,6,0.028
1060,7,0.038
1060,8,0.046
1060,9,0.048
1060,10,0.058
1060,11,0.063
1060,12,0.064
1060,13,0.064
1060,14,0.064
1060,15,0.066
1060,16,0.067
1060,17,0.08
1060,18,0.091
1060,19,0.103
1060,20,0.124
1060,21,0.13
1060,22,0.143
1060,23,0.196
1060,24,0.247
1060,25,0.308
1060,26,0.373
1060,27,0.429
1060,28,0.511
1060,29,0.564
1060,30,0.599
1060,31,0.61
1060,32,0.622
1060,33,0.643
1060,34,0.658
1060,35,0.67
1060,36,0.679
1060,37,0.69
1060,38,0.706
1060,39,0.71
1060,40,0.714
1060,41,0.722
1060,42,0.726
1060,43,0.728
1060,44,0.73
1060,45,0.732
1060,46,0.736
1060,47,0.739
1060,48,0.744
1060,49,0.751
1060,50,0.758
1060,51,0.762
1060,52,0.764
1080,1,0.002
1080,2,0.008
1080,3,0.019
1080,4,0.026
1080,5,0.03
1080,6,0.032
1080,7,0.044
1080,8,0.05
1080,9,0.066
1080,10,0.084
1080,11,0.089
1080,12,0.091
1080,13,0.094
1080,14,0.094
1080,15,0.095
1080,16,0.095
1080,17,0.106
1080,18,0.116
1080,19,0.133
1080,20,0.152
1080,21,0.158
1080,22,0.178
1080,23,0.236
1080,24,0.307
1080,25,0.383
1080,26,0.469
1080,27,0.549
1080,28,0.622
1080,29,0.679
1080,30,0.712
1080,31,0.729
1080,32,0.745
1080,33,0.758
1080,34,0.771
1080,35,0.779
1080,36,0.787
1080,37,0.794
1080,38,0.801
1080,39,0.805
1080,40,0.81
1080,41,0.813
1080,42,0.815
1080,43,0.816
1080,44,0.818
1080,45,0.819
1080,46,0.822
1080,47,0.825
1080,48,0.829
1080,49,0.834
1080,50,0.839
1080,51,0.841
1080,52,0.842
1081,1,0.004
1081,2,0.012
1081,3,0.023
1081,4,0.026
1081,5,0.031
1081,6,0.033
1081,7,0.041
1081,8,0.047
1081,9,0.065
1081,10,0.086
1081,11,0.09
1081,12,0.093
1081,13,0.094
1081,14,0.097
1081,15,0.097
1081,16,0.098
1081,17,0.109
1081,18,0.115
1081,19,0.136
1081,20,0.152
1081,21,0.174
1081,22,0.21
1081,23,0.279
1081,24,0.345
1081,25,0.405
1081,26,0.473
1081,27,0.546
1081,28,0.6
1081,29,0.646
1081,30,0.67
1081,31,0.683
1081,32,0.697
1081,33,0.706
1081,34,0.716
1081,35,0.73
1081,36,0.739
1081,37,0.746
1081,38,0.753
1081,39,0.758
1081,40,0.765
1081,41,0.768
1081,42,0.77
1081,43,0.772
1081,44,0.775
1081,45,0.777
1081,46,0.781
1081,47,0.784
1081,48,0.791
1081,49,0.794
1081,50,0.802
1081,51,0.806
1081,52,0.807
1082,1,0.001
1082,2,0.013
1082,3,0.026
1082,4,0.03
1082,5,0.032
1082,6,0.033
1082,7,0.042
1082,8,0.045
1082,9,0.058
1082,10,0.078
1082,11,0.08
1082,12,0.081
1082,13,0.085
1082,14,0.085
1082,15,0.086
1082,16,0.087
1082,17,0.097
1082,18,0.11
1082,19,0.122
1082,20,0.142
1082,21,0.148
1082,22,0.164
1082,23,0.224
1082,24,0.249
1082,25,0.34
1082,26,0.398
1082,27,0.478
1082,28,0.548
1082,29,0.613
1082,30,0.676
1082,31,0.692
1082,32,0.707
1082,33,0.719
1082,34,0.733
1082,35,0.742
1082,36,0.748
1082,37,0.762
1082,38,0.769
1082,39,0.774
1082,40,0.78
1082,41,0.783
1082,42,0.786
1082,43,0.789
1082,44,0.791
1082,45,0.792
1082,46,0.793
1082,47,0.796
1082,48,0.802
1082,49,0.805
1082,50,0.813
1082,51,0.817
1082,52,0.82
1083,1,0.003
1083,2,0.017
1083,3,0.024
1083,4,0.028
1083,5,0.03
1083,6,0.032
1083,7,0.038
1083,8,0.048
1083,9,0.051
1083,10,0.065
1083,11,0.071
1083,12,0.072
1083,13,0.074
1083,14,0.075
1083,15,0.075
1083,16,0.078
1083,17,0.088
1083,18,0.099
1083,19,0.11
1083,20,0.128
1083,21,0.131
1083,22,0.142
1083,23,0.17
1083,24,0.221
1083,25,0.325
1083,26,0.405
1083,27,0.48
1083,28,0.549
1083,29,0.62
1083,30,0.641
1083,31,0.685
1083,32,0.699
1083,33,0.717
1083,34,0.727
1083,35,0.74
1083,36,0.751
1083,37,0.756
1083,38,0.764
1083,39,0.772
1083,40,0.775
1083,41,0.778
1083,42,0.783
1083,43,0.785
1083,44,0.787
1083,45,0.788
1083,46,0.79
1083,47,0.795
1083,48,0.798
1083,49,0.802
1083,50,0.808
1083,51,0.812
1083,52,0.813
1214,1,0.001
1214,2,0.004
1214,3,0.011
1214,4,0.024
1214,5,0.025
1214,6,0.028
1214,7,0.033
1214,8,0.036
1214,9,0.045
1214,10,0.054
1214,11,0.058
1214,12,0.06
1214,13,0.061
1214,14,0.062
1214,15,0.068
1214,16,0.08
1214,17,0.089
1214,18,0.1
1214,19,0.108
1214,20,0.135
1214,21,0.145
1214,22,0.149
1214,23,0.155
1214,24,0.209
1214,25,0.263
1214,26,0.323
1214,27,0.366
1214,28,0.463
1214,29,0.532
1214,30,0.564
1214,31,0.595
1214,32,0.612
1214,33,0.618
1214,34,0.63
1214,35,0.645
1214,36,0.657
1214,37,0.672
1214,38,0.676
1214,39,0.678
1214,40,0.679
1214,41,0.68
1214,42,0.694
1214,43,0.696
1214,44,0.697
1214,45,0.698
1214,46,0.701
1214,47,0.706
1214,48,0.708
1214,49,0.714
1214,50,0.721
1214,51,0.724
1214,52,0.726
1230,1,0.002
1230,2,0.011
1230,3,0.018
1230,4,0.025
1230,5,0.028
1230,6,0.029
1230,7,0.031
1230,8,0.035
1230,9,0.045
1230,10,0.057
1230,11,0.062
1230,12,0.064
1230,13,0.065
1230,14,0.066
1230,15,0.068
1230,16,0.079
1230,17,0.088
1230,18,0.099
1230,19,0.109
1230,20,0.129
1230,21,0.141
1230,22,0.145
1230,23,0.183
1230,24,0.268
1230,25,0.372
1230,26,0.45
1230,27,0.544
1230,28,0.643
1230,29,0.699
1230,30,0.725
1230,31,0.744
1230,32,0.755
1230,33,0.766
1230,34,0.776
1230,35,0.783
1230,36,0.792
1230,37,0.799
1230,38,0.802
1230,39,0.805
1230,40,0.806
1230,41,0.807
1230,42,0.815
1230,43,0.816
1230,44,0.818
1230,45,0.818
1230,46,0.82
1230,47,0.823
1230,48,0.826
1230,49,0.83
1230,50,0.835
1230,51,0.838
1230,52,0.839
1231,1,0.003
1231,2,0.009
1231,3,0.015
1231,4,0.023
1231,5,0.024
1231,6,0.025
1231,7,0.028
1231,8,0.033
1231,9,0.039
1231,10,0.047
1231,11,0.05
1231,12,0.051
1231,13,0.052
1231,14,0.054
1231,15,0.058
1231,16,0.066
1231,17,0.076
1231,18,0.085
1231,19,0.093
1231,20,0.111
1231,21,0.118
1231,22,0.12
1231,23,0.14
1231,24,0.186
1231,25,0.254
1231,26,0.303
1231,27,0.364
1231,28,0.444
1231,29,0.495
1231,30,0.515
1231,31,0.534
1231,32,0.551
1231,33,0.563
1231,34,0.575
1231,35,0.586
1231,36,0.598
1231,37,0.606
1231,38,0.613
1231,39,0.62
1231,40,0.622
1231,41,0.623
1231,42,0.629
1231,43,0.631
1231,44,0.633
1231,45,0.635
1231,46,0.638
1231,47,0.641
1231,48,0.646
1231,49,0.65
1231,50,0.658
1231,51,0.661
1231,52,0.664
1233,1,0.001
1233,2,0.006
1233,3,0.012
1233,4,0.014
1233,5,0.016
1233,6,0.017
1233,7,0.02
1233,8,0.024
1233,9,0.029
1233,10,0.04
1233,11,0.043
1233,12,0.044
1233,13,0.045
1233,14,0.047
1233,15,0.048
1233,16,0.056
1233,17,0.065
1233,18,0.075
1233,19,0.087
1233,20,0.112
1233,21,0.129
1233,22,0.14
1233,23,0.183
1233,24,0.275
1233,25,0.373
1233,26,0.433
1233,27,0.583
1233,28,0.668
1233,29,0.707
1233,30,0.728
1233,31,0.752
1233,32,0.768
1233,33,0.776
1233,34,0.786
1233,35,0.8
1233,36,0.808
1233,37,0.815
1233,38,0.822
1233,39,0.823
1233,40,0.824
1233,41,0.825
1233,42,0.83
1233,43,0.832
1233,44,0.833
1233,45,0.835
1233,46,0.836
1233,47,0.84
1233,48,0.843
1233,49,0.846
1233,50,0.85
1233,51,0.853
1233,52,0.854
1256,1,0.0
1256,2,0.018
1256,3,0.028
1256,4,0.03
1256,5,0.032
1256,6,0.037
1256,7,0.04
1256,8,0.044
1256,9,0.049
1256,10,0.06
1256,11,0.069
1256,12,0.069
1256,13,0.069
1256,14,0.069
1256,15,0.074
1256,16,0.081
1256,17,0.091
1256,18,0.106
1256,19,0.133
1256,20,0.151
1256,21,0.164
1256,22,0.168
1256,23,0.172
1256,24,0.203
1256,25,0.264
1256,26,0.305
1256,27,0.372
1256,28,0.414
1256,29,0.5
1256,30,0.54
1256,31,0.578
1256,32,0.606
1256,33,0.623
1256,34,0.631
1256,35,0.645
1256,36,0.664
1256,37,0.686
1256,38,0.696
1256,39,0.705
1256,40,0.706
1256,41,0.707
1256,42,0.727
1256,43,0.73
1256,44,0.732
1256,45,0.735
1256,46,0.737
1256,47,0.742
1256,48,0.747
1256,49,0.752
1256,50,0.759
1256,51,0.761
1256,52,0.766
1257,1,0.0
1257,2,0.01
1257,3,0.019
1257,4,0.027
1257,5,0.027
1257,6,0.03
1257,7,0.033
1257,8,0.039
1257,9,0.044
1257,10,0.051
1257,11,0.053
1257,12,0.058
1257,13,0.058
1257,14,0.059
1257,15,0.06
1257,16,0.065
1257,17,0.079
1257,18,0.088
1257,19,0.095
1257,20,0.1
1257,21,0.115
1257,22,0.119
1257,23,0.125
1257,24,0.163
1257,25,0.229
1257,26,0.269
1257,27,0.342
1257,28,0.417
1257,29,0.46
1257,30,0.499
1257,31,0.53
1257,32,0.539
1257,33,0.551
1257,34,0.578
1257,35,0.583
1257,36,0.605
1257,37,0.609
1257,38,0.618
1257,39,0.625
1257,40,0.626
1257,41,0.627
1257,42,0.64
1257,43,0.641
1257,44,0.643
1257,45,0.645
1257,46,0.649
1257,47,0.656
1257,48,0.663
1257,49,0.667
1257,50,0.671
1257,51,0.674
1257,52,0.678
1260,1,0.001
1260,2,0.005
1260,3,0.02
1260,4,0.026
1260,5,0.028
1260,6,0.029
1260,7,0.032
1260,8,0.037
1260,9,0.041
1260,10,0.047
1260,11,0.05
1260,12,0.054
1260,13,0.054
1260,14,0.054
1260,15,0.056
1260,16,0.062
1260,17,0.075
1260,18,0.087
1260,19,0.094
1260,20,0.117
1260,21,0.124
1260,22,0.126
1260,23,0.13
1260,24,0.17
1260,25,0.212
1260,26,0.254
1260,27,0.334
1260,28,0.401
1260,29,0.454
1260,30,0.486
1260,31,0.495
1260,32,0.515
1260,33,0.522
1260,34,0.539
1260,35,0.55
1260,36,0.561
1260,37,0.576
1260,38,0.584
1260,39,0.586
1260,40,0.588
1260,41,0.589
1260,42,0.601
1260,43,0.603
1260,44,0.604
1260,45,0.606
1260,46,0.609
1260,47,0.615
1260,48,0.623
1260,49,0.627
1260,50,0.632
1260,51,0.636
1260,52,0.639
1261,1,0.001
1261,2,0.007
1261,3,0.017
1261,4,0.021
1261,5,0.022
1261,6,0.024
1261,7,0.027
1261,8,0.033
1261,9,0.043
1261,10,0.05
1261,11,0.054
1261,12,0.056
1261,13,0.057
1261,14,0.059
1261,15,0.065
1261,16,0.076
1261,17,0.085
1261,18,0.098
1261,19,0.108
1261,20,0.13
1261,21,0.137
1261,22,0.141
1261,23,0.173
1261,24,0.263
1261,25,0.37
1261,26,0.459
1261,27,0.556
1261,28,0.64
1261,29,0.701
1261,30,0.729
1261,31,0.75
1261,32,0.767
1261,33,0.784
1261,34,0.794
1261,35,0.803
1261,36,0.81
1261,37,0.821
1261,38,0.827
1261,39,0.829
1261,40,0.829
1261,41,0.831
1261,42,0.841
1261,43,0.842
1261,44,0.843
1261,45,0.845
1261,46,0.846
1261,47,0.851
1261,48,0.855
1261,49,0.858
1261,50,0.863
1261,51,0.866
1261,52,0.867
1262,1,0.001
1262,2,0.008
1262,3,0.015
1262,4,0.02
1262,5,0.021
1262,6,0.022
1262,7,0.024
1262,8,0.028
1262,9,0.036
1262,10,0.047
1262,11,0.051
1262,12,0.051
1262,13,0.052
1262,14,0.054
1262,15,0.059
1262,16,0.068
1262,17,0.078
1262,18,0.089
1262,19,0.102
1262,20,0.125
1262,21,0.133
1262,22,0.138
1262,23,0.204
1262,24,0.335
1262,25,0.449
1262,26,0.543
1262,27,0.625
1262,28,0.704
1262,29,0.757
1262,30,0.783
1262,31,0.801
1262,32,0.814
1262,33,0.827
1262,34,0.836
1262,35,0.843
1262,36,0.85
1262,37,0.856
1262,38,0.858
1262,39,0.859
1262,40,0.86
1262,41,0.861
1262,42,0.868
1262,43,0.869
1262,44,0.869
1262,45,0.87
1262,46,0.872
1262,47,0.873
1262,48,0.876
1262,49,0.878
1262,50,0.881
1262,51,0.883
1262,52,0.883
1263,1,0.002
1263,2,0.016
1263,3,0.023
1263,4,0.029
1263,5,0.031
1263,6,0.031
1263,7,0.034
1263,8,0.039
1263,9,0.047
1263,10,0.056
1263,11,0.062
1263,12,0.063
1263,13,0.063
1263,14,0.063
1263,15,0.065
1263,16,0.074
1263,17,0.084
1263,18,0.095
1263,19,0.106
1263,20,0.131
1263,21,0.146
1263,22,0.15
1263,23,0.181
1263,24,0.247
1263,25,0.341
1263,26,0.421
1263,27,0.524
1263,28,0.618
1263,29,0.668
1263,30,0.686
1263,31,0.702
1263,32,0.716
1263,33,0.728
1263,34,0.738
1263,35,0.751
1263,36,0.763
1263,37,0.773
1263,38,0.777
1263,39,0.78
1263,40,0.781
1263,41,0.784
1263,42,0.794
1263,43,0.796
1263,44,0.797
1263,45,0.799
1263,46,0.802
1263,47,0.806
1263,48,0.811
1263,49,0.817
1263,50,0.821
1263,51,0.824
1263,52,0.826
1264,1,0.0
1264,2,0.01
1264,3,0.022
1264,4,0.025
1264,5,0.027
1264,6,0.03
1264,7,0.034
1264,8,0.042
1264,9,0.047
1264,10,0.057
1264,11,0.062
1264,12,0.063
1264,13,0.064
1264,14,0.066
1264,15,0.068
1264,16,0.079
1264,17,0.087
1264,18,0.101
1264,19,0.11
1264,20,0.129
1264,21,0.14
1264,22,0.145
1264,23,0.158
1264,24,0.193
1264,25,0.274
1264,26,0.328
1264,27,0.427
1264,28,0.518
1264,29,0.576
1264,30,0.597
1264,31,0.624
1264,32,0.631
1264,33,0.656
1264,34,0.668
1264,35,0.676
1264,36,0.689
1264,37,0.701
1264,38,0.707
1264,39,0.712
1264,40,0.714
1264,41,0.715
1264,42,0.731
1264,43,0.732
1264,44,0.733
1264,45,0.735
1264,46,0.737
1264,47,0.742
1264,48,0.748
1264,49,0.754
1264,50,0.759
1264,51,0.762
1264,52,0.765
1265,1,0.002
1265,2,0.005
1265,3,0.014
1265,4,0.023
1265,5,0.029
1265,6,0.03
1265,7,0.034
1265,8,0.046
1265,9,0.053
1265,10,0.067
1265,11,0.071
1265,12,0.073
1265,13,0.073
1265,14,0.075
1265,15,0.078
1265,16,0.087
1265,17,0.097
1265,18,0.109
1265,19,0.119
1265,20,0.128
1265,21,0.138
1265,22,0.14
1265,23,0.147
1265,24,0.205
1265,25,0.269
1265,26,0.319
1265,27,0.421
1265,28,0.511
1265,29,0.565
1265,30,0.599
1265,31,0.623
1265,32,0.63
1265,33,0.644
1265,34,0.655
1265,35,0.664
1265,36,0.675
1265,37,0.69
1265,38,0.696
1265,39,0.697
1265,40,0.699
1265,41,0.7
1265,42,0.711
1265,43,0.711
1265,44,0.713
1265,45,0.714
1265,46,0.715
1265,47,0.72
1265,48,0.723
1265,49,0.728
1265,50,0.734
1265,51,0.74
1265,52,0.743
1266,1,0.001
1266,2,0.005
1266,3,0.014
1266,4,0.027
1266,5,0.029
1266,6,0.034
1266,7,0.038
1266,8,0.046
1266,9,0.053
1266,10,0.063
1266,11,0.068
1266,12,0.07
1266,13,0.07
1266,14,0.071
1266,15,0.075
1266,16,0.091
1266,17,0.103
1266,18,0.113
1266,19,0.125
1266,20,0.136
1266,21,0.141
1266,22,0.144
1266,23,0.159
1266,24,0.229
1266,25,0.244
1266,26,0.366
1266,27,0.445
1266,28,0.522
1266,29,0.595
1266,30,0.623
1266,31,0.626
1266,32,0.65
1266,33,0.659
1266,34,0.675
1266,35,0.687
1266,36,0.698
1266,37,0.705
1266,38,0.709
1266,39,0.713
1266,40,0.714
1266,41,0.714
1266,42,0.727
1266,43,0.728
1266,44,0.729
1266,45,0.73
1266,46,0.733
1266,47,0.735
1266,48,0.742
1266,49,0.747
1266,50,0.755
1266,51,0.759
1266,52,0.76
1267,1,0.0
1267,2,0.005
1267,3,0.011
1267,4,0.027
1267,5,0.03
1267,6,0.034
1267,7,0.039
1267,8,0.043
1267,9,0.05
1267,10,0.065
1267,11,0.071
1267,12,0.071
1267,13,0.074
1267,14,0.075
1267,15,0.081
1267,16,0.095
1267,17,0.111
1267,18,0.123
1267,19,0.135
1267,20,0.145
1267,21,0.158
1267,22,0.164
1267,23,0.177
1267,24,0.256
1267,25,0.306
1267,26,0.408
1267,27,0.495
1267,28,0.574
1267,29,0.63
1267,30,0.655
1267,31,0.67
1267,32,0.694
1267,33,0.704
1267,34,0.725
1267,35,0.741
1267,36,0.748
1267,37,0.758
1267,38,0.761
1267,39,0.763
1267,40,0.765
1267,41,0.766
1267,42,0.776
1267,43,0.777
1267,44,0.778
1267,45,0.78
1267,46,0.782
1267,47,0.785
1267,48,0.788
1267,49,0.793
1267,50,0.797
1267,51,0.799
1267,52,0.799
1270,1,0.0
1270,2,0.003
1270,3,0.017
1270,4,0.03
1270,5,0.031
1270,6,0.035
1270,7,0.039
1270,8,0.056
1270,9,0.061
1270,10,0.066
1270,11,0.072
1270,12,0.074
1270,13,0.074
1270,14,0.077
1270,15,0.079
1270,16,0.091
1270,17,0.101
1270,18,0.114
1270,19,0.142
1270,20,0.172
1270,21,0.177
1270,22,0.181
1270,23,0.189
1270,24,0.23
1270,25,0.31
1270,26,0.363
1270,27,0.432
1270,28,0.501
1270,29,0.557
1270,30,0.576
1270,31,0.587
1270,32,0.62
1270,33,0.637
1270,34,0.648
1270,35,0.66
1270,36,0.678
1270,37,0.688
1270,38,0.692
1270,39,0.699
1270,40,0.699
1270,41,0.7
1270,42,0.718
1270,43,0.719
1270,44,0.721
1270,45,0.723
1270,46,0.726
1270,47,0.732
1270,48,0.736
1270,49,0.743
1270,50,0.747
1270,51,0.752
1270,52,0.755
1272,1,0.001
1272,2,0.016
1272,3,0.025
1272,4,0.03
1272,5,0.031
1272,6,0.037
1272,7,0.042
1272,8,0.047
1272,9,0.049
1272,10,0.069
1272,11,0.074
1272,12,0.074
1272,13,0.075
1272,14,0.075
1272,15,0.077
1272,16,0.083
1272,17,0.09
1272,18,0.097
1272,19,0.112
1272,20,0.127
1272,21,0.138
1272,22,0.144
1272,23,0.159
1272,24,0.204
1272,25,0.29
1272,26,0.37
1272,27,0.443
1272,28,0.503
1272,29,0.562
1272,30,0.589
1272,31,0.616
1272,32,0.639
1272,33,0.654
1272,34,0.665
1272,35,0.678
1272,36,0.691
1272,37,0.704
1272,38,0.714
1272,39,0.717
1272,40,0.719
1272,41,0.721
1272,42,0.738
1272,43,0.741
1272,44,0.743
1272,45,0.745
1272,46,0.748
1272,47,0.752
1272,48,0.756
1272,49,0.762
1272,50,0.767
1272,51,0.773
1272,52,0.777
1273,1,0.001
1273,2,0.007
1273,3,0.025
1273,4,0.034
1273,5,0.04
1273,6,0.041
1273,7,0.042
1273,8,0.043
1273,9,0.046
1273,10,0.067
1273,11,0.069
1273,12,0.079
1273,13,0.079
1273,14,0.079
1273,15,0.082
1273,16,0.086
1273,17,0.092
1273,18,0.107
1273,19,0.126
1273,20,0.141
1273,21,0.158
1273,22,0.159
1273,23,0.169
1273,24,0.189
1273,25,0.243
1273,26,0.309
1273,27,0.392
1273,28,0.48
1273,29,0.552
1273,30,0.582
1273,31,0.616
1273,32,0.642
1273,33,0.657
1273,34,0.673
1273,35,0.684
1273,36,0.697
1273,37,0.711
1273,38,0.719
1273,39,0.722
1273,40,0.723
1273,41,0.724
1273,42,0.739
1273,43,0.741
1273,44,0.743
1273,45,0.744
1273,46,0.745
1273,47,0.754
1273,48,0.756
1273,49,0.763
1273,50,0.769
1273,51,0.773
1273,52,0.775
1275,1,0.0
1275,2,0.002
1275,3,0.014
1275,4,0.025
1275,5,0.028
1275,6,0.029
1275,7,0.03
1275,8,0.035
1275,9,0.036
1275,10,0.042
1275,11,0.053
1275,12,0.06
1275,13,0.06
1275,14,0.061
1275,15,0.061
1275,16,0.066
1275,17,0.074
1275,18,0.086
1275,19,0.103
1275,20,0.113
1275,21,0.123
1275,22,0.126
1275,23,0.142
1275,24,0.184
1275,25,0.235
1275,26,0.27
1275,27,0.345
1275,28,0.461
1275,29,0.496
1275,30,0.521
1275,31,0.537
1275,32,0.558
1275,33,0.571
1275,34,0.584
1275,35,0.594
1275,36,0.604
1275,37,0.612
1275,38,0.617
1275,39,0.622
1275,40,0.623
1275,41,0.623
1275,42,0.648
1275,43,0.651
1275,44,0.653
1275,45,0.656
1275,46,0.663
1275,47,0.666
1275,48,0.669
1275,49,0.674
1275,50,0.679
1275,51,0.681
1275,52,0.684
1276,1,0.0
1276,2,0.003
1276,3,0.014
1276,4,0.025
1276,5,0.027
1276,6,0.03
1276,7,0.033
1276,8,0.04
1276,9,0.043
1276,10,0.048
1276,11,0.052
1276,12,0.053
1276,13,0.056
1276,14,0.056
1276,15,0.057
1276,16,0.063
1276,17,0.076
1276,18,0.089
1276,19,0.101
1276,20,0.117
1276,21,0.124
1276,22,0.126
1276,23,0.14
1276,24,0.193
1276,25,0.241
1276,26,0.286
1276,27,0.354
1276,28,0.456
1276,29,0.496
1276,30,0.512
1276,31,0.535
1276,32,0.558
1276,33,0.585
1276,34,0.594
1276,35,0.608
1276,36,0.619
1276,37,0.628
1276,38,0.636
1276,39,0.64
1276,40,0.641
1276,41,0.643
1276,42,0.656
1276,43,0.658
1276,44,0.659
1276,45,0.66
1276,46,0.663
1276,47,0.668
1276,48,0.674
1276,49,0.679
1276,50,0.685
1276,51,0.688
1276,52,0.69
1277,1,0.001
1277,2,0.003
1277,3,0.011
1277,4,0.019
1277,5,0.022
1277,6,0.023
1277,7,0.025
1277,8,0.03
1277,9,0.033
1277,10,0.04
1277,11,0.043
1277,12,0.046
1277,13,0.046
1277,14,0.047
1277,15,0.048
1277,16,0.054
1277,17,0.066
1277,18,0.078
1277,19,0.086
1277,20,0.108
1277,21,0.116
1277,22,0.12
1277,23,0.126
1277,24,0.168
1277,25,0.22
1277,26,0.277
1277,27,0.35
1277,28,0.418
1277,29,0.47
1277,30,0.498
1277,31,0.515
1277,32,0.536
1277,33,0.553
1277,34,0.566
1277,35,0.579
1277,36,0.591
1277,37,0.601
1277,38,0.608
1277,39,0.612
1277,40,0.614
1277,41,0.615
1277,42,0.631
1277,43,0.633
1277,44,0.634
1277,45,0.636
1277,46,0.64
1277,47,0.643
1277,48,0.648
1277,49,0.657
1277,50,0.664
1277,51,0.669
1277,52,0.671
1278,1,0.0
1278,2,0.004
1278,3,0.013
1278,4,0.019
1278,5,0.025
1278,6,0.027
1278,7,0.031
1278,8,0.036
1278,9,0.04
1278,10,0.049
1278,11,0.053
1278,12,0.054
1278,13,0.054
1278,14,0.054
1278,15,0.054
1278,16,0.061
1278,17,0.072
1278,18,0.088
1278,19,0.106
1278,20,0.117
1278,21,0.121
1278,22,0.124
1278,23,0.139
1278,24,0.215
1278,25,0.308
1278,26,0.371
1278,27,0.467
1278,28,0.544
1278,29,0.611
1278,30,0.63
1278,31,0.646
1278,32,0.663
1278,33,0.677
1278,34,0.696
1278,35,0.709
1278,36,0.718
1278,37,0.727
1278,38,0.735
1278,39,0.739
1278,40,0.74
1278,41,0.744
1278,42,0.753
1278,43,0.756
1278,44,0.756
1278,45,0.759
1278,46,0.761
1278,47,0.765
1278,48,0.771
1278,49,0.776
1278,50,0.78
1278,51,0.782
1278,52,0.782
1280,1,0.002
1280,2,0.007
1280,3,0.012
1280,4,0.016
1280,5,0.017
1280,6,0.017
1280,7,0.02
1280,8,0.024
1280,9,0.032
1280,10,0.041
1280,11,0.045
1280,12,0.045
1280,13,0.046
1280,14,0.047
1280,15,0.05
1280,16,0.057
1280,17,0.067
1280,18,0.076
1280,19,0.087
1280,20,0.099
1280,21,0.108
1280,22,0.113
1280,23,0.135
1280,24,0.178
1280,25,0.236
1280,26,0.296
1280,27,0.388
1280,28,0.473
1280,29,0.526
1280,30,0.548
1280,31,0.564
1280,32,0.578
1280,33,0.59
1280,34,0.601
1280,35,0.61
1280,36,0.619
1280,37,0.628
1280,38,0.634
1280,39,0.637
1280,40,0.639
1280,41,0.641
1280,42,0.649
1280,43,0.651
1280,44,0.653
1280,45,0.655
1280,46,0.658
1280,47,0.662
1280,48,0.667
1280,49,0.672
1280,50,0.676
1280,51,0.68
1280,52,0.682
1281,1,0.004
1281,2,0.008
1281,3,0.015
1281,4,0.021
1281,5,0.024
1281,6,0.024
1281,7,0.026
1281,8,0.031
1281,9,0.041
1281,10,0.056
1281,11,0.062
1281,12,0.063
1281,13,0.064
1281,14,0.066
1281,15,0.071
1281,16,0.08
1281,17,0.091
1281,18,0.103
1281,19,0.115
1281,20,0.128
1281,21,0.133
1281,22,0.138
1281,23,0.159
1281,24,0.212
1281,25,0.279
1281,26,0.346
1281,27,0.457
1281,28,0.58
1281,29,0.649
1281,30,0.679
1281,31,0.701
1281,32,0.716
1281,33,0.728
1281,34,0.739
1281,35,0.748
1281,36,0.756
1281,37,0.761
1281,38,0.764
1281,39,0.766
1281,40,0.768
1281,41,0.769
1281,42,0.775
1281,43,0.776
1281,44,0.777
1281,45,0.778
1281,46,0.78
1281,47,0.782
1281,48,0.785
1281,49,0.787
1281,50,0.79
1281,51,0.792
1281,52,0.793
1282,1,0.001
1282,2,0.003
1282,3,0.009
1282,4,0.018
1282,5,0.019
1282,6,0.022
1282,7,0.03
1282,8,0.033
1282,9,0.038
1282,10,0.045
1282,11,0.049
1282,12,0.05
1282,13,0.05
1282,14,0.051
1282,15,0.058
1282,16,0.065
1282,17,0.078
1282,18,0.087
1282,19,0.1
1282,20,0.13
1282,21,0.138
1282,22,0.145
1282,23,0.158
1282,24,0.2
1282,25,0.251
1282,26,0.305
1282,27,0.368
1282,28,0.438
1282,29,0.49
1282,30,0.52
1282,31,0.541
1282,32,0.56
1282,33,0.574
1282,34,0.588
1282,35,0.6
1282,36,0.614
1282,37,0.629
1282,38,0.635
1282,39,0.642
1282,40,0.646
1282,41,0.648
1282,42,0.659
1282,43,0.662
1282,44,0.663
1282,45,0.666
1282,46,0.671
1282,47,0.677
1282,48,0.682
1282,49,0.688
1282,50,0.694
1282,51,0.699
1282,52,0.7
1283,1,0.002
1283,2,0.005
1283,3,0.015
1283,4,0.022
1283,5,0.023
1283,6,0.024
1283,7,0.027
1283,8,0.03
1283,9,0.038
1283,10,0.049
1283,11,0.053
1283,12,0.053
1283,13,0.054
1283,14,0.054
1283,15,0.057
1283,16,0.064
1283,17,0.074
1283,18,0.085
1283,19,0.093
1283,20,0.109
1283,21,0.118
1283,22,0.121
1283,23,0.128
1283,24,0.167
1283,25,0.238
1283,26,0.309
1283,27,0.402
1283,28,0.469
1283,29,0.512
1283,30,0.55
1283,31,0.571
1283,32,0.588
1283,33,0.599
1283,34,0.613
1283,35,0.625
1283,36,0.635
1283,37,0.646
1283,38,0.651
1283,39,0.654
1283,40,0.656
1283,41,0.657
1283,42,0.669
1283,43,0.671
1283,44,0.673
1283,45,0.675
1283,46,0.679
1283,47,0.683
1283,48,0.688
1283,49,0.694
1283,50,0.7
1283,51,0.705
1283,52,0.706
1284,1,0.0
1284,2,0.01
1284,3,0.018
1284,4,0.028
1284,5,0.03
1284,6,0.031
1284,7,0.033
1284,8,0.038
1284,9,0.043
1284,10,0.052
1284,11,0.058
1284,12,0.061
1284,13,0.062
1284,14,0.062
1284,15,0.064
1284,16,0.073
1284,17,0.086
1284,18,0.104
1284,19,0.116
1284,20,0.131
1284,21,0.135
1284,22,0.141
1284,23,0.146
1284,24,0.205
1284,25,0.298
1284,26,0.384
1284,27,0.473
1284,28,0.547
1284,29,0.604
1284,30,0.635
1284,31,0.66
1284,32,0.682
1284,33,0.697
1284,34,0.712
1284,35,0.723
1284,36,0.735
1284,37,0.749
1284,38,0.753
1284,39,0.757
1284,40,0.758
1284,41,0.758
1284,42,0.77
1284,43,0.771
1284,44,0.773
1284,45,0.776
1284,46,0.779
1284,47,0.784
1284,48,0.788
1284,49,0.791
1284,50,0.796
1284,51,0.798
1284,52,0.8
1285,1,0.003
1285,2,0.006
1285,3,0.017
1285,4,0.024
1285,5,0.027
1285,6,0.03
1285,7,0.036
1285,8,0.04
1285,9,0.049
1285,10,0.059
1285,11,0.064
1285,12,0.065
1285,13,0.066
1285,14,0.072
1285,15,0.076
1285,16,0.091
1285,17,0.103
1285,18,0.118
1285,19,0.133
1285,20,0.148
1285,21,0.154
1285,22,0.156
1285,23,0.17
1285,24,0.234
1285,25,0.296
1285,26,0.362
1285,27,0.445
1285,28,0.525
1285,29,0.577
1285,30,0.592
1285,31,0.614
1285,32,0.648
1285,33,0.66
1285,34,0.674
1285,35,0.688
1285,36,0.704
1285,37,0.713
1285,38,0.72
1285,39,0.725
1285,40,0.727
1285,41,0.729
1285,42,0.742
1285,43,0.744
1285,44,0.745
1285,45,0.747
1285,46,0.749
1285,47,0.752
1285,48,0.758
1285,49,0.762
1285,50,0.768
1285,51,0.772
1285,52,0.774
1286,1,0.0
1286,2,0.006
1286,3,0.026
1286,4,0.029
1286,5,0.033
1286,6,0.041
1286,7,0.05
1286,8,0.066
1286,9,0.074
1286,10,0.079
1286,11,0.082
1286,12,0.085
1286,13,0.087
1286,14,0.088
1286,15,0.091
1286,16,0.103
1286,17,0.113
1286,18,0.136
1286,19,0.157
1286,20,0.176
1286,21,0.181
1286,22,0.184
1286,23,0.193
1286,24,0.238
1286,25,0.336
1286,26,0.402
1286,27,0.506
1286,28,0.612
1286,29,0.665
1286,30,0.69
1286,31,0.713
1286,32,0.728
1286,33,0.744
1286,34,0.75
1286,35,0.761
1286,36,0.772
1286,37,0.781
1286,38,0.79
1286,39,0.791
1286,40,0.792
1286,41,0.793
1286,42,0.802
1286,43,0.803
1286,44,0.804
1286,45,0.805
1286,46,0.807
1286,47,0.809
1286,48,0.816
1286,49,0.822
1286,50,0.827
1286,51,0.83
1286,52,0.831
1287,1,0.001
1287,2,0.006
1287,3,0.016
1287,4,0.023
1287,5,0.024
1287,6,0.025
1287,7,0.029
1287,8,0.038
1287,9,0.044
1287,10,0.054
1287,11,0.058
1287,12,0.058
1287,13,0.058
1287,14,0.059
1287,15,0.061
1287,16,0.068
1287,17,0.081
1287,18,0.094
1287,19,0.105
1287,20,0.126
1287,21,0.145
1287,22,0.149
1287,23,0.17
1287,24,0.217
1287,25,0.293
1287,26,0.364
1287,27,0.465
1287,28,0.55
1287,29,0.588
1287,30,0.611
1287,31,0.628
1287,32,0.647
1287,33,0.66
1287,34,0.67
1287,35,0.681
1287,36,0.694
1287,37,0.705
1287,38,0.712
1287,39,0.713
1287,40,0.715
1287,41,0.717
1287,42,0.727
1287,43,0.729
1287,44,0.73
1287,45,0.732
1287,46,0.734
1287,47,0.74
1287,48,0.744
1287,49,0.75
1287,50,0.755
1287,51,0.758
1287,52,0.76
1290,1,0.003
1290,2,0.025
1290,3,0.035
1290,4,0.039
1290,5,0.043
1290,6,0.045
1290,7,0.046
1290,8,0.049
1290,9,0.056
1290,10,0.067
1290,11,0.071
1290,12,0.071
1290,13,0.071
1290,14,0.072
1290,15,0.077
1290,16,0.088
1290,17,0.101
1290,18,0.116
1290,19,0.136
1290,20,0.156
1290,21,0.165
1290,22,0.173
1290,23,0.19
1290,24,0.228
1290,25,0.301
1290,26,0.366
1290,27,0.449
1290,28,0.532
1290,29,0.583
1290,30,0.624
1290,31,0.641
1290,32,0.675
1290,33,0.69
1290,34,0.701
1290,35,0.712
1290,36,0.724
1290,37,0.734
1290,38,0.742
1290,39,0.747
1290,40,0.749
1290,41,0.751
1290,42,0.764
1290,43,0.767
1290,44,0.768
1290,45,0.771
1290,46,0.775
1290,47,0.777
1290,48,0.783
1290,49,0.788
1290,50,0.795
1290,51,0.798
1290,52,0.8
1291,1,0.0
1291,2,0.008
1291,3,0.026
1291,4,0.045
1291,5,0.049
1291,6,0.05
1291,7,0.057
1291,8,0.073
1291,9,0.076
1291,10,0.086
1291,11,0.089
1291,12,0.089
1291,13,0.089
1291,14,0.091
1291,15,0.096
1291,16,0.106
1291,17,0.113
1291,18,0.124
1291,19,0.145
1291,20,0.167
1291,21,0.173
1291,22,0.176
1291,23,0.185
1291,24,0.224
1291,25,0.299
1291,26,0.38
1291,27,0.45
1291,28,0.512
1291,29,0.573
1291,30,0.602
1291,31,0.619
1291,32,0.638
1291,33,0.658
1291,34,0.672
1291,35,0.683
1291,36,0.692
1291,37,0.7
1291,38,0.702
1291,39,0.71
1291,40,0.711
1291,41,0.713
1291,42,0.727
1291,43,0.728
1291,44,0.731
1291,45,0.732
1291,46,0.735
1291,47,0.736
1291,48,0.743
1291,49,0.747
1291,50,0.752
1291,51,0.755
1291,52,0.756
1292,1,0.0
1292,2,0.006
1292,3,0.02
1292,4,0.029
1292,5,0.031
1292,6,0.032
1292,7,0.036
1292,8,0.042
1292,9,0.05
1292,10,0.063
1292,11,0.07
1292,12,0.071
1292,13,0.071
1292,14,0.071
1292,15,0.072
1292,16,0.08
1292,17,0.096
1292,18,0.108
1292,19,0.116
1292,20,0.134
1292,21,0.142
1292,22,0.148
1292,23,0.161
1292,24,0.213
1292,25,0.291
1292,26,0.358
1292,27,0.477
1292,28,0.569
1292,29,0.633
1292,30,0.653
1292,31,0.684
1292,32,0.7
1292,33,0.711
1292,34,0.72
1292,35,0.729
1292,36,0.741
1292,37,0.754
1292,38,0.76
1292,39,0.763
1292,40,0.764
1292,41,0.765
1292,42,0.774
1292,43,0.775
1292,44,0.775
1292,45,0.777
1292,46,0.779
1292,47,0.782
1292,48,0.786
1292,49,0.792
1292,50,0.796
1292,51,0.8
1292,52,0.801
1293,1,0.0
1293,2,0.023
1293,3,0.031
1293,4,0.037
1293,5,0.039
1293,6,0.041
1293,7,0.044
1293,8,0.048
1293,9,0.056
1293,10,0.063
1293,11,0.067
1293,12,0.067
1293,13,0.068
1293,14,0.068
1293,15,0.073
1293,16,0.09
1293,17,0.105
1293,18,0.115
1293,19,0.134
1293,20,0.156
1293,21,0.161
1293,22,0.164
1293,23,0.17
1293,24,0.213
1293,25,0.274
1293,26,0.332
1293,27,0.412
1293,28,0.496
1293,29,0.547
1293,30,0.578
1293,31,0.605
1293,32,0.635
1293,33,0.653
1293,34,0.667
1293,35,0.677
1293,36,0.69
1293,37,0.692
1293,38,0.706
1293,39,0.711
1293,40,0.712
1293,41,0.713
1293,42,0.729
1293,43,0.731
1293,44,0.732
1293,45,0.734
1293,46,0.736
1293,47,0.741
1293,48,0.746
1293,49,0.75
1293,50,0.755
1293,51,0.759
1293,52,0.761
1315,1,0.006
1315,2,0.016
1315,3,0.033
1315,4,0.038
1315,5,0.045
1315,6,0.053
1315,7,0.054
1315,8,0.056
1315,9,0.059
1315,10,0.06
1315,11,0.062
1315,12,0.062
1315,13,0.063
1315,14,0.063
1315,15,0.065
1315,16,0.073
1315,17,0.078
1315,18,0.082
1315,19,0.09
1315,20,0.097
1315,21,0.105
1315,22,0.123
1315,23,0.14
1315,24,0.187
1315,25,0.258
1315,26,0.322
1315,27,0.398
1315,28,0.462
1315,29,0.51
1315,30,0.534
1315,31,0.559
1315,32,0.583
1315,33,0.607
1315,34,0.633
1315,35,0.651
1315,36,0.662
1315,37,0.675
1315,38,0.693
1315,39,0.7
1315,40,0.706
1315,41,0.709
1315,42,0.713
1315,43,0.715
1315,44,0.718
1315,45,0.72
1315,46,0.724
1315,47,0.733
1315,48,0.736
1315,49,0.74
1315,50,0.746
1315,51,0.75
1315,52,0.751
1380,1,0.001
1380,2,0.001
1380,3,0.006
1380,4,0.01
1380,5,0.013
1380,6,0.016
1380,7,0.02
1380,8,0.023
1380,9,0.036
1380,10,0.051
1380,11,0.055
1380,12,0.056
1380,13,0.056
1380,14,0.057
1380,15,0.058
1380,16,0.069
1380,17,0.081
1380,18,0.092
1380,19,0.115
1380,20,0.125
1380,21,0.132
1380,22,0.147
1380,23,0.17
1380,24,0.225
1380,25,0.3
1380,26,0.383
1380,27,0.501
1380,28,0.578
1380,29,0.635
1380,30,0.657
1380,31,0.675
1380,32,0.685
1380,33,0.701
1380,34,0.713
1380,35,0.722
1380,36,0.729
1380,37,0.736
1380,38,0.746
1380,39,0.753
1380,40,0.759
1380,41,0.762
1380,42,0.764
1380,43,0.767
1380,44,0.769
1380,45,0.771
1380,46,0.773
1380,47,0.776
1380,48,0.78
1380,49,0.785
1380,50,0.791
1380,51,0.796
1380,52,0.798
1381,1,0.0
1381,2,0.001
1381,3,0.009
1381,4,0.014
1381,5,0.019
1381,6,0.026
1381,7,0.034
1381,8,0.04
1381,9,0.049
1381,10,0.056
1381,11,0.059
1381,12,0.061
1381,13,0.062
1381,14,0.062
1381,15,0.064
1381,16,0.072
1381,17,0.083
1381,18,0.104
1381,19,0.124
1381,20,0.132
1381,21,0.137
1381,22,0.151
1381,23,0.162
1381,24,0.21
1381,25,0.289
1381,26,0.353
1381,27,0.462
1381,28,0.514
1381,29,0.559
1381,30,0.631
1381,31,0.643
1381,32,0.658
1381,33,0.67
1381,34,0.684
1381,35,0.694
1381,36,0.705
1381,37,0.715
1381,38,0.721
1381,39,0.728
1381,40,0.735
1381,41,0.741
1381,42,0.744
1381,43,0.746
1381,44,0.749
1381,45,0.752
1381,46,0.754
1381,47,0.757
1381,48,0.762
1381,49,0.766
1381,50,0.77
1381,51,0.777
1381,52,0.779
1382,1,0.0
1382,2,0.001
1382,3,0.005
1382,4,0.009
1382,5,0.011
1382,6,0.014
1382,7,0.024
1382,8,0.033
1382,9,0.04
1382,10,0.049
1382,11,0.051
1382,12,0.052
1382,13,0.052
1382,14,0.053
1382,15,0.053
1382,16,0.062
1382,17,0.072
1382,18,0.077
1382,19,0.089
1382,20,0.11
1382,21,0.116
1382,22,0.133
1382,23,0.157
1382,24,0.215
1382,25,0.324
1382,26,0.407
1382,27,0.531
1382,28,0.615
1382,29,0.643
1382,30,0.663
1382,31,0.672
1382,32,0.686
1382,33,0.696
1382,34,0.708
1382,35,0.717
1382,36,0.727
1382,37,0.735
1382,38,0.743
1382,39,0.751
1382,40,0.756
1382,41,0.758
1382,42,0.761
1382,43,0.763
1382,44,0.765
1382,45,0.767
1382,46,0.77
1382,47,0.774
1382,48,0.777
1382,49,0.78
1382,50,0.789
1382,51,0.794
1382,52,0.794
1383,1,0.0
1383,2,0.002
1383,3,0.008
1383,4,0.012
1383,5,0.015
1383,6,0.019
1383,7,0.027
1383,8,0.037
1383,9,0.052
1383,10,0.064
1383,11,0.067
1383,12,0.068
1383,13,0.068
1383,14,0.069
1383,15,0.07
1383,16,0.082
1383,17,0.095
1383,18,0.099
1383,19,0.108
1383,20,0.114
1383,21,0.123
1383,22,0.147
1383,23,0.164
1383,24,0.222
1383,25,0.342
1383,26,0.457
1383,27,0.58
1383,28,0.659
1383,29,0.699
1383,30,0.718
1383,31,0.73
1383,32,0.743
1383,33,0.749
1383,34,0.769
1383,35,0.777
1383,36,0.785
1383,37,0.793
1383,38,0.8
1383,39,0.805
1383,40,0.809
1383,41,0.812
1383,42,0.814
1383,43,0.816
1383,44,0.818
1383,45,0.82
1383,46,0.822
1383,47,0.825
1383,48,0.828
1383,49,0.831
1383,50,0.837
1383,51,0.843
1383,52,0.845
1384,1,0.0
1384,2,0.001
1384,3,0.008
1384,4,0.014
1384,5,0.017
1384,6,0.02
1384,7,0.026
1384,8,0.034
1384,9,0.042
1384,10,0.051
1384,11,0.053
1384,12,0.053
1384,13,0.054
1384,14,0.055
1384,15,0.057
1384,16,0.063
1384,17,0.076
1384,18,0.081
1384,19,0.094
1384,20,0.115
1384,21,0.123
1384,22,0.147
1384,23,0.174
1384,24,0.255
1384,25,0.399
1384,26,0.516
1384,27,0.635
1384,28,0.692
1384,29,0.725
1384,30,0.742
1384,31,0.75
1384,32,0.767
1384,33,0.783
1384,34,0.794
1384,35,0.802
1384,36,0.808
1384,37,0.817
1384,38,0.824
1384,39,0.829
1384,40,0.832
1384,41,0.834
1384,42,0.835
1384,43,0.837
1384,44,0.838
1384,45,0.84
1384,46,0.842
1384,47,0.845
1384,48,0.848
1384,49,0.853
1384,50,0.859
1384,51,0.862
1384,52,0.864
1401,1,0.0
1401,2,0.002
1401,3,0.009
1401,4,0.024
1401,5,0.026
1401,6,0.028
1401,7,0.028
1401,8,0.029
1401,9,0.038
1401,10,0.046
1401,11,0.05
1401,12,0.051
1401,13,0.052
1401,14,0.053
1401,15,0.054
1401,16,0.057
1401,17,0.06
1401,18,0.066
1401,19,0.073
1401,20,0.082
1401,21,0.089
1401,22,0.097
1401,23,0.131
1401,24,0.204
1401,25,0.284
1401,26,0.376
1401,27,0.476
1401,28,0.582
1401,29,0.645
1401,30,0.683
1401,31,0.702
1401,32,0.718
1401,33,0.738
1401,34,0.757
1401,35,0.768
1401,36,0.78
1401,37,0.794
1401,38,0.801
1401,39,0.806
1401,40,0.812
1401,41,0.814
1401,42,0.816
1401,43,0.818
1401,44,0.82
1401,45,0.822
1401,46,0.823
1401,47,0.828
1401,48,0.832
1401,49,0.836
1401,50,0.839
1401,51,0.842
1401,52,0.843
1402,1,0.001
1402,2,0.002
1402,3,0.015
1402,4,0.02
1402,5,0.022
1402,6,0.022
1402,7,0.023
1402,8,0.026
1402,9,0.038
1402,10,0.047
1402,11,0.051
1402,12,0.052
1402,13,0.052
1402,14,0.053
1402,15,0.055
1402,16,0.056
1402,17,0.06
1402,18,0.066
1402,19,0.076
1402,20,0.082
1402,21,0.09
1402,22,0.099
1402,23,0.125
1402,24,0.187
1402,25,0.263
1402,26,0.33
1402,27,0.436
1402,28,0.536
1402,29,0.597
1402,30,0.633
1402,31,0.65
1402,32,0.664
1402,33,0.685
1402,34,0.704
1402,35,0.719
1402,36,0.732
1402,37,0.743
1402,38,0.752
1402,39,0.758
1402,40,0.764
1402,41,0.767
1402,42,0.769
1402,43,0.772
1402,44,0.774
1402,45,0.776
1402,46,0.778
1402,47,0.782
1402,48,0.786
1402,49,0.791
1402,50,0.795
1402,51,0.799
1402,52,0.8
1407,1,0.0
1407,2,0.003
1407,3,0.011
1407,4,0.042
1407,5,0.043
1407,6,0.045
1407,7,0.046
1407,8,0.061
1407,9,0.064
1407,10,0.077
1407,11,0.079
1407,12,0.081
1407,13,0.083
1407,14,0.084
1407,15,0.087
1407,16,0.09
1407,17,0.094
1407,18,0.098
1407,19,0.102
1407,20,0.106
1407,21,0.111
1407,22,0.114
1407,23,0.14
1407,24,0.2
1407,25,0.265
1407,26,0.355
1407,27,0.463
1407,28,0.571
1407,29,0.633
1407,30,0.657
1407,31,0.67
1407,32,0.68
1407,33,0.697
1407,34,0.717
1407,35,0.733
1407,36,0.754
1407,37,0.778
1407,38,0.796
1407,39,0.803
1407,40,0.809
1407,41,0.811
1407,42,0.813
1407,43,0.814
1407,44,0.817
1407,45,0.818
1407,46,0.821
1407,47,0.825
1407,48,0.83
1407,49,0.837
1407,50,0.841
1407,51,0.845
1407,52,0.846
1415,1,0.0
1415,2,0.0
1415,3,0.008
1415,4,0.013
1415,5,0.02
1415,6,0.022
1415,7,0.023
1415,8,0.033
1415,9,0.045
1415,10,0.053
1415,11,0.059
1415,12,0.06
1415,13,0.061
1415,14,0.062
1415,15,0.063
1415,16,0.064
1415,17,0.067
1415,18,0.08
1415,19,0.088
1415,20,0.091
1415,21,0.096
1415,22,0.1
1415,23,0.129
1415,24,0.194
1415,25,0.254
1415,26,0.323
1415,27,0.433
1415,28,0.544
1415,29,0.606
1415,30,0.64
1415,31,0.66
1415,32,0.674
1415,33,0.696
1415,34,0.72
1415,35,0.738
1415,36,0.753
1415,37,0.769
1415,38,0.776
1415,39,0.782
1415,40,0.787
1415,41,0.79
1415,42,0.792
1415,43,0.794
1415,44,0.797
1415,45,0.8
1415,46,0.802
1415,47,0.807
1415,48,0.813
1415,49,0.819
1415,50,0.823
1415,51,0.827
1415,52,0.828
1419,1,0.0
1419,2,0.0
1419,3,0.02
1419,4,0.025
1419,5,0.038
1419,6,0.043
1419,7,0.044
1419,8,0.045
1419,9,0.052
1419,10,0.071
1419,11,0.074
1419,12,0.075
1419,13,0.075
1419,14,0.076
1419,15,0.077
1419,16,0.078
1419,17,0.083
1419,18,0.095
1419,19,0.101
1419,20,0.103
1419,21,0.109
1419,22,0.121
1419,23,0.157
1419,24,0.227
1419,25,0.287
1419,26,0.355
1419,27,0.476
1419,28,0.574
1419,29,0.621
1419,30,0.657
1419,31,0.683
1419,32,0.697
1419,33,0.714
1419,34,0.736
1419,35,0.751
1419,36,0.765
1419,37,0.777
1419,38,0.784
1419,39,0.788
1419,40,0.792
1419,41,0.794
1419,42,0.797
1419,43,0.799
1419,44,0.803
1419,45,0.804
1419,46,0.806
1419,47,0.808
1419,48,0.813
1419,49,0.819
1419,50,0.822
1419,51,0.826
1419,52,0.828
1421,1,0.0
1421,2,0.002
1421,3,0.009
1421,4,0.018
1421,5,0.025
1421,6,0.061
1421,7,0.069
1421,8,0.072
1421,9,0.079
1421,10,0.087
1421,11,0.09
1421,12,0.09
1421,13,0.09
1421,14,0.09
1421,15,0.093
1421,16,0.095
1421,17,0.099
1421,18,0.109
1421,19,0.115
1421,20,0.12
1421,21,0.125
1421,22,0.127
1421,23,0.158
1421,24,0.223
1421,25,0.285
1421,26,0.341
1421,27,0.429
1421,28,0.516
1421,29,0.573
1421,30,0.611
1421,31,0.633
1421,32,0.646
1421,33,0.671
1421,34,0.686
1421,35,0.712
1421,36,0.729
1421,37,0.75
1421,38,0.76
1421,39,0.764
1421,40,0.775
1421,41,0.777
1421,42,0.78
1421,43,0.781
1421,44,0.783
1421,45,0.784
1421,46,0.787
1421,47,0.792
1421,48,0.796
1421,49,0.804
1421,50,0.811
1421,51,0.815
1421,52,0.816
1427,1,0.0
1427,2,0.001
1427,3,0.008
1427,4,0.014
1427,5,0.015
1427,6,0.016
1427,7,0.058
1427,8,0.061
1427,9,0.067
1427,10,0.073
1427,11,0.089
1427,12,0.091
1427,13,0.091
1427,14,0.092
1427,15,0.093
1427,16,0.094
1427,17,0.097
1427,18,0.109
1427,19,0.116
1427,20,0.121
1427,21,0.125
1427,22,0.128
1427,23,0.174
1427,24,0.245
1427,25,0.327
1427,26,0.416
1427,27,0.506
1427,28,0.56
1427,29,0.58
1427,30,0.612
1427,31,0.641
1427,32,0.656
1427,33,0.668
1427,34,0.691
1427,35,0.709
1427,36,0.731
1427,37,0.742
1427,38,0.753
1427,39,0.757
1427,40,0.765
1427,41,0.77
1427,42,0.774
1427,43,0.775
1427,44,0.776
1427,45,0.777
1427,46,0.778
1427,47,0.784
1427,48,0.791
1427,49,0.795
1427,50,0.801
1427,51,0.804
1427,52,0.805
1430,1,0.001
1430,2,0.005
1430,3,0.049
1430,4,0.056
1430,5,0.06
1430,6,0.062
1430,7,0.072
1430,8,0.075
1430,9,0.084
1430,10,0.091
1430,11,0.094
1430,12,0.096
1430,13,0.097
1430,14,0.097
1430,15,0.099
1430,16,0.1
1430,17,0.104
1430,18,0.12
1430,19,0.126
1430,20,0.132
1430,21,0.138
1430,22,0.145
1430,23,0.198
1430,24,0.256
1430,25,0.338
1430,26,0.415
1430,27,0.493
1430,28,0.562
1430,29,0.587
1430,30,0.623
1430,31,0.648
1430,32,0.659
1430,33,0.669
1430,34,0.684
1430,35,0.703
1430,36,0.719
1430,37,0.738
1430,38,0.747
1430,39,0.751
1430,40,0.76
1430,41,0.763
1430,42,0.765
1430,43,0.769
1430,44,0.772
1430,45,0.772
1430,46,0.775
1430,47,0.777
1430,48,0.783
1430,49,0.79
1430,50,0.796
1430,51,0.802
1430,52,0.806
1435,1,0.0
1435,2,0.001
1435,3,0.016
1435,4,0.045
1435,5,0.06
1435,6,0.06
1435,7,0.066
1435,8,0.069
1435,9,0.076
1435,10,0.086
1435,11,0.09
1435,12,0.09
1435,13,0.09
1435,14,0.09
1435,15,0.091
1435,16,0.094
1435,17,0.098
1435,18,0.107
1435,19,0.118
1435,20,0.12
1435,21,0.125
1435,22,0.133
1435,23,0.209
1435,24,0.32
1435,25,0.412
1435,26,0.485
1435,27,0.55
1435,28,0.598
1435,29,0.623
1435,30,0.65
1435,31,0.677
1435,32,0.7
1435,33,0.71
1435,34,0.725
1435,35,0.748
1435,36,0.763
1435,37,0.77
1435,38,0.779
1435,39,0.785
1435,40,0.79
1435,41,0.793
1435,42,0.797
1435,43,0.797
1435,44,0.8
1435,45,0.8
1435,46,0.807
1435,47,0.814
1435,48,0.817
1435,49,0.821
1435,50,0.825
1435,51,0.828
1435,52,0.829
1438,1,0.0
1438,2,0.0
1438,3,0.014
1438,4,0.018
1438,5,0.022
1438,6,0.023
1438,7,0.057
1438,8,0.058
1438,9,0.068
1438,10,0.073
1438,11,0.074
1438,12,0.074
1438,13,0.074
1438,14,0.074
1438,15,0.074
1438,16,0.089
1438,17,0.092
1438,18,0.098
1438,19,0.104
1438,20,0.106
1438,21,0.124
1438,22,0.145
1438,23,0.151
1438,24,0.302
1438,25,0.367
1438,26,0.416
1438,27,0.475
1438,28,0.656
1438,29,0.666
1438,30,0.675
1438,31,0.704
1438,32,0.705
1438,33,0.708
1438,34,0.717
1438,35,0.749
1438,36,0.754
1438,37,0.755
1438,38,0.772
1438,39,0.774
1438,40,0.777
1438,41,0.779
1438,42,0.78
1438,43,0.782
1438,44,0.782
1438,45,0.784
1438,46,0.784
1438,47,0.784
1438,48,0.786
1438,49,0.788
1438,50,0.789
1438,51,0.79
1438,52,0.792
1439,1,0.005
1439,2,0.006
1439,3,0.037
1439,4,0.045
1439,5,0.048
1439,6,0.05
1439,7,0.055
1439,8,0.061
1439,9,0.075
1439,10,0.082
1439,11,0.082
1439,12,0.083
1439,13,0.083
1439,14,0.084
1439,15,0.086
1439,16,0.086
1439,17,0.09
1439,18,0.103
1439,19,0.113
1439,20,0.125
1439,21,0.128
1439,22,0.14
1439,23,0.171
1439,24,0.221
1439,25,0.254
1439,26,0.39
1439,27,0.476
1439,28,0.527
1439,29,0.608
1439,30,0.629
1439,31,0.651
1439,32,0.658
1439,33,0.697
1439,34,0.71
1439,35,0.722
1439,36,0.734
1439,37,0.742
1439,38,0.747
1439,39,0.751
1439,40,0.767
1439,41,0.767
1439,42,0.767
1439,43,0.771
1439,44,0.772
1439,45,0.774
1439,46,0.776
1439,47,0.781
1439,48,0.782
1439,49,0.786
1439,50,0.79
1439,51,0.795
1439,52,0.797
1440,1,0.001
1440,2,0.003
1440,3,0.012
1440,4,0.017
1440,5,0.019
1440,6,0.029
1440,7,0.03
1440,8,0.032
1440,9,0.043
1440,10,0.054
1440,11,0.056
1440,12,0.056
1440,13,0.057
1440,14,0.057
1440,15,0.059
1440,16,0.062
1440,17,0.064
1440,18,0.073
1440,19,0.084
1440,20,0.087
1440,21,0.093
1440,22,0.097
1440,23,0.118
1440,24,0.183
1440,25,0.244
1440,26,0.318
1440,27,0.409
1440,28,0.509
1440,29,0.574
1440,30,0.607
1440,31,0.628
1440,32,0.645
1440,33,0.665
1440,34,0.681
1440,35,0.696
1440,36,0.711
1440,37,0.727
1440,38,0.737
1440,39,0.743
1440,40,0.751
1440,41,0.754
1440,42,0.756
1440,43,0.759
1440,44,0.76
1440,45,0.762
1440,46,0.765
1440,47,0.769
1440,48,0.775
1440,49,0.781
1440,50,0.786
1440,51,0.789
1440,52,0.791
1441,1,0.0
1441,2,0.001
1441,3,0.011
1441,4,0.015
1441,5,0.021
1441,6,0.026
1441,7,0.027
1441,8,0.032
1441,9,0.042
1441,10,0.048
1441,11,0.051
1441,12,0.052
1441,13,0.053
1441,14,0.054
1441,15,0.055
1441,16,0.057
1441,17,0.059
1441,18,0.07
1441,19,0.087
1441,20,0.095
1441,21,0.106
1441,22,0.112
1441,23,0.14
1441,24,0.199
1441,25,0.282
1441,26,0.368
1441,27,0.472
1441,28,0.577
1441,29,0.653
1441,30,0.685
1441,31,0.705
1441,32,0.72
1441,33,0.741
1441,34,0.76
1441,35,0.774
1441,36,0.791
1441,37,0.799
1441,38,0.807
1441,39,0.813
1441,40,0.82
1441,41,0.821
1441,42,0.824
1441,43,0.825
1441,44,0.826
1441,45,0.828
1441,46,0.831
1441,47,0.835
1441,48,0.839
1441,49,0.843
1441,50,0.846
1441,51,0.849
1441,52,0.85
1442,1,0.0
1442,2,0.001
1442,3,0.015
1442,4,0.021
1442,5,0.023
1442,6,0.027
1442,7,0.061
1442,8,0.064
1442,9,0.072
1442,10,0.08
1442,11,0.086
1442,12,0.086
1442,13,0.086
1442,14,0.087
1442,15,0.087
1442,16,0.088
1442,17,0.088
1442,18,0.094
1442,19,0.108
1442,20,0.124
1442,21,0.137
1442,22,0.141
1442,23,0.184
1442,24,0.224
1442,25,0.274
1442,26,0.336
1442,27,0.441
1442,28,0.539
1442,29,0.563
1442,30,0.59
1442,31,0.625
1442,32,0.643
1442,33,0.656
1442,34,0.675
1442,35,0.701
1442,36,0.718
1442,37,0.734
1442,38,0.748
1442,39,0.756
1442,40,0.774
1442,41,0.778
1442,42,0.781
1442,43,0.784
1442,44,0.787
1442,45,0.79
1442,46,0.792
1442,47,0.795
1442,48,0.8
1442,49,0.807
1442,50,0.812
1442,51,0.815
1442,52,0.816
1443,1,0.0
1443,2,0.001
1443,3,0.005
1443,4,0.016
1443,5,0.026
1443,6,0.033
1443,7,0.035
1443,8,0.039
1443,9,0.044
1443,10,0.057
1443,11,0.062
1443,12,0.062
1443,13,0.063
1443,14,0.063
1443,15,0.064
1443,16,0.065
1443,17,0.066
1443,18,0.071
1443,19,0.08
1443,20,0.09
1443,21,0.104
1443,22,0.112
1443,23,0.142
1443,24,0.185
1443,25,0.24
1443,26,0.299
1443,27,0.399
1443,28,0.528
1443,29,0.595
1443,30,0.634
1443,31,0.671
1443,32,0.701
1443,33,0.72
1443,34,0.736
1443,35,0.755
1443,36,0.772
1443,37,0.781
1443,38,0.79
1443,39,0.794
1443,40,0.803
1443,41,0.806
1443,42,0.807
1443,43,0.809
1443,44,0.811
1443,45,0.812
1443,46,0.814
1443,47,0.818
1443,48,0.823
1443,49,0.829
1443,50,0.833
1443,51,0.834
1443,52,0.836
1444,1,0.0
1444,2,0.0
1444,3,0.008
1444,4,0.068
1444,5,0.069
1444,6,0.08
1444,7,0.085
1444,8,0.092
1444,9,0.105
1444,10,0.118
1444,11,0.123
1444,12,0.123
1444,13,0.123
1444,14,0.124
1444,15,0.124
1444,16,0.125
1444,17,0.126
1444,18,0.138
1444,19,0.155
1444,20,0.159
1444,21,0.165
1444,22,0.172
1444,23,0.217
1444,24,0.267
1444,25,0.297
1444,26,0.364
1444,27,0.469
1444,28,0.553
1444,29,0.617
1444,30,0.653
1444,31,0.675
1444,32,0.702
1444,33,0.718
1444,34,0.741
1444,35,0.753
1444,36,0.779
1444,37,0.794
1444,38,0.809
1444,39,0.817
1444,40,0.826
1444,41,0.828
1444,42,0.831
1444,43,0.832
1444,44,0.832
1444,45,0.833
1444,46,0.834
1444,47,0.837
1444,48,0.841
1444,49,0.845
1444,50,0.852
1444,51,0.855
1444,52,0.856
1445,1,0.0
1445,2,0.0
1445,3,0.003
1445,4,0.009
1445,5,0.012
1445,6,0.067
1445,7,0.082
1445,8,0.092
1445,9,0.096
1445,10,0.103
1445,11,0.105
1445,12,0.105
1445,13,0.106
1445,14,0.106
1445,15,0.106
1445,16,0.109
1445,17,0.11
1445,18,0.119
1445,19,0.127
1445,20,0.136
1445,21,0.14
1445,22,0.146
1445,23,0.196
1445,24,0.235
1445,25,0.271
1445,26,0.332
1445,27,0.407
1445,28,0.509
1445,29,0.585
1445,30,0.621
1445,31,0.637
1445,32,0.652
1445,33,0.662
1445,34,0.682
1445,35,0.697
1445,36,0.712
1445,37,0.733
1445,38,0.745
1445,39,0.749
1445,40,0.768
1445,41,0.771
1445,42,0.774
1445,43,0.774
1445,44,0.776
1445,45,0.776
1445,46,0.778
1445,47,0.78
1445,48,0.787
1445,49,0.79
1445,50,0.801
1445,51,0.804
1445,52,0.807
1446,1,0.0
1446,2,0.009
1446,3,0.015
1446,4,0.017
1446,5,0.018
1446,6,0.034
1446,7,0.054
1446,8,0.058
1446,9,0.073
1446,10,0.082
1446,11,0.083
1446,12,0.084
1446,13,0.084
1446,14,0.084
1446,15,0.084
1446,16,0.086
1446,17,0.087
1446,18,0.096
1446,19,0.108
1446,20,0.113
1446,21,0.138
1446,22,0.191
1446,23,0.23
1446,24,0.25
1446,25,0.442
1446,26,0.46
1446,27,0.517
1446,28,0.532
1446,29,0.619
1446,30,0.629
1446,31,0.674
1446,32,0.694
1446,33,0.699
1446,34,0.703
1446,35,0.77
1446,36,0.775
1446,37,0.787
1446,38,0.801
1446,39,0.804
1446,40,0.819
1446,41,0.82
1446,42,0.823
1446,43,0.824
1446,44,0.826
1446,45,0.826
1446,46,0.83
1446,47,0.831
1446,48,0.834
1446,49,0.839
1446,50,0.844
1446,51,0.847
1446,52,0.848
1447,1,0.0
1447,2,0.0
1447,3,0.003
1447,4,0.008
1447,5,0.011
1447,6,0.013
1447,7,0.039
1447,8,0.064
1447,9,0.089
1447,10,0.101
1447,11,0.107
1447,12,0.108
1447,13,0.11
1447,14,0.11
1447,15,0.11
1447,16,0.11
1447,17,0.11
1447,18,0.115
1447,19,0.127
1447,20,0.134
1447,21,0.138
1447,22,0.146
1447,23,0.171
1447,24,0.218
1447,25,0.278
1447,26,0.316
1447,27,0.377
1447,28,0.434
1447,29,0.471
1447,30,0.5
1447,31,0.521
1447,32,0.547
1447,33,0.574
1447,34,0.596
1447,35,0.626
1447,36,0.64
1447,37,0.661
1447,38,0.677
1447,39,0.694
1447,40,0.711
1447,41,0.718
1447,42,0.72
1447,43,0.726
1447,44,0.728
1447,45,0.728
1447,46,0.73
1447,47,0.738
1447,48,0.748
1447,49,0.752
1447,50,0.756
1447,51,0.76
1447,52,0.761
1452,1,0.0
1452,2,0.0
1452,3,0.011
1452,4,0.016
1452,5,0.017
1452,6,0.017
1452,7,0.021
1452,8,0.055
1452,9,0.057
1452,10,0.061
1452,11,0.063
1452,12,0.067
1452,13,0.068
1452,14,0.068
1452,15,0.069
1452,16,0.071
1452,17,0.072
1452,18,0.074
1452,19,0.08
1452,20,0.09
1452,21,0.098
1452,22,0.111
1452,23,0.159
1452,24,0.212
1452,25,0.269
1452,26,0.358
1452,27,0.43
1452,28,0.496
1452,29,0.545
1452,30,0.586
1452,31,0.603
1452,32,0.617
1452,33,0.639
1452,34,0.664
1452,35,0.683
1452,36,0.695
1452,37,0.704
1452,38,0.711
1452,39,0.717
1452,40,0.731
1452,41,0.737
1452,42,0.739
1452,43,0.742
1452,44,0.744
1452,45,0.747
1452,46,0.75
1452,47,0.753
1452,48,0.759
1452,49,0.761
1452,50,0.767
1452,51,0.769
1452,52,0.77
1460,1,0.0
1460,2,0.0
1460,3,0.004
1460,4,0.005
1460,5,0.007
1460,6,0.007
1460,7,0.049
1460,8,0.071
1460,9,0.077
1460,10,0.087
1460,11,0.088
1460,12,0.088
1460,13,0.09
1460,14,0.091
1460,15,0.092
1460,16,0.092
1460,17,0.098
1460,18,0.106
1460,19,0.111
1460,20,0.113
1460,21,0.135
1460,22,0.147
1460,23,0.18
1460,24,0.252
1460,25,0.298
1460,26,0.341
1460,27,0.52
1460,28,0.582
1460,29,0.602
1460,30,0.629
1460,31,0.656
1460,32,0.661
1460,33,0.667
1460,34,0.716
1460,35,0.733
1460,36,0.737
1460,37,0.743
1460,38,0.754
1460,39,0.768
1460,40,0.771
1460,41,0.778
1460,42,0.779
1460,43,0.78
1460,44,0.781
1460,45,0.784
1460,46,0.784
1460,47,0.786
1460,48,0.791
1460,49,0.793
1460,50,0.794
1460,51,0.8
1460,52,0.801
1461,1,0.0
1461,2,0.0
1461,3,0.001
1461,4,0.002
1461,5,0.004
1461,6,0.006
1461,7,0.045
1461,8,0.071
1461,9,0.081
1461,10,0.093
1461,11,0.099
1461,12,0.1
1461,13,0.101
1461,14,0.101
1461,15,0.101
1461,16,0.103
1461,17,0.105
1461,18,0.112
1461,19,0.118
1461,20,0.122
1461,21,0.127
1461,22,0.138
1461,23,0.161
1461,24,0.217
1461,25,0.261
1461,26,0.303
1461,27,0.507
1461,28,0.559
1461,29,0.576
1461,30,0.594
1461,31,0.61
1461,32,0.614
1461,33,0.619
1461,34,0.671
1461,35,0.685
1461,36,0.689
1461,37,0.693
1461,38,0.715
1461,39,0.719
1461,40,0.728
1461,41,0.731
1461,42,0.731
1461,43,0.733
1461,44,0.736
1461,45,0.737
1461,46,0.737
1461,47,0.741
1461,48,0.748
1461,49,0.75
1461,50,0.755
1461,51,0.766
1461,52,0.769
1462,1,0.0
1462,2,0.001
1462,3,0.006
1462,4,0.009
1462,5,0.009
1462,6,0.024
1462,7,0.034
1462,8,0.037
1462,9,0.045
1462,10,0.053
1462,11,0.055
1462,12,0.055
1462,13,0.056
1462,14,0.056
1462,15,0.058
1462,16,0.058
1462,17,0.062
1462,18,0.075
1462,19,0.083
1462,20,0.087
1462,21,0.101
1462,22,0.108
1462,23,0.128
1462,24,0.184
1462,25,0.242
1462,26,0.293
1462,27,0.399
1462,28,0.471
1462,29,0.533
1462,30,0.557
1462,31,0.567
1462,32,0.587
1462,33,0.609
1462,34,0.62
1462,35,0.632
1462,36,0.644
1462,37,0.657
1462,38,0.663
1462,39,0.67
1462,40,0.675
1462,41,0.678
1462,42,0.682
1462,43,0.685
1462,44,0.687
1462,45,0.691
1462,46,0.693
1462,47,0.699
1462,48,0.707
1462,49,0.713
1462,50,0.719
1462,51,0.725
1462,52,0.729
1463,1,0.0
1463,2,0.0
1463,3,0.005
1463,4,0.008
1463,5,0.01
1463,6,0.011
1463,7,0.022
1463,8,0.039
1463,9,0.051
1463,10,0.059
1463,11,0.068
1463,12,0.07
1463,13,0.071
1463,14,0.071
1463,15,0.073
1463,16,0.075
1463,17,0.078
1463,18,0.081
1463,19,0.092
1463,20,0.103
1463,21,0.112
1463,22,0.121
1463,23,0.146
1463,24,0.191
1463,25,0.25
1463,26,0.288
1463,27,0.358
1463,28,0.466
1463,29,0.523
1463,30,0.556
1463,31,0.589
1463,32,0.616
1463,33,0.645
1463,34,0.669
1463,35,0.679
1463,36,0.693
1463,37,0.708
1463,38,0.717
1463,39,0.724
1463,40,0.74
1463,41,0.743
1463,42,0.746
1463,43,0.749
1463,44,0.75
1463,45,0.752
1463,46,0.755
1463,47,0.761
1463,48,0.767
1463,49,0.773
1463,50,0.78
1463,51,0.783
1463,52,0.784
1465,1,0.0
1465,2,0.0
1465,3,0.006
1465,4,0.008
1465,5,0.013
1465,6,0.015
1465,7,0.03
1465,8,0.04
1465,9,0.043
1465,10,0.049
1465,11,0.054
1465,12,0.057
1465,13,0.057
1465,14,0.057
1465,15,0.058
1465,16,0.059
1465,17,0.063
1465,18,0.066
1465,19,0.074
1465,20,0.085
1465,21,0.098
1465,22,0.105
1465,23,0.147
1465,24,0.203
1465,25,0.278
1465,26,0.306
1465,27,0.372
1465,28,0.453
1465,29,0.486
1465,30,0.534
1465,31,0.572
1465,32,0.582
1465,33,0.596
1465,34,0.618
1465,35,0.647
1465,36,0.658
1465,37,0.666
1465,38,0.674
1465,39,0.697
1465,40,0.713
1465,41,0.716
1465,42,0.718
1465,43,0.719
1465,44,0.722
1465,45,0.723
1465,46,0.725
1465,47,0.732
1465,48,0.74
1465,49,0.745
1465,50,0.749
1465,51,0.752
1465,52,0.755
1466,1,0.0
1466,2,0.001
1466,3,0.006
1466,4,0.009
1466,5,0.012
1466,6,0.036
1466,7,0.044
1466,8,0.048
1466,9,0.053
1466,10,0.056
1466,11,0.062
1466,12,0.062
1466,13,0.063
1466,14,0.063
1466,15,0.063
1466,16,0.064
1466,17,0.065
1466,18,0.073
1466,19,0.083
1466,20,0.097
1466,21,0.108
1466,22,0.112
1466,23,0.172
1466,24,0.204
1466,25,0.283
1466,26,0.367
1466,27,0.48
1466,28,0.568
1466,29,0.59
1466,30,0.617
1466,31,0.631
1466,32,0.647
1466,33,0.658
1466,34,0.673
1466,35,0.687
1466,36,0.703
1466,37,0.721
1466,38,0.736
1466,39,0.739
1466,40,0.754
1466,41,0.755
1466,42,0.756
1466,43,0.759
1466,44,0.759
1466,45,0.763
1466,46,0.765
1466,47,0.769
1466,48,0.774
1466,49,0.781
1466,50,0.786
1466,51,0.788
1466,52,0.789
1470,1,0.001
1470,2,0.001
1470,3,0.004
1470,4,0.008
1470,5,0.008
1470,6,0.014
1470,7,0.035
1470,8,0.05
1470,9,0.056
1470,10,0.062
1470,11,0.072
1470,12,0.072
1470,13,0.076
1470,14,0.077
1470,15,0.077
1470,16,0.078
1470,17,0.079
1470,18,0.085
1470,19,0.099
1470,20,0.104
1470,21,0.112
1470,22,0.124
1470,23,0.195
1470,24,0.238
1470,25,0.267
1470,26,0.354
1470,27,0.449
1470,28,0.542
1470,29,0.597
1470,30,0.626
1470,31,0.638
1470,32,0.65
1470,33,0.665
1470,34,0.69
1470,35,0.704
1470,36,0.715
1470,37,0.732
1470,38,0.747
1470,39,0.752
1470,40,0.761
1470,41,0.763
1470,42,0.765
1470,43,0.767
1470,44,0.769
1470,45,0.771
1470,46,0.772
1470,47,0.774
1470,48,0.778
1470,49,0.783
1470,50,0.788
1470,51,0.79
1470,52,0.791
1471,1,0.001
1471,2,0.001
1471,3,0.013
1471,4,0.032
1471,5,0.037
1471,6,0.039
1471,7,0.043
1471,8,0.052
1471,9,0.068
1471,10,0.08
1471,11,0.083
1471,12,0.085
1471,13,0.086
1471,14,0.087
1471,15,0.089
1471,16,0.09
1471,17,0.09
1471,18,0.097
1471,19,0.109
1471,20,0.113
1471,21,0.122
1471,22,0.138
1471,23,0.164
1471,24,0.208
1471,25,0.259
1471,26,0.312
1471,27,0.399
1471,28,0.495
1471,29,0.554
1471,30,0.581
1471,31,0.609
1471,32,0.64
1471,33,0.664
1471,34,0.689
1471,35,0.723
1471,36,0.745
1471,37,0.763
1471,38,0.777
1471,39,0.788
1471,40,0.795
1471,41,0.799
1471,42,0.802
1471,43,0.806
1471,44,0.812
1471,45,0.813
1471,46,0.816
1471,47,0.818
1471,48,0.821
1471,49,0.824
1471,50,0.826
1471,51,0.827
1471,52,0.831
1472,1,0.001
1472,2,0.001
1472,3,0.012
1472,4,0.028
1472,5,0.029
1472,6,0.031
1472,7,0.04
1472,8,0.046
1472,9,0.053
1472,10,0.067
1472,11,0.069
1472,12,0.07
1472,13,0.071
1472,14,0.072
1472,15,0.072
1472,16,0.074
1472,17,0.077
1472,18,0.087
1472,19,0.099
1472,20,0.107
1472,21,0.112
1472,22,0.125
1472,23,0.158
1472,24,0.187
1472,25,0.24
1472,26,0.3
1472,27,0.395
1472,28,0.444
1472,29,0.499
1472,30,0.528
1472,31,0.555
1472,32,0.588
1472,33,0.6
1472,34,0.627
1472,35,0.665
1472,36,0.675
1472,37,0.701
1472,38,0.712
1472,39,0.716
1472,40,0.73
1472,41,0.734
1472,42,0.737
1472,43,0.738
1472,44,0.741
1472,45,0.742
1472,46,0.744
1472,47,0.749
1472,48,0.755
1472,49,0.76
1472,50,0.765
1472,51,0.771
1472,52,0.771
1473,1,0.001
1473,2,0.003
1473,3,0.016
1473,4,0.024
1473,5,0.032
1473,6,0.038
1473,7,0.044
1473,8,0.048
1473,9,0.072
1473,10,0.1
1473,11,0.106
1473,12,0.106
1473,13,0.107
1473,14,0.107
1473,15,0.108
1473,16,0.109
1473,17,0.111
1473,18,0.118
1473,19,0.133
1473,20,0.138
1473,21,0.143
1473,22,0.155
1473,23,0.178
1473,24,0.218
1473,25,0.277
1473,26,0.316
1473,27,0.387
1473,28,0.456
1473,29,0.507
1473,30,0.527
1473,31,0.559
1473,32,0.587
1473,33,0.61
1473,34,0.633
1473,35,0.668
1473,36,0.684
1473,37,0.704
1473,38,0.723
1473,39,0.73
1473,40,0.749
1473,41,0.753
1473,42,0.757
1473,43,0.761
1473,44,0.763
1473,45,0.765
1473,46,0.767
1473,47,0.774
1473,48,0.78
1473,49,0.788
1473,50,0.795
1473,51,0.797
1473,52,0.799
1480,1,0.0
1480,2,0.001
1480,3,0.007
1480,4,0.01
1480,5,0.012
1480,6,0.013
1480,7,0.015
1480,8,0.017
1480,9,0.024
1480,10,0.033
1480,11,0.036
1480,12,0.037
1480,13,0.038
1480,14,0.039
1480,15,0.041
1480,16,0.043
1480,17,0.046
1480,18,0.052
1480,19,0.058
1480,20,0.064
1480,21,0.071
1480,22,0.076
1480,23,0.095
1480,24,0.134
1480,25,0.187
1480,26,0.247
1480,27,0.365
1480,28,0.47
1480,29,0.537
1480,30,0.571
1480,31,0.591
1480,32,0.606
1480,33,0.624
1480,34,0.641
1480,35,0.655
1480,36,0.669
1480,37,0.68
1480,38,0.689
1480,39,0.696
1480,40,0.702
1480,41,0.705
1480,42,0.708
1480,43,0.71
1480,44,0.713
1480,45,0.715
1480,46,0.718
1480,47,0.723
1480,48,0.728
1480,49,0.734
1480,50,0.739
1480,51,0.742
1480,52,0.744
1481,1,0.0
1481,2,0.002
1481,3,0.013
1481,4,0.02
1481,5,0.022
1481,6,0.024
1481,7,0.025
1481,8,0.028
1481,9,0.036
1481,10,0.046
1481,11,0.048
1481,12,0.049
1481,13,0.051
1481,14,0.053
1481,15,0.055
1481,16,0.059
1481,17,0.064
1481,18,0.07
1481,19,0.077
1481,20,0.084
1481,21,0.09
1481,22,0.095
1481,23,0.125
1481,24,0.184
1481,25,0.25
1481,26,0.334
1481,27,0.464
1481,28,0.569
1481,29,0.638
1481,30,0.672
1481,31,0.694
1481,32,0.709
1481,33,0.727
1481,34,0.742
1481,35,0.754
1481,36,0.765
1481,37,0.775
1481,38,0.782
1481,39,0.787
1481,40,0.793
1481,41,0.795
1481,42,0.797
1481,43,0.799
1481,44,0.801
1481,45,0.803
1481,46,0.806
1481,47,0.81
1481,48,0.814
1481,49,0.818
1481,50,0.822
1481,51,0.825
1481,52,0.826
1482,1,0.0
1482,2,0.0
1482,3,0.013
1482,4,0.025
1482,5,0.027
1482,6,0.03
1482,7,0.031
1482,8,0.038
1482,9,0.05
1482,10,0.06
1482,11,0.062
1482,12,0.063
1482,13,0.064
1482,14,0.064
1482,15,0.065
1482,16,0.068
1482,17,0.071
1482,18,0.085
1482,19,0.096
1482,20,0.103
1482,21,0.109
1482,22,0.114
1482,23,0.142
1482,24,0.198
1482,25,0.252
1482,26,0.309
1482,27,0.43
1482,28,0.528
1482,29,0.587
1482,30,0.632
1482,31,0.658
1482,32,0.678
1482,33,0.706
1482,34,0.728
1482,35,0.746
1482,36,0.759
1482,37,0.771
1482,38,0.78
1482,39,0.785
1482,40,0.791
1482,41,0.794
1482,42,0.796
1482,43,0.798
1482,44,0.8
1482,45,0.801
1482,46,0.804
1482,47,0.808
1482,48,0.812
1482,49,0.819
1482,50,0.825
1482,51,0.828
1482,52,0.829
1484,1,0.0
1484,2,0.001
1484,3,0.012
1484,4,0.017
1484,5,0.018
1484,6,0.022
1484,7,0.024
1484,8,0.053
1484,9,0.06
1484,10,0.074
1484,11,0.078
1484,12,0.078
1484,13,0.079
1484,14,0.08
1484,15,0.081
1484,16,0.081
1484,17,0.088
1484,18,0.099
1484,19,0.103
1484,20,0.124
1484,21,0.134
1484,22,0.143
1484,23,0.179
1484,24,0.246
1484,25,0.347
1484,26,0.396
1484,27,0.502
1484,28,0.589
1484,29,0.631
1484,30,0.658
1484,31,0.674
1484,32,0.684
1484,33,0.69
1484,34,0.714
1484,35,0.735
1484,36,0.755
1484,37,0.769
1484,38,0.778
1484,39,0.78
1484,40,0.787
1484,41,0.788
1484,42,0.791
1484,43,0.795
1484,44,0.797
1484,45,0.799
1484,46,0.799
1484,47,0.802
1484,48,0.806
1484,49,0.812
1484,50,0.82
1484,51,0.824
1484,52,0.826
1485,1,0.0
1485,2,0.001
1485,3,0.026
1485,4,0.053
1485,5,0.059
1485,6,0.06
1485,7,0.064
1485,8,0.071
1485,9,0.086
1485,10,0.095
1485,11,0.098
1485,12,0.102
1485,13,0.102
1485,14,0.103
1485,15,0.105
1485,16,0.107
1485,17,0.114
1485,18,0.131
1485,19,0.141
1485,20,0.146
1485,21,0.152
1485,22,0.159
1485,23,0.192
1485,24,0.26
1485,25,0.32
1485,26,0.404
1485,27,0.488
1485,28,0.553
1485,29,0.588
1485,30,0.618
1485,31,0.646
1485,32,0.665
1485,33,0.679
1485,34,0.691
1485,35,0.71
1485,36,0.724
1485,37,0.742
1485,38,0.754
1485,39,0.759
1485,40,0.77
1485,41,0.774
1485,42,0.778
1485,43,0.784
1485,44,0.788
1485,45,0.791
1485,46,0.794
1485,47,0.798
1485,48,0.803
1485,49,0.809
1485,50,0.814
1485,51,0.819
1485,52,0.822
1486,1,0.0
1486,2,0.001
1486,3,0.003
1486,4,0.004
1486,5,0.005
1486,6,0.006
1486,7,0.032
1486,8,0.035
1486,9,0.036
1486,10,0.041
1486,11,0.055
1486,12,0.056
1486,13,0.056
1486,14,0.056
1486,15,0.057
1486,16,0.06
1486,17,0.062
1486,18,0.068
1486,19,0.078
1486,20,0.102
1486,21,0.124
1486,22,0.15
1486,23,0.212
1486,24,0.301
1486,25,0.395
1486,26,0.435
1486,27,0.465
1486,28,0.493
1486,29,0.524
1486,30,0.558
1486,31,0.581
1486,32,0.61
1486,33,0.628
1486,34,0.647
1486,35,0.662
1486,36,0.673
1486,37,0.682
1486,38,0.688
1486,39,0.694
1486,40,0.697
1486,41,0.7
1486,42,0.704
1486,43,0.705
1486,44,0.707
1486,45,0.709
1486,46,0.712
1486,47,0.715
1486,48,0.717
1486,49,0.722
1486,50,0.727
1486,51,0.728
1486,52,0.729
1487,1,0.0
1487,2,0.0
1487,3,0.016
1487,4,0.021
1487,5,0.021
1487,6,0.022
1487,7,0.038
1487,8,0.058
1487,9,0.076
1487,10,0.085
1487,11,0.086
1487,12,0.086
1487,13,0.086
1487,14,0.087
1487,15,0.088
1487,16,0.089
1487,17,0.092
1487,18,0.118
1487,19,0.133
1487,20,0.141
1487,21,0.154
1487,22,0.162
1487,23,0.196
1487,24,0.225
1487,25,0.293
1487,26,0.351
1487,27,0.445
1487,28,0.524
1487,29,0.601
1487,30,0.635
1487,31,0.655
1487,32,0.676
1487,33,0.695
1487,34,0.708
1487,35,0.721
1487,36,0.733
1487,37,0.744
1487,38,0.756
1487,39,0.762
1487,40,0.774
1487,41,0.776
1487,42,0.779
1487,43,0.781
1487,44,0.784
1487,45,0.787
1487,46,0.789
1487,47,0.793
1487,48,0.798
1487,49,0.803
1487,50,0.81
1487,51,0.816
1487,52,0.819
1488,1,0.0
1488,2,0.0
1488,3,0.011
1488,4,0.014
1488,5,0.015
1488,6,0.018
1488,7,0.038
1488,8,0.046
1488,9,0.059
1488,10,0.066
1488,11,0.067
1488,12,0.068
1488,13,0.068
1488,14,0.069
1488,15,0.07
1488,16,0.071
1488,17,0.078
1488,18,0.099
1488,19,0.11
1488,20,0.116
1488,21,0.124
1488,22,0.129
1488,23,0.157
1488,24,0.202
1488,25,0.245
1488,26,0.302
1488,27,0.396
1488,28,0.48
1488,29,0.568
1488,30,0.601
1488,31,0.625
1488,32,0.647
1488,33,0.663
1488,34,0.678
1488,35,0.693
1488,36,0.704
1488,37,0.72
1488,38,0.73
1488,39,0.737
1488,40,0.746
1488,41,0.749
1488,42,0.751
1488,43,0.753
1488,44,0.756
1488,45,0.758
1488,46,0.76
1488,47,0.767
1488,48,0.772
1488,49,0.779
1488,50,0.786
1488,51,0.789
1488,52,0.79
1489,1,0.0
1489,2,0.002
1489,3,0.022
1489,4,0.036
1489,5,0.041
1489,6,0.043
1489,7,0.046
1489,8,0.05
1489,9,0.062
1489,10,0.077
1489,11,0.088
1489,12,0.089
1489,13,0.091
1489,14,0.092
1489,15,0.093
1489,16,0.095
1489,17,0.097
1489,18,0.108
1489,19,0.122
1489,20,0.133
1489,21,0.15
1489,22,0.155
1489,23,0.177
1489,24,0.223
1489,25,0.29
1489,26,0.353
1489,27,0.457
1489,28,0.55
1489,29,0.6
1489,30,0.63
1489,31,0.651
1489,32,0.674
1489,33,0.692
1489,34,0.713
1489,35,0.738
1489,36,0.756
1489,37,0.77
1489,38,0.781
1489,39,0.788
1489,40,0.796
1489,41,0.799
1489,42,0.804
1489,43,0.806
1489,44,0.809
1489,45,0.812
1489,46,0.815
1489,47,0.818
1489,48,0.824
1489,49,0.829
1489,50,0.835
1489,51,0.838
1489,52,0.839
1490,1,0.0
1490,2,0.0
1490,3,0.009
1490,4,0.015
1490,5,0.022
1490,6,0.028
1490,7,0.032
1490,8,0.036
1490,9,0.045
1490,10,0.058
1490,11,0.063
1490,12,0.064
1490,13,0.065
1490,14,0.065
1490,15,0.065
1490,16,0.066
1490,17,0.067
1490,18,0.073
1490,19,0.084
1490,20,0.098
1490,21,0.107
1490,22,0.12
1490,23,0.147
1490,24,0.17
1490,25,0.222
1490,26,0.272
1490,27,0.357
1490,28,0.462
1490,29,0.524
1490,30,0.564
1490,31,0.601
1490,32,0.62
1490,33,0.638
1490,34,0.657
1490,35,0.672
1490,36,0.688
1490,37,0.699
1490,38,0.71
1490,39,0.719
1490,40,0.725
1490,41,0.728
1490,42,0.731
1490,43,0.733
1490,44,0.736
1490,45,0.737
1490,46,0.739
1490,47,0.745
1490,48,0.751
1490,49,0.756
1490,50,0.761
1490,51,0.766
1490,52,0.768
1491,1,0.0
1491,2,0.0
1491,3,0.014
1491,4,0.033
1491,5,0.041
1491,6,0.042
1491,7,0.043
1491,8,0.049
1491,9,0.052
1491,10,0.069
1491,11,0.073
1491,12,0.076
1491,13,0.078
1491,14,0.078
1491,15,0.079
1491,16,0.079
1491,17,0.086
1491,18,0.092
1491,19,0.103
1491,20,0.113
1491,21,0.129
1491,22,0.134
1491,23,0.178
1491,24,0.232
1491,25,0.311
1491,26,0.4
1491,27,0.475
1491,28,0.537
1491,29,0.59
1491,30,0.633
1491,31,0.654
1491,32,0.674
1491,33,0.694
1491,34,0.715
1491,35,0.724
1491,36,0.736
1491,37,0.753
1491,38,0.76
1491,39,0.763
1491,40,0.773
1491,41,0.775
1491,42,0.777
1491,43,0.779
1491,44,0.78
1491,45,0.782
1491,46,0.783
1491,47,0.787
1491,48,0.793
1491,49,0.798
1491,50,0.802
1491,51,0.803
1491,52,0.803
1492,1,0.0
1492,2,0.001
1492,3,0.004
1492,4,0.014
1492,5,0.016
1492,6,0.017
1492,7,0.02
1492,8,0.077
1492,9,0.08
1492,10,0.101
1492,11,0.107
1492,12,0.107
1492,13,0.107
1492,14,0.108
1492,15,0.109
1492,16,0.111
1492,17,0.115
1492,18,0.122
1492,19,0.127
1492,20,0.129
1492,21,0.135
1492,22,0.141
1492,23,0.175
1492,24,0.246
1492,25,0.369
1492,26,0.523
1492,27,0.62
1492,28,0.652
1492,29,0.653
1492,30,0.68
1492,31,0.692
1492,32,0.705
1492,33,0.717
1492,34,0.738
1492,35,0.751
1492,36,0.753
1492,37,0.767
1492,38,0.774
1492,39,0.78
1492,40,0.785
1492,41,0.787
1492,42,0.788
1492,43,0.79
1492,44,0.792
1492,45,0.793
1492,46,0.794
1492,47,0.798
1492,48,0.801
1492,49,0.804
1492,50,0.811
1492,51,0.817
1492,52,0.821
1493,1,0.0
1493,2,0.002
1493,3,0.013
1493,4,0.019
1493,5,0.02
1493,6,0.034
1493,7,0.059
1493,8,0.075
1493,9,0.088
1493,10,0.1
1493,11,0.105
1493,12,0.106
1493,13,0.107
1493,14,0.108
1493,15,0.108
1493,16,0.11
1493,17,0.112
1493,18,0.119
1493,19,0.132
1493,20,0.138
1493,21,0.147
1493,22,0.159
1493,23,0.195
1493,24,0.241
1493,25,0.303
1493,26,0.338
1493,27,0.423
1493,28,0.507
1493,29,0.564
1493,30,0.59
1493,31,0.626
1493,32,0.656
1493,33,0.685
1493,34,0.72
1493,35,0.75
1493,36,0.768
1493,37,0.791
1493,38,0.804
1493,39,0.811
1493,40,0.819
1493,41,0.822
1493,42,0.825
1493,43,0.826
1493,44,0.828
1493,45,0.829
1493,46,0.831
1493,47,0.835
1493,48,0.841
1493,49,0.844
1493,50,0.849
1493,51,0.85
1493,52,0.852
1494,1,0.0
1494,2,0.0
1494,3,0.014
1494,4,0.033
1494,5,0.034
1494,6,0.035
1494,7,0.038
1494,8,0.057
1494,9,0.071
1494,10,0.088
1494,11,0.093
1494,12,0.094
1494,13,0.096
1494,14,0.096
1494,15,0.098
1494,16,0.099
1494,17,0.1
1494,18,0.108
1494,19,0.127
1494,20,0.137
1494,21,0.145
1494,22,0.154
1494,23,0.182
1494,24,0.224
1494,25,0.267
1494,26,0.329
1494,27,0.434
1494,28,0.526
1494,29,0.601
1494,30,0.641
1494,31,0.667
1494,32,0.692
1494,33,0.714
1494,34,0.745
1494,35,0.779
1494,36,0.8
1494,37,0.817
1494,38,0.827
1494,39,0.834
1494,40,0.84
1494,41,0.843
1494,42,0.846
1494,43,0.848
1494,44,0.849
1494,45,0.851
1494,46,0.853
1494,47,0.856
1494,48,0.86
1494,49,0.863
1494,50,0.866
1494,51,0.868
1494,52,0.87
1495,1,0.001
1495,2,0.001
1495,3,0.007
1495,4,0.009
1495,5,0.013
1495,6,0.016
1495,7,0.036
1495,8,0.056
1495,9,0.072
1495,10,0.082
1495,11,0.088
1495,12,0.089
1495,13,0.09
1495,14,0.091
1495,15,0.092
1495,16,0.095
1495,17,0.098
1495,18,0.103
1495,19,0.118
1495,20,0.123
1495,21,0.132
1495,22,0.146
1495,23,0.179
1495,24,0.205
1495,25,0.253
1495,26,0.307
1495,27,0.412
1495,28,0.483
1495,29,0.533
1495,30,0.556
1495,31,0.576
1495,32,0.618
1495,33,0.644
1495,34,0.672
1495,35,0.693
1495,36,0.708
1495,37,0.731
1495,38,0.74
1495,39,0.752
1495,40,0.757
1495,41,0.759
1495,42,0.762
1495,43,0.766
1495,44,0.771
1495,45,0.773
1495,46,0.777
1495,47,0.779
1495,48,0.786
1495,49,0.792
1495,50,0.797
1495,51,0.799
1495,52,0.8
1496,1,0.002
1496,2,0.002
1496,3,0.015
1496,4,0.018
1496,5,0.021
1496,6,0.023
1496,7,0.038
1496,8,0.056
1496,9,0.068
1496,10,0.087
1496,11,0.09
1496,12,0.091
1496,13,0.092
1496,14,0.093
1496,15,0.094
1496,16,0.096
1496,17,0.098
1496,18,0.108
1496,19,0.122
1496,20,0.131
1496,21,0.139
1496,22,0.159
1496,23,0.186
1496,24,0.21
1496,25,0.26
1496,26,0.324
1496,27,0.433
1496,28,0.521
1496,29,0.577
1496,30,0.611
1496,31,0.634
1496,32,0.666
1496,33,0.679
1496,34,0.702
1496,35,0.726
1496,36,0.742
1496,37,0.76
1496,38,0.777
1496,39,0.786
1496,40,0.795
1496,41,0.797
1496,42,0.8
1496,43,0.802
1496,44,0.804
1496,45,0.805
1496,46,0.807
1496,47,0.811
1496,48,0.816
1496,49,0.821
1496,50,0.824
1496,51,0.827
1496,52,0.828
1497,1,0.001
1497,2,0.002
1497,3,0.017
1497,4,0.022
1497,5,0.03
1497,6,0.038
1497,7,0.065
1497,8,0.07
1497,9,0.077
1497,10,0.094
1497,11,0.095
1497,12,0.098
1497,13,0.098
1497,14,0.098
1497,15,0.099
1497,16,0.1
1497,17,0.103
1497,18,0.112
1497,19,0.129
1497,20,0.137
1497,21,0.142
1497,22,0.154
1497,23,0.17
1497,24,0.206
1497,25,0.293
1497,26,0.374
1497,27,0.45
1497,28,0.526
1497,29,0.568
1497,30,0.608
1497,31,0.642
1497,32,0.672
1497,33,0.691
1497,34,0.723
1497,35,0.753
1497,36,0.763
1497,37,0.777
1497,38,0.783
1497,39,0.793
1497,40,0.801
1497,41,0.806
1497,42,0.807
1497,43,0.81
1497,44,0.812
1497,45,0.815
1497,46,0.817
1497,47,0.82
1497,48,0.825
1497,49,0.833
1497,50,0.841
1497,51,0.848
1497,52,0.848
1498,1,0.0
1498,2,0.002
1498,3,0.021
1498,4,0.038
1498,5,0.04
1498,6,0.055
1498,7,0.071
1498,8,0.075
1498,9,0.083
1498,10,0.095
1498,11,0.099
1498,12,0.1
1498,13,0.1
1498,14,0.102
1498,15,0.103
1498,16,0.105
1498,17,0.106
1498,18,0.114
1498,19,0.129
1498,20,0.144
1498,21,0.15
1498,22,0.161
1498,23,0.208
1498,24,0.245
1498,25,0.283
1498,26,0.354
1498,27,0.426
1498,28,0.516
1498,29,0.554
1498,30,0.594
1498,31,0.623
1498,32,0.644
1498,33,0.663
1498,34,0.728
1498,35,0.743
1498,36,0.757
1498,37,0.774
1498,38,0.788
1498,39,0.797
1498,40,0.799
1498,41,0.8
1498,42,0.805
1498,43,0.808
1498,44,0.808
1498,45,0.81
1498,46,0.81
1498,47,0.815
1498,48,0.817
1498,49,0.821
1498,50,0.826
1498,51,0.83
1498,52,0.832
1499,1,0.0
1499,2,0.002
1499,3,0.009
1499,4,0.017
1499,5,0.018
1499,6,0.025
1499,7,0.037
1499,8,0.042
1499,9,0.052
1499,10,0.079
1499,11,0.088
1499,12,0.089
1499,13,0.091
1499,14,0.092
1499,15,0.093
1499,16,0.095
1499,17,0.097
1499,18,0.104
1499,19,0.115
1499,20,0.129
1499,21,0.148
1499,22,0.161
1499,23,0.213
1499,24,0.247
1499,25,0.292
1499,26,0.34
1499,27,0.45
1499,28,0.529
1499,29,0.579
1499,30,0.611
1499,31,0.636
1499,32,0.651
1499,33,0.668
1499,34,0.69
1499,35,0.708
1499,36,0.723
1499,37,0.735
1499,38,0.744
1499,39,0.757
1499,40,0.764
1499,41,0.768
1499,42,0.77
1499,43,0.772
1499,44,0.774
1499,45,0.776
1499,46,0.779
1499,47,0.785
1499,48,0.791
1499,49,0.796
1499,50,0.803
1499,51,0.804
1499,52,0.805
1715,1,0.0
1715,2,0.003
1715,3,0.012
1715,4,0.022
1715,5,0.022
1715,6,0.024
1715,7,0.032
1715,8,0.042
1715,9,0.068
1715,10,0.085
1715,11,0.091
1715,12,0.094
1715,13,0.095
1715,14,0.096
1715,15,0.097
1715,16,0.116
1715,17,0.136
1715,18,0.166
1715,19,0.184
1715,20,0.191
1715,21,0.195
1715,22,0.2
1715,23,0.217
1715,24,0.241
1715,25,0.345
1715,26,0.474
1715,27,0.655
1715,28,0.729
1715,29,0.771
1715,30,0.779
1715,31,0.781
1715,32,0.793
1715,33,0.807
1715,34,0.816
1715,35,0.824
1715,36,0.83
1715,37,0.833
1715,38,0.839
1715,39,0.846
1715,40,0.847
1715,41,0.848
1715,42,0.849
1715,43,0.851
1715,44,0.855
1715,45,0.855
1715,46,0.856
1715,47,0.859
1715,48,0.862
1715,49,0.864
1715,50,0.868
1715,51,0.871
1715,52,0.872
1730,1,0.0
1730,2,0.001
1730,3,0.002
1730,4,0.026
1730,5,0.034
1730,6,0.034
1730,7,0.041
1730,8,0.047
1730,9,0.06
1730,10,0.063
1730,11,0.067
1730,12,0.069
1730,13,0.071
1730,14,0.071
1730,15,0.072
1730,16,0.084
1730,17,0.099
1730,18,0.136
1730,19,0.143
1730,20,0.162
1730,21,0.164
1730,22,0.171
1730,23,0.195
1730,24,0.22
1730,25,0.327
1730,26,0.543
1730,27,0.651
1730,28,0.676
1730,29,0.683
1730,30,0.691
1730,31,0.696
1730,32,0.709
1730,33,0.72
1730,34,0.729
1730,35,0.733
1730,36,0.739
1730,37,0.741
1730,38,0.743
1730,39,0.746
1730,40,0.746
1730,41,0.747
1730,42,0.749
1730,43,0.749
1730,44,0.751
1730,45,0.751
1730,46,0.753
1730,47,0.755
1730,48,0.757
1730,49,0.758
1730,50,0.759
1730,51,0.763
1730,52,0.763
1737,1,0.0
1737,2,0.0
1737,3,0.001
1737,4,0.021
1737,5,0.027
1737,6,0.047
1737,7,0.058
1737,8,0.071
1737,9,0.088
1737,10,0.119
1737,11,0.128
1737,12,0.13
1737,13,0.131
1737,14,0.132
1737,15,0.155
1737,16,0.172
1737,17,0.202
1737,18,0.25
1737,19,0.253
1737,20,0.273
1737,21,0.278
1737,22,0.289
1737,23,0.304
1737,24,0.344
1737,25,0.446
1737,26,0.581
1737,27,0.705
1737,28,0.749
1737,29,0.765
1737,30,0.774
1737,31,0.78
1737,32,0.788
1737,33,0.797
1737,34,0.808
1737,35,0.811
1737,36,0.817
1737,37,0.819
1737,38,0.82
1737,39,0.83
1737,40,0.83
1737,41,0.83
1737,42,0.832
1737,43,0.833
1737,44,0.834
1737,45,0.834
1737,46,0.837
1737,47,0.838
1737,48,0.84
1737,49,0.843
1737,50,0.845
1737,51,0.845
1737,52,0.846
1760,1,0.0
1760,2,0.001
1760,3,0.003
1760,4,0.004
1760,5,0.015
1760,6,0.018
1760,7,0.053
1760,8,0.063
1760,9,0.066
1760,10,0.073
1760,11,0.086
1760,12,0.087
1760,13,0.088
1760,14,0.088
1760,15,0.09
1760,16,0.101
1760,17,0.115
1760,18,0.147
1760,19,0.159
1760,20,0.183
1760,21,0.198
1760,22,0.2
1760,23,0.228
1760,24,0.271
1760,25,0.358
1760,26,0.505
1760,27,0.63
1760,28,0.67
1760,29,0.691
1760,30,0.701
1760,31,0.713
1760,32,0.727
1760,33,0.734
1760,34,0.752
1760,35,0.757
1760,36,0.759
1760,37,0.768
1760,38,0.771
1760,39,0.784
1760,40,0.784
1760,41,0.786
1760,42,0.787
1760,43,0.791
1760,44,0.792
1760,45,0.794
1760,46,0.801
1760,47,0.803
1760,48,0.812
1760,49,0.817
1760,50,0.821
1760,51,0.824
1760,52,0.824
1761,1,0.0
1761,2,0.002
1761,3,0.008
1761,4,0.021
1761,5,0.021
1761,6,0.022
1761,7,0.031
1761,8,0.035
1761,9,0.053
1761,10,0.073
1761,11,0.079
1761,12,0.08
1761,13,0.081
1761,14,0.082
1761,15,0.084
1761,16,0.107
1761,17,0.133
1761,18,0.162
1761,19,0.182
1761,20,0.187
1761,21,0.191
1761,22,0.195
1761,23,0.21
1761,24,0.246
1761,25,0.385
1761,26,0.551
1761,27,0.729
1761,28,0.799
1761,29,0.837
1761,30,0.848
1761,31,0.851
1761,32,0.865
1761,33,0.877
1761,34,0.884
1761,35,0.889
1761,36,0.896
1761,37,0.9
1761,38,0.903
1761,39,0.907
1761,40,0.908
1761,41,0.908
1761,42,0.908
1761,43,0.91
1761,44,0.911
1761,45,0.912
1761,46,0.913
1761,47,0.915
1761,48,0.918
1761,49,0.92
1761,50,0.923
1761,51,0.924
1761,52,0.924
1762,1,0.0
1762,2,0.0
1762,3,0.002
1762,4,0.036
1762,5,0.041
1762,6,0.043
1762,7,0.054
1762,8,0.056
1762,9,0.077
1762,10,0.095
1762,11,0.103
1762,12,0.103
1762,13,0.103
1762,14,0.104
1762,15,0.107
1762,16,0.119
1762,17,0.141
1762,18,0.166
1762,19,0.174
1762,20,0.184
1762,21,0.187
1762,22,0.193
1762,23,0.208
1762,24,0.235
1762,25,0.332
1762,26,0.434
1762,27,0.588
1762,28,0.624
1762,29,0.65
1762,30,0.658
1762,31,0.673
1762,32,0.683
1762,33,0.691
1762,34,0.699
1762,35,0.724
1762,36,0.73
1762,37,0.73
1762,38,0.752
1762,39,0.756
1762,40,0.757
1762,41,0.762
1762,42,0.763
1762,43,0.763
1762,44,0.763
1762,45,0.764
1762,46,0.765
1762,47,0.769
1762,48,0.775
1762,49,0.776
1762,50,0.782
1762,51,0.785
1762,52,0.785
1763,1,0.0
1763,2,0.001
1763,3,0.01
1763,4,0.02
1763,5,0.02
1763,6,0.022
1763,7,0.031
1763,8,0.047
1763,9,0.056
1763,10,0.081
1763,11,0.086
1763,12,0.087
1763,13,0.087
1763,14,0.088
1763,15,0.089
1763,16,0.102
1763,17,0.135
1763,18,0.163
1763,19,0.183
1763,20,0.192
1763,21,0.195
1763,22,0.197
1763,23,0.212
1763,24,0.228
1763,25,0.324
1763,26,0.453
1763,27,0.624
1763,28,0.704
1763,29,0.749
1763,30,0.762
1763,31,0.765
1763,32,0.775
1763,33,0.795
1763,34,0.806
1763,35,0.816
1763,36,0.822
1763,37,0.827
1763,38,0.835
1763,39,0.842
1763,40,0.842
1763,41,0.843
1763,42,0.846
1763,43,0.848
1763,44,0.85
1763,45,0.851
1763,46,0.852
1763,47,0.855
1763,48,0.857
1763,49,0.859
1763,50,0.862
1763,51,0.866
1763,52,0.867
1764,1,0.0
1764,2,0.003
1764,3,0.008
1764,4,0.025
1764,5,0.025
1764,6,0.034
1764,7,0.039
1764,8,0.048
1764,9,0.062
1764,10,0.077
1764,11,0.08
1764,12,0.082
1764,13,0.082
1764,14,0.082
1764,15,0.083
1764,16,0.092
1764,17,0.111
1764,18,0.137
1764,19,0.155
1764,20,0.16
1764,21,0.166
1764,22,0.169
1764,23,0.181
1764,24,0.197
1764,25,0.29
1764,26,0.422
1764,27,0.588
1764,28,0.659
1764,29,0.71
1764,30,0.725
1764,31,0.729
1764,32,0.741
1764,33,0.754
1764,34,0.762
1764,35,0.769
1764,36,0.774
1764,37,0.778
1764,38,0.785
1764,39,0.793
1764,40,0.804
1764,41,0.805
1764,42,0.805
1764,43,0.809
1764,44,0.809
1764,45,0.81
1764,46,0.811
1764,47,0.816
1764,48,0.818
1764,49,0.82
1764,50,0.825
1764,51,0.83
1764,52,0.83
1765,1,0.0
1765,2,0.001
1765,3,0.002
1765,4,0.007
1765,5,0.008
1765,6,0.009
1765,7,0.033
1765,8,0.043
1765,9,0.048
1765,10,0.054
1765,11,0.056
1765,12,0.059
1765,13,0.06
1765,14,0.061
1765,15,0.061
1765,16,0.068
1765,17,0.084
1765,18,0.104
1765,19,0.135
1765,20,0.137
1765,21,0.142
1765,22,0.15
1765,23,0.158
1765,24,0.204
1765,25,0.271
1765,26,0.456
1765,27,0.632
1765,28,0.652
1765,29,0.677
1765,30,0.681
1765,31,0.69
1765,32,0.706
1765,33,0.721
1765,34,0.737
1765,35,0.743
1765,36,0.75
1765,37,0.754
1765,38,0.755
1765,39,0.766
1765,40,0.767
1765,41,0.767
1765,42,0.772
1765,43,0.775
1765,44,0.775
1765,45,0.776
1765,46,0.776
1765,47,0.78
1765,48,0.781
1765,49,0.787
1765,50,0.789
1765,51,0.789
1765,52,0.79
1766,1,0.0
1766,2,0.0
1766,3,0.001
1766,4,0.015
1766,5,0.015
1766,6,0.024
1766,7,0.051
1766,8,0.058
1766,9,0.062
1766,10,0.089
1766,11,0.096
1766,12,0.098
1766,13,0.098
1766,14,0.098
1766,15,0.102
1766,16,0.123
1766,17,0.144
1766,18,0.169
1766,19,0.178
1766,20,0.184
1766,21,0.187
1766,22,0.197
1766,23,0.213
1766,24,0.255
1766,25,0.339
1766,26,0.471
1766,27,0.689
1766,28,0.737
1766,29,0.753
1766,30,0.762
1766,31,0.772
1766,32,0.779
1766,33,0.799
1766,34,0.808
1766,35,0.812
1766,36,0.816
1766,37,0.817
1766,38,0.818
1766,39,0.828
1766,40,0.829
1766,41,0.829
1766,42,0.829
1766,43,0.832
1766,44,0.834
1766,45,0.837
1766,46,0.839
1766,47,0.843
1766,48,0.845
1766,49,0.851
1766,50,0.854
1766,51,0.856
1766,52,0.857
1780,1,0.0
1780,2,0.001
1780,3,0.006
1780,4,0.015
1780,5,0.015
1780,6,0.017
1780,7,0.023
1780,8,0.03
1780,9,0.041
1780,10,0.058
1780,11,0.062
1780,12,0.064
1780,13,0.065
1780,14,0.065
1780,15,0.067
1780,16,0.088
1780,17,0.112
1780,18,0.139
1780,19,0.153
1780,20,0.16
1780,21,0.163
1780,22,0.166
1780,23,0.182
1780,24,0.204
1780,25,0.291
1780,26,0.407
1780,27,0.603
1780,28,0.704
1780,29,0.756
1780,30,0.773
1780,31,0.777
1780,32,0.789
1780,33,0.807
1780,34,0.816
1780,35,0.824
1780,36,0.832
1780,37,0.837
1780,38,0.842
1780,39,0.848
1780,40,0.848
1780,41,0.849
1780,42,0.851
1780,43,0.852
1780,44,0.854
1780,45,0.855
1780,46,0.856
1780,47,0.859
1780,48,0.863
1780,49,0.865
1780,50,0.869
1780,51,0.873
1780,52,0.874
1781,1,0.0
1781,2,0.001
1781,3,0.001
1781,4,0.005
1781,5,0.02
1781,6,0.039
1781,7,0.051
1781,8,0.057
1781,9,0.061
1781,10,0.081
1781,11,0.089
1781,12,0.092
1781,13,0.093
1781,14,0.095
1781,15,0.099
1781,16,0.116
1781,17,0.128
1781,18,0.158
1781,19,0.166
1781,20,0.185
1781,21,0.198
1781,22,0.2
1781,23,0.226
1781,24,0.268
1781,25,0.372
1781,26,0.514
1781,27,0.666
1781,28,0.711
1781,29,0.726
1781,30,0.738
1781,31,0.748
1781,32,0.764
1781,33,0.772
1781,34,0.785
1781,35,0.793
1781,36,0.806
1781,37,0.812
1781,38,0.815
1781,39,0.822
1781,40,0.823
1781,41,0.824
1781,42,0.827
1781,43,0.829
1781,44,0.83
1781,45,0.832
1781,46,0.833
1781,47,0.836
1781,48,0.838
1781,49,0.844
1781,50,0.847
1781,51,0.849
1781,52,0.849
1782,1,0.0
1782,2,0.0
1782,3,0.001
1782,4,0.015
1782,5,0.048
1782,6,0.063
1782,7,0.067
1782,8,0.069
1782,9,0.071
1782,10,0.073
1782,11,0.082
1782,12,0.083
1782,13,0.083
1782,14,0.084
1782,15,0.086
1782,16,0.09
1782,17,0.113
1782,18,0.133
1782,19,0.148
1782,20,0.161
1782,21,0.166
1782,22,0.171
1782,23,0.177
1782,24,0.252
1782,25,0.321
1782,26,0.452
1782,27,0.622
1782,28,0.649
1782,29,0.663
1782,30,0.681
1782,31,0.684
1782,32,0.71
1782,33,0.722
1782,34,0.74
1782,35,0.748
1782,36,0.766
1782,37,0.774
1782,38,0.776
1782,39,0.789
1782,40,0.789
1782,41,0.79
1782,42,0.798
1782,43,0.801
1782,44,0.803
1782,45,0.804
1782,46,0.806
1782,47,0.809
1782,48,0.811
1782,49,0.811
1782,50,0.817
1782,51,0.822
1782,52,0.822
1783,1,0.0
1783,2,0.0
1783,3,0.008
1783,4,0.058
1783,5,0.065
1783,6,0.068
1783,7,0.082
1783,8,0.086
1783,9,0.104
1783,10,0.115
1783,11,0.127
1783,12,0.129
1783,13,0.13
1783,14,0.131
1783,15,0.135
1783,16,0.149
1783,17,0.171
1783,18,0.198
1783,19,0.199
1783,20,0.215
1783,21,0.221
1783,22,0.228
1783,23,0.247
1783,24,0.263
1783,25,0.363
1783,26,0.506
1783,27,0.647
1783,28,0.675
1783,29,0.688
1783,30,0.692
1783,31,0.704
1783,32,0.726
1783,33,0.732
1783,34,0.741
1783,35,0.753
1783,36,0.761
1783,37,0.763
1783,38,0.776
1783,39,0.781
1783,40,0.782
1783,41,0.782
1783,42,0.783
1783,43,0.786
1783,44,0.786
1783,45,0.79
1783,46,0.791
1783,47,0.794
1783,48,0.798
1783,49,0.805
1783,50,0.807
1783,51,0.808
1783,52,0.808
1784,1,0.0
1784,2,0.0
1784,3,0.002
1784,4,0.031
1784,5,0.032
1784,6,0.032
1784,7,0.033
1784,8,0.045
1784,9,0.069
1784,10,0.079
1784,11,0.081
1784,12,0.083
1784,13,0.084
1784,14,0.086
1784,15,0.089
1784,16,0.108
1784,17,0.125
1784,18,0.156
1784,19,0.189
1784,20,0.195
1784,21,0.201
1784,22,0.203
1784,23,0.228
1784,24,0.276
1784,25,0.374
1784,26,0.556
1784,27,0.732
1784,28,0.758
1784,29,0.77
1784,30,0.78
1784,31,0.785
1784,32,0.798
1784,33,0.812
1784,34,0.822
1784,35,0.828
1784,36,0.833
1784,37,0.841
1784,38,0.842
1784,39,0.847
1784,40,0.847
1784,41,0.849
1784,42,0.851
1784,43,0.851
1784,44,0.853
1784,45,0.854
1784,46,0.854
1784,47,0.857
1784,48,0.859
1784,49,0.86
1784,50,0.863
1784,51,0.865
1784,52,0.865
1785,1,0.0
1785,2,0.0
1785,3,0.002
1785,4,0.012
1785,5,0.014
1785,6,0.015
1785,7,0.024
1785,8,0.046
1785,9,0.061
1785,10,0.069
1785,11,0.07
1785,12,0.071
1785,13,0.071
1785,14,0.072
1785,15,0.074
1785,16,0.09
1785,17,0.105
1785,18,0.127
1785,19,0.143
1785,20,0.151
1785,21,0.16
1785,22,0.168
1785,23,0.181
1785,24,0.197
1785,25,0.286
1785,26,0.467
1785,27,0.6
1785,28,0.671
1785,29,0.692
1785,30,0.703
1785,31,0.708
1785,32,0.722
1785,33,0.731
1785,34,0.749
1785,35,0.757
1785,36,0.763
1785,37,0.773
1785,38,0.775
1785,39,0.786
1785,40,0.787
1785,41,0.787
1785,42,0.789
1785,43,0.792
1785,44,0.797
1785,45,0.798
1785,46,0.799
1785,47,0.801
1785,48,0.804
1785,49,0.806
1785,50,0.811
1785,51,0.815
1785,52,0.816
1814,1,0.0
1814,2,0.005
1814,3,0.016
1814,4,0.018
1814,5,0.02
1814,6,0.024
1814,7,0.034
1814,8,0.046
1814,9,0.055
1814,10,0.063
1814,11,0.067
1814,12,0.07
1814,13,0.07
1814,14,0.073
1814,15,0.074
1814,16,0.076
1814,17,0.084
1814,18,0.108
1814,19,0.134
1814,20,0.144
1814,21,0.155
1814,22,0.16
1814,23,0.22
1814,24,0.313
1814,25,0.403
1814,26,0.525
1814,27,0.617
1814,28,0.667
1814,29,0.685
1814,30,0.705
1814,31,0.718
1814,32,0.732
1814,33,0.751
1814,34,0.76
1814,35,0.769
1814,36,0.779
1814,37,0.784
1814,38,0.792
1814,39,0.798
1814,40,0.802
1814,41,0.803
1814,42,0.806
1814,43,0.808
1814,44,0.811
1814,45,0.812
1814,46,0.814
1814,47,0.819
1814,48,0.824
1814,49,0.828
1814,50,0.833
1814,51,0.836
1814,52,0.838
1860,1,0.0
1860,2,0.0
1860,3,0.013
1860,4,0.018
1860,5,0.018
1860,6,0.031
1860,7,0.034
1860,8,0.045
1860,9,0.057
1860,10,0.065
1860,11,0.073
1860,12,0.076
1860,13,0.077
1860,14,0.082
1860,15,0.082
1860,16,0.086
1860,17,0.091
1860,18,0.112
1860,19,0.146
1860,20,0.161
1860,21,0.176
1860,22,0.181
1860,23,0.233
1860,24,0.311
1860,25,0.393
1860,26,0.498
1860,27,0.579
1860,28,0.63
1860,29,0.644
1860,30,0.663
1860,31,0.678
1860,32,0.688
1860,33,0.699
1860,34,0.71
1860,35,0.72
1860,36,0.727
1860,37,0.738
1860,38,0.75
1860,39,0.76
1860,40,0.766
1860,41,0.771
1860,42,0.772
1860,43,0.774
1860,44,0.775
1860,45,0.775
1860,46,0.776
1860,47,0.779
1860,48,0.786
1860,49,0.794
1860,50,0.801
1860,51,0.807
1860,52,0.81
1861,1,0.0
1861,2,0.003
1861,3,0.015
1861,4,0.018
1861,5,0.02
1861,6,0.03
1861,7,0.032
1861,8,0.042
1861,9,0.056
1861,10,0.064
1861,11,0.066
1861,12,0.069
1861,13,0.07
1861,14,0.071
1861,15,0.072
1861,16,0.075
1861,17,0.082
1861,18,0.098
1861,19,0.133
1861,20,0.144
1861,21,0.16
1861,22,0.166
1861,23,0.212
1861,24,0.299
1861,25,0.374
1861,26,0.485
1861,27,0.579
1861,28,0.635
1861,29,0.648
1861,30,0.667
1861,31,0.685
1861,32,0.698
1861,33,0.712
1861,34,0.723
1861,35,0.735
1861,36,0.743
1861,37,0.751
1861,38,0.763
1861,39,0.769
1861,40,0.774
1861,41,0.777
1861,42,0.781
1861,43,0.784
1861,44,0.786
1861,45,0.786
1861,46,0.788
1861,47,0.793
1861,48,0.797
1861,49,0.801
1861,50,0.806
1861,51,0.809
1861,52,0.811
1862,1,0.0
1862,2,0.001
1862,3,0.014
1862,4,0.018
1862,5,0.019
1862,6,0.023
1862,7,0.034
1862,8,0.05
1862,9,0.063
1862,10,0.07
1862,11,0.08
1862,12,0.083
1862,13,0.084
1862,14,0.086
1862,15,0.09
1862,16,0.094
1862,17,0.103
1862,18,0.128
1862,19,0.161
1862,20,0.179
1862,21,0.189
1862,22,0.191
1862,23,0.257
1862,24,0.344
1862,25,0.415
1862,26,0.514
1862,27,0.602
1862,28,0.645
1862,29,0.668
1862,30,0.684
1862,31,0.696
1862,32,0.706
1862,33,0.717
1862,34,0.731
1862,35,0.739
1862,36,0.746
1862,37,0.755
1862,38,0.766
1862,39,0.772
1862,40,0.775
1862,41,0.778
1862,42,0.78
1862,43,0.783
1862,44,0.787
1862,45,0.789
1862,46,0.792
1862,47,0.796
1862,48,0.802
1862,49,0.807
1862,50,0.813
1862,51,0.816
1862,52,0.818
1863,1,0.003
1863,2,0.005
1863,3,0.011
1863,4,0.014
1863,5,0.017
1863,6,0.024
1863,7,0.025
1863,8,0.041
1863,9,0.044
1863,10,0.051
1863,11,0.054
1863,12,0.055
1863,13,0.056
1863,14,0.057
1863,15,0.058
1863,16,0.062
1863,17,0.068
1863,18,0.084
1863,19,0.105
1863,20,0.117
1863,21,0.129
1863,22,0.133
1863,23,0.181
1863,24,0.235
1863,25,0.284
1863,26,0.366
1863,27,0.46
1863,28,0.524
1863,29,0.554
1863,30,0.579
1863,31,0.6
1863,32,0.617
1863,33,0.632
1863,34,0.645
1863,35,0.685
1863,36,0.695
1863,37,0.703
1863,38,0.722
1863,39,0.729
1863,40,0.764
1863,41,0.768
1863,42,0.768
1863,43,0.769
1863,44,0.774
1863,45,0.776
1863,46,0.777
1863,47,0.78
1863,48,0.784
1863,49,0.789
1863,50,0.795
1863,51,0.796
1863,52,0.797
1864,1,0.0
1864,2,0.003
1864,3,0.022
1864,4,0.023
1864,5,0.027
1864,6,0.031
1864,7,0.034
1864,8,0.046
1864,9,0.052
1864,10,0.058
1864,11,0.064
1864,12,0.064
1864,13,0.066
1864,14,0.066
1864,15,0.067
1864,16,0.076
1864,17,0.082
1864,18,0.103
1864,19,0.118
1864,20,0.135
1864,21,0.15
1864,22,0.154
1864,23,0.213
1864,24,0.264
1864,25,0.32
1864,26,0.404
1864,27,0.48
1864,28,0.522
1864,29,0.552
1864,30,0.566
1864,31,0.575
1864,32,0.586
1864,33,0.605
1864,34,0.63
1864,35,0.634
1864,36,0.641
1864,37,0.646
1864,38,0.651
1864,39,0.684
1864,40,0.684
1864,41,0.684
1864,42,0.685
1864,43,0.688
1864,44,0.69
1864,45,0.691
1864,46,0.695
1864,47,0.696
1864,48,0.7
1864,49,0.708
1864,50,0.712
1864,51,0.716
1864,52,0.719
1880,1,0.001
1880,2,0.005
1880,3,0.013
1880,4,0.017
1880,5,0.02
1880,6,0.022
1880,7,0.027
1880,8,0.037
1880,9,0.048
1880,10,0.055
1880,11,0.058
1880,12,0.06
1880,13,0.061
1880,14,0.063
1880,15,0.066
1880,16,0.07
1880,17,0.083
1880,18,0.113
1880,19,0.135
1880,20,0.15
1880,21,0.167
1880,22,0.174
1880,23,0.228
1880,24,0.297
1880,25,0.357
1880,26,0.465
1880,27,0.587
1880,28,0.641
1880,29,0.665
1880,30,0.682
1880,31,0.696
1880,32,0.708
1880,33,0.721
1880,34,0.733
1880,35,0.743
1880,36,0.754
1880,37,0.763
1880,38,0.771
1880,39,0.777
1880,40,0.782
1880,41,0.784
1880,42,0.787
1880,43,0.789
1880,44,0.791
1880,45,0.792
1880,46,0.794
1880,47,0.799
1880,48,0.806
1880,49,0.812
1880,50,0.816
1880,51,0.82
1880,52,0.821
1881,1,0.0
1881,2,0.004
1881,3,0.013
1881,4,0.016
1881,5,0.017
1881,6,0.024
1881,7,0.028
1881,8,0.039
1881,9,0.052
1881,10,0.061
1881,11,0.065
1881,12,0.067
1881,13,0.067
1881,14,0.069
1881,15,0.07
1881,16,0.074
1881,17,0.084
1881,18,0.105
1881,19,0.137
1881,20,0.153
1881,21,0.169
1881,22,0.177
1881,23,0.231
1881,24,0.335
1881,25,0.411
1881,26,0.531
1881,27,0.635
1881,28,0.684
1881,29,0.698
1881,30,0.713
1881,31,0.726
1881,32,0.74
1881,33,0.752
1881,34,0.762
1881,35,0.771
1881,36,0.78
1881,37,0.79
1881,38,0.798
1881,39,0.802
1881,40,0.807
1881,41,0.81
1881,42,0.812
1881,43,0.813
1881,44,0.815
1881,45,0.816
1881,46,0.816
1881,47,0.821
1881,48,0.827
1881,49,0.832
1881,50,0.835
1881,51,0.84
1881,52,0.842
1882,1,0.0
1882,2,0.0
1882,3,0.014
1882,4,0.017
1882,5,0.018
1882,6,0.027
1882,7,0.028
1882,8,0.043
1882,9,0.052
1882,10,0.061
1882,11,0.064
1882,12,0.065
1882,13,0.066
1882,14,0.067
1882,15,0.07
1882,16,0.071
1882,17,0.076
1882,18,0.09
1882,19,0.121
1882,20,0.128
1882,21,0.145
1882,22,0.15
1882,23,0.196
1882,24,0.286
1882,25,0.356
1882,26,0.474
1882,27,0.58
1882,28,0.63
1882,29,0.642
1882,30,0.658
1882,31,0.672
1882,32,0.683
1882,33,0.704
1882,34,0.714
1882,35,0.723
1882,36,0.735
1882,37,0.743
1882,38,0.757
1882,39,0.762
1882,40,0.768
1882,41,0.77
1882,42,0.772
1882,43,0.774
1882,44,0.776
1882,45,0.777
1882,46,0.778
1882,47,0.782
1882,48,0.787
1882,49,0.792
1882,50,0.796
1882,51,0.798
1882,52,0.799
1883,1,0.0
1883,2,0.001
1883,3,0.012
1883,4,0.016
1883,5,0.017
1883,6,0.023
1883,7,0.033
1883,8,0.056
1883,9,0.065
1883,10,0.074
1883,11,0.079
1883,12,0.081
1883,13,0.082
1883,14,0.084
1883,15,0.087
1883,16,0.092
1883,17,0.104
1883,18,0.125
1883,19,0.164
1883,20,0.184
1883,21,0.197
1883,22,0.204
1883,23,0.276
1883,24,0.351
1883,25,0.43
1883,26,0.552
1883,27,0.658
1883,28,0.699
1883,29,0.717
1883,30,0.733
1883,31,0.744
1883,32,0.757
1883,33,0.769
1883,34,0.78
1883,35,0.789
1883,36,0.799
1883,37,0.806
1883,38,0.814
1883,39,0.818
1883,40,0.822
1883,41,0.825
1883,42,0.828
1883,43,0.829
1883,44,0.832
1883,45,0.833
1883,46,0.835
1883,47,0.841
1883,48,0.847
1883,49,0.853
1883,50,0.857
1883,51,0.858
1883,52,0.86
1884,1,0.001
1884,2,0.008
1884,3,0.03
1884,4,0.036
1884,5,0.042
1884,6,0.05
1884,7,0.056
1884,8,0.069
1884,9,0.078
1884,10,0.084
1884,11,0.092
1884,12,0.093
1884,13,0.094
1884,14,0.095
1884,15,0.096
1884,16,0.101
1884,17,0.108
1884,18,0.13
1884,19,0.157
1884,20,0.175
1884,21,0.186
1884,22,0.19
1884,23,0.279
1884,24,0.342
1884,25,0.403
1884,26,0.507
1884,27,0.603
1884,28,0.646
1884,29,0.668
1884,30,0.684
1884,31,0.702
1884,32,0.711
1884,33,0.728
1884,34,0.74
1884,35,0.749
1884,36,0.76
1884,37,0.769
1884,38,0.777
1884,39,0.784
1884,40,0.788
1884,41,0.792
1884,42,0.794
1884,43,0.795
1884,44,0.798
1884,45,0.799
1884,46,0.803
1884,47,0.807
1884,48,0.811
1884,49,0.817
1884,50,0.821
1884,51,0.824
1884,52,0.825
1885,1,0.0
1885,2,0.002
1885,3,0.015
1885,4,0.019
1885,5,0.024
1885,6,0.036
1885,7,0.039
1885,8,0.057
1885,9,0.067
1885,10,0.074
1885,11,0.08
1885,12,0.082
1885,13,0.082
1885,14,0.083
1885,15,0.085
1885,16,0.089
1885,17,0.098
1885,18,0.123
1885,19,0.141
1885,20,0.159
1885,21,0.173
1885,22,0.177
1885,23,0.263
1885,24,0.327
1885,25,0.392
1885,26,0.5
1885,27,0.591
1885,28,0.628
1885,29,0.648
1885,30,0.661
1885,31,0.672
1885,32,0.681
1885,33,0.697
1885,34,0.71
1885,35,0.72
1885,36,0.731
1885,37,0.739
1885,38,0.748
1885,39,0.757
1885,40,0.76
1885,41,0.763
1885,42,0.765
1885,43,0.768
1885,44,0.771
1885,45,0.773
1885,46,0.776
1885,47,0.78
1885,48,0.786
1885,49,0.792
1885,50,0.798
1885,51,0.801
1885,52,0.804
1904,1,0.002
1904,2,0.005
1904,3,0.012
1904,4,0.014
1904,5,0.015
1904,6,0.023
1904,7,0.036
1904,8,0.052
1904,9,0.068
1904,10,0.074
1904,11,0.077
1904,12,0.078
1904,13,0.08
1904,14,0.08
1904,15,0.083
1904,16,0.084
1904,17,0.086
1904,18,0.101
1904,19,0.169
1904,20,0.174
1904,21,0.181
1904,22,0.193
1904,23,0.205
1904,24,0.247
1904,25,0.298
1904,26,0.362
1904,27,0.461
1904,28,0.52
1904,29,0.555
1904,30,0.579
1904,31,0.592
1904,32,0.601
1904,33,0.629
1904,34,0.642
1904,35,0.647
1904,36,0.658
1904,37,0.665
1904,38,0.673
1904,39,0.678
1904,40,0.682
1904,41,0.686
1904,42,0.688
1904,43,0.689
1904,44,0.692
1904,45,0.693
1904,46,0.698
1904,47,0.699
1904,48,0.707
1904,49,0.714
1904,50,0.726
1904,51,0.732
1904,52,0.733
1907,1,0.0
1907,2,0.019
1907,3,0.032
1907,4,0.038
1907,5,0.041
1907,6,0.046
1907,7,0.055
1907,8,0.064
1907,9,0.075
1907,10,0.081
1907,11,0.085
1907,12,0.086
1907,13,0.086
1907,14,0.086
1907,15,0.087
1907,16,0.088
1907,17,0.089
1907,18,0.099
1907,19,0.155
1907,20,0.177
1907,21,0.182
1907,22,0.19
1907,23,0.204
1907,24,0.234
1907,25,0.297
1907,26,0.365
1907,27,0.453
1907,28,0.558
1907,29,0.6
1907,30,0.625
1907,31,0.642
1907,32,0.651
1907,33,0.663
1907,34,0.677
1907,35,0.691
1907,36,0.702
1907,37,0.71
1907,38,0.719
1907,39,0.725
1907,40,0.73
1907,41,0.734
1907,42,0.734
1907,43,0.738
1907,44,0.74
1907,45,0.742
1907,46,0.744
1907,47,0.748
1907,48,0.755
1907,49,0.761
1907,50,0.766
1907,51,0.769
1907,52,0.77
1960,1,0.002
1960,2,0.014
1960,3,0.029
1960,4,0.035
1960,5,0.036
1960,6,0.038
1960,7,0.054
1960,8,0.064
1960,9,0.08
1960,10,0.09
1960,11,0.092
1960,12,0.093
1960,13,0.093
1960,14,0.093
1960,15,0.095
1960,16,0.097
1960,17,0.098
1960,18,0.129
1960,19,0.178
1960,20,0.185
1960,21,0.188
1960,22,0.195
1960,23,0.211
1960,24,0.258
1960,25,0.33
1960,26,0.463
1960,27,0.555
1960,28,0.616
1960,29,0.63
1960,30,0.662
1960,31,0.679
1960,32,0.693
1960,33,0.704
1960,34,0.714
1960,35,0.725
1960,36,0.732
1960,37,0.74
1960,38,0.75
1960,39,0.755
1960,40,0.76
1960,41,0.764
1960,42,0.77
1960,43,0.772
1960,44,0.773
1960,45,0.776
1960,46,0.78
1960,47,0.781
1960,48,0.789
1960,49,0.792
1960,50,0.799
1960,51,0.802
1960,52,0.807
1961,1,0.0
1961,2,0.011
1961,3,0.026
1961,4,0.032
1961,5,0.032
1961,6,0.035
1961,7,0.044
1961,8,0.055
1961,9,0.069
1961,10,0.077
1961,11,0.081
1961,12,0.083
1961,13,0.084
1961,14,0.084
1961,15,0.085
1961,16,0.087
1961,17,0.087
1961,18,0.099
1961,19,0.143
1961,20,0.167
1961,21,0.17
1961,22,0.177
1961,23,0.195
1961,24,0.234
1961,25,0.285
1961,26,0.343
1961,27,0.459
1961,28,0.561
1961,29,0.612
1961,30,0.634
1961,31,0.652
1961,32,0.665
1961,33,0.68
1961,34,0.688
1961,35,0.699
1961,36,0.712
1961,37,0.719
1961,38,0.722
1961,39,0.732
1961,40,0.74
1961,41,0.744
1961,42,0.747
1961,43,0.749
1961,44,0.751
1961,45,0.752
1961,46,0.755
1961,47,0.758
1961,48,0.764
1961,49,0.773
1961,50,0.778
1961,51,0.783
1961,52,0.784
1962,1,0.006
1962,2,0.016
1962,3,0.032
1962,4,0.034
1962,5,0.037
1962,6,0.04
1962,7,0.041
1962,8,0.059
1962,9,0.069
1962,10,0.07
1962,11,0.072
1962,12,0.075
1962,13,0.075
1962,14,0.075
1962,15,0.08
1962,16,0.08
1962,17,0.082
1962,18,0.112
1962,19,0.156
1962,20,0.16
1962,21,0.165
1962,22,0.179
1962,23,0.194
1962,24,0.25
1962,25,0.31
1962,26,0.394
1962,27,0.541
1962,28,0.574
1962,29,0.611
1962,30,0.632
1962,31,0.642
1962,32,0.662
1962,33,0.676
1962,34,0.694
1962,35,0.704
1962,36,0.719
1962,37,0.731
1962,38,0.739
1962,39,0.747
1962,40,0.753
1962,41,0.761
1962,42,0.764
1962,43,0.765
1962,44,0.771
1962,45,0.772
1962,46,0.774
1962,47,0.777
1962,48,0.782
1962,49,0.787
1962,50,0.792
1962,51,0.796
1962,52,0.796
1980,1,0.0
1980,2,0.011
1980,3,0.018
1980,4,0.022
1980,5,0.023
1980,6,0.024
1980,7,0.03
1980,8,0.041
1980,9,0.057
1980,10,0.069
1980,11,0.073
1980,12,0.075
1980,13,0.075
1980,14,0.076
1980,15,0.077
1980,16,0.079
1980,17,0.08
1980,18,0.102
1980,19,0.135
1980,20,0.154
1980,21,0.158
1980,22,0.171
1980,23,0.186
1980,24,0.232
1980,25,0.289
1980,26,0.368
1980,27,0.489
1980,28,0.585
1980,29,0.621
1980,30,0.642
1980,31,0.657
1980,32,0.67
1980,33,0.686
1980,34,0.697
1980,35,0.708
1980,36,0.717
1980,37,0.725
1980,38,0.733
1980,39,0.739
1980,40,0.744
1980,41,0.747
1980,42,0.75
1980,43,0.753
1980,44,0.756
1980,45,0.758
1980,46,0.761
1980,47,0.766
1980,48,0.771
1980,49,0.778
1980,50,0.785
1980,51,0.79
1980,52,0.792
1981,1,0.0
1981,2,0.012
1981,3,0.023
1981,4,0.032
1981,5,0.033
1981,6,0.035
1981,7,0.047
1981,8,0.06
1981,9,0.074
1981,10,0.078
1981,11,0.084
1981,12,0.088
1981,13,0.09
1981,14,0.09
1981,15,0.092
1981,16,0.095
1981,17,0.097
1981,18,0.12
1981,19,0.158
1981,20,0.178
1981,21,0.18
1981,22,0.191
1981,23,0.202
1981,24,0.239
1981,25,0.298
1981,26,0.372
1981,27,0.495
1981,28,0.539
1981,29,0.625
1981,30,0.649
1981,31,0.677
1981,32,0.695
1981,33,0.702
1981,34,0.723
1981,35,0.728
1981,36,0.741
1981,37,0.749
1981,38,0.757
1981,39,0.771
1981,40,0.773
1981,41,0.778
1981,42,0.781
1981,43,0.784
1981,44,0.786
1981,45,0.788
1981,46,0.789
1981,47,0.791
1981,48,0.795
1981,49,0.798
1981,50,0.806
1981,51,0.81
1981,52,0.811
1982,1,0.007
1982,2,0.017
1982,3,0.026
1982,4,0.03
1982,5,0.031
1982,6,0.034
1982,7,0.041
1982,8,0.05
1982,9,0.063
1982,10,0.065
1982,11,0.067
1982,12,0.068
1982,13,0.068
1982,14,0.069
1982,15,0.071
1982,16,0.073
1982,17,0.075
1982,18,0.089
1982,19,0.132
1982,20,0.147
1982,21,0.151
1982,22,0.158
1982,23,0.17
1982,24,0.202
1982,25,0.271
1982,26,0.343
1982,27,0.456
1982,28,0.527
1982,29,0.569
1982,30,0.586
1982,31,0.599
1982,32,0.622
1982,33,0.635
1982,34,0.648
1982,35,0.657
1982,36,0.671
1982,37,0.684
1982,38,0.692
1982,39,0.7
1982,40,0.704
1982,41,0.708
1982,42,0.712
1982,43,0.717
1982,44,0.72
1982,45,0.722
1982,46,0.723
1982,47,0.726
1982,48,0.73
1982,49,0.735
1982,50,0.743
1982,51,0.749
1982,52,0.749
1983,1,0.001
1983,2,0.012
1983,3,0.024
1983,4,0.028
1983,5,0.03
1983,6,0.031
1983,7,0.045
1983,8,0.054
1983,9,0.069
1983,10,0.077
1983,11,0.08
1983,12,0.082
1983,13,0.083
1983,14,0.084
1983,15,0.085
1983,16,0.087
1983,17,0.088
1983,18,0.112
1983,19,0.15
1983,20,0.164
1983,21,0.166
1983,22,0.175
1983,23,0.19
1983,24,0.235
1983,25,0.277
1983,26,0.366
1983,27,0.504
1983,28,0.562
1983,29,0.598
1983,30,0.615
1983,31,0.632
1983,32,0.643
1983,33,0.658
1983,34,0.669
1983,35,0.681
1983,36,0.69
1983,37,0.704
1983,38,0.711
1983,39,0.719
1983,40,0.726
1983,41,0.73
1983,42,0.731
1983,43,0.735
1983,44,0.738
1983,45,0.74
1983,46,0.744
1983,47,0.748
1983,48,0.755
1983,49,0.761
1983,50,0.767
1983,51,0.772
1983,52,0.774
1984,1,0.0
1984,2,0.008
1984,3,0.018
1984,4,0.023
1984,5,0.024
1984,6,0.026
1984,7,0.039
1984,8,0.051
1984,9,0.068
1984,10,0.073
1984,11,0.075
1984,12,0.075
1984,13,0.076
1984,14,0.076
1984,15,0.077
1984,16,0.079
1984,17,0.081
1984,18,0.095
1984,19,0.145
1984,20,0.161
1984,21,0.164
1984,22,0.175
1984,23,0.193
1984,24,0.229
1984,25,0.31
1984,26,0.436
1984,27,0.553
1984,28,0.614
1984,29,0.627
1984,30,0.655
1984,31,0.681
1984,32,0.691
1984,33,0.702
1984,34,0.717
1984,35,0.728
1984,36,0.738
1984,37,0.747
1984,38,0.757
1984,39,0.758
1984,40,0.764
1984,41,0.768
1984,42,0.771
1984,43,0.774
1984,44,0.778
1984,45,0.78
1984,46,0.783
1984,47,0.792
1984,48,0.799
1984,49,0.804
1984,50,0.808
1984,51,0.811
1984,52,0.812
2021,1,0.002
2021,2,0.006
2021,3,0.008
2021,4,0.012
2021,5,0.012
2021,6,0.012
2021,7,0.018
2021,8,0.038
2021,9,0.05
2021,10,0.06
2021,11,0.061
2021,12,0.062
2021,13,0.062
2021,14,0.062
2021,15,0.063
2021,16,0.066
2021,17,0.073
2021,18,0.081
2021,19,0.087
2021,20,0.11
2021,21,0.126
2021,22,0.138
2021,23,0.237
2021,24,0.301
2021,25,0.4
2021,26,0.446
2021,27,0.512
2021,28,0.566
2021,29,0.617
2021,30,0.62
2021,31,0.646
2021,32,0.65
2021,33,0.677
2021,34,0.691
2021,35,0.704
2021,36,0.71
2021,37,0.713
2021,38,0.73
2021,39,0.743
2021,40,0.747
2021,41,0.748
2021,42,0.755
2021,43,0.76
2021,44,0.76
2021,45,0.762
2021,46,0.764
2021,47,0.768
2021,48,0.773
2021,49,0.777
2021,50,0.781
2021,51,0.782
2021,52,0.782
2023,1,0.003
2023,2,0.004
2023,3,0.005
2023,4,0.009
2023,5,0.011
2023,6,0.011
2023,7,0.016
2023,8,0.035
2023,9,0.047
2023,10,0.061
2023,11,0.067
2023,12,0.068
2023,13,0.068
2023,14,0.068
2023,15,0.07
2023,16,0.077
2023,17,0.083
2023,18,0.104
2023,19,0.12
2023,20,0.127
2023,21,0.139
2023,22,0.152
2023,23,0.167
2023,24,0.249
2023,25,0.355
2023,26,0.433
2023,27,0.505
2023,28,0.568
2023,29,0.607
2023,30,0.636
2023,31,0.658
2023,32,0.668
2023,33,0.686
2023,34,0.697
2023,35,0.714
2023,36,0.723
2023,37,0.73
2023,38,0.733
2023,39,0.744
2023,40,0.748
2023,41,0.75
2023,42,0.75
2023,43,0.755
2023,44,0.755
2023,45,0.757
2023,46,0.759
2023,47,0.763
2023,48,0.767
2023,49,0.771
2023,50,0.778
2023,51,0.781
2023,52,0.781
2026,1,0.003
2026,2,0.003
2026,3,0.011
2026,4,0.012
2026,5,0.013
2026,6,0.016
2026,7,0.018
2026,8,0.038
2026,9,0.051
2026,10,0.065
2026,11,0.071
2026,12,0.071
2026,13,0.071
2026,14,0.071
2026,15,0.075
2026,16,0.082
2026,17,0.102
2026,18,0.107
2026,19,0.123
2026,20,0.145
2026,21,0.162
2026,22,0.176
2026,23,0.194
2026,24,0.255
2026,25,0.336
2026,26,0.458
2026,27,0.54
2026,28,0.617
2026,29,0.681
2026,30,0.7
2026,31,0.709
2026,32,0.715
2026,33,0.726
2026,34,0.733
2026,35,0.762
2026,36,0.773
2026,37,0.785
2026,38,0.798
2026,39,0.805
2026,40,0.807
2026,41,0.809
2026,42,0.809
2026,43,0.811
2026,44,0.813
2026,45,0.814
2026,46,0.817
2026,47,0.824
2026,48,0.83
2026,49,0.835
2026,50,0.841
2026,51,0.844
2026,52,0.844
2029,1,0.002
2029,2,0.002
2029,3,0.01
2029,4,0.014
2029,5,0.015
2029,6,0.016
2029,7,0.017
2029,8,0.03
2029,9,0.033
2029,10,0.048
2029,11,0.052
2029,12,0.052
2029,13,0.053
2029,14,0.053
2029,15,0.058
2029,16,0.066
2029,17,0.093
2029,18,0.095
2029,19,0.1
2029,20,0.111
2029,21,0.118
2029,22,0.128
2029,23,0.168
2029,24,0.211
2029,25,0.355
2029,26,0.439
2029,27,0.557
2029,28,0.577
2029,29,0.68
2029,30,0.694
2029,31,0.71
2029,32,0.719
2029,33,0.727
2029,34,0.753
2029,35,0.773
2029,36,0.781
2029,37,0.784
2029,38,0.787
2029,39,0.802
2029,40,0.805
2029,41,0.807
2029,42,0.809
2029,43,0.81
2029,44,0.814
2029,45,0.814
2029,46,0.815
2029,47,0.816
2029,48,0.824
2029,49,0.829
2029,50,0.836
2029,51,0.838
2029,52,0.839
2031,1,0.001
2031,2,0.001
2031,3,0.007
2031,4,0.008
2031,5,0.009
2031,6,0.009
2031,7,0.01
2031,8,0.014
2031,9,0.022
2031,10,0.032
2031,11,0.041
2031,12,0.041
2031,13,0.041
2031,14,0.043
2031,15,0.058
2031,16,0.082
2031,17,0.107
2031,18,0.112
2031,19,0.119
2031,20,0.122
2031,21,0.149
2031,22,0.168
2031,23,0.179
2031,24,0.24
2031,25,0.346
2031,26,0.466
2031,27,0.495
2031,28,0.574
2031,29,0.622
2031,30,0.653
2031,31,0.659
2031,32,0.667
2031,33,0.674
2031,34,0.688
2031,35,0.704
2031,36,0.717
2031,37,0.729
2031,38,0.734
2031,39,0.761
2031,40,0.764
2031,41,0.765
2031,42,0.767
2031,43,0.767
2031,44,0.768
2031,45,0.769
2031,46,0.77
2031,47,0.772
2031,48,0.776
2031,49,0.781
2031,50,0.79
2031,51,0.793
2031,52,0.793
2034,1,0.006
2034,2,0.007
2034,3,0.029
2034,4,0.033
2034,5,0.033
2034,6,0.033
2034,7,0.036
2034,8,0.043
2034,9,0.058
2034,10,0.071
2034,11,0.072
2034,12,0.075
2034,13,0.076
2034,14,0.077
2034,15,0.083
2034,16,0.099
2034,17,0.114
2034,18,0.126
2034,19,0.15
2034,20,0.162
2034,21,0.185
2034,22,0.191
2034,23,0.201
2034,24,0.231
2034,25,0.296
2034,26,0.368
2034,27,0.424
2034,28,0.506
2034,29,0.577
2034,30,0.606
2034,31,0.62
2034,32,0.629
2034,33,0.631
2034,34,0.637
2034,35,0.655
2034,36,0.657
2034,37,0.677
2034,38,0.692
2034,39,0.724
2034,40,0.728
2034,41,0.729
2034,42,0.732
2034,43,0.732
2034,44,0.733
2034,45,0.733
2034,46,0.735
2034,47,0.741
2034,48,0.742
2034,49,0.744
2034,50,0.753
2034,51,0.763
2034,52,0.763
2039,1,0.002
2039,2,0.002
2039,3,0.008
2039,4,0.011
2039,5,0.011
2039,6,0.011
2039,7,0.014
2039,8,0.051
2039,9,0.053
2039,10,0.064
2039,11,0.081
2039,12,0.081
2039,13,0.082
2039,14,0.082
2039,15,0.092
2039,16,0.098
2039,17,0.103
2039,18,0.111
2039,19,0.131
2039,20,0.138
2039,21,0.149
2039,22,0.18
2039,23,0.227
2039,24,0.361
2039,25,0.468
2039,26,0.574
2039,27,0.599
2039,28,0.658
2039,29,0.672
2039,30,0.685
2039,31,0.691
2039,32,0.703
2039,33,0.708
2039,34,0.722
2039,35,0.738
2039,36,0.745
2039,37,0.754
2039,38,0.762
2039,39,0.765
2039,40,0.766
2039,41,0.777
2039,42,0.781
2039,43,0.781
2039,44,0.782
2039,45,0.783
2039,46,0.783
2039,47,0.785
2039,48,0.789
2039,49,0.793
2039,50,0.796
2039,51,0.8
2039,52,0.8
2061,1,0.004
2061,2,0.004
2061,3,0.007
2061,4,0.008
2061,5,0.009
2061,6,0.01
2061,7,0.01
2061,8,0.02
2061,9,0.033
2061,10,0.05
2061,11,0.057
2061,12,0.058
2061,13,0.059
2061,14,0.06
2061,15,0.07
2061,16,0.076
2061,17,0.091
2061,18,0.099
2061,19,0.124
2061,20,0.156
2061,21,0.172
2061,22,0.187
2061,23,0.205
2061,24,0.271
2061,25,0.343
2061,26,0.445
2061,27,0.558
2061,28,0.616
2061,29,0.665
2061,30,0.686
2061,31,0.698
2061,32,0.71
2061,33,0.72
2061,34,0.731
2061,35,0.738
2061,36,0.752
2061,37,0.759
2061,38,0.767
2061,39,0.777
2061,40,0.78
2061,41,0.782
2061,42,0.785
2061,43,0.789
2061,44,0.791
2061,45,0.793
2061,46,0.794
2061,47,0.798
2061,48,0.802
2061,49,0.806
2061,50,0.81
2061,51,0.815
2061,52,0.817
2062,1,0.001
2062,2,0.002
2062,3,0.02
2062,4,0.021
2062,5,0.022
2062,6,0.022
2062,7,0.024
2062,8,0.031
2062,9,0.043
2062,10,0.062
2062,11,0.066
2062,12,0.067
2062,13,0.069
2062,14,0.069
2062,15,0.087
2062,16,0.103
2062,17,0.121
2062,18,0.127
2062,19,0.155
2062,20,0.168
2062,21,0.179
2062,22,0.183
2062,23,0.196
2062,24,0.246
2062,25,0.356
2062,26,0.444
2062,27,0.513
2062,28,0.588
2062,29,0.655
2062,30,0.678
2062,31,0.691
2062,32,0.701
2062,33,0.704
2062,34,0.714
2062,35,0.723
2062,36,0.733
2062,37,0.742
2062,38,0.754
2062,39,0.759
2062,40,0.763
2062,41,0.765
2062,42,0.766
2062,43,0.767
2062,44,0.768
2062,45,0.768
2062,46,0.769
2062,47,0.773
2062,48,0.778
2062,49,0.781
2062,50,0.789
2062,51,0.796
2062,52,0.797
2080,1,0.002
2080,2,0.002
2080,3,0.01
2080,4,0.013
2080,5,0.014
2080,6,0.015
2080,7,0.02
2080,8,0.029
2080,9,0.033
2080,10,0.045
2080,11,0.053
2080,12,0.054
2080,13,0.055
2080,14,0.057
2080,15,0.075
2080,16,0.107
2080,17,0.137
2080,18,0.152
2080,19,0.171
2080,20,0.195
2080,21,0.21
2080,22,0.218
2080,23,0.228
2080,24,0.301
2080,25,0.406
2080,26,0.489
2080,27,0.586
2080,28,0.654
2080,29,0.731
2080,30,0.76
2080,31,0.771
2080,32,0.782
2080,33,0.788
2080,34,0.795
2080,35,0.799
2080,36,0.803
2080,37,0.819
2080,38,0.826
2080,39,0.831
2080,40,0.832
2080,41,0.835
2080,42,0.837
2080,43,0.839
2080,44,0.839
2080,45,0.841
2080,46,0.842
2080,47,0.845
2080,48,0.847
2080,49,0.852
2080,50,0.858
2080,51,0.862
2080,52,0.862
2081,1,0.002
2081,2,0.002
2081,3,0.007
2081,4,0.008
2081,5,0.008
2081,6,0.009
2081,7,0.01
2081,8,0.02
2081,9,0.022
2081,10,0.034
2081,11,0.049
2081,12,0.05
2081,13,0.051
2081,14,0.051
2081,15,0.059
2081,16,0.07
2081,17,0.089
2081,18,0.094
2081,19,0.117
2081,20,0.14
2081,21,0.155
2081,22,0.175
2081,23,0.186
2081,24,0.232
2081,25,0.318
2081,26,0.399
2081,27,0.499
2081,28,0.57
2081,29,0.632
2081,30,0.652
2081,31,0.662
2081,32,0.672
2081,33,0.677
2081,34,0.689
2081,35,0.701
2081,36,0.708
2081,37,0.728
2081,38,0.741
2081,39,0.75
2081,40,0.755
2081,41,0.759
2081,42,0.762
2081,43,0.763
2081,44,0.765
2081,45,0.766
2081,46,0.769
2081,47,0.773
2081,48,0.776
2081,49,0.783
2081,50,0.793
2081,51,0.798
2081,52,0.801
2082,1,0.003
2082,2,0.003
2082,3,0.006
2082,4,0.007
2082,5,0.008
2082,6,0.009
2082,7,0.013
2082,8,0.02
2082,9,0.024
2082,10,0.04
2082,11,0.056
2082,12,0.059
2082,13,0.059
2082,14,0.059
2082,15,0.066
2082,16,0.086
2082,17,0.103
2082,18,0.13
2082,19,0.143
2082,20,0.151
2082,21,0.166
2082,22,0.187
2082,23,0.249
2082,24,0.355
2082,25,0.471
2082,26,0.549
2082,27,0.641
2082,28,0.71
2082,29,0.734
2082,30,0.75
2082,31,0.759
2082,32,0.763
2082,33,0.768
2082,34,0.788
2082,35,0.797
2082,36,0.806
2082,37,0.815
2082,38,0.825
2082,39,0.826
2082,40,0.827
2082,41,0.831
2082,42,0.832
2082,43,0.834
2082,44,0.834
2082,45,0.835
2082,46,0.837
2082,47,0.842
2082,48,0.847
2082,49,0.851
2082,50,0.854
2082,51,0.857
2082,52,0.857
2083,1,0.001
2083,2,0.002
2083,3,0.005
2083,4,0.009
2083,5,0.01
2083,6,0.01
2083,7,0.012
2083,8,0.024
2083,9,0.035
2083,10,0.057
2083,11,0.067
2083,12,0.069
2083,13,0.069
2083,14,0.07
2083,15,0.079
2083,16,0.098
2083,17,0.106
2083,18,0.143
2083,19,0.162
2083,20,0.174
2083,21,0.191
2083,22,0.199
2083,23,0.293
2083,24,0.361
2083,25,0.436
2083,26,0.52
2083,27,0.598
2083,28,0.635
2083,29,0.673
2083,30,0.677
2083,31,0.679
2083,32,0.692
2083,33,0.696
2083,34,0.72
2083,35,0.735
2083,36,0.746
2083,37,0.759
2083,38,0.77
2083,39,0.771
2083,40,0.773
2083,41,0.78
2083,42,0.782
2083,43,0.784
2083,44,0.785
2083,45,0.786
2083,46,0.788
2083,47,0.794
2083,48,0.799
2083,49,0.804
2083,50,0.81
2083,51,0.813
2083,52,0.813
2084,1,0.001
2084,2,0.003
2084,3,0.013
2084,4,0.015
2084,5,0.015
2084,6,0.016
2084,7,0.02
2084,8,0.037
2084,9,0.053
2084,10,0.062
2084,11,0.066
2084,12,0.069
2084,13,0.069
2084,14,0.069
2084,15,0.071
2084,16,0.078
2084,17,0.084
2084,18,0.096
2084,19,0.124
2084,20,0.139
2084,21,0.163
2084,22,0.179
2084,23,0.184
2084,24,0.252
2084,25,0.334
2084,26,0.413
2084,27,0.492
2084,28,0.566
2084,29,0.628
2084,30,0.658
2084,31,0.665
2084,32,0.679
2084,33,0.685
2084,34,0.699
2084,35,0.711
2084,36,0.721
2084,37,0.731
2084,38,0.747
2084,39,0.758
2084,40,0.763
2084,41,0.764
2084,42,0.767
2084,43,0.77
2084,44,0.772
2084,45,0.774
2084,46,0.775
2084,47,0.778
2084,48,0.783
2084,49,0.79
2084,50,0.796
2084,51,0.803
2084,52,0.804
2085,1,0.002
2085,2,0.003
2085,3,0.006
2085,4,0.007
2085,5,0.007
2085,6,0.008
2085,7,0.01
2085,8,0.019
2085,9,0.028
2085,10,0.032
2085,11,0.044
2085,12,0.044
2085,13,0.045
2085,14,0.045
2085,15,0.051
2085,16,0.061
2085,17,0.071
2085,18,0.08
2085,19,0.094
2085,20,0.109
2085,21,0.133
2085,22,0.168
2085,23,0.171
2085,24,0.228
2085,25,0.31
2085,26,0.387
2085,27,0.482
2085,28,0.548
2085,29,0.613
2085,30,0.633
2085,31,0.647
2085,32,0.658
2085,33,0.659
2085,34,0.668
2085,35,0.676
2085,36,0.699
2085,37,0.713
2085,38,0.718
2085,39,0.725
2085,40,0.728
2085,41,0.732
2085,42,0.734
2085,43,0.736
2085,44,0.739
2085,45,0.74
2085,46,0.741
2085,47,0.745
2085,48,0.751
2085,49,0.757
2085,50,0.763
2085,51,0.767
2085,52,0.769
2101,1,0.004
2101,2,0.02
2101,3,0.022
2101,4,0.026
2101,5,0.028
2101,6,0.032
2101,7,0.033
2101,8,0.037
2101,9,0.044
2101,10,0.052
2101,11,0.055
2101,12,0.057
2101,13,0.057
2101,14,0.057
2101,15,0.058
2101,16,0.058
2101,17,0.065
2101,18,0.073
2101,19,0.111
2101,20,0.154
2101,21,0.158
2101,22,0.21
2101,23,0.249
2101,24,0.278
2101,25,0.349
2101,26,0.41
2101,27,0.476
2101,28,0.57
2101,29,0.589
2101,30,0.615
2101,31,0.635
2101,32,0.656
2101,33,0.66
2101,34,0.665
2101,35,0.671
2101,36,0.689
2101,37,0.706
2101,38,0.718
2101,39,0.725
2101,40,0.732
2101,41,0.733
2101,42,0.736
2101,43,0.739
2101,44,0.742
2101,45,0.745
2101,46,0.747
2101,47,0.754
2101,48,0.757
2101,49,0.764
2101,50,0.773
2101,51,0.776
2101,52,0.776
2104,1,0.004
2104,2,0.004
2104,3,0.036
2104,4,0.047
2104,5,0.05
2104,6,0.056
2104,7,0.057
2104,8,0.06
2104,9,0.065
2104,10,0.069
2104,11,0.073
2104,12,0.074
2104,13,0.074
2104,14,0.074
2104,15,0.076
2104,16,0.08
2104,17,0.09
2104,18,0.099
2104,19,0.139
2104,20,0.164
2104,21,0.17
2104,22,0.2
2104,23,0.253
2104,24,0.3
2104,25,0.373
2104,26,0.416
2104,27,0.478
2104,28,0.558
2104,29,0.59
2104,30,0.613
2104,31,0.632
2104,32,0.65
2104,33,0.675
2104,34,0.688
2104,35,0.699
2104,36,0.715
2104,37,0.726
2104,38,0.733
2104,39,0.742
2104,40,0.746
2104,41,0.751
2104,42,0.755
2104,43,0.759
2104,44,0.76
2104,45,0.761
2104,46,0.765
2104,47,0.769
2104,48,0.773
2104,49,0.784
2104,50,0.791
2104,51,0.794
2104,52,0.796
2121,1,0.002
2121,2,0.006
2121,3,0.014
2121,4,0.028
2121,5,0.035
2121,6,0.042
2121,7,0.043
2121,8,0.048
2121,9,0.057
2121,10,0.06
2121,11,0.06
2121,12,0.061
2121,13,0.061
2121,14,0.061
2121,15,0.064
2121,16,0.068
2121,17,0.081
2121,18,0.125
2121,19,0.16
2121,20,0.181
2121,21,0.184
2121,22,0.261
2121,23,0.285
2121,24,0.338
2121,25,0.445
2121,26,0.515
2121,27,0.604
2121,28,0.678
2121,29,0.701
2121,30,0.718
2121,31,0.732
2121,32,0.745
2121,33,0.757
2121,34,0.766
2121,35,0.773
2121,36,0.78
2121,37,0.786
2121,38,0.794
2121,39,0.799
2121,40,0.804
2121,41,0.807
2121,42,0.808
2121,43,0.81
2121,44,0.812
2121,45,0.814
2121,46,0.816
2121,47,0.821
2121,48,0.826
2121,49,0.834
2121,50,0.836
2121,51,0.841
2121,52,0.843
2132,1,0.001
2132,2,0.01
2132,3,0.019
2132,4,0.03
2132,5,0.038
2132,6,0.044
2132,7,0.048
2132,8,0.06
2132,9,0.071
2132,10,0.073
2132,11,0.074
2132,12,0.074
2132,13,0.074
2132,14,0.074
2132,15,0.074
2132,16,0.074
2132,17,0.08
2132,18,0.095
2132,19,0.117
2132,20,0.15
2132,21,0.166
2132,22,0.202
2132,23,0.232
2132,24,0.3
2132,25,0.351
2132,26,0.408
2132,27,0.473
2132,28,0.516
2132,29,0.546
2132,30,0.566
2132,31,0.585
2132,32,0.601
2132,33,0.615
2132,34,0.631
2132,35,0.64
2132,36,0.653
2132,37,0.665
2132,38,0.672
2132,39,0.678
2132,40,0.684
2132,41,0.687
2132,42,0.689
2132,43,0.693
2132,44,0.696
2132,45,0.697
2132,46,0.703
2132,47,0.708
2132,48,0.714
2132,49,0.722
2132,50,0.73
2132,51,0.732
2132,52,0.733
2161,1,0.001
2161,2,0.011
2161,3,0.021
2161,4,0.028
2161,5,0.036
2161,6,0.042
2161,7,0.045
2161,8,0.051
2161,9,0.058
2161,10,0.069
2161,11,0.069
2161,12,0.069
2161,13,0.07
2161,14,0.07
2161,15,0.07
2161,16,0.073
2161,17,0.081
2161,18,0.11
2161,19,0.135
2161,20,0.157
2161,21,0.173
2161,22,0.23
2161,23,0.247
2161,24,0.311
2161,25,0.406
2161,26,0.478
2161,27,0.552
2161,28,0.614
2161,29,0.635
2161,30,0.656
2161,31,0.676
2161,32,0.695
2161,33,0.707
2161,34,0.719
2161,35,0.73
2161,36,0.738
2161,37,0.749
2161,38,0.755
2161,39,0.762
2161,40,0.766
2161,41,0.768
2161,42,0.771
2161,43,0.774
2161,44,0.775
2161,45,0.778
2161,46,0.78
2161,47,0.785
2161,48,0.791
2161,49,0.797
2161,50,0.804
2161,51,0.806
2161,52,0.806
2180,1,0.001
2180,2,0.005
2180,3,0.006
2180,4,0.014
2180,5,0.018
2180,6,0.024
2180,7,0.029
2180,8,0.038
2180,9,0.049
2180,10,0.06
2180,11,0.069
2180,12,0.069
2180,13,0.07
2180,14,0.07
2180,15,0.071
2180,16,0.073
2180,17,0.079
2180,18,0.102
2180,19,0.125
2180,20,0.142
2180,21,0.149
2180,22,0.179
2180,23,0.23
2180,24,0.291
2180,25,0.388
2180,26,0.439
2180,27,0.516
2180,28,0.602
2180,29,0.654
2180,30,0.675
2180,31,0.688
2180,32,0.702
2180,33,0.719
2180,34,0.731
2180,35,0.739
2180,36,0.748
2180,37,0.758
2180,38,0.766
2180,39,0.771
2180,40,0.775
2180,41,0.777
2180,42,0.78
2180,43,0.782
2180,44,0.784
2180,45,0.786
2180,46,0.789
2180,47,0.794
2180,48,0.801
2180,49,0.807
2180,50,0.813
2180,51,0.817
2180,52,0.82
2181,1,0.0
2181,2,0.003
2181,3,0.01
2181,4,0.019
2181,5,0.021
2181,6,0.027
2181,7,0.029
2181,8,0.036
2181,9,0.043
2181,10,0.049
2181,11,0.054
2181,12,0.055
2181,13,0.055
2181,14,0.055
2181,15,0.056
2181,16,0.058
2181,17,0.063
2181,18,0.081
2181,19,0.115
2181,20,0.14
2181,21,0.145
2181,22,0.202
2181,23,0.249
2181,24,0.288
2181,25,0.388
2181,26,0.426
2181,27,0.508
2181,28,0.608
2181,29,0.638
2181,30,0.661
2181,31,0.68
2181,32,0.7
2181,33,0.714
2181,34,0.727
2181,35,0.732
2181,36,0.739
2181,37,0.748
2181,38,0.759
2181,39,0.766
2181,40,0.774
2181,41,0.781
2181,42,0.785
2181,43,0.787
2181,44,0.789
2181,45,0.791
2181,46,0.792
2181,47,0.798
2181,48,0.801
2181,49,0.806
2181,50,0.812
2181,51,0.818
2181,52,0.82
2182,1,0.001
2182,2,0.009
2182,3,0.015
2182,4,0.021
2182,5,0.028
2182,6,0.033
2182,7,0.037
2182,8,0.047
2182,9,0.055
2182,10,0.058
2182,11,0.059
2182,12,0.059
2182,13,0.059
2182,14,0.06
2182,15,0.06
2182,16,0.063
2182,17,0.072
2182,18,0.101
2182,19,0.136
2182,20,0.15
2182,21,0.162
2182,22,0.206
2182,23,0.266
2182,24,0.347
2182,25,0.415
2182,26,0.47
2182,27,0.566
2182,28,0.614
2182,29,0.641
2182,30,0.657
2182,31,0.669
2182,32,0.69
2182,33,0.701
2182,34,0.713
2182,35,0.728
2182,36,0.738
2182,37,0.744
2182,38,0.752
2182,39,0.756
2182,40,0.76
2182,41,0.764
2182,42,0.767
2182,43,0.771
2182,44,0.773
2182,45,0.774
2182,46,0.778
2182,47,0.783
2182,48,0.788
2182,49,0.795
2182,50,0.802
2182,51,0.807
2182,52,0.808
2183,1,0.002
2183,2,0.017
2183,3,0.024
2183,4,0.028
2183,5,0.035
2183,6,0.043
2183,7,0.044
2183,8,0.05
2183,9,0.063
2183,10,0.072
2183,11,0.073
2183,12,0.073
2183,13,0.073
2183,14,0.073
2183,15,0.073
2183,16,0.08
2183,17,0.089
2183,18,0.136
2183,19,0.176
2183,20,0.19
2183,21,0.197
2183,22,0.273
2183,23,0.306
2183,24,0.357
2183,25,0.424
2183,26,0.498
2183,27,0.569
2183,28,0.619
2183,29,0.65
2183,30,0.666
2183,31,0.685
2183,32,0.699
2183,33,0.714
2183,34,0.725
2183,35,0.737
2183,36,0.746
2183,37,0.754
2183,38,0.762
2183,39,0.767
2183,40,0.773
2183,41,0.778
2183,42,0.779
2183,43,0.781
2183,44,0.783
2183,45,0.785
2183,46,0.787
2183,47,0.793
2183,48,0.797
2183,49,0.803
2183,50,0.807
2183,51,0.813
2183,52,0.814
2184,1,0.002
2184,2,0.018
2184,3,0.023
2184,4,0.032
2184,5,0.038
2184,6,0.049
2184,7,0.061
2184,8,0.08
2184,9,0.083
2184,10,0.093
2184,11,0.096
2184,12,0.097
2184,13,0.097
2184,14,0.097
2184,15,0.098
2184,16,0.1
2184,17,0.106
2184,18,0.123
2184,19,0.162
2184,20,0.184
2184,21,0.199
2184,22,0.25
2184,23,0.289
2184,24,0.364
2184,25,0.431
2184,26,0.499
2184,27,0.585
2184,28,0.639
2184,29,0.667
2184,30,0.687
2184,31,0.701
2184,32,0.715
2184,33,0.731
2184,34,0.742
2184,35,0.753
2184,36,0.762
2184,37,0.769
2184,38,0.775
2184,39,0.779
2184,40,0.782
2184,41,0.784
2184,42,0.787
2184,43,0.789
2184,44,0.791
2184,45,0.792
2184,46,0.795
2184,47,0.798
2184,48,0.807
2184,49,0.813
2184,50,0.819
2184,51,0.823
2184,52,0.824
2260,1,0.002
2260,2,0.016
2260,3,0.032
2260,4,0.034
2260,5,0.034
2260,6,0.035
2260,7,0.059
2260,8,0.077
2260,9,0.094
2260,10,0.105
2260,11,0.105
2260,12,0.106
2260,13,0.106
2260,14,0.107
2260,15,0.107
2260,16,0.11
2260,17,0.111
2260,18,0.123
2260,19,0.156
2260,20,0.17
2260,21,0.192
2260,22,0.202
2260,23,0.208
2260,24,0.23
2260,25,0.276
2260,26,0.376
2260,27,0.472
2260,28,0.559
2260,29,0.621
2260,30,0.654
2260,31,0.688
2260,32,0.711
2260,33,0.734
2260,34,0.747
2260,35,0.771
2260,36,0.777
2260,37,0.78
2260,38,0.783
2260,39,0.791
2260,40,0.792
2260,41,0.793
2260,42,0.793
2260,43,0.801
2260,44,0.801
2260,45,0.803
2260,46,0.803
2260,47,0.807
2260,48,0.81
2260,49,0.816
2260,50,0.821
2260,51,0.826
2260,52,0.826
2262,1,0.002
2262,2,0.01
2262,3,0.02
2262,4,0.024
2262,5,0.025
2262,6,0.026
2262,7,0.027
2262,8,0.044
2262,9,0.055
2262,10,0.062
2262,11,0.063
2262,12,0.064
2262,13,0.064
2262,14,0.064
2262,15,0.065
2262,16,0.066
2262,17,0.079
2262,18,0.117
2262,19,0.16
2262,20,0.172
2262,21,0.174
2262,22,0.18
2262,23,0.186
2262,24,0.195
2262,25,0.241
2262,26,0.342
2262,27,0.495
2262,28,0.613
2262,29,0.684
2262,30,0.707
2262,31,0.722
2262,32,0.737
2262,33,0.754
2262,34,0.763
2262,35,0.781
2262,36,0.789
2262,37,0.795
2262,38,0.799
2262,39,0.804
2262,40,0.806
2262,41,0.808
2262,42,0.81
2262,43,0.815
2262,44,0.816
2262,45,0.816
2262,46,0.818
2262,47,0.821
2262,48,0.826
2262,49,0.833
2262,50,0.841
2262,51,0.843
2262,52,0.843
2280,1,0.003
2280,2,0.015
2280,3,0.033
2280,4,0.038
2280,5,0.039
2280,6,0.04
2280,7,0.04
2280,8,0.059
2280,9,0.063
2280,10,0.067
2280,11,0.068
2280,12,0.07
2280,13,0.07
2280,14,0.07
2280,15,0.071
2280,16,0.072
2280,17,0.082
2280,18,0.099
2280,19,0.126
2280,20,0.15
2280,21,0.16
2280,22,0.173
2280,23,0.183
2280,24,0.197
2280,25,0.297
2280,26,0.374
2280,27,0.518
2280,28,0.659
2280,29,0.703
2280,30,0.722
2280,31,0.737
2280,32,0.752
2280,33,0.767
2280,34,0.781
2280,35,0.797
2280,36,0.806
2280,37,0.812
2280,38,0.819
2280,39,0.824
2280,40,0.826
2280,41,0.828
2280,42,0.83
2280,43,0.833
2280,44,0.836
2280,45,0.837
2280,46,0.838
2280,47,0.84
2280,48,0.844
2280,49,0.849
2280,50,0.854
2280,51,0.857
2280,52,0.857
2281,1,0.001
2281,2,0.004
2281,3,0.012
2281,4,0.015
2281,5,0.016
2281,6,0.018
2281,7,0.022
2281,8,0.034
2281,9,0.048
2281,10,0.062
2281,11,0.064
2281,12,0.064
2281,13,0.064
2281,14,0.065
2281,15,0.067
2281,16,0.069
2281,17,0.082
2281,18,0.118
2281,19,0.148
2281,20,0.158
2281,21,0.162
2281,22,0.171
2281,23,0.18
2281,24,0.193
2281,25,0.249
2281,26,0.361
2281,27,0.519
2281,28,0.632
2281,29,0.704
2281,30,0.722
2281,31,0.736
2281,32,0.748
2281,33,0.763
2281,34,0.772
2281,35,0.792
2281,36,0.799
2281,37,0.804
2281,38,0.809
2281,39,0.813
2281,40,0.814
2281,41,0.818
2281,42,0.819
2281,43,0.822
2281,44,0.824
2281,45,0.825
2281,46,0.827
2281,47,0.83
2281,48,0.833
2281,49,0.839
2281,50,0.844
2281,51,0.847
2281,52,0.847
2282,1,0.0
2282,2,0.011
2282,3,0.027
2282,4,0.032
2282,5,0.032
2282,6,0.037
2282,7,0.041
2282,8,0.05
2282,9,0.054
2282,10,0.062
2282,11,0.064
2282,12,0.064
2282,13,0.065
2282,14,0.065
2282,15,0.065
2282,16,0.07
2282,17,0.079
2282,18,0.098
2282,19,0.13
2282,20,0.141
2282,21,0.153
2282,22,0.165
2282,23,0.197
2282,24,0.241
2282,25,0.299
2282,26,0.401
2282,27,0.505
2282,28,0.609
2282,29,0.631
2282,30,0.642
2282,31,0.661
2282,32,0.678
2282,33,0.694
2282,34,0.714
2282,35,0.731
2282,36,0.745
2282,37,0.752
2282,38,0.758
2282,39,0.762
2282,40,0.765
2282,41,0.767
2282,42,0.768
2282,43,0.773
2282,44,0.775
2282,45,0.777
2282,46,0.78
2282,47,0.782
2282,48,0.787
2282,49,0.791
2282,50,0.796
2282,51,0.8
2282,52,0.8
2283,1,0.0
2283,2,0.009
2283,3,0.015
2283,4,0.016
2283,5,0.016
2283,6,0.029
2283,7,0.04
2283,8,0.051
2283,9,0.061
2283,10,0.07
2283,11,0.077
2283,12,0.078
2283,13,0.078
2283,14,0.078
2283,15,0.078
2283,16,0.079
2283,17,0.092
2283,18,0.114
2283,19,0.142
2283,20,0.161
2283,21,0.165
2283,22,0.17
2283,23,0.182
2283,24,0.216
2283,25,0.284
2283,26,0.381
2283,27,0.531
2283,28,0.63
2283,29,0.635
2283,30,0.657
2283,31,0.68
2283,32,0.7
2283,33,0.715
2283,34,0.733
2283,35,0.752
2283,36,0.762
2283,37,0.767
2283,38,0.774
2283,39,0.776
2283,40,0.778
2283,41,0.783
2283,42,0.784
2283,43,0.788
2283,44,0.79
2283,45,0.791
2283,46,0.792
2283,47,0.796
2283,48,0.8
2283,49,0.806
2283,50,0.81
2283,51,0.811
2283,52,0.811
2284,1,0.001
2284,2,0.009
2284,3,0.025
2284,4,0.031
2284,5,0.032
2284,6,0.035
2284,7,0.045
2284,8,0.053
2284,9,0.067
2284,10,0.071
2284,11,0.076
2284,12,0.077
2284,13,0.078
2284,14,0.078
2284,15,0.078
2284,16,0.087
2284,17,0.101
2284,18,0.12
2284,19,0.161
2284,20,0.177
2284,21,0.18
2284,22,0.186
2284,23,0.195
2284,24,0.216
2284,25,0.279
2284,26,0.439
2284,27,0.581
2284,28,0.69
2284,29,0.728
2284,30,0.744
2284,31,0.756
2284,32,0.774
2284,33,0.783
2284,34,0.797
2284,35,0.812
2284,36,0.816
2284,37,0.822
2284,38,0.829
2284,39,0.83
2284,40,0.833
2284,41,0.836
2284,42,0.837
2284,43,0.839
2284,44,0.841
2284,45,0.842
2284,46,0.843
2284,47,0.846
2284,48,0.849
2284,49,0.852
2284,50,0.857
2284,51,0.86
2284,52,0.86
2303,1,0.008
2303,2,0.011
2303,3,0.012
2303,4,0.021
2303,5,0.023
2303,6,0.024
2303,7,0.024
2303,8,0.05
2303,9,0.069
2303,10,0.077
2303,11,0.08
2303,12,0.082
2303,13,0.082
2303,14,0.082
2303,15,0.082
2303,16,0.083
2303,17,0.093
2303,18,0.108
2303,19,0.158
2303,20,0.175
2303,21,0.197
2303,22,0.198
2303,23,0.239
2303,24,0.266
2303,25,0.305
2303,26,0.314
2303,27,0.34
2303,28,0.441
2303,29,0.589
2303,30,0.601
2303,31,0.625
2303,32,0.634
2303,33,0.673
2303,34,0.679
2303,35,0.687
2303,36,0.704
2303,37,0.709
2303,38,0.731
2303,39,0.735
2303,40,0.743
2303,41,0.746
2303,42,0.75
2303,43,0.751
2303,44,0.755
2303,45,0.758
2303,46,0.761
2303,47,0.766
2303,48,0.775
2303,49,0.78
2303,50,0.787
2303,51,0.789
2303,52,0.79
2305,1,0.004
2305,2,0.007
2305,3,0.013
2305,4,0.016
2305,5,0.021
2305,6,0.021
2305,7,0.043
2305,8,0.047
2305,9,0.068
2305,10,0.075
2305,11,0.075
2305,12,0.076
2305,13,0.076
2305,14,0.076
2305,15,0.076
2305,16,0.081
2305,17,0.089
2305,18,0.127
2305,19,0.14
2305,20,0.179
2305,21,0.195
2305,22,0.202
2305,23,0.212
2305,24,0.271
2305,25,0.32
2305,26,0.41
2305,27,0.477
2305,28,0.515
2305,29,0.551
2305,30,0.562
2305,31,0.616
2305,32,0.644
2305,33,0.67
2305,34,0.682
2305,35,0.689
2305,36,0.7
2305,37,0.703
2305,38,0.716
2305,39,0.723
2305,40,0.727
2305,41,0.732
2305,42,0.737
2305,43,0.739
2305,44,0.743
2305,45,0.744
2305,46,0.747
2305,47,0.749
2305,48,0.756
2305,49,0.763
2305,50,0.772
2305,51,0.774
2305,52,0.774
2309,1,0.002
2309,2,0.006
2309,3,0.012
2309,4,0.015
2309,5,0.015
2309,6,0.015
2309,7,0.024
2309,8,0.029
2309,9,0.041
2309,10,0.059
2309,11,0.067
2309,12,0.068
2309,13,0.068
2309,14,0.068
2309,15,0.068
2309,16,0.08
2309,17,0.101
2309,18,0.127
2309,19,0.159
2309,20,0.198
2309,21,0.21
2309,22,0.269
2309,23,0.306
2309,24,0.33
2309,25,0.41
2309,26,0.467
2309,27,0.555
2309,28,0.611
2309,29,0.658
2309,30,0.672
2309,31,0.716
2309,32,0.731
2309,33,0.758
2309,34,0.774
2309,35,0.788
2309,36,0.801
2309,37,0.807
2309,38,0.819
2309,39,0.826
2309,40,0.828
2309,41,0.831
2309,42,0.833
2309,43,0.835
2309,44,0.836
2309,45,0.837
2309,46,0.84
2309,47,0.842
2309,48,0.845
2309,49,0.85
2309,50,0.853
2309,51,0.856
2309,52,0.856
2313,1,0.0
2313,2,0.004
2313,3,0.009
2313,4,0.011
2313,5,0.012
2313,6,0.013
2313,7,0.014
2313,8,0.025
2313,9,0.052
2313,10,0.057
2313,11,0.058
2313,12,0.059
2313,13,0.059
2313,14,0.059
2313,15,0.059
2313,16,0.061
2313,17,0.074
2313,18,0.086
2313,19,0.099
2313,20,0.135
2313,21,0.142
2313,22,0.158
2313,23,0.182
2313,24,0.211
2313,25,0.343
2313,26,0.425
2313,27,0.553
2313,28,0.58
2313,29,0.62
2313,30,0.623
2313,31,0.627
2313,32,0.66
2313,33,0.691
2313,34,0.709
2313,35,0.711
2313,36,0.732
2313,37,0.743
2313,38,0.756
2313,39,0.762
2313,40,0.762
2313,41,0.766
2313,42,0.768
2313,43,0.769
2313,44,0.77
2313,45,0.772
2313,46,0.775
2313,47,0.777
2313,48,0.78
2313,49,0.784
2313,50,0.79
2313,51,0.792
2313,52,0.795
2321,1,0.005
2321,2,0.008
2321,3,0.016
2321,4,0.018
2321,5,0.019
2321,6,0.019
2321,7,0.019
2321,8,0.038
2321,9,0.043
2321,10,0.047
2321,11,0.048
2321,12,0.048
2321,13,0.049
2321,14,0.049
2321,15,0.049
2321,16,0.052
2321,17,0.059
2321,18,0.065
2321,19,0.094
2321,20,0.12
2321,21,0.123
2321,22,0.171
2321,23,0.221
2321,24,0.227
2321,25,0.278
2321,26,0.333
2321,27,0.448
2321,28,0.502
2321,29,0.545
2321,30,0.568
2321,31,0.602
2321,32,0.657
2321,33,0.695
2321,34,0.712
2321,35,0.741
2321,36,0.759
2321,37,0.775
2321,38,0.785
2321,39,0.792
2321,40,0.799
2321,41,0.801
2321,42,0.807
2321,43,0.808
2321,44,0.809
2321,45,0.811
2321,46,0.814
2321,47,0.819
2321,48,0.824
2321,49,0.826
2321,50,0.831
2321,51,0.834
2321,52,0.835
2326,1,0.0
2326,2,0.007
2326,3,0.015
2326,4,0.015
2326,5,0.016
2326,6,0.019
2326,7,0.026
2326,8,0.048
2326,9,0.062
2326,10,0.078
2326,11,0.079
2326,12,0.08
2326,13,0.08
2326,14,0.08
2326,15,0.08
2326,16,0.082
2326,17,0.089
2326,18,0.11
2326,19,0.127
2326,20,0.145
2326,21,0.157
2326,22,0.183
2326,23,0.2
2326,24,0.216
2326,25,0.258
2326,26,0.266
2326,27,0.431
2326,28,0.46
2326,29,0.535
2326,30,0.54
2326,31,0.568
2326,32,0.575
2326,33,0.615
2326,34,0.639
2326,35,0.659
2326,36,0.688
2326,37,0.707
2326,38,0.723
2326,39,0.734
2326,40,0.739
2326,41,0.742
2326,42,0.749
2326,43,0.751
2326,44,0.755
2326,45,0.756
2326,46,0.759
2326,47,0.765
2326,48,0.772
2326,49,0.782
2326,50,0.788
2326,51,0.791
2326,52,0.792
2361,1,0.0
2361,2,0.012
2361,3,0.02
2361,4,0.023
2361,5,0.023
2361,6,0.023
2361,7,0.024
2361,8,0.033
2361,9,0.058
2361,10,0.069
2361,11,0.073
2361,12,0.073
2361,13,0.073
2361,14,0.073
2361,15,0.075
2361,16,0.079
2361,17,0.083
2361,18,0.097
2361,19,0.111
2361,20,0.118
2361,21,0.122
2361,22,0.187
2361,23,0.216
2361,24,0.235
2361,25,0.3
2361,26,0.388
2361,27,0.497
2361,28,0.559
2361,29,0.58
2361,30,0.608
2361,31,0.652
2361,32,0.676
2361,33,0.703
2361,34,0.717
2361,35,0.739
2361,36,0.748
2361,37,0.759
2361,38,0.765
2361,39,0.771
2361,40,0.773
2361,41,0.776
2361,42,0.78
2361,43,0.78
2361,44,0.782
2361,45,0.783
2361,46,0.785
2361,47,0.789
2361,48,0.791
2361,49,0.799
2361,50,0.802
2361,51,0.803
2361,52,0.804
2380,1,0.003
2380,2,0.006
2380,3,0.01
2380,4,0.014
2380,5,0.015
2380,6,0.016
2380,7,0.019
2380,8,0.031
2380,9,0.041
2380,10,0.063
2380,11,0.067
2380,12,0.067
2380,13,0.067
2380,14,0.068
2380,15,0.068
2380,16,0.088
2380,17,0.113
2380,18,0.142
2380,19,0.172
2380,20,0.206
2380,21,0.222
2380,22,0.251
2380,23,0.277
2380,24,0.302
2380,25,0.34
2380,26,0.377
2380,27,0.495
2380,28,0.597
2380,29,0.658
2380,30,0.672
2380,31,0.703
2380,32,0.721
2380,33,0.743
2380,34,0.751
2380,35,0.765
2380,36,0.777
2380,37,0.788
2380,38,0.798
2380,39,0.804
2380,40,0.809
2380,41,0.813
2380,42,0.815
2380,43,0.817
2380,44,0.819
2380,45,0.82
2380,46,0.822
2380,47,0.826
2380,48,0.831
2380,49,0.838
2380,50,0.845
2380,51,0.847
2380,52,0.848
2401,1,0.0
2401,2,0.002
2401,3,0.016
2401,4,0.043
2401,5,0.048
2401,6,0.05
2401,7,0.052
2401,8,0.084
2401,9,0.089
2401,10,0.094
2401,11,0.096
2401,12,0.097
2401,13,0.114
2401,14,0.114
2401,15,0.116
2401,16,0.119
2401,17,0.126
2401,18,0.14
2401,19,0.165
2401,20,0.192
2401,21,0.214
2401,22,0.223
2401,23,0.237
2401,24,0.261
2401,25,0.287
2401,26,0.403
2401,27,0.479
2401,28,0.582
2401,29,0.63
2401,30,0.671
2401,31,0.684
2401,32,0.698
2401,33,0.726
2401,34,0.746
2401,35,0.763
2401,36,0.779
2401,37,0.795
2401,38,0.805
2401,39,0.812
2401,40,0.816
2401,41,0.821
2401,42,0.823
2401,43,0.826
2401,44,0.828
2401,45,0.829
2401,46,0.83
2401,47,0.834
2401,48,0.841
2401,49,0.846
2401,50,0.849
2401,51,0.852
2401,52,0.853
2403,1,0.001
2403,2,0.005
2403,3,0.032
2403,4,0.036
2403,5,0.06
2403,6,0.061
2403,7,0.062
2403,8,0.065
2403,9,0.07
2403,10,0.071
2403,11,0.071
2403,12,0.071
2403,13,0.09
2403,14,0.091
2403,15,0.097
2403,16,0.103
2403,17,0.107
2403,18,0.123
2403,19,0.145
2403,20,0.159
2403,21,0.177
2403,22,0.196
2403,23,0.199
2403,24,0.203
2403,25,0.226
2403,26,0.286
2403,27,0.395
2403,28,0.511
2403,29,0.531
2403,30,0.633
2403,31,0.653
2403,32,0.666
2403,33,0.693
2403,34,0.701
2403,35,0.738
2403,36,0.761
2403,37,0.761
2403,38,0.774
2403,39,0.776
2403,40,0.787
2403,41,0.797
2403,42,0.798
2403,43,0.803
2403,44,0.804
2403,45,0.808
2403,46,0.811
2403,47,0.811
2403,48,0.818
2403,49,0.827
2403,50,0.828
2403,51,0.832
2403,52,0.832
2404,1,0.001
2404,2,0.01
2404,3,0.033
2404,4,0.056
2404,5,0.064
2404,6,0.064
2404,7,0.066
2404,8,0.07
2404,9,0.094
2404,10,0.1
2404,11,0.101
2404,12,0.103
2404,13,0.104
2404,14,0.104
2404,15,0.106
2404,16,0.107
2404,17,0.111
2404,18,0.13
2404,19,0.147
2404,20,0.168
2404,21,0.198
2404,22,0.208
2404,23,0.217
2404,24,0.23
2404,25,0.295
2404,26,0.344
2404,27,0.457
2404,28,0.524
2404,29,0.625
2404,30,0.65
2404,31,0.683
2404,32,0.697
2404,33,0.714
2404,34,0.736
2404,35,0.745
2404,36,0.767
2404,37,0.776
2404,38,0.781
2404,39,0.785
2404,40,0.794
2404,41,0.799
2404,42,0.801
2404,43,0.802
2404,44,0.804
2404,45,0.806
2404,46,0.807
2404,47,0.81
2404,48,0.811
2404,49,0.816
2404,50,0.825
2404,51,0.825
2404,52,0.825
2409,1,0.001
2409,2,0.008
2409,3,0.021
2409,4,0.021
2409,5,0.031
2409,6,0.036
2409,7,0.038
2409,8,0.041
2409,9,0.044
2409,10,0.049
2409,11,0.065
2409,12,0.066
2409,13,0.077
2409,14,0.079
2409,15,0.081
2409,16,0.096
2409,17,0.109
2409,18,0.122
2409,19,0.129
2409,20,0.15
2409,21,0.162
2409,22,0.176
2409,23,0.19
2409,24,0.204
2409,25,0.254
2409,26,0.301
2409,27,0.422
2409,28,0.519
2409,29,0.628
2409,30,0.673
2409,31,0.708
2409,32,0.736
2409,33,0.757
2409,34,0.777
2409,35,0.786
2409,36,0.797
2409,37,0.806
2409,38,0.812
2409,39,0.822
2409,40,0.823
2409,41,0.824
2409,42,0.827
2409,43,0.829
2409,44,0.83
2409,45,0.831
2409,46,0.832
2409,47,0.833
2409,48,0.838
2409,49,0.843
2409,50,0.85
2409,51,0.851
2409,52,0.853
2417,1,0.0
2417,2,0.02
2417,3,0.046
2417,4,0.051
2417,5,0.057
2417,6,0.059
2417,7,0.059
2417,8,0.06
2417,9,0.064
2417,10,0.066
2417,11,0.083
2417,12,0.083
2417,13,0.083
2417,14,0.084
2417,15,0.086
2417,16,0.088
2417,17,0.096
2417,18,0.102
2417,19,0.116
2417,20,0.146
2417,21,0.164
2417,22,0.182
2417,23,0.197
2417,24,0.212
2417,25,0.333
2417,26,0.364
2417,27,0.419
2417,28,0.576
2417,29,0.618
2417,30,0.657
2417,31,0.67
2417,32,0.71
2417,33,0.736
2417,34,0.753
2417,35,0.766
2417,36,0.793
2417,37,0.809
2417,38,0.832
2417,39,0.836
2417,40,0.839
2417,41,0.84
2417,42,0.841
2417,43,0.841
2417,44,0.841
2417,45,0.844
2417,46,0.846
2417,47,0.849
2417,48,0.853
2417,49,0.86
2417,50,0.863
2417,51,0.866
2417,52,0.866
2418,1,0.001
2418,2,0.042
2418,3,0.092
2418,4,0.098
2418,5,0.098
2418,6,0.099
2418,7,0.101
2418,8,0.103
2418,9,0.105
2418,10,0.113
2418,11,0.119
2418,12,0.119
2418,13,0.121
2418,14,0.121
2418,15,0.121
2418,16,0.122
2418,17,0.126
2418,18,0.13
2418,19,0.144
2418,20,0.161
2418,21,0.177
2418,22,0.184
2418,23,0.191
2418,24,0.201
2418,25,0.213
2418,26,0.267
2418,27,0.331
2418,28,0.365
2418,29,0.448
2418,30,0.552
2418,31,0.562
2418,32,0.569
2418,33,0.586
2418,34,0.653
2418,35,0.685
2418,36,0.707
2418,37,0.73
2418,38,0.747
2418,39,0.758
2418,40,0.766
2418,41,0.767
2418,42,0.775
2418,43,0.775
2418,44,0.781
2418,45,0.781
2418,46,0.785
2418,47,0.796
2418,48,0.799
2418,49,0.805
2418,50,0.811
2418,51,0.815
2418,52,0.82
2421,1,0.0
2421,2,0.023
2421,3,0.032
2421,4,0.053
2421,5,0.077
2421,6,0.077
2421,7,0.077
2421,8,0.083
2421,9,0.094
2421,10,0.106
2421,11,0.111
2421,12,0.112
2421,13,0.112
2421,14,0.112
2421,15,0.113
2421,16,0.116
2421,17,0.118
2421,18,0.129
2421,19,0.16
2421,20,0.221
2421,21,0.276
2421,22,0.312
2421,23,0.324
2421,24,0.382
2421,25,0.387
2421,26,0.413
2421,27,0.525
2421,28,0.607
2421,29,0.654
2421,30,0.692
2421,31,0.698
2421,32,0.701
2421,33,0.725
2421,34,0.746
2421,35,0.761
2421,36,0.766
2421,37,0.77
2421,38,0.777
2421,39,0.783
2421,40,0.786
2421,41,0.789
2421,42,0.793
2421,43,0.794
2421,44,0.8
2421,45,0.804
2421,46,0.808
2421,47,0.811
2421,48,0.815
2421,49,0.819
2421,50,0.82
2421,51,0.827
2421,52,0.829
2422,1,0.0
2422,2,0.003
2422,3,0.028
2422,4,0.078
2422,5,0.079
2422,6,0.079
2422,7,0.08
2422,8,0.086
2422,9,0.087
2422,10,0.095
2422,11,0.1
2422,12,0.101
2422,13,0.103
2422,14,0.105
2422,15,0.107
2422,16,0.113
2422,17,0.118
2422,18,0.13
2422,19,0.141
2422,20,0.193
2422,21,0.224
2422,22,0.233
2422,23,0.234
2422,24,0.264
2422,25,0.287
2422,26,0.438
2422,27,0.509
2422,28,0.52
2422,29,0.562
2422,30,0.625
2422,31,0.632
2422,32,0.634
2422,33,0.684
2422,34,0.704
2422,35,0.716
2422,36,0.722
2422,37,0.738
2422,38,0.743
2422,39,0.751
2422,40,0.763
2422,41,0.772
2422,42,0.775
2422,43,0.775
2422,44,0.776
2422,45,0.779
2422,46,0.78
2422,47,0.789
2422,48,0.792
2422,49,0.795
2422,50,0.797
2422,51,0.799
2422,52,0.799
2425,1,0.0
2425,2,0.003
2425,3,0.03
2425,4,0.079
2425,5,0.08
2425,6,0.085
2425,7,0.085
2425,8,0.086
2425,9,0.096
2425,10,0.1
2425,11,0.102
2425,12,0.105
2425,13,0.106
2425,14,0.106
2425,15,0.106
2425,16,0.109
2425,17,0.115
2425,18,0.133
2425,19,0.142
2425,20,0.158
2425,21,0.198
2425,22,0.218
2425,23,0.228
2425,24,0.264
2425,25,0.318
2425,26,0.362
2425,27,0.437
2425,28,0.509
2425,29,0.557
2425,30,0.583
2425,31,0.602
2425,32,0.635
2425,33,0.685
2425,34,0.735
2425,35,0.799
2425,36,0.827
2425,37,0.851
2425,38,0.857
2425,39,0.857
2425,40,0.864
2425,41,0.867
2425,42,0.868
2425,43,0.87
2425,44,0.877
2425,45,0.877
2425,46,0.878
2425,47,0.878
2425,48,0.881
2425,49,0.881
2425,50,0.883
2425,51,0.884
2425,52,0.885
2460,1,0.001
2460,2,0.015
2460,3,0.033
2460,4,0.037
2460,5,0.039
2460,6,0.041
2460,7,0.042
2460,8,0.044
2460,9,0.055
2460,10,0.076
2460,11,0.078
2460,12,0.08
2460,13,0.085
2460,14,0.088
2460,15,0.094
2460,16,0.097
2460,17,0.104
2460,18,0.121
2460,19,0.153
2460,20,0.176
2460,21,0.191
2460,22,0.205
2460,23,0.219
2460,24,0.234
2460,25,0.277
2460,26,0.392
2460,27,0.464
2460,28,0.605
2460,29,0.648
2460,30,0.699
2460,31,0.723
2460,32,0.741
2460,33,0.766
2460,34,0.777
2460,35,0.792
2460,36,0.807
2460,37,0.819
2460,38,0.828
2460,39,0.834
2460,40,0.839
2460,41,0.844
2460,42,0.846
2460,43,0.847
2460,44,0.849
2460,45,0.852
2460,46,0.854
2460,47,0.857
2460,48,0.861
2460,49,0.864
2460,50,0.868
2460,51,0.869
2460,52,0.87
2462,1,0.0
2462,2,0.03
2462,3,0.056
2462,4,0.08
2462,5,0.081
2462,6,0.081
2462,7,0.081
2462,8,0.103
2462,9,0.109
2462,10,0.112
2462,11,0.113
2462,12,0.113
2462,13,0.113
2462,14,0.114
2462,15,0.124
2462,16,0.126
2462,17,0.132
2462,18,0.134
2462,19,0.144
2462,20,0.175
2462,21,0.208
2462,22,0.22
2462,23,0.229
2462,24,0.235
2462,25,0.245
2462,26,0.268
2462,27,0.316
2462,28,0.407
2462,29,0.463
2462,30,0.511
2462,31,0.555
2462,32,0.594
2462,33,0.644
2462,34,0.689
2462,35,0.733
2462,36,0.747
2462,37,0.763
2462,38,0.768
2462,39,0.778
2462,40,0.788
2462,41,0.788
2462,42,0.793
2462,43,0.799
2462,44,0.799
2462,45,0.8
2462,46,0.804
2462,47,0.809
2462,48,0.81
2462,49,0.812
2462,50,0.824
2462,51,0.826
2462,52,0.833
2463,1,0.0
2463,2,0.0
2463,3,0.024
2463,4,0.068
2463,5,0.09
2463,6,0.09
2463,7,0.09
2463,8,0.093
2463,9,0.13
2463,10,0.157
2463,11,0.157
2463,12,0.158
2463,13,0.16
2463,14,0.16
2463,15,0.16
2463,16,0.163
2463,17,0.166
2463,18,0.179
2463,19,0.204
2463,20,0.253
2463,21,0.343
2463,22,0.416
2463,23,0.422
2463,24,0.512
2463,25,0.597
2463,26,0.622
2463,27,0.655
2463,28,0.715
2463,29,0.725
2463,30,0.748
2463,31,0.755
2463,32,0.76
2463,33,0.77
2463,34,0.771
2463,35,0.781
2463,36,0.785
2463,37,0.791
2463,38,0.794
2463,39,0.794
2463,40,0.798
2463,41,0.8
2463,42,0.801
2463,43,0.802
2463,44,0.808
2463,45,0.81
2463,46,0.811
2463,47,0.814
2463,48,0.82
2463,49,0.82
2463,50,0.824
2463,51,0.826
2463,52,0.826
2480,1,0.001
2480,2,0.006
2480,3,0.01
2480,4,0.016
2480,5,0.018
2480,6,0.02
2480,7,0.023
2480,8,0.029
2480,9,0.043
2480,10,0.052
2480,11,0.057
2480,12,0.06
2480,13,0.063
2480,14,0.064
2480,15,0.066
2480,16,0.069
2480,17,0.079
2480,18,0.101
2480,19,0.123
2480,20,0.149
2480,21,0.168
2480,22,0.182
2480,23,0.196
2480,24,0.217
2480,25,0.262
2480,26,0.329
2480,27,0.414
2480,28,0.55
2480,29,0.634
2480,30,0.707
2480,31,0.748
2480,32,0.775
2480,33,0.797
2480,34,0.809
2480,35,0.82
2480,36,0.832
2480,37,0.839
2480,38,0.845
2480,39,0.849
2480,40,0.852
2480,41,0.854
2480,42,0.856
2480,43,0.858
2480,44,0.859
2480,45,0.86
2480,46,0.862
2480,47,0.866
2480,48,0.869
2480,49,0.872
2480,50,0.875
2480,51,0.876
2480,52,0.877
2481,1,0.003
2481,2,0.003
2481,3,0.034
2481,4,0.055
2481,5,0.065
2481,6,0.066
2481,7,0.067
2481,8,0.081
2481,9,0.127
2481,10,0.146
2481,11,0.153
2481,12,0.154
2481,13,0.155
2481,14,0.155
2481,15,0.158
2481,16,0.164
2481,17,0.177
2481,18,0.219
2481,19,0.261
2481,20,0.296
2481,21,0.331
2481,22,0.368
2481,23,0.4
2481,24,0.419
2481,25,0.442
2481,26,0.47
2481,27,0.559
2481,28,0.652
2481,29,0.681
2481,30,0.697
2481,31,0.719
2481,32,0.734
2481,33,0.757
2481,34,0.773
2481,35,0.779
2481,36,0.79
2481,37,0.8
2481,38,0.807
2481,39,0.811
2481,40,0.818
2481,41,0.821
2481,42,0.826
2481,43,0.828
2481,44,0.83
2481,45,0.831
2481,46,0.833
2481,47,0.836
2481,48,0.842
2481,49,0.85
2481,50,0.857
2481,51,0.863
2481,52,0.864
2482,1,0.002
2482,2,0.009
2482,3,0.014
2482,4,0.018
2482,5,0.029
2482,6,0.032
2482,7,0.038
2482,8,0.043
2482,9,0.053
2482,10,0.066
2482,11,0.074
2482,12,0.075
2482,13,0.078
2482,14,0.078
2482,15,0.081
2482,16,0.083
2482,17,0.092
2482,18,0.105
2482,19,0.117
2482,20,0.144
2482,21,0.17
2482,22,0.187
2482,23,0.192
2482,24,0.198
2482,25,0.25
2482,26,0.297
2482,27,0.391
2482,28,0.481
2482,29,0.549
2482,30,0.619
2482,31,0.646
2482,32,0.673
2482,33,0.704
2482,34,0.75
2482,35,0.772
2482,36,0.792
2482,37,0.807
2482,38,0.818
2482,39,0.824
2482,40,0.83
2482,41,0.834
2482,42,0.836
2482,43,0.839
2482,44,0.841
2482,45,0.843
2482,46,0.845
2482,47,0.848
2482,48,0.85
2482,49,0.855
2482,50,0.862
2482,51,0.864
2482,52,0.866
2505,1,0.0
2505,2,0.001
2505,3,0.009
2505,4,0.069
2505,5,0.07
2505,6,0.07
2505,7,0.071
2505,8,0.092
2505,9,0.092
2505,10,0.092
2505,11,0.094
2505,12,0.094
2505,13,0.095
2505,14,0.095
2505,15,0.096
2505,16,0.1
2505,17,0.104
2505,18,0.113
2505,19,0.142
2505,20,0.148
2505,21,0.149
2505,22,0.15
2505,23,0.254
2505,24,0.289
2505,25,0.348
2505,26,0.428
2505,27,0.493
2505,28,0.572
2505,29,0.643
2505,30,0.665
2505,31,0.679
2505,32,0.705
2505,33,0.734
2505,34,0.759
2505,35,0.779
2505,36,0.78
2505,37,0.784
2505,38,0.802
2505,39,0.802
2505,40,0.802
2505,41,0.812
2505,42,0.813
2505,43,0.816
2505,44,0.816
2505,45,0.821
2505,46,0.823
2505,47,0.829
2505,48,0.833
2505,49,0.838
2505,50,0.846
2505,51,0.847
2505,52,0.848
2506,1,0.017
2506,2,0.02
2506,3,0.029
2506,4,0.056
2506,5,0.059
2506,6,0.059
2506,7,0.06
2506,8,0.094
2506,9,0.107
2506,10,0.108
2506,11,0.11
2506,12,0.11
2506,13,0.111
2506,14,0.111
2506,15,0.111
2506,16,0.126
2506,17,0.131
2506,18,0.135
2506,19,0.167
2506,20,0.174
2506,21,0.177
2506,22,0.18
2506,23,0.2
2506,24,0.227
2506,25,0.31
2506,26,0.419
2506,27,0.528
2506,28,0.638
2506,29,0.652
2506,30,0.668
2506,31,0.671
2506,32,0.674
2506,33,0.682
2506,34,0.694
2506,35,0.759
2506,36,0.776
2506,37,0.778
2506,38,0.783
2506,39,0.784
2506,40,0.8
2506,41,0.807
2506,42,0.81
2506,43,0.813
2506,44,0.814
2506,45,0.816
2506,46,0.816
2506,47,0.825
2506,48,0.833
2506,49,0.835
2506,50,0.846
2506,51,0.846
2506,52,0.846
2510,1,0.0
2510,2,0.001
2510,3,0.005
2510,4,0.016
2510,5,0.021
2510,6,0.023
2510,7,0.051
2510,8,0.06
2510,9,0.088
2510,10,0.094
2510,11,0.094
2510,12,0.094
2510,13,0.096
2510,14,0.096
2510,15,0.096
2510,16,0.098
2510,17,0.102
2510,18,0.102
2510,19,0.107
2510,20,0.122
2510,21,0.127
2510,22,0.133
2510,23,0.143
2510,24,0.161
2510,25,0.202
2510,26,0.345
2510,27,0.507
2510,28,0.592
2510,29,0.664
2510,30,0.681
2510,31,0.694
2510,32,0.696
2510,33,0.714
2510,34,0.724
2510,35,0.738
2510,36,0.755
2510,37,0.77
2510,38,0.778
2510,39,0.78
2510,40,0.783
2510,41,0.788
2510,42,0.791
2510,43,0.792
2510,44,0.793
2510,45,0.793
2510,46,0.795
2510,47,0.799
2510,48,0.802
2510,49,0.811
2510,50,0.818
2510,51,0.822
2510,52,0.823
2513,1,0.0
2513,2,0.002
2513,3,0.008
2513,4,0.014
2513,5,0.016
2513,6,0.016
2513,7,0.016
2513,8,0.067
2513,9,0.097
2513,10,0.116
2513,11,0.118
2513,12,0.123
2513,13,0.127
2513,14,0.127
2513,15,0.127
2513,16,0.129
2513,17,0.15
2513,18,0.152
2513,19,0.155
2513,20,0.181
2513,21,0.189
2513,22,0.189
2513,23,0.211
2513,24,0.227
2513,25,0.25
2513,26,0.292
2513,27,0.372
2513,28,0.489
2513,29,0.581
2513,30,0.599
2513,31,0.603
2513,32,0.606
2513,33,0.616
2513,34,0.665
2513,35,0.67
2513,36,0.695
2513,37,0.704
2513,38,0.712
2513,39,0.724
2513,40,0.731
2513,41,0.733
2513,42,0.739
2513,43,0.74
2513,44,0.741
2513,45,0.742
2513,46,0.742
2513,47,0.747
2513,48,0.748
2513,49,0.754
2513,50,0.758
2513,51,0.758
2513,52,0.761
2514,1,0.0
2514,2,0.004
2514,3,0.006
2514,4,0.011
2514,5,0.014
2514,6,0.014
2514,7,0.014
2514,8,0.035
2514,9,0.066
2514,10,0.077
2514,11,0.077
2514,12,0.079
2514,13,0.084
2514,14,0.086
2514,15,0.086
2514,16,0.1
2514,17,0.123
2514,18,0.132
2514,19,0.139
2514,20,0.168
2514,21,0.171
2514,22,0.171
2514,23,0.198
2514,24,0.214
2514,25,0.25
2514,26,0.341
2514,27,0.433
2514,28,0.543
2514,29,0.661
2514,30,0.707
2514,31,0.712
2514,32,0.731
2514,33,0.744
2514,34,0.748
2514,35,0.766
2514,36,0.777
2514,37,0.8
2514,38,0.801
2514,39,0.813
2514,40,0.817
2514,41,0.821
2514,42,0.826
2514,43,0.827
2514,44,0.83
2514,45,0.83
2514,46,0.831
2514,47,0.839
2514,48,0.841
2514,49,0.843
2514,50,0.846
2514,51,0.85
2514,52,0.851
2518,1,0.0
2518,2,0.001
2518,3,0.005
2518,4,0.009
2518,5,0.009
2518,6,0.01
2518,7,0.029
2518,8,0.067
2518,9,0.087
2518,10,0.117
2518,11,0.129
2518,12,0.131
2518,13,0.132
2518,14,0.132
2518,15,0.132
2518,16,0.132
2518,17,0.137
2518,18,0.144
2518,19,0.151
2518,20,0.21
2518,21,0.211
2518,22,0.212
2518,23,0.226
2518,24,0.262
2518,25,0.335
2518,26,0.422
2518,27,0.524
2518,28,0.61
2518,29,0.696
2518,30,0.71
2518,31,0.721
2518,32,0.725
2518,33,0.728
2518,34,0.746
2518,35,0.751
2518,36,0.771
2518,37,0.779
2518,38,0.789
2518,39,0.794
2518,40,0.797
2518,41,0.801
2518,42,0.803
2518,43,0.806
2518,44,0.807
2518,45,0.809
2518,46,0.812
2518,47,0.815
2518,48,0.816
2518,49,0.821
2518,50,0.825
2518,51,0.828
2518,52,0.829
2521,1,0.0
2521,2,0.0
2521,3,0.002
2521,4,0.018
2521,5,0.018
2521,6,0.018
2521,7,0.034
2521,8,0.057
2521,9,0.076
2521,10,0.092
2521,11,0.093
2521,12,0.093
2521,13,0.094
2521,14,0.094
2521,15,0.095
2521,16,0.097
2521,17,0.102
2521,18,0.106
2521,19,0.111
2521,20,0.132
2521,21,0.137
2521,22,0.138
2521,23,0.152
2521,24,0.199
2521,25,0.271
2521,26,0.329
2521,27,0.397
2521,28,0.484
2521,29,0.546
2521,30,0.56
2521,31,0.57
2521,32,0.578
2521,33,0.602
2521,34,0.642
2521,35,0.657
2521,36,0.666
2521,37,0.674
2521,38,0.69
2521,39,0.702
2521,40,0.707
2521,41,0.712
2521,42,0.713
2521,43,0.716
2521,44,0.718
2521,45,0.72
2521,46,0.724
2521,47,0.73
2521,48,0.732
2521,49,0.737
2521,50,0.74
2521,51,0.74
2521,52,0.742
2523,1,0.0
2523,2,0.002
2523,3,0.011
2523,4,0.012
2523,5,0.014
2523,6,0.014
2523,7,0.022
2523,8,0.029
2523,9,0.039
2523,10,0.064
2523,11,0.067
2523,12,0.07
2523,13,0.071
2523,14,0.072
2523,15,0.073
2523,16,0.081
2523,17,0.097
2523,18,0.111
2523,19,0.12
2523,20,0.129
2523,21,0.176
2523,22,0.203
2523,23,0.248
2523,24,0.277
2523,25,0.306
2523,26,0.339
2523,27,0.464
2523,28,0.571
2523,29,0.664
2523,30,0.694
2523,31,0.737
2523,32,0.743
2523,33,0.757
2523,34,0.762
2523,35,0.764
2523,36,0.775
2523,37,0.789
2523,38,0.796
2523,39,0.798
2523,40,0.799
2523,41,0.804
2523,42,0.808
2523,43,0.809
2523,44,0.81
2523,45,0.811
2523,46,0.814
2523,47,0.819
2523,48,0.822
2523,49,0.831
2523,50,0.833
2523,51,0.834
2523,52,0.835
2560,1,0.0
2560,2,0.003
2560,3,0.007
2560,4,0.044
2560,5,0.045
2560,6,0.046
2560,7,0.063
2560,8,0.074
2560,9,0.087
2560,10,0.095
2560,11,0.095
2560,12,0.096
2560,13,0.097
2560,14,0.097
2560,15,0.097
2560,16,0.101
2560,17,0.107
2560,18,0.115
2560,19,0.133
2560,20,0.171
2560,21,0.183
2560,22,0.187
2560,23,0.197
2560,24,0.215
2560,25,0.266
2560,26,0.344
2560,27,0.431
2560,28,0.507
2560,29,0.595
2560,30,0.647
2560,31,0.653
2560,32,0.672
2560,33,0.693
2560,34,0.713
2560,35,0.725
2560,36,0.736
2560,37,0.748
2560,38,0.757
2560,39,0.766
2560,40,0.771
2560,41,0.774
2560,42,0.777
2560,43,0.779
2560,44,0.782
2560,45,0.783
2560,46,0.786
2560,47,0.793
2560,48,0.797
2560,49,0.803
2560,50,0.807
2560,51,0.813
2560,52,0.814
2580,1,0.0
2580,2,0.003
2580,3,0.006
2580,4,0.013
2580,5,0.015
2580,6,0.016
2580,7,0.017
2580,8,0.023
2580,9,0.035
2580,10,0.047
2580,11,0.053
2580,12,0.056
2580,13,0.056
2580,14,0.056
2580,15,0.056
2580,16,0.062
2580,17,0.081
2580,18,0.092
2580,19,0.096
2580,20,0.125
2580,21,0.128
2580,22,0.13
2580,23,0.16
2580,24,0.183
2580,25,0.229
2580,26,0.314
2580,27,0.42
2580,28,0.555
2580,29,0.67
2580,30,0.717
2580,31,0.73
2580,32,0.752
2580,33,0.77
2580,34,0.785
2580,35,0.793
2580,36,0.799
2580,37,0.808
2580,38,0.812
2580,39,0.816
2580,40,0.817
2580,41,0.822
2580,42,0.825
2580,43,0.827
2580,44,0.829
2580,45,0.829
2580,46,0.83
2580,47,0.836
2580,48,0.837
2580,49,0.844
2580,50,0.847
2580,51,0.851
2580,52,0.852
2581,1,0.0
2581,2,0.0
2581,3,0.005
2581,4,0.009
2581,5,0.011
2581,6,0.012
2581,7,0.014
2581,8,0.02
2581,9,0.034
2581,10,0.047
2581,11,0.05
2581,12,0.054
2581,13,0.056
2581,14,0.056
2581,15,0.056
2581,16,0.057
2581,17,0.084
2581,18,0.101
2581,19,0.115
2581,20,0.142
2581,21,0.143
2581,22,0.146
2581,23,0.176
2581,24,0.206
2581,25,0.248
2581,26,0.326
2581,27,0.466
2581,28,0.586
2581,29,0.686
2581,30,0.732
2581,31,0.755
2581,32,0.781
2581,33,0.805
2581,34,0.81
2581,35,0.823
2581,36,0.832
2581,37,0.838
2581,38,0.844
2581,39,0.849
2581,40,0.849
2581,41,0.854
2581,42,0.857
2581,43,0.859
2581,44,0.86
2581,45,0.861
2581,46,0.863
2581,47,0.867
2581,48,0.87
2581,49,0.874
2581,50,0.877
2581,51,0.88
2581,52,0.882
2582,1,0.001
2582,2,0.006
2582,3,0.02
2582,4,0.025
2582,5,0.026
2582,6,0.026
2582,7,0.028
2582,8,0.036
2582,9,0.053
2582,10,0.067
2582,11,0.075
2582,12,0.076
2582,13,0.077
2582,14,0.077
2582,15,0.077
2582,16,0.085
2582,17,0.105
2582,18,0.122
2582,19,0.126
2582,20,0.159
2582,21,0.164
2582,22,0.166
2582,23,0.193
2582,24,0.205
2582,25,0.268
2582,26,0.335
2582,27,0.484
2582,28,0.59
2582,29,0.669
2582,30,0.721
2582,31,0.76
2582,32,0.764
2582,33,0.772
2582,34,0.781
2582,35,0.791
2582,36,0.804
2582,37,0.81
2582,38,0.817
2582,39,0.824
2582,40,0.825
2582,41,0.83
2582,42,0.833
2582,43,0.835
2582,44,0.837
2582,45,0.838
2582,46,0.839
2582,47,0.844
2582,48,0.846
2582,49,0.851
2582,50,0.855
2582,51,0.859
2582,52,0.861
2583,1,0.0
2583,2,0.002
2583,3,0.008
2583,4,0.034
2583,5,0.042
2583,6,0.042
2583,7,0.052
2583,8,0.054
2583,9,0.062
2583,10,0.074
2583,11,0.08
2583,12,0.081
2583,13,0.082
2583,14,0.083
2583,15,0.083
2583,16,0.083
2583,17,0.09
2583,18,0.095
2583,19,0.132
2583,20,0.145
2583,21,0.147
2583,22,0.148
2583,23,0.15
2583,24,0.174
2583,25,0.223
2583,26,0.292
2583,27,0.357
2583,28,0.462
2583,29,0.563
2583,30,0.611
2583,31,0.614
2583,32,0.616
2583,33,0.618
2583,34,0.635
2583,35,0.671
2583,36,0.673
2583,37,0.693
2583,38,0.694
2583,39,0.7
2583,40,0.701
2583,41,0.708
2583,42,0.716
2583,43,0.724
2583,44,0.725
2583,45,0.726
2583,46,0.731
2583,47,0.738
2583,48,0.74
2583,49,0.749
2583,50,0.75
2583,51,0.754
2583,52,0.754
2584,1,0.001
2584,2,0.002
2584,3,0.009
2584,4,0.014
2584,5,0.016
2584,6,0.016
2584,7,0.017
2584,8,0.027
2584,9,0.037
2584,10,0.048
2584,11,0.048
2584,12,0.051
2584,13,0.054
2584,14,0.054
2584,15,0.056
2584,16,0.057
2584,17,0.066
2584,18,0.072
2584,19,0.078
2584,20,0.085
2584,21,0.087
2584,22,0.098
2584,23,0.124
2584,24,0.209
2584,25,0.229
2584,26,0.292
2584,27,0.397
2584,28,0.49
2584,29,0.556
2584,30,0.591
2584,31,0.641
2584,32,0.683
2584,33,0.707
2584,34,0.729
2584,35,0.738
2584,36,0.745
2584,37,0.753
2584,38,0.757
2584,39,0.762
2584,40,0.763
2584,41,0.771
2584,42,0.775
2584,43,0.778
2584,44,0.779
2584,45,0.779
2584,46,0.781
2584,47,0.785
2584,48,0.786
2584,49,0.79
2584,50,0.794
2584,51,0.795
2584,52,0.796
