kommun,year,medelalder
0114,2006,38.079498
0114,2007,38.191299
0114,2008,38.367199
0114,2009,38.554199
0114,2010,38.637699
0114,2011,38.741901
0114,2012,38.852001
0114,2013,38.829498
0114,2014,38.928699
0114,2015,38.867802
0114,2016,38.882999
0114,2017,38.866199
0114,2018,38.878101
0114,2019,38.819099
0114,2020,38.9231
0114,2021,39.031101
0114,2022,39.015099
0114,2023,39.191898
0114,2024,39.424099
0114,2025,39.714699
0115,2006,36.564301
0115,2007,36.684799
0115,2008,36.727001
0115,2009,36.886002
0115,2010,36.9538
0115,2011,37.078602
0115,2012,37.287498
0115,2013,37.48
0115,2014,37.722401
0115,2015,37.887699
0115,2016,38.109901
0115,2017,38.1898
0115,2018,38.368401
0115,2019,38.532398
0115,2020,38.792702
0115,2021,39.1306
0115,2022,39.272301
0115,2023,39.6175
0115,2024,39.934101
0115,2025,40.330898
0117,2006,37.341099
0117,2007,37.6208
0117,2008,37.888901
0117,2009,38.138901
0117,2010,38.397499
0117,2011,38.678299
0117,2012,38.838501
0117,2013,39.167301
0117,2014,39.372501
0117,2015,39.424702
0117,2016,39.5047
0117,2017,39.568199
0117,2018,39.764599
0117,2019,40.0905
0117,2020,40.121799
0117,2021,40.0825
0117,2022,40.2612
0117,2023,40.6647
0117,2024,40.9282
0117,2025,41.3134
0120,2006,36.6581
0120,2007,36.647301
0120,2008,36.8806
0120,2009,37.216301
0120,2010,37.389599
0120,2011,37.591801
0120,2012,37.887199
0120,2013,38.212898
0120,2014,38.4412
0120,2015,38.657101
0120,2016,38.880901
0120,2017,38.912899
0120,2018,39.107101
0120,2019,39.404202
0120,2020,39.802399
0120,2021,40.099998
0120,2022,40.499599
0120,2023,40.961201
0120,2024,41.444801
0120,2025,41.8983
0123,2006,38.870098
0123,2007,38.851601
0123,2008,38.9081
0123,2009,38.9426
0123,2010,38.972801
0123,2011,38.9888
0123,2012,39.0769
0123,2013,39.0923
0123,2014,38.9967
0123,2015,38.941502
0123,2016,38.862598
0123,2017,38.720699
0123,2018,38.643002
0123,2019,38.5966
0123,2020,38.6161
0123,2021,38.627201
0123,2022,38.572899
0123,2023,38.754398
0123,2024,38.764099
0123,2025,38.911598
0125,2006,37.198002
0125,2007,37.170799
0125,2008,37.429001
0125,2009,37.558399
0125,2010,37.791302
0125,2011,38.0121
0125,2012,38.173599
0125,2013,38.361698
0125,2014,38.492199
0125,2015,38.66
0125,2016,38.835899
0125,2017,38.909801
0125,2018,39.067902
0125,2019,39.267101
0125,2020,39.545601
0125,2021,39.687302
0125,2022,40.030102
0125,2023,40.4767
0125,2024,40.8713
0125,2025,41.0905
0126,2006,36.5751
0126,2007,36.5275
0126,2008,36.446701
0126,2009,36.518902
0126,2010,36.479301
0126,2011,36.534599
0126,2012,36.576
0126,2013,36.638401
0126,2014,36.682899
0126,2015,36.783798
0126,2016,36.815701
0126,2017,36.819401
0126,2018,36.920101
0126,2019,37.1036
0126,2020,37.3288
0126,2021,37.545799
0126,2022,37.833801
0126,2023,38.220798
0126,2024,38.459599
0126,2025,38.718498
0127,2006,36.3363
0127,2007,36.319801
0127,2008,36.392601
0127,2009,36.494701
0127,2010,36.556198
0127,2011,36.570499
0127,2012,36.551701
0127,2013,36.648499
0127,2014,36.777302
0127,2015,36.931099
0127,2016,36.9688
0127,2017,37.011299
0127,2018,37.082199
0127,2019,37.211102
0127,2020,37.403
0127,2021,37.631802
0127,2022,37.964699
0127,2023,38.326801
0127,2024,38.630299
0127,2025,38.8302
0128,2006,36.481899
0128,2007,36.4645
0128,2008,36.672798
0128,2009,36.984798
0128,2010,37.2687
0128,2011,37.403198
0128,2012,37.575298
0128,2013,37.775501
0128,2014,37.860001
0128,2015,37.915798
0128,2016,38.124599
0128,2017,38.3745
0128,2018,38.398998
0128,2019,38.731499
0128,2020,38.8685
0128,2021,38.859001
0128,2022,39.002102
0128,2023,39.238701
0128,2024,39.521099
0128,2025,39.854401
0136,2006,37.192799
0136,2007,37.273701
0136,2008,37.303799
0136,2009,37.392399
0136,2010,37.511002
0136,2011,37.580002
0136,2012,37.662998
0136,2013,37.7314
0136,2014,37.757801
0136,2015,37.785301
0136,2016,37.764198
0136,2017,37.682999
0136,2018,37.657299
0136,2019,37.654999
0136,2020,37.675999
0136,2021,37.751499
0136,2022,37.8391
0136,2023,37.976299
0136,2024,38.227699
0136,2025,38.501202
0138,2006,36.839401
0138,2007,36.979401
0138,2008,37.271801
0138,2009,37.545799
0138,2010,37.735699
0138,2011,37.9716
0138,2012,38.235001
0138,2013,38.424702
0138,2014,38.449699
0138,2015,38.5354
0138,2016,38.649899
0138,2017,38.8866
0138,2018,39.006901
0138,2019,39.310299
0138,2020,39.447601
0138,2021,39.664299
0138,2022,39.9743
0138,2023,40.390499
0138,2024,40.750301
0138,2025,40.9743
0139,2006,37.678699
0139,2007,37.563999
0139,2008,37.626999
0139,2009,37.706902
0139,2010,37.796001
0139,2011,37.894001
0139,2012,38.019699
0139,2013,38.162701
0139,2014,38.128899
0139,2015,38.053001
0139,2016,37.916401
0139,2017,37.929199
0139,2018,37.6138
0139,2019,37.683601
0139,2020,37.5802
0139,2021,37.5154
0139,2022,37.528301
0139,2023,37.617199
0139,2024,37.862999
0139,2025,38.0116
0140,2006,37.167301
0140,2007,37.093601
0140,2008,37.1492
0140,2009,37.152802
0140,2010,37.449402
0140,2011,37.858601
0140,2012,38.007702
0140,2013,38.216702
0140,2014,38.470901
0140,2015,38.319599
0140,2016,38.556499
0140,2017,38.597198
0140,2018,38.640598
0140,2019,39.033401
0140,2020,39.102001
0140,2021,39.0518
0140,2022,39.169498
0140,2023,39.264301
0140,2024,39.604801
0140,2025,39.813801
0160,2006,39.222099
0160,2007,39.3018
0160,2008,39.408401
0160,2009,39.4893
0160,2010,39.556801
0160,2011,39.641201
0160,2012,39.673199
0160,2013,39.7645
0160,2014,39.863899
0160,2015,39.916199
0160,2016,40.013401
0160,2017,40.057201
0160,2018,40.171902
0160,2019,40.340099
0160,2020,40.443199
0160,2021,40.5261
0160,2022,40.663101
0160,2023,40.791698
0160,2024,41.009499
0160,2025,41.258701
0162,2006,39.7584
0162,2007,39.6772
0162,2008,39.759499
0162,2009,39.783501
0162,2010,39.741501
0162,2011,39.694698
0162,2012,39.799
0162,2013,39.9002
0162,2014,40.0019
0162,2015,40.1315
0162,2016,40.166801
0162,2017,40.317101
0162,2018,40.388599
0162,2019,40.747398
0162,2020,40.997101
0162,2021,41.130901
0162,2022,41.328602
0162,2023,41.759899
0162,2024,42.117298
0162,2025,42.3241
0163,2006,37.5522
0163,2007,37.539001
0163,2008,37.584
0163,2009,37.626598
0163,2010,37.647999
0163,2011,37.734501
0163,2012,37.849098
0163,2013,37.9207
0163,2014,38.062599
0163,2015,38.183701
0163,2016,38.268799
0163,2017,38.405499
0163,2018,38.5495
0163,2019,38.603401
0163,2020,38.7673
0163,2021,38.873299
0163,2022,39.046101
0163,2023,39.305302
0163,2024,39.5387
0163,2025,39.7948
0180,2006,39.0667
0180,2007,38.917099
0180,2008,38.777901
0180,2009,38.616199
0180,2010,38.4468
0180,2011,38.355598
0180,2012,38.299099
0180,2013,38.274899
0180,2014,38.2915
0180,2015,38.3512
0180,2016,38.428001
0180,2017,38.502899
0180,2018,38.597599
0180,2019,38.730499
0180,2020,38.904701
0180,2021,39.138802
0180,2022,39.3988
0180,2023,39.667198
0180,2024,39.927898
0180,2025,40.225101
0181,2006,38.367298
0181,2007,38.255501
0181,2008,38.2537
0181,2009,38.389801
0181,2010,38.410801
0181,2011,38.3465
0181,2012,38.332802
0181,2013,38.4044
0181,2014,38.5154
0181,2015,38.6712
0181,2016,38.697201
0181,2017,38.7738
0181,2018,38.835999
0181,2019,38.9002
0181,2020,38.895401
0181,2021,38.991001
0181,2022,39.154499
0181,2023,39.408901
0181,2024,39.696098
0181,2025,39.970798
0182,2006,37.530998
0182,2007,37.5578
0182,2008,37.5499
0182,2009,37.518002
0182,2010,37.519501
0182,2011,37.618999
0182,2012,37.788101
0182,2013,37.8923
0182,2014,37.955101
0182,2015,38.0294
0182,2016,38.183998
0182,2017,38.278999
0182,2018,38.393902
0182,2019,38.577999
0182,2020,38.773102
0182,2021,39.0121
0182,2022,39.291
0182,2023,39.615002
0182,2024,39.8913
0182,2025,40.0938
0183,2006,38.738602
0183,2007,38.539799
0183,2008,38.3922
0183,2009,38.131199
0183,2010,38.007198
0183,2011,37.896198
0183,2012,37.604801
0183,2013,37.391499
0183,2014,37.404099
0183,2015,37.2047
0183,2016,37.123501
0183,2017,37.091202
0183,2018,37.080002
0183,2019,37.021
0183,2020,37.129799
0183,2021,37.295399
0183,2022,37.588699
0183,2023,37.593601
0183,2024,37.873299
0183,2025,38.161201
0184,2006,40.410801
0184,2007,40.231701
0184,2008,39.8722
0184,2009,39.663399
0184,2010,39.488602
0184,2011,39.3438
0184,2012,39.197498
0184,2013,39.136902
0184,2014,39.064899
0184,2015,38.895
0184,2016,38.748901
0184,2017,38.688702
0184,2018,38.679699
0184,2019,38.723
0184,2020,38.7789
0184,2021,38.857399
0184,2022,38.922901
0184,2023,39.104099
0184,2024,39.344601
0184,2025,39.601601
0186,2006,40.616299
0186,2007,40.511101
0186,2008,40.554699
0186,2009,40.5177
0186,2010,40.386398
0186,2011,40.491798
0186,2012,40.596298
0186,2013,40.603298
0186,2014,40.6502
0186,2015,40.553799
0186,2016,40.5741
0186,2017,40.702099
0186,2018,40.789101
0186,2019,40.904598
0186,2020,41.138
0186,2021,41.421799
0186,2022,41.698299
0186,2023,41.987499
0186,2024,42.3349
0186,2025,42.593201
0187,2006,37.987499
0187,2007,38.104099
0187,2008,38.282902
0187,2009,38.358799
0187,2010,38.605301
0187,2011,38.728802
0187,2012,39.071301
0187,2013,39.4538
0187,2014,39.745602
0187,2015,40.032799
0187,2016,40.283001
0187,2017,40.721298
0187,2018,41.142502
0187,2019,41.608601
0187,2020,42.276001
0187,2021,42.771702
0187,2022,43.389702
0187,2023,44.115898
0187,2024,44.649101
0187,2025,45.285702
0188,2006,42.4916
0188,2007,42.771702
0188,2008,43.0583
0188,2009,43.3036
0188,2010,43.511101
0188,2011,43.780102
0188,2012,44.0438
0188,2013,44.319599
0188,2014,44.509201
0188,2015,44.650799
0188,2016,44.662998
0188,2017,44.680302
0188,2018,44.758598
0188,2019,44.926601
0188,2020,45.0457
0188,2021,45.243301
0188,2022,45.4422
0188,2023,45.773201
0188,2024,46.086899
0188,2025,46.472401
0191,2006,37.639
0191,2007,37.637299
0191,2008,37.759102
0191,2009,37.8158
0191,2010,37.867001
0191,2011,37.736198
0191,2012,37.753201
0191,2013,37.746101
0191,2014,37.745499
0191,2015,37.706699
0191,2016,37.5243
0191,2017,37.481701
0191,2018,37.464199
0191,2019,37.573502
0191,2020,37.640999
0191,2021,37.763699
0191,2022,37.8181
0191,2023,38.061699
0191,2024,38.433201
0191,2025,38.639599
0192,2006,40.530102
0192,2007,40.615299
0192,2008,40.7775
0192,2009,40.9207
0192,2010,41.125599
0192,2011,41.372101
0192,2012,41.588001
0192,2013,41.704601
0192,2014,41.873501
0192,2015,41.965302
0192,2016,42.0588
0192,2017,42.0112
0192,2018,42.053398
0192,2019,42.148499
0192,2020,42.169498
0192,2021,42.250599
0192,2022,42.390701
0192,2023,42.540401
0192,2024,42.8139
0192,2025,43.1642
0305,2006,36.574501
0305,2007,36.944199
0305,2008,37.236401
0305,2009,37.527401
0305,2010,37.807701
0305,2011,38.214298
0305,2012,38.5075
0305,2013,38.831402
0305,2014,39.0882
0305,2015,39.288799
0305,2016,39.151901
0305,2017,39.220901
0305,2018,39.243999
0305,2019,39.342098
0305,2020,39.586102
0305,2021,39.790298
0305,2022,39.965199
0305,2023,40.216202
0305,2024,40.545601
0305,2025,40.73
0319,2006,42.299801
0319,2007,42.439098
0319,2008,42.591
0319,2009,42.7658
0319,2010,42.864101
0319,2011,43.005699
0319,2012,43.240898
0319,2013,43.339699
0319,2014,43.500801
0319,2015,43.353699
0319,2016,43.196499
0319,2017,43.321701
0319,2018,43.3414
0319,2019,43.396999
0319,2020,43.303101
0319,2021,43.404701
0319,2022,43.6488
0319,2023,43.970001
0319,2024,44.149101
0319,2025,44.1698
0330,2006,35.720001
0330,2007,35.554501
0330,2008,35.600101
0330,2009,35.751701
0330,2010,35.8825
0330,2011,36.021599
0330,2012,36.009602
0330,2013,36.113499
0330,2014,36.2006
0330,2015,35.9702
0330,2016,35.968899
0330,2017,35.8018
0330,2018,35.852699
0330,2019,36.163399
0330,2020,36.395401
0330,2021,36.4967
0330,2022,36.670399
0330,2023,36.933899
0330,2024,37.124699
0330,2025,37.264801
0331,2006,42.024899
0331,2007,42.132
0331,2008,42.513302
0331,2009,42.7635
0331,2010,43.035599
0331,2011,43.159901
0331,2012,43.4762
0331,2013,43.536999
0331,2014,43.5984
0331,2015,43.496799
0331,2016,43.373798
0331,2017,43.3377
0331,2018,43.518299
0331,2019,43.4207
0331,2020,43.561501
0331,2021,43.443802
0331,2022,43.6208
0331,2023,43.9006
0331,2024,44.199699
0331,2025,44.526798
0360,2006,42.5201
0360,2007,42.662498
0360,2008,42.693401
0360,2009,42.929298
0360,2010,42.917702
0360,2011,42.9543
0360,2012,43.022301
0360,2013,43.201
0360,2014,43.164001
0360,2015,43.047699
0360,2016,42.841
0360,2017,42.8997
0360,2018,42.805901
0360,2019,43.032398
0360,2020,42.970001
0360,2021,42.995899
0360,2022,43.269798
0360,2023,43.7286
0360,2024,43.974602
0360,2025,44.255699
0380,2006,37.892799
0380,2007,37.961498
0380,2008,37.970798
0380,2009,37.945
0380,2010,37.993698
0380,2011,38.1096
0380,2012,38.180901
0380,2013,38.283501
0380,2014,38.383099
0380,2015,38.437599
0380,2016,38.484901
0380,2017,38.433701
0380,2018,38.419498
0380,2019,38.3936
0380,2020,38.464901
0380,2021,38.526199
0380,2022,38.588299
0380,2023,38.721001
0380,2024,38.893299
0380,2025,39.1362
0381,2006,40.681999
0381,2007,40.813702
0381,2008,40.9814
0381,2009,41.0933
0381,2010,41.201099
0381,2011,41.283901
0381,2012,41.284901
0381,2013,41.401402
0381,2014,41.493698
0381,2015,41.452202
0381,2016,41.249298
0381,2017,41.2234
0381,2018,41.186298
0381,2019,41.062698
0381,2020,41.028
0381,2021,40.9081
0381,2022,41.035801
0381,2023,41.214001
0381,2024,41.443501
0381,2025,41.718399
0382,2006,42.604099
0382,2007,42.857399
0382,2008,43.093498
0382,2009,43.266899
0382,2010,43.463902
0382,2011,43.609501
0382,2012,43.7038
0382,2013,43.861599
0382,2014,44.1656
0382,2015,44.2869
0382,2016,44.225899
0382,2017,44.455002
0382,2018,44.639
0382,2019,44.8242
0382,2020,45.0261
0382,2021,45.220299
0382,2022,45.372501
0382,2023,45.626202
0382,2024,45.7547
0382,2025,46.013802
0428,2006,42.0797
0428,2007,42.5653
0428,2008,42.895199
0428,2009,43.134899
0428,2010,43.435398
0428,2011,43.639198
0428,2012,43.8657
0428,2013,43.989498
0428,2014,44.0588
0428,2015,44.045101
0428,2016,43.838799
0428,2017,43.643799
0428,2018,43.6423
0428,2019,43.8806
0428,2020,43.855999
0428,2021,44.138699
0428,2022,44.611801
0428,2023,44.855999
0428,2024,45.3778
0428,2025,45.794899
0461,2006,41.001701
0461,2007,41.1548
0461,2008,41.191299
0461,2009,41.2747
0461,2010,41.408699
0461,2011,41.697102
0461,2012,41.890701
0461,2013,42.0648
0461,2014,42.089401
0461,2015,42.188999
0461,2016,42.143101
0461,2017,42.091801
0461,2018,42.184502
0461,2019,42.309502
0461,2020,42.546299
0461,2021,42.7491
0461,2022,42.9762
0461,2023,43.401001
0461,2024,43.709099
0461,2025,44.2379
0480,2006,42.112701
0480,2007,42.163502
0480,2008,42.265301
0480,2009,42.383301
0480,2010,42.4179
0480,2011,42.540298
0480,2012,42.6152
0480,2013,42.539501
0480,2014,42.622101
0480,2015,42.599098
0480,2016,42.514702
0480,2017,42.504799
0480,2018,42.529099
0480,2019,42.589901
0480,2020,42.639801
0480,2021,42.700199
0480,2022,42.812
0480,2023,42.9995
0480,2024,43.2225
0480,2025,43.533199
0481,2006,44.3918
0481,2007,44.583199
0481,2008,44.823601
0481,2009,45.089901
0481,2010,45.299599
0481,2011,45.364201
0481,2012,45.514099
0481,2013,45.516899
0481,2014,45.368
0481,2015,45.228401
0481,2016,44.990601
0481,2017,44.811199
0481,2018,44.5728
0481,2019,44.7033
0481,2020,44.6469
0481,2021,44.700901
0481,2022,44.832802
0481,2023,45.184601
0481,2024,45.3008
0481,2025,45.542801
0482,2006,43.394501
0482,2007,43.5807
0482,2008,43.781399
0482,2009,43.918999
0482,2010,44.056599
0482,2011,44.225601
0482,2012,44.494801
0482,2013,44.5373
0482,2014,44.600201
0482,2015,44.5378
0482,2016,44.242199
0482,2017,44.244099
0482,2018,44.447498
0482,2019,44.587299
0482,2020,44.807701
0482,2021,45.2006
0482,2022,45.644901
0482,2023,46.2691
0482,2024,46.689201
0482,2025,47.0933
0483,2006,42.125099
0483,2007,42.153099
0483,2008,42.1507
0483,2009,42.0853
0483,2010,42.204201
0483,2011,42.329201
0483,2012,42.330399
0483,2013,42.193699
0483,2014,42.1105
0483,2015,42.086102
0483,2016,41.999901
0483,2017,41.885399
0483,2018,41.808601
0483,2019,41.797901
0483,2020,41.975399
0483,2021,42.154202
0483,2022,42.444199
0483,2023,42.873699
0483,2024,43.188999
0483,2025,43.485901
0484,2006,40.788502
0484,2007,40.716599
0484,2008,40.5947
0484,2009,40.570702
0484,2010,40.5914
0484,2011,40.541302
0484,2012,40.511398
0484,2013,40.494099
0484,2014,40.4118
0484,2015,40.373199
0484,2016,40.286499
0484,2017,40.257301
0484,2018,40.215401
0484,2019,40.304199
0484,2020,40.439899
0484,2021,40.5816
0484,2022,40.7859
0484,2023,41.0896
0484,2024,41.368999
0484,2025,41.647301
0486,2006,40.629799
0486,2007,40.789902
0486,2008,40.895901
0486,2009,40.940399
0486,2010,41.117901
0486,2011,41.245998
0486,2012,41.429401
0486,2013,41.575802
0486,2014,41.731098
0486,2015,41.9412
0486,2016,41.948898
0486,2017,42.044899
0486,2018,42.114399
0486,2019,42.071499
0486,2020,42.138901
0486,2021,42.173698
0486,2022,42.406601
0486,2023,42.694
0486,2024,43.0042
0486,2025,43.308399
0488,2006,40.498402
0488,2007,40.8708
0488,2008,40.840099
0488,2009,41.170502
0488,2010,41.4189
0488,2011,41.743401
0488,2012,41.939602
0488,2013,42.1152
0488,2014,42.308102
0488,2015,42.672501
0488,2016,42.758598
0488,2017,42.746799
0488,2018,42.855701
0488,2019,42.9356
0488,2020,42.932598
0488,2021,43.110199
0488,2022,43.378101
0488,2023,43.712898
0488,2024,44.094101
0488,2025,44.5686
0509,2006,42.872601
0509,2007,43.1926
0509,2008,43.395199
0509,2009,43.682301
0509,2010,44.048801
0509,2011,44.330002
0509,2012,44.620602
0509,2013,44.831501
0509,2014,44.970001
0509,2015,45.195
0509,2016,44.525002
0509,2017,44.470001
0509,2018,44.6502
0509,2019,44.5606
0509,2020,44.748402
0509,2021,45.078499
0509,2022,45.5541
0509,2023,45.877399
0509,2024,46.2463
0509,2025,46.299801
0512,2006,44.0285
0512,2007,44.234299
0512,2008,44.4799
0512,2009,44.813499
0512,2010,44.880402
0512,2011,45.288101
0512,2012,45.5839
0512,2013,45.5704
0512,2014,45.688301
0512,2015,45.758598
0512,2016,45.901501
0512,2017,45.5765
0512,2018,46.1133
0512,2019,46.327999
0512,2020,46.868198
0512,2021,47.3009
0512,2022,47.484901
0512,2023,47.841599
0512,2024,47.877602
0512,2025,48.087898
0513,2006,42.649502
0513,2007,42.8092
0513,2008,42.966099
0513,2009,43.158501
0513,2010,43.434601
0513,2011,43.6203
0513,2012,43.773499
0513,2013,43.73
0513,2014,43.9426
0513,2015,44.092602
0513,2016,44.0863
0513,2017,44.2845
0513,2018,44.426102
0513,2019,44.614899
0513,2020,44.646
0513,2021,44.738998
0513,2022,44.775299
0513,2023,45.021999
0513,2024,45.364498
0513,2025,45.630798
0560,2006,43.306499
0560,2007,43.318401
0560,2008,43.3937
0560,2009,43.508202
0560,2010,43.7738
0560,2011,43.684898
0560,2012,43.754501
0560,2013,43.728699
0560,2014,43.5919
0560,2015,43.927399
0560,2016,44.0396
0560,2017,44.254002
0560,2018,44.325401
0560,2019,44.555698
0560,2020,45.179699
0560,2021,45.106098
0560,2022,45.028702
0560,2023,45.230499
0560,2024,45.302898
0560,2025,45.648102
0561,2006,42.179401
0561,2007,42.610699
0561,2008,42.862499
0561,2009,42.974998
0561,2010,43.240898
0561,2011,43.457001
0561,2012,43.831001
0561,2013,43.881699
0561,2014,43.952599
0561,2015,43.952
0561,2016,43.918999
0561,2017,44.098099
0561,2018,44.354301
0561,2019,44.491798
0561,2020,44.763901
0561,2021,44.791
0561,2022,44.786999
0561,2023,45.002102
0561,2024,45.107498
0561,2025,45.203499
0562,2006,43.050499
0562,2007,43.223099
0562,2008,43.52
0562,2009,43.414501
0562,2010,43.519001
0562,2011,43.627399
0562,2012,43.677799
0562,2013,43.576698
0562,2014,43.526901
0562,2015,43.566799
0562,2016,43.276299
0562,2017,43.486698
0562,2018,43.381699
0562,2019,43.402599
0562,2020,43.642101
0562,2021,43.7355
0562,2022,43.881401
0562,2023,44.188599
0562,2024,44.429401
0562,2025,44.598301
0563,2006,44.552299
0563,2007,44.9776
0563,2008,45.419601
0563,2009,45.634899
0563,2010,46.1432
0563,2011,46.624699
0563,2012,46.917301
0563,2013,47.096901
0563,2014,47.277901
0563,2015,47.050499
0563,2016,46.926201
0563,2017,46.772301
0563,2018,46.845901
0563,2019,46.965302
0563,2020,47.447701
0563,2021,47.8204
0563,2022,48.1912
0563,2023,48.286598
0563,2024,48.472198
0563,2025,48.670799
0580,2006,38.867699
0580,2007,38.844799
0580,2008,38.8148
0580,2009,38.721298
0580,2010,38.717602
0580,2011,38.812698
0580,2012,38.854301
0580,2013,38.8456
0580,2014,38.862202
0580,2015,38.936798
0580,2016,38.9174
0580,2017,38.844601
0580,2018,38.848701
0580,2019,38.9165
0580,2020,38.9687
0580,2021,39.094601
0580,2022,39.2673
0580,2023,39.496601
0580,2024,39.742401
0580,2025,39.969601
0581,2006,40.1978
0581,2007,40.167999
0581,2008,40.1007
0581,2009,40.021801
0581,2010,40.074299
0581,2011,40.151501
0581,2012,40.074799
0581,2013,39.974998
0581,2014,40.0033
0581,2015,39.996601
0581,2016,39.935001
0581,2017,39.9613
0581,2018,40.059799
0581,2019,40.139702
0581,2020,40.260601
0581,2021,40.3204
0581,2022,40.4659
0581,2023,40.751598
0581,2024,41.052299
0581,2025,41.311199
0582,2006,41.4627
0582,2007,41.7957
0582,2008,42.082802
0582,2009,42.321098
0582,2010,42.495201
0582,2011,42.664001
0582,2012,42.741402
0582,2013,42.812
0582,2014,42.876499
0582,2015,43.130798
0582,2016,43.1632
0582,2017,43.066898
0582,2018,43.187199
0582,2019,43.374199
0582,2020,43.5439
0582,2021,43.751999
0582,2022,43.879601
0582,2023,44.089901
0582,2024,44.4636
0582,2025,44.7658
0583,2006,41.4748
0583,2007,41.6096
0583,2008,41.819302
0583,2009,42.0256
0583,2010,42.153099
0583,2011,42.411098
0583,2012,42.560699
0583,2013,42.595798
0583,2014,42.561298
0583,2015,42.5541
0583,2016,42.593201
0583,2017,42.611698
0583,2018,42.628399
0583,2019,42.800301
0583,2020,42.9482
0583,2021,43.124298
0583,2022,43.403198
0583,2023,43.6507
0583,2024,44.0704
0583,2025,44.392601
0584,2006,44.536301
0584,2007,44.985401
0584,2008,45.403702
0584,2009,45.953201
0584,2010,46.327301
0584,2011,46.778301
0584,2012,46.969501
0584,2013,47.139599
0584,2014,47.465199
0584,2015,47.557899
0584,2016,47.662399
0584,2017,47.447399
0584,2018,47.371799
0584,2019,47.879902
0584,2020,48.1763
0584,2021,48.433201
0584,2022,48.715099
0584,2023,49.048599
0584,2024,49.109901
0584,2025,49.558899
0586,2006,41.271099
0586,2007,41.326099
0586,2008,41.309502
0586,2009,41.458
0586,2010,41.504902
0586,2011,41.583302
0586,2012,41.7103
0586,2013,41.7537
0586,2014,41.850601
0586,2015,41.812099
0586,2016,41.686798
0586,2017,41.5373
0586,2018,41.505798
0586,2019,41.3965
0586,2020,41.428299
0586,2021,41.485001
0586,2022,41.6273
0586,2023,41.790501
0586,2024,41.9459
0586,2025,42.0886
0604,2006,41.490501
0604,2007,41.679199
0604,2008,41.810001
0604,2009,42.221199
0604,2010,42.5121
0604,2011,42.369301
0604,2012,42.459801
0604,2013,42.891499
0604,2014,42.984402
0604,2015,42.697601
0604,2016,42.415001
0604,2017,41.878799
0604,2018,42.080898
0604,2019,42.000999
0604,2020,42.161598
0604,2021,42.167301
0604,2022,42.6791
0604,2023,42.869202
0604,2024,43.187599
0604,2025,43.229099
0617,2006,39.256302
0617,2007,39.294701
0617,2008,39.595299
0617,2009,39.951698
0617,2010,40.2225
0617,2011,40.530998
0617,2012,40.808201
0617,2013,40.687199
0617,2014,40.645
0617,2015,40.873402
0617,2016,41.006401
0617,2017,40.8451
0617,2018,40.878201
0617,2019,41.144501
0617,2020,41.440498
0617,2021,41.6506
0617,2022,42.226601
0617,2023,42.7047
0617,2024,43.1954
0617,2025,43.554401
0642,2006,40.0555
0642,2007,40.377499
0642,2008,40.431801
0642,2009,40.806599
0642,2010,41.084202
0642,2011,41.252899
0642,2012,41.332401
0642,2013,41.556999
0642,2014,41.604401
0642,2015,41.5047
0642,2016,41.605499
0642,2017,41.651699
0642,2018,41.9007
0642,2019,42.274502
0642,2020,42.427799
0642,2021,42.3452
0642,2022,42.561199
0642,2023,42.563301
0642,2024,42.714001
0642,2025,43.105499
0643,2006,37.537399
0643,2007,37.5298
0643,2008,37.495201
0643,2009,37.669102
0643,2010,37.7159
0643,2011,37.804401
0643,2012,37.9674
0643,2013,38.135799
0643,2014,38.1334
0643,2015,37.997601
0643,2016,37.9902
0643,2017,37.840302
0643,2018,37.8713
0643,2019,37.841599
0643,2020,37.936298
0643,2021,38.023701
0643,2022,38.364101
0643,2023,38.6539
0643,2024,38.854198
0643,2025,38.994099
0662,2006,39.6749
0662,2007,39.829102
0662,2008,40.021099
0662,2009,40.272499
0662,2010,40.530701
0662,2011,40.8564
0662,2012,41.031898
0662,2013,41.169201
0662,2014,41.348701
0662,2015,41.0989
0662,2016,41.108898
0662,2017,41.135601
0662,2018,41.202801
0662,2019,41.259201
0662,2020,41.498901
0662,2021,41.7337
0662,2022,42.007702
0662,2023,42.560398
0662,2024,42.7075
0662,2025,43.0909
0665,2006,40.159302
0665,2007,40.0784
0665,2008,40.266399
0665,2009,40.317402
0665,2010,40.455898
0665,2011,40.483002
0665,2012,40.564899
0665,2013,40.6926
0665,2014,40.752102
0665,2015,40.7453
0665,2016,40.576199
0665,2017,40.541302
0665,2018,40.568802
0665,2019,40.364601
0665,2020,40.4417
0665,2021,40.412899
0665,2022,40.452702
0665,2023,40.676701
0665,2024,40.9305
0665,2025,41.266499
0680,2006,39.758701
0680,2007,39.730598
0680,2008,39.6852
0680,2009,39.7005
0680,2010,39.684601
0680,2011,39.694401
0680,2012,39.698898
0680,2013,39.754398
0680,2014,39.8083
0680,2015,39.817902
0680,2016,39.805599
0680,2017,39.735199
0680,2018,39.7173
0680,2019,39.7589
0680,2020,39.790298
0680,2021,39.885502
0680,2022,39.977001
0680,2023,40.102699
0680,2024,40.254902
0680,2025,40.506302
0682,2006,41.914398
0682,2007,41.8568
0682,2008,41.8032
0682,2009,41.921501
0682,2010,42.063599
0682,2011,42.036999
0682,2012,42.072701
0682,2013,41.943001
0682,2014,41.791302
0682,2015,41.4785
0682,2016,41.2868
0682,2017,41.075001
0682,2018,40.969799
0682,2019,41.083199
0682,2020,41.1581
0682,2021,41.212299
0682,2022,41.275101
0682,2023,41.6366
0682,2024,41.916901
0682,2025,42.159698
0683,2006,40.6745
0683,2007,40.772598
0683,2008,40.9683
0683,2009,41.246201
0683,2010,41.442501
0683,2011,41.484299
0683,2012,41.588799
0683,2013,41.719898
0683,2014,41.741299
0683,2015,41.799099
0683,2016,41.764301
0683,2017,41.742699
0683,2018,41.757401
0683,2019,41.870602
0683,2020,42.016399
0683,2021,42.1245
0683,2022,42.3097
0683,2023,42.655102
0683,2024,42.892799
0683,2025,43.159199
0684,2006,41.620499
0684,2007,41.865501
0684,2008,42.116901
0684,2009,42.235199
0684,2010,42.3036
0684,2011,42.394402
0684,2012,42.607498
0684,2013,42.537399
0684,2014,42.320301
0684,2015,42.266701
0684,2016,42.1073
0684,2017,41.975498
0684,2018,41.925999
0684,2019,41.915501
0684,2020,41.893398
0684,2021,42.064098
0684,2022,42.067299
0684,2023,42.273899
0684,2024,42.689301
0684,2025,42.943199
0685,2006,42.146702
0685,2007,42.198799
0685,2008,42.285198
0685,2009,42.381401
0685,2010,42.461899
0685,2011,42.497601
0685,2012,42.6689
0685,2013,42.7612
0685,2014,42.663601
0685,2015,42.623699
0685,2016,42.459499
0685,2017,42.4795
0685,2018,42.594898
0685,2019,42.858799
0685,2020,42.812
0685,2021,42.845501
0685,2022,43.096401
0685,2023,43.352901
0685,2024,43.598801
0685,2025,43.929199
0686,2006,42.873402
0686,2007,43.148499
0686,2008,43.569599
0686,2009,43.664501
0686,2010,43.794102
0686,2011,43.8923
0686,2012,43.958801
0686,2013,44.0154
0686,2014,43.889702
0686,2015,43.8283
0686,2016,43.5196
0686,2017,43.105801
0686,2018,42.970402
0686,2019,43.2211
0686,2020,43.258701
0686,2021,43.407299
0686,2022,43.481201
0686,2023,43.757999
0686,2024,44.081501
0686,2025,44.373699
0687,2006,42.430401
0687,2007,42.291199
0687,2008,42.297199
0687,2009,42.530701
0687,2010,42.542099
0687,2011,42.6208
0687,2012,42.6772
0687,2013,42.7798
0687,2014,42.741798
0687,2015,42.902802
0687,2016,42.811001
0687,2017,42.754002
0687,2018,42.7677
0687,2019,42.732101
0687,2020,42.907799
0687,2021,43.188301
0687,2022,43.257301
0687,2023,43.5186
0687,2024,43.9034
0687,2025,44.1898
0760,2006,43.140301
0760,2007,43.070999
0760,2008,43.149899
0760,2009,43.318298
0760,2010,43.5672
0760,2011,43.584702
0760,2012,43.695202
0760,2013,43.5466
0760,2014,43.720501
0760,2015,43.630501
0760,2016,43.263302
0760,2017,43.234299
0760,2018,42.8419
0760,2019,42.883999
0760,2020,42.9608
0760,2021,43.257
0760,2022,43.3722
0760,2023,43.894699
0760,2024,44.297199
0760,2025,44.765598
0761,2006,42.098701
0761,2007,42.324902
0761,2008,42.212399
0761,2009,42.240501
0761,2010,42.365799
0761,2011,42.7812
0761,2012,43.061298
0761,2013,43.1031
0761,2014,42.433498
0761,2015,41.632301
0761,2016,41.159
0761,2017,41.139099
0761,2018,41.207401
0761,2019,41.484901
0761,2020,41.915298
0761,2021,42.2062
0761,2022,42.794899
0761,2023,43.2701
0761,2024,43.480598
0761,2025,44.009499
0763,2006,44.710999
0763,2007,45.023102
0763,2008,45.258999
0763,2009,45.633202
0763,2010,45.8843
0763,2011,45.9007
0763,2012,46.051601
0763,2013,46.035
0763,2014,45.993801
0763,2015,45.823299
0763,2016,45.5275
0763,2017,45.502201
0763,2018,45.577999
0763,2019,45.580101
0763,2020,45.5872
0763,2021,45.8866
0763,2022,45.932701
0763,2023,46.271099
0763,2024,46.912899
0763,2025,47.3908
0764,2006,41.6497
0764,2007,41.644299
0764,2008,41.7957
0764,2009,41.992901
0764,2010,42.0186
0764,2011,42.042198
0764,2012,41.950802
0764,2013,41.697102
0764,2014,41.542198
0764,2015,41.563999
0764,2016,41.393101
0764,2017,41.311699
0764,2018,41.2705
0764,2019,41.310501
0764,2020,41.287701
0764,2021,41.4865
0764,2022,41.664799
0764,2023,42.2239
0764,2024,42.599701
0764,2025,42.944199
0765,2006,41.942101
0765,2007,41.919201
0765,2008,41.879299
0765,2009,41.752899
0765,2010,41.769199
0765,2011,41.821899
0765,2012,41.677399
0765,2013,41.801601
0765,2014,41.766602
0765,2015,41.5065
0765,2016,41.168301
0765,2017,40.579498
0765,2018,40.3293
0765,2019,40.348598
0765,2020,40.264099
0765,2021,40.437901
0765,2022,40.561199
0765,2023,40.909199
0765,2024,41.425301
0765,2025,41.8508
0767,2006,43.5014
0767,2007,43.455299
0767,2008,43.449501
0767,2009,43.679699
0767,2010,43.748699
0767,2011,44.133301
0767,2012,44.4081
0767,2013,44.443901
0767,2014,44.407101
0767,2015,44.140499
0767,2016,43.616402
0767,2017,43.276402
0767,2018,43.152699
0767,2019,43.1521
0767,2020,43.116798
0767,2021,43.3344
0767,2022,43.802898
0767,2023,44.022301
0767,2024,44.278702
0767,2025,44.587502
0780,2006,39.323898
0780,2007,39.353699
0780,2008,39.284698
0780,2009,39.2784
0780,2010,39.3363
0780,2011,39.422199
0780,2012,39.3717
0780,2013,39.298698
0780,2014,39.3251
0780,2015,39.352699
0780,2016,39.334202
0780,2017,39.2752
0780,2018,39.243301
0780,2019,39.240501
0780,2020,39.277699
0780,2021,39.313301
0780,2022,39.443199
0780,2023,39.650299
0780,2024,39.8829
0780,2025,40.1161
0781,2006,41.789902
0781,2007,41.823601
0781,2008,41.922199
0781,2009,42.072701
0781,2010,42.274399
0781,2011,42.4809
0781,2012,42.634399
0781,2013,42.920502
0781,2014,42.950901
0781,2015,42.925701
0781,2016,42.8745
0781,2017,42.832001
0781,2018,42.925701
0781,2019,43.170799
0781,2020,43.340199
0781,2021,43.546501
0781,2022,43.721298
0781,2023,44.017399
0781,2024,44.309299
0781,2025,44.529499
0821,2006,44.161098
0821,2007,44.6077
0821,2008,44.723801
0821,2009,44.956902
0821,2010,45.573502
0821,2011,45.612701
0821,2012,45.6674
0821,2013,45.589901
0821,2014,45.373699
0821,2015,45.124802
0821,2016,43.818298
0821,2017,43.637402
0821,2018,43.692799
0821,2019,44.061298
0821,2020,44.735298
0821,2021,45.099701
0821,2022,45.5783
0821,2023,46.6754
0821,2024,47.257301
0821,2025,47.973301
0834,2006,43.931499
0834,2007,44.042198
0834,2008,44.185699
0834,2009,44.134602
0834,2010,44.6283
0834,2011,45.0481
0834,2012,45.3526
0834,2013,45.639599
0834,2014,45.821201
0834,2015,45.8032
0834,2016,45.536301
0834,2017,45.527
0834,2018,45.611401
0834,2019,45.742001
0834,2020,45.813202
0834,2021,46.031601
0834,2022,46.472
0834,2023,46.9277
0834,2024,47.169399
0834,2025,47.623299
0840,2006,42.8041
0840,2007,43.0215
0840,2008,43.1241
0840,2009,43.185101
0840,2010,43.146599
0840,2011,43.129799
0840,2012,43.317101
0840,2013,43.520901
0840,2014,43.680199
0840,2015,43.865002
0840,2016,43.889198
0840,2017,43.7743
0840,2018,43.994598
0840,2019,44.303799
0840,2020,44.458401
0840,2021,44.672401
0840,2022,44.942699
0840,2023,45.301399
0840,2024,45.587002
0840,2025,45.842201
0860,2006,44.269901
0860,2007,44.396301
0860,2008,44.7556
0860,2009,45.144501
0860,2010,45.313099
0860,2011,45.548302
0860,2012,45.578499
0860,2013,45.4538
0860,2014,45.2743
0860,2015,44.998199
0860,2016,43.895599
0860,2017,43.931099
0860,2018,44.3209
0860,2019,44.6339
0860,2020,44.828499
0860,2021,45.1092
0860,2022,45.076
0860,2023,45.504799
0860,2024,45.804001
0860,2025,46.153
0861,2006,42.780499
0861,2007,42.996799
0861,2008,43.395599
0861,2009,43.6357
0861,2010,43.923698
0861,2011,44.110298
0861,2012,44.424801
0861,2013,44.199299
0861,2014,44.082298
0861,2015,43.9244
0861,2016,43.738098
0861,2017,43.688301
0861,2018,43.770802
0861,2019,44.060398
0861,2020,44.3055
0861,2021,44.555099
0861,2022,44.846901
0861,2023,45.173698
0861,2024,45.6245
0861,2025,45.989601
0862,2006,44.080299
0862,2007,44.332802
0862,2008,44.619999
0862,2009,45.089699
0862,2010,45.313499
0862,2011,45.654499
0862,2012,45.922901
0862,2013,45.921501
0862,2014,45.756302
0862,2015,45.6409
0862,2016,45.1119
0862,2017,44.901501
0862,2018,45.0923
0862,2019,45.043098
0862,2020,45.315201
0862,2021,45.614201
0862,2022,45.7789
0862,2023,46.374001
0862,2024,46.645302
0862,2025,47.063499
0880,2006,40.1936
0880,2007,40.273602
0880,2008,40.369598
0880,2009,40.289398
0880,2010,40.360199
0880,2011,40.476299
0880,2012,40.4282
0880,2013,40.491199
0880,2014,40.557999
0880,2015,40.480202
0880,2016,40.473701
0880,2017,40.5303
0880,2018,40.5467
0880,2019,40.553398
0880,2020,40.5723
0880,2021,40.621601
0880,2022,40.692299
0880,2023,40.8755
0880,2024,41.081799
0880,2025,41.3381
0881,2006,43.449001
0881,2007,43.590099
0881,2008,43.7187
0881,2009,43.963501
0881,2010,43.973202
0881,2011,43.915001
0881,2012,43.980202
0881,2013,44.0327
0881,2014,43.988998
0881,2015,43.924198
0881,2016,43.2817
0881,2017,43.275398
0881,2018,43.340302
0881,2019,43.623798
0881,2020,43.664299
0881,2021,43.763401
0881,2022,43.868801
0881,2023,44.021099
0881,2024,44.301102
0881,2025,44.589298
0882,2006,42.284901
0882,2007,42.409199
0882,2008,42.498299
0882,2009,42.7029
0882,2010,42.882301
0882,2011,43.021702
0882,2012,43.116501
0882,2013,43.1646
0882,2014,43.142399
0882,2015,43.069901
0882,2016,42.800701
0882,2017,43.001701
0882,2018,43.014301
0882,2019,43.104198
0882,2020,43.236801
0882,2021,43.315701
0882,2022,43.637501
0882,2023,43.9487
0882,2024,44.2356
0882,2025,44.5742
0883,2006,44.032501
0883,2007,44.2005
0883,2008,44.437099
0883,2009,44.533501
0883,2010,44.7131
0883,2011,44.986599
0883,2012,45.153702
0883,2013,45.247398
0883,2014,45.335602
0883,2015,45.427502
0883,2016,45.3979
0883,2017,45.518902
0883,2018,45.5797
0883,2019,45.818001
0883,2020,46.065399
0883,2021,46.230999
0883,2022,46.435902
0883,2023,46.623501
0883,2024,46.798199
0883,2025,47.075699
0884,2006,42.076
0884,2007,42.248001
0884,2008,42.473
0884,2009,42.667301
0884,2010,42.8983
0884,2011,43.1763
0884,2012,43.398998
0884,2013,43.696098
0884,2014,43.7813
0884,2015,43.593601
0884,2016,43.405201
0884,2017,43.408401
0884,2018,43.4431
0884,2019,43.730598
0884,2020,43.800301
0884,2021,44.046299
0884,2022,44.2076
0884,2023,44.487
0884,2024,44.7761
0884,2025,44.945999
0885,2006,46.252499
0885,2007,46.547298
0885,2008,46.828201
0885,2009,47.206902
0885,2010,47.670399
0885,2011,48.000999
0885,2012,47.791
0885,2013,48.4897
0885,2014,48.652599
0885,2015,49.040401
0885,2016,48.587299
0885,2017,48.908001
0885,2018,49.2976
0885,2019,50.021999
0885,2020,50.5536
0885,2021,50.891701
0885,2022,51.301601
0885,2023,51.8353
0885,2024,52.278702
0885,2025,52.764099
0980,2006,41.878899
0980,2007,42.259399
0980,2008,42.549099
0980,2009,42.724998
0980,2010,42.909801
0980,2011,43.159901
0980,2012,43.355
0980,2013,43.619801
0980,2014,43.897202
0980,2015,44.082298
0980,2016,44.126701
0980,2017,44.2061
0980,2018,44.238998
0980,2019,44.3764
0980,2020,44.640202
0980,2021,44.700901
0980,2022,44.921101
0980,2023,45.1894
0980,2024,45.423698
0980,2025,45.7355
1060,2006,43.446301
1060,2007,43.776699
1060,2008,43.976898
1060,2009,44.319599
1060,2010,44.648899
1060,2011,44.947498
1060,2012,45.0606
1060,2013,45.292801
1060,2014,45.191502
1060,2015,44.984402
1060,2016,44.512299
1060,2017,44.407299
1060,2018,44.3102
1060,2019,44.558601
1060,2020,44.906502
1060,2021,45.108601
1060,2022,45.391201
1060,2023,45.742599
1060,2024,46.015499
1060,2025,46.166
1080,2006,41.0765
1080,2007,41.097301
1080,2008,41.0168
1080,2009,40.960602
1080,2010,40.892601
1080,2011,40.974098
1080,2012,41.183998
1080,2013,41.221199
1080,2014,41.229698
1080,2015,41.1745
1080,2016,41.111801
1080,2017,41.220299
1080,2018,41.4034
1080,2019,41.613098
1080,2020,41.810101
1080,2021,41.930401
1080,2022,42.161499
1080,2023,42.3997
1080,2024,42.683998
1080,2025,42.9422
1081,2006,42.5224
1081,2007,42.6203
1081,2008,42.8573
1081,2009,42.960899
1081,2010,43.198799
1081,2011,43.505901
1081,2012,43.623699
1081,2013,43.777802
1081,2014,43.623199
1081,2015,43.3717
1081,2016,43.049599
1081,2017,42.8792
1081,2018,42.8204
1081,2019,42.946499
1081,2020,43.136101
1081,2021,43.434601
1081,2022,43.583801
1081,2023,43.779499
1081,2024,44.029301
1081,2025,44.271
1082,2006,42.8284
1082,2007,43.047798
1082,2008,43.232201
1082,2009,43.373299
1082,2010,43.526501
1082,2011,43.669201
1082,2012,43.798698
1082,2013,43.785599
1082,2014,43.677601
1082,2015,43.6567
1082,2016,43.5742
1082,2017,43.539398
1082,2018,43.600101
1082,2019,43.628502
1082,2020,43.828201
1082,2021,44.018101
1082,2022,44.1549
1082,2023,44.5116
1082,2024,44.758202
1082,2025,45.047798
1083,2006,42.965302
1083,2007,43.029701
1083,2008,43.239101
1083,2009,43.474998
1083,2010,43.609798
1083,2011,43.818699
1083,2012,43.9412
1083,2013,43.982201
1083,2014,44.034
1083,2015,44.012501
1083,2016,43.866901
1083,2017,44.006802
1083,2018,44.2365
1083,2019,44.561401
1083,2020,44.907799
1083,2021,45.0681
1083,2022,45.316898
1083,2023,45.610199
1083,2024,45.9039
1083,2025,46.196701
1214,2006,39.6637
1214,2007,39.733501
1214,2008,39.8941
1214,2009,39.923302
1214,2010,40.0312
1214,2011,40.188099
1214,2012,40.4856
1214,2013,40.5839
1214,2014,40.4375
1214,2015,40.191601
1214,2016,39.883099
1214,2017,39.886799
1214,2018,39.815498
1214,2019,39.7327
1214,2020,39.847698
1214,2021,39.8965
1214,2022,39.986801
1214,2023,40.283798
1214,2024,40.619499
1214,2025,40.8484
1230,2006,38.284801
1230,2007,38.4384
1230,2008,38.414101
1230,2009,38.5896
1230,2010,38.662102
1230,2011,38.858299
1230,2012,38.8862
1230,2013,39.150501
1230,2014,39.180099
1230,2015,39.3778
1230,2016,39.307499
1230,2017,39.233501
1230,2018,39.2341
1230,2019,39.054001
1230,2020,39.0867
1230,2021,39.283798
1230,2022,39.274399
1230,2023,39.476799
1230,2024,39.679199
1230,2025,39.841999
1231,2006,39.455399
1231,2007,39.278801
1231,2008,39.251099
1231,2009,39.283798
1231,2010,39.2444
1231,2011,39.239899
1231,2012,39.315701
1231,2013,39.431599
1231,2014,39.355099
1231,2015,39.292702
1231,2016,39.266499
1231,2017,39.1404
1231,2018,39.125401
1231,2019,38.792099
1231,2020,38.8409
1231,2021,38.665501
1231,2022,38.964699
1231,2023,39.2752
1231,2024,39.2565
1231,2025,39.2981
1233,2006,40.205299
1233,2007,40.377701
1233,2008,40.604099
1233,2009,40.754299
1233,2010,41.024101
1233,2011,41.270199
1233,2012,41.5173
1233,2013,41.759102
1233,2014,41.944801
1233,2015,41.968601
1233,2016,42.002998
1233,2017,42.091099
1233,2018,42.059101
1233,2019,42.356701
1233,2020,42.602699
1233,2021,42.697899
1233,2022,42.889702
1233,2023,43.241699
1233,2024,43.3815
1233,2025,43.641998
1256,2006,41.560299
1256,2007,41.931499
1256,2008,42.283401
1256,2009,42.5676
1256,2010,42.5233
1256,2011,42.7453
1256,2012,42.8722
1256,2013,42.808399
1256,2014,42.624199
1256,2015,42.2374
1256,2016,41.881302
1256,2017,41.5858
1256,2018,41.348598
1256,2019,41.2271
1256,2020,41.2351
1256,2021,41.589199
1256,2022,42.236198
1256,2023,42.6012
1256,2024,43.263802
1256,2025,43.735901
1257,2006,42.2397
1257,2007,42.505901
1257,2008,42.561798
1257,2009,42.606998
1257,2010,42.807301
1257,2011,42.929199
1257,2012,43.2966
1257,2013,43.5401
1257,2014,43.6236
1257,2015,43.687698
1257,2016,43.636799
1257,2017,43.533001
1257,2018,43.337399
1257,2019,43.252102
1257,2020,43.064999
1257,2021,43.143902
1257,2022,43.334499
1257,2023,43.469002
1257,2024,44.022499
1257,2025,44.186401
1260,2006,39.603298
1260,2007,39.530102
1260,2008,39.5196
1260,2009,39.605701
1260,2010,39.665901
1260,2011,39.821602
1260,2012,40.059799
1260,2013,40.184502
1260,2014,40.283001
1260,2015,40.4277
1260,2016,40.125198
1260,2017,40.0229
1260,2018,40.024601
1260,2019,39.908401
1260,2020,40.0592
1260,2021,40.104198
1260,2022,40.0219
1260,2023,40.286499
1260,2024,40.463699
1260,2025,40.631401
1261,2006,38.201
1261,2007,38.27
1261,2008,38.298801
1261,2009,38.416901
1261,2010,38.522301
1261,2011,38.6632
1261,2012,38.855801
1261,2013,39.005501
1261,2014,39.1357
1261,2015,39.292301
1261,2016,39.3703
1261,2017,39.407001
1261,2018,39.441898
1261,2019,39.6586
1261,2020,39.768902
1261,2021,39.951302
1261,2022,40.210098
1261,2023,40.5844
1261,2024,40.8801
1261,2025,41.125801
1262,2006,40.183399
1262,2007,40.1367
1262,2008,39.965099
1262,2009,39.8507
1262,2010,39.910099
1262,2011,39.942402
1262,2012,40.027901
1262,2013,40.118999
1262,2014,40.1931
1262,2015,40.365398
1262,2016,40.326401
1262,2017,40.437698
1262,2018,40.486401
1262,2019,40.662399
1262,2020,41.071602
1262,2021,41.447498
1262,2022,41.7458
1262,2023,42.164101
1262,2024,42.641499
1262,2025,43.076099
1263,2006,37.990299
1263,2007,37.9972
1263,2008,38.0849
1263,2009,38.229198
1263,2010,38.338699
1263,2011,38.571602
1263,2012,38.617802
1263,2013,38.802299
1263,2014,38.901001
1263,2015,38.932701
1263,2016,38.853199
1263,2017,38.893902
1263,2018,38.938202
1263,2019,38.8307
1263,2020,38.779099
1263,2021,38.685799
1263,2022,38.739498
1263,2023,39.036098
1263,2024,39.276299
1263,2025,39.480801
1264,2006,40.075199
1264,2007,40.0116
1264,2008,40.239201
1264,2009,40.3965
1264,2010,40.568699
1264,2011,40.757702
1264,2012,40.9189
1264,2013,41.0037
1264,2014,41.193298
1264,2015,41.344501
1264,2016,41.234001
1264,2017,41.1367
1264,2018,41.225899
1264,2019,41.3554
1264,2020,41.416801
1264,2021,41.4016
1264,2022,41.378799
1264,2023,41.495201
1264,2024,41.5569
1264,2025,41.8298
1265,2006,41.601002
1265,2007,41.671398
1265,2008,41.968201
1265,2009,42.227798
1265,2010,42.490799
1265,2011,42.728298
1265,2012,42.729301
1265,2013,42.848999
1265,2014,43.041401
1265,2015,43.1063
1265,2016,43.201599
1265,2017,43.091099
1265,2018,43.097
1265,2019,43.331501
1265,2020,43.276699
1265,2021,43.399601
1265,2022,43.501701
1265,2023,43.7486
1265,2024,44.023499
1265,2025,44.162102
1266,2006,41.665298
1266,2007,41.775902
1266,2008,41.804901
1266,2009,41.9795
1266,2010,42.109798
1266,2011,42.275799
1266,2012,42.3619
1266,2013,42.375198
1266,2014,42.6348
1266,2015,42.574699
1266,2016,42.4585
1266,2017,42.183701
1266,2018,42.349701
1266,2019,42.461399
1266,2020,42.571999
1266,2021,42.788898
1266,2022,43.084702
1266,2023,43.4716
1266,2024,43.897999
1266,2025,44.202999
1267,2006,40.529301
1267,2007,40.510502
1267,2008,40.7477
1267,2009,40.884701
1267,2010,40.844601
1267,2011,41.103699
1267,2012,41.146099
1267,2013,41.2626
1267,2014,41.368198
1267,2015,41.417198
1267,2016,41.453098
1267,2017,41.400299
1267,2018,41.467602
1267,2019,41.675598
1267,2020,41.971298
1267,2021,42.050098
1267,2022,41.990898
1267,2023,42.140499
1267,2024,42.300701
1267,2025,42.5172
1270,2006,42.877499
1270,2007,42.877602
1270,2008,42.849998
1270,2009,42.967499
1270,2010,42.932899
1270,2011,43.112301
1270,2012,43.226799
1270,2013,43.291199
1270,2014,43.248402
1270,2015,43.1959
1270,2016,43.233398
1270,2017,43.399899
1270,2018,43.357601
1270,2019,43.554199
1270,2020,43.6889
1270,2021,43.892502
1270,2022,44.132801
1270,2023,44.633801
1270,2024,44.994099
1270,2025,45.1674
1272,2006,41.831799
1272,2007,42.113499
1272,2008,42.275299
1272,2009,42.328899
1272,2010,42.482399
1272,2011,42.513199
1272,2012,42.808498
1272,2013,42.824299
1272,2014,42.888401
1272,2015,42.9132
1272,2016,42.819401
1272,2017,42.9631
1272,2018,42.822102
1272,2019,42.9575
1272,2020,43.212601
1272,2021,43.499802
1272,2022,43.6404
1272,2023,44.135101
1272,2024,44.398701
1272,2025,44.5065
1273,2006,42.730301
1273,2007,42.858398
1273,2008,42.966202
1273,2009,43.164001
1273,2010,43.056
1273,2011,43.203999
1273,2012,43.4492
1273,2013,43.466499
1273,2014,43.3992
1273,2015,43.409199
1273,2016,43.2202
1273,2017,43.264702
1273,2018,43.1381
1273,2019,43.366299
1273,2020,43.610401
1273,2021,43.752201
1273,2022,43.950401
1273,2023,44.234299
1273,2024,44.707901
1273,2025,45.002998
1275,2006,41.128899
1275,2007,41.1241
1275,2008,41.211201
1275,2009,41.4216
1275,2010,41.7183
1275,2011,41.561298
1275,2012,41.845699
1275,2013,41.8839
1275,2014,41.7616
1275,2015,41.785198
1275,2016,41.4673
1275,2017,41.513802
1275,2018,41.239899
1275,2019,41.3354
1275,2020,41.349998
1275,2021,41.179699
1275,2022,41.431099
1275,2023,41.841301
1275,2024,42.186901
1275,2025,42.742401
1276,2006,41.913601
1276,2007,41.876301
1276,2008,42.0821
1276,2009,42.177502
1276,2010,42.131401
1276,2011,42.158298
1276,2012,42.255199
1276,2013,42.395802
1276,2014,42.5853
1276,2015,42.569698
1276,2016,42.396
1276,2017,42.266201
1276,2018,42.3395
1276,2019,42.305199
1276,2020,42.389301
1276,2021,42.439201
1276,2022,42.5299
1276,2023,42.931599
1276,2024,43.129398
1276,2025,43.401402
1277,2006,38.8223
1277,2007,38.7691
1277,2008,38.748001
1277,2009,38.8162
1277,2010,38.957802
1277,2011,39.009899
1277,2012,39.210899
1277,2013,39.361198
1277,2014,39.356201
1277,2015,39.279598
1277,2016,39.189201
1277,2017,38.9743
1277,2018,38.958
1277,2019,39.154202
1277,2020,38.9608
1277,2021,38.830502
1277,2022,39.092899
1277,2023,39.191101
1277,2024,39.460701
1277,2025,39.722801
1278,2006,45.479801
1278,2007,45.6502
1278,2008,45.862598
1278,2009,46.102402
1278,2010,46.301701
1278,2011,46.5966
1278,2012,46.651402
1278,2013,46.814899
1278,2014,46.8685
1278,2015,46.9995
1278,2016,46.832298
1278,2017,46.9245
1278,2018,47.066601
1278,2019,47.080601
1278,2020,47.318401
1278,2021,47.4049
1278,2022,47.4501
1278,2023,47.704201
1278,2024,47.888401
1278,2025,48.114101
1280,2006,39.418201
1280,2007,39.216
1280,2008,38.943501
1280,2009,38.6623
1280,2010,38.4842
1280,2011,38.394699
1280,2012,38.273499
1280,2013,38.154202
1280,2014,38.066299
1280,2015,38.024899
1280,2016,37.963402
1280,2017,37.9137
1280,2018,37.886101
1280,2019,37.9296
1280,2020,37.9827
1280,2021,38.034901
1280,2022,38.145401
1280,2023,38.2957
1280,2024,38.485901
1280,2025,38.726501
1281,2006,37.577801
1281,2007,37.5308
1281,2008,37.526798
1281,2009,37.551998
1281,2010,37.564201
1281,2011,37.679401
1281,2012,37.7771
1281,2013,37.877602
1281,2014,37.937801
1281,2015,38.066299
1281,2016,38.152802
1281,2017,38.118401
1281,2018,38.203602
1281,2019,38.256599
1281,2020,38.388302
1281,2021,38.514702
1281,2022,38.6908
1281,2023,38.773399
1281,2024,38.966499
1281,2025,39.217899
1282,2006,41.128201
1282,2007,41.1096
1282,2008,41.041599
1282,2009,40.971699
1282,2010,40.872101
1282,2011,40.7813
1282,2012,40.723801
1282,2013,40.655399
1282,2014,40.614601
1282,2015,40.624901
1282,2016,40.505299
1282,2017,40.452
1282,2018,40.540401
1282,2019,40.746799
1282,2020,40.882999
1282,2021,41.0741
1282,2022,41.2267
1282,2023,41.521801
1282,2024,41.7966
1282,2025,42.0704
1283,2006,40.6245
1283,2007,40.5555
1283,2008,40.478699
1283,2009,40.4813
1283,2010,40.501499
1283,2011,40.509399
1283,2012,40.4524
1283,2013,40.480202
1283,2014,40.4095
1283,2015,40.337799
1283,2016,40.291901
1283,2017,40.183102
1283,2018,40.149601
1283,2019,40.1422
1283,2020,40.186001
1283,2021,40.343498
1283,2022,40.521301
1283,2023,40.761299
1283,2024,40.9902
1283,2025,41.222099
1284,2006,42.848801
1284,2007,43.047501
1284,2008,43.1399
1284,2009,43.324001
1284,2010,43.416801
1284,2011,43.5956
1284,2012,43.5667
1284,2013,43.666901
1284,2014,43.919899
1284,2015,44.0023
1284,2016,44.0882
1284,2017,44.125301
1284,2018,44.3228
1284,2019,44.504601
1284,2020,44.811901
1284,2021,44.922798
1284,2022,44.908199
1284,2023,45.216702
1284,2024,45.405701
1284,2025,45.734299
1285,2006,39.502899
1285,2007,39.582802
1285,2008,39.5788
1285,2009,39.647701
1285,2010,39.691502
1285,2011,39.825001
1285,2012,40.0145
1285,2013,40.005001
1285,2014,40.0564
1285,2015,40.041901
1285,2016,40.001598
1285,2017,40.029999
1285,2018,40.001099
1285,2019,40.0434
1285,2020,40.094799
1285,2021,40.060001
1285,2022,40.248299
1285,2023,40.480701
1285,2024,40.689098
1285,2025,40.817902
1286,2006,44.098598
1286,2007,44.2519
1286,2008,44.361401
1286,2009,44.506001
1286,2010,44.591599
1286,2011,44.737202
1286,2012,44.843498
1286,2013,44.900501
1286,2014,45.080299
1286,2015,45.025398
1286,2016,44.955101
1286,2017,45.042301
1286,2018,45.187801
1286,2019,45.306999
1286,2020,45.477299
1286,2021,45.504398
1286,2022,45.567501
1286,2023,45.773602
1286,2024,45.9501
1286,2025,46.2384
1287,2006,41.252499
1287,2007,41.2551
1287,2008,41.257599
1287,2009,41.320801
1287,2010,41.3699
1287,2011,41.5546
1287,2012,41.706799
1287,2013,41.723499
1287,2014,41.880501
1287,2015,41.966999
1287,2016,41.957298
1287,2017,41.8978
1287,2018,41.983799
1287,2019,41.987
1287,2020,41.9851
1287,2021,42.052601
1287,2022,42.2038
1287,2023,42.319698
1287,2024,42.567799
1287,2025,42.798901
1290,2006,41.0257
1290,2007,41.057598
1290,2008,41.070599
1290,2009,41.110298
1290,2010,41.1436
1290,2011,41.233299
1290,2012,41.306801
1290,2013,41.355999
1290,2014,41.370899
1290,2015,41.442101
1290,2016,41.474602
1290,2017,41.479
1290,2018,41.495499
1290,2019,41.5891
1290,2020,41.663898
1290,2021,41.777901
1290,2022,41.970501
1290,2023,42.198399
1290,2024,42.5126
1290,2025,42.8545
1291,2006,46.020199
1291,2007,46.304298
1291,2008,46.562302
1291,2009,46.881901
1291,2010,47.2486
1291,2011,47.601299
1291,2012,47.926399
1291,2013,48.1534
1291,2014,48.3629
1291,2015,48.482498
1291,2016,48.110298
1291,2017,48.291801
1291,2018,48.531101
1291,2019,48.891899
1291,2020,49.098598
1291,2021,49.409698
1291,2022,49.783199
1291,2023,50.111599
1291,2024,50.296398
1291,2025,50.714298
1292,2006,42.0145
1292,2007,42.183601
1292,2008,42.296101
1292,2009,42.436501
1292,2010,42.592201
1292,2011,42.752102
1292,2012,42.821899
1292,2013,42.8997
1292,2014,42.9981
1292,2015,43.017799
1292,2016,42.9515
1292,2017,42.923199
1292,2018,42.979099
1292,2019,43.195
1292,2020,43.189701
1292,2021,43.310398
1292,2022,43.388802
1292,2023,43.553299
1292,2024,43.806801
1292,2025,44.1418
1293,2006,41.843899
1293,2007,41.888401
1293,2008,41.9664
1293,2009,42.080002
1293,2010,42.224602
1293,2011,42.421398
1293,2012,42.4151
1293,2013,42.563
1293,2014,42.658298
1293,2015,42.681099
1293,2016,42.612
1293,2017,42.651699
1293,2018,42.712601
1293,2019,42.837601
1293,2020,42.929798
1293,2021,42.923801
1293,2022,43.049999
1293,2023,43.250099
1293,2024,43.464401
1293,2025,43.709099
1315,2006,41.345402
1315,2007,41.488998
1315,2008,41.596199
1315,2009,41.703499
1315,2010,42.014198
1315,2011,42.2812
1315,2012,42.350101
1315,2013,42.460999
1315,2014,42.038799
1315,2015,41.724701
1315,2016,40.900398
1315,2017,41.116798
1315,2018,41.362
1315,2019,41.645699
1315,2020,41.966099
1315,2021,42.263401
1315,2022,42.571602
1315,2023,42.973099
1315,2024,43.2868
1315,2025,43.500099
1380,2006,40.590302
1380,2007,40.700199
1380,2008,40.7967
1380,2009,40.864601
1380,2010,40.8825
1380,2011,41.002899
1380,2012,40.999901
1380,2013,41.0256
1380,2014,40.976398
1380,2015,40.9575
1380,2016,40.918598
1380,2017,40.905701
1380,2018,40.901402
1380,2019,40.9268
1380,2020,40.964802
1380,2021,41.039299
1380,2022,41.1269
1380,2023,41.338799
1380,2024,41.518101
1380,2025,41.726299
1381,2006,42.355
1381,2007,42.635201
1381,2008,42.896
1381,2009,43.072102
1381,2010,43.271702
1381,2011,43.428501
1381,2012,43.674301
1381,2013,43.784801
1381,2014,43.725601
1381,2015,43.681801
1381,2016,43.450199
1381,2017,43.351299
1381,2018,43.440899
1381,2019,43.468102
1381,2020,43.765202
1381,2021,43.8703
1381,2022,44.057301
1381,2023,44.338799
1381,2024,44.5844
1381,2025,44.734798
1382,2006,41.814602
1382,2007,41.931
1382,2008,42.065701
1382,2009,42.210899
1382,2010,42.366501
1382,2011,42.407101
1382,2012,42.643299
1382,2013,42.722
1382,2014,42.785702
1382,2015,42.836601
1382,2016,42.694099
1382,2017,42.827099
1382,2018,42.8181
1382,2019,42.914799
1382,2020,42.977402
1382,2021,43.105
1382,2022,43.308701
1382,2023,43.466702
1382,2024,43.758801
1382,2025,44.069
1383,2006,41.2411
1383,2007,41.3927
1383,2008,41.5275
1383,2009,41.604599
1383,2010,41.7239
1383,2011,41.823101
1383,2012,41.996498
1383,2013,42.147202
1383,2014,42.2826
1383,2015,42.449299
1383,2016,42.514999
1383,2017,42.560001
1383,2018,42.6371
1383,2019,42.737301
1383,2020,42.889
1383,2021,43.009899
1383,2022,43.135201
1383,2023,43.412998
1383,2024,43.6394
1383,2025,43.9175
1384,2006,38.626999
1384,2007,38.806702
1384,2008,39.0821
1384,2009,39.188599
1384,2010,39.337101
1384,2011,39.5443
1384,2012,39.719799
1384,2013,39.937599
1384,2014,40.077099
1384,2015,40.2938
1384,2016,40.4077
1384,2017,40.445999
1384,2018,40.526699
1384,2019,40.723301
1384,2020,40.9767
1384,2021,41.199001
1384,2022,41.430401
1384,2023,41.814701
1384,2024,42.163898
1384,2025,42.486198
1401,2006,37.364399
1401,2007,37.4207
1401,2008,37.414001
1401,2009,37.509998
1401,2010,37.4296
1401,2011,37.612701
1401,2012,37.683899
1401,2013,37.7775
1401,2014,37.9142
1401,2015,38.102501
1401,2016,38.155602
1401,2017,38.3848
1401,2018,38.496399
1401,2019,38.753601
1401,2020,38.970798
1401,2021,38.9842
1401,2022,39.231701
1401,2023,39.642399
1401,2024,39.972198
1401,2025,40.355
1402,2006,38.355301
1402,2007,38.539001
1402,2008,38.668098
1402,2009,38.7159
1402,2010,38.678101
1402,2011,38.768101
1402,2012,38.814098
1402,2013,38.849998
1402,2014,38.925999
1402,2015,38.8997
1402,2016,38.985001
1402,2017,39.020199
1402,2018,39.060101
1402,2019,39.062199
1402,2020,39.114601
1402,2021,39.266201
1402,2022,39.315601
1402,2023,39.344398
1402,2024,39.537102
1402,2025,39.782799
1407,2006,40.351101
1407,2007,40.497501
1407,2008,40.752899
1407,2009,41.028
1407,2010,41.334599
1407,2011,41.735699
1407,2012,42.066101
1407,2013,42.409901
1407,2014,42.7076
1407,2015,43.050301
1407,2016,43.249001
1407,2017,43.534199
1407,2018,43.710899
1407,2019,44.1376
1407,2020,44.502701
1407,2021,45.084999
1407,2022,45.5625
1407,2023,45.879002
1407,2024,46.361099
1407,2025,46.741199
1415,2006,38.416302
1415,2007,38.740398
1415,2008,39.007401
1415,2009,39.279099
1415,2010,39.443199
1415,2011,39.574299
1415,2012,39.714199
1415,2013,39.946999
1415,2014,40.096699
1415,2015,40.304798
1415,2016,40.419399
1415,2017,40.483398
1415,2018,40.586399
1415,2019,40.734798
1415,2020,40.970299
1415,2021,41.131901
1415,2022,41.2257
1415,2023,41.592701
1415,2024,41.944698
1415,2025,42.217602
1419,2006,42.168701
1419,2007,42.460899
1419,2008,42.723301
1419,2009,43.006599
1419,2010,43.4715
1419,2011,43.771801
1419,2012,44.0798
1419,2013,44.389198
1419,2014,44.527901
1419,2015,44.693199
1419,2016,44.845901
1419,2017,44.8148
1419,2018,44.867901
1419,2019,45.167
1419,2020,45.381401
1419,2021,45.556499
1419,2022,46.022202
1419,2023,46.4156
1419,2024,46.9077
1419,2025,47.153599
1421,2006,43.255299
1421,2007,43.6087
1421,2008,44.0159
1421,2009,44.372398
1421,2010,44.772099
1421,2011,45.276402
1421,2012,45.346699
1421,2013,45.7607
1421,2014,46.029099
1421,2015,46.305901
1421,2016,46.347698
1421,2017,46.628799
1421,2018,46.850101
1421,2019,46.992599
1421,2020,47.153099
1421,2021,47.423401
1421,2022,47.669998
1421,2023,47.984901
1421,2024,48.174
1421,2025,48.401798
1427,2006,45.813999
1427,2007,45.9645
1427,2008,46.451199
1427,2009,46.557598
1427,2010,46.945099
1427,2011,47.264198
1427,2012,47.4156
1427,2013,47.9039
1427,2014,48.3647
1427,2015,48.587502
1427,2016,48.549099
1427,2017,48.554298
1427,2018,48.725201
1427,2019,48.8498
1427,2020,49.3134
1427,2021,49.874298
1427,2022,50.123501
1427,2023,50.493
1427,2024,50.771301
1427,2025,51.205299
1430,2006,42.878101
1430,2007,43.033501
1430,2008,43.175999
1430,2009,43.228699
1430,2010,43.246101
1430,2011,43.266102
1430,2012,43.3325
1430,2013,43.497898
1430,2014,43.631302
1430,2015,43.634201
1430,2016,43.358799
1430,2017,43.245399
1430,2018,43.301399
1430,2019,43.3125
1430,2020,43.3885
1430,2021,43.681099
1430,2022,43.912701
1430,2023,44.135502
1430,2024,44.4785
1430,2025,44.779301
1435,2006,44.016499
1435,2007,44.2868
1435,2008,44.567902
1435,2009,44.699402
1435,2010,44.659901
1435,2011,44.855
1435,2012,45.101299
1435,2013,45.2379
1435,2014,45.4897
1435,2015,45.583599
1435,2016,45.462101
1435,2017,45.275902
1435,2018,45.470402
1435,2019,45.7738
1435,2020,45.952801
1435,2021,46.2686
1435,2022,46.372898
1435,2023,46.924999
1435,2024,47.502399
1435,2025,47.946899
1438,2006,42.343498
1438,2007,42.577999
1438,2008,42.9459
1438,2009,43.249199
1438,2010,43.479801
1438,2011,43.752899
1438,2012,44.023602
1438,2013,43.824001
1438,2014,43.930698
1438,2015,43.879101
1438,2016,44.0952
1438,2017,44.480999
1438,2018,44.270901
1438,2019,44.515701
1438,2020,44.957802
1438,2021,45.360802
1438,2022,45.9841
1438,2023,46.287899
1438,2024,46.535999
1438,2025,46.849499
1439,2006,42.774399
1439,2007,42.874401
1439,2008,43.172501
1439,2009,43.376598
1439,2010,43.665699
1439,2011,43.747601
1439,2012,43.863899
1439,2013,44.006001
1439,2014,44.0457
1439,2015,44.059502
1439,2016,43.905102
1439,2017,44.174198
1439,2018,44.126202
1439,2019,43.964001
1439,2020,43.976398
1439,2021,44.337101
1439,2022,44.835899
1439,2023,45.095901
1439,2024,45.4151
1439,2025,45.554401
1440,2006,38.348202
1440,2007,38.457199
1440,2008,38.6562
1440,2009,38.898399
1440,2010,39.042301
1440,2011,39.139801
1440,2012,39.252499
1440,2013,39.2873
1440,2014,39.343201
1440,2015,39.3876
1440,2016,39.217098
1440,2017,38.971699
1440,2018,38.914501
1440,2019,38.882198
1440,2020,38.8993
1440,2021,38.916
1440,2022,39.090199
1440,2023,39.330101
1440,2024,39.588402
1440,2025,39.776501
1441,2006,38.032902
1441,2007,38.047901
1441,2008,38.151501
1441,2009,38.291698
1441,2010,38.5135
1441,2011,38.7178
1441,2012,38.876701
1441,2013,38.9799
1441,2014,38.983799
1441,2015,39.069801
1441,2016,39.140099
1441,2017,39.114799
1441,2018,39.107899
1441,2019,39.125401
1441,2020,39.149502
1441,2021,39.297501
1441,2022,39.555099
1441,2023,39.875801
1441,2024,40.242001
1441,2025,40.397202
1442,2006,39.224499
1442,2007,39.301498
1442,2008,39.421001
1442,2009,39.777401
1442,2010,40.107899
1442,2011,40.3181
1442,2012,40.423401
1442,2013,40.6143
1442,2014,40.754601
1442,2015,41.029099
1442,2016,40.938499
1442,2017,40.903099
1442,2018,40.969501
1442,2019,40.9146
1442,2020,40.980701
1442,2021,40.886002
1442,2022,40.9725
1442,2023,41.112
1442,2024,41.323898
1442,2025,41.505901
1443,2006,39.728199
1443,2007,39.7798
1443,2008,40.115398
1443,2009,40.151699
1443,2010,40.1688
1443,2011,40.4697
1443,2012,40.645599
1443,2013,40.894402
1443,2014,41.0438
1443,2015,41.084202
1443,2016,40.8978
1443,2017,40.823299
1443,2018,40.939701
1443,2019,41.1231
1443,2020,41.181999
1443,2021,41.2799
1443,2022,41.6716
1443,2023,41.911098
1443,2024,42.075699
1443,2025,42.470798
1444,2006,41.859402
1444,2007,42.047199
1444,2008,42.023102
1444,2009,42.207699
1444,2010,42.641201
1444,2011,43.053101
1444,2012,43.296299
1444,2013,43.419998
1444,2014,43.749199
1444,2015,43.8568
1444,2016,43.789501
1444,2017,43.967701
1444,2018,44.412998
1444,2019,44.5784
1444,2020,44.878101
1444,2021,44.944698
1444,2022,45.327
1444,2023,45.638699
1444,2024,45.791
1444,2025,45.921101
1445,2006,42.651299
1445,2007,42.478298
1445,2008,42.659401
1445,2009,42.955898
1445,2010,43.0275
1445,2011,43.391602
1445,2012,43.5956
1445,2013,43.653999
1445,2014,43.596199
1445,2015,43.6222
1445,2016,43.562
1445,2017,43.5769
1445,2018,43.608898
1445,2019,43.854401
1445,2020,44.189301
1445,2021,44.339001
1445,2022,44.336498
1445,2023,44.756199
1445,2024,45.007702
1445,2025,45.1856
1446,2006,44.765301
1446,2007,45.003399
1446,2008,45.3773
1446,2009,45.5849
1446,2010,45.826
1446,2011,45.9091
1446,2012,46.105499
1446,2013,46.008999
1446,2014,46.066799
1446,2015,46.229198
1446,2016,45.808601
1446,2017,46.010502
1446,2018,46.0797
1446,2019,46.284698
1446,2020,46.350201
1446,2021,46.444801
1446,2022,46.492001
1446,2023,46.6152
1446,2024,46.979099
1446,2025,47.230801
1447,2006,44.935299
1447,2007,45.208302
1447,2008,45.793701
1447,2009,46.213299
1447,2010,46.622601
1447,2011,46.740002
1447,2012,46.959801
1447,2013,47.3013
1447,2014,47.2076
1447,2015,47.379601
1447,2016,47.059399
1447,2017,47.514
1447,2018,47.572899
1447,2019,47.748402
1447,2020,48.257801
1447,2021,48.219601
1447,2022,48.276001
1447,2023,48.7019
1447,2024,49.4142
1447,2025,50.070499
1452,2006,42.060101
1452,2007,42.126801
1452,2008,42.2384
1452,2009,42.582901
1452,2010,42.717999
1452,2011,42.944
1452,2012,43.060101
1452,2013,43.292
1452,2014,43.0909
1452,2015,43.280899
1452,2016,43.2318
1452,2017,43.200699
1452,2018,43.147099
1452,2019,43.258999
1452,2020,43.501301
1452,2021,43.684101
1452,2022,43.861099
1452,2023,44.2225
1452,2024,44.4021
1452,2025,44.674301
1460,2006,45.304001
1460,2007,45.774399
1460,2008,45.8638
1460,2009,46.062199
1460,2010,46.127998
1460,2011,46.356201
1460,2012,46.547901
1460,2013,46.4487
1460,2014,46.564499
1460,2015,46.3535
1460,2016,45.737099
1460,2017,45.830399
1460,2018,45.912601
1460,2019,46.061798
1460,2020,46.470699
1460,2021,47.0266
1460,2022,47.245499
1460,2023,47.659801
1460,2024,47.688099
1460,2025,48.045898
1461,2006,44.4375
1461,2007,44.618801
1461,2008,44.825699
1461,2009,45.1847
1461,2010,45.337002
1461,2011,45.540298
1461,2012,46.011398
1461,2013,45.948601
1461,2014,45.908298
1461,2015,45.407902
1461,2016,44.8606
1461,2017,44.686901
1461,2018,44.6866
1461,2019,44.9552
1461,2020,44.944401
1461,2021,45.155998
1461,2022,45.286301
1461,2023,45.590199
1461,2024,45.992599
1461,2025,46.157799
1462,2006,40.401699
1462,2007,40.6306
1462,2008,40.619301
1462,2009,40.9832
1462,2010,41.347
1462,2011,41.502499
1462,2012,41.632999
1462,2013,41.642399
1462,2014,41.5079
1462,2015,41.413101
1462,2016,40.9795
1462,2017,40.854198
1462,2018,40.793301
1462,2019,40.926601
1462,2020,40.8993
1462,2021,40.923599
1462,2022,41.159901
1462,2023,41.298599
1462,2024,41.580601
1462,2025,41.896599
1463,2006,41.267601
1463,2007,41.312599
1463,2008,41.3242
1463,2009,41.5247
1463,2010,41.541901
1463,2011,41.810299
1463,2012,41.993198
1463,2013,42.132999
1463,2014,42.243999
1463,2015,42.390301
1463,2016,42.378601
1463,2017,42.3503
1463,2018,42.382599
1463,2019,42.502102
1463,2020,42.559502
1463,2021,42.615101
1463,2022,42.742802
1463,2023,43.041901
1463,2024,43.280998
1463,2025,43.446602
1465,2006,42.5816
1465,2007,42.5774
1465,2008,42.879002
1465,2009,43.062599
1465,2010,43.2146
1465,2011,43.445301
1465,2012,43.760201
1465,2013,43.810799
1465,2014,43.8545
1465,2015,43.6605
1465,2016,43.424999
1465,2017,43.586899
1465,2018,43.564499
1465,2019,43.740101
1465,2020,43.862701
1465,2021,43.841999
1465,2022,43.988998
1465,2023,44.2453
1465,2024,44.542599
1465,2025,45.041
1466,2006,41.783699
1466,2007,41.848202
1466,2008,42.113499
1466,2009,42.130798
1466,2010,42.382801
1466,2011,42.581001
1466,2012,42.687199
1466,2013,42.791599
1466,2014,42.753899
1466,2015,42.839401
1466,2016,42.7439
1466,2017,42.951
1466,2018,43.1609
1466,2019,43.377499
1466,2020,43.6035
1466,2021,43.675701
1466,2022,43.809101
1466,2023,44.043301
1466,2024,44.269001
1466,2025,44.519901
1470,2006,42.533401
1470,2007,42.626598
1470,2008,42.790798
1470,2009,42.938499
1470,2010,42.9753
1470,2011,43.142502
1470,2012,43.251801
1470,2013,43.2976
1470,2014,43.304501
1470,2015,43.365898
1470,2016,43.2089
1470,2017,43.165401
1470,2018,43.237701
1470,2019,43.266102
1470,2020,43.337002
1470,2021,43.327999
1470,2022,43.580299
1470,2023,43.887001
1470,2024,44.069199
1470,2025,44.416199
1471,2006,41.530102
1471,2007,41.609699
1471,2008,41.867298
1471,2009,41.922298
1471,2010,42.050999
1471,2011,42.4375
1471,2012,42.6511
1471,2013,42.9193
1471,2014,43.077499
1471,2015,43.2024
1471,2016,43.431301
1471,2017,43.639099
1471,2018,43.8269
1471,2019,44.085999
1471,2020,44.411201
1471,2021,44.650799
1471,2022,44.794399
1471,2023,45.004002
1471,2024,45.170399
1471,2025,45.278801
1472,2006,42.000099
1472,2007,42.249599
1472,2008,42.3731
1472,2009,42.608398
1472,2010,42.731201
1472,2011,42.792801
1472,2012,42.940498
1472,2013,43.028301
1472,2014,43.0443
1472,2015,43.063999
1472,2016,43.148701
1472,2017,43.106998
1472,2018,43.190102
1472,2019,43.186901
1472,2020,43.204201
1472,2021,43.364601
1472,2022,43.439701
1472,2023,43.696899
1472,2024,43.909698
1472,2025,44.008202
1473,2006,42.896999
1473,2007,42.959599
1473,2008,43.319401
1473,2009,43.4091
1473,2010,43.642601
1473,2011,44.109402
1473,2012,44.160999
1473,2013,44.311199
1473,2014,44.187599
1473,2015,43.8424
1473,2016,43.635502
1473,2017,43.940701
1473,2018,44.1553
1473,2019,44.373798
1473,2020,44.500801
1473,2021,44.764198
1473,2022,44.9772
1473,2023,45.268398
1473,2024,45.581402
1473,2025,45.576401
1480,2006,38.683498
1480,2007,38.6422
1480,2008,38.570099
1480,2009,38.509399
1480,2010,38.461601
1480,2011,38.442902
1480,2012,38.420101
1480,2013,38.379398
1480,2014,38.3643
1480,2015,38.371201
1480,2016,38.368801
1480,2017,38.3937
1480,2018,38.418499
1480,2019,38.497002
1480,2020,38.6073
1480,2021,38.728199
1480,2022,38.798
1480,2023,38.917099
1480,2024,39.127602
1480,2025,39.3167
1481,2006,38.396
1481,2007,38.391102
1481,2008,38.442001
1481,2009,38.4231
1481,2010,38.439201
1481,2011,38.550999
1481,2012,38.613899
1481,2013,38.7593
1481,2014,38.7355
1481,2015,38.863701
1481,2016,38.7901
1481,2017,38.6968
1481,2018,38.5858
1481,2019,38.6054
1481,2020,38.716999
1481,2021,38.8997
1481,2022,39.152599
1481,2023,39.360401
1481,2024,39.533901
1481,2025,39.716702
1482,2006,39.9132
1482,2007,40.030499
1482,2008,40.0784
1482,2009,40.171902
1482,2010,40.2873
1482,2011,40.492599
1482,2012,40.656799
1482,2013,40.756699
1482,2014,41.0
1482,2015,41.107899
1482,2016,41.127102
1482,2017,41.1026
1482,2018,41.073299
1482,2019,40.994202
1482,2020,41.097198
1482,2021,41.1413
1482,2022,41.1992
1482,2023,41.333401
1482,2024,41.552898
1482,2025,41.7733
1484,2006,44.291801
1484,2007,44.5821
1484,2008,44.587101
1484,2009,44.949402
1484,2010,45.173801
1484,2011,45.4049
1484,2012,45.7001
1484,2013,45.922401
1484,2014,46.215698
1484,2015,46.159599
1484,2016,46.1222
1484,2017,46.292099
1484,2018,46.439499
1484,2019,46.664799
1484,2020,47.008099
1484,2021,47.393299
1484,2022,47.655701
1484,2023,48.178001
1484,2024,48.564999
1484,2025,48.978298
1485,2006,41.166199
1485,2007,41.160801
1485,2008,41.207001
1485,2009,41.203098
1485,2010,41.278301
1485,2011,41.395802
1485,2012,41.485001
1485,2013,41.4356
1485,2014,41.376202
1485,2015,41.290901
1485,2016,41.1646
1485,2017,41.112099
1485,2018,41.2453
1485,2019,41.2509
1485,2020,41.434799
1485,2021,41.5741
1485,2022,41.733101
1485,2023,41.997898
1485,2024,42.2794
1485,2025,42.554798
1486,2006,42.513599
1486,2007,42.664001
1486,2008,42.901901
1486,2009,42.8764
1486,2010,42.806999
1486,2011,42.724201
1486,2012,42.503799
1486,2013,42.252998
1486,2014,42.151901
1486,2015,42.010899
1486,2016,41.847099
1486,2017,41.850201
1486,2018,41.9473
1486,2019,42.244999
1486,2020,42.446201
1486,2021,42.6712
1486,2022,42.8288
1486,2023,42.792198
1486,2024,43.077702
1486,2025,43.353699
1487,2006,41.268101
1487,2007,41.4743
1487,2008,41.6045
1487,2009,41.8563
1487,2010,41.891499
1487,2011,42.0751
1487,2012,42.177299
1487,2013,42.1087
1487,2014,42.0495
1487,2015,42.018902
1487,2016,41.813599
1487,2017,41.819302
1487,2018,41.878502
1487,2019,42.080502
1487,2020,42.244598
1487,2021,42.447399
1487,2022,42.5882
1487,2023,42.803299
1487,2024,43.106201
1487,2025,43.398701
1488,2006,39.861301
1488,2007,39.881001
1488,2008,39.936298
1488,2009,39.924599
1488,2010,39.903702
1488,2011,39.959099
1488,2012,39.963902
1488,2013,39.875198
1488,2014,39.981098
1488,2015,40.005402
1488,2016,39.933102
1488,2017,39.958698
1488,2018,39.9576
1488,2019,40.0103
1488,2020,40.101898
1488,2021,40.316299
1488,2022,40.403099
1488,2023,40.701401
1488,2024,40.9715
1488,2025,41.1306
1489,2006,40.700401
1489,2007,40.787601
1489,2008,40.809299
1489,2009,40.9109
1489,2010,41.010601
1489,2011,41.118698
1489,2012,41.2696
1489,2013,41.438599
1489,2014,41.423599
1489,2015,41.481499
1489,2016,41.531898
1489,2017,41.601601
1489,2018,41.546001
1489,2019,41.6614
1489,2020,41.687599
1489,2021,41.857399
1489,2022,42.033798
1489,2023,42.182899
1489,2024,42.376499
1489,2025,42.7062
1490,2006,40.414398
1490,2007,40.3661
1490,2008,40.3773
1490,2009,40.3629
1490,2010,40.300598
1490,2011,40.285099
1490,2012,40.279701
1490,2013,40.212601
1490,2014,40.201801
1490,2015,40.156502
1490,2016,40.1185
1490,2017,40.1236
1490,2018,40.108601
1490,2019,40.139801
1490,2020,40.173199
1490,2021,40.269402
1490,2022,40.434399
1490,2023,40.638199
1490,2024,40.854198
1490,2025,41.108101
1491,2006,42.0144
1491,2007,42.150501
1491,2008,42.2285
1491,2009,42.4702
1491,2010,42.5742
1491,2011,42.643398
1491,2012,42.773102
1491,2013,42.777401
1491,2014,42.909199
1491,2015,43.0285
1491,2016,42.9244
1491,2017,42.814098
1491,2018,42.985298
1491,2019,42.9608
1491,2020,43.058899
1491,2021,43.0886
1491,2022,43.228298
1491,2023,43.447601
1491,2024,43.6754
1491,2025,43.888302
1492,2006,43.6618
1492,2007,43.9044
1492,2008,44.129299
1492,2009,44.479301
1492,2010,44.653801
1492,2011,45.000702
1492,2012,44.994499
1492,2013,45.0177
1492,2014,44.891499
1492,2015,44.324902
1492,2016,43.9468
1492,2017,44.125099
1492,2018,44.249699
1492,2019,44.618599
1492,2020,44.831402
1492,2021,45.2323
1492,2022,45.568401
1492,2023,45.938999
1492,2024,46.133301
1492,2025,46.717499
1493,2006,42.585999
1493,2007,42.877201
1493,2008,43.0821
1493,2009,43.304699
1493,2010,43.523701
1493,2011,43.763401
1493,2012,43.958698
1493,2013,43.9757
1493,2014,44.174702
1493,2015,44.146702
1493,2016,44.145599
1493,2017,44.1199
1493,2018,44.2202
1493,2019,44.297501
1493,2020,44.4874
1493,2021,44.542801
1493,2022,44.641899
1493,2023,44.943298
1493,2024,45.112999
1493,2025,45.403999
1494,2006,41.192799
1494,2007,41.253101
1494,2008,41.387402
1494,2009,41.465801
1494,2010,41.6558
1494,2011,41.830299
1494,2012,42.1021
1494,2013,42.250599
1494,2014,42.2966
1494,2015,42.407501
1494,2016,42.438999
1494,2017,42.459999
1494,2018,42.582901
1494,2019,42.6992
1494,2020,42.821999
1494,2021,43.054199
1494,2022,43.293499
1494,2023,43.446301
1494,2024,43.742199
1494,2025,44.113499
1495,2006,40.998199
1495,2007,41.116699
1495,2008,41.1642
1495,2009,41.421902
1495,2010,41.649799
1495,2011,41.9272
1495,2012,41.971699
1495,2013,41.817902
1495,2014,41.762699
1495,2015,41.919201
1495,2016,41.717098
1495,2017,41.964699
1495,2018,42.0168
1495,2019,42.1493
1495,2020,42.414398
1495,2021,42.541199
1495,2022,42.741699
1495,2023,43.058998
1495,2024,43.152401
1495,2025,43.309299
1496,2006,39.959202
1496,2007,40.089401
1496,2008,40.108002
1496,2009,40.152802
1496,2010,40.156799
1496,2011,40.201199
1496,2012,40.230499
1496,2013,40.205101
1496,2014,40.276699
1496,2015,40.337502
1496,2016,40.394199
1496,2017,40.371399
1496,2018,40.323799
1496,2019,40.3218
1496,2020,40.3102
1496,2021,40.370701
1496,2022,40.4086
1496,2023,40.596001
1496,2024,40.738701
1496,2025,40.909698
1497,2006,42.472599
1497,2007,42.649399
1497,2008,43.047501
1497,2009,43.245399
1497,2010,43.500099
1497,2011,43.684799
1497,2012,43.628101
1497,2013,43.757
1497,2014,43.8661
1497,2015,43.7668
1497,2016,43.9366
1497,2017,44.0872
1497,2018,44.237499
1497,2019,44.430099
1497,2020,44.516701
1497,2021,44.6236
1497,2022,44.740898
1497,2023,44.8867
1497,2024,44.871101
1497,2025,45.219299
1498,2006,41.872898
1498,2007,42.007599
1498,2008,42.208801
1498,2009,42.484299
1498,2010,42.655998
1498,2011,42.816101
1498,2012,42.800098
1498,2013,42.906399
1498,2014,42.811501
1498,2015,42.8792
1498,2016,42.8479
1498,2017,42.8965
1498,2018,42.963402
1498,2019,43.153099
1498,2020,43.334301
1498,2021,43.507
1498,2022,43.712399
1498,2023,43.7971
1498,2024,43.9902
1498,2025,44.321701
1499,2006,41.785801
1499,2007,41.8559
1499,2008,41.8452
1499,2009,41.942402
1499,2010,41.916199
1499,2011,41.887699
1499,2012,41.971802
1499,2013,41.813702
1499,2014,41.769402
1499,2015,41.610802
1499,2016,41.547298
1499,2017,41.4505
1499,2018,41.457699
1499,2019,41.444302
1499,2020,41.652699
1499,2021,41.8041
1499,2022,42.022499
1499,2023,42.269299
1499,2024,42.583401
1499,2025,42.801899
1715,2006,40.8078
1715,2007,41.102001
1715,2008,41.379601
1715,2009,41.589401
1715,2010,41.795101
1715,2011,42.013599
1715,2012,42.038799
1715,2013,42.2043
1715,2014,42.257599
1715,2015,42.671902
1715,2016,42.819302
1715,2017,42.697601
1715,2018,42.728001
1715,2019,42.8862
1715,2020,43.002701
1715,2021,43.073002
1715,2022,43.298801
1715,2023,43.4035
1715,2024,43.6945
1715,2025,43.8941
1730,2006,43.568199
1730,2007,43.869598
1730,2008,43.958
1730,2009,44.173401
1730,2010,44.4575
1730,2011,44.587399
1730,2012,44.459301
1730,2013,44.589298
1730,2014,44.4258
1730,2015,44.2528
1730,2016,43.873199
1730,2017,43.614799
1730,2018,43.628799
1730,2019,43.8246
1730,2020,44.0247
1730,2021,44.3088
1730,2022,44.471199
1730,2023,44.6898
1730,2024,45.023998
1730,2025,45.406898
1737,2006,45.188702
1737,2007,45.500301
1737,2008,45.663101
1737,2009,45.7337
1737,2010,45.845001
1737,2011,46.008099
1737,2012,45.952801
1737,2013,46.0839
1737,2014,46.1716
1737,2015,46.430801
1737,2016,45.716702
1737,2017,46.217701
1737,2018,46.524899
1737,2019,46.6563
1737,2020,46.769001
1737,2021,46.8815
1737,2022,47.071201
1737,2023,47.2332
1737,2024,47.505798
1737,2025,47.7006
1760,2006,43.6255
1760,2007,43.615501
1760,2008,44.203701
1760,2009,44.2822
1760,2010,44.5228
1760,2011,44.977501
1760,2012,45.176899
1760,2013,45.2728
1760,2014,45.101101
1760,2015,45.468498
1760,2016,45.458698
1760,2017,45.063801
1760,2018,45.5228
1760,2019,46.158699
1760,2020,46.546902
1760,2021,47.116798
1760,2022,47.529598
1760,2023,48.255199
1760,2024,48.5826
1760,2025,48.676998
1761,2006,39.389
1761,2007,39.479698
1761,2008,39.553699
1761,2009,39.5877
1761,2010,39.678501
1761,2011,39.906101
1761,2012,39.894402
1761,2013,40.079498
1761,2014,40.040798
1761,2015,40.1576
1761,2016,40.1134
1761,2017,39.914398
1761,2018,39.893002
1761,2019,39.9748
1761,2020,40.147999
1761,2021,40.3265
1761,2022,40.4977
1761,2023,40.785
1761,2024,41.058201
1761,2025,41.495998
1762,2006,45.409
1762,2007,45.599701
1762,2008,45.954601
1762,2009,46.0285
1762,2010,46.203701
1762,2011,46.4846
1762,2012,46.9039
1762,2013,46.956501
1762,2014,47.042702
1762,2015,46.710999
1762,2016,46.328999
1762,2017,46.265598
1762,2018,46.105999
1762,2019,46.485401
1762,2020,46.093498
1762,2021,46.178699
1762,2022,46.324001
1762,2023,46.523102
1762,2024,46.6022
1762,2025,46.769299
1763,2006,40.643101
1763,2007,40.8923
1763,2008,41.106098
1763,2009,41.422699
1763,2010,41.7915
1763,2011,42.011799
1763,2012,42.084301
1763,2013,42.217899
1763,2014,42.258801
1763,2015,42.327301
1763,2016,42.197201
1763,2017,42.0737
1763,2018,42.0229
1763,2019,42.238098
1763,2020,42.369701
1763,2021,42.3214
1763,2022,42.6469
1763,2023,42.784401
1763,2024,42.936699
1763,2025,43.149399
1764,2006,42.894402
1764,2007,43.082802
1764,2008,43.3228
1764,2009,43.577702
1764,2010,43.8162
1764,2011,44.199799
1764,2012,44.269798
1764,2013,44.523602
1764,2014,44.499298
1764,2015,44.501301
1764,2016,44.061001
1764,2017,44.238602
1764,2018,44.4366
1764,2019,44.3605
1764,2020,44.6213
1764,2021,44.7962
1764,2022,44.975399
1764,2023,45.137402
1764,2024,45.3913
1764,2025,45.767601
1765,2006,42.859501
1765,2007,42.843498
1765,2008,42.960701
1765,2009,43.099899
1765,2010,43.2127
1765,2011,43.347
1765,2012,43.401699
1765,2013,43.297798
1765,2014,43.6698
1765,2015,43.667301
1765,2016,43.585602
1765,2017,43.674702
1765,2018,43.726601
1765,2019,43.753899
1765,2020,44.056198
1765,2021,44.209599
1765,2022,44.528
1765,2023,44.7192
1765,2024,45.002499
1765,2025,45.341801
1766,2006,42.6483
1766,2007,42.769001
1766,2008,43.073399
1766,2009,43.350601
1766,2010,43.493099
1766,2011,43.708302
1766,2012,43.907101
1766,2013,44.124599
1766,2014,44.2966
1766,2015,44.219601
1766,2016,43.9725
1766,2017,44.232201
1766,2018,44.257
1766,2019,44.3606
1766,2020,44.443802
1766,2021,44.706902
1766,2022,44.9702
1766,2023,45.261002
1766,2024,45.4081
1766,2025,45.600101
1780,2006,40.3932
1780,2007,40.510201
1780,2008,40.617199
1780,2009,40.619202
1780,2010,40.607201
1780,2011,40.686298
1780,2012,40.8064
1780,2013,40.862
1780,2014,40.983501
1780,2015,40.940201
1780,2016,40.9231
1780,2017,40.972801
1780,2018,40.944302
1780,2019,40.959301
1780,2020,41.0159
1780,2021,41.128799
1780,2022,41.184502
1780,2023,41.363701
1780,2024,41.512798
1780,2025,41.658298
1781,2006,43.696301
1781,2007,43.8116
1781,2008,43.8186
1781,2009,44.010502
1781,2010,44.171101
1781,2011,44.4491
1781,2012,44.526299
1781,2013,44.455799
1781,2014,44.386799
1781,2015,44.266602
1781,2016,44.1208
1781,2017,44.242001
1781,2018,44.687801
1781,2019,44.7747
1781,2020,44.9217
1781,2021,45.210602
1781,2022,45.441002
1781,2023,45.819801
1781,2024,45.971298
1781,2025,46.283901
1782,2006,45.115898
1782,2007,45.509701
1782,2008,45.639702
1782,2009,45.683701
1782,2010,45.895901
1782,2011,45.878601
1782,2012,45.594002
1782,2013,45.335899
1782,2014,45.214199
1782,2015,45.024799
1782,2016,44.191898
1782,2017,44.595798
1782,2018,44.375999
1782,2019,44.833099
1782,2020,45.0504
1782,2021,45.195702
1782,2022,45.603901
1782,2023,46.314999
1782,2024,46.819401
1782,2025,47.4543
1783,2006,45.9949
1783,2007,46.183201
1783,2008,46.506401
1783,2009,46.604301
1783,2010,46.7967
1783,2011,47.084499
1783,2012,47.063599
1783,2013,47.177601
1783,2014,47.358601
1783,2015,47.501598
1783,2016,47.365101
1783,2017,47.4692
1783,2018,47.674702
1783,2019,47.798801
1783,2020,47.9492
1783,2021,47.910301
1783,2022,47.939899
1783,2023,48.014198
1783,2024,48.2845
1783,2025,48.526798
1784,2006,43.183899
1784,2007,43.211102
1784,2008,43.319302
1784,2009,43.4291
1784,2010,43.559399
1784,2011,43.789902
1784,2012,43.989201
1784,2013,44.024601
1784,2014,44.060902
1784,2015,44.054501
1784,2016,43.959599
1784,2017,44.061401
1784,2018,44.148499
1784,2019,44.304199
1784,2020,44.504398
1784,2021,44.745602
1784,2022,44.873798
1784,2023,45.144798
1784,2024,45.346802
1784,2025,45.6003
1785,2006,43.816601
1785,2007,44.021702
1785,2008,44.137299
1785,2009,44.4837
1785,2010,44.651199
1785,2011,44.968399
1785,2012,45.179401
1785,2013,45.188499
1785,2014,45.262402
1785,2015,45.168701
1785,2016,44.7631
1785,2017,44.651798
1785,2018,44.802399
1785,2019,45.125801
1785,2020,45.323601
1785,2021,45.4603
1785,2022,45.9091
1785,2023,46.237202
1785,2024,46.548901
1785,2025,46.736
1814,2006,41.155499
1814,2007,41.153198
1814,2008,41.173401
1814,2009,41.332401
1814,2010,41.459099
1814,2011,41.3559
1814,2012,41.400799
1814,2013,41.453098
1814,2014,41.438801
1814,2015,41.174301
1814,2016,40.9814
1814,2017,40.695599
1814,2018,40.480801
1814,2019,40.446301
1814,2020,40.4165
1814,2021,40.337101
1814,2022,40.3745
1814,2023,40.754501
1814,2024,41.018799
1814,2025,41.4142
1860,2006,44.735298
1860,2007,45.035301
1860,2008,45.173599
1860,2009,45.710602
1860,2010,46.1488
1860,2011,46.472099
1860,2012,46.7677
1860,2013,46.631699
1860,2014,46.450199
1860,2015,46.360001
1860,2016,45.950401
1860,2017,46.327099
1860,2018,46.222801
1860,2019,45.987999
1860,2020,46.138199
1860,2021,46.633301
1860,2022,46.694
1860,2023,46.987801
1860,2024,47.257999
1860,2025,47.595402
1861,2006,41.762299
1861,2007,41.9991
1861,2008,42.115601
1861,2009,42.248699
1861,2010,42.378899
1861,2011,42.4272
1861,2012,42.604698
1861,2013,42.706299
1861,2014,42.756302
1861,2015,42.659801
1861,2016,42.454899
1861,2017,42.0746
1861,2018,42.048
1861,2019,42.0522
1861,2020,41.980999
1861,2021,41.971401
1861,2022,42.0578
1861,2023,42.320099
1861,2024,42.606098
1861,2025,42.847099
1862,2006,43.606499
1862,2007,43.862598
1862,2008,44.026402
1862,2009,44.387901
1862,2010,44.579399
1862,2011,44.8713
1862,2012,45.1334
1862,2013,45.185501
1862,2014,45.2686
1862,2015,45.3876
1862,2016,45.2542
1862,2017,45.176701
1862,2018,45.338699
1862,2019,45.512199
1862,2020,45.685501
1862,2021,46.135601
1862,2022,46.221699
1862,2023,46.4949
1862,2024,46.626499
1862,2025,46.904999
1863,2006,45.219799
1863,2007,45.4505
1863,2008,45.6674
1863,2009,45.497299
1863,2010,45.801701
1863,2011,45.908298
1863,2012,46.3409
1863,2013,46.190601
1863,2014,46.202999
1863,2015,45.976299
1863,2016,45.440498
1863,2017,45.32
1863,2018,45.5294
1863,2019,45.250999
1863,2020,45.4123
1863,2021,45.513699
1863,2022,46.076199
1863,2023,46.8102
1863,2024,47.357101
1863,2025,47.645199
1864,2006,45.630699
1864,2007,46.147099
1864,2008,46.372002
1864,2009,46.672901
1864,2010,47.044399
1864,2011,47.184399
1864,2012,47.696701
1864,2013,47.2043
1864,2014,46.686501
1864,2015,46.561501
1864,2016,46.121899
1864,2017,46.374901
1864,2018,46.9156
1864,2019,47.325699
1864,2020,48.0182
1864,2021,48.341702
1864,2022,48.837898
1864,2023,49.487202
1864,2024,49.6576
1864,2025,50.256901
1880,2006,39.385399
1880,2007,39.3661
1880,2008,39.2887
1880,2009,39.1922
1880,2010,39.175098
1880,2011,39.1632
1880,2012,39.159
1880,2013,39.1493
1880,2014,39.130798
1880,2015,39.191898
1880,2016,39.134499
1880,2017,39.059799
1880,2018,38.9832
1880,2019,39.073601
1880,2020,39.2225
1880,2021,39.441799
1880,2022,39.602901
1880,2023,39.7775
1880,2024,40.006302
1880,2025,40.270302
1881,2006,39.647099
1881,2007,39.7108
1881,2008,39.605598
1881,2009,39.729
1881,2010,39.6978
1881,2011,39.691299
1881,2012,39.606602
1881,2013,39.6548
1881,2014,39.770802
1881,2015,39.8055
1881,2016,39.9561
1881,2017,39.9907
1881,2018,40.0061
1881,2019,40.116901
1881,2020,40.153999
1881,2021,40.308399
1881,2022,40.448601
1881,2023,40.692699
1881,2024,40.939201
1881,2025,41.193001
1882,2006,43.817902
1882,2007,44.081501
1882,2008,44.300098
1882,2009,44.527699
1882,2010,44.799099
1882,2011,45.1054
1882,2012,45.4114
1882,2013,45.345901
1882,2014,45.5942
1882,2015,45.641102
1882,2016,45.477699
1882,2017,45.674999
1882,2018,45.645699
1882,2019,45.741299
1882,2020,45.8587
1882,2021,46.0037
1882,2022,46.3918
1882,2023,46.644798
1882,2024,46.896801
1882,2025,47.1404
1883,2006,43.1534
1883,2007,43.3368
1883,2008,43.425598
1883,2009,43.491001
1883,2010,43.660801
1883,2011,43.742298
1883,2012,43.695499
1883,2013,43.652901
1883,2014,43.502499
1883,2015,43.380402
1883,2016,43.233898
1883,2017,43.372002
1883,2018,43.422798
1883,2019,43.587299
1883,2020,43.801899
1883,2021,43.701401
1883,2022,43.888199
1883,2023,44.006401
1883,2024,44.317799
1883,2025,44.504299
1884,2006,42.394299
1884,2007,42.672298
1884,2008,43.014702
1884,2009,43.160702
1884,2010,43.214298
1884,2011,43.491001
1884,2012,43.795799
1884,2013,43.917599
1884,2014,44.206699
1884,2015,44.130699
1884,2016,43.973
1884,2017,43.894798
1884,2018,44.0793
1884,2019,44.229698
1884,2020,44.515202
1884,2021,44.784901
1884,2022,45.046398
1884,2023,45.370499
1884,2024,45.664101
1884,2025,46.094002
1885,2006,42.605499
1885,2007,42.656101
1885,2008,42.762199
1885,2009,42.958099
1885,2010,43.018799
1885,2011,43.0802
1885,2012,43.0998
1885,2013,42.9757
1885,2014,43.030399
1885,2015,42.884499
1885,2016,42.904301
1885,2017,42.9921
1885,2018,43.166199
1885,2019,43.3176
1885,2020,43.527699
1885,2021,43.755901
1885,2022,44.082699
1885,2023,44.241402
1885,2024,44.598999
1885,2025,44.904301
1904,2006,43.747898
1904,2007,43.965199
1904,2008,44.477501
1904,2009,45.144299
1904,2010,45.811199
1904,2011,46.311901
1904,2012,46.369999
1904,2013,46.204498
1904,2014,46.112999
1904,2015,45.877899
1904,2016,45.903801
1904,2017,46.1451
1904,2018,46.4062
1904,2019,46.516701
1904,2020,46.7206
1904,2021,46.891998
1904,2022,46.895699
1904,2023,47.424801
1904,2024,47.825401
1904,2025,47.916801
1907,2006,41.596199
1907,2007,41.844398
1907,2008,42.173199
1907,2009,42.571999
1907,2010,42.959999
1907,2011,43.367699
1907,2012,43.410999
1907,2013,43.681702
1907,2014,43.798901
1907,2015,43.6106
1907,2016,43.386398
1907,2017,43.5462
1907,2018,43.348099
1907,2019,43.406799
1907,2020,43.467098
1907,2021,43.4352
1907,2022,43.624401
1907,2023,43.9505
1907,2024,44.185501
1907,2025,44.376099
1960,2006,41.866199
1960,2007,41.9743
1960,2008,42.363201
1960,2009,42.778599
1960,2010,43.158401
1960,2011,43.237202
1960,2012,43.620701
1960,2013,43.347599
1960,2014,43.269199
1960,2015,43.328098
1960,2016,43.1269
1960,2017,42.869202
1960,2018,42.7276
1960,2019,42.835201
1960,2020,42.844101
1960,2021,43.043098
1960,2022,43.075199
1960,2023,43.4939
1960,2024,43.5681
1960,2025,44.048401
1961,2006,42.517799
1961,2007,42.621899
1961,2008,42.7113
1961,2009,42.694901
1961,2010,42.8013
1961,2011,42.869801
1961,2012,42.906399
1961,2013,42.765301
1961,2014,42.8116
1961,2015,42.783901
1961,2016,42.820301
1961,2017,42.805801
1961,2018,42.636299
1961,2019,42.598
1961,2020,42.693699
1961,2021,42.558201
1961,2022,42.548199
1961,2023,42.6502
1961,2024,42.850498
1961,2025,43.093399
1962,2006,43.2603
1962,2007,43.6861
1962,2008,43.9562
1962,2009,44.083199
1962,2010,44.161301
1962,2011,44.106899
1962,2012,44.536598
1962,2013,44.801899
1962,2014,44.464901
1962,2015,44.2836
1962,2016,44.387699
1962,2017,44.514999
1962,2018,44.496498
1962,2019,44.970501
1962,2020,44.981499
1962,2021,45.148102
1962,2022,45.504101
1962,2023,46.100101
1962,2024,46.443802
1962,2025,46.598
1980,2006,40.043499
1980,2007,40.084
1980,2008,40.166801
1980,2009,40.212601
1980,2010,40.274899
1980,2011,40.338799
1980,2012,40.379101
1980,2013,40.464199
1980,2014,40.508099
1980,2015,40.585201
1980,2016,40.5368
1980,2017,40.429001
1980,2018,40.402
1980,2019,40.437302
1980,2020,40.452801
1980,2021,40.559799
1980,2022,40.622501
1980,2023,40.8153
1980,2024,41.033699
1980,2025,41.2295
1981,2006,42.276798
1981,2007,42.4221
1981,2008,42.626499
1981,2009,42.747398
1981,2010,42.7873
1981,2011,42.938301
1981,2012,43.068501
1981,2013,43.095402
1981,2014,43.1507
1981,2015,43.198502
1981,2016,43.1632
1981,2017,43.1106
1981,2018,43.088902
1981,2019,43.239601
1981,2020,43.402302
1981,2021,43.527699
1981,2022,43.684399
1981,2023,44.040699
1981,2024,44.282299
1981,2025,44.68
1982,2006,43.744499
1982,2007,43.863899
1982,2008,43.708
1982,2009,43.7943
1982,2010,43.507999
1982,2011,43.295101
1982,2012,43.086399
1982,2013,42.581299
1982,2014,42.3675
1982,2015,42.225601
1982,2016,42.1096
1982,2017,42.227798
1982,2018,42.377102
1982,2019,42.573002
1982,2020,42.794399
1982,2021,42.8298
1982,2022,42.7799
1982,2023,43.045898
1982,2024,43.4692
1982,2025,43.9277
1983,2006,42.527599
1983,2007,42.6922
1983,2008,42.702999
1983,2009,42.717098
1983,2010,42.822498
1983,2011,42.9697
1983,2012,43.038898
1983,2013,42.899101
1983,2014,42.939499
1983,2015,42.922901
1983,2016,42.7915
1983,2017,42.770401
1983,2018,42.707802
1983,2019,42.8181
1983,2020,42.9547
1983,2021,43.101601
1983,2022,43.295399
1983,2023,43.543999
1983,2024,43.938801
1983,2025,44.105598
1984,2006,42.892799
1984,2007,43.163399
1984,2008,43.276699
1984,2009,43.386002
1984,2010,43.612301
1984,2011,43.711498
1984,2012,43.702202
1984,2013,43.733002
1984,2014,43.721001
1984,2015,43.4846
1984,2016,43.620499
1984,2017,43.708199
1984,2018,43.706501
1984,2019,44.067402
1984,2020,44.352001
1984,2021,44.3717
1984,2022,44.706902
1984,2023,44.929401
1984,2024,45.264301
1984,2025,45.454102
2021,2006,43.6549
2021,2007,43.808899
2021,2008,44.080399
2021,2009,44.030998
2021,2010,44.3433
2021,2011,44.474201
2021,2012,44.565601
2021,2013,44.676998
2021,2014,44.806099
2021,2015,44.7659
2021,2016,44.512798
2021,2017,44.7878
2021,2018,44.975498
2021,2019,45.0826
2021,2020,45.0047
2021,2021,45.244701
2021,2022,45.2887
2021,2023,45.6674
2021,2024,45.714802
2021,2025,46.158298
2023,2006,43.5667
2023,2007,43.771198
2023,2008,43.856201
2023,2009,43.878399
2023,2010,43.946301
2023,2011,44.226398
2023,2012,44.403599
2023,2013,44.650902
2023,2014,45.008202
2023,2015,44.9156
2023,2016,44.809101
2023,2017,44.746399
2023,2018,44.8741
2023,2019,44.973598
2023,2020,45.2155
2023,2021,45.496899
2023,2022,45.801102
2023,2023,45.861401
2023,2024,46.025002
2023,2025,46.362301
2026,2006,41.422199
2026,2007,41.636799
2026,2008,41.758202
2026,2009,41.967602
2026,2010,42.077999
2026,2011,42.263599
2026,2012,42.4813
2026,2013,42.583801
2026,2014,42.898998
2026,2015,42.8946
2026,2016,42.928902
2026,2017,42.817001
2026,2018,42.972599
2026,2019,43.142899
2026,2020,43.100101
2026,2021,43.197399
2026,2022,43.485802
2026,2023,43.768398
2026,2024,44.0075
2026,2025,44.285801
2029,2006,43.2799
2029,2007,43.764801
2029,2008,44.1791
2029,2009,44.2435
2029,2010,44.4482
2029,2011,44.645599
2029,2012,44.918301
2029,2013,45.039001
2029,2014,45.173599
2029,2015,45.259899
2029,2016,45.152401
2029,2017,45.323002
2029,2018,45.388901
2029,2019,45.597698
2029,2020,45.855301
2029,2021,46.084
2029,2022,46.323799
2029,2023,46.514999
2029,2024,46.648201
2029,2025,46.847099
2031,2006,45.862999
2031,2007,46.153099
2031,2008,46.442799
2031,2009,46.745201
2031,2010,46.806801
2031,2011,46.946899
2031,2012,47.210602
2031,2013,47.529499
2031,2014,47.736401
2031,2015,48.032501
2031,2016,47.7868
2031,2017,48.048599
2031,2018,48.0294
2031,2019,48.324299
2031,2020,48.386799
2031,2021,48.495499
2031,2022,48.4417
2031,2023,48.901501
2031,2024,49.103199
2031,2025,49.325699
2034,2006,43.0676
2034,2007,43.006199
2034,2008,43.4468
2034,2009,43.743099
2034,2010,44.027302
2034,2011,44.379601
2034,2012,44.6129
2034,2013,44.847301
2034,2014,45.193001
2034,2015,45.469601
2034,2016,45.172901
2034,2017,45.094799
2034,2018,45.520599
2034,2019,45.483101
2034,2020,45.634399
2034,2021,45.933701
2034,2022,46.049
2034,2023,46.159698
2034,2024,46.341702
2034,2025,46.444199
2039,2006,44.203098
2039,2007,44.373299
2039,2008,44.3284
2039,2009,44.315498
2039,2010,44.327702
2039,2011,44.3936
2039,2012,44.646
2039,2013,45.155602
2039,2014,45.336399
2039,2015,45.514099
2039,2016,45.624001
2039,2017,45.662998
2039,2018,45.610699
2039,2019,45.9865
2039,2020,46.017502
2039,2021,46.1376
2039,2022,46.355202
2039,2023,46.987701
2039,2024,47.172901
2039,2025,47.511501
2061,2006,44.144299
2061,2007,44.233398
2061,2008,44.431999
2061,2009,44.509102
2061,2010,44.841301
2061,2011,45.1427
2061,2012,45.386398
2061,2013,45.337898
2061,2014,45.4198
2061,2015,45.543499
2061,2016,45.2351
2061,2017,45.507401
2061,2018,45.582699
2061,2019,45.8591
2061,2020,46.017899
2061,2021,46.082699
2061,2022,46.340199
2061,2023,46.6185
2061,2024,46.9604
2061,2025,47.317299
2062,2006,42.923199
2062,2007,43.1703
2062,2008,43.336498
2062,2009,43.481998
2062,2010,43.698101
2062,2011,43.917801
2062,2012,44.015999
2062,2013,44.195999
2062,2014,44.3167
2062,2015,44.4496
2062,2016,44.435902
2062,2017,44.619099
2062,2018,44.733299
2062,2019,44.8675
2062,2020,45.130001
2062,2021,45.177101
2062,2022,45.3559
2062,2023,45.674599
2062,2024,45.921902
2062,2025,46.220299
2080,2006,40.557301
2080,2007,40.7677
2080,2008,40.865898
2080,2009,40.9814
2080,2010,41.039398
2080,2011,41.257702
2080,2012,41.305099
2080,2013,41.393398
2080,2014,41.487701
2080,2015,41.549198
2080,2016,41.533798
2080,2017,41.528099
2080,2018,41.596298
2080,2019,41.6539
2080,2020,41.831501
2080,2021,41.940701
2080,2022,42.197102
2080,2023,42.389198
2080,2024,42.665901
2080,2025,42.969799
2081,2006,40.494598
2081,2007,40.454201
2081,2008,40.3908
2081,2009,40.303101
2081,2010,40.270199
2081,2011,40.358002
2081,2012,40.3834
2081,2013,40.320202
2081,2014,40.184101
2081,2015,40.162701
2081,2016,40.090099
2081,2017,40.070801
2081,2018,40.104401
2081,2019,40.147701
2081,2020,40.347401
2081,2021,40.650398
2081,2022,40.93
2081,2023,41.3536
2081,2024,41.635601
2081,2025,41.9356
2082,2006,41.988201
2082,2007,42.276001
2082,2008,42.443501
2082,2009,42.700001
2082,2010,43.007801
2082,2011,43.132801
2082,2012,43.4356
2082,2013,43.524899
2082,2014,43.686699
2082,2015,43.669998
2082,2016,43.7827
2082,2017,43.694099
2082,2018,43.961899
2082,2019,44.253399
2082,2020,44.202801
2082,2021,44.355999
2082,2022,44.491699
2082,2023,44.730499
2082,2024,45.028301
2082,2025,45.179501
2083,2006,43.115398
2083,2007,43.357498
2083,2008,43.505402
2083,2009,43.558498
2083,2010,43.5942
2083,2011,43.864498
2083,2012,43.955799
2083,2013,44.235901
2083,2014,44.340099
2083,2015,44.2318
2083,2016,43.964298
2083,2017,43.970699
2083,2018,44.106499
2083,2019,44.212799
2083,2020,44.384998
2083,2021,44.556301
2083,2022,44.827999
2083,2023,45.243401
2083,2024,45.482601
2083,2025,45.891102
2084,2006,43.540501
2084,2007,43.622898
2084,2008,43.801701
2084,2009,44.134399
2084,2010,44.312901
2084,2011,44.555801
2084,2012,44.5215
2084,2013,44.478199
2084,2014,44.319801
2084,2015,43.727798
2084,2016,43.452099
2084,2017,43.3563
2084,2018,43.330898
2084,2019,43.5112
2084,2020,43.800598
2084,2021,43.9445
2084,2022,44.139198
2084,2023,44.462799
2084,2024,44.965199
2084,2025,45.079102
2085,2006,44.218102
2085,2007,44.204201
2085,2008,44.186001
2085,2009,44.125
2085,2010,44.065399
2085,2011,44.1493
2085,2012,44.024101
2085,2013,43.902599
2085,2014,43.648899
2085,2015,43.3522
2085,2016,42.884499
2085,2017,42.833698
2085,2018,42.766201
2085,2019,42.818199
2085,2020,43.064999
2085,2021,43.2658
2085,2022,43.434101
2085,2023,43.591
2085,2024,43.6082
2085,2025,43.636501
2101,2006,44.340302
2101,2007,44.5592
2101,2008,44.2141
2101,2009,44.4702
2101,2010,44.719601
2101,2011,44.877899
2101,2012,45.0014
2101,2013,45.475399
2101,2014,45.551102
2101,2015,45.269001
2101,2016,45.410599
2101,2017,45.4221
2101,2018,45.396599
2101,2019,45.484901
2101,2020,45.870399
2101,2021,46.3563
2101,2022,46.868
2101,2023,47.4016
2101,2024,47.7953
2101,2025,47.9795
2104,2006,44.086899
2104,2007,44.109901
2104,2008,44.212898
2104,2009,44.249199
2104,2010,44.2523
2104,2011,44.671299
2104,2012,44.708302
2104,2013,44.723999
2104,2014,44.853802
2104,2015,44.6567
2104,2016,44.377399
2104,2017,44.363998
2104,2018,44.570301
2104,2019,44.590801
2104,2020,44.627499
2104,2021,44.665798
2104,2022,45.045799
2104,2023,45.4104
2104,2024,45.615002
2104,2025,46.0322
2121,2006,43.801899
2121,2007,43.9944
2121,2008,44.277302
2121,2009,44.524502
2121,2010,44.839901
2121,2011,44.894901
2121,2012,45.029499
2121,2013,45.226601
2121,2014,45.211201
2121,2015,44.986698
2121,2016,44.8102
2121,2017,44.874699
2121,2018,44.8666
2121,2019,44.911598
2121,2020,44.971901
2121,2021,44.9319
2121,2022,45.246601
2121,2023,45.4492
2121,2024,45.971901
2121,2025,46.316502
2132,2006,43.440201
2132,2007,43.3876
2132,2008,43.591499
2132,2009,43.938
2132,2010,43.914101
2132,2011,44.023899
2132,2012,44.1306
2132,2013,44.2019
2132,2014,44.313801
2132,2015,44.444698
2132,2016,44.494202
2132,2017,44.5868
2132,2018,44.468201
2132,2019,44.658501
2132,2020,44.641399
2132,2021,44.8423
2132,2022,44.9263
2132,2023,45.299
2132,2024,45.714298
2132,2025,45.6684
2161,2006,44.047699
2161,2007,44.089802
2161,2008,44.2244
2161,2009,44.179901
2161,2010,44.2775
2161,2011,44.495998
2161,2012,44.539101
2161,2013,44.577801
2161,2014,44.626801
2161,2015,44.588299
2161,2016,44.680801
2161,2017,44.753101
2161,2018,44.834099
2161,2019,45.063599
2161,2020,45.208599
2161,2021,45.510601
2161,2022,45.626301
2161,2023,46.006001
2161,2024,46.3013
2161,2025,46.546299
2180,2006,40.619701
2180,2007,40.699699
2180,2008,40.7108
2180,2009,40.676998
2180,2010,40.710201
2180,2011,40.804298
2180,2012,40.813499
2180,2013,40.775299
2180,2014,40.738499
2180,2015,40.796501
2180,2016,40.832199
2180,2017,40.8825
2180,2018,40.949799
2180,2019,41.035
2180,2020,41.178501
2180,2021,41.339401
2180,2022,41.549301
2180,2023,41.797199
2180,2024,42.062401
2180,2025,42.329601
2181,2006,42.763901
2181,2007,42.827999
2181,2008,42.902
2181,2009,42.946201
2181,2010,43.128899
2181,2011,43.224998
2181,2012,43.288399
2181,2013,43.322601
2181,2014,43.223801
2181,2015,43.073299
2181,2016,42.838402
2181,2017,42.832298
2181,2018,42.9091
2181,2019,43.050999
2181,2020,43.192001
2181,2021,43.370201
2181,2022,43.499901
2181,2023,43.9478
2181,2024,44.3092
2181,2025,44.625599
2182,2006,44.124199
2182,2007,44.2822
2182,2008,44.4809
2182,2009,44.708
2182,2010,44.8344
2182,2011,45.190701
2182,2012,45.283199
2182,2013,45.1134
2182,2014,45.143101
2182,2015,44.9398
2182,2016,44.754601
2182,2017,44.888302
2182,2018,45.008598
2182,2019,45.1021
2182,2020,45.2314
2182,2021,45.4105
2182,2022,45.618999
2182,2023,46.158401
2182,2024,46.6604
2182,2025,47.073101
2183,2006,43.468102
2183,2007,43.5592
2183,2008,43.758301
2183,2009,43.894299
2183,2010,43.944801
2183,2011,44.0714
2183,2012,44.208599
2183,2013,44.1717
2183,2014,44.0107
2183,2015,43.8386
2183,2016,43.713902
2183,2017,43.6665
2183,2018,43.677502
2183,2019,43.8256
2183,2020,44.0172
2183,2021,44.250401
2183,2022,44.448002
2183,2023,44.7621
2183,2024,44.996201
2183,2025,45.379799
2184,2006,42.416
2184,2007,42.5779
2184,2008,42.724602
2184,2009,42.855202
2184,2010,42.976501
2184,2011,43.149799
2184,2012,43.280701
2184,2013,43.444401
2184,2014,43.536098
2184,2015,43.650902
2184,2016,43.682499
2184,2017,43.787998
2184,2018,43.973999
2184,2019,44.141701
2184,2020,44.2682
2184,2021,44.338402
2184,2022,44.584801
2184,2023,44.827
2184,2024,45.091599
2184,2025,45.436298
2260,2006,44.538101
2260,2007,44.619701
2260,2008,44.743198
2260,2009,44.945
2260,2010,45.0984
2260,2011,45.396301
2260,2012,45.7869
2260,2013,45.883301
2260,2014,46.002399
2260,2015,46.060398
2260,2016,45.9893
2260,2017,45.996201
2260,2018,45.984001
2260,2019,46.046299
2260,2020,46.1348
2260,2021,46.130501
2260,2022,46.428398
2260,2023,46.627399
2260,2024,46.908798
2260,2025,47.144199
2262,2006,41.279099
2262,2007,41.444199
2262,2008,41.4492
2262,2009,41.655201
2262,2010,41.651299
2262,2011,41.843102
2262,2012,41.9114
2262,2013,42.094501
2262,2014,42.265099
2262,2015,42.3755
2262,2016,42.539501
2262,2017,42.496799
2262,2018,42.5965
2262,2019,42.8111
2262,2020,43.014
2262,2021,43.208698
2262,2022,43.5536
2262,2023,44.015598
2262,2024,44.2882
2262,2025,44.461102
2280,2006,42.8018
2280,2007,43.0364
2280,2008,43.254299
2280,2009,43.2929
2280,2010,43.498901
2280,2011,43.651199
2280,2012,43.866299
2280,2013,43.8591
2280,2014,43.844299
2280,2015,43.6334
2280,2016,43.451599
2280,2017,43.577301
2280,2018,43.697399
2280,2019,43.777
2280,2020,44.028301
2280,2021,44.2374
2280,2022,44.4063
2280,2023,44.7686
2280,2024,45.037701
2280,2025,45.352299
2281,2006,41.214699
2281,2007,41.312
2281,2008,41.344101
2281,2009,41.323799
2281,2010,41.364498
2281,2011,41.400299
2281,2012,41.465099
2281,2013,41.550201
2281,2014,41.601501
2281,2015,41.632999
2281,2016,41.620399
2281,2017,41.656898
2281,2018,41.827
2281,2019,41.926701
2281,2020,42.0499
2281,2021,42.259899
2281,2022,42.446999
2281,2023,42.7108
2281,2024,42.940701
2281,2025,43.192902
2282,2006,45.382198
2282,2007,45.531601
2282,2008,45.712799
2282,2009,45.966301
2282,2010,46.2794
2282,2011,46.3671
2282,2012,46.490501
2282,2013,46.600201
2282,2014,46.5928
2282,2015,46.6404
2282,2016,46.241001
2282,2017,46.159599
2282,2018,46.207699
2282,2019,46.344398
2282,2020,46.507099
2282,2021,46.650501
2282,2022,46.899502
2282,2023,47.257099
2282,2024,47.359299
2282,2025,47.563801
2283,2006,44.946999
2283,2007,45.0942
2283,2008,45.201099
2283,2009,45.3741
2283,2010,45.3974
2283,2011,45.573399
2283,2012,45.68
2283,2013,45.671902
2283,2014,45.462799
2283,2015,45.412102
2283,2016,45.314499
2283,2017,45.2127
2283,2018,45.398701
2283,2019,45.757801
2283,2020,46.058899
2283,2021,46.191601
2283,2022,46.301701
2283,2023,46.497101
2283,2024,46.700802
2283,2025,46.849499
2284,2006,42.530499
2284,2007,42.634701
2284,2008,42.6703
2284,2009,42.786598
2284,2010,42.896599
2284,2011,43.030602
2284,2012,43.050201
2284,2013,43.165501
2284,2014,43.150398
2284,2015,43.0858
2284,2016,43.030602
2284,2017,43.0354
2284,2018,43.1134
2284,2019,43.1954
2284,2020,43.344101
2284,2021,43.415001
2284,2022,43.625301
2284,2023,43.806999
2284,2024,44.0704
2284,2025,44.303398
2303,2006,45.504101
2303,2007,45.672699
2303,2008,46.116501
2303,2009,46.387901
2303,2010,46.288601
2303,2011,46.632599
2303,2012,46.432098
2303,2013,46.517799
2303,2014,46.5285
2303,2015,46.677601
2303,2016,46.036598
2303,2017,45.777901
2303,2018,46.227001
2303,2019,46.2593
2303,2020,46.454498
2303,2021,46.378502
2303,2022,46.4888
2303,2023,46.758701
2303,2024,47.238201
2303,2025,47.5802
2305,2006,44.103298
2305,2007,44.505299
2305,2008,44.711201
2305,2009,45.1068
2305,2010,45.1399
2305,2011,45.634102
2305,2012,45.757301
2305,2013,45.9184
2305,2014,46.297199
2305,2015,46.247398
2305,2016,45.9245
2305,2017,45.7365
2305,2018,45.950401
2305,2019,46.381802
2305,2020,46.539799
2305,2021,46.6502
2305,2022,46.983398
2305,2023,47.544498
2305,2024,47.875599
2305,2025,48.144699
2309,2006,40.615601
2309,2007,40.748299
2309,2008,40.848
2309,2009,40.703899
2309,2010,40.646301
2309,2011,40.652199
2309,2012,40.7966
2309,2013,40.797501
2309,2014,40.880699
2309,2015,40.854
2309,2016,40.904499
2309,2017,40.985401
2309,2018,41.1175
2309,2019,41.262001
2309,2020,41.358601
2309,2021,41.3661
2309,2022,41.375599
2309,2023,41.683899
2309,2024,41.817001
2309,2025,42.007801
2313,2006,45.5504
2313,2007,45.5131
2313,2008,45.609501
2313,2009,45.906898
2313,2010,46.049099
2313,2011,45.913399
2313,2012,45.9702
2313,2013,46.0723
2313,2014,46.1931
2313,2015,46.5327
2313,2016,46.2332
2313,2017,46.051701
2313,2018,46.141701
2313,2019,46.2122
2313,2020,46.3433
2313,2021,46.3536
2313,2022,46.631199
2313,2023,47.2243
2313,2024,47.446999
2313,2025,47.779701
2321,2006,40.255901
2321,2007,40.229401
2321,2008,40.127201
2321,2009,40.170898
2321,2010,40.2346
2321,2011,40.470798
2321,2012,40.440701
2321,2013,40.436199
2321,2014,40.5578
2321,2015,40.4245
2321,2016,40.026402
2321,2017,39.962601
2321,2018,39.682098
2321,2019,39.624699
2321,2020,39.530102
2321,2021,39.575298
2321,2022,39.897499
2321,2023,40.174702
2321,2024,40.182499
2321,2025,40.491299
2326,2006,44.6241
2326,2007,44.728401
2326,2008,45.1143
2326,2009,45.307598
2326,2010,45.387501
2326,2011,45.394402
2326,2012,45.756901
2326,2013,45.719002
2326,2014,45.974201
2326,2015,45.956299
2326,2016,45.513199
2326,2017,45.422401
2326,2018,45.468399
2326,2019,45.7472
2326,2020,45.8004
2326,2021,45.648602
2326,2022,45.630699
2326,2023,45.8685
2326,2024,45.995499
2326,2025,46.302101
2361,2006,45.597599
2361,2007,45.631699
2361,2008,45.671398
2361,2009,45.931801
2361,2010,46.2313
2361,2011,46.4678
2361,2012,46.547199
2361,2013,46.4412
2361,2014,46.670898
2361,2015,46.5923
2361,2016,46.718601
2361,2017,46.570999
2361,2018,46.546398
2361,2019,46.686501
2361,2020,46.814201
2361,2021,47.036098
2361,2022,47.002701
2361,2023,47.137901
2361,2024,47.254101
2361,2025,47.373501
2380,2006,40.841702
2380,2007,40.8932
2380,2008,40.972099
2380,2009,40.998402
2380,2010,41.0676
2380,2011,41.156601
2380,2012,41.287498
2380,2013,41.330502
2380,2014,41.2882
2380,2015,41.2262
2380,2016,41.277199
2380,2017,41.220501
2380,2018,41.280701
2380,2019,41.350601
2380,2020,41.464901
2380,2021,41.612301
2380,2022,41.740799
2380,2023,41.911098
2380,2024,42.1343
2380,2025,42.383499
2401,2006,43.366001
2401,2007,43.596298
2401,2008,43.8517
2401,2009,44.316101
2401,2010,44.7243
2401,2011,44.832199
2401,2012,44.936501
2401,2013,44.9286
2401,2014,44.8913
2401,2015,44.952301
2401,2016,44.7911
2401,2017,44.813499
2401,2018,44.818501
2401,2019,44.940201
2401,2020,45.2981
2401,2021,45.348301
2401,2022,45.382801
2401,2023,45.505901
2401,2024,45.823002
2401,2025,46.191799
2403,2006,45.709599
2403,2007,45.714401
2403,2008,46.0215
2403,2009,46.000401
2403,2010,46.0886
2403,2011,46.452499
2403,2012,46.481201
2403,2013,46.0583
2403,2014,46.290501
2403,2015,46.267399
2403,2016,45.9356
2403,2017,45.966499
2403,2018,45.826099
2403,2019,45.956402
2403,2020,46.048199
2403,2021,45.744099
2403,2022,45.438
2403,2023,45.650799
2403,2024,45.9618
2403,2025,46.473801
2404,2006,44.851501
2404,2007,44.854401
2404,2008,44.7439
2404,2009,45.264
2404,2010,45.274399
2404,2011,45.312801
2404,2012,45.423
2404,2013,45.409599
2404,2014,45.457401
2404,2015,45.4333
2404,2016,45.291901
2404,2017,45.0891
2404,2018,44.928398
2404,2019,44.987801
2404,2020,44.5382
2404,2021,44.566299
2404,2022,44.579399
2404,2023,44.715099
2404,2024,44.903099
2404,2025,45.0266
2409,2006,42.915001
2409,2007,43.089901
2409,2008,43.2575
2409,2009,43.3596
2409,2010,43.508598
2409,2011,43.739899
2409,2012,43.851398
2409,2013,44.011902
2409,2014,44.2626
2409,2015,44.068802
2409,2016,44.115101
2409,2017,44.164398
2409,2018,44.407101
2409,2019,44.522499
2409,2020,44.5359
2409,2021,44.468498
2409,2022,44.714802
2409,2023,45.032299
2409,2024,45.360699
2409,2025,45.739601
2417,2006,44.110901
2417,2007,44.312599
2417,2008,44.532902
2417,2009,44.606499
2417,2010,44.601799
2417,2011,44.610298
2417,2012,44.553001
2417,2013,44.307499
2417,2014,44.379902
2417,2015,44.625999
2417,2016,44.785702
2417,2017,44.9119
2417,2018,45.064201
2417,2019,45.518799
2417,2020,45.966999
2417,2021,45.895199
2417,2022,45.844398
2417,2023,46.314499
2417,2024,46.186501
2417,2025,46.815701
2418,2006,43.7216
2418,2007,43.9673
2418,2008,43.918701
2418,2009,44.069801
2418,2010,44.4627
2418,2011,44.810799
2418,2012,44.7328
2418,2013,44.7952
2418,2014,44.992901
2418,2015,44.903801
2418,2016,45.045799
2418,2017,44.888901
2418,2018,44.909
2418,2019,44.968102
2418,2020,45.275799
2418,2021,45.160801
2418,2022,45.166199
2418,2023,45.524399
2418,2024,45.6749
2418,2025,46.320099
2421,2006,45.080799
2421,2007,45.181999
2421,2008,45.433498
2421,2009,45.5518
2421,2010,45.914398
2421,2011,46.255199
2421,2012,46.438202
2421,2013,46.496799
2421,2014,46.555
2421,2015,46.456699
2421,2016,46.3619
2421,2017,46.1572
2421,2018,46.0061
2421,2019,46.405602
2421,2020,46.435699
2421,2021,46.535702
2421,2022,46.770599
2421,2023,47.043098
2421,2024,47.380001
2421,2025,47.656601
2422,2006,45.844101
2422,2007,46.221298
2422,2008,46.5924
2422,2009,46.1535
2422,2010,45.868801
2422,2011,45.574902
2422,2012,45.2117
2422,2013,45.575001
2422,2014,45.194901
2422,2015,45.645901
2422,2016,45.514999
2422,2017,45.965
2422,2018,46.215302
2422,2019,46.624298
2422,2020,46.857498
2422,2021,46.865398
2422,2022,46.9011
2422,2023,47.320099
2422,2024,47.6339
2422,2025,47.852402
2425,2006,46.9058
2425,2007,47.079201
2425,2008,47.332001
2425,2009,47.378101
2425,2010,47.308201
2425,2011,47.226398
2425,2012,47.6045
2425,2013,47.4893
2425,2014,47.343899
2425,2015,47.2668
2425,2016,47.0541
2425,2017,47.520401
2425,2018,47.999199
2425,2019,48.020401
2425,2020,48.394699
2425,2021,48.464001
2425,2022,48.1712
2425,2023,48.8974
2425,2024,49.125999
2425,2025,49.272301
2460,2006,40.664398
2460,2007,40.940399
2460,2008,40.972198
2460,2009,41.102501
2460,2010,41.133499
2460,2011,41.143501
2460,2012,41.2034
2460,2013,41.0742
2460,2014,41.180199
2460,2015,41.167301
2460,2016,40.986198
2460,2017,40.962502
2460,2018,40.960999
2460,2019,41.0396
2460,2020,40.981998
2460,2021,40.981602
2460,2022,41.195499
2460,2023,41.102402
2460,2024,41.3097
2460,2025,41.322399
2462,2006,43.053699
2462,2007,43.134499
2462,2008,43.206902
2462,2009,43.323799
2462,2010,43.181599
2462,2011,43.429901
2462,2012,43.48
2462,2013,43.590199
2462,2014,43.9147
2462,2015,44.0242
2462,2016,43.959599
2462,2017,44.048
2462,2018,44.346001
2462,2019,44.528801
2462,2020,44.890499
2462,2021,45.070301
2462,2022,45.2561
2462,2023,45.696602
2462,2024,45.784599
2462,2025,45.885502
2463,2006,46.481499
2463,2007,46.335999
2463,2008,46.670399
2463,2009,46.769901
2463,2010,47.307999
2463,2011,47.444
2463,2012,47.204201
2463,2013,47.477901
2463,2014,47.5877
2463,2015,47.349899
2463,2016,47.055302
2463,2017,47.206902
2463,2018,46.969799
2463,2019,46.994301
2463,2020,47.0299
2463,2021,47.306702
2463,2022,47.099602
2463,2023,47.298
2463,2024,47.284302
2463,2025,47.404202
2480,2006,37.148602
2480,2007,37.3834
2480,2008,37.518101
2480,2009,37.583
2480,2010,37.640999
2480,2011,37.7813
2480,2012,37.911301
2480,2013,38.069698
2480,2014,38.182598
2480,2015,38.2724
2480,2016,38.2976
2480,2017,38.3438
2480,2018,38.3764
2480,2019,38.416199
2480,2020,38.5284
2480,2021,38.726601
2480,2022,38.903
2480,2023,39.117401
2480,2024,39.347099
2480,2025,39.544601
2481,2006,42.6731
2481,2007,42.895699
2481,2008,42.976002
2481,2009,43.041199
2481,2010,43.136101
2481,2011,43.248699
2481,2012,43.269901
2481,2013,43.406399
2481,2014,43.530899
2481,2015,43.580799
2481,2016,43.400299
2481,2017,43.131802
2481,2018,43.040199
2481,2019,43.008701
2481,2020,43.061699
2481,2021,42.983799
2481,2022,42.880901
2481,2023,43.114601
2481,2024,43.355099
2481,2025,43.511398
2482,2006,41.855999
2482,2007,42.016499
2482,2008,42.181999
2482,2009,42.3503
2482,2010,42.508099
2482,2011,42.589802
2482,2012,42.651798
2482,2013,42.651402
2482,2014,42.711601
2482,2015,42.808201
2482,2016,42.823399
2482,2017,42.7831
2482,2018,42.938
2482,2019,43.101299
2482,2020,43.202999
2482,2021,43.1525
2482,2022,43.037498
2482,2023,42.818501
2482,2024,42.620098
2482,2025,43.362701
2505,2006,44.6497
2505,2007,44.5956
2505,2008,44.935501
2505,2009,45.030102
2505,2010,45.063301
2505,2011,45.0574
2505,2012,45.109501
2505,2013,45.252399
2505,2014,44.726398
2505,2015,44.790298
2505,2016,44.783699
2505,2017,44.738499
2505,2018,45.0009
2505,2019,45.2005
2505,2020,45.3358
2505,2021,45.426201
2505,2022,45.678001
2505,2023,45.769798
2505,2024,45.7658
2505,2025,46.138599
2506,2006,45.180599
2506,2007,45.6157
2506,2008,45.4669
2506,2009,45.5415
2506,2010,45.470699
2506,2011,45.642899
2506,2012,45.776699
2506,2013,46.025799
2506,2014,46.231899
2506,2015,46.280602
2506,2016,46.085899
2506,2017,46.472198
2506,2018,46.522701
2506,2019,46.673901
2506,2020,47.116299
2506,2021,47.331001
2506,2022,47.770901
2506,2023,47.968201
2506,2024,48.277802
2506,2025,48.427101
2510,2006,44.536301
2510,2007,44.9613
2510,2008,45.203201
2510,2009,45.5397
2510,2010,45.816799
2510,2011,46.145901
2510,2012,46.425999
2510,2013,46.352901
2510,2014,45.973499
2510,2015,45.734001
2510,2016,45.323002
2510,2017,45.585899
2510,2018,45.9636
2510,2019,46.461498
2510,2020,46.826801
2510,2021,47.106899
2510,2022,47.219101
2510,2023,47.362701
2510,2024,47.3894
2510,2025,47.744499
2513,2006,47.1021
2513,2007,47.337502
2513,2008,47.587299
2513,2009,47.993999
2513,2010,48.365799
2513,2011,48.669201
2513,2012,48.7052
2513,2013,48.859699
2513,2014,48.9179
2513,2015,48.855999
2513,2016,49.203999
2513,2017,49.105999
2513,2018,49.240799
2513,2019,49.1698
2513,2020,49.573101
2513,2021,49.8223
2513,2022,50.157001
2513,2023,49.967098
2513,2024,49.974701
2513,2025,49.687
2514,2006,43.649899
2514,2007,43.935101
2514,2008,44.156799
2514,2009,44.5597
2514,2010,44.8517
2514,2011,45.077599
2514,2012,45.306
2514,2013,45.583698
2514,2014,45.779701
2514,2015,45.876202
2514,2016,46.032398
2514,2017,46.098202
2514,2018,46.223301
2514,2019,46.500401
2514,2020,46.569599
2514,2021,46.638599
2514,2022,46.668598
2514,2023,46.8829
2514,2024,47.184799
2514,2025,47.395802
2518,2006,45.710899
2518,2007,45.773998
2518,2008,46.192101
2518,2009,46.248001
2518,2010,46.546799
2518,2011,46.859001
2518,2012,46.990398
2518,2013,47.333401
2518,2014,47.3456
2518,2015,47.995399
2518,2016,48.250099
2518,2017,48.5089
2518,2018,48.914101
2518,2019,49.4841
2518,2020,50.1534
2518,2021,50.237701
2518,2022,50.836102
2518,2023,50.801102
2518,2024,50.951199
2518,2025,51.163101
2521,2006,47.312099
2521,2007,47.732399
2521,2008,47.820301
2521,2009,47.928501
2521,2010,48.098701
2521,2011,48.189602
2521,2012,48.282799
2521,2013,48.033199
2521,2014,47.837399
2521,2015,48.209099
2521,2016,48.250301
2521,2017,48.209099
2521,2018,48.208801
2521,2019,48.126099
2521,2020,48.430302
2521,2021,48.496201
2521,2022,48.628899
2521,2023,48.5406
2521,2024,48.4519
2521,2025,48.6483
2523,2006,43.402599
2523,2007,43.5644
2523,2008,43.832901
2523,2009,44.058498
2523,2010,44.312901
2523,2011,44.499298
2523,2012,44.4571
2523,2013,44.385899
2523,2014,44.502499
2523,2015,44.549198
2523,2016,44.579102
2523,2017,44.554199
2523,2018,44.678902
2523,2019,44.7057
2523,2020,44.6185
2523,2021,44.516399
2523,2022,44.582001
2523,2023,44.5947
2523,2024,44.7192
2523,2025,44.773998
2560,2006,42.991001
2560,2007,43.320499
2560,2008,43.490398
2560,2009,43.8634
2560,2010,44.087601
2560,2011,44.197601
2560,2012,44.228401
2560,2013,44.317902
2560,2014,44.449001
2560,2015,44.387299
2560,2016,44.2271
2560,2017,43.970501
2560,2018,44.280102
2560,2019,44.330502
2560,2020,44.5299
2560,2021,44.752499
2560,2022,44.818199
2560,2023,45.216999
2560,2024,45.257702
2560,2025,45.325199
2580,2006,39.854198
2580,2007,40.141201
2580,2008,40.303101
2580,2009,40.444099
2580,2010,40.6134
2580,2011,40.758801
2580,2012,40.844501
2580,2013,40.9743
2580,2014,41.034
2580,2015,41.238701
2580,2016,41.295502
2580,2017,41.287102
2580,2018,41.432701
2580,2019,41.630299
2580,2020,41.669399
2580,2021,41.737701
2580,2022,41.860401
2580,2023,42.0508
2580,2024,42.284199
2580,2025,42.397999
2581,2006,40.9062
2581,2007,41.142101
2581,2008,41.382301
2581,2009,41.6689
2581,2010,41.908501
2581,2011,42.112701
2581,2012,42.300201
2581,2013,42.351898
2581,2014,42.461102
2581,2015,42.602699
2581,2016,42.6357
2581,2017,42.636799
2581,2018,42.875099
2581,2019,42.932499
2581,2020,43.086201
2581,2021,43.232399
2581,2022,43.446602
2581,2023,43.634998
2581,2024,43.7948
2581,2025,43.993
2582,2006,42.050999
2582,2007,42.300701
2582,2008,42.6367
2582,2009,42.889702
2582,2010,43.087601
2582,2011,43.083302
2582,2012,43.2383
2582,2013,43.251301
2582,2014,43.402401
2582,2015,43.4277
2582,2016,43.495499
2582,2017,43.5117
2582,2018,43.735802
2582,2019,43.825199
2582,2020,43.926899
2582,2021,43.987598
2582,2022,44.222698
2582,2023,44.3937
2582,2024,44.451698
2582,2025,44.368698
2583,2006,43.224602
2583,2007,43.365002
2583,2008,43.501999
2583,2009,43.637199
2583,2010,44.029499
2583,2011,44.121899
2583,2012,44.385399
2583,2013,44.592499
2583,2014,44.977299
2583,2015,45.0569
2583,2016,45.072102
2583,2017,45.3312
2583,2018,45.522701
2583,2019,45.832901
2583,2020,46.208302
2583,2021,46.413898
2583,2022,46.922501
2583,2023,47.370998
2583,2024,47.583401
2583,2025,47.901699
2584,2006,41.1292
2584,2007,41.365501
2584,2008,41.546299
2584,2009,41.791302
2584,2010,41.720402
2584,2011,41.739601
2584,2012,41.714199
2584,2013,41.556801
2584,2014,41.5751
2584,2015,41.653599
2584,2016,41.715099
2584,2017,41.709099
2584,2018,41.8703
2584,2019,41.9837
2584,2020,42.109402
2584,2021,42.2635
2584,2022,42.3414
2584,2023,42.437302
2584,2024,42.5438
2584,2025,42.4748
