kommun,year,median_dispink_real2024_20_64
0114,2006,269.5069
0114,2007,286.52979
0114,2008,293.71729
0114,2009,301.51831
0114,2010,302.97641
0114,2011,305.51599
0114,2012,311.44241
0114,2013,315.27951
0114,2014,326.9538
0114,2015,335.44299
0114,2016,340.70529
0114,2017,343.45999
0114,2018,345.72269
0114,2019,347.4584
0114,2020,351.19659
0114,2021,358.0455
0114,2022,343.65359
0114,2023,334.7164
0114,2024,339.5
0115,2006,289.37299
0115,2007,311.5386
0115,2008,320.2431
0115,2009,329.08649
0115,2010,335.8046
0115,2011,340.37311
0115,2012,348.1759
0115,2013,356.39139
0115,2014,371.77921
0115,2015,382.8714
0115,2016,385.44171
0115,2017,391.91809
0115,2018,392.36679
0115,2019,395.51651
0115,2020,402.974
0115,2021,410.6636
0115,2022,393.32089
0115,2023,390.55389
0115,2024,395.10001
0117,2006,287.32791
0117,2007,309.10919
0117,2008,316.2366
0117,2009,324.99979
0117,2010,332.38501
0117,2011,336.04099
0117,2012,340.51208
0117,2013,349.6496
0117,2014,361.78119
0117,2015,373.59769
0117,2016,376.3895
0117,2017,380.9635
0117,2018,386.99451
0117,2019,393.1571
0117,2020,400.2554
0117,2021,411.63129
0117,2022,395.888
0117,2023,390.65671
0117,2024,399.10001
0120,2006,287.76611
0120,2007,308.68051
0120,2008,318.44699
0120,2009,326.9393
0120,2010,333.06891
0120,2011,337.6405
0120,2012,344.07971
0120,2013,352.29349
0120,2014,365.88629
0120,2015,378.6319
0120,2016,380.85001
0120,2017,385.34531
0120,2018,387.18411
0120,2019,389.92831
0120,2020,398.0311
0120,2021,409.2121
0120,2022,396.7251
0120,2023,391.27371
0120,2024,398.20001
0123,2006,277.8331
0123,2007,294.67551
0123,2008,303.11179
0123,2009,309.207
0123,2010,311.1835
0123,2011,311.5144
0123,2012,318.0491
0123,2013,320.8316
0123,2014,331.19141
0123,2015,341.66959
0123,2016,343.98511
0123,2017,347.58411
0123,2018,349.51489
0123,2019,352.30151
0123,2020,355.64529
0123,2021,361.06949
0123,2022,346.33231
0123,2023,337.69849
0123,2024,340.20001
0125,2006,305.22198
0125,2007,326.25809
0125,2008,335.44009
0125,2009,343.70181
0125,2010,348.3887
0125,2011,353.2363
0125,2012,361.918
0125,2013,367.62781
0125,2014,383.896
0125,2015,396.51691
0125,2016,402.62781
0125,2017,410.34769
0125,2018,413.2872
0125,2019,417.2482
0125,2020,426.82379
0125,2021,438.30331
0125,2022,422.00519
0125,2023,420.47791
0125,2024,426.04999
0126,2006,263.3718
0126,2007,279.52731
0126,2008,286.25699
0126,2009,291.05911
0126,2010,295.45331
0126,2011,298.18469
0126,2012,305.76059
0126,2013,310.5206
0126,2014,322.5838
0126,2015,333.7207
0126,2016,337.42551
0126,2017,341.6557
0126,2018,344.33221
0126,2019,349.07281
0126,2020,353.1738
0126,2021,364.33551
0126,2022,352.69409
0126,2023,347.2619
0126,2024,350.79999
0127,2006,233.7187
0127,2007,245.5153
0127,2008,251.1656
0127,2009,254.76331
0127,2010,257.017
0127,2011,257.66251
0127,2012,262.0239
0127,2013,267.29361
0127,2014,277.82471
0127,2015,289.33951
0127,2016,293.86981
0127,2017,298.73929
0127,2018,302.3652
0127,2019,303.99509
0127,2020,307.38971
0127,2021,317.28149
0127,2022,309.16541
0127,2023,299.95941
0127,2024,303.89999
0128,2006,288.86169
0128,2007,308.68051
0128,2008,316.85831
0128,2009,324.03
0128,2010,331.29071
0128,2011,331.9754
0128,2012,339.7193
0128,2013,343.43661
0128,2014,356.8815
0128,2015,370.15311
0128,2016,371.27301
0128,2017,375.6795
0128,2018,378.7149
0128,2019,382.47751
0128,2020,387.40369
0128,2021,392.03561
0128,2022,378.5881
0128,2023,372.7641
0128,2024,375.79999
0136,2006,260.15811
0136,2007,275.95459
0136,2008,281.97409
0136,2009,288.01129
0136,2010,291.89691
0136,2011,294.45239
0136,2012,300.73941
0136,2013,305.76169
0136,2014,316.4924
0136,2015,326.4343
0136,2016,331.78421
0136,2017,334.18069
0136,2018,339.0231
0136,2019,341.62189
0136,2020,345.6358
0136,2021,354.29568
0136,2022,340.30521
0136,2023,329.6777
0136,2024,334.20001
0138,2006,286.1593
0138,2007,306.2511
0138,2008,314.16422
0138,2009,323.89151
0138,2010,328.2814
0138,2011,332.17542
0138,2012,339.32291
0138,2013,346.34479
0138,2014,361.38391
0138,2015,372.67029
0138,2016,375.20871
0138,2017,378.25699
0138,2018,381.49579
0138,2019,382.10489
0138,2020,387.89801
0138,2021,398.4465
0138,2022,387.18231
0138,2023,380.78491
0138,2024,384.89999
0139,2006,268.84949
0139,2007,285.81531
0139,2008,292.75021
0139,2009,299.09399
0139,2010,301.19821
0139,2011,303.9165
0139,2012,309.98889
0139,2013,316.6015
0139,2014,326.9538
0139,2015,337.43021
0139,2016,340.83649
0139,2017,345.26419
0139,2018,344.7114
0139,2019,349.19699
0139,2020,351.073
0139,2021,355.38431
0139,2022,340.52841
0139,2023,333.99661
0139,2024,337.60001
0140,2006,300.25549
0140,2007,324.4003
0140,2008,333.22961
0140,2009,334.14301
0140,2010,344.422
0140,2011,349.63721
0140,2012,355.70761
0140,2013,357.71341
0140,2014,371.5806
0140,2015,386.9783
0140,2016,390.03339
0140,2017,395.2045
0140,2018,402.28979
0140,2019,410.04568
0140,2020,409.27631
0140,2021,418.0423
0140,2022,400.91061
0140,2023,391.73651
0140,2024,399.20001
0160,2006,323.55429
0160,2007,352.12439
0160,2008,362.2421
0160,2009,371.26999
0160,2010,375.88229
0160,2011,383.0947
0160,2012,391.11981
0160,2013,400.9404
0160,2014,418.3923
0160,2015,434.6716
0160,2016,438.18079
0160,2017,441.98721
0160,2018,441.28629
0160,2019,445.0647
0160,2020,453.39209
0160,2021,467.5155
0160,2022,447.00629
0160,2023,439.91299
0160,2024,447.95001
0162,2006,351.30841
0162,2007,385.42191
0162,2008,392.35989
0162,2009,407.0809
0162,2010,413.83981
0162,2011,422.75049
0162,2012,431.94958
0162,2013,439.54059
0162,2014,459.5098
0162,2015,474.94601
0162,2016,473.3403
0162,2017,475.0444
0162,2018,474.91049
0162,2019,490.2666
0162,2020,498.0022
0162,2021,514.5694
0162,2022,500.58011
0162,2023,502.3317
0162,2024,506.54999
0163,2006,298.72171
0163,2007,321.828
0163,2008,329.6376
0163,2009,336.9137
0163,2010,341.61789
0163,2011,344.97189
0163,2012,353.4613
0163,2013,359.43188
0163,2014,370.65359
0163,2015,385.78589
0163,2016,388.19669
0163,2017,388.82501
0163,2018,392.6196
0163,2019,396.01321
0163,2020,404.82761
0163,2021,414.59491
0163,2022,396.89249
0163,2023,388.70291
0163,2024,392.60001
0180,2006,270.96759
0180,2007,290.10251
0180,2008,297.1712
0180,2009,303.11151
0180,2010,308.311
0180,2011,311.78101
0180,2012,319.76691
0180,2013,326.7803
0180,2014,339.53409
0180,2015,352.0032
0180,2016,357.36661
0180,2017,361.5029
0180,2018,365.4422
0180,2019,370.92871
0180,2020,377.64139
0180,2021,389.61639
0180,2022,375.68619
0180,2023,367.41681
0180,2024,372.70001
0181,2006,251.39371
0181,2007,262.2355
0181,2008,265.67191
0181,2009,266.26151
0181,2010,268.7804
0181,2011,271.65869
0181,2012,275.7659
0181,2013,278.26559
0181,2014,287.22672
0181,2015,297.68579
0181,2016,302.00369
0181,2017,306.85861
0181,2018,313.9946
0181,2019,316.53741
0181,2020,318.94391
0181,2021,324.9021
0181,2022,314.6344
0181,2023,309.41989
0181,2024,311.39999
0182,2006,296.82269
0182,2007,319.8273
0182,2008,328.53241
0182,2009,335.52829
0182,2010,341.41269
0182,2011,348.03769
0182,2012,355.047
0182,2013,362.47229
0182,2014,379.7908
0182,2015,394.6622
0182,2016,399.8728
0182,2017,403.7749
0182,2018,406.77719
0182,2019,413.52271
0182,2020,422.99301
0182,2021,440.66199
0182,2022,425.0188
0182,2023,420.78641
0182,2024,429.0
0183,2006,264.54031
0183,2007,282.0997
0183,2008,286.39511
0183,2009,292.7215
0183,2010,297.91541
0183,2011,299.7843
0183,2012,307.21411
0183,2013,314.22198
0183,2014,327.8808
0183,2015,338.5563
0183,2016,345.55939
0183,2017,352.09479
0183,2018,358.237
0183,2019,363.35361
0183,2020,370.35049
0183,2021,380.78619
0183,2022,367.87341
0183,2023,359.396
0183,2024,367.39999
0184,2006,275.642
0184,2007,296.10461
0184,2008,302.5592
0184,2009,309.06839
0184,2010,311.93579
0184,2011,315.38
0184,2012,325.05231
0184,2013,333.52209
0184,2014,347.08221
0184,2015,361.0119
0184,2016,367.7308
0184,2017,372.5864
0184,2018,375.8075
0184,2019,383.96771
0184,2020,390.61661
0184,2021,400.86581
0184,2022,389.9726
0184,2023,385.8237
0184,2024,395.20001
0186,2006,313.03699
0186,2007,338.6911
0186,2008,343.31491
0186,2009,350.767
0186,2010,353.85999
0186,2011,360.30099
0186,2012,370.24249
0186,2013,376.35251
0186,2014,389.9874
0186,2015,403.14099
0186,2016,406.03879
0186,2017,413.69849
0186,2018,417.7746
0186,2019,424.51279
0186,2020,436.83319
0186,2021,450.70181
0186,2022,435.84509
0186,2023,429.83551
0186,2024,438.60001
0187,2006,303.10391
0187,2007,328.11591
0187,2008,335.78549
0187,2009,344.94861
0187,2010,353.38129
0187,2011,359.63449
0187,2012,367.99619
0187,2013,374.7662
0187,2014,388.2659
0187,2015,404.99579
0187,2016,414.43509
0187,2017,417.8226
0187,2018,422.8309
0187,2019,425.87869
0187,2020,437.26569
0187,2021,452.5163
0187,2022,434.95221
0187,2023,433.4346
0187,2024,439.60001
0188,2006,256.94449
0188,2007,273.52521
0188,2008,279.34921
0188,2009,284.548
0188,2010,289.16119
0188,2011,293.11938
0188,2012,297.8985
0188,2013,303.91101
0188,2014,313.9101
0188,2015,324.84451
0188,2016,328.76682
0188,2017,332.63419
0188,2018,335.3573
0188,2019,337.6481
0188,2020,342.05219
0188,2021,350.78781
0188,2022,336.0639
0188,2023,327.72391
0188,2024,331.60001
0191,2006,262.64139
0191,2007,277.81241
0191,2008,283.90829
0191,2009,286.90302
0191,2010,291.89691
0191,2011,293.25269
0191,2012,297.4361
0191,2013,301.00269
0191,2014,310.2684
0191,2015,319.94269
0191,2016,323.25681
0191,2017,325.28821
0191,2018,328.84741
0191,2019,330.94241
0191,2020,329.0769
0191,2021,336.5144
0191,2022,325.68399
0191,2023,315.17841
0191,2024,318.89999
0192,2006,266.29321
0192,2007,280.95639
0192,2008,285.42801
0192,2009,294.66089
0192,2010,297.36829
0192,2011,299.3844
0192,2012,304.3071
0192,2013,310.4545
0192,2014,321.392
0192,2015,331.866
0192,2016,337.16309
0192,2017,339.5936
0192,2018,343.44739
0192,2019,347.4584
0192,2020,351.81451
0192,2021,359.61801
0192,2022,342.091
0192,2023,334.61359
0192,2024,334.89999
0305,2006,289.37299
0305,2007,309.68079
0305,2008,314.71689
0305,2009,323.61441
0305,2010,326.36649
0305,2011,328.97629
0305,2012,335.75519
0305,2013,341.4537
0305,2014,355.02759
0305,2015,366.17871
0305,2016,369.6987
0305,2017,370.39551
0305,2018,372.6474
0305,2019,376.14429
0305,2020,381.1015
0305,2021,389.7373
0305,2022,373.00751
0305,2023,365.9772
0305,2024,370.70001
0319,2006,251.39371
0319,2007,266.37979
0319,2008,272.57959
0319,2009,281.22321
0319,2010,283.82669
0319,2011,284.7218
0319,2012,287.9884
0319,2013,292.01361
0319,2014,305.3688
0319,2015,309.07919
0319,2016,311.1871
0319,2017,315.23569
0319,2018,321.07339
0319,2019,327.21689
0319,2020,333.8345
0319,2021,343.65109
0319,2022,329.7579
0319,2023,320.8342
0319,2024,324.0
0330,2006,296.38449
0330,2007,313.96811
0330,2008,321.6246
0330,2009,329.7099
0330,2010,336.76208
0330,2011,340.83969
0330,2012,348.30811
0330,2013,353.35101
0330,2014,369.59421
0330,2015,378.89691
0330,2016,382.9491
0330,2017,386.763
0330,2018,388.44821
0330,2019,390.92181
0330,2020,393.3353
0330,2021,396.5112
0330,2022,381.04361
0330,2023,374.15231
0330,2024,378.54999
0331,2006,248.9104
0331,2007,260.37769
0331,2008,264.63571
0331,2009,269.5863
0331,2010,273.70471
0331,2011,279.25659
0331,2012,284.2226
0331,2013,286.92419
0331,2014,296.62881
0331,2015,306.0321
0331,2016,311.38391
0331,2017,313.04471
0331,2018,316.2699
0331,2019,316.41321
0331,2020,324.01041
0331,2021,328.168
0331,2022,315.1925
0331,2023,310.60239
0331,2024,310.60001
0360,2006,250.07899
0360,2007,264.02191
0360,2008,269.67841
0360,2009,273.32681
0360,2010,276.85071
0360,2011,284.7218
0360,2012,288.9794
0360,2013,292.14581
0360,2014,302.19061
0360,2015,311.33139
0360,2016,312.3678
0360,2017,316.65329
0360,2018,322.3374
0360,2019,322.00131
0360,2020,326.60541
0360,2021,335.84909
0360,2022,322.7821
0360,2023,315.38409
0360,2024,317.5
0380,2006,249.64079
0380,2007,264.8078
0380,2008,269.95471
0380,2009,275.5433
0380,2010,278.0817
0380,2011,281.78922
0380,2012,288.4509
0380,2013,293.46771
0380,2014,306.03091
0380,2015,317.55801
0380,2016,320.23929
0380,2017,322.32401
0380,2018,323.85431
0380,2019,325.6026
0380,2020,329.81839
0380,2021,336.8772
0380,2022,322.7821
0380,2023,313.32751
0380,2024,317.5
0381,2006,264.2482
0381,2007,280.81351
0381,2008,284.1846
0381,2009,292.30591
0381,2010,296.06879
0381,2011,299.7843
0381,2012,305.76059
0381,2013,311.18161
0381,2014,322.18661
0381,2015,330.9386
0381,2016,333.48969
0381,2017,336.50049
0381,2018,341.4249
0381,2019,344.47809
0381,2020,347.42761
0381,2021,354.47711
0381,2022,340.6958
0381,2023,334.30511
0381,2024,337.70001
0382,2006,262.8605
0382,2007,278.24121
0382,2008,283.4939
0382,2009,289.25809
0382,2010,294.90619
0382,2011,298.45129
0382,2012,308.79971
0382,2013,313.2966
0382,2014,322.45139
0382,2015,334.91309
0382,2016,334.53931
0382,2017,339.65811
0382,2018,344.58499
0382,2019,346.9617
0382,2020,354.28601
0382,2021,360.88809
0382,2022,342.42581
0382,2023,338.31549
0382,2024,343.39999
0428,2006,250.2251
0428,2007,265.2366
0428,2008,272.02701
0428,2009,274.9892
0428,2010,278.21851
0428,2011,279.78979
0428,2012,282.90121
0428,2013,285.33789
0428,2014,295.17221
0428,2015,303.77991
0428,2016,303.05319
0428,2017,308.01849
0428,2018,313.36249
0428,2019,317.53079
0428,2020,321.97141
0428,2021,326.11169
0428,2022,311.7883
0428,2023,303.81561
0428,2024,304.5
0461,2006,265.70889
0461,2007,285.10071
0461,2008,286.8096
0461,2009,291.26691
0461,2010,297.23151
0461,2011,298.9845
0461,2012,302.3251
0461,2013,306.42261
0461,2014,315.16809
0461,2015,324.44699
0461,2016,328.89801
0461,2017,336.69391
0461,2018,342.75211
0461,2019,345.40948
0461,2020,350.3316
0461,2021,357.0173
0461,2022,341.30969
0461,2023,335.89899
0461,2024,339.10001
0480,2006,262.9335
0480,2007,278.81281
0480,2008,283.7702
0480,2009,287.5957
0480,2010,293.5383
0480,2011,296.052
0480,2012,301.6644
0480,2013,305.8938
0480,2014,317.6842
0480,2015,328.55399
0480,2016,332.965
0480,2017,335.8562
0480,2018,340.4136
0480,2019,342.49121
0480,2020,343.4115
0480,2021,354.05371
0480,2022,338.85419
0480,2023,328.13519
0480,2024,331.79999
0481,2006,270.3833
0481,2007,286.81561
0481,2008,295.237
0481,2009,297.29309
0481,2010,296.4108
0481,2011,299.7843
0481,2012,303.38211
0481,2013,307.28189
0481,2014,313.57901
0481,2015,321.0025
0481,2016,322.73199
0481,2017,324.38599
0481,2018,330.55389
0481,2019,333.79849
0481,2020,331.9191
0481,2021,345.58649
0481,2022,335.50589
0481,2023,326.07861
0481,2024,332.04999
0482,2006,254.02299
0482,2007,266.8085
0482,2008,269.26389
0482,2009,271.31799
0482,2010,276.16681
0482,2011,277.92361
0482,2012,277.4837
0482,2013,276.67929
0482,2014,285.108
0482,2015,290.5318
0482,2016,291.77069
0482,2017,297.0639
0482,2018,300.34259
0482,2019,303.25
0482,2020,310.54089
0482,2021,316.1929
0482,2022,307.71451
0482,2023,297.18289
0482,2024,303.89999
0483,2006,249.0565
0483,2007,261.94971
0483,2008,266.7771
0483,2009,272.49561
0483,2010,277.67139
0483,2011,279.38989
0483,2012,284.61899
0483,2013,287.2547
0483,2014,297.6882
0483,2015,307.3569
0483,2016,312.89261
0483,2017,315.10681
0483,2018,318.5452
0483,2019,320.38699
0483,2020,325.36969
0483,2021,334.69989
0483,2022,317.87119
0483,2023,310.0369
0483,2024,313.5
0484,2006,247.44971
0484,2007,261.80679
0484,2008,266.7771
0484,2009,269.3093
0484,2010,271.7897
0484,2011,274.85779
0484,2012,279.33359
0484,2013,282.7601
0484,2014,291.33191
0484,2015,303.11749
0484,2016,307.12021
0484,2017,310.5961
0484,2018,314.87939
0484,2019,315.54391
0484,2020,319.4382
0484,2021,329.37759
0484,2022,317.20151
0484,2023,308.18591
0484,2024,312.79999
0486,2006,278.12521
0486,2007,293.6752
0486,2008,298.82901
0486,2009,302.83441
0486,2010,309.54199
0486,2011,313.38049
0486,2012,319.89899
0486,2013,322.94669
0486,2014,333.31009
0486,2015,344.05429
0486,2016,347.65839
0486,2017,351.3215
0486,2018,354.95041
0486,2019,357.39291
0486,2020,361.08249
0486,2021,372.19791
0486,2022,358.38641
0486,2023,350.86099
0486,2024,354.0
0488,2006,290.1033
0488,2007,307.39429
0488,2008,311.40109
0488,2009,315.51019
0488,2010,324.45151
0488,2011,329.5094
0488,2012,333.9053
0488,2013,332.4646
0488,2014,341.388
0488,2015,354.52029
0488,2016,363.4671
0488,2017,364.4671
0488,2018,368.47589
0488,2019,373.66061
0488,2020,379.4332
0488,2021,386.59229
0488,2022,372.00299
0488,2023,369.78201
0488,2024,373.25
0509,2006,241.4606
0509,2007,257.30521
0509,2008,262.83969
0509,2009,264.59909
0509,2010,268.5069
0509,2011,274.79111
0509,2012,279.3996
0509,2013,280.0502
0509,2014,293.78171
0509,2015,305.76721
0509,2016,310.00641
0509,2017,312.27151
0509,2018,317.02829
0509,2019,321.4425
0509,2020,324.8754
0509,2021,339.47791
0509,2022,327.13501
0509,2023,318.21201
0509,2024,322.89999
0512,2006,250.8094
0512,2007,268.1662
0512,2008,271.19809
0512,2009,279.1452
0512,2010,287.24631
0512,2011,281.7226
0512,2012,286.8653
0512,2013,290.1629
0512,2014,300.93259
0512,2015,311.9938
0512,2016,318.3371
0512,2017,318.58649
0512,2018,324.7392
0512,2019,325.5405
0512,2020,328.08829
0512,2021,337.3006
0512,2022,322.00079
0512,2023,319.29169
0512,2024,317.79999
0513,2006,255.0455
0513,2007,269.95251
0513,2008,275.20459
0513,2009,281.1539
0513,2010,286.63071
0513,2011,292.3197
0513,2012,295.388
0513,2013,299.81299
0513,2014,309.60629
0513,2015,317.95541
0513,2016,325.3558
0513,2017,331.21649
0513,2018,337.12701
0513,2019,338.89001
0513,2020,339.2717
0513,2021,348.97339
0513,2022,335.9523
0513,2023,331.42581
0513,2024,335.29999
0560,2006,257.09061
0560,2007,275.7403
0560,2008,279.34921
0560,2009,282.88559
0560,2010,283.89511
0560,2011,288.0542
0560,2012,296.51111
0560,2013,299.74689
0560,2014,309.01041
0560,2015,325.24191
0560,2016,331.78421
0560,2017,338.56259
0560,2018,338.51749
0560,2019,340.75269
0560,2020,344.0293
0560,2021,351.69501
0560,2022,334.61301
0560,2023,327.4668
0560,2024,331.79999
0561,2006,249.7869
0561,2007,266.52271
0561,2008,269.19479
0561,2009,275.95889
0561,2010,281.2962
0561,2011,285.25491
0561,2012,288.9794
0561,2013,293.53381
0561,2014,305.56741
0561,2015,315.30579
0561,2016,320.37051
0561,2017,321.93729
0561,2018,326.76169
0561,2019,332.06
0561,2020,332.90771
0561,2021,341.23181
0561,2022,327.13501
0561,2023,321.7597
0561,2024,324.89999
0562,2006,258.40521
0562,2007,273.95389
0562,2008,279.07291
0562,2009,286.62601
0562,2010,292.44409
0562,2011,295.9187
0562,2012,299.41809
0562,2013,301.26709
0562,2014,307.22269
0562,2015,317.55801
0562,2016,322.6008
0562,2017,328.1235
0562,2018,331.8179
0562,2019,332.30841
0562,2020,333.03131
0562,2021,342.4415
0562,2022,327.35818
0562,2023,320.8342
0562,2024,325.39999
0563,2006,241.0224
0563,2007,255.16161
0563,2008,261.11279
0563,2009,265.7074
0563,2010,268.37009
0563,2011,268.85941
0563,2012,270.74481
0563,2013,277.40631
0563,2014,288.88199
0563,2015,297.35461
0563,2016,297.80551
0563,2017,299.8992
0563,2018,305.5253
0563,2019,307.34799
0563,2020,311.40591
0563,2021,324.2973
0563,2022,307.54709
0563,2023,304.99811
0563,2024,303.85001
0580,2006,251.2476
0580,2007,265.2366
0580,2008,271.4744
0580,2009,276.92859
0580,2010,279.9967
0580,2011,282.85559
0580,2012,289.90439
0580,2013,294.5253
0580,2014,306.03091
0580,2015,319.2803
0580,2016,324.17511
0580,2017,326.0614
0580,2018,330.17471
0580,2019,332.68091
0580,2020,335.50269
0580,2021,344.25589
0580,2022,329.36719
0580,2023,320.8342
0580,2024,326.5
0581,2006,245.69679
0581,2007,259.94901
0581,2008,264.56659
0581,2009,271.80289
0581,2010,276.03
0581,2011,278.19019
0581,2012,284.2226
0581,2013,287.78351
0581,2014,297.82059
0581,2015,308.54929
0581,2016,312.2366
0581,2017,316.26669
0581,2018,320.44131
0581,2019,323.86411
0581,2020,326.4819
0581,2021,335.90961
0581,2022,321.66599
0581,2023,313.1218
0581,2024,319.60001
0582,2006,257.52881
0582,2007,274.0968
0582,2008,279.7637
0582,2009,287.94199
0582,2010,294.35901
0582,2011,297.7182
0582,2012,302.3251
0582,2013,306.29041
0582,2014,319.00839
0582,2015,330.40869
0582,2016,335.45761
0582,2017,340.36691
0582,2018,344.58499
0582,2019,345.96829
0582,2020,351.073
0582,2021,361.06949
0582,2022,345.3277
0582,2023,337.54431
0582,2024,342.70001
0583,2006,249.64079
0583,2007,263.5217
0583,2008,268.15869
0583,2009,275.2662
0583,2010,279.31281
0583,2011,280.85611
0583,2012,285.94031
0583,2013,290.0307
0583,2014,300.73389
0583,2015,311.06641
0583,2016,313.28619
0583,2017,316.65329
0583,2018,321.95819
0583,2019,326.72021
0583,2020,327.34689
0583,2021,336.9982
0583,2022,322.5589
0583,2023,316.05249
0583,2024,320.89999
0584,2006,256.21411
0584,2007,272.8107
0584,2008,278.93469
0584,2009,285.93329
0584,2010,292.99121
0584,2011,294.85229
0584,2012,301.40009
0584,2013,302.78729
0584,2014,312.9169
0584,2015,322.39359
0584,2016,325.22461
0584,2017,326.2547
0584,2018,329.5426
0584,2019,336.96509
0584,2020,338.34491
0584,2021,346.07031
0584,2022,332.93881
0584,2023,325.77011
0584,2024,328.89999
0586,2006,255.4837
0586,2007,271.38159
0586,2008,276.58609
0586,2009,284.548
0586,2010,288.06699
0586,2011,291.9198
0586,2012,298.22891
0586,2013,303.3822
0586,2014,313.04929
0586,2015,323.65219
0586,2016,329.94751
0586,2017,334.69629
0586,2018,340.03439
0586,2019,343.54669
0586,2020,341.6814
0586,2021,351.51361
0586,2022,337.9613
0586,2023,330.08899
0586,2024,336.0
0604,2006,252.8544
0604,2007,269.5238
0604,2008,271.61249
0604,2009,280.66901
0604,2010,286.63071
0604,2011,283.98859
0604,2012,286.73309
0604,2013,291.22049
0604,2014,305.50119
0604,2015,314.246
0604,2016,319.5834
0604,2017,329.41229
0604,2018,330.6803
0604,2019,332.86719
0604,2020,335.50269
0604,2021,342.80429
0604,2022,328.2511
0604,2023,322.47949
0604,2024,328.35001
0617,2006,261.91101
0617,2007,276.24051
0617,2008,278.52029
0617,2009,277.48279
0617,2010,281.91171
0617,2011,286.05469
0617,2012,292.01849
0617,2013,297.96231
0617,2014,305.23639
0617,2015,315.5708
0617,2016,318.40271
0617,2017,321.16409
0617,2018,325.62399
0617,2019,327.71371
0617,2020,329.4476
0617,2021,342.26001
0617,2022,325.23761
0617,2023,317.9035
0617,2024,318.70001
0642,2006,261.1806
0642,2007,275.4545
0642,2008,277.89859
0642,2009,280.94611
0642,2010,288.47729
0642,2011,290.58679
0642,2012,297.0397
0642,2013,304.17529
0642,2014,311.12921
0642,2015,322.06241
0642,2016,327.97971
0642,2017,331.02319
0642,2018,333.71411
0642,2019,336.03381
0642,2020,338.46851
0642,2021,348.36859
0642,2022,331.04141
0642,2023,322.47949
0642,2024,327.0
0643,2006,266.22021
0643,2007,283.24289
0643,2008,288.8819
0643,2009,297.29309
0643,2010,303.11319
0643,2011,305.11609
0643,2012,313.02802
0643,2013,316.4693
0643,2014,328.67529
0643,2015,339.81491
0643,2016,345.82181
0643,2017,348.22839
0643,2018,353.93909
0643,2019,355.9028
0643,2020,361.08249
0643,2021,373.5285
0643,2022,357.4935
0643,2023,354.5629
0643,2024,358.10001
0662,2006,260.3772
0662,2007,276.0975
0662,2008,278.65839
0662,2009,280.392
0662,2010,284.9209
0662,2011,286.72119
0662,2012,293.6041
0662,2013,298.6232
0662,2014,306.09711
0662,2015,315.17331
0662,2016,320.56729
0662,2017,324.77261
0662,2018,329.4162
0662,2019,329.57639
0662,2020,331.9809
0662,2021,344.6188
0662,2022,330.0369
0662,2023,321.4512
0662,2024,321.29999
0665,2006,262.9335
0665,2007,280.3848
0665,2008,282.38861
0665,2009,283.9938
0665,2010,295.3165
0665,2011,298.05139
0665,2012,301.92871
0665,2013,307.81061
0665,2014,318.87601
0665,2015,330.27621
0665,2016,334.0145
0665,2017,338.6915
0665,2018,340.79279
0665,2019,339.88339
0665,2020,341.3107
0665,2021,352.11841
0665,2022,336.95679
0665,2023,329.7291
0665,2024,331.95001
0680,2006,255.77589
0680,2007,271.8103
0680,2008,276.30981
0680,2009,282.88559
0680,2010,286.97269
0680,2011,290.45349
0680,2012,296.379
0680,2013,300.73831
0680,2014,311.4603
0680,2015,322.45981
0680,2016,327.06131
0680,2017,331.08771
0680,2018,334.72531
0680,2019,335.4129
0680,2020,338.09781
0680,2021,347.76379
0680,2022,332.4924
0680,2023,322.2738
0680,2024,325.79999
0682,2006,254.4612
0682,2007,268.0947
0682,2008,272.8559
0682,2009,277.34421
0682,2010,283.00601
0682,2011,283.38879
0682,2012,288.3187
0682,2013,293.46771
0682,2014,299.47589
0682,2015,308.54929
0682,2016,314.46689
0682,2017,319.48859
0682,2018,321.70541
0682,2019,323.2431
0682,2020,324.3811
0682,2021,333.97421
0682,2022,319.09891
0682,2023,311.06519
0682,2024,314.64999
0683,2006,266.4393
0683,2007,282.95709
0683,2008,286.53329
0683,2009,289.3967
0683,2010,295.17969
0683,2011,298.7179
0683,2012,303.25
0683,2013,309.72739
0683,2014,318.74359
0683,2015,328.02399
0683,2016,330.60349
0683,2017,334.8251
0683,2018,339.52881
0683,2019,340.0076
0683,2020,340.81641
0683,2021,352.23929
0683,2022,335.8407
0683,2023,329.3692
0683,2024,331.54999
0684,2006,254.6073
0684,2007,268.8093
0684,2008,271.05991
0684,2009,275.2662
0684,2010,281.091
0684,2011,283.25549
0684,2012,287.12949
0684,2013,287.3208
0684,2014,297.09229
0684,2015,308.88049
0684,2016,310.33441
0684,2017,318.26431
0684,2018,323.03271
0684,2019,325.72681
0684,2020,323.88681
0684,2021,334.57901
0684,2022,318.8757
0684,2023,310.3454
0684,2024,312.29999
0685,2006,259.866
0685,2007,277.0979
0685,2008,277.96771
0685,2009,282.47
0685,2010,289.16119
0685,2011,291.2533
0685,2012,296.379
0685,2013,300.3418
0685,2014,311.1954
0685,2015,321.13501
0685,2016,325.88062
0685,2017,329.79889
0685,2018,332.8924
0685,2019,331.81161
0685,2020,332.90771
0685,2021,344.86069
0685,2022,328.92081
0685,2023,319.60019
0685,2024,320.10001
0686,2006,258.1131
0686,2007,273.02499
0686,2008,277.41501
0686,2009,283.30121
0686,2010,289.298
0686,2011,290.05359
0686,2012,294.7934
0686,2013,298.8876
0686,2014,309.5401
0686,2015,319.1478
0686,2016,322.07599
0686,2017,325.0304
0686,2018,324.992
0686,2019,327.71371
0686,2020,330.62161
0686,2021,340.02219
0686,2022,323.34021
0686,2023,315.43549
0686,2024,318.39999
0687,2006,247.0114
0687,2007,263.66461
0687,2008,269.54019
0687,2009,274.85059
0687,2010,277.94501
0687,2011,278.72339
0687,2012,283.95831
0687,2013,289.63409
0687,2014,299.01239
0687,2015,310.5365
0687,2016,314.33569
0687,2017,319.48859
0687,2018,321.07339
0687,2019,323.86411
0687,2020,323.51611
0687,2021,334.57901
0687,2022,320.6615
0687,2023,315.28131
0687,2024,318.70001
0760,2006,259.71991
0760,2007,275.66879
0760,2008,280.31631
0760,2009,281.36169
0760,2010,286.6991
0760,2011,290.98669
0760,2012,290.36679
0760,2013,292.01361
0760,2014,305.8985
0760,2015,311.6626
0760,2016,317.61551
0760,2017,322.32401
0760,2018,326.0032
0760,2019,326.0993
0760,2020,323.51611
0760,2021,336.03049
0760,2022,322.1124
0760,2023,311.06519
0760,2024,310.70001
0761,2006,262.34921
0761,2007,270.23831
0761,2008,271.61249
0761,2009,277.34421
0761,2010,273.43109
0761,2011,277.25711
0761,2012,276.7569
0761,2013,282.9584
0761,2014,284.11481
0761,2015,289.33951
0761,2016,295.05051
0761,2017,301.3168
0761,2018,305.27249
0761,2019,308.8382
0761,2020,312.02371
0761,2021,321.27319
0761,2022,309.10959
0761,2023,302.06741
0761,2024,303.20001
0763,2006,255.1916
0763,2007,267.95181
0763,2008,270.92181
0763,2009,276.09741
0763,2010,282.1853
0763,2011,279.85641
0763,2012,284.09039
0763,2013,287.3208
0763,2014,293.8479
0763,2015,301.26279
0763,2016,309.61279
0763,2017,312.7225
0763,2018,315.2587
0763,2019,319.021
0763,2020,318.07889
0763,2021,325.5069
0763,2022,312.29059
0763,2023,304.79251
0763,2024,309.70001
0764,2006,263.07959
0764,2007,275.383
0764,2008,279.62549
0764,2009,280.94611
0764,2010,283.27951
0764,2011,286.72119
0764,2012,292.41489
0764,2013,291.74921
0764,2014,300.3367
0764,2015,310.80151
0764,2016,315.25409
0764,2017,320.51971
0764,2018,323.09589
0764,2019,326.9686
0764,2020,328.33551
0764,2021,333.97421
0764,2022,320.10339
0764,2023,315.28131
0764,2024,317.39999
0765,2006,271.40579
0765,2007,289.10211
0765,2008,290.12531
0765,2009,295.07651
0765,2010,301.33499
0765,2011,304.84961
0765,2012,309.72461
0765,2013,312.63571
0765,2014,325.09991
0765,2015,337.36401
0765,2016,340.4429
0765,2017,343.33109
0765,2018,342.94171
0765,2019,350.06619
0765,2020,348.4162
0765,2021,360.58569
0765,2022,341.30969
0765,2023,336.9787
0765,2024,337.70001
0767,2006,250.3712
0767,2007,263.4502
0767,2008,264.4285
0767,2009,268.0625
0767,2010,268.5069
0767,2011,269.65921
0767,2012,278.67291
0767,2013,282.9584
0767,2014,290.27249
0767,2015,297.42081
0767,2016,304.10269
0767,2017,302.99231
0767,2018,306.15741
0767,2019,309.95581
0767,2020,313.63019
0767,2021,325.38589
0767,2022,314.41119
0767,2023,310.8595
0767,2024,309.0
0780,2006,257.2366
0780,2007,272.3819
0780,2008,275.89529
0780,2009,280.53049
0780,2010,284.37381
0780,2011,287.12109
0780,2012,293.07559
0780,2013,297.69791
0780,2014,307.62
0780,2015,317.95541
0780,2016,323.5191
0780,2017,326.31921
0780,2018,329.5426
0780,2019,331.56329
0780,2020,334.1434
0780,2021,342.68341
0780,2022,327.46979
0780,2023,319.086
0780,2024,322.89999
0781,2006,267.3158
0781,2007,279.0986
0781,2008,282.38861
0781,2009,285.7948
0781,2010,288.06699
0781,2011,289.78699
0781,2012,296.04861
0781,2013,297.69791
0781,2014,304.7067
0781,2015,315.10709
0781,2016,318.00909
0781,2017,322.96841
0781,2018,324.7392
0781,2019,328.21039
0781,2020,331.5484
0781,2021,340.5061
0781,2022,326.9118
0781,2023,320.11441
0781,2024,323.60001
0821,2006,238.8313
0821,2007,253.804
0821,2008,257.797
0821,2009,259.47339
0821,2010,265.22409
0821,2011,265.26041
0821,2012,267.24319
0821,2013,266.897
0821,2014,275.04379
0821,2015,283.37781
0821,2016,284.42401
0821,2017,288.1713
0821,2018,294.40149
0821,2019,296.6684
0821,2020,298.1217
0821,2021,304.883
0821,2022,293.2049
0821,2023,285.25449
0821,2024,281.39999
0834,2006,245.1125
0834,2007,262.37839
0834,2008,264.98111
0834,2009,266.95419
0834,2010,273.29431
0834,2011,276.3241
0834,2012,278.80499
0834,2013,278.99261
0834,2014,291.8616
0834,2015,298.34821
0834,2016,302.65961
0834,2017,308.534
0834,2018,313.48901
0834,2019,317.2204
0834,2020,320.056
0834,2021,328.83331
0834,2022,315.0809
0834,2023,310.0369
0834,2024,310.79999
0840,2006,257.09061
0840,2007,272.8107
0840,2008,278.65839
0840,2009,288.14981
0840,2010,291.89691
0840,2011,295.1189
0840,2012,299.28601
0840,2013,305.23291
0840,2014,318.61111
0840,2015,329.34891
0840,2016,333.29291
0840,2017,338.6915
0840,2018,341.6777
0840,2019,345.84409
0840,2020,348.3544
0840,2021,357.9245
0840,2022,344.54651
0840,2023,339.96078
0840,2024,343.29999
0860,2006,241.75281
0860,2007,257.51959
0860,2008,260.56009
0860,2009,263.35229
0860,2010,270.14828
0860,2011,271.65869
0860,2012,274.97311
0860,2013,278.6622
0860,2014,286.366
0860,2015,296.09601
0860,2016,294.00101
0860,2017,301.44571
0860,2018,308.0535
0860,2019,314.98511
0860,2020,317.461
0860,2021,325.14401
0860,2022,307.93771
0860,2023,302.22171
0860,2024,303.39999
0861,2006,256.50629
0861,2007,273.66809
0861,2008,280.7998
0861,2009,284.96359
0861,2010,289.298
0861,2011,293.91919
0861,2012,296.11469
0861,2013,298.35889
0861,2014,307.8848
0861,2015,319.01529
0861,2016,321.5513
0861,2017,325.22369
0861,2018,327.64651
0861,2019,330.44559
0861,2020,329.4476
0861,2021,336.8772
0861,2022,326.2421
0861,2023,321.7597
0861,2024,323.64999
0862,2006,262.34921
0862,2007,276.0975
0862,2008,284.1846
0862,2009,285.37921
0862,2010,288.75089
0862,2011,291.5199
0862,2012,293.6041
0862,2013,295.45059
0862,2014,305.63361
0862,2015,314.246
0862,2016,311.05591
0862,2017,315.8801
0862,2018,320.25171
0862,2019,320.8837
0862,2020,321.41531
0862,2021,329.74051
0862,2022,318.9873
0862,2023,314.15009
0862,2024,315.0
0880,2006,247.3036
0880,2007,261.37811
0880,2008,266.7771
0880,2009,272.91119
0880,2010,277.53461
0880,2011,279.52319
0880,2012,283.694
0880,2013,292.27802
0880,2014,301.26361
0880,2015,312.7887
0880,2016,318.14029
0880,2017,322.96841
0880,2018,327.1409
0880,2019,329.70059
0880,2020,332.28979
0880,2021,340.9899
0880,2022,325.79559
0880,2023,318.36621
0880,2024,321.20001
0881,2006,250.07899
0881,2007,263.66461
0881,2008,267.19159
0881,2009,270.4176
0881,2010,271.1058
0881,2011,274.72449
0881,2012,279.06931
0881,2013,282.23141
0881,2014,290.40491
0881,2015,300.6004
0881,2016,299.64221
0881,2017,305.1832
0881,2018,310.4552
0881,2019,314.923
0881,2020,314.7424
0881,2021,324.2973
0881,2022,311.45349
0881,2023,302.78729
0881,2024,304.89999
0882,2006,263.81
0882,2007,281.0993
0882,2008,288.05301
0882,2009,294.10681
0882,2010,301.74539
0882,2011,303.1167
0882,2012,307.6105
0882,2013,315.94049
0882,2014,325.2323
0882,2015,339.1525
0882,2016,337.62231
0882,2017,344.10431
0882,2018,348.50369
0882,2019,345.71991
0882,2020,342.29929
0882,2021,355.98911
0882,2022,339.1333
0882,2023,332.09421
0882,2024,336.79999
0883,2006,244.23599
0883,2007,260.2348
0883,2008,266.22449
0883,2009,271.94141
0883,2010,277.26099
0883,2011,281.25601
0883,2012,285.87421
0883,2013,288.5766
0883,2014,298.6152
0883,2015,309.07919
0883,2016,311.1871
0883,2017,316.9111
0883,2018,321.95819
0883,2019,324.36081
0883,2020,327.71759
0883,2021,334.45801
0883,2022,321.7218
0883,2023,312.6077
0883,2024,319.0
0884,2006,250.6633
0884,2007,265.59381
0884,2008,269.33301
0884,2009,273.60379
0884,2010,279.9967
0884,2011,283.7887
0884,2012,288.58301
0884,2013,291.617
0884,2014,302.98511
0884,2015,312.65619
0884,2016,313.94211
0884,2017,319.3598
0884,2018,321.1998
0884,2019,327.0928
0884,2020,328.52081
0884,2021,339.0545
0884,2022,325.01431
0884,2023,314.97281
0884,2024,320.39999
0885,2006,234.0108
0885,2007,248.6593
0885,2008,251.0275
0885,2009,254.76331
0885,2010,263.44589
0885,2011,264.46069
0885,2012,266.05399
0885,2013,271.5238
0885,2014,280.20831
0885,2015,292.51901
0885,2016,295.5097
0885,2017,303.50781
0885,2018,302.49161
0885,2019,310.45251
0885,2020,317.3374
0885,2021,323.6925
0885,2022,313.85309
0885,2023,307.67169
0885,2024,312.20001
0980,2006,233.4265
0980,2007,248.5164
0980,2008,253.51421
0980,2009,261.68991
0980,2010,266.18149
0980,2011,268.19299
0980,2012,272.33041
0980,2013,277.20801
0980,2014,286.43219
0980,2015,297.95081
0980,2016,302.13489
0980,2017,305.44089
0980,2018,309.0647
0980,2019,312.19101
0980,2020,317.461
0980,2021,325.99069
0980,2022,313.85309
0980,2023,307.67169
0980,2024,313.70001
1060,2006,259.866
1060,2007,278.38409
1060,2008,278.1749
1060,2009,274.435
1060,2010,271.92651
1060,2011,283.58871
1060,2012,286.20459
1060,2013,288.7088
1060,2014,297.29089
1060,2015,307.48941
1060,2016,317.22189
1060,2017,326.19031
1060,2018,329.4162
1060,2019,326.47189
1060,2020,325.24609
1060,2021,337.96591
1060,2022,322.33569
1060,2023,317.64639
1060,2024,317.5
1080,2006,254.89951
1080,2007,269.66669
1080,2008,273.68491
1080,2009,280.1149
1080,2010,282.59561
1080,2011,283.38879
1080,2012,290.30081
1080,2013,296.50821
1080,2014,307.62
1080,2015,314.37839
1080,2016,318.9274
1080,2017,323.54831
1080,2018,328.0257
1080,2019,330.94241
1080,2020,337.72711
1080,2021,346.67511
1080,2022,331.9343
1080,2023,329.98621
1080,2024,334.89999
1081,2006,249.20261
1081,2007,262.8071
1081,2008,266.36261
1081,2009,268.89371
1081,2010,271.3793
1081,2011,276.0575
1081,2012,278.14429
1081,2013,283.15671
1081,2014,292.92099
1081,2015,297.68579
1081,2016,301.0853
1081,2017,304.02328
1081,2018,306.9158
1081,2019,310.32831
1081,2020,316.84311
1081,2021,325.86981
1081,2022,310.728
1081,2023,308.13449
1081,2024,311.60001
1082,2006,251.83189
1082,2007,266.95151
1082,2008,271.61249
1082,2009,276.23599
1082,2010,279.85989
1082,2011,281.25601
1082,2012,284.61899
1082,2013,288.04779
1082,2014,298.35031
1082,2015,308.54929
1082,2016,314.0733
1082,2017,320.133
1082,2018,324.48639
1082,2019,326.47189
1082,2020,330.06549
1082,2021,338.93359
1082,2022,323.34021
1082,2023,320.11441
1082,2024,323.39999
1083,2006,246.8654
1083,2007,261.66391
1083,2008,266.22449
1083,2009,269.37851
1083,2010,272.33679
1083,2011,277.12381
1083,2012,280.39059
1083,2013,285.13959
1083,2014,297.15851
1083,2015,307.55569
1083,2016,310.1376
1083,2017,317.8132
1083,2018,323.5383
1083,2019,326.34769
1083,2020,333.8963
1083,2021,344.4978
1083,2022,330.59491
1083,2023,327.00409
1083,2024,330.39999
1214,2006,256.50629
1214,2007,269.23801
1214,2008,276.03351
1214,2009,279.97641
1214,2010,283.9635
1214,2011,286.58789
1214,2012,289.37579
1214,2013,293.2034
1214,2014,304.11069
1214,2015,312.52371
1214,2016,318.00909
1214,2017,323.35501
1214,2018,327.77289
1214,2019,327.71371
1214,2020,337.47989
1214,2021,346.79611
1214,2022,332.93881
1214,2023,328.70081
1214,2024,330.29999
1230,2006,285.42899
1230,2007,306.2511
1230,2008,310.43411
1230,2009,318.48871
1230,2010,323.76761
1230,2011,327.51001
1230,2012,334.16959
1230,2013,339.8674
1230,2014,351.9819
1230,2015,365.25131
1230,2016,369.17389
1230,2017,374.00409
1230,2018,380.61099
1230,2019,384.96109
1230,2020,394.07669
1230,2021,402.68021
1230,2022,388.1868
1230,2023,383.2529
1230,2024,389.0
1231,2006,246.13499
1231,2007,258.09119
1231,2008,261.66541
1231,2009,266.95419
1231,2010,266.86551
1231,2011,268.45959
1231,2012,276.69089
1231,2013,280.97549
1231,2014,288.2861
1231,2015,297.8183
1231,2016,301.47891
1231,2017,303.89441
1231,2018,308.81189
1231,2019,309.8316
1231,2020,319.31461
1231,2021,329.13571
1231,2022,315.75049
1231,2023,308.49438
1231,2024,311.5
1233,2006,303.323
1233,2007,324.97198
1233,2008,331.29541
1233,2009,339.13019
1233,2010,343.73801
1233,2011,349.17068
1233,2012,356.76471
1233,2013,363.92639
1233,2014,378.46661
1233,2015,392.67499
1233,2016,396.85541
1233,2017,404.03259
1233,2018,409.5582
1233,2019,418.36581
1233,2020,437.20401
1233,2021,450.82281
1233,2022,435.17551
1233,2023,437.34219
1233,2024,443.5
1256,2006,257.82089
1256,2007,272.0961
1256,2008,274.23749
1256,2009,272.1492
1256,2010,275.48279
1256,2011,278.45679
1256,2012,281.97629
1256,2013,282.23141
1256,2014,287.22672
1256,2015,294.2413
1256,2016,297.41199
1256,2017,297.57941
1256,2018,302.3652
1256,2019,304.92651
1256,2020,310.78799
1256,2021,322.60379
1256,2022,308.60739
1256,2023,306.6434
1256,2024,306.89999
1257,2006,249.93291
1257,2007,260.09189
1257,2008,263.7377
1257,2009,263.35229
1257,2010,267.54941
1257,2011,269.45929
1257,2012,279.06931
1257,2013,282.4296
1257,2014,289.2131
1257,2015,298.9444
1257,2016,303.44681
1257,2017,305.3121
1257,2018,311.5929
1257,2019,314.55051
1257,2020,320.67389
1257,2021,334.82089
1257,2022,323.22861
1257,2023,316.36099
1257,2024,316.39999
1260,2006,249.7869
1260,2007,265.5224
1260,2008,266.22449
1260,2009,269.0322
1260,2010,270.0799
1260,2011,272.19189
1260,2012,282.50479
1260,2013,285.8006
1260,2014,295.0397
1260,2015,304.04489
1260,2016,307.2514
1260,2017,312.14261
1260,2018,309.94958
1260,2019,312.68781
1260,2020,320.92099
1260,2021,328.8938
1260,2022,318.3176
1260,2023,310.13971
1260,2024,311.89999
1261,2006,283.9682
1261,2007,303.5358
1261,2008,310.71039
1261,2009,317.9346
1261,2010,323.35721
1261,2011,326.77689
1261,2012,334.69821
1261,2013,342.5112
1261,2014,353.04129
1261,2015,365.6488
1261,2016,371.5354
1261,2017,375.93719
1261,2018,383.0127
1261,2019,387.4447
1261,2020,395.9303
1261,2021,408.36539
1261,2022,390.0842
1261,2023,386.54349
1261,2024,388.0
1262,2006,314.2056
1262,2007,338.6911
1262,2008,347.66681
1262,2009,361.22629
1262,2010,367.26489
1262,2011,376.4299
1262,2012,385.83441
1262,2013,392.414
1262,2014,408.39429
1262,2015,428.04749
1262,2016,431.62119
1262,2017,439.98959
1262,2018,445.5209
1262,2019,452.39139
1262,2020,469.20959
1262,2021,483.84521
1262,2022,465.14331
1262,2023,465.92941
1262,2024,477.20001
1263,2006,273.4509
1263,2007,290.10251
1263,2008,296.8949
1263,2009,306.5748
1263,2010,312.5513
1263,2011,315.91321
1263,2012,323.07031
1263,2013,328.36661
1263,2014,338.34219
1263,2015,351.07581
1263,2016,355.7923
1263,2017,361.76059
1263,2018,365.5054
1263,2019,368.07251
1263,2020,378.13571
1263,2021,390.10019
1263,2022,374.23529
1263,2023,369.67911
1263,2024,377.29999
1264,2006,256.65231
1264,2007,270.0954
1264,2008,274.23749
1264,2009,280.392
1264,2010,286.83591
1264,2011,290.58679
1264,2012,297.4361
1264,2013,300.01129
1264,2014,310.66571
1264,2015,322.8573
1264,2016,325.29019
1264,2017,325.6748
1264,2018,331.8179
1264,2019,334.79199
1264,2020,345.8829
1264,2021,354.59811
1264,2022,342.87231
1264,2023,337.33859
1264,2024,340.0
1265,2006,249.0565
1265,2007,263.8075
1265,2008,270.57639
1265,2009,274.85059
1265,2010,284.10019
1265,2011,282.98889
1265,2012,289.64011
1265,2013,290.69171
1265,2014,302.72031
1265,2015,313.98099
1265,2016,318.66501
1265,2017,323.99939
1265,2018,328.1521
1265,2019,332.1842
1265,2020,340.69281
1265,2021,350.0015
1265,2022,334.72461
1265,2023,331.0145
1265,2024,333.10001
1266,2006,248.4722
1266,2007,261.80679
1266,2008,264.4285
1266,2009,271.24881
1266,2010,278.4921
1266,2011,279.9231
1266,2012,286.2706
1266,2013,291.08829
1266,2014,302.323
1266,2015,312.2587
1266,2016,312.3678
1266,2017,317.16879
1266,2018,320.94699
1266,2019,324.29871
1266,2020,334.88489
1266,2021,345.58649
1266,2022,330.92981
1266,2023,326.59271
1266,2024,328.60001
1267,2006,253.2926
1267,2007,268.66629
1267,2008,276.03351
1267,2009,283.30121
1267,2010,289.57159
1267,2011,291.3866
1267,2012,297.0397
1267,2013,305.76169
1267,2014,312.51959
1267,2015,328.289
1267,2016,331.7186
1267,2017,335.21179
1267,2018,337.00061
1267,2019,339.88339
1267,2020,346.1301
1267,2021,358.3479
1267,2022,344.54651
1267,2023,339.96078
1267,2024,342.0
1270,2006,240.5842
1270,2007,253.5181
1270,2008,255.58659
1270,2009,262.1055
1270,2010,266.86551
1270,2011,268.52621
1270,2012,274.04819
1270,2013,279.52139
1270,2014,287.02811
1270,2015,300.13669
1270,2016,307.90729
1270,2017,311.36929
1270,2018,310.4552
1270,2019,312.81189
1270,2020,319.8089
1270,2021,328.65189
1270,2022,315.75049
1270,2023,311.27081
1270,2024,313.5
1272,2006,258.69739
1272,2007,273.811
1272,2008,275.4809
1272,2009,278.591
1272,2010,280.6806
1272,2011,283.25549
1272,2012,288.0545
1272,2013,290.2951
1272,2014,299.93939
1272,2015,311.72879
1272,2016,318.00909
1272,2017,320.90631
1272,2018,325.24481
1272,2019,329.14169
1272,2020,335.50269
1272,2021,344.1954
1272,2022,327.3024
1272,2023,322.47949
1272,2024,322.29999
1273,2006,250.3712
1273,2007,266.23691
1273,2008,268.8494
1273,2009,272.21851
1273,2010,275.3461
1273,2011,277.65701
1273,2012,282.90121
1273,2013,284.2142
1273,2014,294.90729
1273,2015,303.77991
1273,2016,308.62891
1273,2017,311.8848
1273,2018,314.62659
1273,2019,318.77261
1273,2020,324.01041
1273,2021,333.0065
1273,2022,319.43369
1273,2023,312.6077
1273,2024,309.79999
1275,2006,247.44971
1275,2007,254.2327
1275,2008,254.8958
1275,2009,256.63351
1275,2010,252.36639
1275,2011,254.46339
1275,2012,257.267
1275,2013,262.5347
1275,2014,267.36319
1275,2015,273.1767
1275,2016,278.58591
1275,2017,285.5293
1275,2018,288.58679
1275,2019,287.479
1275,2020,293.05521
1275,2021,308.20941
1275,2022,299.73419
1275,2023,293.5838
1275,2024,297.70001
1276,2006,244.6743
1276,2007,257.2337
1276,2008,259.31671
1276,2009,262.79819
1276,2010,266.86551
1276,2011,269.52591
1276,2012,274.1803
1276,2013,278.00119
1276,2014,287.22672
1276,2015,294.77121
1276,2016,298.0679
1276,2017,303.89441
1276,2018,307.23181
1276,2019,310.32831
1276,2020,319.8089
1276,2021,327.80511
1276,2022,317.8154
1276,2023,313.32751
1276,2024,313.54999
1277,2006,249.0565
1277,2007,262.95001
1277,2008,264.49759
1277,2009,270.00189
1277,2010,271.92651
1277,2011,272.4585
1277,2012,277.61581
1277,2013,283.68549
1277,2014,291.13321
1277,2015,302.8526
1277,2016,307.90729
1277,2017,312.52921
1277,2018,318.16599
1277,2019,321.0079
1277,2020,327.5322
1277,2021,336.15149
1277,2022,321.21951
1277,2023,312.71051
1277,2024,313.0
1278,2006,253.43871
1278,2007,271.23871
1278,2008,275.06641
1278,2009,280.80759
1278,2010,286.28879
1278,2011,289.987
1278,2012,294.52911
1278,2013,297.1691
1278,2014,308.94421
1278,2015,318.2204
1278,2016,322.6008
1278,2017,327.86569
1278,2018,331.31229
1278,2019,341.18729
1278,2020,347.18051
1278,2021,360.82761
1278,2022,349.79221
1278,2023,342.7373
1278,2024,346.20001
1280,2006,223.9317
1280,2007,233.51109
1280,2008,235.0015
1280,2009,236.47681
1280,2010,235.5419
1280,2011,239.9341
1280,2012,244.582
1280,2013,249.5798
1280,2014,259.02051
1280,2015,270.9245
1280,2016,278.1268
1280,2017,283.0162
1280,2018,287.32269
1280,2019,291.32861
1280,2020,308.44009
1280,2021,317.76541
1280,2022,307.60291
1280,2023,298.93109
1280,2024,307.20001
1281,2006,240.7303
1281,2007,256.37631
1281,2008,259.7312
1281,2009,261.82849
1281,2010,262.62521
1281,2011,265.52701
1281,2012,269.952
1281,2013,274.69641
1281,2014,281.2677
1281,2015,293.97629
1281,2016,298.1991
1281,2017,301.18799
1281,2018,304.89331
1281,2019,304.7402
1281,2020,314.00089
1281,2021,320.6684
1281,2022,305.81711
1281,2023,296.87439
1281,2024,301.60001
1282,2006,235.1794
1282,2007,247.23019
1282,2008,249.6459
1282,2009,253.3779
1282,2010,254.3497
1282,2011,258.72891
1282,2012,264.40231
1282,2013,269.40869
1282,2014,276.76529
1282,2015,285.63
1282,2016,292.4267
1282,2017,298.86819
1282,2018,306.9158
1282,2019,312.81189
1282,2020,322.0332
1282,2021,333.4903
1282,2022,321.33109
1282,2023,311.68219
1282,2024,315.89999
1283,2006,252.5623
1283,2007,267.38019
1283,2008,271.61249
1283,2009,277.48279
1283,2010,280.13351
1283,2011,281.7226
1283,2012,286.73309
1283,2013,291.4848
1283,2014,299.27731
1283,2015,309.2117
1283,2016,316.43481
1283,2017,320.00421
1283,2018,324.35989
1283,2019,326.72021
1283,2020,335.13199
1283,2021,344.6188
1283,2022,329.70209
1283,2023,318.98318
1283,2024,324.5
1284,2006,271.698
1284,2007,289.10211
1284,2008,292.95749
1284,2009,302.4881
1284,2010,306.25919
1284,2011,311.5144
1284,2012,318.31339
1284,2013,324.40079
1284,2014,337.01801
1284,2015,347.10141
1284,2016,349.5607
1284,2017,354.54349
1284,2018,359.6275
1284,2019,361.11841
1284,2020,369.4855
1284,2021,381.51199
1284,2022,366.8689
1284,2023,361.04129
1284,2024,363.79999
1285,2006,256.50629
1285,2007,272.23901
1285,2008,276.30981
1285,2009,283.78601
1285,2010,288.34052
1285,2011,289.12051
1285,2012,294.92551
1285,2013,300.2757
1285,2014,308.94421
1285,2015,318.35291
1285,2016,323.12561
1285,2017,326.5769
1285,2018,330.55389
1285,2019,333.05341
1285,2020,339.95139
1285,2021,349.3363
1285,2022,334.1665
1285,2023,327.00409
1285,2024,329.5
1286,2006,257.52881
1286,2007,273.95389
1286,2008,279.34921
1286,2009,287.8728
1286,2010,293.2648
1286,2011,295.7854
1286,2012,301.79651
1286,2013,306.62091
1286,2014,318.2139
1286,2015,330.40869
1286,2016,332.965
1286,2017,338.56259
1286,2018,341.6777
1286,2019,345.34741
1286,2020,352.61771
1286,2021,363.12579
1286,2022,347.00189
1286,2023,341.19479
1286,2024,347.29999
1287,2006,255.922
1287,2007,270.4527
1287,2008,275.20459
1287,2009,281.63879
1287,2010,285.74161
1287,2011,287.7876
1287,2012,292.81131
1287,2013,298.8876
1287,2014,308.21591
1287,2015,318.08789
1287,2016,324.69989
1287,2017,327.86569
1287,2018,331.05951
1287,2019,334.66779
1287,2020,342.91721
1287,2021,353.207
1287,2022,338.2962
1287,2023,331.52859
1287,2024,336.0
1290,2006,251.39371
1290,2007,265.09369
1290,2008,269.67841
1290,2009,275.12769
1290,2010,278.0817
1290,2011,280.85611
1290,2012,283.694
1290,2013,288.17999
1290,2014,295.83429
1290,2015,307.22449
1290,2016,312.89261
1290,2017,315.8801
1290,2018,320.44131
1290,2019,322.7464
1290,2020,327.71759
1290,2021,336.63531
1290,2022,323.34021
1290,2023,316.51529
1290,2024,319.20001
1291,2006,242.9214
1291,2007,255.233
1291,2008,259.04041
1291,2009,265.01471
1291,2010,267.27579
1291,2011,270.32571
1291,2012,276.2944
1291,2013,276.54709
1291,2014,286.43219
1291,2015,296.4935
1291,2016,299.37979
1291,2017,306.72971
1291,2018,310.01279
1291,2019,309.7074
1291,2020,318.32599
1291,2021,329.6196
1291,2022,316.19699
1291,2023,311.27081
1291,2024,313.95001
1292,2006,264.83249
1292,2007,281.6709
1292,2008,286.8096
1292,2009,295.35361
1292,2010,299.42001
1292,2011,302.8501
1292,2012,309.19611
1292,2013,313.95761
1292,2014,321.65689
1292,2015,331.4686
1292,2016,339.7869
1292,2017,342.68671
1292,2018,347.11319
1292,2019,350.31461
1292,2020,357.00461
1292,2021,369.05289
1292,2022,354.14511
1292,2023,346.23349
1292,2024,350.20001
1293,2006,248.9104
1293,2007,260.94931
1293,2008,264.7048
1293,2009,269.44781
1293,2010,271.92651
1293,2011,274.05801
1293,2012,276.69089
1293,2013,281.5704
1293,2014,288.94821
1293,2015,301.79269
1293,2016,307.2514
1293,2017,311.1116
1293,2018,314.50021
1293,2019,317.40659
1293,2020,321.16821
1293,2021,331.73639
1293,2022,317.75961
1293,2023,310.75671
1293,2024,314.5
1315,2006,265.63589
1315,2007,277.0264
1315,2008,276.58609
1315,2009,279.28369
1315,2010,287.51981
1315,2011,287.25439
1315,2012,294.85941
1315,2013,296.2438
1315,2014,300.138
1315,2015,305.5022
1315,2016,310.79349
1315,2017,314.59131
1315,2018,320.31491
1315,2019,319.26941
1315,2020,317.21381
1315,2021,327.5632
1315,2022,317.3689
1315,2023,315.89828
1315,2024,312.70001
1380,2006,254.89951
1380,2007,271.09579
1380,2008,275.7572
1380,2009,282.60849
1380,2010,285.05771
1380,2011,288.1875
1380,2012,294.00049
1380,2013,298.35889
1380,2014,307.62
1380,2015,316.76309
1380,2016,322.73199
1380,2017,324.90149
1380,2018,328.405
1380,2019,331.1907
1380,2020,333.03131
1380,2021,342.07861
1380,2022,327.91629
1380,2023,319.49741
1380,2024,321.89999
1381,2006,254.6073
1381,2007,267.8089
1381,2008,272.30331
1381,2009,275.12769
1381,2010,279.5864
1381,2011,285.52151
1381,2012,290.43289
1381,2013,295.18619
1381,2014,302.72031
1381,2015,312.65619
1381,2016,315.51639
1381,2017,320.51971
1381,2018,325.8768
1381,2019,328.70709
1381,2020,334.6377
1381,2021,344.73969
1381,2022,330.48331
1381,2023,325.41019
1381,2024,325.79999
1382,2006,256.3602
1382,2007,271.66739
1382,2008,273.54669
1382,2009,282.05441
1382,2010,287.7934
1382,2011,290.72009
1382,2012,296.2468
1382,2013,300.14349
1382,2014,310.13599
1382,2015,319.6777
1382,2016,322.99438
1382,2017,328.63901
1382,2018,332.45001
1382,2019,335.4129
1382,2020,337.47989
1382,2021,345.34451
1382,2022,331.71109
1382,2023,324.74179
1382,2024,328.29999
1383,2006,261.32669
1383,2007,277.3837
1383,2008,283.8392
1383,2009,292.30591
1383,2010,296.4108
1383,2011,301.25049
1383,2012,307.6105
1383,2013,312.63571
1383,2014,325.76199
1383,2015,337.69519
1383,2016,342.54199
1383,2017,345.9086
1383,2018,352.92789
1383,2019,356.52371
1383,2020,360.71179
1383,2021,369.89969
1383,2022,355.2612
1383,2023,347.51889
1383,2024,352.39999
1384,2006,296.2384
1384,2007,316.54041
1384,2008,323.14429
1384,2009,329.84851
1384,2010,333.88959
1384,2011,339.37341
1384,2012,347.91171
1384,2013,353.35101
1384,2014,367.34299
1384,2015,379.95679
1384,2016,386.49121
1384,2017,389.98489
1384,2018,393.75729
1384,2019,398.74521
1384,2020,401.98541
1384,2021,413.0224
1384,2022,397.897
1384,2023,394.66721
1384,2024,401.60001
1401,2006,287.18179
1401,2007,307.5372
1401,2008,314.3024
1401,2009,322.09061
1401,2010,328.2814
1401,2011,334.70801
1401,2012,343.55121
1401,2013,349.8479
1401,2014,362.9068
1401,2015,377.57211
1401,2016,382.42429
1401,2017,387.40741
1401,2018,393.50449
1401,2019,397.37921
1401,2020,402.7269
1401,2021,411.63129
1401,2022,395.888
1401,2023,394.97571
1401,2024,402.20001
1402,2006,279.73209
1402,2007,296.9621
1402,2008,303.80261
1402,2009,310.7308
1402,2010,314.19269
1402,2011,320.71191
1402,2012,328.6199
1402,2013,334.9101
1402,2014,348.53891
1402,2015,360.0845
1402,2016,364.91019
1402,2017,370.00879
1402,2018,373.02661
1402,2019,377.01349
1402,2020,381.8429
1402,2021,393.12421
1402,2022,378.14169
1402,2023,371.3244
1402,2024,380.20001
1407,2006,283.9682
1407,2007,304.82199
1407,2008,310.84851
1407,2009,317.6575
1407,2010,322.81009
1407,2011,326.5769
1407,2012,335.491
1407,2013,341.3215
1407,2014,353.57101
1407,2015,367.23849
1407,2016,369.89551
1407,2017,373.2308
1407,2018,376.43961
1407,2019,382.47751
1407,2020,388.6395
1407,2021,396.87399
1407,2022,382.0481
1407,2023,383.35571
1407,2024,390.0
1415,2006,281.48499
1415,2007,299.67731
1415,2008,307.2565
1415,2009,314.47119
1415,2010,319.66409
1415,2011,324.31091
1415,2012,330.07339
1415,2013,339.8674
1415,2014,351.18729
1415,2015,363.52911
1415,2016,370.22339
1415,2017,372.1998
1415,2018,377.70361
1415,2019,382.60172
1415,2020,386.90939
1415,2021,397.59979
1415,2022,382.4946
1415,2023,379.5509
1415,2024,384.70001
1419,2006,277.3949
1419,2007,295.81879
1419,2008,300.07239
1419,2009,308.02939
1419,2010,314.60309
1419,2011,316.04651
1419,2012,320.1633
1419,2013,328.1683
1419,2014,339.9313
1419,2015,352.4006
1419,2016,357.56339
1419,2017,363.11389
1419,2018,363.41971
1419,2019,367.4516
1419,2020,375.41711
1419,2021,387.92291
1419,2022,373.2308
1419,2023,369.26779
1419,2024,375.0
1421,2006,265.1246
1421,2007,284.95779
1421,2008,285.70432
1421,2009,290.08929
1421,2010,296.54761
1421,2011,298.7179
1421,2012,304.57141
1421,2013,307.6124
1421,2014,318.34631
1421,2015,326.9642
1421,2016,331.78421
1421,2017,332.63419
1421,2018,340.1608
1421,2019,342.8017
1421,2020,347.7366
1421,2021,357.56161
1421,2022,344.76971
1421,2023,341.5033
1421,2024,347.0
1427,2006,256.7984
1427,2007,275.52591
1427,2008,279.07291
1427,2009,288.8425
1427,2010,293.67511
1427,2011,296.4519
1427,2012,299.94659
1427,2013,306.29041
1427,2014,317.35309
1427,2015,325.10941
1427,2016,327.97971
1427,2017,331.60321
1427,2018,336.6214
1427,2019,341.12521
1427,2020,349.83731
1427,2021,354.77951
1427,2022,348.22971
1427,2023,340.57779
1427,2024,346.10001
1430,2006,244.6743
1430,2007,257.80539
1430,2008,263.4614
1430,2009,265.84589
1430,2010,272.6788
1430,2011,274.85779
1430,2012,280.9852
1430,2013,281.83481
1430,2014,292.52371
1430,2015,305.8996
1430,2016,307.31689
1430,2017,315.04239
1430,2018,317.7868
1430,2019,321.13211
1430,2020,328.08829
1430,2021,337.724
1430,2022,327.13501
1430,2023,322.17099
1430,2024,323.60001
1435,2006,245.5507
1435,2007,260.8064
1435,2008,266.22449
1435,2009,266.5386
1435,2010,275.07251
1435,2011,275.72421
1435,2012,283.82611
1435,2013,285.13959
1435,2014,298.4827
1435,2015,311.19891
1435,2016,315.77881
1435,2017,314.91351
1435,2018,318.16599
1435,2019,327.4653
1435,2020,337.54169
1435,2021,346.55411
1435,2022,334.11069
1435,2023,328.7522
1435,2024,332.85001
1438,2006,227.1454
1438,2007,242.37131
1438,2008,243.77431
1438,2009,243.265
1438,2010,243.95419
1438,2011,245.5325
1438,2012,251.1888
1438,2013,253.2812
1438,2014,265.64169
1438,2015,273.44171
1438,2016,277.92999
1438,2017,287.20471
1438,2018,291.3678
1438,2019,294.80569
1438,2020,313.75381
1438,2021,323.63199
1438,2022,313.2951
1438,2023,311.4765
1438,2024,313.25
1439,2006,248.4722
1439,2007,261.521
1439,2008,266.91531
1439,2009,269.72491
1439,2010,273.8414
1439,2011,274.45789
1439,2012,274.31241
1439,2013,281.1738
1439,2014,289.41171
1439,2015,303.0513
1439,2016,306.72659
1439,2017,314.97791
1439,2018,318.5452
1439,2019,320.38699
1439,2020,326.729
1439,2021,333.12741
1439,2022,321.2753
1439,2023,314.15009
1439,2024,315.60001
1440,2006,271.11371
1440,2007,288.9592
1440,2008,293.8555
1440,2009,301.4491
1440,2010,306.25919
1440,2011,310.1814
1440,2012,315.8028
1440,2013,322.02139
1440,2014,332.64801
1440,2015,344.1868
1440,2016,351.7254
1440,2017,355.44559
1440,2018,358.93219
1440,2019,364.47119
1440,2020,367.2612
1440,2021,376.31061
1440,2022,362.40439
1440,2023,356.8252
1440,2024,363.0
1441,2006,289.95731
1441,2007,308.96631
1441,2008,317.06549
1441,2009,323.19879
1441,2010,328.96539
1441,2011,334.30811
1441,2012,342.22989
1441,2013,349.7818
1441,2014,362.04611
1441,2015,373.7301
1441,2016,378.88211
1441,2017,381.8656
1441,2018,387.43701
1441,2019,391.04599
1441,2020,395.9303
1441,2021,407.76059
1441,2022,392.42801
1441,2023,391.42801
1441,2024,397.79999
1442,2006,257.52881
1442,2007,273.23941
1442,2008,274.37561
1442,2009,283.2319
1442,2010,286.83591
1442,2011,289.05389
1442,2012,295.71829
1442,2013,299.61469
1442,2014,311.98999
1442,2015,322.59229
1442,2016,327.7829
1442,2017,329.54111
1442,2018,335.2309
1442,2019,340.25589
1442,2020,343.6586
1442,2021,352.36029
1442,2022,339.9704
1442,2023,336.05319
1442,2024,337.85001
1443,2006,277.24881
1443,2007,292.10321
1443,2008,299.65799
1443,2009,308.23721
1443,2010,313.2352
1443,2011,315.2467
1443,2012,320.6918
1443,2013,323.6738
1443,2014,336.7532
1443,2015,348.95609
1443,2016,353.95569
1443,2017,357.37881
1443,2018,364.43091
1443,2019,366.4581
1443,2020,372.94559
1443,2021,380.1814
1443,2022,367.70599
1443,2023,364.84601
1443,2024,367.89999
1444,2006,256.2872
1444,2007,270.23831
1444,2008,272.99411
1444,2009,275.95889
1444,2010,282.39041
1444,2011,283.25549
1444,2012,289.1116
1444,2013,288.4444
1444,2014,304.177
1444,2015,316.63062
1444,2016,323.78149
1444,2017,329.54111
1444,2018,333.46121
1444,2019,336.7789
1444,2020,339.82779
1444,2021,347.8847
1444,2022,336.84521
1444,2023,328.34091
1444,2024,330.39999
1445,2006,252.8544
1445,2007,268.66629
1445,2008,272.92499
1445,2009,273.7424
1445,2010,275.75641
1445,2011,281.12271
1445,2012,286.07239
1445,2013,290.0307
1445,2014,299.1449
1445,2015,313.25241
1445,2016,316.89401
1445,2017,320.2619
1445,2018,322.08459
1445,2019,323.61569
1445,2020,330.06549
1445,2021,339.41739
1445,2022,324.4563
1445,2023,316.36099
1445,2024,323.95001
1446,2006,253.87691
1446,2007,272.23901
1446,2008,275.61899
1446,2009,285.5177
1446,2010,293.12799
1446,2011,293.38599
1446,2012,298.5592
1446,2013,303.1178
1446,2014,310.0036
1446,2015,316.10071
1446,2016,319.45221
1446,2017,330.5722
1446,2018,333.0188
1446,2019,336.03381
1446,2020,341.4343
1446,2021,354.77951
1446,2022,337.9613
1446,2023,335.0249
1446,2024,342.79999
1447,2006,235.0334
1447,2007,247.65891
1447,2008,250.7511
1447,2009,257.67249
1447,2010,262.00961
1447,2011,262.19461
1447,2012,267.44141
1447,2013,272.31689
1447,2014,276.5004
1447,2015,289.47189
1447,2016,290.85239
1447,2017,293.97079
1447,2018,301.35391
1447,2019,303.06369
1447,2020,309.05801
1447,2021,316.73721
1447,2022,307.1564
1447,2023,300.3707
1447,2024,304.35001
1452,2006,269.9451
1452,2007,285.52939
1452,2008,285.8425
1452,2009,290.08929
1452,2010,297.91541
1452,2011,299.1178
1452,2012,306.68549
1452,2013,308.00891
1452,2014,318.4787
1452,2015,326.16931
1452,2016,332.30899
1452,2017,332.05429
1452,2018,337.25339
1452,2019,338.6416
1452,2020,341.4343
1452,2021,354.17471
1452,2022,339.41229
1452,2023,330.39749
1452,2024,331.5
1460,2006,236.34801
1460,2007,247.65891
1460,2008,249.0242
1460,2009,254.2784
1460,2010,255.51241
1460,2011,261.52811
1460,2012,266.12
1460,2013,270.995
1460,2014,278.22189
1460,2015,284.70261
1460,2016,284.62079
1460,2017,291.90869
1460,2018,295.0336
1460,2019,301.7598
1460,2020,314.00089
1460,2021,325.38589
1460,2022,313.96481
1460,2023,305.40948
1460,2024,310.60001
1461,2006,235.0334
1461,2007,246.6586
1461,2008,251.78729
1461,2009,254.90179
1461,2010,252.0928
1461,2011,253.79691
1461,2012,261.75961
1461,2013,262.13809
1461,2014,271.20349
1461,2015,275.7601
1461,2016,281.27539
1461,2017,287.59131
1461,2018,297.4353
1461,2019,302.13239
1461,2020,314.6188
1461,2021,321.03131
1461,2022,305.92871
1461,2023,300.73059
1461,2024,304.29999
1462,2006,257.38269
1462,2007,272.23901
1462,2008,276.517
1462,2009,281.98511
1462,2010,285.39969
1462,2011,290.18689
1462,2012,295.05759
1462,2013,299.01981
1462,2014,307.22269
1462,2015,318.9491
1462,2016,326.14301
1462,2017,331.3454
1462,2018,338.39111
1462,2019,341.24939
1462,2020,345.14151
1462,2021,353.328
1462,2022,341.9794
1462,2023,337.90421
1462,2024,339.79999
1463,2006,253.43871
1463,2007,269.23801
1463,2008,273.68491
1463,2009,280.392
1463,2010,284.37381
1463,2011,288.4541
1463,2012,293.07559
1463,2013,300.20959
1463,2014,309.0766
1463,2015,319.41269
1463,2016,325.61819
1463,2017,328.25229
1463,2018,332.1972
1463,2019,336.03381
1463,2020,338.9628
1463,2021,349.6991
1463,2022,335.05939
1463,2023,328.34091
1463,2024,331.20001
1465,2006,255.4837
1465,2007,265.5224
1465,2008,265.81
1465,2009,275.12769
1465,2010,276.7139
1465,2011,280.1897
1465,2012,287.3938
1465,2013,286.85809
1465,2014,297.82059
1465,2015,306.29709
1465,2016,312.89261
1465,2017,316.33109
1465,2018,318.29239
1465,2019,321.62881
1465,2020,325.49329
1465,2021,335.6676
1465,2022,320.99631
1465,2023,311.57932
1465,2024,314.10001
1466,2006,251.83189
1466,2007,267.38019
1466,2008,269.95471
1466,2009,274.57361
1466,2010,282.59561
1466,2011,283.25549
1466,2012,289.64011
1466,2013,292.01361
1466,2014,303.38239
1466,2015,316.36569
1466,2016,319.97699
1466,2017,325.99701
1466,2018,327.52011
1466,2019,328.33459
1466,2020,333.40201
1466,2021,341.47379
1466,2022,325.68399
1466,2023,323.0965
1466,2024,323.0
1470,2006,253.7309
1470,2007,270.3812
1470,2008,273.1322
1470,2009,277.62131
1470,2010,282.04849
1470,2011,286.45459
1470,2012,292.6792
1470,2013,293.0712
1470,2014,301.26361
1470,2015,313.98099
1470,2016,316.63159
1470,2017,319.7464
1470,2018,323.72791
1470,2019,328.4588
1470,2020,328.58261
1470,2021,336.93771
1470,2022,323.89819
1470,2023,315.17841
1470,2024,316.10001
1471,2006,259.866
1471,2007,277.59811
1471,2008,280.7308
1471,2009,284.68649
1471,2010,289.298
1471,2011,290.85339
1471,2012,294.52911
1471,2013,298.49109
1471,2014,307.75241
1471,2015,318.2204
1471,2016,322.20721
1471,2017,330.18549
1471,2018,333.71411
1471,2019,335.2887
1471,2020,339.58069
1471,2021,350.30389
1471,2022,335.50589
1471,2023,328.7522
1471,2024,331.95001
1472,2006,248.3261
1472,2007,262.95001
1472,2008,268.504
1472,2009,275.61261
1472,2010,278.4921
1472,2011,280.85611
1472,2012,287.79019
1472,2013,290.2951
1472,2014,294.51001
1472,2015,306.56201
1472,2016,312.63019
1472,2017,319.48859
1472,2018,323.15909
1472,2019,324.6712
1472,2020,327.59399
1472,2021,338.20779
1472,2022,324.23309
1472,2023,318.67471
1472,2024,323.70001
1473,2006,234.8873
1473,2007,247.65891
1473,2008,253.51421
1473,2009,256.7027
1473,2010,263.71939
1473,2011,265.12711
1473,2012,270.21619
1473,2013,274.0354
1473,2014,284.31339
1473,2015,291.32669
1473,2016,296.49359
1473,2017,301.96121
1473,2018,305.7149
1473,2019,309.14859
1473,2020,310.4791
1473,2021,321.99899
1473,2022,310.9512
1473,2023,304.68961
1473,2024,309.39999
1480,2006,247.0114
1480,2007,262.37839
1480,2008,267.88239
1480,2009,270.27899
1480,2010,270.96899
1480,2011,274.72449
1480,2012,282.50479
1480,2013,287.65131
1480,2014,298.08551
1480,2015,309.87411
1480,2016,317.8779
1480,2017,322.45279
1480,2018,327.2673
1480,2019,331.1907
1480,2020,334.267
1480,2021,343.16721
1480,2022,330.59491
1480,2023,322.17099
1480,2024,326.89999
1481,2006,277.02969
1481,2007,296.9621
1481,2008,304.07889
1481,2009,310.31519
1481,2010,314.73981
1481,2011,318.5791
1481,2012,326.10941
1481,2013,332.99329
1481,2014,345.758
1481,2015,358.3623
1481,2016,362.74551
1481,2017,366.01361
1481,2018,370.24561
1481,2019,376.64099
1481,2020,380.48361
1481,2021,390.4631
1481,2022,376.13269
1481,2023,369.57629
1481,2024,378.5
1482,2006,278.56351
1482,2007,298.2482
1482,2008,303.04279
1482,2009,310.03821
1482,2010,316.17609
1482,2011,320.31201
1482,2012,325.18439
1482,2013,334.31531
1482,2014,347.61191
1482,2015,359.02469
1482,2016,366.0253
1482,2017,370.7821
1482,2018,373.785
1482,2019,375.64749
1482,2020,380.23639
1482,2021,391.30981
1482,2022,375.46301
1482,2023,370.29611
1482,2024,379.20001
1484,2006,252.5623
1484,2007,266.30841
1484,2008,271.05991
1484,2009,277.0672
1484,2010,281.22781
1484,2011,284.7218
1484,2012,291.0936
1484,2013,298.35889
1484,2014,308.0835
1484,2015,316.10071
1484,2016,320.89529
1484,2017,324.77261
1484,2018,328.405
1484,2019,332.1221
1484,2020,339.70432
1484,2021,350.90881
1484,2022,336.3988
1484,2023,332.35129
1484,2024,338.70001
1485,2006,252.8544
1485,2007,267.66599
1485,2008,272.7178
1485,2009,278.72961
1485,2010,282.8692
1485,2011,284.4552
1485,2012,290.43289
1485,2013,292.14581
1485,2014,303.38239
1485,2015,313.98099
1485,2016,321.4201
1485,2017,325.5459
1485,2018,329.16339
1485,2019,331.93579
1485,2020,337.72711
1485,2021,345.94931
1485,2022,334.72461
1485,2023,325.87289
1485,2024,329.20001
1486,2006,240.29201
1486,2007,255.8047
1486,2008,258.62601
1486,2009,268.89371
1486,2010,271.1058
1486,2011,270.32571
1486,2012,275.89801
1486,2013,278.26559
1486,2014,283.12161
1486,2015,291.06171
1486,2016,293.21381
1486,2017,298.80371
1486,2018,302.74438
1486,2019,305.23691
1486,2020,335.07019
1486,2021,341.8367
1486,2022,337.29169
1486,2023,327.51819
1486,2024,330.70001
1487,2006,255.33771
1487,2007,270.95291
1487,2008,276.03351
1487,2009,280.66901
1487,2010,284.6474
1487,2011,284.0553
1487,2012,289.77219
1487,2013,290.42731
1487,2014,300.6015
1487,2015,309.6091
1487,2016,315.38519
1487,2017,320.90631
1487,2018,327.0145
1487,2019,327.71371
1487,2020,333.77271
1487,2021,339.53839
1487,2022,328.2511
1487,2023,320.73129
1487,2024,324.89999
1488,2006,260.01199
1488,2007,273.66809
1488,2008,276.30981
1488,2009,279.56079
1488,2010,278.9024
1488,2011,279.65649
1488,2012,286.3367
1488,2013,284.08209
1488,2014,296.09909
1488,2015,308.01929
1488,2016,316.30359
1488,2017,320.6485
1488,2018,326.63531
1488,2019,329.07971
1488,2020,330.55981
1488,2021,338.81259
1488,2022,326.68851
1488,2023,319.086
1488,2024,322.89999
1489,2006,260.59631
1489,2007,275.52591
1489,2008,281.97409
1489,2009,288.8425
1489,2010,292.44409
1489,2011,295.3855
1489,2012,303.11789
1489,2013,309.1987
1489,2014,319.6705
1489,2015,330.3425
1489,2016,335.2608
1489,2017,341.26901
1489,2018,345.84909
1489,2019,348.57611
1489,2020,352.18521
1489,2021,362.642
1489,2022,349.4574
1489,2023,344.48541
1489,2024,347.39999
1490,2006,250.5172
1490,2007,266.23691
1490,2008,270.36911
1490,2009,277.34421
1490,2010,281.36459
1490,2011,285.25491
1490,2012,290.30081
1490,2013,294.26089
1490,2014,304.30939
1490,2015,313.98099
1490,2016,319.51779
1490,2017,323.74161
1490,2018,327.52011
1490,2019,329.70059
1490,2020,332.41339
1490,2021,341.5947
1490,2022,327.02341
1490,2023,316.41241
1490,2024,320.20001
1491,2006,257.82089
1491,2007,273.52521
1491,2008,276.93149
1491,2009,283.9938
1491,2010,289.57159
1491,2011,294.05249
1491,2012,297.30389
1491,2013,303.77881
1491,2014,314.77081
1491,2015,324.5795
1491,2016,329.1604
1491,2017,332.892
1491,2018,336.24219
1491,2019,338.26901
1491,2020,340.69281
1491,2021,351.99741
1491,2022,335.05939
1491,2023,326.90121
1491,2024,329.39999
1492,2006,245.4046
1492,2007,255.3759
1492,2008,259.04041
1492,2009,262.3826
1492,2010,264.5401
1492,2011,266.19351
1492,2012,272.99109
1492,2013,274.0354
1492,2014,280.87039
1492,2015,286.9548
1492,2016,288.1629
1492,2017,296.2262
1492,2018,300.53229
1492,2019,303.37421
1492,2020,315.60739
1492,2021,322.60379
1492,2022,314.5228
1492,2023,305.5123
1492,2024,307.29999
1493,2006,250.8094
1493,2007,266.52271
1493,2008,268.29681
1493,2009,274.57361
1493,2010,279.85989
1493,2011,281.9892
1493,2012,286.20459
1493,2013,291.4848
1493,2014,301.5285
1493,2015,312.12631
1493,2016,318.86179
1493,2017,327.73679
1493,2018,330.30109
1493,2019,332.92929
1493,2020,339.20999
1493,2021,348.24759
1493,2022,332.4924
1493,2023,325.3588
1493,2024,332.5
1494,2006,259.866
1494,2007,277.0979
1494,2008,281.69781
1494,2009,288.01129
1494,2010,291.34979
1494,2011,292.85291
1494,2012,298.4931
1494,2013,302.72119
1494,2014,313.18179
1494,2015,324.97699
1494,2016,330.34109
1494,2017,334.43851
1494,2018,340.54001
1494,2019,342.11871
1494,2020,345.8829
1494,2021,356.83591
1494,2022,341.25391
1494,2023,332.2485
1494,2024,339.10001
1495,2006,255.1916
1495,2007,270.66711
1495,2008,273.823
1495,2009,280.53049
1495,2010,284.78421
1495,2011,285.92139
1495,2012,290.0365
1495,2013,289.23761
1495,2014,301.92581
1495,2015,313.716
1495,2016,315.64761
1495,2017,323.2261
1495,2018,328.91061
1495,2019,331.56329
1495,2020,333.34021
1495,2021,343.53009
1495,2022,331.99011
1495,2023,322.89081
1495,2024,324.25
1496,2006,258.5513
1496,2007,275.52591
1496,2008,281.28339
1496,2009,286.07181
1496,2010,288.47729
1496,2011,295.1189
1496,2012,302.06079
1496,2013,304.5719
1496,2014,316.09509
1496,2015,326.30179
1496,2016,331.91541
1496,2017,336.88721
1496,2018,342.24649
1496,2019,345.34741
1496,2020,346.0065
1496,2021,356.35199
1496,2022,342.20261
1496,2023,336.4646
1496,2024,342.79999
1497,2006,250.006
1497,2007,266.45129
1497,2008,272.64871
1497,2009,274.85059
1497,2010,280.47549
1497,2011,284.3219
1497,2012,290.43289
1497,2013,293.2034
1497,2014,304.04449
1497,2015,314.77591
1497,2016,322.6008
1497,2017,325.5459
1497,2018,330.93311
1497,2019,332.06
1497,2020,336.4913
1497,2021,346.85651
1497,2022,334.61301
1497,2023,326.1814
1497,2024,331.5
1498,2006,255.7029
1498,2007,273.66809
1498,2008,278.1058
1498,2009,280.80759
1498,2010,280.61221
1498,2011,285.92139
1498,2012,289.77219
1498,2013,293.99649
1498,2014,303.38239
1498,2015,313.3848
1498,2016,316.43481
1498,2017,323.87051
1498,2018,329.66901
1498,2019,333.4881
1498,2020,336.12061
1498,2021,345.58649
1498,2022,330.42749
1498,2023,322.89081
1498,2024,325.39999
1499,2006,253.2926
1499,2007,269.8096
1499,2008,274.0993
1499,2009,278.45251
1499,2010,282.59561
1499,2011,284.5885
1499,2012,289.64011
1499,2013,293.2034
1499,2014,302.19061
1499,2015,311.19891
1499,2016,317.61551
1499,2017,321.03519
1499,2018,324.8656
1499,2019,328.08621
1499,2020,329.94189
1499,2021,339.29651
1499,2022,326.13049
1499,2023,317.9549
1499,2024,321.39999
1715,2006,253.14661
1715,2007,267.1658
1715,2008,271.88879
1715,2009,276.7901
1715,2010,280.6806
1715,2011,284.0553
1715,2012,287.3938
1715,2013,292.939
1715,2014,304.4418
1715,2015,319.6777
1715,2016,323.388
1715,2017,328.3812
1715,2018,333.77731
1715,2019,333.67441
1715,2020,346.3772
1715,2021,353.44891
1715,2022,339.6355
1715,2023,336.4646
1715,2024,336.79999
1730,2006,232.258
1730,2007,244.87219
1730,2008,247.021
1730,2009,246.0356
1730,2010,241.97079
1730,2011,248.8649
1730,2012,254.22791
1730,2013,256.18939
1730,2014,263.25809
1730,2015,274.17029
1730,2016,278.45471
1730,2017,279.27869
1730,2018,285.6795
1730,2019,286.11301
1730,2020,313.63019
1730,2021,321.15231
1730,2022,319.99179
1730,2023,312.9162
1730,2024,316.25
1737,2006,235.3255
1737,2007,246.6586
1737,2008,250.1985
1737,2009,255.80231
1737,2010,262.35159
1737,2011,264.59399
1737,2012,268.8949
1737,2013,272.97791
1737,2014,278.22189
1737,2015,289.73691
1737,2016,292.68909
1737,2017,297.4505
1737,2018,305.77811
1737,2019,311.1976
1737,2020,324.3811
1737,2021,331.43399
1737,2022,321.21951
1737,2023,315.3327
1737,2024,319.75
1760,2006,250.5172
1760,2007,262.5928
1760,2008,268.435
1760,2009,268.89371
1760,2010,272.13159
1760,2011,276.85721
1760,2012,282.24051
1760,2013,283.81769
1760,2014,289.61041
1760,2015,301.13031
1760,2016,303.97159
1760,2017,303.25
1760,2018,313.10971
1760,2019,319.64191
1760,2020,327.47049
1760,2021,333.0065
1760,2022,322.33569
1760,2023,319.03461
1760,2024,315.79999
1761,2006,274.61951
1761,2007,292.81769
1761,2008,298.2764
1761,2009,306.2977
1761,2010,313.78241
1761,2011,316.04651
1761,2012,319.43661
1761,2013,326.5159
1761,2014,342.44739
1761,2015,356.37509
1761,2016,362.61429
1761,2017,367.36679
1761,2018,374.03781
1761,2019,376.7652
1761,2020,381.22501
1761,2021,389.97931
1761,2022,377.3046
1761,2023,374.82071
1761,2024,380.60001
1762,2006,240.29201
1762,2007,251.9462
1762,2008,259.17859
1762,2009,260.16611
1762,2010,263.71939
1762,2011,270.92551
1762,2012,274.97311
1762,2013,275.3573
1762,2014,286.03491
1762,2015,297.48709
1762,2016,298.8551
1762,2017,305.63431
1762,2018,307.86389
1762,2019,309.8316
1762,2020,317.95529
1762,2021,322.48279
1762,2022,308.8306
1762,2023,302.47879
1762,2024,307.54999
1763,2006,249.93291
1763,2007,263.8075
1763,2008,268.57309
1763,2009,274.08871
1763,2010,276.44031
1763,2011,280.4563
1763,2012,284.35471
1763,2013,288.31219
1763,2014,295.5032
1763,2015,312.12631
1763,2016,318.53391
1763,2017,322.5817
1763,2018,326.12961
1763,2019,329.70059
1763,2020,334.2052
1763,2021,342.4415
1763,2022,333.72009
1763,2023,325.77011
1763,2024,326.60001
1764,2006,250.5172
1764,2007,265.8082
1764,2008,266.7771
1764,2009,271.94141
1764,2010,273.97821
1764,2011,275.39099
1764,2012,279.9942
1764,2013,282.4957
1764,2014,286.69699
1764,2015,301.39529
1764,2016,307.6449
1764,2017,314.2691
1764,2018,320.31491
1764,2019,321.93921
1764,2020,328.8916
1764,2021,337.1192
1764,2022,321.88919
1764,2023,318.16061
1764,2024,320.10001
1765,2006,227.5105
1765,2007,239.799
1765,2008,237.9718
1765,2009,240.21719
1765,2010,237.86729
1765,2011,241.6669
1765,2012,253.3029
1765,2013,252.2236
1765,2014,261.20551
1765,2015,267.81119
1765,2016,274.4534
1765,2017,277.21661
1765,2018,283.0249
1765,2019,288.16199
1765,2020,328.70621
1765,2021,333.36938
1765,2022,325.07019
1765,2023,318.67471
1765,2024,323.5
1766,2006,243.50571
1766,2007,256.73361
1766,2008,259.04041
1766,2009,264.1835
1766,2010,268.23331
1766,2011,273.25821
1766,2012,275.50159
1766,2013,278.13339
1766,2014,286.03491
1766,2015,297.15591
1766,2016,301.7413
1766,2017,307.50299
1766,2018,316.01709
1766,2019,316.66159
1766,2020,328.33551
1766,2021,337.603
1766,2022,322.7821
1766,2023,316.72089
1766,2024,319.0
1780,2006,249.49471
1780,2007,263.8075
1780,2008,268.7113
1780,2009,275.5433
1780,2010,278.35529
1780,2011,281.12271
1780,2012,285.54391
1780,2013,290.1629
1780,2014,301.26361
1780,2015,311.72879
1780,2016,316.43481
1780,2017,320.39081
1780,2018,323.6015
1780,2019,325.72681
1780,2020,330.93051
1780,2021,340.5061
1780,2022,325.68399
1780,2023,318.1091
1780,2024,321.60001
1781,2006,247.3036
1781,2007,259.23441
1781,2008,263.32321
1781,2009,268.61661
1781,2010,271.31091
1781,2011,271.25879
1781,2012,274.57669
1781,2013,276.28271
1781,2014,285.24039
1781,2015,296.22849
1781,2016,299.51099
1781,2017,306.0853
1781,2018,312.22491
1781,2019,316.41321
1781,2020,320.79749
1781,2021,328.53091
1781,2022,315.97379
1781,2023,310.8595
1781,2024,312.89999
1782,2006,237.80881
1782,2007,250.23129
1782,2008,255.1721
1782,2009,259.3349
1782,2010,262.4884
1782,2011,265.06049
1782,2012,269.22519
1782,2013,272.5813
1782,2014,279.28131
1782,2015,284.04019
1782,2016,282.91531
1782,2017,292.1665
1782,2018,295.41281
1782,2019,300.26971
1782,2020,307.8222
1782,2021,313.22931
1782,2022,299.23199
1782,2023,292.24701
1782,2024,296.10001
1783,2006,245.98891
1783,2007,258.5199
1783,2008,263.53049
1783,2009,264.59909
1783,2010,270.83221
1783,2011,272.5918
1783,2012,276.823
1783,2013,281.4382
1783,2014,291.00079
1783,2015,304.24359
1783,2016,303.97159
1783,2017,313.30249
1783,2018,316.08029
1783,2019,316.16479
1783,2020,318.01709
1783,2021,322.72479
1783,2022,310.61639
1783,2023,305.92361
1783,2024,305.70001
1784,2006,249.0565
1784,2007,263.8075
1784,2008,269.8165
1784,2009,269.8634
1784,2010,274.2518
1784,2011,277.92361
1784,2012,283.694
1784,2013,286.06491
1784,2014,297.2247
1784,2015,306.827
1784,2016,310.66229
1784,2017,314.01129
1784,2018,318.48199
1784,2019,321.0079
1784,2020,332.228
1784,2021,336.8168
1784,2022,328.4743
1784,2023,323.7135
1784,2024,325.29999
1785,2006,242.19099
1785,2007,256.37631
1785,2008,256.4155
1785,2009,264.04501
1785,2010,265.6344
1785,2011,267.79309
1785,2012,271.93399
1785,2013,274.43201
1785,2014,277.82471
1785,2015,284.90131
1785,2016,288.03171
1785,2017,293.71301
1785,2018,300.34259
1785,2019,303.12579
1785,2020,312.6416
1785,2021,322.24091
1785,2022,311.73251
1785,2023,303.71271
1785,2024,305.89999
1814,2006,253.43871
1814,2007,272.5249
1814,2008,277.00061
1814,2009,283.1626
1814,2010,287.51981
1814,2011,289.25381
1814,2012,297.70029
1814,2013,303.77881
1814,2014,314.50601
1814,2015,325.77191
1814,2016,331.4563
1814,2017,335.08289
1814,2018,338.8335
1814,2019,344.7265
1814,2020,349.83731
1814,2021,357.9245
1814,2022,344.88129
1814,2023,341.76041
1814,2024,344.10001
1860,2006,250.7363
1860,2007,267.38019
1860,2008,269.54019
1860,2009,276.92859
1860,2010,282.73239
1860,2011,287.18771
1860,2012,291.48999
1860,2013,291.15439
1860,2014,291.59671
1860,2015,302.8526
1860,2016,311.71191
1860,2017,313.49579
1860,2018,319.49329
1860,2019,321.0079
1860,2020,327.59399
1860,2021,332.03879
1860,2022,318.8757
1860,2023,314.0473
1860,2024,309.70001
1861,2006,255.0455
1861,2007,270.02399
1861,2008,274.23749
1861,2009,280.53049
1861,2010,282.04849
1861,2011,286.45459
1861,2012,291.48999
1861,2013,294.3931
1861,2014,304.7067
1861,2015,311.6626
1861,2016,316.8284
1861,2017,319.9397
1861,2018,323.4751
1861,2019,326.0993
1861,2020,330.31271
1861,2021,340.9899
1861,2022,328.1395
1861,2023,320.93701
1861,2024,323.0
1862,2006,254.9725
1862,2007,268.59491
1862,2008,275.4809
1862,2009,280.53049
1862,2010,279.85989
1862,2011,281.18939
1862,2012,287.12949
1862,2013,287.65131
1862,2014,296.4964
1862,2015,304.50861
1862,2016,310.8591
1862,2017,312.0137
1862,2018,317.7236
1862,2019,319.26941
1862,2020,327.34689
1862,2021,331.8573
1862,2022,319.43369
1862,2023,313.22461
1862,2024,314.45001
1863,2006,244.6743
1863,2007,258.30551
1863,2008,263.94489
1863,2009,260.99731
1863,2010,265.56601
1863,2011,268.7261
1863,2012,272.0661
1863,2013,276.08441
1863,2014,284.84311
1863,2015,285.8949
1863,2016,292.82019
1863,2017,299.31921
1863,2018,302.87079
1863,2019,301.26309
1863,2020,304.23859
1863,2021,310.87061
1863,2022,302.58029
1863,2023,290.1904
1863,2024,295.0
1864,2006,233.2805
1864,2007,243.5146
1864,2008,246.60651
1864,2009,252.20039
1864,2010,257.9061
1864,2011,262.86111
1864,2012,264.2702
1864,2013,264.2532
1864,2014,273.38849
1864,2015,274.17029
1864,2016,280.48819
1864,2017,286.81812
1864,2018,292.4422
1864,2019,291.2045
1864,2020,297.44199
1864,2021,307.5441
1864,2022,300.34811
1864,2023,292.9668
1864,2024,298.5
1880,2006,246.8654
1880,2007,261.80679
1880,2008,267.19159
1880,2009,273.60379
1880,2010,276.16681
1880,2011,279.9231
1880,2012,286.07239
1880,2013,291.88141
1880,2014,301.26361
1880,2015,311.59631
1880,2016,314.72931
1880,2017,317.55551
1880,2018,319.68289
1880,2019,321.75299
1880,2020,326.35831
1880,2021,335.06281
1880,2022,321.55441
1880,2023,311.57932
1880,2024,313.89999
1881,2006,259.13559
1881,2007,275.81171
1881,2008,281.35251
1881,2009,288.98111
1881,2010,292.99121
1881,2011,296.85181
1881,2012,302.259
1881,2013,307.21579
1881,2014,314.6384
1881,2015,324.5795
1881,2016,330.73471
1881,2017,331.08771
1881,2018,334.85172
1881,2019,337.6481
1881,2020,342.54651
1881,2021,349.3363
1881,2022,333.72009
1881,2023,328.4437
1881,2024,330.5
1882,2006,253.14661
1882,2007,269.38089
1882,2008,273.96121
1882,2009,279.76859
1882,2010,286.0152
1882,2011,289.92029
1882,2012,294.13269
1882,2013,297.4335
1882,2014,310.20221
1882,2015,320.6051
1882,2016,324.7655
1882,2017,331.08771
1882,2018,335.7366
1882,2019,339.32458
1882,2020,344.89441
1882,2021,355.1424
1882,2022,341.30969
1882,2023,331.42581
1882,2024,332.20001
1883,2006,257.96701
1883,2007,273.23941
1883,2008,277.55319
1883,2009,284.82501
1883,2010,286.4256
1883,2011,288.65399
1883,2012,293.53809
1883,2013,295.58279
1883,2014,302.58789
1883,2015,311.8613
1883,2016,315.51639
1883,2017,320.90631
1883,2018,325.7504
1883,2019,331.1907
1883,2020,337.72711
1883,2021,345.526
1883,2022,331.26459
1883,2023,323.81631
1883,2024,328.0
1884,2006,257.96701
1884,2007,274.66849
1884,2008,279.21109
1884,2009,284.13239
1884,2010,286.28879
1884,2011,292.0531
1884,2012,298.4931
1884,2013,304.17529
1884,2014,312.58591
1884,2015,320.34009
1884,2016,320.37051
1884,2017,326.19031
1884,2018,330.6803
1884,2019,336.03381
1884,2020,337.04739
1884,2021,348.73141
1884,2022,333.60849
1884,2023,329.26639
1884,2024,330.10001
1885,2006,251.978
1885,2007,268.95221
1885,2008,274.92819
1885,2009,276.513
1885,2010,280.13351
1885,2011,287.25439
1885,2012,293.3399
1885,2013,291.4848
1885,2014,298.4827
1885,2015,308.61551
1885,2016,313.81091
1885,2017,320.2619
1885,2018,323.22229
1885,2019,324.85751
1885,2020,328.95331
1885,2021,337.24011
1885,2022,325.68399
1885,2023,316.6181
1885,2024,319.20001
1904,2006,252.5623
1904,2007,265.5224
1904,2008,268.435
1904,2009,266.40009
1904,2010,274.79889
1904,2011,281.05609
1904,2012,285.08139
1904,2013,287.65131
1904,2014,297.82059
1904,2015,301.06409
1904,2016,308.69449
1904,2017,318.07101
1904,2018,316.3963
1904,2019,324.48499
1904,2020,320.42679
1904,2021,331.19211
1904,2022,318.81989
1904,2023,305.358
1904,2024,312.5
1907,2006,266.4393
1907,2007,282.0997
1907,2008,287.91479
1907,2009,289.67371
1907,2010,294.35901
1907,2011,296.71851
1907,2012,303.25
1907,2013,305.62949
1907,2014,313.97629
1907,2015,324.71201
1907,2016,328.63559
1907,2017,332.76309
1907,2018,335.4837
1907,2019,336.90311
1907,2020,339.82779
1907,2021,348.97339
1907,2022,336.6778
1907,2023,328.7522
1907,2024,330.60001
1960,2006,259.13559
1960,2007,273.66809
1960,2008,277.1387
1960,2009,283.4397
1960,2010,285.39969
1960,2011,290.85339
1960,2012,294.66119
1960,2013,296.1116
1960,2014,305.3688
1960,2015,315.43829
1960,2016,318.40271
1960,2017,320.00421
1960,2018,326.06641
1960,2019,327.34109
1960,2020,330.18909
1960,2021,339.53839
1960,2022,327.46979
1960,2023,324.43329
1960,2024,322.60001
1961,2006,259.28171
1961,2007,270.95291
1961,2008,276.7243
1961,2009,279.1452
1961,2010,283.1427
1961,2011,287.9209
1961,2012,293.2077
1961,2013,294.5253
1961,2014,305.10391
1961,2015,316.4982
1961,2016,323.25681
1961,2017,326.19031
1961,2018,328.0257
1961,2019,331.6875
1961,2020,334.39059
1961,2021,342.0181
1961,2022,328.19531
1961,2023,322.17099
1961,2024,325.25
1962,2006,252.4162
1962,2007,266.37979
1962,2008,272.8559
1962,2009,281.22321
1962,2010,287.38309
1962,2011,285.7215
1962,2012,294.13269
1962,2013,297.4335
1962,2014,301.66089
1962,2015,309.54291
1962,2016,316.6972
1962,2017,324.25711
1962,2018,325.49759
1962,2019,329.328
1962,2020,329.4476
1962,2021,337.24011
1962,2022,324.4563
1962,2023,314.30441
1962,2024,320.20001
1980,2006,259.13559
1980,2007,273.38229
1980,2008,279.21109
1980,2009,287.73419
1980,2010,291.34979
1980,2011,294.45239
1980,2012,301.40009
1980,2013,306.42261
1980,2014,317.81659
1980,2015,328.81891
1980,2016,334.0145
1980,2017,336.2428
1980,2018,340.2872
1980,2019,341.99451
1980,2020,345.3887
1980,2021,354.6586
1980,2022,339.6355
1980,2023,330.70599
1980,2024,336.89999
1981,2006,246.13499
1981,2007,262.5213
1981,2008,267.4679
1981,2009,272.84189
1981,2010,278.62891
1981,2011,281.18939
1981,2012,283.95831
1981,2013,289.23761
1981,2014,298.6152
1981,2015,310.86771
1981,2016,313.81091
1981,2017,317.55551
1981,2018,321.70541
1981,2019,322.24969
1981,2020,328.8298
1981,2021,336.63531
1981,2022,323.89819
1981,2023,314.0473
1981,2024,319.89999
1982,2006,264.10211
1982,2007,279.0986
1982,2008,287.91479
1982,2009,287.45721
1982,2010,289.16119
1982,2011,293.78589
1982,2012,300.87161
1982,2013,302.72119
1982,2014,308.41449
1982,2015,316.4982
1982,2016,318.9274
1982,2017,322.9039
1982,2018,324.7392
1982,2019,331.31491
1982,2020,333.77271
1982,2021,340.32458
1982,2022,326.01889
1982,2023,313.99591
1982,2024,317.20001
1983,2006,255.0455
1983,2007,268.8093
1983,2008,273.96121
1983,2009,274.85059
1983,2010,277.67139
1983,2011,284.8551
1983,2012,291.88641
1983,2013,296.50821
1983,2014,306.49438
1983,2015,318.2204
1983,2016,322.4696
1983,2017,325.28821
1983,2018,328.405
1983,2019,331.1907
1983,2020,332.04269
1983,2021,342.07861
1983,2022,326.9118
1983,2023,318.46909
1983,2024,320.70001
1984,2006,253.43871
1984,2007,268.0947
1984,2008,273.68491
1984,2009,278.0369
1984,2010,279.7915
1984,2011,283.05551
1984,2012,289.90439
1984,2013,291.4187
1984,2014,300.6015
1984,2015,308.94669
1984,2016,312.10541
1984,2017,320.39081
1984,2018,322.96951
1984,2019,324.2366
1984,2020,327.0997
1984,2021,333.97421
1984,2022,322.89371
1984,2023,315.74399
1984,2024,319.39999
2021,2006,236.6402
2021,2007,246.3728
2021,2008,247.98801
2021,2009,248.6678
2021,2010,257.83771
2021,2011,258.7955
2021,2012,264.86481
2021,2013,268.41721
2021,2014,279.67859
2021,2015,292.784
2021,2016,295.3129
2021,2017,299.06149
2021,2018,305.90451
2021,2019,304.36761
2021,2020,319.00571
2021,2021,326.59549
2021,2022,311.95569
2021,2023,304.94669
2021,2024,304.29999
2023,2006,242.6292
2023,2007,254.0898
2023,2008,256.4155
2023,2009,265.29181
2023,2010,269.8063
2023,2011,271.39209
2023,2012,275.36951
2023,2013,280.0502
2023,2014,291.99399
2023,2015,302.19019
2023,2016,308.1041
2023,2017,311.17599
2023,2018,315.1322
2023,2019,318.52429
2023,2020,330.43619
2023,2021,340.0827
2023,2022,327.13501
2023,2023,321.39969
2023,2024,324.10001
2026,2006,251.2476
2026,2007,267.8089
2026,2008,270.36911
2026,2009,276.85941
2026,2010,282.04849
2026,2011,286.85449
2026,2012,296.64331
2026,2013,301.39929
2026,2014,312.9169
2026,2015,325.8381
2026,2016,327.3237
2026,2017,332.18311
2026,2018,333.96689
2026,2019,338.89001
2026,2020,344.52359
2026,2021,352.23929
2026,2022,337.06839
2026,2023,331.42581
2026,2024,333.10001
2029,2006,252.4162
2029,2007,269.95251
2029,2008,274.65189
2029,2009,279.56079
2029,2010,285.60489
2029,2011,288.12079
2029,2012,295.71829
2029,2013,295.9794
2029,2014,308.8118
2029,2015,321.9299
2029,2016,326.14301
2029,2017,326.64139
2029,2018,329.4162
2029,2019,332.1842
2029,2020,338.22141
2029,2021,348.24759
2029,2022,333.60849
2029,2023,328.23801
2029,2024,330.60001
2031,2006,238.3931
2031,2007,253.804
2031,2008,257.52069
2031,2009,265.15329
2031,2010,268.37009
2031,2011,268.32629
2031,2012,278.80499
2031,2013,282.6279
2031,2014,292.78851
2031,2015,305.23721
2031,2016,308.56329
2031,2017,314.849
2031,2018,319.55649
2031,2019,325.47839
2031,2020,331.5484
2031,2021,338.69171
2031,2022,325.34921
2031,2023,314.4072
2031,2024,318.29999
2034,2006,235.0334
2034,2007,245.5153
2034,2008,247.43539
2034,2009,252.1311
2034,2010,254.9653
2034,2011,255.1965
2034,2012,263.34521
2034,2013,266.6326
2034,2014,276.4342
2034,2015,291.72409
2034,2016,297.34641
2034,2017,296.5484
2034,2018,300.46909
2034,2019,305.23691
2034,2020,311.46771
2034,2021,320.91031
2034,2022,306.9332
2034,2023,301.19339
2034,2024,305.10001
2039,2006,238.6852
2039,2007,247.51601
2039,2008,248.4025
2039,2009,256.28711
2039,2010,263.58261
2039,2011,263.79419
2039,2012,267.8378
2039,2013,274.2998
2039,2014,284.181
2039,2015,300.33539
2039,2016,310.92471
2039,2017,307.11639
2039,2018,312.03531
2039,2019,312.43939
2039,2020,321.16821
2039,2021,328.8938
2039,2022,314.57861
2039,2023,310.70529
2039,2024,311.5
2061,2006,254.3152
2061,2007,270.73849
2061,2008,276.448
2061,2009,281.56949
2061,2010,282.73239
2061,2011,286.18799
2061,2012,294.397
2061,2013,298.35889
2061,2014,310.20221
2061,2015,321.79739
2061,2016,325.09341
2061,2017,329.9278
2061,2018,334.03009
2061,2019,339.26251
2061,2020,341.61969
2061,2021,351.63449
2061,2022,338.40781
2061,2023,332.65979
2061,2024,340.95001
2062,2006,245.4046
2062,2007,261.2352
2062,2008,265.11929
2062,2009,273.04971
2062,2010,277.94501
2062,2011,282.05579
2062,2012,286.73309
2062,2013,291.08829
2062,2014,302.98511
2062,2015,313.716
2062,2016,318.53391
2062,2017,322.64621
2062,2018,325.24481
2062,2019,330.38361
2062,2020,335.13199
2062,2021,341.95761
2062,2022,327.24661
2062,2023,322.17099
2062,2024,324.79999
2080,2006,252.5623
2080,2007,269.38089
2080,2008,274.7901
2080,2009,282.1929
2080,2010,284.78421
2080,2011,286.85449
2080,2012,294.66119
2080,2013,298.09451
2080,2014,310.53329
2080,2015,321.53241
2080,2016,323.12561
2080,2017,327.22131
2080,2018,331.31229
2080,2019,335.16449
2080,2020,341.80499
2080,2021,351.99741
2080,2022,336.95679
2080,2023,330.29471
2080,2024,335.60001
2081,2006,248.10699
2081,2007,264.37909
2081,2008,269.54019
2081,2009,275.5433
2081,2010,277.3978
2081,2011,280.0564
2081,2012,285.94031
2081,2013,290.82391
2081,2014,301.39609
2081,2015,310.9339
2081,2016,313.28619
2081,2017,315.75119
2081,2018,319.30371
2081,2019,321.3804
2081,2020,324.8754
2081,2021,332.4017
2081,2022,318.6525
2081,2023,309.93399
2081,2024,314.29999
2082,2006,251.83189
2082,2007,266.66559
2082,2008,274.4447
2082,2009,283.1626
2082,2010,288.75089
2082,2011,289.65369
2082,2012,298.42709
2082,2013,301.7959
2082,2014,312.9169
2082,2015,324.84451
2082,2016,327.71729
2082,2017,333.66519
2082,2018,335.2309
2082,2019,339.63501
2082,2020,344.27649
2082,2021,353.328
2082,2022,338.1846
2082,2023,330.5517
2082,2024,334.29999
2083,2006,248.3261
2083,2007,263.73599
2083,2008,266.91531
2083,2009,273.81161
2083,2010,279.31281
2083,2011,281.78922
2083,2012,285.8082
2083,2013,285.53619
2083,2014,297.82059
2083,2015,305.10471
2083,2016,306.98901
2083,2017,310.9183
2083,2018,315.3851
2083,2019,319.26941
2083,2020,326.23471
2083,2021,332.76459
2083,2022,319.09891
2083,2023,312.96759
2083,2024,316.39999
2084,2006,255.4837
2084,2007,270.52411
2084,2008,275.7572
2084,2009,284.82501
2084,2010,290.11871
2084,2011,293.91919
2084,2012,299.41809
2084,2013,298.7554
2084,2014,307.15649
2084,2015,310.13901
2084,2016,312.49899
2084,2017,315.3645
2084,2018,318.798
2084,2019,324.48499
2084,2020,332.78409
2084,2021,339.7803
2084,2022,325.68399
2084,2023,319.1889
2084,2024,326.35001
2085,2006,249.93291
2085,2007,263.95041
2085,2008,269.54019
2085,2009,279.69931
2085,2010,283.41629
2085,2011,287.12109
2085,2012,293.7363
2085,2013,298.55719
2085,2014,308.54691
2085,2015,316.36569
2085,2016,318.07471
2085,2017,323.35501
2085,2018,325.24481
2085,2019,326.0993
2085,2020,331.7955
2085,2021,339.0545
2085,2022,325.23761
2085,2023,320.21719
2085,2024,327.60001
2101,2006,249.20261
2101,2007,266.23691
2101,2008,268.64221
2101,2009,272.35699
2101,2010,273.97821
2101,2011,275.92419
2101,2012,276.16229
2101,2013,281.306
2101,2014,290.27249
2101,2015,295.03619
2101,2016,299.2486
2101,2017,302.99231
2101,2018,305.90451
2101,2019,308.3414
2101,2020,320.1796
2101,2021,330.9501
2101,2022,314.80179
2101,2023,305.10101
2101,2024,313.39999
2104,2006,267.754
2104,2007,284.52911
2104,2008,292.8884
2104,2009,286.62601
2104,2010,290.93939
2104,2011,297.25159
2104,2012,299.15381
2104,2013,301.13489
2104,2014,318.14761
2104,2015,323.65219
2104,2016,326.4054
2104,2017,327.8013
2104,2018,336.7478
2104,2019,335.53711
2104,2020,335.74991
2104,2021,344.86069
2104,2022,332.0459
2104,2023,323.9191
2104,2024,325.29999
2121,2006,245.1125
2121,2007,260.8779
2121,2008,266.22449
2121,2009,270.97171
2121,2010,273.5679
2121,2011,279.38989
2121,2012,283.42969
2121,2013,284.47861
2121,2014,293.8479
2121,2015,304.30991
2121,2016,307.77609
2121,2017,313.04471
2121,2018,316.01709
2121,2019,319.4556
2121,2020,321.47711
2121,2021,335.30469
2121,2022,317.42471
2121,2023,306.3349
2121,2024,308.89999
2132,2006,241.4606
2132,2007,254.66141
2132,2008,255.8629
2132,2009,261.82849
2132,2010,262.9671
2132,2011,267.52649
2132,2012,272.1983
2132,2013,274.49811
2132,2014,286.56461
2132,2015,295.69861
2132,2016,302.00369
2132,2017,305.44089
2132,2018,309.50711
2132,2019,313.0603
2132,2020,318.82031
2132,2021,328.53091
2132,2022,315.30411
2132,2023,302.633
2132,2024,310.89999
2161,2006,241.31461
2161,2007,251.5174
2161,2008,254.61951
2161,2009,257.94949
2161,2010,262.078
2161,2011,263.92749
2161,2012,270.4805
2161,2013,272.31689
2161,2014,284.97549
2161,2015,292.254
2161,2016,298.72391
2161,2017,300.2858
2161,2018,305.20929
2161,2019,310.94919
2161,2020,316.47241
2161,2021,326.2326
2161,2022,313.1835
2161,2023,304.17551
2161,2024,309.29999
2180,2006,253.7309
2180,2007,269.38089
2180,2008,275.34271
2180,2009,282.88559
2180,2010,288.2038
2180,2011,288.854
2180,2012,293.2077
2180,2013,297.83011
2180,2014,305.8985
2180,2015,317.823
2180,2016,322.86319
2180,2017,326.96359
2180,2018,330.6803
2180,2019,333.5502
2180,2020,336.2442
2180,2021,344.73969
2180,2022,328.92081
2180,2023,319.29169
2180,2024,324.39999
2181,2006,265.41681
2181,2007,280.24191
2181,2008,284.46091
2181,2009,288.98111
2181,2010,294.08551
2181,2011,298.05139
2181,2012,302.06079
2181,2013,305.36511
2181,2014,313.57901
2181,2015,321.66489
2181,2016,322.33841
2181,2017,325.28821
2181,2018,327.64651
2181,2019,330.44559
2181,2020,334.0199
2181,2021,343.772
2181,2022,329.98111
2181,2023,321.4512
2181,2024,325.29999
2182,2006,241.4606
2182,2007,255.233
2182,2008,259.1095
2182,2009,265.4303
2182,2010,270.83221
2182,2011,273.79141
2182,2012,278.07831
2182,2013,280.64499
2182,2014,290.80219
2182,2015,299.1431
2182,2016,305.15231
2182,2017,311.8204
2182,2018,313.23611
2182,2019,315.54391
2182,2020,323.26889
2182,2021,332.15979
2182,2022,317.64789
2182,2023,306.9519
2182,2024,311.5
2183,2006,245.3316
2183,2007,259.94901
2183,2008,265.67191
2183,2009,271.52579
2183,2010,273.29431
2183,2011,275.92419
2183,2012,280.39059
2183,2013,284.08209
2183,2014,290.0076
2183,2015,297.8183
2183,2016,303.7092
2183,2017,307.76071
2183,2018,308.93829
2183,2019,311.5701
2183,2020,318.20239
2183,2021,326.47461
2183,2022,311.17441
2183,2023,300.9877
2183,2024,306.64999
2184,2006,246.42709
2184,2007,262.8071
2184,2008,266.22449
2184,2009,272.21851
2184,2010,277.26099
2184,2011,280.5896
2184,2012,286.9313
2184,2013,292.14581
2184,2014,301.66089
2184,2015,311.59631
2184,2016,314.0733
2184,2017,319.2309
2184,2018,322.84311
2184,2019,325.9751
2184,2020,334.267
2184,2021,346.31219
2184,2022,331.37619
2184,2023,318.98318
2184,2024,324.39999
2260,2006,248.3261
2260,2007,258.37701
2260,2008,264.7048
2260,2009,272.77261
2260,2010,275.20929
2260,2011,276.52399
2260,2012,282.90121
2260,2013,287.3869
2260,2014,297.02609
2260,2015,304.5748
2260,2016,306.20181
2260,2017,308.6629
2260,2018,316.3963
2260,2019,317.2825
2260,2020,324.8754
2260,2021,328.40991
2260,2022,314.9693
2260,2023,306.74631
2260,2024,311.5
2262,2006,257.09061
2262,2007,271.8103
2262,2008,274.37561
2262,2009,282.05441
2262,2010,284.10019
2262,2011,286.58789
2262,2012,292.94351
2262,2013,296.90469
2262,2014,307.75241
2262,2015,316.8956
2262,2016,323.388
2262,2017,327.67239
2262,2018,329.28979
2262,2019,330.94241
2262,2020,334.0817
2262,2021,342.19949
2262,2022,328.3627
2262,2023,320.93701
2262,2024,326.20001
2280,2006,245.1125
2280,2007,259.16299
2280,2008,264.56659
2280,2009,272.91119
2280,2010,276.03
2280,2011,278.32349
2280,2012,281.31561
2280,2013,284.2142
2280,2014,291.99399
2280,2015,299.2756
2280,2016,302.922
2280,2017,307.6319
2280,2018,310.26559
2280,2019,312.5636
2280,2020,321.16821
2280,2021,330.64771
2280,2022,315.52731
2280,2023,303.76419
2280,2024,311.10001
2281,2006,259.28171
2281,2007,275.0972
2281,2008,280.04001
2281,2009,287.73419
2281,2010,290.3923
2281,2011,292.0531
2281,2012,297.83249
2281,2013,305.62949
2281,2014,315.69781
2281,2015,327.3616
2281,2016,330.2099
2281,2017,334.18069
2281,2018,338.51749
2281,2019,342.49121
2281,2020,346.0065
2281,2021,354.90051
2281,2022,339.07751
2281,2023,328.7522
2281,2024,336.10001
2282,2006,242.3371
2282,2007,254.9472
2282,2008,258.90231
2282,2009,266.95419
2282,2010,270.76379
2282,2011,271.52539
2282,2012,277.3515
2282,2013,281.4382
2282,2014,290.07391
2282,2015,300.9978
2282,2016,299.64221
2282,2017,302.21899
2282,2018,305.90451
2282,2019,308.96231
2282,2020,314.6188
2282,2021,324.6601
2282,2022,308.27249
2282,2023,298.62259
2282,2024,302.39999
2283,2006,241.0224
2283,2007,251.5174
2283,2008,256.76089
2283,2009,265.15329
2283,2010,266.0448
2283,2011,266.19351
2283,2012,272.46249
2283,2013,277.86899
2283,2014,285.6377
2283,2015,293.44641
2283,2016,297.41199
2283,2017,301.8324
2283,2018,305.01971
2283,2019,309.21069
2283,2020,316.96671
2283,2021,324.53922
2283,2022,309.33289
2283,2023,299.5481
2283,2024,304.5
2284,2006,260.7424
2284,2007,276.38339
2284,2008,280.59259
2284,2009,289.3967
2284,2010,292.99121
2284,2011,293.65259
2284,2012,299.6824
2284,2013,305.10071
2284,2014,316.22751
2284,2015,326.56671
2284,2016,328.50439
2284,2017,329.54111
2284,2018,333.58759
2284,2019,336.15799
2284,2020,341.4343
2284,2021,349.15479
2284,2022,336.62201
2284,2023,329.42059
2284,2024,337.5
2303,2006,241.1685
2303,2007,255.5188
2303,2008,260.28381
2303,2009,259.75049
2303,2010,260.2998
2303,2011,264.66061
2303,2012,267.04501
2303,2013,271.92029
2303,2014,280.8042
2303,2015,289.207
2303,2016,294.78809
2303,2017,294.74411
2303,2018,299.20499
2303,2019,299.15201
2303,2020,309.24329
2303,2021,316.43481
2303,2022,301.241
2303,2023,297.69711
2303,2024,299.60001
2305,2006,246.8654
2305,2007,258.09119
2305,2008,256.13919
2305,2009,263.49091
2305,2010,262.7619
2305,2011,265.66031
2305,2012,268.63062
2305,2013,273.9693
2305,2014,282.65811
2305,2015,286.15991
2305,2016,291.9675
2305,2017,296.16171
2305,2018,299.7106
2305,2019,303.37421
2305,2020,313.383
2305,2021,322.8457
2305,2022,309.10959
2305,2023,299.8566
2305,2024,308.10001
2309,2006,252.8544
2309,2007,266.23691
2309,2008,269.54019
2309,2009,277.48279
2309,2010,281.7749
2309,2011,286.32129
2309,2012,292.54709
2309,2013,297.103
2309,2014,309.34149
2309,2015,319.2803
2309,2016,325.09341
2309,2017,330.9588
2309,2018,336.5582
2309,2019,340.81479
2309,2020,347.48941
2309,2021,358.0455
2309,2022,345.55099
2309,2023,337.90421
2309,2024,342.75
2313,2006,237.6627
2313,2007,248.302
2313,2008,249.2314
2313,2009,254.90179
2313,2010,256.60669
2313,2011,257.66251
2313,2012,265.59149
2313,2013,270.73059
2313,2014,280.0759
2313,2015,288.2796
2313,2016,293.21381
2313,2017,293.97079
2313,2018,296.67679
2313,2019,303.25
2313,2020,307.76041
2313,2021,316.1929
2313,2022,304.25449
2313,2023,293.12109
2313,2024,295.39999
2321,2006,243.94389
2321,2007,255.6618
2321,2008,254.7576
2321,2009,259.19629
2321,2010,267.4126
2321,2011,268.7261
2321,2012,273.25531
2321,2013,276.01831
2321,2014,286.43219
2321,2015,295.49979
2321,2016,301.80688
2321,2017,308.6629
2321,2018,312.35129
2321,2019,316.41321
2321,2020,322.89819
2321,2021,336.15149
2321,2022,324.51208
2321,2023,318.16061
2321,2024,326.5
2326,2006,241.0224
2326,2007,253.661
2326,2008,254.13589
2326,2009,258.71149
2326,2010,257.017
2326,2011,257.2626
2326,2012,264.40231
2326,2013,273.37439
2326,2014,286.56461
2326,2015,291.06171
2326,2016,297.67429
2326,2017,300.0925
2326,2018,305.3989
2326,2019,307.9689
2326,2020,317.0903
2326,2021,327.01889
2326,2022,309.27701
2326,2023,299.13669
2326,2024,300.95001
2361,2006,237.3705
2361,2007,248.5878
2361,2008,253.09979
2361,2009,258.64221
2361,2010,262.078
2361,2011,266.19351
2361,2012,269.4234
2361,2013,272.11859
2361,2014,284.57831
2361,2015,293.77759
2361,2016,300.42941
2361,2017,303.12109
2361,2018,306.9158
2361,2019,309.14859
2361,2020,317.15201
2361,2021,328.5914
2361,2022,315.97379
2361,2023,304.74109
2361,2024,310.10001
2380,2006,249.20261
2380,2007,261.80679
2380,2008,266.50079
2380,2009,273.32681
2380,2010,276.03
2380,2011,276.99051
2380,2012,282.1084
2380,2013,286.72589
2380,2014,296.89371
2380,2015,307.62189
2380,2016,312.63019
2380,2017,316.9111
2380,2018,322.71671
2380,2019,324.1124
2380,2020,330.43619
2380,2021,340.62701
2380,2022,325.12601
2380,2023,315.79541
2380,2024,322.70001
2401,2006,248.2531
2401,2007,264.95081
2401,2008,270.23099
2401,2009,273.60379
2401,2010,278.6973
2401,2011,280.85611
2401,2012,283.03329
2401,2013,288.5105
2401,2014,297.15851
2401,2015,308.01929
2401,2016,315.91
2401,2017,316.84659
2401,2018,319.30371
2401,2019,323.2431
2401,2020,329.3241
2401,2021,336.3934
2401,2022,324.5679
2401,2023,317.33789
2401,2024,325.5
2403,2006,246.2811
2403,2007,253.0894
2403,2008,255.03391
2403,2009,257.94949
2403,2010,257.56421
2403,2011,261.79471
2403,2012,271.009
2403,2013,272.9118
2403,2014,288.15369
2403,2015,294.96991
2403,2016,303.3812
2403,2017,306.923
2403,2018,310.07599
2403,2019,306.72711
2403,2020,314.86591
2403,2021,326.71649
2403,2022,310.28159
2403,2023,300.9877
2403,2024,305.64999
2404,2006,248.9834
2404,2007,261.66391
2404,2008,265.94821
2404,2009,269.0322
2404,2010,270.01151
2404,2011,278.45679
2404,2012,284.48679
2404,2013,286.26321
2404,2014,296.89371
2404,2015,308.2843
2404,2016,311.05591
2404,2017,313.9469
2404,2018,318.16599
2404,2019,321.13211
2404,2020,324.5047
2404,2021,330.82919
2404,2022,320.99631
2404,2023,312.7619
2404,2024,316.10001
2409,2006,249.42171
2409,2007,264.66489
2409,2008,269.54019
2409,2009,273.4653
2409,2010,278.9024
2409,2011,280.5896
2409,2012,286.20459
2409,2013,288.24609
2409,2014,298.28409
2409,2015,308.94669
2409,2016,307.9729
2409,2017,309.17841
2409,2018,315.0058
2409,2019,318.89679
2409,2020,327.84119
2409,2021,339.65939
2409,2022,327.02341
2409,2023,314.97281
2409,2024,321.89999
2417,2006,247.88789
2417,2007,262.5213
2417,2008,265.53369
2417,2009,266.5386
2417,2010,272.06329
2417,2011,277.19049
2417,2012,283.82611
2417,2013,287.84949
2417,2014,294.90729
2417,2015,305.6347
2417,2016,309.4816
2417,2017,305.82761
2417,2018,306.979
2417,2019,312.5015
2417,2020,321.29181
2417,2021,328.53091
2417,2022,317.03409
2417,2023,310.0369
2417,2024,319.29999
2418,2006,257.52881
2418,2007,272.95361
2418,2008,274.37561
2418,2009,278.8681
2418,2010,289.298
2418,2011,286.388
2418,2012,294.99161
2418,2013,293.1373
2418,2014,303.11761
2418,2015,313.64981
2418,2016,318.7962
2418,2017,320.00421
2418,2018,326.38251
2418,2019,330.2594
2418,2020,331.1777
2418,2021,338.6312
2418,2022,325.07019
2418,2023,312.19629
2418,2024,320.0
2421,2006,242.04491
2421,2007,254.66141
2421,2008,257.0372
2421,2009,267.36981
2421,2010,272.4736
2421,2011,271.25879
2421,2012,274.97311
2421,2013,278.6622
2421,2014,287.16049
2421,2015,298.2157
2421,2016,302.39731
2421,2017,299.3837
2421,2018,304.3877
2421,2019,307.4722
2421,2020,314.00089
2421,2021,320.54749
2421,2022,311.06281
2421,2023,304.89529
2421,2024,312.5
2422,2006,238.6852
2422,2007,249.37379
2422,2008,253.3761
2422,2009,262.52109
2422,2010,267.75461
2422,2011,266.46011
2422,2012,270.87689
2422,2013,277.20801
2422,2014,286.2998
2422,2015,298.34821
2422,2016,305.0867
2422,2017,306.0853
2422,2018,315.2587
2422,2019,306.66501
2422,2020,315.422
2422,2021,318.49109
2422,2022,304.7009
2422,2023,298.62259
2422,2024,308.10001
2425,2006,247.74181
2425,2007,263.66461
2425,2008,268.29681
2425,2009,267.85471
2425,2010,277.3978
2425,2011,274.32458
2425,2012,278.4747
2425,2013,276.81149
2425,2014,289.34549
2425,2015,299.4743
2425,2016,303.44681
2425,2017,305.05429
2425,2018,314.50021
2425,2019,318.27591
2425,2020,323.26889
2425,2021,335.84909
2425,2022,317.0899
2425,2023,308.9057
2425,2024,314.39999
2460,2006,257.82089
2460,2007,272.5249
2460,2008,278.24399
2460,2009,287.0416
2460,2010,290.32391
2460,2011,292.0531
2460,2012,294.66119
2460,2013,302.58899
2460,2014,311.59271
2460,2015,319.41269
2460,2016,321.5513
2460,2017,322.1951
2460,2018,323.34869
2460,2019,330.07309
2460,2020,336.73849
2460,2021,346.1308
2460,2022,332.65979
2460,2023,326.28421
2460,2024,331.20001
2462,2006,237.80881
2462,2007,244.515
2462,2008,250.3367
2462,2009,256.2179
2462,2010,254.41811
2462,2011,256.06299
2462,2012,263.87381
2462,2013,265.3107
2462,2014,274.24921
2462,2015,283.974
2462,2016,290.7868
2462,2017,290.87769
2462,2018,294.02231
2462,2019,297.103
2462,2020,305.6597
2462,2021,312.14069
2462,2022,300.79449
2462,2023,294.45789
2462,2024,303.75
2463,2006,231.96581
2463,2007,242.22839
2463,2008,247.1591
2463,2009,256.28711
2463,2010,260.57339
2463,2011,258.9288
2463,2012,266.12
2463,2013,274.2998
2463,2014,286.03491
2463,2015,284.5701
2463,2016,288.6221
2463,2017,285.6582
2463,2018,288.58679
2463,2019,289.96259
2463,2020,297.07129
2463,2021,312.80591
2463,2022,298.33911
2463,2023,292.6069
2463,2024,297.70001
2480,2006,244.23599
2480,2007,260.5206
2480,2008,264.98111
2480,2009,271.24881
2480,2010,274.52539
2480,2011,276.3241
2480,2012,283.03329
2480,2013,288.97321
2480,2014,297.95309
2480,2015,309.2117
2480,2016,312.10541
2480,2017,312.98029
2480,2018,316.14349
2480,2019,318.0275
2480,2020,322.0332
2480,2021,333.0065
2480,2022,319.54541
2480,2023,312.6077
2480,2024,319.39999
2481,2006,246.13499
2481,2007,258.09119
2481,2008,263.4614
2481,2009,272.77261
2481,2010,278.4921
2481,2011,280.4563
2481,2012,287.06351
2481,2013,289.36981
2481,2014,297.62201
2481,2015,306.827
2481,2016,312.49899
2481,2017,310.46719
2481,2018,315.89069
2481,2019,319.20731
2481,2020,326.23471
2481,2021,332.15979
2481,2022,317.0899
2481,2023,310.9624
2481,2024,320.39999
2482,2006,250.8824
2482,2007,268.0947
2482,2008,273.40851
2482,2009,281.22321
2482,2010,286.28879
2482,2011,287.9209
2482,2012,294.397
2482,2013,300.07739
2482,2014,308.94421
2482,2015,321.13501
2482,2016,324.5687
2482,2017,326.70581
2482,2018,331.9444
2482,2019,337.89651
2482,2020,343.4115
2482,2021,352.11841
2482,2022,339.18909
2482,2023,332.2485
2482,2024,347.70001
2505,2006,255.922
2505,2007,266.30841
2505,2008,272.7178
2505,2009,279.49149
2505,2010,288.34052
2505,2011,289.38708
2505,2012,295.9165
2505,2013,300.60611
2505,2014,306.42819
2505,2015,317.16061
2505,2016,318.27151
2505,2017,317.94211
2505,2018,325.30801
2505,2019,326.84439
2505,2020,335.50269
2505,2021,342.07861
2505,2022,332.43649
2505,2023,325.3588
2505,2024,332.29999
2506,2006,247.0114
2506,2007,255.8047
2506,2008,260.7674
2506,2009,273.4653
2506,2010,276.57709
2506,2011,281.12271
2506,2012,291.35779
2506,2013,295.45059
2506,2014,301.1312
2506,2015,311.4639
2506,2016,318.27151
2506,2017,317.42661
2506,2018,316.2699
2506,2019,318.95889
2506,2020,327.71759
2506,2021,335.06281
2506,2022,324.5679
2506,2023,324.94739
2506,2024,327.10001
2510,2006,244.23599
2510,2007,258.94861
2510,2008,263.25421
2510,2009,268.7551
2510,2010,271.24249
2510,2011,275.85751
2510,2012,281.18341
2510,2013,288.17999
2510,2014,301.5947
2510,2015,307.09201
2510,2016,309.9408
2510,2017,311.8204
2510,2018,316.3963
2510,2019,319.5177
2510,2020,326.9762
2510,2021,338.57071
2510,2022,323.78659
2510,2023,317.85211
2510,2024,329.10001
2513,2006,238.8313
2513,2007,252.16051
2513,2008,257.65891
2513,2009,257.11829
2513,2010,263.03549
2513,2011,266.26019
2513,2012,276.16229
2513,2013,283.48721
2513,2014,297.02609
2513,2015,310.13901
2513,2016,309.0224
2513,2017,301.1235
2513,2018,305.90451
2513,2019,309.08649
2513,2020,316.96671
2513,2021,323.6925
2513,2022,304.25449
2513,2023,293.5838
2513,2024,296.54999
2514,2006,251.83189
2514,2007,262.8071
2514,2008,267.88239
2514,2009,270.55609
2514,2010,276.16681
2514,2011,278.59009
2514,2012,287.79019
2514,2013,292.939
2514,2014,306.95789
2514,2015,317.42551
2514,2016,319.18979
2514,2017,322.1951
2514,2018,325.49759
2514,2019,329.07971
2514,2020,334.88489
2514,2021,341.5947
2514,2022,329.03241
2514,2023,319.1889
2514,2024,325.70001
2518,2006,239.56171
2518,2007,253.9469
2518,2008,258.7641
2518,2009,257.811
2518,2010,260.57339
2518,2011,269.32599
2518,2012,279.20139
2518,2013,279.9841
2518,2014,290.14011
2518,2015,300.6004
2518,2016,301.7413
2518,2017,301.18799
2518,2018,304.95651
2518,2019,310.7009
2518,2020,321.53891
2518,2021,331.19211
2518,2022,322.5589
2518,2023,311.785
2518,2024,317.60001
2521,2006,248.39909
2521,2007,262.16409
2521,2008,263.59949
2521,2009,268.33951
2521,2010,274.9357
2521,2011,279.9231
2521,2012,291.7543
2521,2013,299.28421
2521,2014,317.6842
2521,2015,309.6091
2521,2016,305.4147
2521,2017,312.78699
2521,2018,319.8093
2521,2019,324.48499
2521,2020,330.62161
2521,2021,344.6792
2521,2022,335.0036
2521,2023,328.59799
2521,2024,341.39999
2523,2006,274.47339
2523,2007,288.81631
2523,2008,297.1712
2523,2009,303.38849
2523,2010,314.3295
2523,2011,318.8457
2523,2012,327.82709
2523,2013,337.75229
2523,2014,352.9751
2523,2015,364.45639
2523,2016,364.31979
2523,2017,367.17349
2523,2018,377.07159
2523,2019,383.2847
2523,2020,394.50919
2523,2021,405.34131
2523,2022,387.96359
2523,2023,386.9548
2523,2024,396.75
2560,2006,252.2701
2560,2007,265.2366
2560,2008,269.95471
2560,2009,273.396
2560,2010,275.75641
2560,2011,280.98941
2560,2012,285.54391
2560,2013,290.55951
2560,2014,300.73389
2560,2015,312.7887
2560,2016,316.3692
2560,2017,318.97311
2560,2018,323.28549
2560,2019,327.8378
2560,2020,330.80688
2560,2021,339.0545
2560,2022,327.24661
2560,2023,320.57709
2560,2024,327.70001
2580,2006,255.1916
2580,2007,271.66739
2580,2008,277.1387
2580,2009,282.88559
2580,2010,289.298
2580,2011,290.98669
2580,2012,298.22891
2580,2013,305.76169
2580,2014,318.08139
2580,2015,329.48129
2580,2016,328.76682
2580,2017,331.73209
2580,2018,335.10449
2580,2019,338.6416
2580,2020,342.05219
2580,2021,353.08609
2580,2022,339.18909
2580,2023,331.73431
2580,2024,343.70001
2581,2006,257.38269
2581,2007,272.3819
2581,2008,278.52029
2581,2009,285.65619
2581,2010,289.57159
2581,2011,291.7865
2581,2012,298.36099
2581,2013,304.3075
2581,2014,315.03571
2581,2015,327.8916
2581,2016,328.1109
2581,2017,333.14969
2581,2018,338.64389
2581,2019,343.48471
2581,2020,349.71371
2581,2021,359.2551
2581,2022,345.82999
2581,2023,337.08151
2581,2024,347.5
2582,2006,253.87691
2582,2007,267.02289
2582,2008,273.27039
2582,2009,280.392
2582,2010,284.37381
2582,2011,284.0553
2582,2012,291.22571
2582,2013,296.64041
2582,2014,306.95789
2582,2015,318.35291
2582,2016,321.8136
2582,2017,325.48151
2582,2018,330.42749
2582,2019,331.06659
2582,2020,338.22141
2582,2021,344.73969
2582,2022,335.50589
2582,2023,329.8833
2582,2024,338.79999
2583,2006,232.11189
2583,2007,244.8008
2583,2008,247.1591
2583,2009,250.3302
2583,2010,252.7767
2583,2011,256.06299
2583,2012,263.2131
2583,2013,262.66681
2583,2014,274.91141
2583,2015,283.90771
2583,2016,286.9166
2583,2017,289.2023
2583,2018,295.53922
2583,2019,300.64221
2583,2020,312.88879
2583,2021,321.75711
2583,2022,311.56509
2583,2023,300.47351
2583,2024,308.5
2584,2006,276.9567
2584,2007,293.53229
2584,2008,301.5921
2584,2009,305.88211
2584,2010,317.74911
2584,2011,324.71078
2584,2012,336.9444
2584,2013,346.21259
2584,2014,355.55731
2584,2015,365.9137
2584,2016,362.2207
2584,2017,362.9205
2584,2018,368.85519
2584,2019,374.65411
2584,2020,384.56149
2584,2021,392.76141
2584,2022,380.93201
2584,2023,371.94141
2584,2024,379.79999
