kommun,year,andel_adhd_lakemedel
0114,2006,0.0022
0114,2007,0.0031999999
0114,2008,0.0044
0114,2009,0.0060000001
0114,2010,0.0073000002
0114,2011,0.0089999996
0114,2012,0.0102
0114,2013,0.0113
0114,2014,0.0122
0114,2015,0.0133
0114,2016,0.0147
0114,2017,0.016000001
0114,2018,0.017200001
0114,2019,0.0177
0114,2020,0.02
0114,2021,0.021400001
0114,2022,0.021
0114,2023,0.023499999
0114,2024,0.0252
0114,2025,0.0277
0115,2006,0.0019
0115,2007,0.0026
0115,2008,0.0038000001
0115,2009,0.0054000001
0115,2010,0.0078999996
0115,2011,0.0105
0115,2012,0.013
0115,2013,0.0156
0115,2014,0.017899999
0115,2015,0.0186
0115,2016,0.020500001
0115,2017,0.022399999
0115,2018,0.0232
0115,2019,0.025
0115,2020,0.028100001
0115,2021,0.030999999
0115,2022,0.032699998
0115,2023,0.0374
0115,2024,0.040600002
0115,2025,0.043099999
0117,2006,0.0024000001
0117,2007,0.0033
0117,2008,0.0049000001
0117,2009,0.0071
0117,2010,0.0101
0117,2011,0.0124
0117,2012,0.0143
0117,2013,0.016000001
0117,2014,0.017200001
0117,2015,0.018200001
0117,2016,0.0186
0117,2017,0.019099999
0117,2018,0.0198
0117,2019,0.020500001
0117,2020,0.021400001
0117,2021,0.023
0117,2022,0.024
0117,2023,0.0265
0117,2024,0.0288
0117,2025,0.0319
0120,2006,0.00089999998
0120,2007,0.0015
0120,2008,0.0024999999
0120,2009,0.0038000001
0120,2010,0.0055
0120,2011,0.0074999998
0120,2012,0.0088
0120,2013,0.0105
0120,2014,0.0122
0120,2015,0.0142
0120,2016,0.0151
0120,2017,0.015699999
0120,2018,0.0173
0120,2019,0.019099999
0120,2020,0.020300001
0120,2021,0.0217
0120,2022,0.024900001
0120,2023,0.0284
0120,2024,0.032299999
0120,2025,0.036200002
0123,2006,0.0020000001
0123,2007,0.0027000001
0123,2008,0.0029
0123,2009,0.0043000001
0123,2010,0.0057999999
0123,2011,0.0068000001
0123,2012,0.0077
0123,2013,0.0088
0123,2014,0.0094999997
0123,2015,0.0099999998
0123,2016,0.0106
0123,2017,0.011
0123,2018,0.012
0123,2019,0.0126
0123,2020,0.0138
0123,2021,0.0152
0123,2022,0.0174
0123,2023,0.0198
0123,2024,0.022500001
0123,2025,0.024599999
0125,2006,0.0019
0125,2007,0.003
0125,2008,0.0043000001
0125,2009,0.0059000002
0125,2010,0.0073000002
0125,2011,0.0082999999
0125,2012,0.011
0125,2013,0.012
0125,2014,0.0134
0125,2015,0.0146
0125,2016,0.015799999
0125,2017,0.017000001
0125,2018,0.017000001
0125,2019,0.0195
0125,2020,0.021199999
0125,2021,0.0242
0125,2022,0.0254
0125,2023,0.028899999
0125,2024,0.031800002
0125,2025,0.033300001
0126,2006,0.0019
0126,2007,0.0027000001
0126,2008,0.0034
0126,2009,0.0046000001
0126,2010,0.0059000002
0126,2011,0.0073000002
0126,2012,0.0088999998
0126,2013,0.0102
0126,2014,0.0116
0126,2015,0.0128
0126,2016,0.0131
0126,2017,0.0151
0126,2018,0.0164
0126,2019,0.0173
0126,2020,0.018999999
0126,2021,0.020199999
0126,2022,0.021199999
0126,2023,0.0253
0126,2024,0.0283
0126,2025,0.031099999
0127,2006,0.0014
0127,2007,0.0018
0127,2008,0.0027999999
0127,2009,0.0035000001
0127,2010,0.0044
0127,2011,0.0049000001
0127,2012,0.0054000001
0127,2013,0.0066
0127,2014,0.0083999997
0127,2015,0.0103
0127,2016,0.0116
0127,2017,0.0121
0127,2018,0.0139
0127,2019,0.015
0127,2020,0.0165
0127,2021,0.0177
0127,2022,0.0196
0127,2023,0.021500001
0127,2024,0.0241
0127,2025,0.0263
0128,2006,0.0022
0128,2007,0.0035000001
0128,2008,0.0052
0128,2009,0.0074999998
0128,2010,0.0107
0128,2011,0.0131
0128,2012,0.014
0128,2013,0.0152
0128,2014,0.016000001
0128,2015,0.016799999
0128,2016,0.0185
0128,2017,0.0186
0128,2018,0.0197
0128,2019,0.019300001
0128,2020,0.0208
0128,2021,0.023
0128,2022,0.0243
0128,2023,0.027000001
0128,2024,0.0309
0128,2025,0.033300001
0136,2006,0.0019
0136,2007,0.0026
0136,2008,0.0035999999
0136,2009,0.0057999999
0136,2010,0.0085000005
0136,2011,0.011
0136,2012,0.0127
0136,2013,0.0134
0136,2014,0.0148
0136,2015,0.015799999
0136,2016,0.017000001
0136,2017,0.0186
0136,2018,0.019300001
0136,2019,0.0207
0136,2020,0.0221
0136,2021,0.0231
0136,2022,0.024900001
0136,2023,0.0275
0136,2024,0.0307
0136,2025,0.033
0138,2006,0.0014
0138,2007,0.0016
0138,2008,0.0024999999
0138,2009,0.0048000002
0138,2010,0.0071
0138,2011,0.0093
0138,2012,0.0106
0138,2013,0.0123
0138,2014,0.0137
0138,2015,0.015699999
0138,2016,0.017200001
0138,2017,0.018300001
0138,2018,0.020199999
0138,2019,0.0221
0138,2020,0.0233
0138,2021,0.0241
0138,2022,0.0255
0138,2023,0.0286
0138,2024,0.032000002
0138,2025,0.035500001
0139,2006,0.0020000001
0139,2007,0.0034
0139,2008,0.0052999998
0139,2009,0.0068999999
0139,2010,0.0080000004
0139,2011,0.0101
0139,2012,0.0118
0139,2013,0.0125
0139,2014,0.0127
0139,2015,0.013
0139,2016,0.0134
0139,2017,0.0134
0139,2018,0.0137
0139,2019,0.0143
0139,2020,0.0156
0139,2021,0.0187
0139,2022,0.0196
0139,2023,0.0232
0139,2024,0.0263
0139,2025,0.028999999
0140,2006,0.0015
0140,2007,0.0031000001
0140,2008,0.0043000001
0140,2009,0.0066999998
0140,2010,0.0107
0140,2011,0.0113
0140,2012,0.0145
0140,2013,0.015799999
0140,2014,0.0176
0140,2015,0.0186
0140,2016,0.017899999
0140,2017,0.0189
0140,2018,0.0209
0140,2019,0.0222
0140,2020,0.0229
0140,2021,0.025599999
0140,2022,0.028100001
0140,2023,0.030099999
0140,2024,0.032900002
0140,2025,0.032400001
0160,2006,0.0017
0160,2007,0.0023000001
0160,2008,0.0031000001
0160,2009,0.0040000002
0160,2010,0.0057000001
0160,2011,0.0071
0160,2012,0.0081000002
0160,2013,0.0092000002
0160,2014,0.0103
0160,2015,0.0111
0160,2016,0.0129
0160,2017,0.0138
0160,2018,0.015900001
0160,2019,0.0187
0160,2020,0.0206
0160,2021,0.0222
0160,2022,0.023399999
0160,2023,0.0266
0160,2024,0.029899999
0160,2025,0.032600001
0162,2006,0.0013
0162,2007,0.0016
0162,2008,0.0024000001
0162,2009,0.0029
0162,2010,0.0035999999
0162,2011,0.0046000001
0162,2012,0.0055999998
0162,2013,0.0066
0162,2014,0.0074999998
0162,2015,0.0081000002
0162,2016,0.0099999998
0162,2017,0.0121
0162,2018,0.0137
0162,2019,0.015799999
0162,2020,0.0176
0162,2021,0.020099999
0162,2022,0.0232
0162,2023,0.026699999
0162,2024,0.030300001
0162,2025,0.032200001
0163,2006,0.0018
0163,2007,0.0024999999
0163,2008,0.0033
0163,2009,0.0038999999
0163,2010,0.0052999998
0163,2011,0.0066
0163,2012,0.0077999998
0163,2013,0.0086000003
0163,2014,0.0096000005
0163,2015,0.011
0163,2016,0.0114
0163,2017,0.0122
0163,2018,0.0132
0163,2019,0.0145
0163,2020,0.016000001
0163,2021,0.0176
0163,2022,0.0197
0163,2023,0.021600001
0163,2024,0.0239
0163,2025,0.0263
0180,2006,0.0013
0180,2007,0.0019
0180,2008,0.0027000001
0180,2009,0.0038000001
0180,2010,0.0049999999
0180,2011,0.0063
0180,2012,0.0074999998
0180,2013,0.0085000005
0180,2014,0.0097000003
0180,2015,0.0109
0180,2016,0.0119
0180,2017,0.013
0180,2018,0.0143
0180,2019,0.0154
0180,2020,0.016899999
0180,2021,0.018999999
0180,2022,0.021500001
0180,2023,0.024499999
0180,2024,0.0274
0180,2025,0.030200001
0181,2006,0.0017
0181,2007,0.0027000001
0181,2008,0.0033
0181,2009,0.0046000001
0181,2010,0.0060000001
0181,2011,0.0076000001
0181,2012,0.0091000004
0181,2013,0.011
0181,2014,0.012
0181,2015,0.0133
0181,2016,0.0138
0181,2017,0.0142
0181,2018,0.015
0181,2019,0.015900001
0181,2020,0.016799999
0181,2021,0.016799999
0181,2022,0.0176
0181,2023,0.0187
0181,2024,0.020300001
0181,2025,0.021299999
0182,2006,0.0014
0182,2007,0.0015
0182,2008,0.0020999999
0182,2009,0.0027000001
0182,2010,0.0044
0182,2011,0.0059000002
0182,2012,0.0071999999
0182,2013,0.0088999998
0182,2014,0.0098999999
0182,2015,0.0114
0182,2016,0.0125
0182,2017,0.0133
0182,2018,0.0142
0182,2019,0.0154
0182,2020,0.017100001
0182,2021,0.018200001
0182,2022,0.020199999
0182,2023,0.022600001
0182,2024,0.025900001
0182,2025,0.028100001
0183,2006,0.00079999998
0183,2007,0.0014
0183,2008,0.0020000001
0183,2009,0.0024999999
0183,2010,0.0031999999
0183,2011,0.0038000001
0183,2012,0.0046999999
0183,2013,0.0055
0183,2014,0.0063
0183,2015,0.0073000002
0183,2016,0.0087000001
0183,2017,0.0094999997
0183,2018,0.0103
0183,2019,0.011
0183,2020,0.0127
0183,2021,0.0144
0183,2022,0.017000001
0183,2023,0.02
0183,2024,0.022299999
0183,2025,0.024599999
0184,2006,0.0011
0184,2007,0.0011
0184,2008,0.0017
0184,2009,0.0022
0184,2010,0.003
0184,2011,0.0038999999
0184,2012,0.0044999998
0184,2013,0.0055999998
0184,2014,0.0068000001
0184,2015,0.0073000002
0184,2016,0.0087000001
0184,2017,0.0091000004
0184,2018,0.0097000003
0184,2019,0.0106
0184,2020,0.0118
0184,2021,0.0134
0184,2022,0.0155
0184,2023,0.017999999
0184,2024,0.0199
0184,2025,0.022500001
0186,2006,0.0016
0186,2007,0.0019
0186,2008,0.0023000001
0186,2009,0.0031000001
0186,2010,0.0040000002
0186,2011,0.0051000002
0186,2012,0.0062000002
0186,2013,0.0071
0186,2014,0.0081000002
0186,2015,0.0091000004
0186,2016,0.0105
0186,2017,0.0119
0186,2018,0.0129
0186,2019,0.0147
0186,2020,0.016000001
0186,2021,0.017899999
0186,2022,0.0208
0186,2023,0.0241
0186,2024,0.0277
0186,2025,0.0308
0187,2006,0.0018
0187,2007,0.0024999999
0187,2008,0.0038000001
0187,2009,0.0052
0187,2010,0.0065000001
0187,2011,0.0068999999
0187,2012,0.0070000002
0187,2013,0.0088
0187,2014,0.0107
0187,2015,0.0126
0187,2016,0.0137
0187,2017,0.0146
0187,2018,0.0175
0187,2019,0.0188
0187,2020,0.0209
0187,2021,0.0243
0187,2022,0.0263
0187,2023,0.0274
0187,2024,0.029899999
0187,2025,0.0309
0188,2006,0.0026
0188,2007,0.0037
0188,2008,0.0046000001
0188,2009,0.0060000001
0188,2010,0.0077999998
0188,2011,0.0091000004
0188,2012,0.0104
0188,2013,0.0122
0188,2014,0.0136
0188,2015,0.0148
0188,2016,0.017200001
0188,2017,0.0184
0188,2018,0.019400001
0188,2019,0.020400001
0188,2020,0.0222
0188,2021,0.0239
0188,2022,0.0265
0188,2023,0.029100001
0188,2024,0.032699998
0188,2025,0.037300002
0191,2006,0.0024999999
0191,2007,0.0031000001
0191,2008,0.0038000001
0191,2009,0.0048000002
0191,2010,0.0062000002
0191,2011,0.0068000001
0191,2012,0.0082
0191,2013,0.0086000003
0191,2014,0.0088
0191,2015,0.0093999999
0191,2016,0.0096000005
0191,2017,0.0099999998
0191,2018,0.0107
0191,2019,0.0111
0191,2020,0.0127
0191,2021,0.0138
0191,2022,0.0148
0191,2023,0.0167
0191,2024,0.018100001
0191,2025,0.020099999
0192,2006,0.0020999999
0192,2007,0.0027999999
0192,2008,0.0034
0192,2009,0.0060999999
0192,2010,0.0088999998
0192,2011,0.0107
0192,2012,0.0134
0192,2013,0.0138
0192,2014,0.0164
0192,2015,0.018100001
0192,2016,0.019400001
0192,2017,0.020199999
0192,2018,0.0208
0192,2019,0.0222
0192,2020,0.0228
0192,2021,0.023600001
0192,2022,0.0254
0192,2023,0.0277
0192,2024,0.0305
0192,2025,0.033799998
0305,2006,0.0041
0305,2007,0.0049999999
0305,2008,0.0066
0305,2009,0.0097000003
0305,2010,0.012
0305,2011,0.014
0305,2012,0.0164
0305,2013,0.0176
0305,2014,0.020300001
0305,2015,0.0222
0305,2016,0.022
0305,2017,0.0219
0305,2018,0.0207
0305,2019,0.022299999
0305,2020,0.0231
0305,2021,0.023
0305,2022,0.022299999
0305,2023,0.024800001
0305,2024,0.0287
0305,2025,0.033
0319,2006,0.0035999999
0319,2007,0.0041
0319,2008,0.0049999999
0319,2009,0.0066999998
0319,2010,0.0088
0319,2011,0.0093999999
0319,2012,0.0114
0319,2013,0.0152
0319,2014,0.015799999
0319,2015,0.015900001
0319,2016,0.015900001
0319,2017,0.016000001
0319,2018,0.0146
0319,2019,0.016100001
0319,2020,0.0178
0319,2021,0.0185
0319,2022,0.0211
0319,2023,0.0239
0319,2024,0.024900001
0319,2025,0.0308
0330,2006,0.0029
0330,2007,0.0034
0330,2008,0.0038999999
0330,2009,0.0046999999
0330,2010,0.0055999998
0330,2011,0.0062000002
0330,2012,0.0060000001
0330,2013,0.0068999999
0330,2014,0.0081000002
0330,2015,0.0093999999
0330,2016,0.0097000003
0330,2017,0.0105
0330,2018,0.0122
0330,2019,0.0133
0330,2020,0.0155
0330,2021,0.0166
0330,2022,0.0197
0330,2023,0.022600001
0330,2024,0.0262
0330,2025,0.030099999
0331,2006,0.0033
0331,2007,0.0038999999
0331,2008,0.0052999998
0331,2009,0.0068999999
0331,2010,0.0077999998
0331,2011,0.0088999998
0331,2012,0.012
0331,2013,0.012
0331,2014,0.013
0331,2015,0.0143
0331,2016,0.0148
0331,2017,0.0162
0331,2018,0.015799999
0331,2019,0.016899999
0331,2020,0.0208
0331,2021,0.021500001
0331,2022,0.023800001
0331,2023,0.025900001
0331,2024,0.0277
0331,2025,0.032400001
0360,2006,0.0038000001
0360,2007,0.0048000002
0360,2008,0.0060999999
0360,2009,0.0074
0360,2010,0.0083999997
0360,2011,0.0088
0360,2012,0.0106
0360,2013,0.0144
0360,2014,0.0137
0360,2015,0.0131
0360,2016,0.0134
0360,2017,0.0133
0360,2018,0.013
0360,2019,0.015
0360,2020,0.016000001
0360,2021,0.0175
0360,2022,0.0186
0360,2023,0.0217
0360,2024,0.0255
0360,2025,0.029899999
0380,2006,0.0029
0380,2007,0.0035999999
0380,2008,0.0043000001
0380,2009,0.0051000002
0380,2010,0.0060000001
0380,2011,0.0066
0380,2012,0.0071
0380,2013,0.0077
0380,2014,0.0091000004
0380,2015,0.0099999998
0380,2016,0.0104
0380,2017,0.0109
0380,2018,0.0115
0380,2019,0.0131
0380,2020,0.0152
0380,2021,0.016799999
0380,2022,0.018999999
0380,2023,0.021500001
0380,2024,0.0243
0380,2025,0.028100001
0381,2006,0.0029
0381,2007,0.0035999999
0381,2008,0.0049999999
0381,2009,0.0070000002
0381,2010,0.0081000002
0381,2011,0.0094999997
0381,2012,0.0108
0381,2013,0.0119
0381,2014,0.0135
0381,2015,0.0138
0381,2016,0.0144
0381,2017,0.014
0381,2018,0.0142
0381,2019,0.016100001
0381,2020,0.017899999
0381,2021,0.0184
0381,2022,0.020099999
0381,2023,0.022600001
0381,2024,0.026900001
0381,2025,0.030400001
0382,2006,0.0024999999
0382,2007,0.0035999999
0382,2008,0.0041999999
0382,2009,0.0057999999
0382,2010,0.0073000002
0382,2011,0.0087000001
0382,2012,0.0078999996
0382,2013,0.0088999998
0382,2014,0.0094999997
0382,2015,0.0102
0382,2016,0.011
0382,2017,0.0109
0382,2018,0.0112
0382,2019,0.0127
0382,2020,0.0139
0382,2021,0.0151
0382,2022,0.018300001
0382,2023,0.020400001
0382,2024,0.022
0382,2025,0.0261
0428,2006,0.00069999998
0428,2007,0.0012000001
0428,2008,0.0022
0428,2009,0.0037
0428,2010,0.0051000002
0428,2011,0.0051000002
0428,2012,0.0062000002
0428,2013,0.0060000001
0428,2014,0.0073000002
0428,2015,0.0082999999
0428,2016,0.0088
0428,2017,0.0092000002
0428,2018,0.0102
0428,2019,0.012
0428,2020,0.013
0428,2021,0.0156
0428,2022,0.0185
0428,2023,0.0241
0428,2024,0.0277
0428,2025,0.027799999
0461,2006,0.0022
0461,2007,0.0024000001
0461,2008,0.0026
0461,2009,0.0029
0461,2010,0.0041
0461,2011,0.0052999998
0461,2012,0.0059000002
0461,2013,0.0065000001
0461,2014,0.0082999999
0461,2015,0.0109
0461,2016,0.0134
0461,2017,0.015
0461,2018,0.0165
0461,2019,0.0199
0461,2020,0.022500001
0461,2021,0.022600001
0461,2022,0.0243
0461,2023,0.029200001
0461,2024,0.033300001
0461,2025,0.035300002
0480,2006,0.0013
0480,2007,0.0018
0480,2008,0.0026
0480,2009,0.0031999999
0480,2010,0.0041999999
0480,2011,0.0052
0480,2012,0.0060999999
0480,2013,0.0066
0480,2014,0.0078999996
0480,2015,0.0082999999
0480,2016,0.0092000002
0480,2017,0.0103
0480,2018,0.0106
0480,2019,0.0114
0480,2020,0.0138
0480,2021,0.015699999
0480,2022,0.018100001
0480,2023,0.0222
0480,2024,0.025699999
0480,2025,0.0277
0481,2006,0.0020999999
0481,2007,0.0020999999
0481,2008,0.0031999999
0481,2009,0.0035000001
0481,2010,0.0046000001
0481,2011,0.0063999998
0481,2012,0.0074999998
0481,2013,0.0080000004
0481,2014,0.0074
0481,2015,0.0085000005
0481,2016,0.0101
0481,2017,0.0114
0481,2018,0.0137
0481,2019,0.0143
0481,2020,0.0166
0481,2021,0.0195
0481,2022,0.022
0481,2023,0.026699999
0481,2024,0.029300001
0481,2025,0.032099999
0482,2006,0.00069999998
0482,2007,0.0011
0482,2008,0.0022
0482,2009,0.0022
0482,2010,0.0027999999
0482,2011,0.0034
0482,2012,0.0046999999
0482,2013,0.0054000001
0482,2014,0.0070000002
0482,2015,0.0078999996
0482,2016,0.0082
0482,2017,0.0083999997
0482,2018,0.0101
0482,2019,0.0109
0482,2020,0.0119
0482,2021,0.0143
0482,2022,0.015799999
0482,2023,0.0184
0482,2024,0.019300001
0482,2025,0.0209
0483,2006,0.001
0483,2007,0.0019
0483,2008,0.0027999999
0483,2009,0.0034
0483,2010,0.0044999998
0483,2011,0.0054000001
0483,2012,0.0065000001
0483,2013,0.0068000001
0483,2014,0.0076000001
0483,2015,0.0080000004
0483,2016,0.0089999996
0483,2017,0.0092000002
0483,2018,0.0099999998
0483,2019,0.0101
0483,2020,0.0121
0483,2021,0.014
0483,2022,0.016000001
0483,2023,0.019300001
0483,2024,0.022299999
0483,2025,0.024900001
0484,2006,0.00089999998
0484,2007,0.0014
0484,2008,0.0017
0484,2009,0.0020000001
0484,2010,0.0026
0484,2011,0.0038999999
0484,2012,0.0048000002
0484,2013,0.0057000001
0484,2014,0.0063999998
0484,2015,0.0068999999
0484,2016,0.0077
0484,2017,0.0082999999
0484,2018,0.0086000003
0484,2019,0.0089999996
0484,2020,0.0098999999
0484,2021,0.0112
0484,2022,0.0128
0484,2023,0.0163
0484,2024,0.018999999
0484,2025,0.0221
0486,2006,0.00069999998
0486,2007,0.0015
0486,2008,0.0020000001
0486,2009,0.0029
0486,2010,0.0034
0486,2011,0.0041999999
0486,2012,0.0052999998
0486,2013,0.0060999999
0486,2014,0.0082
0486,2015,0.0102
0486,2016,0.0118
0486,2017,0.0124
0486,2018,0.0131
0486,2019,0.0141
0486,2020,0.015799999
0486,2021,0.0178
0486,2022,0.020099999
0486,2023,0.0231
0486,2024,0.0261
0486,2025,0.028999999
0488,2006,0.0013
0488,2007,0.0019
0488,2008,0.0026
0488,2009,0.0029
0488,2010,0.0031000001
0488,2011,0.0044999998
0488,2012,0.0062000002
0488,2013,0.0071
0488,2014,0.0083999997
0488,2015,0.0093
0488,2016,0.0118
0488,2017,0.0134
0488,2018,0.016100001
0488,2019,0.0186
0488,2020,0.020300001
0488,2021,0.022399999
0488,2022,0.0241
0488,2023,0.025900001
0488,2024,0.028000001
0488,2025,0.029200001
0509,2006,0.0017
0509,2007,0.0026
0509,2008,0.0044999998
0509,2009,0.0057999999
0509,2010,0.0066
0509,2011,0.0093
0509,2012,0.0092000002
0509,2013,0.0087000001
0509,2014,0.0097000003
0509,2015,0.0098999999
0509,2016,0.0103
0509,2017,0.0114
0509,2018,0.0109
0509,2019,0.0124
0509,2020,0.0112
0509,2021,0.0128
0509,2022,0.0152
0509,2023,0.0176
0509,2024,0.0243
0509,2025,0.024700001
0512,2006,0.0016
0512,2007,0.0024000001
0512,2008,0.0019
0512,2009,0.0024999999
0512,2010,0.0027000001
0512,2011,0.0035000001
0512,2012,0.0033
0512,2013,0.0049999999
0512,2014,0.0063
0512,2015,0.0071
0512,2016,0.0078999996
0512,2017,0.0077999998
0512,2018,0.0088
0512,2019,0.0098999999
0512,2020,0.0129
0512,2021,0.013
0512,2022,0.0149
0512,2023,0.0187
0512,2024,0.0188
0512,2025,0.0196
0513,2006,0.00060000003
0513,2007,0.0017
0513,2008,0.003
0513,2009,0.0035000001
0513,2010,0.0049000001
0513,2011,0.0055999998
0513,2012,0.0062000002
0513,2013,0.0068999999
0513,2014,0.0077
0513,2015,0.0093
0513,2016,0.0108
0513,2017,0.0116
0513,2018,0.0126
0513,2019,0.0135
0513,2020,0.014
0513,2021,0.016100001
0513,2022,0.018300001
0513,2023,0.020300001
0513,2024,0.0228
0513,2025,0.024700001
0560,2006,0.0020999999
0560,2007,0.0023000001
0560,2008,0.0034
0560,2009,0.0046000001
0560,2010,0.0055999998
0560,2011,0.0092000002
0560,2012,0.0104
0560,2013,0.0102
0560,2014,0.0092000002
0560,2015,0.0082999999
0560,2016,0.0114
0560,2017,0.0108
0560,2018,0.0108
0560,2019,0.0126
0560,2020,0.0114
0560,2021,0.0129
0560,2022,0.0136
0560,2023,0.017000001
0560,2024,0.018999999
0560,2025,0.0196
0561,2006,0.0012000001
0561,2007,0.0017
0561,2008,0.0022
0561,2009,0.0029
0561,2010,0.0035000001
0561,2011,0.0055
0561,2012,0.0074999998
0561,2013,0.0086000003
0561,2014,0.0104
0561,2015,0.0102
0561,2016,0.0108
0561,2017,0.0121
0561,2018,0.0131
0561,2019,0.016899999
0561,2020,0.0186
0561,2021,0.020199999
0561,2022,0.0221
0561,2023,0.0252
0561,2024,0.0277
0561,2025,0.030400001
0562,2006,0.00079999998
0562,2007,0.0015
0562,2008,0.0019
0562,2009,0.0026
0562,2010,0.0037
0562,2011,0.0043000001
0562,2012,0.0055
0562,2013,0.0059000002
0562,2014,0.0070000002
0562,2015,0.0071
0562,2016,0.0074999998
0562,2017,0.0085000005
0562,2018,0.0096000005
0562,2019,0.0101
0562,2020,0.0107
0562,2021,0.0121
0562,2022,0.013
0562,2023,0.0148
0562,2024,0.0176
0562,2025,0.0196
0563,2006,0.00060000003
0563,2007,0.0011
0563,2008,0.0019
0563,2009,0.0026
0563,2010,0.0027999999
0563,2011,0.0034
0563,2012,0.0034
0563,2013,0.0046000001
0563,2014,0.0051000002
0563,2015,0.0054000001
0563,2016,0.0059000002
0563,2017,0.0063
0563,2018,0.0074999998
0563,2019,0.0076000001
0563,2020,0.0089999996
0563,2021,0.0102
0563,2022,0.0111
0563,2023,0.0137
0563,2024,0.0163
0563,2025,0.018300001
0580,2006,0.0016
0580,2007,0.0020999999
0580,2008,0.003
0580,2009,0.0038999999
0580,2010,0.0048000002
0580,2011,0.0065000001
0580,2012,0.0077
0580,2013,0.0085000005
0580,2014,0.0092000002
0580,2015,0.0094999997
0580,2016,0.0103
0580,2017,0.0115
0580,2018,0.0119
0580,2019,0.0134
0580,2020,0.0147
0580,2021,0.0166
0580,2022,0.0186
0580,2023,0.021500001
0580,2024,0.024499999
0580,2025,0.027000001
0581,2006,0.001
0581,2007,0.0014
0581,2008,0.0020000001
0581,2009,0.0024999999
0581,2010,0.0035000001
0581,2011,0.0041999999
0581,2012,0.0049000001
0581,2013,0.0054000001
0581,2014,0.0057999999
0581,2015,0.0060999999
0581,2016,0.0066999998
0581,2017,0.0074
0581,2018,0.0088
0581,2019,0.0098999999
0581,2020,0.0112
0581,2021,0.0125
0581,2022,0.0145
0581,2023,0.017100001
0581,2024,0.0198
0581,2025,0.022500001
0582,2006,0.0016
0582,2007,0.0016
0582,2008,0.0024000001
0582,2009,0.0031000001
0582,2010,0.0035999999
0582,2011,0.0038000001
0582,2012,0.0046999999
0582,2013,0.0049999999
0582,2014,0.0052999998
0582,2015,0.0065000001
0582,2016,0.0073000002
0582,2017,0.0081000002
0582,2018,0.0088999998
0582,2019,0.0101
0582,2020,0.0118
0582,2021,0.012
0582,2022,0.0147
0582,2023,0.016799999
0582,2024,0.019099999
0582,2025,0.021
0583,2006,0.0018
0583,2007,0.0029
0583,2008,0.0041
0583,2009,0.0057000001
0583,2010,0.0077
0583,2011,0.0097000003
0583,2012,0.0111
0583,2013,0.0117
0583,2014,0.0124
0583,2015,0.0131
0583,2016,0.0129
0583,2017,0.0127
0583,2018,0.0123
0583,2019,0.0126
0583,2020,0.0131
0583,2021,0.0156
0583,2022,0.016899999
0583,2023,0.0185
0583,2024,0.019400001
0583,2025,0.0209
0584,2006,0.00050000002
0584,2007,0.0013
0584,2008,0.0023000001
0584,2009,0.0027000001
0584,2010,0.0038999999
0584,2011,0.0074
0584,2012,0.0066999998
0584,2013,0.0062000002
0584,2014,0.0081000002
0584,2015,0.0074
0584,2016,0.0071
0584,2017,0.0074999998
0584,2018,0.0089999996
0584,2019,0.0092000002
0584,2020,0.0105
0584,2021,0.0139
0584,2022,0.0162
0584,2023,0.018300001
0584,2024,0.0195
0584,2025,0.020300001
0586,2006,0.0017
0586,2007,0.0027000001
0586,2008,0.0034
0586,2009,0.0041
0586,2010,0.0046999999
0586,2011,0.0062000002
0586,2012,0.0071999999
0586,2013,0.0078999996
0586,2014,0.0089999996
0586,2015,0.0094999997
0586,2016,0.0101
0586,2017,0.0099999998
0586,2018,0.0106
0586,2019,0.0113
0586,2020,0.0134
0586,2021,0.0149
0586,2022,0.0167
0586,2023,0.0198
0586,2024,0.0229
0586,2025,0.023700001
0604,2006,0.00050000002
0604,2007,0.0014
0604,2008,0.0020999999
0604,2009,0.0031000001
0604,2010,0.0035999999
0604,2011,0.0044
0604,2012,0.0052999998
0604,2013,0.0055999998
0604,2014,0.0065000001
0604,2015,0.0074999998
0604,2016,0.0091000004
0604,2017,0.0099999998
0604,2018,0.0102
0604,2019,0.0115
0604,2020,0.0136
0604,2021,0.0144
0604,2022,0.0167
0604,2023,0.020099999
0604,2024,0.023
0604,2025,0.023800001
0617,2006,0.001
0617,2007,0.0014
0617,2008,0.0022
0617,2009,0.0024999999
0617,2010,0.0031000001
0617,2011,0.0035000001
0617,2012,0.0044
0617,2013,0.0049000001
0617,2014,0.0052999998
0617,2015,0.0046999999
0617,2016,0.0048000002
0617,2017,0.0051000002
0617,2018,0.0057999999
0617,2019,0.0060999999
0617,2020,0.0092000002
0617,2021,0.0117
0617,2022,0.0131
0617,2023,0.014
0617,2024,0.016899999
0617,2025,0.0173
0642,2006,0.0027999999
0642,2007,0.0038000001
0642,2008,0.0041
0642,2009,0.0049999999
0642,2010,0.0051000002
0642,2011,0.0071
0642,2012,0.0078999996
0642,2013,0.0092000002
0642,2014,0.0103
0642,2015,0.0108
0642,2016,0.0126
0642,2017,0.0134
0642,2018,0.012
0642,2019,0.0132
0642,2020,0.0137
0642,2021,0.0156
0642,2022,0.0198
0642,2023,0.0253
0642,2024,0.028200001
0642,2025,0.030099999
0643,2006,0.0011
0643,2007,0.0018
0643,2008,0.0027000001
0643,2009,0.0029
0643,2010,0.0033
0643,2011,0.0048000002
0643,2012,0.0051000002
0643,2013,0.0066999998
0643,2014,0.0074999998
0643,2015,0.0082
0643,2016,0.0087000001
0643,2017,0.0094999997
0643,2018,0.0089999996
0643,2019,0.0088
0643,2020,0.0106
0643,2021,0.0134
0643,2022,0.0174
0643,2023,0.0206
0643,2024,0.023399999
0643,2025,0.0277
0662,2006,0.00039999999
0662,2007,0.00089999998
0662,2008,0.0011
0662,2009,0.0015
0662,2010,0.0020999999
0662,2011,0.0024000001
0662,2012,0.0022
0662,2013,0.0033
0662,2014,0.0044999998
0662,2015,0.0048000002
0662,2016,0.0052
0662,2017,0.0052999998
0662,2018,0.0062000002
0662,2019,0.0078999996
0662,2020,0.0102
0662,2021,0.0133
0662,2022,0.0156
0662,2023,0.018999999
0662,2024,0.021299999
0662,2025,0.023
0665,2006,0.0012000001
0665,2007,0.0024000001
0665,2008,0.0024999999
0665,2009,0.0022
0665,2010,0.003
0665,2011,0.0035000001
0665,2012,0.0046000001
0665,2013,0.0049999999
0665,2014,0.0048000002
0665,2015,0.0059000002
0665,2016,0.0057999999
0665,2017,0.0060999999
0665,2018,0.0062000002
0665,2019,0.0077999998
0665,2020,0.0094999997
0665,2021,0.0136
0665,2022,0.015699999
0665,2023,0.019400001
0665,2024,0.022700001
0665,2025,0.0233
0680,2006,0.0013
0680,2007,0.0018
0680,2008,0.0024000001
0680,2009,0.003
0680,2010,0.0038000001
0680,2011,0.0048000002
0680,2012,0.0052999998
0680,2013,0.0059000002
0680,2014,0.0063999998
0680,2015,0.0068999999
0680,2016,0.0074999998
0680,2017,0.0083999997
0680,2018,0.0088
0680,2019,0.0091000004
0680,2020,0.0109
0680,2021,0.0125
0680,2022,0.0155
0680,2023,0.0198
0680,2024,0.0231
0680,2025,0.024900001
0682,2006,0.0013
0682,2007,0.0015
0682,2008,0.0026
0682,2009,0.0035999999
0682,2010,0.0044999998
0682,2011,0.0059000002
0682,2012,0.0062000002
0682,2013,0.0071999999
0682,2014,0.0081000002
0682,2015,0.0087000001
0682,2016,0.0096000005
0682,2017,0.0101
0682,2018,0.0112
0682,2019,0.0119
0682,2020,0.0138
0682,2021,0.016799999
0682,2022,0.018200001
0682,2023,0.0209
0682,2024,0.023499999
0682,2025,0.0264
0683,2006,0.00079999998
0683,2007,0.001
0683,2008,0.0012000001
0683,2009,0.0017
0683,2010,0.0022
0683,2011,0.003
0683,2012,0.0031999999
0683,2013,0.0035000001
0683,2014,0.0041
0683,2015,0.0049000001
0683,2016,0.0055999998
0683,2017,0.0060999999
0683,2018,0.0060999999
0683,2019,0.0073000002
0683,2020,0.0092000002
0683,2021,0.0114
0683,2022,0.0133
0683,2023,0.0164
0683,2024,0.0186
0683,2025,0.0208
0684,2006,0.0015
0684,2007,0.0019
0684,2008,0.0023000001
0684,2009,0.0031000001
0684,2010,0.0041999999
0684,2011,0.0049999999
0684,2012,0.0055
0684,2013,0.0063999998
0684,2014,0.0076000001
0684,2015,0.0088999998
0684,2016,0.0093999999
0684,2017,0.0086000003
0684,2018,0.0093999999
0684,2019,0.0109
0684,2020,0.0122
0684,2021,0.0145
0684,2022,0.0151
0684,2023,0.019200001
0684,2024,0.023
0684,2025,0.0252
0685,2006,0.0011
0685,2007,0.0019
0685,2008,0.0027000001
0685,2009,0.0035000001
0685,2010,0.0041
0685,2011,0.0052
0685,2012,0.0070000002
0685,2013,0.0087000001
0685,2014,0.0108
0685,2015,0.0114
0685,2016,0.0118
0685,2017,0.0124
0685,2018,0.0136
0685,2019,0.0138
0685,2020,0.015699999
0685,2021,0.0189
0685,2022,0.021500001
0685,2023,0.0241
0685,2024,0.0262
0685,2025,0.028100001
0686,2006,0.0011
0686,2007,0.0020999999
0686,2008,0.0026
0686,2009,0.0031000001
0686,2010,0.0038999999
0686,2011,0.0044
0686,2012,0.0052
0686,2013,0.0060999999
0686,2014,0.0087000001
0686,2015,0.0102
0686,2016,0.0106
0686,2017,0.0112
0686,2018,0.0121
0686,2019,0.0125
0686,2020,0.0134
0686,2021,0.0163
0686,2022,0.0186
0686,2023,0.022600001
0686,2024,0.0255
0686,2025,0.0266
0687,2006,0.0014
0687,2007,0.0019
0687,2008,0.0023000001
0687,2009,0.0044
0687,2010,0.0060000001
0687,2011,0.0087000001
0687,2012,0.0102
0687,2013,0.0108
0687,2014,0.0118
0687,2015,0.0126
0687,2016,0.012
0687,2017,0.0118
0687,2018,0.0129
0687,2019,0.0133
0687,2020,0.0155
0687,2021,0.017899999
0687,2022,0.019400001
0687,2023,0.0211
0687,2024,0.0218
0687,2025,0.025900001
0760,2006,0.0011
0760,2007,0.0014
0760,2008,0.0017
0760,2009,0.0024000001
0760,2010,0.0026
0760,2011,0.0040000002
0760,2012,0.0051000002
0760,2013,0.0046999999
0760,2014,0.0055999998
0760,2015,0.0057000001
0760,2016,0.0074
0760,2017,0.0071
0760,2018,0.0077999998
0760,2019,0.0088
0760,2020,0.0092000002
0760,2021,0.0105
0760,2022,0.012
0760,2023,0.0141
0760,2024,0.0163
0760,2025,0.0198
0761,2006,0.0017
0761,2007,0.0019
0761,2008,0.0026
0761,2009,0.0038000001
0761,2010,0.0054000001
0761,2011,0.0052
0761,2012,0.0074
0761,2013,0.0077
0761,2014,0.0082
0761,2015,0.0088999998
0761,2016,0.0088999998
0761,2017,0.0104
0761,2018,0.0107
0761,2019,0.011
0761,2020,0.0113
0761,2021,0.0138
0761,2022,0.0147
0761,2023,0.0207
0761,2024,0.0239
0761,2025,0.024800001
0763,2006,0.00079999998
0763,2007,0.001
0763,2008,0.0017
0763,2009,0.0027000001
0763,2010,0.0035999999
0763,2011,0.0038999999
0763,2012,0.0043000001
0763,2013,0.0055999998
0763,2014,0.0068000001
0763,2015,0.0077
0763,2016,0.0073000002
0763,2017,0.0074999998
0763,2018,0.0087000001
0763,2019,0.0101
0763,2020,0.0108
0763,2021,0.0124
0763,2022,0.0132
0763,2023,0.0148
0763,2024,0.0186
0763,2025,0.020199999
0764,2006,0.00069999998
0764,2007,0.00089999998
0764,2008,0.0015
0764,2009,0.0024000001
0764,2010,0.0033
0764,2011,0.0041999999
0764,2012,0.0054000001
0764,2013,0.0054000001
0764,2014,0.0063
0764,2015,0.0070000002
0764,2016,0.0077
0764,2017,0.0082999999
0764,2018,0.0086000003
0764,2019,0.0092000002
0764,2020,0.0102
0764,2021,0.0121
0764,2022,0.0145
0764,2023,0.017100001
0764,2024,0.0207
0764,2025,0.022700001
0765,2006,0.00079999998
0765,2007,0.0011
0765,2008,0.0012000001
0765,2009,0.0022
0765,2010,0.0026
0765,2011,0.0031999999
0765,2012,0.0038999999
0765,2013,0.0044
0765,2014,0.0051000002
0765,2015,0.0055999998
0765,2016,0.0055999998
0765,2017,0.0059000002
0765,2018,0.0051000002
0765,2019,0.0055999998
0765,2020,0.0063
0765,2021,0.0088999998
0765,2022,0.0113
0765,2023,0.0138
0765,2024,0.0176
0765,2025,0.019099999
0767,2006,0.001
0767,2007,0.001
0767,2008,0.0015
0767,2009,0.0020999999
0767,2010,0.0029
0767,2011,0.0035999999
0767,2012,0.0040000002
0767,2013,0.0044
0767,2014,0.0046000001
0767,2015,0.0043000001
0767,2016,0.0044
0767,2017,0.0052
0767,2018,0.0049999999
0767,2019,0.0060000001
0767,2020,0.0071999999
0767,2021,0.0103
0767,2022,0.012
0767,2023,0.0151
0767,2024,0.0176
0767,2025,0.020400001
0780,2006,0.001
0780,2007,0.0014
0780,2008,0.0020999999
0780,2009,0.0031999999
0780,2010,0.0046000001
0780,2011,0.0054000001
0780,2012,0.0062000002
0780,2013,0.0066
0780,2014,0.0066
0780,2015,0.0074
0780,2016,0.0083999997
0780,2017,0.0093
0780,2018,0.0097000003
0780,2019,0.0104
0780,2020,0.0113
0780,2021,0.0131
0780,2022,0.015
0780,2023,0.0178
0780,2024,0.021199999
0780,2025,0.022500001
0781,2006,0.00060000003
0781,2007,0.001
0781,2008,0.0011
0781,2009,0.0017
0781,2010,0.0024999999
0781,2011,0.0033
0781,2012,0.0034
0781,2013,0.0033
0781,2014,0.0033
0781,2015,0.0038999999
0781,2016,0.0041
0781,2017,0.0044999998
0781,2018,0.0049999999
0781,2019,0.0055
0781,2020,0.0063999998
0781,2021,0.0088999998
0781,2022,0.0116
0781,2023,0.014
0781,2024,0.0162
0781,2025,0.018300001
0821,2006,0.0017
0821,2007,0.003
0821,2008,0.0035000001
0821,2009,0.0043000001
0821,2010,0.0062000002
0821,2011,0.0068999999
0821,2012,0.0077
0821,2013,0.0080000004
0821,2014,0.0097000003
0821,2015,0.0111
0821,2016,0.0118
0821,2017,0.0105
0821,2018,0.011
0821,2019,0.0123
0821,2020,0.0148
0821,2021,0.016799999
0821,2022,0.0156
0821,2023,0.019099999
0821,2024,0.0199
0821,2025,0.0228
0834,2006,0.001
0834,2007,0.0020999999
0834,2008,0.0034
0834,2009,0.0044999998
0834,2010,0.0052999998
0834,2011,0.0057999999
0834,2012,0.0068999999
0834,2013,0.0086000003
0834,2014,0.0078999996
0834,2015,0.0083999997
0834,2016,0.0082
0834,2017,0.0082999999
0834,2018,0.0093
0834,2019,0.0104
0834,2020,0.0129
0834,2021,0.0132
0834,2022,0.0139
0834,2023,0.016000001
0834,2024,0.0199
0834,2025,0.020099999
0840,2006,0.0014
0840,2007,0.0022
0840,2008,0.0026
0840,2009,0.003
0840,2010,0.0038000001
0840,2011,0.0046000001
0840,2012,0.0043000001
0840,2013,0.0046999999
0840,2014,0.0048000002
0840,2015,0.0060000001
0840,2016,0.0063
0840,2017,0.0066999998
0840,2018,0.0071
0840,2019,0.0074999998
0840,2020,0.0074999998
0840,2021,0.0082999999
0840,2022,0.0101
0840,2023,0.0119
0840,2024,0.0139
0840,2025,0.015900001
0860,2006,0.0029
0860,2007,0.003
0860,2008,0.0038000001
0860,2009,0.0049999999
0860,2010,0.0055
0860,2011,0.0052
0860,2012,0.0055
0860,2013,0.0060999999
0860,2014,0.0071999999
0860,2015,0.0080000004
0860,2016,0.0074999998
0860,2017,0.0097000003
0860,2018,0.0119
0860,2019,0.015
0860,2020,0.0184
0860,2021,0.0211
0860,2022,0.022399999
0860,2023,0.024700001
0860,2024,0.0261
0860,2025,0.027899999
0861,2006,0.0020999999
0861,2007,0.0020999999
0861,2008,0.0031000001
0861,2009,0.0046999999
0861,2010,0.0060999999
0861,2011,0.0068000001
0861,2012,0.0074999998
0861,2013,0.0081000002
0861,2014,0.0089999996
0861,2015,0.0097000003
0861,2016,0.0108
0861,2017,0.0107
0861,2018,0.0113
0861,2019,0.0124
0861,2020,0.0144
0861,2021,0.0174
0861,2022,0.020500001
0861,2023,0.023600001
0861,2024,0.025800001
0861,2025,0.028999999
0862,2006,0.00079999998
0862,2007,0.0013
0862,2008,0.0018
0862,2009,0.0024999999
0862,2010,0.0051000002
0862,2011,0.0049999999
0862,2012,0.0044
0862,2013,0.0048000002
0862,2014,0.0040000002
0862,2015,0.0048000002
0862,2016,0.0055
0862,2017,0.0052999998
0862,2018,0.0049000001
0862,2019,0.0059000002
0862,2020,0.0063999998
0862,2021,0.0076000001
0862,2022,0.0097000003
0862,2023,0.012
0862,2024,0.0123
0862,2025,0.0144
0880,2006,0.0011
0880,2007,0.0017
0880,2008,0.0024000001
0880,2009,0.0031999999
0880,2010,0.0044999998
0880,2011,0.0055999998
0880,2012,0.0062000002
0880,2013,0.0066999998
0880,2014,0.0073000002
0880,2015,0.0081000002
0880,2016,0.0082999999
0880,2017,0.0083999997
0880,2018,0.0083999997
0880,2019,0.0083999997
0880,2020,0.0091000004
0880,2021,0.0104
0880,2022,0.0128
0880,2023,0.0154
0880,2024,0.0174
0880,2025,0.019300001
0881,2006,0.0017
0881,2007,0.0024000001
0881,2008,0.0035000001
0881,2009,0.0049000001
0881,2010,0.0057999999
0881,2011,0.0070000002
0881,2012,0.0081000002
0881,2013,0.0078999996
0881,2014,0.0080000004
0881,2015,0.0076000001
0881,2016,0.0080000004
0881,2017,0.0080000004
0881,2018,0.0077999998
0881,2019,0.0087000001
0881,2020,0.0098000001
0881,2021,0.0109
0881,2022,0.0132
0881,2023,0.0153
0881,2024,0.016000001
0881,2025,0.0185
0882,2006,0.0020999999
0882,2007,0.0031000001
0882,2008,0.0041999999
0882,2009,0.0055999998
0882,2010,0.0074999998
0882,2011,0.0077999998
0882,2012,0.0098000001
0882,2013,0.0105
0882,2014,0.0118
0882,2015,0.0132
0882,2016,0.0142
0882,2017,0.0146
0882,2018,0.016000001
0882,2019,0.016799999
0882,2020,0.0187
0882,2021,0.0218
0882,2022,0.0261
0882,2023,0.0295
0882,2024,0.0306
0882,2025,0.032400001
0883,2006,0.0026
0883,2007,0.0031999999
0883,2008,0.0041999999
0883,2009,0.0065000001
0883,2010,0.0080000004
0883,2011,0.0091000004
0883,2012,0.0098000001
0883,2013,0.0109
0883,2014,0.0121
0883,2015,0.0123
0883,2016,0.0137
0883,2017,0.0153
0883,2018,0.0165
0883,2019,0.016899999
0883,2020,0.0188
0883,2021,0.020099999
0883,2022,0.0222
0883,2023,0.026000001
0883,2024,0.0286
0883,2025,0.033100002
0884,2006,0.0019
0884,2007,0.0026
0884,2008,0.0034
0884,2009,0.0046000001
0884,2010,0.0054000001
0884,2011,0.0052999998
0884,2012,0.0059000002
0884,2013,0.0063
0884,2014,0.0066999998
0884,2015,0.0077
0884,2016,0.0088999998
0884,2017,0.0111
0884,2018,0.0116
0884,2019,0.0142
0884,2020,0.016799999
0884,2021,0.0198
0884,2022,0.0228
0884,2023,0.0254
0884,2024,0.0266
0884,2025,0.029200001
0885,2006,0.001
0885,2007,0.0020999999
0885,2008,0.0020000001
0885,2009,0.0029
0885,2010,0.0040000002
0885,2011,0.0049999999
0885,2012,0.0049000001
0885,2013,0.0051000002
0885,2014,0.0051000002
0885,2015,0.0063999998
0885,2016,0.0074
0885,2017,0.0082999999
0885,2018,0.0091000004
0885,2019,0.0088999998
0885,2020,0.0089999996
0885,2021,0.0103
0885,2022,0.0112
0885,2023,0.0117
0885,2024,0.0138
0885,2025,0.0154
0980,2006,0.0033
0980,2007,0.0051000002
0980,2008,0.0073000002
0980,2009,0.0088999998
0980,2010,0.0108
0980,2011,0.0127
0980,2012,0.0142
0980,2013,0.0144
0980,2014,0.014
0980,2015,0.0145
0980,2016,0.0156
0980,2017,0.017100001
0980,2018,0.018200001
0980,2019,0.02
0980,2020,0.021600001
0980,2021,0.0233
0980,2022,0.024700001
0980,2023,0.0273
0980,2024,0.0296
0980,2025,0.0308
1060,2006,0.00089999998
1060,2007,0.0016
1060,2008,0.0024000001
1060,2009,0.0022
1060,2010,0.0024999999
1060,2011,0.0041
1060,2012,0.0043000001
1060,2013,0.0057000001
1060,2014,0.0055999998
1060,2015,0.0068000001
1060,2016,0.0086000003
1060,2017,0.0098999999
1060,2018,0.0122
1060,2019,0.0124
1060,2020,0.0153
1060,2021,0.0198
1060,2022,0.024499999
1060,2023,0.0277
1060,2024,0.032400001
1060,2025,0.0381
1080,2006,0.0014
1080,2007,0.0019
1080,2008,0.0031999999
1080,2009,0.0041
1080,2010,0.0044999998
1080,2011,0.0049999999
1080,2012,0.0049000001
1080,2013,0.0055999998
1080,2014,0.0059000002
1080,2015,0.0065000001
1080,2016,0.0073000002
1080,2017,0.0085000005
1080,2018,0.0093999999
1080,2019,0.0104
1080,2020,0.0118
1080,2021,0.0131
1080,2022,0.015699999
1080,2023,0.0195
1080,2024,0.022399999
1080,2025,0.025599999
1081,2006,0.0024999999
1081,2007,0.0037
1081,2008,0.0040000002
1081,2009,0.0044
1081,2010,0.0046999999
1081,2011,0.0057000001
1081,2012,0.0063
1081,2013,0.0060999999
1081,2014,0.0060999999
1081,2015,0.0073000002
1081,2016,0.0082
1081,2017,0.0094999997
1081,2018,0.0106
1081,2019,0.0122
1081,2020,0.0142
1081,2021,0.015900001
1081,2022,0.0186
1081,2023,0.0217
1081,2024,0.0265
1081,2025,0.0305
1082,2006,0.001
1082,2007,0.0013
1082,2008,0.0020000001
1082,2009,0.0023000001
1082,2010,0.0027999999
1082,2011,0.0038000001
1082,2012,0.0049000001
1082,2013,0.0052999998
1082,2014,0.0066
1082,2015,0.0074
1082,2016,0.0076000001
1082,2017,0.0087000001
1082,2018,0.0092000002
1082,2019,0.0106
1082,2020,0.012
1082,2021,0.0152
1082,2022,0.0189
1082,2023,0.023600001
1082,2024,0.026699999
1082,2025,0.031199999
1083,2006,0.00079999998
1083,2007,0.0012000001
1083,2008,0.0017
1083,2009,0.0020999999
1083,2010,0.0020000001
1083,2011,0.0035999999
1083,2012,0.0049000001
1083,2013,0.0060000001
1083,2014,0.0071999999
1083,2015,0.0088999998
1083,2016,0.0107
1083,2017,0.0125
1083,2018,0.0141
1083,2019,0.016799999
1083,2020,0.021
1083,2021,0.024599999
1083,2022,0.029300001
1083,2023,0.035399999
1083,2024,0.041499998
1083,2025,0.044100001
1214,2006,0.0014
1214,2007,0.0018
1214,2008,0.0022
1214,2009,0.0035000001
1214,2010,0.0052
1214,2011,0.0085000005
1214,2012,0.0085000005
1214,2013,0.0094999997
1214,2014,0.0093999999
1214,2015,0.0098000001
1214,2016,0.0109
1214,2017,0.0114
1214,2018,0.0124
1214,2019,0.0135
1214,2020,0.015900001
1214,2021,0.018300001
1214,2022,0.021
1214,2023,0.023399999
1214,2024,0.027000001
1214,2025,0.0298
1230,2006,0.0019
1230,2007,0.0022
1230,2008,0.0024999999
1230,2009,0.0034
1230,2010,0.0044999998
1230,2011,0.0052
1230,2012,0.0057000001
1230,2013,0.0065000001
1230,2014,0.0071999999
1230,2015,0.0081000002
1230,2016,0.0093999999
1230,2017,0.0098999999
1230,2018,0.0107
1230,2019,0.0115
1230,2020,0.0132
1230,2021,0.016000001
1230,2022,0.0185
1230,2023,0.021199999
1230,2024,0.0229
1230,2025,0.0255
1231,2006,0.0017
1231,2007,0.0018
1231,2008,0.0023000001
1231,2009,0.0029
1231,2010,0.0037
1231,2011,0.0049000001
1231,2012,0.0055999998
1231,2013,0.0060000001
1231,2014,0.0068999999
1231,2015,0.0071999999
1231,2016,0.0077999998
1231,2017,0.0077
1231,2018,0.0078999996
1231,2019,0.0092000002
1231,2020,0.0094999997
1231,2021,0.0109
1231,2022,0.0132
1231,2023,0.0139
1231,2024,0.016799999
1231,2025,0.0176
1233,2006,0.001
1233,2007,0.0017
1233,2008,0.0017
1233,2009,0.0024999999
1233,2010,0.0035000001
1233,2011,0.0043000001
1233,2012,0.0049999999
1233,2013,0.0059000002
1233,2014,0.0068000001
1233,2015,0.0077999998
1233,2016,0.0081000002
1233,2017,0.0097000003
1233,2018,0.0105
1233,2019,0.011
1233,2020,0.0115
1233,2021,0.0134
1233,2022,0.0145
1233,2023,0.0174
1233,2024,0.0196
1233,2025,0.0219
1256,2006,0.0022
1256,2007,0.0038000001
1256,2008,0.0051000002
1256,2009,0.0063
1256,2010,0.0074
1256,2011,0.0083999997
1256,2012,0.0101
1256,2013,0.0096000005
1256,2014,0.0093999999
1256,2015,0.0104
1256,2016,0.0103
1256,2017,0.0122
1256,2018,0.0134
1256,2019,0.0167
1256,2020,0.0178
1256,2021,0.019099999
1256,2022,0.0206
1256,2023,0.0217
1256,2024,0.022299999
1256,2025,0.026000001
1257,2006,0.0012000001
1257,2007,0.0016
1257,2008,0.0029
1257,2009,0.0031999999
1257,2010,0.0043000001
1257,2011,0.0059000002
1257,2012,0.0060999999
1257,2013,0.0074
1257,2014,0.0082
1257,2015,0.0099999998
1257,2016,0.0105
1257,2017,0.0107
1257,2018,0.0105
1257,2019,0.0133
1257,2020,0.0148
1257,2021,0.0156
1257,2022,0.0187
1257,2023,0.021400001
1257,2024,0.0233
1257,2025,0.0266
1260,2006,0.00069999998
1260,2007,0.0013
1260,2008,0.0020999999
1260,2009,0.0034
1260,2010,0.0049999999
1260,2011,0.0055
1260,2012,0.0066999998
1260,2013,0.0086000003
1260,2014,0.0101
1260,2015,0.0098000001
1260,2016,0.0101
1260,2017,0.0102
1260,2018,0.011
1260,2019,0.0106
1260,2020,0.0126
1260,2021,0.0153
1260,2022,0.019400001
1260,2023,0.0221
1260,2024,0.025599999
1260,2025,0.028000001
1261,2006,0.0022
1261,2007,0.0023000001
1261,2008,0.0031999999
1261,2009,0.0041
1261,2010,0.0054000001
1261,2011,0.0060999999
1261,2012,0.0070000002
1261,2013,0.0073000002
1261,2014,0.0082999999
1261,2015,0.0092000002
1261,2016,0.0106
1261,2017,0.0121
1261,2018,0.013
1261,2019,0.0147
1261,2020,0.016899999
1261,2021,0.0195
1261,2022,0.021
1261,2023,0.022399999
1261,2024,0.024800001
1261,2025,0.026799999
1262,2006,0.0012000001
1262,2007,0.0016
1262,2008,0.0019
1262,2009,0.0024000001
1262,2010,0.003
1262,2011,0.0038000001
1262,2012,0.0038000001
1262,2013,0.0044
1262,2014,0.0044999998
1262,2015,0.0046999999
1262,2016,0.0055
1262,2017,0.0060000001
1262,2018,0.0059000002
1262,2019,0.0063
1262,2020,0.0077999998
1262,2021,0.0088
1262,2022,0.0105
1262,2023,0.0131
1262,2024,0.0146
1262,2025,0.0162
1263,2006,0.0011
1263,2007,0.0020000001
1263,2008,0.0023000001
1263,2009,0.0033
1263,2010,0.0038999999
1263,2011,0.0046000001
1263,2012,0.0059000002
1263,2013,0.0071
1263,2014,0.0097000003
1263,2015,0.0112
1263,2016,0.013
1263,2017,0.016100001
1263,2018,0.0165
1263,2019,0.017999999
1263,2020,0.0187
1263,2021,0.0199
1263,2022,0.022
1263,2023,0.023600001
1263,2024,0.0251
1263,2025,0.0272
1264,2006,0.001
1264,2007,0.0014
1264,2008,0.0016
1264,2009,0.0024000001
1264,2010,0.0037
1264,2011,0.0054000001
1264,2012,0.0063
1264,2013,0.0080000004
1264,2014,0.0083999997
1264,2015,0.0088
1264,2016,0.0103
1264,2017,0.0119
1264,2018,0.0131
1264,2019,0.0127
1264,2020,0.0146
1264,2021,0.017200001
1264,2022,0.019400001
1264,2023,0.0218
1264,2024,0.0251
1264,2025,0.0275
1265,2006,0.0017
1265,2007,0.0026
1265,2008,0.0031000001
1265,2009,0.0041
1265,2010,0.0041
1265,2011,0.0052
1265,2012,0.0065000001
1265,2013,0.0078999996
1265,2014,0.0092000002
1265,2015,0.0113
1265,2016,0.0118
1265,2017,0.0123
1265,2018,0.0139
1265,2019,0.015
1265,2020,0.0167
1265,2021,0.0174
1265,2022,0.0206
1265,2023,0.0229
1265,2024,0.0262
1265,2025,0.029100001
1266,2006,0.0027999999
1266,2007,0.0033
1266,2008,0.0035000001
1266,2009,0.0044999998
1266,2010,0.0052
1266,2011,0.0057000001
1266,2012,0.0070000002
1266,2013,0.0068000001
1266,2014,0.0077999998
1266,2015,0.0093999999
1266,2016,0.0103
1266,2017,0.011
1266,2018,0.0126
1266,2019,0.0133
1266,2020,0.0155
1266,2021,0.017999999
1266,2022,0.0195
1266,2023,0.0219
1266,2024,0.0229
1266,2025,0.026000001
1267,2006,0.0016
1267,2007,0.0020999999
1267,2008,0.0034
1267,2009,0.0041
1267,2010,0.0046999999
1267,2011,0.0060000001
1267,2012,0.0063999998
1267,2013,0.0076000001
1267,2014,0.0088
1267,2015,0.0104
1267,2016,0.0126
1267,2017,0.0144
1267,2018,0.016799999
1267,2019,0.017200001
1267,2020,0.019400001
1267,2021,0.0222
1267,2022,0.027100001
1267,2023,0.0285
1267,2024,0.031399999
1267,2025,0.032699998
1270,2006,0.0020999999
1270,2007,0.0029
1270,2008,0.0031999999
1270,2009,0.0038999999
1270,2010,0.0046999999
1270,2011,0.0068999999
1270,2012,0.0086000003
1270,2013,0.0093999999
1270,2014,0.0113
1270,2015,0.0116
1270,2016,0.0117
1270,2017,0.0122
1270,2018,0.0133
1270,2019,0.0151
1270,2020,0.0176
1270,2021,0.0209
1270,2022,0.0232
1270,2023,0.026900001
1270,2024,0.030099999
1270,2025,0.032099999
1272,2006,0.0038000001
1272,2007,0.0046000001
1272,2008,0.0063
1272,2009,0.0065000001
1272,2010,0.0077
1272,2011,0.0078999996
1272,2012,0.0081000002
1272,2013,0.0071
1272,2014,0.0071
1272,2015,0.0091000004
1272,2016,0.0092000002
1272,2017,0.0108
1272,2018,0.0138
1272,2019,0.0138
1272,2020,0.0156
1272,2021,0.0178
1272,2022,0.0199
1272,2023,0.0243
1272,2024,0.025900001
1272,2025,0.030999999
1273,2006,0.001
1273,2007,0.0016
1273,2008,0.0024999999
1273,2009,0.0048000002
1273,2010,0.0059000002
1273,2011,0.0066999998
1273,2012,0.0077999998
1273,2013,0.0101
1273,2014,0.0101
1273,2015,0.011
1273,2016,0.0125
1273,2017,0.0125
1273,2018,0.0139
1273,2019,0.0141
1273,2020,0.0151
1273,2021,0.0166
1273,2022,0.0176
1273,2023,0.020099999
1273,2024,0.022600001
1273,2025,0.0254
1275,2006,0.0012000001
1275,2007,0.0017
1275,2008,0.0022
1275,2009,0.0044
1275,2010,0.0060000001
1275,2011,0.0081000002
1275,2012,0.0085000005
1275,2013,0.0106
1275,2014,0.0117
1275,2015,0.0116
1275,2016,0.0124
1275,2017,0.0134
1275,2018,0.0131
1275,2019,0.0147
1275,2020,0.0153
1275,2021,0.0189
1275,2022,0.02
1275,2023,0.021600001
1275,2024,0.026000001
1275,2025,0.026699999
1276,2006,0.00069999998
1276,2007,0.00089999998
1276,2008,0.0014
1276,2009,0.0020000001
1276,2010,0.0038000001
1276,2011,0.0057000001
1276,2012,0.0066999998
1276,2013,0.0080000004
1276,2014,0.0091000004
1276,2015,0.0109
1276,2016,0.0111
1276,2017,0.013
1276,2018,0.0125
1276,2019,0.0132
1276,2020,0.0155
1276,2021,0.016899999
1276,2022,0.0211
1276,2023,0.0241
1276,2024,0.0253
1276,2025,0.028100001
1277,2006,0.0016
1277,2007,0.0020000001
1277,2008,0.0027999999
1277,2009,0.0038000001
1277,2010,0.0054000001
1277,2011,0.0070000002
1277,2012,0.0071999999
1277,2013,0.0085000005
1277,2014,0.0108
1277,2015,0.0115
1277,2016,0.0123
1277,2017,0.0134
1277,2018,0.0134
1277,2019,0.0139
1277,2020,0.0144
1277,2021,0.016000001
1277,2022,0.0173
1277,2023,0.020199999
1277,2024,0.0217
1277,2025,0.024900001
1278,2006,0.001
1278,2007,0.001
1278,2008,0.0012000001
1278,2009,0.0022
1278,2010,0.0029
1278,2011,0.0040000002
1278,2012,0.0046000001
1278,2013,0.0048000002
1278,2014,0.0044999998
1278,2015,0.0057000001
1278,2016,0.0057999999
1278,2017,0.0068000001
1278,2018,0.0074
1278,2019,0.0074999998
1278,2020,0.0085000005
1278,2021,0.0083999997
1278,2022,0.0102
1278,2023,0.0132
1278,2024,0.0147
1278,2025,0.0165
1280,2006,0.0011
1280,2007,0.0015
1280,2008,0.0019
1280,2009,0.0023000001
1280,2010,0.003
1280,2011,0.0035000001
1280,2012,0.0038000001
1280,2013,0.0043000001
1280,2014,0.0049000001
1280,2015,0.0057999999
1280,2016,0.0065000001
1280,2017,0.0068999999
1280,2018,0.0073000002
1280,2019,0.0078999996
1280,2020,0.0088999998
1280,2021,0.0102
1280,2022,0.0122
1280,2023,0.0143
1280,2024,0.016100001
1280,2025,0.017899999
1281,2006,0.0016
1281,2007,0.0018
1281,2008,0.0024000001
1281,2009,0.0031999999
1281,2010,0.0044999998
1281,2011,0.0049999999
1281,2012,0.0052999998
1281,2013,0.0057000001
1281,2014,0.0063999998
1281,2015,0.0073000002
1281,2016,0.0082
1281,2017,0.0091000004
1281,2018,0.0096000005
1281,2019,0.0111
1281,2020,0.0127
1281,2021,0.0151
1281,2022,0.0176
1281,2023,0.020500001
1281,2024,0.022700001
1281,2025,0.024900001
1282,2006,0.0015
1282,2007,0.0018
1282,2008,0.0020999999
1282,2009,0.0024999999
1282,2010,0.0035000001
1282,2011,0.0048000002
1282,2012,0.0059000002
1282,2013,0.0059000002
1282,2014,0.0060000001
1282,2015,0.0063999998
1282,2016,0.0071999999
1282,2017,0.0073000002
1282,2018,0.0073000002
1282,2019,0.0076000001
1282,2020,0.0088
1282,2021,0.0106
1282,2022,0.0113
1282,2023,0.0134
1282,2024,0.0152
1282,2025,0.017999999
1283,2006,0.00079999998
1283,2007,0.0011
1283,2008,0.0016
1283,2009,0.0024999999
1283,2010,0.0031999999
1283,2011,0.0035999999
1283,2012,0.0040000002
1283,2013,0.0046999999
1283,2014,0.0054000001
1283,2015,0.0062000002
1283,2016,0.0068000001
1283,2017,0.0070000002
1283,2018,0.0070000002
1283,2019,0.0076000001
1283,2020,0.0093
1283,2021,0.0112
1283,2022,0.0131
1283,2023,0.0154
1283,2024,0.0174
1283,2025,0.0197
1284,2006,0.00079999998
1284,2007,0.0012000001
1284,2008,0.0014
1284,2009,0.0019
1284,2010,0.0026
1284,2011,0.0027000001
1284,2012,0.0031000001
1284,2013,0.0041999999
1284,2014,0.0049000001
1284,2015,0.0059000002
1284,2016,0.0063
1284,2017,0.0062000002
1284,2018,0.0068999999
1284,2019,0.0071999999
1284,2020,0.0085000005
1284,2021,0.0106
1284,2022,0.0124
1284,2023,0.0153
1284,2024,0.0178
1284,2025,0.0207
1285,2006,0.0026
1285,2007,0.0027999999
1285,2008,0.0033
1285,2009,0.0046000001
1285,2010,0.0055999998
1285,2011,0.0060999999
1285,2012,0.0060000001
1285,2013,0.0070000002
1285,2014,0.0077
1285,2015,0.0088999998
1285,2016,0.011
1285,2017,0.0121
1285,2018,0.0148
1285,2019,0.0162
1285,2020,0.0175
1285,2021,0.0187
1285,2022,0.022
1285,2023,0.025
1285,2024,0.0261
1285,2025,0.0285
1286,2006,0.0012000001
1286,2007,0.0017
1286,2008,0.0022
1286,2009,0.0031000001
1286,2010,0.003
1286,2011,0.0041
1286,2012,0.0049000001
1286,2013,0.0059000002
1286,2014,0.0065000001
1286,2015,0.0078999996
1286,2016,0.0078999996
1286,2017,0.0082
1286,2018,0.0087000001
1286,2019,0.0102
1286,2020,0.0115
1286,2021,0.0129
1286,2022,0.0143
1286,2023,0.0164
1286,2024,0.0199
1286,2025,0.022399999
1287,2006,0.0015
1287,2007,0.0017
1287,2008,0.0022
1287,2009,0.0031999999
1287,2010,0.0041999999
1287,2011,0.0051000002
1287,2012,0.0060000001
1287,2013,0.0074999998
1287,2014,0.0088
1287,2015,0.0098000001
1287,2016,0.0107
1287,2017,0.0126
1287,2018,0.013
1287,2019,0.0135
1287,2020,0.0136
1287,2021,0.0152
1287,2022,0.017899999
1287,2023,0.0196
1287,2024,0.021299999
1287,2025,0.0241
1290,2006,0.0016
1290,2007,0.0022
1290,2008,0.0031000001
1290,2009,0.0037
1290,2010,0.0044
1290,2011,0.0055999998
1290,2012,0.0063
1290,2013,0.0068000001
1290,2014,0.0070000002
1290,2015,0.0077999998
1290,2016,0.0083999997
1290,2017,0.0097000003
1290,2018,0.0115
1290,2019,0.0125
1290,2020,0.014
1290,2021,0.0151
1290,2022,0.016899999
1290,2023,0.0188
1290,2024,0.0206
1290,2025,0.0244
1291,2006,0.0018
1291,2007,0.0024000001
1291,2008,0.0029
1291,2009,0.0044
1291,2010,0.0049000001
1291,2011,0.0066
1291,2012,0.0073000002
1291,2013,0.0077999998
1291,2014,0.0088999998
1291,2015,0.0092000002
1291,2016,0.0087000001
1291,2017,0.0088
1291,2018,0.0096000005
1291,2019,0.0111
1291,2020,0.0128
1291,2021,0.0154
1291,2022,0.0184
1291,2023,0.020099999
1291,2024,0.022
1291,2025,0.0242
1292,2006,0.0013
1292,2007,0.0015
1292,2008,0.0020000001
1292,2009,0.0024999999
1292,2010,0.0031999999
1292,2011,0.0037
1292,2012,0.0041
1292,2013,0.0048000002
1292,2014,0.0052
1292,2015,0.0062000002
1292,2016,0.0068000001
1292,2017,0.0068000001
1292,2018,0.0078999996
1292,2019,0.0088
1292,2020,0.0097000003
1292,2021,0.011
1292,2022,0.0131
1292,2023,0.0151
1292,2024,0.017100001
1292,2025,0.019400001
1293,2006,0.0017
1293,2007,0.0024999999
1293,2008,0.0031999999
1293,2009,0.0049000001
1293,2010,0.0068000001
1293,2011,0.0085000005
1293,2012,0.0093
1293,2013,0.0105
1293,2014,0.0116
1293,2015,0.0127
1293,2016,0.0137
1293,2017,0.0143
1293,2018,0.0144
1293,2019,0.0155
1293,2020,0.0164
1293,2021,0.017999999
1293,2022,0.0186
1293,2023,0.021500001
1293,2024,0.023399999
1293,2025,0.026699999
1315,2006,0.0031000001
1315,2007,0.0038999999
1315,2008,0.0046999999
1315,2009,0.0055999998
1315,2010,0.0063
1315,2011,0.0074999998
1315,2012,0.0078999996
1315,2013,0.0091000004
1315,2014,0.0114
1315,2015,0.012
1315,2016,0.0131
1315,2017,0.0132
1315,2018,0.0156
1315,2019,0.0178
1315,2020,0.0211
1315,2021,0.0233
1315,2022,0.0261
1315,2023,0.031199999
1315,2024,0.0363
1315,2025,0.041099999
1380,2006,0.0014
1380,2007,0.0019
1380,2008,0.0026
1380,2009,0.0040000002
1380,2010,0.0060999999
1380,2011,0.0078999996
1380,2012,0.0085000005
1380,2013,0.0092000002
1380,2014,0.0113
1380,2015,0.012
1380,2016,0.0133
1380,2017,0.0149
1380,2018,0.015900001
1380,2019,0.017200001
1380,2020,0.0189
1380,2021,0.020400001
1380,2022,0.0229
1380,2023,0.026699999
1380,2024,0.0295
1380,2025,0.031599998
1381,2006,0.0015
1381,2007,0.0020000001
1381,2008,0.0027999999
1381,2009,0.0033
1381,2010,0.0046999999
1381,2011,0.0052999998
1381,2012,0.0062000002
1381,2013,0.0077
1381,2014,0.0083999997
1381,2015,0.0113
1381,2016,0.0126
1381,2017,0.0143
1381,2018,0.0152
1381,2019,0.016100001
1381,2020,0.017000001
1381,2021,0.017899999
1381,2022,0.020099999
1381,2023,0.0219
1381,2024,0.0241
1381,2025,0.025599999
1382,2006,0.0015
1382,2007,0.0020000001
1382,2008,0.0035999999
1382,2009,0.0048000002
1382,2010,0.0063999998
1382,2011,0.0077999998
1382,2012,0.0082
1382,2013,0.0088999998
1382,2014,0.0098000001
1382,2015,0.0129
1382,2016,0.0146
1382,2017,0.0167
1382,2018,0.0178
1382,2019,0.0188
1382,2020,0.020300001
1382,2021,0.022299999
1382,2022,0.024
1382,2023,0.026699999
1382,2024,0.029999999
1382,2025,0.032600001
1383,2006,0.0020000001
1383,2007,0.0026
1383,2008,0.0033
1383,2009,0.0044
1383,2010,0.0057000001
1383,2011,0.0065000001
1383,2012,0.0074
1383,2013,0.0080000004
1383,2014,0.0091000004
1383,2015,0.0103
1383,2016,0.0114
1383,2017,0.0117
1383,2018,0.0125
1383,2019,0.0143
1383,2020,0.016899999
1383,2021,0.018300001
1383,2022,0.021
1383,2023,0.0239
1383,2024,0.0265
1383,2025,0.0276
1384,2006,0.0043000001
1384,2007,0.0049999999
1384,2008,0.0060000001
1384,2009,0.0068000001
1384,2010,0.0074
1384,2011,0.0083999997
1384,2012,0.0089999996
1384,2013,0.0101
1384,2014,0.0113
1384,2015,0.0127
1384,2016,0.0143
1384,2017,0.0155
1384,2018,0.017100001
1384,2019,0.0185
1384,2020,0.020300001
1384,2021,0.022500001
1384,2022,0.0251
1384,2023,0.0286
1384,2024,0.032499999
1384,2025,0.034899998
1401,2006,0.0035000001
1401,2007,0.0041999999
1401,2008,0.0048000002
1401,2009,0.0052999998
1401,2010,0.0065000001
1401,2011,0.0076000001
1401,2012,0.0082
1401,2013,0.0082999999
1401,2014,0.0089999996
1401,2015,0.0097000003
1401,2016,0.0109
1401,2017,0.0115
1401,2018,0.012
1401,2019,0.0138
1401,2020,0.0155
1401,2021,0.016899999
1401,2022,0.0187
1401,2023,0.0209
1401,2024,0.0229
1401,2025,0.025599999
1402,2006,0.0024000001
1402,2007,0.003
1402,2008,0.0035000001
1402,2009,0.0046000001
1402,2010,0.0054000001
1402,2011,0.0057999999
1402,2012,0.0063999998
1402,2013,0.0071
1402,2014,0.0068999999
1402,2015,0.0077999998
1402,2016,0.0086000003
1402,2017,0.0088
1402,2018,0.0094999997
1402,2019,0.0107
1402,2020,0.0121
1402,2021,0.0132
1402,2022,0.0134
1402,2023,0.0156
1402,2024,0.0177
1402,2025,0.0208
1407,2006,0.0020000001
1407,2007,0.003
1407,2008,0.0035999999
1407,2009,0.0059000002
1407,2010,0.0063999998
1407,2011,0.0066
1407,2012,0.0083999997
1407,2013,0.0101
1407,2014,0.012
1407,2015,0.014
1407,2016,0.0153
1407,2017,0.0142
1407,2018,0.015799999
1407,2019,0.016000001
1407,2020,0.0162
1407,2021,0.0185
1407,2022,0.0195
1407,2023,0.0208
1407,2024,0.0209
1407,2025,0.0231
1415,2006,0.0049999999
1415,2007,0.0057999999
1415,2008,0.0073000002
1415,2009,0.0086000003
1415,2010,0.0107
1415,2011,0.011
1415,2012,0.0106
1415,2013,0.0111
1415,2014,0.0112
1415,2015,0.0122
1415,2016,0.0123
1415,2017,0.0128
1415,2018,0.0127
1415,2019,0.0127
1415,2020,0.0141
1415,2021,0.0163
1415,2022,0.0186
1415,2023,0.020300001
1415,2024,0.0243
1415,2025,0.0277
1419,2006,0.0020999999
1419,2007,0.0033
1419,2008,0.0055
1419,2009,0.0062000002
1419,2010,0.0068000001
1419,2011,0.0077
1419,2012,0.0077999998
1419,2013,0.0087000001
1419,2014,0.0097000003
1419,2015,0.0106
1419,2016,0.0117
1419,2017,0.0098000001
1419,2018,0.0097000003
1419,2019,0.0119
1419,2020,0.0124
1419,2021,0.0154
1419,2022,0.016000001
1419,2023,0.016799999
1419,2024,0.0208
1419,2025,0.023700001
1421,2006,0.0011
1421,2007,0.0016
1421,2008,0.0018
1421,2009,0.0027000001
1421,2010,0.0034
1421,2011,0.0035999999
1421,2012,0.0044999998
1421,2013,0.0054000001
1421,2014,0.0066999998
1421,2015,0.0088
1421,2016,0.0105
1421,2017,0.0113
1421,2018,0.0132
1421,2019,0.0141
1421,2020,0.0152
1421,2021,0.0177
1421,2022,0.019099999
1421,2023,0.0209
1421,2024,0.022299999
1421,2025,0.0243
1427,2006,0.0014
1427,2007,0.0022
1427,2008,0.0029
1427,2009,0.0041
1427,2010,0.0035999999
1427,2011,0.0052999998
1427,2012,0.0063999998
1427,2013,0.0074999998
1427,2014,0.0077
1427,2015,0.0082999999
1427,2016,0.0083999997
1427,2017,0.0083999997
1427,2018,0.0093
1427,2019,0.0109
1427,2020,0.0122
1427,2021,0.0132
1427,2022,0.0144
1427,2023,0.0151
1427,2024,0.0185
1427,2025,0.0217
1430,2006,0.0018
1430,2007,0.0022
1430,2008,0.0027000001
1430,2009,0.0043000001
1430,2010,0.0060000001
1430,2011,0.0073000002
1430,2012,0.0082
1430,2013,0.0093
1430,2014,0.0106
1430,2015,0.0103
1430,2016,0.0104
1430,2017,0.0115
1430,2018,0.0129
1430,2019,0.0142
1430,2020,0.015900001
1430,2021,0.0188
1430,2022,0.021400001
1430,2023,0.0231
1430,2024,0.0286
1430,2025,0.030999999
1435,2006,0.0016
1435,2007,0.003
1435,2008,0.0046000001
1435,2009,0.0052
1435,2010,0.0052999998
1435,2011,0.0073000002
1435,2012,0.0086000003
1435,2013,0.0098000001
1435,2014,0.0113
1435,2015,0.0113
1435,2016,0.0109
1435,2017,0.0108
1435,2018,0.0106
1435,2019,0.012
1435,2020,0.0128
1435,2021,0.0138
1435,2022,0.0156
1435,2023,0.0174
1435,2024,0.020500001
1435,2025,0.0233
1438,2006,0.0016
1438,2007,0.0017
1438,2008,0.0020999999
1438,2009,0.0027000001
1438,2010,0.0038000001
1438,2011,0.0051000002
1438,2012,0.0057999999
1438,2013,0.0057000001
1438,2014,0.0080000004
1438,2015,0.0077
1438,2016,0.0098000001
1438,2017,0.0101
1438,2018,0.0125
1438,2019,0.0137
1438,2020,0.016799999
1438,2021,0.0177
1438,2022,0.0187
1438,2023,0.019300001
1438,2024,0.022600001
1438,2025,0.0254
1439,2006,0.0019
1439,2007,0.0024000001
1439,2008,0.0031000001
1439,2009,0.0035999999
1439,2010,0.0038000001
1439,2011,0.0055999998
1439,2012,0.0068999999
1439,2013,0.0063
1439,2014,0.0077999998
1439,2015,0.0102
1439,2016,0.0098000001
1439,2017,0.0114
1439,2018,0.0111
1439,2019,0.0154
1439,2020,0.016100001
1439,2021,0.019099999
1439,2022,0.018999999
1439,2023,0.0211
1439,2024,0.026799999
1439,2025,0.0306
1440,2006,0.0022
1440,2007,0.0027000001
1440,2008,0.0046000001
1440,2009,0.0057999999
1440,2010,0.0073000002
1440,2011,0.0086000003
1440,2012,0.0102
1440,2013,0.011
1440,2014,0.0126
1440,2015,0.0132
1440,2016,0.0142
1440,2017,0.014
1440,2018,0.0141
1440,2019,0.0138
1440,2020,0.0145
1440,2021,0.015799999
1440,2022,0.0186
1440,2023,0.0206
1440,2024,0.024
1440,2025,0.0287
1441,2006,0.0022
1441,2007,0.0026
1441,2008,0.0026
1441,2009,0.0033
1441,2010,0.0037
1441,2011,0.0040000002
1441,2012,0.0043000001
1441,2013,0.0049999999
1441,2014,0.0055999998
1441,2015,0.0071999999
1441,2016,0.0078999996
1441,2017,0.0082999999
1441,2018,0.0096000005
1441,2019,0.0114
1441,2020,0.0132
1441,2021,0.0138
1441,2022,0.0162
1441,2023,0.018200001
1441,2024,0.021
1441,2025,0.0262
1442,2006,0.0024000001
1442,2007,0.0024999999
1442,2008,0.0035000001
1442,2009,0.0049000001
1442,2010,0.0055
1442,2011,0.0057999999
1442,2012,0.0071
1442,2013,0.0071999999
1442,2014,0.0073000002
1442,2015,0.0077999998
1442,2016,0.0077999998
1442,2017,0.0081000002
1442,2018,0.0087000001
1442,2019,0.0089999996
1442,2020,0.0101
1442,2021,0.0108
1442,2022,0.0113
1442,2023,0.0141
1442,2024,0.0176
1442,2025,0.021199999
1443,2006,0.0011
1443,2007,0.0011
1443,2008,0.001
1443,2009,0.0016
1443,2010,0.0029
1443,2011,0.003
1443,2012,0.0035000001
1443,2013,0.0043000001
1443,2014,0.0046000001
1443,2015,0.0052999998
1443,2016,0.0073000002
1443,2017,0.0077999998
1443,2018,0.0086000003
1443,2019,0.0099999998
1443,2020,0.0125
1443,2021,0.0152
1443,2022,0.0162
1443,2023,0.017999999
1443,2024,0.022500001
1443,2025,0.0261
1444,2006,0.0048000002
1444,2007,0.0057000001
1444,2008,0.0055
1444,2009,0.0071999999
1444,2010,0.0076000001
1444,2011,0.0098999999
1444,2012,0.0082999999
1444,2013,0.0096000005
1444,2014,0.0088999998
1444,2015,0.0097000003
1444,2016,0.0126
1444,2017,0.0113
1444,2018,0.0119
1444,2019,0.0126
1444,2020,0.0118
1444,2021,0.0147
1444,2022,0.0163
1444,2023,0.018200001
1444,2024,0.020199999
1444,2025,0.0253
1445,2006,0.0080000004
1445,2007,0.0098000001
1445,2008,0.0107
1445,2009,0.012
1445,2010,0.0108
1445,2011,0.0124
1445,2012,0.0142
1445,2013,0.0144
1445,2014,0.0125
1445,2015,0.015900001
1445,2016,0.0174
1445,2017,0.0167
1445,2018,0.0148
1445,2019,0.0154
1445,2020,0.0178
1445,2021,0.018100001
1445,2022,0.020099999
1445,2023,0.024800001
1445,2024,0.0284
1445,2025,0.033300001
1446,2006,0.0026
1446,2007,0.0034
1446,2008,0.0041
1446,2009,0.0041
1446,2010,0.0055
1446,2011,0.0068000001
1446,2012,0.0077999998
1446,2013,0.0089999996
1446,2014,0.0109
1446,2015,0.013
1446,2016,0.0119
1446,2017,0.0138
1446,2018,0.0143
1446,2019,0.014
1446,2020,0.0141
1446,2021,0.0141
1446,2022,0.0163
1446,2023,0.0174
1446,2024,0.0195
1446,2025,0.0217
1447,2006,0.0040000002
1447,2007,0.0046000001
1447,2008,0.0055999998
1447,2009,0.0068999999
1447,2010,0.0063999998
1447,2011,0.0077999998
1447,2012,0.0093999999
1447,2013,0.0112
1447,2014,0.0115
1447,2015,0.0117
1447,2016,0.0122
1447,2017,0.0138
1447,2018,0.0147
1447,2019,0.0142
1447,2020,0.0155
1447,2021,0.0163
1447,2022,0.021600001
1447,2023,0.022700001
1447,2024,0.022299999
1447,2025,0.025900001
1452,2006,0.0011
1452,2007,0.0013
1452,2008,0.0018
1452,2009,0.0022
1452,2010,0.0024999999
1452,2011,0.0034
1452,2012,0.0035999999
1452,2013,0.0037
1452,2014,0.0041999999
1452,2015,0.0046000001
1452,2016,0.0052999998
1452,2017,0.0054000001
1452,2018,0.0066999998
1452,2019,0.0074
1452,2020,0.0083999997
1452,2021,0.0106
1452,2022,0.0118
1452,2023,0.0138
1452,2024,0.0174
1452,2025,0.0195
1460,2006,0.00050000002
1460,2007,0.0012000001
1460,2008,0.0012000001
1460,2009,0.0022
1460,2010,0.0031000001
1460,2011,0.0034
1460,2012,0.0044999998
1460,2013,0.0068000001
1460,2014,0.0066999998
1460,2015,0.0076000001
1460,2016,0.0088999998
1460,2017,0.0089999996
1460,2018,0.0108
1460,2019,0.0132
1460,2020,0.015699999
1460,2021,0.0164
1460,2022,0.016000001
1460,2023,0.0184
1460,2024,0.022600001
1460,2025,0.024700001
1461,2006,0.0012000001
1461,2007,0.0020000001
1461,2008,0.0026
1461,2009,0.003
1461,2010,0.0027999999
1461,2011,0.0046999999
1461,2012,0.0057000001
1461,2013,0.0060999999
1461,2014,0.0077999998
1461,2015,0.0086000003
1461,2016,0.0085000005
1461,2017,0.0083999997
1461,2018,0.0104
1461,2019,0.0128
1461,2020,0.0128
1461,2021,0.0141
1461,2022,0.0155
1461,2023,0.018300001
1461,2024,0.0243
1461,2025,0.0287
1462,2006,0.0012000001
1462,2007,0.0018
1462,2008,0.0031999999
1462,2009,0.0048000002
1462,2010,0.0065000001
1462,2011,0.0074999998
1462,2012,0.0093
1462,2013,0.0082999999
1462,2014,0.0109
1462,2015,0.0125
1462,2016,0.014
1462,2017,0.0135
1462,2018,0.0145
1462,2019,0.0155
1462,2020,0.0188
1462,2021,0.019400001
1462,2022,0.02
1462,2023,0.0209
1462,2024,0.0243
1462,2025,0.027899999
1463,2006,0.0011
1463,2007,0.0015
1463,2008,0.0019
1463,2009,0.0024000001
1463,2010,0.0026
1463,2011,0.0035999999
1463,2012,0.0044999998
1463,2013,0.0052
1463,2014,0.0073000002
1463,2015,0.0080000004
1463,2016,0.0093999999
1463,2017,0.0106
1463,2018,0.0116
1463,2019,0.0123
1463,2020,0.0131
1463,2021,0.0156
1463,2022,0.016799999
1463,2023,0.0198
1463,2024,0.022600001
1463,2025,0.0244
1465,2006,0.0013
1465,2007,0.0017
1465,2008,0.0016
1465,2009,0.0024000001
1465,2010,0.003
1465,2011,0.0044999998
1465,2012,0.0046999999
1465,2013,0.0051000002
1465,2014,0.0060999999
1465,2015,0.0073000002
1465,2016,0.0077
1465,2017,0.0097000003
1465,2018,0.0104
1465,2019,0.0112
1465,2020,0.0118
1465,2021,0.0122
1465,2022,0.0129
1465,2023,0.0152
1465,2024,0.018300001
1465,2025,0.0217
1466,2006,0.001
1466,2007,0.0011
1466,2008,0.0011
1466,2009,0.0020999999
1466,2010,0.0031999999
1466,2011,0.0038999999
1466,2012,0.0052
1466,2013,0.0059000002
1466,2014,0.0071
1466,2015,0.0074
1466,2016,0.0091000004
1466,2017,0.011
1466,2018,0.0107
1466,2019,0.0109
1466,2020,0.0123
1466,2021,0.0132
1466,2022,0.0138
1466,2023,0.015900001
1466,2024,0.0197
1466,2025,0.0219
1470,2006,0.0040000002
1470,2007,0.0051000002
1470,2008,0.0063999998
1470,2009,0.0070000002
1470,2010,0.0068999999
1470,2011,0.0082999999
1470,2012,0.0087000001
1470,2013,0.0092000002
1470,2014,0.0109
1470,2015,0.0125
1470,2016,0.0131
1470,2017,0.0141
1470,2018,0.0154
1470,2019,0.016000001
1470,2020,0.0175
1470,2021,0.02
1470,2022,0.024
1470,2023,0.0276
1470,2024,0.0296
1470,2025,0.033199999
1471,2006,0.0018
1471,2007,0.0020999999
1471,2008,0.0027000001
1471,2009,0.0038999999
1471,2010,0.0055
1471,2011,0.0065000001
1471,2012,0.0073000002
1471,2013,0.0081000002
1471,2014,0.0088999998
1471,2015,0.0106
1471,2016,0.011
1471,2017,0.0105
1471,2018,0.0113
1471,2019,0.0121
1471,2020,0.0142
1471,2021,0.017200001
1471,2022,0.0197
1471,2023,0.0228
1471,2024,0.0266
1471,2025,0.030400001
1472,2006,0.0023000001
1472,2007,0.0027999999
1472,2008,0.0040000002
1472,2009,0.0041
1472,2010,0.0049000001
1472,2011,0.0062000002
1472,2012,0.0066999998
1472,2013,0.0074
1472,2014,0.0080000004
1472,2015,0.0082
1472,2016,0.0085000005
1472,2017,0.0092000002
1472,2018,0.0098999999
1472,2019,0.0114
1472,2020,0.0111
1472,2021,0.014
1472,2022,0.0174
1472,2023,0.0209
1472,2024,0.0228
1472,2025,0.028000001
1473,2006,0.0027999999
1473,2007,0.0035999999
1473,2008,0.0044999998
1473,2009,0.0055
1473,2010,0.0066
1473,2011,0.0087000001
1473,2012,0.0108
1473,2013,0.0122
1473,2014,0.0142
1473,2015,0.015900001
1473,2016,0.0153
1473,2017,0.0165
1473,2018,0.0178
1473,2019,0.02
1473,2020,0.021
1473,2021,0.022500001
1473,2022,0.027000001
1473,2023,0.028200001
1473,2024,0.0306
1473,2025,0.0352
1480,2006,0.0017
1480,2007,0.0022
1480,2008,0.0027999999
1480,2009,0.0033
1480,2010,0.0038999999
1480,2011,0.0046000001
1480,2012,0.0052
1480,2013,0.0057999999
1480,2014,0.0065000001
1480,2015,0.0073000002
1480,2016,0.0080000004
1480,2017,0.0085000005
1480,2018,0.0087000001
1480,2019,0.0097000003
1480,2020,0.0109
1480,2021,0.0123
1480,2022,0.0138
1480,2023,0.0156
1480,2024,0.017899999
1480,2025,0.020500001
1481,2006,0.0019
1481,2007,0.0026
1481,2008,0.0031999999
1481,2009,0.0037
1481,2010,0.0044999998
1481,2011,0.0057000001
1481,2012,0.0065000001
1481,2013,0.0071
1481,2014,0.0077
1481,2015,0.0085000005
1481,2016,0.0094999997
1481,2017,0.0098000001
1481,2018,0.0106
1481,2019,0.0115
1481,2020,0.013
1481,2021,0.0143
1481,2022,0.016000001
1481,2023,0.0185
1481,2024,0.0208
1481,2025,0.0232
1482,2006,0.0037
1482,2007,0.0043000001
1482,2008,0.0051000002
1482,2009,0.0052999998
1482,2010,0.0065000001
1482,2011,0.0074999998
1482,2012,0.0088
1482,2013,0.0093
1482,2014,0.0096000005
1482,2015,0.0112
1482,2016,0.0116
1482,2017,0.0117
1482,2018,0.0117
1482,2019,0.0121
1482,2020,0.0133
1482,2021,0.0148
1482,2022,0.015699999
1482,2023,0.0173
1482,2024,0.020400001
1482,2025,0.024800001
1484,2006,0.0016
1484,2007,0.0018
1484,2008,0.0035000001
1484,2009,0.0035999999
1484,2010,0.0048000002
1484,2011,0.0065000001
1484,2012,0.0063
1484,2013,0.0071
1484,2014,0.0085000005
1484,2015,0.0098999999
1484,2016,0.0094999997
1484,2017,0.0105
1484,2018,0.0113
1484,2019,0.013
1484,2020,0.0132
1484,2021,0.0137
1484,2022,0.0146
1484,2023,0.0163
1484,2024,0.019200001
1484,2025,0.022500001
1485,2006,0.0012000001
1485,2007,0.0017
1485,2008,0.0022
1485,2009,0.0033
1485,2010,0.0046000001
1485,2011,0.0054000001
1485,2012,0.0060999999
1485,2013,0.0063999998
1485,2014,0.0068999999
1485,2015,0.0074999998
1485,2016,0.0080000004
1485,2017,0.0088999998
1485,2018,0.0101
1485,2019,0.0101
1485,2020,0.0116
1485,2021,0.013
1485,2022,0.0146
1485,2023,0.0173
1485,2024,0.0207
1485,2025,0.024599999
1486,2006,0.0012000001
1486,2007,0.0022
1486,2008,0.0027999999
1486,2009,0.0037
1486,2010,0.0043000001
1486,2011,0.0049999999
1486,2012,0.0057000001
1486,2013,0.0074999998
1486,2014,0.0082
1486,2015,0.0088999998
1486,2016,0.0094999997
1486,2017,0.0092000002
1486,2018,0.0087000001
1486,2019,0.0091000004
1486,2020,0.0088
1486,2021,0.0091000004
1486,2022,0.0087000001
1486,2023,0.0128
1486,2024,0.0167
1486,2025,0.018999999
1487,2006,0.001
1487,2007,0.0014
1487,2008,0.0020000001
1487,2009,0.0035000001
1487,2010,0.0043000001
1487,2011,0.0051000002
1487,2012,0.0051000002
1487,2013,0.0060000001
1487,2014,0.0068000001
1487,2015,0.0080000004
1487,2016,0.0087000001
1487,2017,0.0102
1487,2018,0.0107
1487,2019,0.0118
1487,2020,0.014
1487,2021,0.0167
1487,2022,0.0184
1487,2023,0.0218
1487,2024,0.0251
1487,2025,0.029899999
1488,2006,0.00079999998
1488,2007,0.0013
1488,2008,0.0018
1488,2009,0.003
1488,2010,0.0038999999
1488,2011,0.0052
1488,2012,0.0055999998
1488,2013,0.0062000002
1488,2014,0.0070000002
1488,2015,0.0081000002
1488,2016,0.0091000004
1488,2017,0.0097000003
1488,2018,0.0103
1488,2019,0.0115
1488,2020,0.013
1488,2021,0.0143
1488,2022,0.015
1488,2023,0.0174
1488,2024,0.0209
1488,2025,0.024599999
1489,2006,0.0013
1489,2007,0.0018
1489,2008,0.0022
1489,2009,0.0027999999
1489,2010,0.0035000001
1489,2011,0.0046999999
1489,2012,0.0049000001
1489,2013,0.0059000002
1489,2014,0.0068000001
1489,2015,0.0080000004
1489,2016,0.0077
1489,2017,0.0080000004
1489,2018,0.0087000001
1489,2019,0.0099999998
1489,2020,0.0111
1489,2021,0.0117
1489,2022,0.0132
1489,2023,0.016100001
1489,2024,0.0187
1489,2025,0.022500001
1490,2006,0.00089999998
1490,2007,0.0011
1490,2008,0.0015
1490,2009,0.0020000001
1490,2010,0.0027000001
1490,2011,0.0037
1490,2012,0.0043000001
1490,2013,0.0046000001
1490,2014,0.0046999999
1490,2015,0.0049999999
1490,2016,0.0054000001
1490,2017,0.0057999999
1490,2018,0.0060000001
1490,2019,0.0066
1490,2020,0.0074
1490,2021,0.0085000005
1490,2022,0.0098999999
1490,2023,0.0115
1490,2024,0.0144
1490,2025,0.0173
1491,2006,0.00069999998
1491,2007,0.0011
1491,2008,0.0016
1491,2009,0.0019
1491,2010,0.0020999999
1491,2011,0.0026
1491,2012,0.003
1491,2013,0.0031000001
1491,2014,0.0038999999
1491,2015,0.0044999998
1491,2016,0.0049000001
1491,2017,0.0052999998
1491,2018,0.0054000001
1491,2019,0.0057000001
1491,2020,0.0065000001
1491,2021,0.0077
1491,2022,0.0088
1491,2023,0.0099999998
1491,2024,0.0135
1491,2025,0.016799999
1492,2006,0.00060000003
1492,2007,0.001
1492,2008,0.0012000001
1492,2009,0.0024000001
1492,2010,0.0024000001
1492,2011,0.0038999999
1492,2012,0.0049000001
1492,2013,0.0081000002
1492,2014,0.0103
1492,2015,0.0102
1492,2016,0.0127
1492,2017,0.0135
1492,2018,0.016000001
1492,2019,0.0164
1492,2020,0.0149
1492,2021,0.0162
1492,2022,0.0165
1492,2023,0.017899999
1492,2024,0.021400001
1492,2025,0.0263
1493,2006,0.0018
1493,2007,0.0027999999
1493,2008,0.0035000001
1493,2009,0.0046999999
1493,2010,0.0060999999
1493,2011,0.0077999998
1493,2012,0.0088
1493,2013,0.0101
1493,2014,0.0124
1493,2015,0.0137
1493,2016,0.0143
1493,2017,0.0149
1493,2018,0.0151
1493,2019,0.015900001
1493,2020,0.0162
1493,2021,0.017899999
1493,2022,0.0217
1493,2023,0.0253
1493,2024,0.029200001
1493,2025,0.0328
1494,2006,0.0018
1494,2007,0.0023000001
1494,2008,0.0033
1494,2009,0.0041999999
1494,2010,0.0048000002
1494,2011,0.0054000001
1494,2012,0.0060999999
1494,2013,0.0065000001
1494,2014,0.0077
1494,2015,0.0093999999
1494,2016,0.0108
1494,2017,0.0113
1494,2018,0.0122
1494,2019,0.0127
1494,2020,0.0138
1494,2021,0.015799999
1494,2022,0.018100001
1494,2023,0.020500001
1494,2024,0.022700001
1494,2025,0.0261
1495,2006,0.0019
1495,2007,0.0026
1495,2008,0.0031999999
1495,2009,0.0034
1495,2010,0.0044
1495,2011,0.0060999999
1495,2012,0.0066999998
1495,2013,0.0063999998
1495,2014,0.0074999998
1495,2015,0.0077
1495,2016,0.0080000004
1495,2017,0.0092000002
1495,2018,0.0101
1495,2019,0.0116
1495,2020,0.0139
1495,2021,0.0165
1495,2022,0.019099999
1495,2023,0.022
1495,2024,0.024900001
1495,2025,0.029999999
1496,2006,0.0019
1496,2007,0.0024000001
1496,2008,0.0026
1496,2009,0.0035000001
1496,2010,0.0043000001
1496,2011,0.0049999999
1496,2012,0.0052999998
1496,2013,0.0055999998
1496,2014,0.0063999998
1496,2015,0.0074
1496,2016,0.0077999998
1496,2017,0.0086000003
1496,2018,0.0093
1496,2019,0.0101
1496,2020,0.011
1496,2021,0.0129
1496,2022,0.0151
1496,2023,0.0175
1496,2024,0.0199
1496,2025,0.0242
1497,2006,0.0012000001
1497,2007,0.0024999999
1497,2008,0.0031999999
1497,2009,0.0035000001
1497,2010,0.0051000002
1497,2011,0.0068000001
1497,2012,0.0068999999
1497,2013,0.0068999999
1497,2014,0.0082
1497,2015,0.0096000005
1497,2016,0.0094999997
1497,2017,0.0108
1497,2018,0.0116
1497,2019,0.0128
1497,2020,0.0139
1497,2021,0.015900001
1497,2022,0.0173
1497,2023,0.020400001
1497,2024,0.022700001
1497,2025,0.0273
1498,2006,0.0018
1498,2007,0.0033
1498,2008,0.0044
1498,2009,0.0055
1498,2010,0.0086000003
1498,2011,0.0098000001
1498,2012,0.011
1498,2013,0.0121
1498,2014,0.0129
1498,2015,0.0127
1498,2016,0.0127
1498,2017,0.014
1498,2018,0.0134
1498,2019,0.0146
1498,2020,0.0154
1498,2021,0.0154
1498,2022,0.018999999
1498,2023,0.0231
1498,2024,0.0283
1498,2025,0.033199999
1499,2006,0.0020000001
1499,2007,0.0026
1499,2008,0.0027999999
1499,2009,0.0031000001
1499,2010,0.0038000001
1499,2011,0.0041999999
1499,2012,0.0049999999
1499,2013,0.0052999998
1499,2014,0.0055999998
1499,2015,0.0060000001
1499,2016,0.0057999999
1499,2017,0.0070000002
1499,2018,0.0078999996
1499,2019,0.0086000003
1499,2020,0.0093
1499,2021,0.0109
1499,2022,0.0134
1499,2023,0.0162
1499,2024,0.0185
1499,2025,0.022600001
1715,2006,0.00089999998
1715,2007,0.0029
1715,2008,0.0040000002
1715,2009,0.0055
1715,2010,0.0066999998
1715,2011,0.0066999998
1715,2012,0.0076000001
1715,2013,0.0080000004
1715,2014,0.0088
1715,2015,0.0098000001
1715,2016,0.0135
1715,2017,0.0147
1715,2018,0.0145
1715,2019,0.017000001
1715,2020,0.020300001
1715,2021,0.022
1715,2022,0.0243
1715,2023,0.0275
1715,2024,0.032200001
1715,2025,0.037599999
1730,2006,0.0012000001
1730,2007,0.0016
1730,2008,0.0024999999
1730,2009,0.0035000001
1730,2010,0.0049000001
1730,2011,0.0059000002
1730,2012,0.0057999999
1730,2013,0.0057999999
1730,2014,0.0070000002
1730,2015,0.0080000004
1730,2016,0.0091000004
1730,2017,0.0093
1730,2018,0.0091000004
1730,2019,0.0105
1730,2020,0.0126
1730,2021,0.0133
1730,2022,0.0136
1730,2023,0.0153
1730,2024,0.020199999
1730,2025,0.023600001
1737,2006,0.0012000001
1737,2007,0.0018
1737,2008,0.003
1737,2009,0.0035000001
1737,2010,0.0049999999
1737,2011,0.0055
1737,2012,0.0060999999
1737,2013,0.0071
1737,2014,0.0066999998
1737,2015,0.0068000001
1737,2016,0.0080000004
1737,2017,0.0088
1737,2018,0.0104
1737,2019,0.0116
1737,2020,0.0117
1737,2021,0.0129
1737,2022,0.0138
1737,2023,0.0167
1737,2024,0.021299999
1737,2025,0.024900001
1760,2006,0.0022
1760,2007,0.0031000001
1760,2008,0.0037
1760,2009,0.0048000002
1760,2010,0.0066
1760,2011,0.0097000003
1760,2012,0.0083999997
1760,2013,0.0085000005
1760,2014,0.0082999999
1760,2015,0.0082
1760,2016,0.0129
1760,2017,0.015799999
1760,2018,0.0175
1760,2019,0.0207
1760,2020,0.0228
1760,2021,0.026799999
1760,2022,0.029899999
1760,2023,0.033100002
1760,2024,0.039900001
1760,2025,0.0471
1761,2006,0.0014
1761,2007,0.0023000001
1761,2008,0.0029
1761,2009,0.0043000001
1761,2010,0.0049000001
1761,2011,0.0046000001
1761,2012,0.0043000001
1761,2013,0.0048000002
1761,2014,0.0060999999
1761,2015,0.0066
1761,2016,0.0078999996
1761,2017,0.0083999997
1761,2018,0.0083999997
1761,2019,0.0092000002
1761,2020,0.0098999999
1761,2021,0.0112
1761,2022,0.0136
1761,2023,0.0156
1761,2024,0.021
1761,2025,0.0253
1762,2006,0.0027999999
1762,2007,0.0049000001
1762,2008,0.0063
1762,2009,0.0068999999
1762,2010,0.0082
1762,2011,0.0097000003
1762,2012,0.0121
1762,2013,0.0139
1762,2014,0.012
1762,2015,0.0134
1762,2016,0.0139
1762,2017,0.0152
1762,2018,0.0151
1762,2019,0.0153
1762,2020,0.0199
1762,2021,0.0207
1762,2022,0.023499999
1762,2023,0.024
1762,2024,0.0232
1762,2025,0.0273
1763,2006,0.0019
1763,2007,0.0031000001
1763,2008,0.0041999999
1763,2009,0.0051000002
1763,2010,0.0063999998
1763,2011,0.0063
1763,2012,0.0078999996
1763,2013,0.0098999999
1763,2014,0.0094999997
1763,2015,0.011
1763,2016,0.0141
1763,2017,0.0135
1763,2018,0.0149
1763,2019,0.015
1763,2020,0.0173
1763,2021,0.0176
1763,2022,0.020500001
1763,2023,0.0221
1763,2024,0.0266
1763,2025,0.032499999
1764,2006,0.003
1764,2007,0.0044
1764,2008,0.0044
1764,2009,0.0046000001
1764,2010,0.0057999999
1764,2011,0.0068000001
1764,2012,0.0087000001
1764,2013,0.0094999997
1764,2014,0.0108
1764,2015,0.012
1764,2016,0.0135
1764,2017,0.0162
1764,2018,0.017200001
1764,2019,0.017999999
1764,2020,0.02
1764,2021,0.0221
1764,2022,0.024900001
1764,2023,0.029300001
1764,2024,0.034699999
1764,2025,0.0396
1765,2006,0.0024000001
1765,2007,0.003
1765,2008,0.0038000001
1765,2009,0.0043000001
1765,2010,0.0049999999
1765,2011,0.0049000001
1765,2012,0.0051000002
1765,2013,0.0057000001
1765,2014,0.0057999999
1765,2015,0.0071999999
1765,2016,0.0074999998
1765,2017,0.0082999999
1765,2018,0.0086000003
1765,2019,0.0096000005
1765,2020,0.0105
1765,2021,0.0122
1765,2022,0.0119
1765,2023,0.0138
1765,2024,0.0174
1765,2025,0.0197
1766,2006,0.0015
1766,2007,0.0027000001
1766,2008,0.0041
1766,2009,0.0052
1766,2010,0.0060000001
1766,2011,0.0068000001
1766,2012,0.0076000001
1766,2013,0.0082999999
1766,2014,0.0086000003
1766,2015,0.0088
1766,2016,0.0097000003
1766,2017,0.0111
1766,2018,0.0134
1766,2019,0.015900001
1766,2020,0.0156
1766,2021,0.0177
1766,2022,0.018999999
1766,2023,0.0217
1766,2024,0.0266
1766,2025,0.0295
1780,2006,0.0027999999
1780,2007,0.0037
1780,2008,0.0052999998
1780,2009,0.0071
1780,2010,0.0088999998
1780,2011,0.0094999997
1780,2012,0.0098999999
1780,2013,0.0102
1780,2014,0.0105
1780,2015,0.0115
1780,2016,0.0127
1780,2017,0.0133
1780,2018,0.0135
1780,2019,0.0143
1780,2020,0.0152
1780,2021,0.0155
1780,2022,0.0173
1780,2023,0.0195
1780,2024,0.024
1780,2025,0.0286
1781,2006,0.0018
1781,2007,0.0022
1781,2008,0.0024000001
1781,2009,0.0031999999
1781,2010,0.0037
1781,2011,0.0054000001
1781,2012,0.0060999999
1781,2013,0.0062000002
1781,2014,0.0070000002
1781,2015,0.0083999997
1781,2016,0.0108
1781,2017,0.012
1781,2018,0.0143
1781,2019,0.0166
1781,2020,0.0177
1781,2021,0.0196
1781,2022,0.022600001
1781,2023,0.0254
1781,2024,0.0294
1781,2025,0.034200002
1782,2006,0.0026
1782,2007,0.0035999999
1782,2008,0.0044999998
1782,2009,0.0052999998
1782,2010,0.0055999998
1782,2011,0.0071
1782,2012,0.0085000005
1782,2013,0.0083999997
1782,2014,0.0081000002
1782,2015,0.0098999999
1782,2016,0.0113
1782,2017,0.0124
1782,2018,0.0148
1782,2019,0.017899999
1782,2020,0.017200001
1782,2021,0.0178
1782,2022,0.021
1782,2023,0.0239
1782,2024,0.0261
1782,2025,0.031599998
1783,2006,0.0024000001
1783,2007,0.0038000001
1783,2008,0.0057000001
1783,2009,0.0077999998
1783,2010,0.0099999998
1783,2011,0.012
1783,2012,0.0128
1783,2013,0.0137
1783,2014,0.0143
1783,2015,0.0155
1783,2016,0.0155
1783,2017,0.016100001
1783,2018,0.016000001
1783,2019,0.0173
1783,2020,0.018200001
1783,2021,0.0177
1783,2022,0.0185
1783,2023,0.0208
1783,2024,0.0219
1783,2025,0.022500001
1784,2006,0.0011
1784,2007,0.0016
1784,2008,0.0020999999
1784,2009,0.0024000001
1784,2010,0.0038999999
1784,2011,0.0052
1784,2012,0.0057999999
1784,2013,0.0066999998
1784,2014,0.0074999998
1784,2015,0.0092000002
1784,2016,0.0094999997
1784,2017,0.0104
1784,2018,0.0118
1784,2019,0.0126
1784,2020,0.0137
1784,2021,0.015
1784,2022,0.016799999
1784,2023,0.0188
1784,2024,0.023499999
1784,2025,0.0277
1785,2006,0.0017
1785,2007,0.0023000001
1785,2008,0.0027999999
1785,2009,0.0033
1785,2010,0.0038999999
1785,2011,0.0044
1785,2012,0.0051000002
1785,2013,0.0048000002
1785,2014,0.0051000002
1785,2015,0.0074
1785,2016,0.0081000002
1785,2017,0.0078999996
1785,2018,0.0083999997
1785,2019,0.0107
1785,2020,0.013
1785,2021,0.0154
1785,2022,0.0167
1785,2023,0.019099999
1785,2024,0.023
1785,2025,0.0265
1814,2006,0.00039999999
1814,2007,0.0013
1814,2008,0.0018
1814,2009,0.0024999999
1814,2010,0.0029
1814,2011,0.0041999999
1814,2012,0.0052999998
1814,2013,0.0071
1814,2014,0.0074999998
1814,2015,0.0071
1814,2016,0.0077999998
1814,2017,0.0087000001
1814,2018,0.0071
1814,2019,0.0068000001
1814,2020,0.0088999998
1814,2021,0.0113
1814,2022,0.0125
1814,2023,0.0154
1814,2024,0.017200001
1814,2025,0.016899999
1860,2006,0.00050000002
1860,2007,0.0012000001
1860,2008,0.0017
1860,2009,0.0020999999
1860,2010,0.0046000001
1860,2011,0.0048000002
1860,2012,0.0046999999
1860,2013,0.0063
1860,2014,0.0076000001
1860,2015,0.0080000004
1860,2016,0.0081000002
1860,2017,0.0088999998
1860,2018,0.0085000005
1860,2019,0.0107
1860,2020,0.0117
1860,2021,0.0136
1860,2022,0.0143
1860,2023,0.0175
1860,2024,0.018999999
1860,2025,0.019099999
1861,2006,0.001
1861,2007,0.0015
1861,2008,0.0023000001
1861,2009,0.0033
1861,2010,0.0044999998
1861,2011,0.0054000001
1861,2012,0.0066999998
1861,2013,0.0078999996
1861,2014,0.0080000004
1861,2015,0.0086000003
1861,2016,0.0089999996
1861,2017,0.0087000001
1861,2018,0.0088
1861,2019,0.0087000001
1861,2020,0.0102
1861,2021,0.0114
1861,2022,0.0138
1861,2023,0.0154
1861,2024,0.0186
1861,2025,0.0206
1862,2006,0.0031999999
1862,2007,0.0041
1862,2008,0.0049000001
1862,2009,0.0059000002
1862,2010,0.0078999996
1862,2011,0.0107
1862,2012,0.0102
1862,2013,0.0116
1862,2014,0.0137
1862,2015,0.015799999
1862,2016,0.0163
1862,2017,0.0184
1862,2018,0.0176
1862,2019,0.0177
1862,2020,0.0206
1862,2021,0.020400001
1862,2022,0.02
1862,2023,0.0233
1862,2024,0.024599999
1862,2025,0.0276
1863,2006,0.00039999999
1863,2007,0.0011
1863,2008,0.0018
1863,2009,0.0023000001
1863,2010,0.0037
1863,2011,0.0049999999
1863,2012,0.0059000002
1863,2013,0.0073000002
1863,2014,0.0068999999
1863,2015,0.0074
1863,2016,0.0074
1863,2017,0.0078999996
1863,2018,0.0068999999
1863,2019,0.0076000001
1863,2020,0.0103
1863,2021,0.0145
1863,2022,0.017999999
1863,2023,0.0196
1863,2024,0.021500001
1863,2025,0.0211
1864,2006,0.0017
1864,2007,0.0024999999
1864,2008,0.0051000002
1864,2009,0.0049000001
1864,2010,0.0065000001
1864,2011,0.0080000004
1864,2012,0.0105
1864,2013,0.0119
1864,2014,0.0122
1864,2015,0.0124
1864,2016,0.0134
1864,2017,0.0125
1864,2018,0.012
1864,2019,0.0145
1864,2020,0.015799999
1864,2021,0.019099999
1864,2022,0.017000001
1864,2023,0.0209
1864,2024,0.0211
1864,2025,0.0233
1880,2006,0.00069999998
1880,2007,0.0011
1880,2008,0.0015
1880,2009,0.0019
1880,2010,0.0026
1880,2011,0.0033
1880,2012,0.0038000001
1880,2013,0.0041
1880,2014,0.0044
1880,2015,0.0046999999
1880,2016,0.0052999998
1880,2017,0.0057999999
1880,2018,0.0063999998
1880,2019,0.0071999999
1880,2020,0.0086000003
1880,2021,0.0104
1880,2022,0.0125
1880,2023,0.0148
1880,2024,0.017000001
1880,2025,0.019400001
1881,2006,0.0012000001
1881,2007,0.0022
1881,2008,0.0024999999
1881,2009,0.0034
1881,2010,0.0048000002
1881,2011,0.0063
1881,2012,0.0071
1881,2013,0.0081000002
1881,2014,0.0086000003
1881,2015,0.0089999996
1881,2016,0.0093999999
1881,2017,0.0115
1881,2018,0.0112
1881,2019,0.0128
1881,2020,0.0135
1881,2021,0.015699999
1881,2022,0.016799999
1881,2023,0.019300001
1881,2024,0.0221
1881,2025,0.0244
1882,2006,0.0012000001
1882,2007,0.0018
1882,2008,0.0020000001
1882,2009,0.0027000001
1882,2010,0.0040000002
1882,2011,0.0057000001
1882,2012,0.0055
1882,2013,0.0070000002
1882,2014,0.0077
1882,2015,0.0082999999
1882,2016,0.0093999999
1882,2017,0.0087000001
1882,2018,0.0108
1882,2019,0.0105
1882,2020,0.0126
1882,2021,0.0124
1882,2022,0.0132
1882,2023,0.014
1882,2024,0.0152
1882,2025,0.017000001
1883,2006,0.0016
1883,2007,0.0023000001
1883,2008,0.0034
1883,2009,0.0044
1883,2010,0.0066999998
1883,2011,0.0086000003
1883,2012,0.0093999999
1883,2013,0.0099999998
1883,2014,0.0111
1883,2015,0.011
1883,2016,0.011
1883,2017,0.0116
1883,2018,0.0113
1883,2019,0.0122
1883,2020,0.0133
1883,2021,0.0153
1883,2022,0.0167
1883,2023,0.0188
1883,2024,0.020500001
1883,2025,0.024
1884,2006,0.0022
1884,2007,0.0027999999
1884,2008,0.0031000001
1884,2009,0.0041999999
1884,2010,0.0055999998
1884,2011,0.0062000002
1884,2012,0.0076000001
1884,2013,0.0081000002
1884,2014,0.0082999999
1884,2015,0.0087000001
1884,2016,0.0093
1884,2017,0.0094999997
1884,2018,0.0088999998
1884,2019,0.0103
1884,2020,0.013
1884,2021,0.0163
1884,2022,0.0178
1884,2023,0.021400001
1884,2024,0.0231
1884,2025,0.0242
1885,2006,0.0012000001
1885,2007,0.0017
1885,2008,0.0022
1885,2009,0.0034
1885,2010,0.0041
1885,2011,0.0055
1885,2012,0.0071
1885,2013,0.0074
1885,2014,0.0074
1885,2015,0.0078999996
1885,2016,0.0085000005
1885,2017,0.0093999999
1885,2018,0.0099999998
1885,2019,0.0105
1885,2020,0.0129
1885,2021,0.0147
1885,2022,0.017000001
1885,2023,0.0189
1885,2024,0.020400001
1885,2025,0.022600001
1904,2006,0.0019
1904,2007,0.0031999999
1904,2008,0.0049999999
1904,2009,0.0052999998
1904,2010,0.0049000001
1904,2011,0.0070000002
1904,2012,0.0073000002
1904,2013,0.0063
1904,2014,0.0070000002
1904,2015,0.0071999999
1904,2016,0.0088
1904,2017,0.0078999996
1904,2018,0.0108
1904,2019,0.0121
1904,2020,0.0124
1904,2021,0.0151
1904,2022,0.0148
1904,2023,0.0186
1904,2024,0.0228
1904,2025,0.0253
1907,2006,0.0017
1907,2007,0.0020999999
1907,2008,0.0035000001
1907,2009,0.0044
1907,2010,0.0055999998
1907,2011,0.0066
1907,2012,0.0077
1907,2013,0.0085000005
1907,2014,0.0083999997
1907,2015,0.0082
1907,2016,0.0099999998
1907,2017,0.0116
1907,2018,0.0131
1907,2019,0.0135
1907,2020,0.0165
1907,2021,0.0206
1907,2022,0.0261
1907,2023,0.030099999
1907,2024,0.0339
1907,2025,0.037700001
1960,2006,0.0019
1960,2007,0.0024000001
1960,2008,0.0034
1960,2009,0.0037
1960,2010,0.0054000001
1960,2011,0.0066999998
1960,2012,0.0077
1960,2013,0.0068999999
1960,2014,0.0078999996
1960,2015,0.0082999999
1960,2016,0.0094999997
1960,2017,0.0098000001
1960,2018,0.0098999999
1960,2019,0.0121
1960,2020,0.0132
1960,2021,0.0145
1960,2022,0.015900001
1960,2023,0.0208
1960,2024,0.0209
1960,2025,0.025599999
1961,2006,0.0020999999
1961,2007,0.0024999999
1961,2008,0.0035999999
1961,2009,0.0055999998
1961,2010,0.0057000001
1961,2011,0.0066
1961,2012,0.0066
1961,2013,0.0073000002
1961,2014,0.0081000002
1961,2015,0.0078999996
1961,2016,0.0094999997
1961,2017,0.0098000001
1961,2018,0.0106
1961,2019,0.0127
1961,2020,0.0144
1961,2021,0.018999999
1961,2022,0.0232
1961,2023,0.0274
1961,2024,0.030300001
1961,2025,0.0348
1962,2006,0.001
1962,2007,0.0020999999
1962,2008,0.0024000001
1962,2009,0.003
1962,2010,0.0044
1962,2011,0.0060999999
1962,2012,0.0068999999
1962,2013,0.0077999998
1962,2014,0.0098000001
1962,2015,0.0112
1962,2016,0.0138
1962,2017,0.0164
1962,2018,0.018100001
1962,2019,0.020400001
1962,2020,0.020300001
1962,2021,0.0222
1962,2022,0.0254
1962,2023,0.0297
1962,2024,0.034699999
1962,2025,0.038899999
1980,2006,0.0022
1980,2007,0.0027999999
1980,2008,0.0034
1980,2009,0.0044
1980,2010,0.0049000001
1980,2011,0.0057000001
1980,2012,0.0060999999
1980,2013,0.0066999998
1980,2014,0.0070000002
1980,2015,0.0073000002
1980,2016,0.0086000003
1980,2017,0.0093999999
1980,2018,0.0102
1980,2019,0.0112
1980,2020,0.0129
1980,2021,0.0153
1980,2022,0.017899999
1980,2023,0.021600001
1980,2024,0.025
1980,2025,0.028200001
1981,2006,0.0044
1981,2007,0.0055999998
1981,2008,0.0066
1981,2009,0.0082999999
1981,2010,0.0091000004
1981,2011,0.0093999999
1981,2012,0.0099999998
1981,2013,0.0119
1981,2014,0.014
1981,2015,0.014
1981,2016,0.016000001
1981,2017,0.0165
1981,2018,0.017200001
1981,2019,0.020099999
1981,2020,0.0206
1981,2021,0.0222
1981,2022,0.0255
1981,2023,0.029899999
1981,2024,0.0341
1981,2025,0.0385
1982,2006,0.0023000001
1982,2007,0.0031000001
1982,2008,0.0033
1982,2009,0.0049000001
1982,2010,0.0059000002
1982,2011,0.0065000001
1982,2012,0.0059000002
1982,2013,0.0071
1982,2014,0.0082
1982,2015,0.0089999996
1982,2016,0.0123
1982,2017,0.0128
1982,2018,0.0135
1982,2019,0.0156
1982,2020,0.0152
1982,2021,0.0173
1982,2022,0.019200001
1982,2023,0.022700001
1982,2024,0.0284
1982,2025,0.031399999
1983,2006,0.0017
1983,2007,0.0023000001
1983,2008,0.0027999999
1983,2009,0.0037
1983,2010,0.0051000002
1983,2011,0.0060000001
1983,2012,0.0066999998
1983,2013,0.0066999998
1983,2014,0.0065000001
1983,2015,0.0071999999
1983,2016,0.0091000004
1983,2017,0.0091000004
1983,2018,0.0091000004
1983,2019,0.0098000001
1983,2020,0.0112
1983,2021,0.0128
1983,2022,0.0144
1983,2023,0.0162
1983,2024,0.017899999
1983,2025,0.0222
1984,2006,0.001
1984,2007,0.0016
1984,2008,0.0014
1984,2009,0.0031999999
1984,2010,0.0041
1984,2011,0.0060000001
1984,2012,0.0063
1984,2013,0.0057999999
1984,2014,0.0063999998
1984,2015,0.0066
1984,2016,0.0074
1984,2017,0.0077999998
1984,2018,0.0077
1984,2019,0.0088
1984,2020,0.0097000003
1984,2021,0.0118
1984,2022,0.0134
1984,2023,0.0152
1984,2024,0.0166
1984,2025,0.0206
2021,2006,0.0013
2021,2007,0.0022
2021,2008,0.0024999999
2021,2009,0.0035999999
2021,2010,0.0049999999
2021,2011,0.0054000001
2021,2012,0.0062000002
2021,2013,0.0082
2021,2014,0.0078999996
2021,2015,0.0088999998
2021,2016,0.0099999998
2021,2017,0.0105
2021,2018,0.0116
2021,2019,0.0119
2021,2020,0.015900001
2021,2021,0.0173
2021,2022,0.0206
2021,2023,0.021299999
2021,2024,0.0277
2021,2025,0.033100002
2023,2006,0.001
2023,2007,0.0016
2023,2008,0.0027000001
2023,2009,0.0037
2023,2010,0.0046999999
2023,2011,0.0055
2023,2012,0.0048000002
2023,2013,0.0054000001
2023,2014,0.0057000001
2023,2015,0.0060999999
2023,2016,0.0066999998
2023,2017,0.0077
2023,2018,0.0088
2023,2019,0.0094999997
2023,2020,0.0101
2023,2021,0.0111
2023,2022,0.0134
2023,2023,0.0175
2023,2024,0.019099999
2023,2025,0.0218
2026,2006,0.0017
2026,2007,0.0022
2026,2008,0.003
2026,2009,0.0037
2026,2010,0.0046999999
2026,2011,0.0063999998
2026,2012,0.0068000001
2026,2013,0.0077
2026,2014,0.0077
2026,2015,0.0091000004
2026,2016,0.0118
2026,2017,0.0127
2026,2018,0.0134
2026,2019,0.0137
2026,2020,0.0144
2026,2021,0.016799999
2026,2022,0.017899999
2026,2023,0.0232
2026,2024,0.0298
2026,2025,0.033500001
2029,2006,0.0017
2029,2007,0.003
2029,2008,0.0044
2029,2009,0.0051000002
2029,2010,0.0049000001
2029,2011,0.0060000001
2029,2012,0.0059000002
2029,2013,0.0060000001
2029,2014,0.0071999999
2029,2015,0.0076000001
2029,2016,0.0089999996
2029,2017,0.0091000004
2029,2018,0.0098999999
2029,2019,0.0107
2029,2020,0.0117
2029,2021,0.0146
2029,2022,0.016899999
2029,2023,0.0222
2029,2024,0.025599999
2029,2025,0.029200001
2031,2006,0.00089999998
2031,2007,0.0016
2031,2008,0.0014
2031,2009,0.0029
2031,2010,0.0038000001
2031,2011,0.0046999999
2031,2012,0.0051000002
2031,2013,0.0057000001
2031,2014,0.0060999999
2031,2015,0.0063999998
2031,2016,0.0068000001
2031,2017,0.0082
2031,2018,0.0103
2031,2019,0.0117
2031,2020,0.0135
2031,2021,0.0156
2031,2022,0.020199999
2031,2023,0.0232
2031,2024,0.0263
2031,2025,0.030300001
2034,2006,0.0017
2034,2007,0.0027000001
2034,2008,0.0034
2034,2009,0.0043000001
2034,2010,0.0062000002
2034,2011,0.0068000001
2034,2012,0.0085000005
2034,2013,0.0096000005
2034,2014,0.0122
2034,2015,0.0124
2034,2016,0.0134
2034,2017,0.0132
2034,2018,0.0149
2034,2019,0.0187
2034,2020,0.020099999
2034,2021,0.0217
2034,2022,0.0264
2034,2023,0.032600001
2034,2024,0.034000002
2034,2025,0.040600002
2039,2006,0.00039999999
2039,2007,0.001
2039,2008,0.0020999999
2039,2009,0.0027000001
2039,2010,0.0035999999
2039,2011,0.0038000001
2039,2012,0.0049000001
2039,2013,0.0055999998
2039,2014,0.0057000001
2039,2015,0.0054000001
2039,2016,0.0055
2039,2017,0.0066
2039,2018,0.0074
2039,2019,0.0104
2039,2020,0.0112
2039,2021,0.0129
2039,2022,0.0165
2039,2023,0.020199999
2039,2024,0.023399999
2039,2025,0.0283
2061,2006,0.0017
2061,2007,0.0023000001
2061,2008,0.0027999999
2061,2009,0.0033
2061,2010,0.0041999999
2061,2011,0.0046000001
2061,2012,0.0052
2061,2013,0.0074
2061,2014,0.0083999997
2061,2015,0.0089999996
2061,2016,0.0088
2061,2017,0.0089999996
2061,2018,0.0099999998
2061,2019,0.0111
2061,2020,0.0126
2061,2021,0.014
2061,2022,0.0165
2061,2023,0.0189
2061,2024,0.022
2061,2025,0.0263
2062,2006,0.0017
2062,2007,0.0026
2062,2008,0.0029
2062,2009,0.0037
2062,2010,0.0052
2062,2011,0.0063
2062,2012,0.0071999999
2062,2013,0.0087000001
2062,2014,0.0099999998
2062,2015,0.0098999999
2062,2016,0.0109
2062,2017,0.0117
2062,2018,0.0127
2062,2019,0.0133
2062,2020,0.0151
2062,2021,0.017100001
2062,2022,0.020400001
2062,2023,0.022399999
2062,2024,0.0254
2062,2025,0.029300001
2080,2006,0.0016
2080,2007,0.0020000001
2080,2008,0.0024000001
2080,2009,0.003
2080,2010,0.0048000002
2080,2011,0.0063
2080,2012,0.0071999999
2080,2013,0.0083999997
2080,2014,0.0096000005
2080,2015,0.0106
2080,2016,0.0124
2080,2017,0.0136
2080,2018,0.0151
2080,2019,0.0164
2080,2020,0.0178
2080,2021,0.0197
2080,2022,0.021600001
2080,2023,0.025900001
2080,2024,0.0288
2080,2025,0.033100002
2081,2006,0.001
2081,2007,0.0019
2081,2008,0.0027000001
2081,2009,0.0035000001
2081,2010,0.0048000002
2081,2011,0.0066999998
2081,2012,0.0086000003
2081,2013,0.0091000004
2081,2014,0.0102
2081,2015,0.0105
2081,2016,0.0115
2081,2017,0.0122
2081,2018,0.0122
2081,2019,0.0135
2081,2020,0.0152
2081,2021,0.018200001
2081,2022,0.0211
2081,2023,0.024900001
2081,2024,0.029200001
2081,2025,0.032900002
2082,2006,0.0015
2082,2007,0.0020000001
2082,2008,0.0024999999
2082,2009,0.0027999999
2082,2010,0.0040000002
2082,2011,0.0052
2082,2012,0.0065000001
2082,2013,0.0078999996
2082,2014,0.0097000003
2082,2015,0.0097000003
2082,2016,0.0113
2082,2017,0.0115
2082,2018,0.0122
2082,2019,0.013
2082,2020,0.0155
2082,2021,0.0177
2082,2022,0.020300001
2082,2023,0.023700001
2082,2024,0.0287
2082,2025,0.034499999
2083,2006,0.0012000001
2083,2007,0.0022
2083,2008,0.0031999999
2083,2009,0.0035999999
2083,2010,0.0049999999
2083,2011,0.0048000002
2083,2012,0.0071
2083,2013,0.0076000001
2083,2014,0.0086000003
2083,2015,0.0088999998
2083,2016,0.0091000004
2083,2017,0.0099999998
2083,2018,0.0116
2083,2019,0.0127
2083,2020,0.0135
2083,2021,0.017000001
2083,2022,0.019300001
2083,2023,0.0254
2083,2024,0.033300001
2083,2025,0.0385
2084,2006,0.0012000001
2084,2007,0.0016
2084,2008,0.0019
2084,2009,0.0024000001
2084,2010,0.0035000001
2084,2011,0.0040000002
2084,2012,0.0052
2084,2013,0.0062000002
2084,2014,0.0074
2084,2015,0.0088999998
2084,2016,0.0083999997
2084,2017,0.0092000002
2084,2018,0.0105
2084,2019,0.0119
2084,2020,0.0136
2084,2021,0.0174
2084,2022,0.021
2084,2023,0.025800001
2084,2024,0.029300001
2084,2025,0.032600001
2085,2006,0.0016
2085,2007,0.0020000001
2085,2008,0.0031000001
2085,2009,0.0037
2085,2010,0.0051000002
2085,2011,0.0063
2085,2012,0.0063999998
2085,2013,0.0077
2085,2014,0.0082
2085,2015,0.0093999999
2085,2016,0.0096000005
2085,2017,0.0093999999
2085,2018,0.0098999999
2085,2019,0.0098999999
2085,2020,0.0108
2085,2021,0.0121
2085,2022,0.0146
2085,2023,0.0196
2085,2024,0.0217
2085,2025,0.025800001
2101,2006,0.00069999998
2101,2007,0.0015
2101,2008,0.0024999999
2101,2009,0.0027999999
2101,2010,0.0038999999
2101,2011,0.0049000001
2101,2012,0.0055999998
2101,2013,0.0085000005
2101,2014,0.0111
2101,2015,0.0123
2101,2016,0.0126
2101,2017,0.0143
2101,2018,0.017100001
2101,2019,0.0197
2101,2020,0.0209
2101,2021,0.0222
2101,2022,0.023
2101,2023,0.0264
2101,2024,0.0266
2101,2025,0.029100001
2104,2006,0.0020999999
2104,2007,0.0034
2104,2008,0.0043000001
2104,2009,0.0043000001
2104,2010,0.0048000002
2104,2011,0.0068999999
2104,2012,0.0087000001
2104,2013,0.0105
2104,2014,0.014
2104,2015,0.015900001
2104,2016,0.0162
2104,2017,0.0153
2104,2018,0.016000001
2104,2019,0.018999999
2104,2020,0.021299999
2104,2021,0.0206
2104,2022,0.0229
2104,2023,0.025599999
2104,2024,0.0275
2104,2025,0.031599998
2121,2006,0.0012000001
2121,2007,0.0012000001
2121,2008,0.0015
2121,2009,0.0016
2121,2010,0.0017
2121,2011,0.0026
2121,2012,0.0033
2121,2013,0.0041
2121,2014,0.0055
2121,2015,0.0059000002
2121,2016,0.0071
2121,2017,0.0087000001
2121,2018,0.0078999996
2121,2019,0.0088
2121,2020,0.0103
2121,2021,0.0124
2121,2022,0.0129
2121,2023,0.0146
2121,2024,0.016899999
2121,2025,0.0185
2132,2006,0.0020999999
2132,2007,0.0022
2132,2008,0.0031999999
2132,2009,0.0027000001
2132,2010,0.0040000002
2132,2011,0.0052999998
2132,2012,0.0071999999
2132,2013,0.0077999998
2132,2014,0.0092000002
2132,2015,0.0097000003
2132,2016,0.011
2132,2017,0.0119
2132,2018,0.0129
2132,2019,0.0151
2132,2020,0.0165
2132,2021,0.019300001
2132,2022,0.0186
2132,2023,0.0218
2132,2024,0.0252
2132,2025,0.0262
2161,2006,0.0014
2161,2007,0.0016
2161,2008,0.0020999999
2161,2009,0.0029
2161,2010,0.0038000001
2161,2011,0.0046000001
2161,2012,0.0055
2161,2013,0.0066
2161,2014,0.0077999998
2161,2015,0.0093
2161,2016,0.0094999997
2161,2017,0.0097000003
2161,2018,0.0108
2161,2019,0.0117
2161,2020,0.013
2161,2021,0.0144
2161,2022,0.015799999
2161,2023,0.0176
2161,2024,0.0195
2161,2025,0.023800001
2180,2006,0.00069999998
2180,2007,0.0019
2180,2008,0.0029
2180,2009,0.0043000001
2180,2010,0.0057000001
2180,2011,0.0077
2180,2012,0.0105
2180,2013,0.013
2180,2014,0.0143
2180,2015,0.015
2180,2016,0.0153
2180,2017,0.015900001
2180,2018,0.0164
2180,2019,0.0175
2180,2020,0.0177
2180,2021,0.0189
2180,2022,0.020300001
2180,2023,0.022299999
2180,2024,0.025599999
2180,2025,0.028100001
2181,2006,0.0019
2181,2007,0.0037
2181,2008,0.0049999999
2181,2009,0.0059000002
2181,2010,0.0071999999
2181,2011,0.0096000005
2181,2012,0.0123
2181,2013,0.0139
2181,2014,0.015699999
2181,2015,0.016799999
2181,2016,0.016100001
2181,2017,0.0163
2181,2018,0.017100001
2181,2019,0.017999999
2181,2020,0.018100001
2181,2021,0.018300001
2181,2022,0.020500001
2181,2023,0.0232
2181,2024,0.0251
2181,2025,0.0277
2182,2006,0.00089999998
2182,2007,0.0011
2182,2008,0.0015
2182,2009,0.0023000001
2182,2010,0.0038000001
2182,2011,0.0063
2182,2012,0.0077999998
2182,2013,0.0099999998
2182,2014,0.0108
2182,2015,0.0118
2182,2016,0.0118
2182,2017,0.013
2182,2018,0.0117
2182,2019,0.0123
2182,2020,0.0138
2182,2021,0.0153
2182,2022,0.0174
2182,2023,0.0195
2182,2024,0.0218
2182,2025,0.0273
2183,2006,0.0016
2183,2007,0.0018
2183,2008,0.0022
2183,2009,0.0027999999
2183,2010,0.0037
2183,2011,0.0049999999
2183,2012,0.0060000001
2183,2013,0.0065000001
2183,2014,0.0074999998
2183,2015,0.0082
2183,2016,0.0088
2183,2017,0.0102
2183,2018,0.0098000001
2183,2019,0.0112
2183,2020,0.0121
2183,2021,0.0137
2183,2022,0.016000001
2183,2023,0.017999999
2183,2024,0.020400001
2183,2025,0.023399999
2184,2006,0.0023000001
2184,2007,0.0034
2184,2008,0.0049000001
2184,2009,0.0051000002
2184,2010,0.0057000001
2184,2011,0.0063999998
2184,2012,0.0074999998
2184,2013,0.0089999996
2184,2014,0.0112
2184,2015,0.0119
2184,2016,0.013
2184,2017,0.0136
2184,2018,0.0149
2184,2019,0.015699999
2184,2020,0.017100001
2184,2021,0.02
2184,2022,0.0218
2184,2023,0.023800001
2184,2024,0.0251
2184,2025,0.028899999
2260,2006,0.00079999998
2260,2007,0.00079999998
2260,2008,0.001
2260,2009,0.0020000001
2260,2010,0.0027000001
2260,2011,0.0046000001
2260,2012,0.0054000001
2260,2013,0.0055999998
2260,2014,0.0063
2260,2015,0.0074999998
2260,2016,0.0082999999
2260,2017,0.0094999997
2260,2018,0.0082
2260,2019,0.0093999999
2260,2020,0.0107
2260,2021,0.0112
2260,2022,0.0117
2260,2023,0.0133
2260,2024,0.0148
2260,2025,0.015900001
2262,2006,0.0019
2262,2007,0.0022
2262,2008,0.003
2262,2009,0.0041
2262,2010,0.0049999999
2262,2011,0.0068999999
2262,2012,0.0080000004
2262,2013,0.0086000003
2262,2014,0.0089999996
2262,2015,0.0097000003
2262,2016,0.0106
2262,2017,0.0117
2262,2018,0.0122
2262,2019,0.0127
2262,2020,0.0154
2262,2021,0.016899999
2262,2022,0.0167
2262,2023,0.0185
2262,2024,0.0209
2262,2025,0.023700001
2280,2006,0.0014
2280,2007,0.0018
2280,2008,0.0023000001
2280,2009,0.0027999999
2280,2010,0.0040000002
2280,2011,0.0052999998
2280,2012,0.0065000001
2280,2013,0.0074999998
2280,2014,0.0082
2280,2015,0.0081000002
2280,2016,0.0082
2280,2017,0.0078999996
2280,2018,0.0080000004
2280,2019,0.0094999997
2280,2020,0.0103
2280,2021,0.0116
2280,2022,0.0123
2280,2023,0.0137
2280,2024,0.0173
2280,2025,0.02
2281,2006,0.0011
2281,2007,0.0016
2281,2008,0.0024000001
2281,2009,0.0031999999
2281,2010,0.0038000001
2281,2011,0.0043000001
2281,2012,0.0052
2281,2013,0.0060000001
2281,2014,0.0068999999
2281,2015,0.0074999998
2281,2016,0.0082
2281,2017,0.0089999996
2281,2018,0.0092000002
2281,2019,0.0103
2281,2020,0.012
2281,2021,0.0125
2281,2022,0.0137
2281,2023,0.0151
2281,2024,0.017200001
2281,2025,0.0199
2282,2006,0.0011
2282,2007,0.0035999999
2282,2008,0.0041999999
2282,2009,0.0041999999
2282,2010,0.0055
2282,2011,0.0076000001
2282,2012,0.0074999998
2282,2013,0.0073000002
2282,2014,0.0088
2282,2015,0.0088999998
2282,2016,0.0097000003
2282,2017,0.0098999999
2282,2018,0.0114
2282,2019,0.0127
2282,2020,0.0143
2282,2021,0.0152
2282,2022,0.015900001
2282,2023,0.017899999
2282,2024,0.019200001
2282,2025,0.022500001
2283,2006,0.0018
2283,2007,0.0034
2283,2008,0.0040000002
2283,2009,0.0044
2283,2010,0.0054000001
2283,2011,0.0059000002
2283,2012,0.0063
2283,2013,0.0063999998
2283,2014,0.0062000002
2283,2015,0.0062000002
2283,2016,0.0071999999
2283,2017,0.0074999998
2283,2018,0.0082
2283,2019,0.0089999996
2283,2020,0.0113
2283,2021,0.0122
2283,2022,0.0128
2283,2023,0.0146
2283,2024,0.0164
2283,2025,0.0177
2284,2006,0.00079999998
2284,2007,0.0016
2284,2008,0.0020000001
2284,2009,0.0027000001
2284,2010,0.0035000001
2284,2011,0.0046999999
2284,2012,0.0049999999
2284,2013,0.0048000002
2284,2014,0.0052
2284,2015,0.0059000002
2284,2016,0.0065000001
2284,2017,0.0074
2284,2018,0.0082999999
2284,2019,0.0098000001
2284,2020,0.0125
2284,2021,0.0147
2284,2022,0.0165
2284,2023,0.018999999
2284,2024,0.019099999
2284,2025,0.0195
2303,2006,0.0016
2303,2007,0.0017
2303,2008,0.003
2303,2009,0.0035999999
2303,2010,0.0038999999
2303,2011,0.0044
2303,2012,0.0052999998
2303,2013,0.0051000002
2303,2014,0.0057000001
2303,2015,0.0063
2303,2016,0.0074
2303,2017,0.0068000001
2303,2018,0.0083999997
2303,2019,0.0077999998
2303,2020,0.0093999999
2303,2021,0.0129
2303,2022,0.0155
2303,2023,0.018300001
2303,2024,0.0218
2303,2025,0.0264
2305,2006,0.001
2305,2007,0.0013
2305,2008,0.0019
2305,2009,0.0035000001
2305,2010,0.0038999999
2305,2011,0.0049000001
2305,2012,0.0059000002
2305,2013,0.0057999999
2305,2014,0.0062000002
2305,2015,0.0062000002
2305,2016,0.0074
2305,2017,0.0062000002
2305,2018,0.0077999998
2305,2019,0.0071
2305,2020,0.0099999998
2305,2021,0.0136
2305,2022,0.0174
2305,2023,0.0177
2305,2024,0.0199
2305,2025,0.023
2309,2006,0.0014
2309,2007,0.0017
2309,2008,0.0022
2309,2009,0.0029
2309,2010,0.0033
2309,2011,0.0044999998
2309,2012,0.0052999998
2309,2013,0.0051000002
2309,2014,0.0057999999
2309,2015,0.0071999999
2309,2016,0.0088
2309,2017,0.0098000001
2309,2018,0.0106
2309,2019,0.0126
2309,2020,0.0141
2309,2021,0.0164
2309,2022,0.0176
2309,2023,0.0208
2309,2024,0.025
2309,2025,0.0285
2313,2006,0.0011
2313,2007,0.0013
2313,2008,0.0017
2313,2009,0.0015
2313,2010,0.0024999999
2313,2011,0.0026
2313,2012,0.0035000001
2313,2013,0.0033
2313,2014,0.0044999998
2313,2015,0.0054000001
2313,2016,0.0057999999
2313,2017,0.0068000001
2313,2018,0.0086000003
2313,2019,0.0086000003
2313,2020,0.0091000004
2313,2021,0.011
2313,2022,0.0139
2313,2023,0.0163
2313,2024,0.0185
2313,2025,0.023499999
2321,2006,0.00069999998
2321,2007,0.0013
2321,2008,0.0018
2321,2009,0.0035999999
2321,2010,0.0031000001
2321,2011,0.0043000001
2321,2012,0.0037
2321,2013,0.0038000001
2321,2014,0.0054000001
2321,2015,0.0057000001
2321,2016,0.0068000001
2321,2017,0.0074
2321,2018,0.0077999998
2321,2019,0.0085000005
2321,2020,0.0096000005
2321,2021,0.0111
2321,2022,0.0143
2321,2023,0.018200001
2321,2024,0.021199999
2321,2025,0.0263
2326,2006,0.00069999998
2326,2007,0.0013
2326,2008,0.0015
2326,2009,0.0020000001
2326,2010,0.0023000001
2326,2011,0.0034
2326,2012,0.0035999999
2326,2013,0.0046000001
2326,2014,0.0055
2326,2015,0.0041
2326,2016,0.0055
2326,2017,0.0071999999
2326,2018,0.0082
2326,2019,0.0092000002
2326,2020,0.0108
2326,2021,0.0107
2326,2022,0.0127
2326,2023,0.015699999
2326,2024,0.018999999
2326,2025,0.021199999
2361,2006,0.00050000002
2361,2007,0.0011
2361,2008,0.0018
2361,2009,0.0026
2361,2010,0.0034
2361,2011,0.0041
2361,2012,0.0048000002
2361,2013,0.0049999999
2361,2014,0.0063
2361,2015,0.0066
2361,2016,0.0063999998
2361,2017,0.0076000001
2361,2018,0.0082999999
2361,2019,0.0077999998
2361,2020,0.0098999999
2361,2021,0.0113
2361,2022,0.0131
2361,2023,0.0163
2361,2024,0.0188
2361,2025,0.0208
2380,2006,0.0011
2380,2007,0.0016
2380,2008,0.0019
2380,2009,0.0024000001
2380,2010,0.003
2380,2011,0.0043000001
2380,2012,0.0051000002
2380,2013,0.0055999998
2380,2014,0.0070000002
2380,2015,0.0080000004
2380,2016,0.0094999997
2380,2017,0.0108
2380,2018,0.0123
2380,2019,0.0134
2380,2020,0.0155
2380,2021,0.017100001
2380,2022,0.020099999
2380,2023,0.023700001
2380,2024,0.028100001
2380,2025,0.032000002
2401,2006,0.0019
2401,2007,0.0020000001
2401,2008,0.0029
2401,2009,0.0049999999
2401,2010,0.0062000002
2401,2011,0.0077
2401,2012,0.0092000002
2401,2013,0.0096000005
2401,2014,0.0098999999
2401,2015,0.0093
2401,2016,0.0105
2401,2017,0.0107
2401,2018,0.0118
2401,2019,0.0126
2401,2020,0.0124
2401,2021,0.0138
2401,2022,0.0144
2401,2023,0.0156
2401,2024,0.018300001
2401,2025,0.02
2403,2006,0.0027999999
2403,2007,0.0031000001
2403,2008,0.0035999999
2403,2009,0.0040000002
2403,2010,0.0049000001
2403,2011,0.0070000002
2403,2012,0.0082999999
2403,2013,0.0089999996
2403,2014,0.0077999998
2403,2015,0.0077
2403,2016,0.0073000002
2403,2017,0.0106
2403,2018,0.0127
2403,2019,0.0125
2403,2020,0.0147
2403,2021,0.0167
2403,2022,0.019400001
2403,2023,0.017000001
2403,2024,0.0174
2403,2025,0.016799999
2404,2006,0.0023000001
2404,2007,0.0035000001
2404,2008,0.0035999999
2404,2009,0.0055999998
2404,2010,0.0073000002
2404,2011,0.0093999999
2404,2012,0.0103
2404,2013,0.0105
2404,2014,0.0113
2404,2015,0.0127
2404,2016,0.0133
2404,2017,0.014
2404,2018,0.0156
2404,2019,0.0162
2404,2020,0.017000001
2404,2021,0.018200001
2404,2022,0.0196
2404,2023,0.0211
2404,2024,0.0222
2404,2025,0.023600001
2409,2006,0.0014
2409,2007,0.0019
2409,2008,0.0035000001
2409,2009,0.0044999998
2409,2010,0.0059000002
2409,2011,0.0083999997
2409,2012,0.0092000002
2409,2013,0.011
2409,2014,0.0119
2409,2015,0.0115
2409,2016,0.0111
2409,2017,0.0111
2409,2018,0.0127
2409,2019,0.0122
2409,2020,0.0129
2409,2021,0.0136
2409,2022,0.0151
2409,2023,0.0185
2409,2024,0.0197
2409,2025,0.019300001
2417,2006,0.0020000001
2417,2007,0.0027000001
2417,2008,0.0041
2417,2009,0.0049999999
2417,2010,0.0057999999
2417,2011,0.0057000001
2417,2012,0.0060000001
2417,2013,0.0083999997
2417,2014,0.0077
2417,2015,0.0091000004
2417,2016,0.0109
2417,2017,0.011
2417,2018,0.0129
2417,2019,0.0148
2417,2020,0.015699999
2417,2021,0.017100001
2417,2022,0.017200001
2417,2023,0.0217
2417,2024,0.020199999
2417,2025,0.023399999
2418,2006,0.0018
2418,2007,0.0027000001
2418,2008,0.0033
2418,2009,0.0027000001
2418,2010,0.0034
2418,2011,0.0052999998
2418,2012,0.0081000002
2418,2013,0.0076000001
2418,2014,0.0087000001
2418,2015,0.0099999998
2418,2016,0.0129
2418,2017,0.014
2418,2018,0.0147
2418,2019,0.0156
2418,2020,0.0165
2418,2021,0.020400001
2418,2022,0.0241
2418,2023,0.0274
2418,2024,0.033100002
2418,2025,0.0372
2421,2006,0.0014
2421,2007,0.0027999999
2421,2008,0.0041
2421,2009,0.0066999998
2421,2010,0.0074
2421,2011,0.0070000002
2421,2012,0.0087000001
2421,2013,0.0104
2421,2014,0.0124
2421,2015,0.0113
2421,2016,0.0132
2421,2017,0.0147
2421,2018,0.015699999
2421,2019,0.0185
2421,2020,0.021299999
2421,2021,0.0229
2421,2022,0.0231
2421,2023,0.028100001
2421,2024,0.033
2421,2025,0.035
2422,2006,0.001
2422,2007,0.0024999999
2422,2008,0.0048000002
2422,2009,0.0066
2422,2010,0.0055
2422,2011,0.0083999997
2422,2012,0.0097000003
2422,2013,0.0081000002
2422,2014,0.0074
2422,2015,0.0094999997
2422,2016,0.0094999997
2422,2017,0.0107
2422,2018,0.0119
2422,2019,0.0104
2422,2020,0.0106
2422,2021,0.0106
2422,2022,0.0144
2422,2023,0.015900001
2422,2024,0.021199999
2422,2025,0.0228
2425,2006,0.001
2425,2007,0.0020000001
2425,2008,0.0034
2425,2009,0.0034
2425,2010,0.0052
2425,2011,0.0055999998
2425,2012,0.0074999998
2425,2013,0.0082999999
2425,2014,0.0102
2425,2015,0.0113
2425,2016,0.0129
2425,2017,0.0136
2425,2018,0.0156
2425,2019,0.0153
2425,2020,0.0152
2425,2021,0.015
2425,2022,0.017000001
2425,2023,0.0209
2425,2024,0.0266
2425,2025,0.026799999
2460,2006,0.003
2460,2007,0.0031999999
2460,2008,0.0038000001
2460,2009,0.0049999999
2460,2010,0.0068999999
2460,2011,0.0086000003
2460,2012,0.0092000002
2460,2013,0.0114
2460,2014,0.012
2460,2015,0.0113
2460,2016,0.0116
2460,2017,0.0125
2460,2018,0.0134
2460,2019,0.0136
2460,2020,0.0152
2460,2021,0.0167
2460,2022,0.0176
2460,2023,0.022600001
2460,2024,0.026799999
2460,2025,0.027899999
2462,2006,0.0016
2462,2007,0.0024999999
2462,2008,0.0035999999
2462,2009,0.0038999999
2462,2010,0.0041999999
2462,2011,0.0054000001
2462,2012,0.0066
2462,2013,0.0080000004
2462,2014,0.0091000004
2462,2015,0.0097000003
2462,2016,0.0107
2462,2017,0.0118
2462,2018,0.0129
2462,2019,0.017100001
2462,2020,0.0197
2462,2021,0.0217
2462,2022,0.0233
2462,2023,0.0251
2462,2024,0.0284
2462,2025,0.028000001
2463,2006,0.0015
2463,2007,0.0020999999
2463,2008,0.0019
2463,2009,0.0026
2463,2010,0.0033
2463,2011,0.0033
2463,2012,0.0044
2463,2013,0.0049000001
2463,2014,0.0066999998
2463,2015,0.0055999998
2463,2016,0.0066
2463,2017,0.0077999998
2463,2018,0.0096000005
2463,2019,0.0125
2463,2020,0.016799999
2463,2021,0.0189
2463,2022,0.021600001
2463,2023,0.0239
2463,2024,0.028200001
2463,2025,0.0265
2480,2006,0.0024999999
2480,2007,0.0031999999
2480,2008,0.0038999999
2480,2009,0.0048000002
2480,2010,0.0057999999
2480,2011,0.0068999999
2480,2012,0.0077
2480,2013,0.0087000001
2480,2014,0.0093999999
2480,2015,0.0099999998
2480,2016,0.0098999999
2480,2017,0.0106
2480,2018,0.0116
2480,2019,0.0127
2480,2020,0.014
2480,2021,0.015900001
2480,2022,0.0187
2480,2023,0.021500001
2480,2024,0.023800001
2480,2025,0.025
2481,2006,0.0020000001
2481,2007,0.0029
2481,2008,0.0046000001
2481,2009,0.0059000002
2481,2010,0.0071999999
2481,2011,0.0083999997
2481,2012,0.0096000005
2481,2013,0.0118
2481,2014,0.0129
2481,2015,0.0128
2481,2016,0.0138
2481,2017,0.014
2481,2018,0.0165
2481,2019,0.0176
2481,2020,0.0211
2481,2021,0.0241
2481,2022,0.0262
2481,2023,0.0285
2481,2024,0.034000002
2481,2025,0.036699999
2482,2006,0.0017
2482,2007,0.0024999999
2482,2008,0.0035999999
2482,2009,0.0055
2482,2010,0.0077999998
2482,2011,0.0093999999
2482,2012,0.0113
2482,2013,0.012
2482,2014,0.0132
2482,2015,0.0139
2482,2016,0.014
2482,2017,0.014
2482,2018,0.0148
2482,2019,0.0165
2482,2020,0.0178
2482,2021,0.020099999
2482,2022,0.021400001
2482,2023,0.022399999
2482,2024,0.0241
2482,2025,0.0266
2505,2006,0.0024000001
2505,2007,0.0037
2505,2008,0.0035999999
2505,2009,0.0054000001
2505,2010,0.0071999999
2505,2011,0.0071999999
2505,2012,0.0091000004
2505,2013,0.011
2505,2014,0.0128
2505,2015,0.0121
2505,2016,0.011
2505,2017,0.0109
2505,2018,0.0129
2505,2019,0.0137
2505,2020,0.0151
2505,2021,0.014
2505,2022,0.0175
2505,2023,0.021600001
2505,2024,0.0209
2505,2025,0.0209
2506,2006,0.001
2506,2007,0.0016
2506,2008,0.0035000001
2506,2009,0.0031999999
2506,2010,0.0057000001
2506,2011,0.0089999996
2506,2012,0.0111
2506,2013,0.0131
2506,2014,0.0138
2506,2015,0.0135
2506,2016,0.0118
2506,2017,0.0114
2506,2018,0.0111
2506,2019,0.0122
2506,2020,0.0125
2506,2021,0.0155
2506,2022,0.0154
2506,2023,0.0207
2506,2024,0.020400001
2506,2025,0.023700001
2510,2006,0.0015
2510,2007,0.0017
2510,2008,0.0024999999
2510,2009,0.0033
2510,2010,0.0033
2510,2011,0.0041
2510,2012,0.0044999998
2510,2013,0.0049000001
2510,2014,0.0060999999
2510,2015,0.0068999999
2510,2016,0.0077999998
2510,2017,0.0077
2510,2018,0.0060000001
2510,2019,0.0088999998
2510,2020,0.0098999999
2510,2021,0.0134
2510,2022,0.015799999
2510,2023,0.0209
2510,2024,0.023800001
2510,2025,0.026799999
2513,2006,0.0020999999
2513,2007,0.0020999999
2513,2008,0.0024000001
2513,2009,0.0041
2513,2010,0.0044
2513,2011,0.0054000001
2513,2012,0.0060000001
2513,2013,0.0060999999
2513,2014,0.0070000002
2513,2015,0.0074
2513,2016,0.0077
2513,2017,0.0077
2513,2018,0.0097000003
2513,2019,0.0089999996
2513,2020,0.0091000004
2513,2021,0.0094999997
2513,2022,0.0111
2513,2023,0.0114
2513,2024,0.0131
2513,2025,0.017000001
2514,2006,0.0020999999
2514,2007,0.0027999999
2514,2008,0.0041
2514,2009,0.0057999999
2514,2010,0.0063
2514,2011,0.0068000001
2514,2012,0.0088
2514,2013,0.011
2514,2014,0.0126
2514,2015,0.0127
2514,2016,0.0134
2514,2017,0.0155
2514,2018,0.0154
2514,2019,0.0166
2514,2020,0.0176
2514,2021,0.019200001
2514,2022,0.019099999
2514,2023,0.021400001
2514,2024,0.0254
2514,2025,0.028000001
2518,2006,0.0015
2518,2007,0.0016
2518,2008,0.0012000001
2518,2009,0.0014
2518,2010,0.0019
2518,2011,0.0019
2518,2012,0.0019
2518,2013,0.0024999999
2518,2014,0.0034
2518,2015,0.0033
2518,2016,0.0041999999
2518,2017,0.0043000001
2518,2018,0.0049999999
2518,2019,0.0057999999
2518,2020,0.0068999999
2518,2021,0.0076000001
2518,2022,0.0104
2518,2023,0.013
2518,2024,0.0148
2518,2025,0.017999999
2521,2006,0.00060000003
2521,2007,0.00060000003
2521,2008,0.00050000002
2521,2009,0.0013
2521,2010,0.0019
2521,2011,0.0027000001
2521,2012,0.0022
2521,2013,0.0027000001
2521,2014,0.0027000001
2521,2015,0.0031000001
2521,2016,0.0046000001
2521,2017,0.0044
2521,2018,0.0071
2521,2019,0.0071
2521,2020,0.0085000005
2521,2021,0.0092000002
2521,2022,0.0126
2521,2023,0.0153
2521,2024,0.0176
2521,2025,0.0209
2523,2006,0.0018
2523,2007,0.0020000001
2523,2008,0.0020999999
2523,2009,0.0031999999
2523,2010,0.0038999999
2523,2011,0.0046000001
2523,2012,0.0057000001
2523,2013,0.0055999998
2523,2014,0.0052999998
2523,2015,0.0057000001
2523,2016,0.0074
2523,2017,0.0074999998
2523,2018,0.0080000004
2523,2019,0.0093
2523,2020,0.0123
2523,2021,0.0147
2523,2022,0.0166
2523,2023,0.0207
2523,2024,0.0243
2523,2025,0.0274
2560,2006,0.0020999999
2560,2007,0.0024999999
2560,2008,0.0027999999
2560,2009,0.0035000001
2560,2010,0.0046999999
2560,2011,0.0070000002
2560,2012,0.0098999999
2560,2013,0.0118
2560,2014,0.0104
2560,2015,0.0101
2560,2016,0.0098999999
2560,2017,0.0091000004
2560,2018,0.0104
2560,2019,0.0123
2560,2020,0.0139
2560,2021,0.0154
2560,2022,0.018100001
2560,2023,0.023800001
2560,2024,0.024700001
2560,2025,0.028899999
2580,2006,0.0020999999
2580,2007,0.003
2580,2008,0.0041
2580,2009,0.0055999998
2580,2010,0.0066
2580,2011,0.0076000001
2580,2012,0.0089999996
2580,2013,0.0098999999
2580,2014,0.0107
2580,2015,0.0112
2580,2016,0.0113
2580,2017,0.0123
2580,2018,0.0135
2580,2019,0.0147
2580,2020,0.016000001
2580,2021,0.017000001
2580,2022,0.019400001
2580,2023,0.0221
2580,2024,0.024700001
2580,2025,0.0262
2581,2006,0.0014
2581,2007,0.0020999999
2581,2008,0.0026
2581,2009,0.0035999999
2581,2010,0.0051000002
2581,2011,0.0074
2581,2012,0.0087000001
2581,2013,0.0096000005
2581,2014,0.0099999998
2581,2015,0.0107
2581,2016,0.0108
2581,2017,0.0109
2581,2018,0.0114
2581,2019,0.0124
2581,2020,0.0142
2581,2021,0.0154
2581,2022,0.0178
2581,2023,0.023600001
2581,2024,0.0275
2581,2025,0.032600001
2582,2006,0.0031000001
2582,2007,0.0040000002
2582,2008,0.0060999999
2582,2009,0.0077999998
2582,2010,0.0102
2582,2011,0.0119
2582,2012,0.0123
2582,2013,0.0133
2582,2014,0.014
2582,2015,0.0141
2582,2016,0.015699999
2582,2017,0.0155
2582,2018,0.0165
2582,2019,0.017999999
2582,2020,0.020400001
2582,2021,0.0218
2582,2022,0.0233
2582,2023,0.0265
2582,2024,0.0287
2582,2025,0.030200001
2583,2006,0.0011
2583,2007,0.0024999999
2583,2008,0.0035999999
2583,2009,0.0038000001
2583,2010,0.0035000001
2583,2011,0.0046999999
2583,2012,0.0055
2583,2013,0.0068000001
2583,2014,0.0068000001
2583,2015,0.0085000005
2583,2016,0.0085000005
2583,2017,0.0093
2583,2018,0.0128
2583,2019,0.0137
2583,2020,0.0166
2583,2021,0.0187
2583,2022,0.018200001
2583,2023,0.020099999
2583,2024,0.020500001
2583,2025,0.0253
2584,2006,0.0014
2584,2007,0.0019
2584,2008,0.0022
2584,2009,0.0027000001
2584,2010,0.003
2584,2011,0.0034
2584,2012,0.0037
2584,2013,0.0041999999
2584,2014,0.0043000001
2584,2015,0.0051000002
2584,2016,0.0060000001
2584,2017,0.0071
2584,2018,0.0068999999
2584,2019,0.0082
2584,2020,0.0098999999
2584,2021,0.012
2584,2022,0.0136
2584,2023,0.0162
2584,2024,0.0184
2584,2025,0.021
