kommun,year,andel_antidepressiv
0114,2006,0.072300002
0114,2007,0.075800002
0114,2008,0.074299999
0114,2009,0.075000003
0114,2010,0.076200001
0114,2011,0.075199999
0114,2012,0.077699997
0114,2013,0.082400002
0114,2014,0.084700003
0114,2015,0.086400002
0114,2016,0.088
0114,2017,0.086199999
0114,2018,0.087399997
0114,2019,0.090300001
0114,2020,0.090899996
0114,2021,0.095299996
0114,2022,0.095100001
0114,2023,0.095399998
0114,2024,0.1
0114,2025,0.1026
0115,2006,0.068300001
0115,2007,0.067199998
0115,2008,0.066200003
0115,2009,0.069499999
0115,2010,0.070799999
0115,2011,0.073600002
0115,2012,0.078299999
0115,2013,0.084200002
0115,2014,0.086800002
0115,2015,0.090800002
0115,2016,0.092200004
0115,2017,0.092799999
0115,2018,0.094999999
0115,2019,0.0977
0115,2020,0.1007
0115,2021,0.1041
0115,2022,0.1084
0115,2023,0.1138
0115,2024,0.115
0115,2025,0.1182
0117,2006,0.069399998
0117,2007,0.070200004
0117,2008,0.072700001
0117,2009,0.070799999
0117,2010,0.071699999
0117,2011,0.076800004
0117,2012,0.079300001
0117,2013,0.0832
0117,2014,0.088500001
0117,2015,0.093099996
0117,2016,0.0964
0117,2017,0.097099997
0117,2018,0.098999999
0117,2019,0.1018
0117,2020,0.1009
0117,2021,0.1022
0117,2022,0.1041
0117,2023,0.106
0117,2024,0.1086
0117,2025,0.1103
0120,2006,0.058800001
0120,2007,0.0579
0120,2008,0.057599999
0120,2009,0.059999999
0120,2010,0.058800001
0120,2011,0.0625
0120,2012,0.067000002
0120,2013,0.069799997
0120,2014,0.074000001
0120,2015,0.077200003
0120,2016,0.078299999
0120,2017,0.076899998
0120,2018,0.079499997
0120,2019,0.081200004
0120,2020,0.082900003
0120,2021,0.086999997
0120,2022,0.093000002
0120,2023,0.097400002
0120,2024,0.101
0120,2025,0.101
0123,2006,0.066299997
0123,2007,0.066100001
0123,2008,0.066200003
0123,2009,0.064199999
0123,2010,0.064499997
0123,2011,0.066399999
0123,2012,0.067699999
0123,2013,0.069499999
0123,2014,0.071599998
0123,2015,0.073200002
0123,2016,0.074699998
0123,2017,0.076499999
0123,2018,0.075999998
0123,2019,0.077299997
0123,2020,0.077200003
0123,2021,0.080200002
0123,2022,0.084100001
0123,2023,0.087399997
0123,2024,0.088500001
0123,2025,0.0898
0125,2006,0.052499998
0125,2007,0.052700002
0125,2008,0.055100001
0125,2009,0.058499999
0125,2010,0.063100003
0125,2011,0.065700002
0125,2012,0.065899998
0125,2013,0.066299997
0125,2014,0.074100003
0125,2015,0.076300003
0125,2016,0.0779
0125,2017,0.079599999
0125,2018,0.080300003
0125,2019,0.082500003
0125,2020,0.0832
0125,2021,0.084100001
0125,2022,0.087499999
0125,2023,0.0902
0125,2024,0.092799999
0125,2025,0.092200004
0126,2006,0.059799999
0126,2007,0.0601
0126,2008,0.059900001
0126,2009,0.059300002
0126,2010,0.059700001
0126,2011,0.0616
0126,2012,0.062700003
0126,2013,0.063600004
0126,2014,0.066600002
0126,2015,0.069799997
0126,2016,0.070100002
0126,2017,0.070500001
0126,2018,0.072300002
0126,2019,0.075099997
0126,2020,0.075599998
0126,2021,0.079000004
0126,2022,0.080799997
0126,2023,0.0836
0126,2024,0.0854
0126,2025,0.086999997
0127,2006,0.062899999
0127,2007,0.061700001
0127,2008,0.0601
0127,2009,0.0605
0127,2010,0.058200002
0127,2011,0.056299999
0127,2012,0.058400001
0127,2013,0.058600001
0127,2014,0.061099999
0127,2015,0.063699998
0127,2016,0.066299997
0127,2017,0.066
0127,2018,0.066799998
0127,2019,0.068400003
0127,2020,0.067900002
0127,2021,0.071699999
0127,2022,0.0735
0127,2023,0.075099997
0127,2024,0.078299999
0127,2025,0.079999998
0128,2006,0.057999998
0128,2007,0.0625
0128,2008,0.0614
0128,2009,0.061099999
0128,2010,0.064099997
0128,2011,0.067500003
0128,2012,0.0691
0128,2013,0.0735
0128,2014,0.075499997
0128,2015,0.076499999
0128,2016,0.076800004
0128,2017,0.077399999
0128,2018,0.077500001
0128,2019,0.082800001
0128,2020,0.084100001
0128,2021,0.085699998
0128,2022,0.087399997
0128,2023,0.085100003
0128,2024,0.088399999
0128,2025,0.089900002
0136,2006,0.068300001
0136,2007,0.068099998
0136,2008,0.067000002
0136,2009,0.0682
0136,2010,0.068400003
0136,2011,0.070100002
0136,2012,0.071599998
0136,2013,0.072700001
0136,2014,0.075499997
0136,2015,0.077699997
0136,2016,0.078900002
0136,2017,0.079400003
0136,2018,0.079899997
0136,2019,0.0823
0136,2020,0.082800001
0136,2021,0.084899999
0136,2022,0.086900003
0136,2023,0.089599997
0136,2024,0.090899996
0136,2025,0.093900003
0138,2006,0.057999998
0138,2007,0.0581
0138,2008,0.0605
0138,2009,0.0625
0138,2010,0.065099999
0138,2011,0.0678
0138,2012,0.068899997
0138,2013,0.072400004
0138,2014,0.077299997
0138,2015,0.080200002
0138,2016,0.083899997
0138,2017,0.085500002
0138,2018,0.086999997
0138,2019,0.090599999
0138,2020,0.091600001
0138,2021,0.095399998
0138,2022,0.099200003
0138,2023,0.1026
0138,2024,0.1046
0138,2025,0.1067
0139,2006,0.069300003
0139,2007,0.069799997
0139,2008,0.0678
0139,2009,0.0682
0139,2010,0.0691
0139,2011,0.067699999
0139,2012,0.068700001
0139,2013,0.071699999
0139,2014,0.072700001
0139,2015,0.075900003
0139,2016,0.077299997
0139,2017,0.078500003
0139,2018,0.072700001
0139,2019,0.072400004
0139,2020,0.075300001
0139,2021,0.080399998
0139,2022,0.082400002
0139,2023,0.084799998
0139,2024,0.085500002
0139,2025,0.088399999
0140,2006,0.052700002
0140,2007,0.055199999
0140,2008,0.055500001
0140,2009,0.053399999
0140,2010,0.055199999
0140,2011,0.0592
0140,2012,0.0616
0140,2013,0.062399998
0140,2014,0.066799998
0140,2015,0.071000002
0140,2016,0.0722
0140,2017,0.070299998
0140,2018,0.0704
0140,2019,0.074000001
0140,2020,0.077200003
0140,2021,0.077299997
0140,2022,0.080799997
0140,2023,0.085199997
0140,2024,0.089299999
0140,2025,0.089400001
0160,2006,0.066399999
0160,2007,0.066399999
0160,2008,0.066600002
0160,2009,0.0669
0160,2010,0.066799998
0160,2011,0.069300003
0160,2012,0.071000002
0160,2013,0.074299999
0160,2014,0.079000004
0160,2015,0.083899997
0160,2016,0.085199997
0160,2017,0.088399999
0160,2018,0.091200002
0160,2019,0.093800001
0160,2020,0.094099998
0160,2021,0.098999999
0160,2022,0.1021
0160,2023,0.1034
0160,2024,0.1064
0160,2025,0.1079
0162,2006,0.0647
0162,2007,0.067199998
0162,2008,0.066799998
0162,2009,0.063900001
0162,2010,0.063500002
0162,2011,0.065899998
0162,2012,0.068400003
0162,2013,0.068400003
0162,2014,0.071500003
0162,2015,0.076499999
0162,2016,0.076700002
0162,2017,0.076399997
0162,2018,0.077699997
0162,2019,0.0779
0162,2020,0.079700001
0162,2021,0.082000002
0162,2022,0.086599998
0162,2023,0.088200003
0162,2024,0.089400001
0162,2025,0.092200004
0163,2006,0.061500002
0163,2007,0.061900001
0163,2008,0.0638
0163,2009,0.063299999
0163,2010,0.064199999
0163,2011,0.064300001
0163,2012,0.064000003
0163,2013,0.067400001
0163,2014,0.070699997
0163,2015,0.074199997
0163,2016,0.077699997
0163,2017,0.078199998
0163,2018,0.079400003
0163,2019,0.082099997
0163,2020,0.0823
0163,2021,0.083999999
0163,2022,0.0889
0163,2023,0.090000004
0163,2024,0.092200004
0163,2025,0.095200002
0180,2006,0.070799999
0180,2007,0.071400002
0180,2008,0.070900001
0180,2009,0.070299998
0180,2010,0.070900001
0180,2011,0.072400004
0180,2012,0.073600002
0180,2013,0.0757
0180,2014,0.0792
0180,2015,0.082900003
0180,2016,0.084799998
0180,2017,0.086199999
0180,2018,0.088100001
0180,2019,0.089900002
0180,2020,0.090999998
0180,2021,0.094599999
0180,2022,0.098899998
0180,2023,0.1012
0180,2024,0.1036
0180,2025,0.1055
0181,2006,0.0634
0181,2007,0.064199999
0181,2008,0.0647
0181,2009,0.062700003
0181,2010,0.063299999
0181,2011,0.064300001
0181,2012,0.065899998
0181,2013,0.067599997
0181,2014,0.068800002
0181,2015,0.071000002
0181,2016,0.0713
0181,2017,0.070900001
0181,2018,0.070600003
0181,2019,0.071800001
0181,2020,0.068899997
0181,2021,0.070299998
0181,2022,0.071400002
0181,2023,0.073200002
0181,2024,0.075599998
0181,2025,0.078199998
0182,2006,0.058499999
0182,2007,0.060800001
0182,2008,0.0603
0182,2009,0.060899999
0182,2010,0.0623
0182,2011,0.0647
0182,2012,0.066200003
0182,2013,0.068499997
0182,2014,0.070600003
0182,2015,0.072700001
0182,2016,0.074500002
0182,2017,0.074699998
0182,2018,0.076399997
0182,2019,0.0792
0182,2020,0.081200004
0182,2021,0.084600002
0182,2022,0.088600002
0182,2023,0.090999998
0182,2024,0.0942
0182,2025,0.096500002
0183,2006,0.077600002
0183,2007,0.075599998
0183,2008,0.075400002
0183,2009,0.072099999
0183,2010,0.074000001
0183,2011,0.073299997
0183,2012,0.074600004
0183,2013,0.075400002
0183,2014,0.077699997
0183,2015,0.077799998
0183,2016,0.076399997
0183,2017,0.076099999
0183,2018,0.076300003
0183,2019,0.077600002
0183,2020,0.079899997
0183,2021,0.083099999
0183,2022,0.087200001
0183,2023,0.089599997
0183,2024,0.090099998
0183,2025,0.093699999
0184,2006,0.071599998
0184,2007,0.072700001
0184,2008,0.070100002
0184,2009,0.069200002
0184,2010,0.068099998
0184,2011,0.068700001
0184,2012,0.068599999
0184,2013,0.070200004
0184,2014,0.0735
0184,2015,0.077
0184,2016,0.078500003
0184,2017,0.080399998
0184,2018,0.079700001
0184,2019,0.081799999
0184,2020,0.082000002
0184,2021,0.083700001
0184,2022,0.086000003
0184,2023,0.088600002
0184,2024,0.091899998
0184,2025,0.093099996
0186,2006,0.069200002
0186,2007,0.070500001
0186,2008,0.072700001
0186,2009,0.071400002
0186,2010,0.071699999
0186,2011,0.074699998
0186,2012,0.076800004
0186,2013,0.075099997
0186,2014,0.079300001
0186,2015,0.081200004
0186,2016,0.084799998
0186,2017,0.085100003
0186,2018,0.086599998
0186,2019,0.089900002
0186,2020,0.092799999
0186,2021,0.096100003
0186,2022,0.1018
0186,2023,0.1062
0186,2024,0.111
0186,2025,0.1135
0187,2006,0.065499999
0187,2007,0.066699997
0187,2008,0.0647
0187,2009,0.0647
0187,2010,0.064800002
0187,2011,0.065399997
0187,2012,0.068599999
0187,2013,0.069300003
0187,2014,0.075199999
0187,2015,0.077
0187,2016,0.077200003
0187,2017,0.076700002
0187,2018,0.0801
0187,2019,0.083300002
0187,2020,0.088799998
0187,2021,0.0955
0187,2022,0.1022
0187,2023,0.1048
0187,2024,0.1059
0187,2025,0.1061
0188,2006,0.075499997
0188,2007,0.076800004
0188,2008,0.076099999
0188,2009,0.077200003
0188,2010,0.079899997
0188,2011,0.083099999
0188,2012,0.085000001
0188,2013,0.0933
0188,2014,0.094599999
0188,2015,0.099299997
0188,2016,0.1022
0188,2017,0.1058
0188,2018,0.1089
0188,2019,0.1126
0188,2020,0.1128
0188,2021,0.115
0188,2022,0.1198
0188,2023,0.1234
0188,2024,0.1284
0188,2025,0.1303
0191,2006,0.069499999
0191,2007,0.070100002
0191,2008,0.0704
0191,2009,0.067900002
0191,2010,0.068099998
0191,2011,0.069399998
0191,2012,0.067900002
0191,2013,0.071500003
0191,2014,0.0722
0191,2015,0.072999999
0191,2016,0.074299999
0191,2017,0.0748
0191,2018,0.075000003
0191,2019,0.077600002
0191,2020,0.077399999
0191,2021,0.079400003
0191,2022,0.079800002
0191,2023,0.079300001
0191,2024,0.080200002
0191,2025,0.081799999
0192,2006,0.068599999
0192,2007,0.070799999
0192,2008,0.070299998
0192,2009,0.070799999
0192,2010,0.070100002
0192,2011,0.071500003
0192,2012,0.0748
0192,2013,0.075400002
0192,2014,0.079700001
0192,2015,0.082400002
0192,2016,0.085500002
0192,2017,0.0858
0192,2018,0.089199997
0192,2019,0.095299996
0192,2020,0.098399997
0192,2021,0.1016
0192,2022,0.1015
0192,2023,0.1019
0192,2024,0.1024
0192,2025,0.1045
0305,2006,0.064900003
0305,2007,0.066
0305,2008,0.066299997
0305,2009,0.064800002
0305,2010,0.064400002
0305,2011,0.070100002
0305,2012,0.071099997
0305,2013,0.075099997
0305,2014,0.077
0305,2015,0.0788
0305,2016,0.080300003
0305,2017,0.083099999
0305,2018,0.083700001
0305,2019,0.084899999
0305,2020,0.088699996
0305,2021,0.093000002
0305,2022,0.097099997
0305,2023,0.1004
0305,2024,0.1026
0305,2025,0.1017
0319,2006,0.083300002
0319,2007,0.0814
0319,2008,0.084399998
0319,2009,0.085699998
0319,2010,0.082400002
0319,2011,0.082999997
0319,2012,0.086000003
0319,2013,0.088799998
0319,2014,0.093099996
0319,2015,0.091399997
0319,2016,0.091499999
0319,2017,0.095399998
0319,2018,0.0973
0319,2019,0.1044
0319,2020,0.1051
0319,2021,0.1084
0319,2022,0.1164
0319,2023,0.1256
0319,2024,0.121
0319,2025,0.131
0330,2006,0.060800001
0330,2007,0.057
0330,2008,0.0583
0330,2009,0.060400002
0330,2010,0.063699998
0330,2011,0.065800004
0330,2012,0.069799997
0330,2013,0.070799999
0330,2014,0.075400002
0330,2015,0.0766
0330,2016,0.078299999
0330,2017,0.081500001
0330,2018,0.0823
0330,2019,0.083800003
0330,2020,0.088
0330,2021,0.092799999
0330,2022,0.098499998
0330,2023,0.1045
0330,2024,0.1082
0330,2025,0.1065
0331,2006,0.086499996
0331,2007,0.0858
0331,2008,0.0898
0331,2009,0.0889
0331,2010,0.090400003
0331,2011,0.090899996
0331,2012,0.093500003
0331,2013,0.095200002
0331,2014,0.095899999
0331,2015,0.098899998
0331,2016,0.1051
0331,2017,0.1086
0331,2018,0.1083
0331,2019,0.115
0331,2020,0.1127
0331,2021,0.1135
0331,2022,0.1204
0331,2023,0.122
0331,2024,0.1229
0331,2025,0.124
0360,2006,0.088600002
0360,2007,0.088600002
0360,2008,0.0889
0360,2009,0.088299997
0360,2010,0.088399999
0360,2011,0.087499999
0360,2012,0.091200002
0360,2013,0.095799997
0360,2014,0.1012
0360,2015,0.1006
0360,2016,0.1025
0360,2017,0.1033
0360,2018,0.1088
0360,2019,0.1173
0360,2020,0.117
0360,2021,0.1197
0360,2022,0.125
0360,2023,0.1322
0360,2024,0.1363
0360,2025,0.1398
0380,2006,0.083499998
0380,2007,0.083700001
0380,2008,0.082099997
0380,2009,0.080899999
0380,2010,0.081900001
0380,2011,0.083800003
0380,2012,0.086300001
0380,2013,0.088600002
0380,2014,0.092799999
0380,2015,0.095399998
0380,2016,0.097099997
0380,2017,0.097900003
0380,2018,0.1008
0380,2019,0.1031
0380,2020,0.1059
0380,2021,0.1101
0380,2022,0.1148
0380,2023,0.1181
0380,2024,0.1209
0380,2025,0.1223
0381,2006,0.081299998
0381,2007,0.082199998
0381,2008,0.081799999
0381,2009,0.082500003
0381,2010,0.085000001
0381,2011,0.0867
0381,2012,0.092699997
0381,2013,0.0933
0381,2014,0.096799999
0381,2015,0.099799998
0381,2016,0.098300003
0381,2017,0.099799998
0381,2018,0.098200001
0381,2019,0.1018
0381,2020,0.1062
0381,2021,0.1097
0381,2022,0.1133
0381,2023,0.1168
0381,2024,0.1205
0381,2025,0.1229
0382,2006,0.081799999
0382,2007,0.086099997
0382,2008,0.086300001
0382,2009,0.081799999
0382,2010,0.084299996
0382,2011,0.085100003
0382,2012,0.087800004
0382,2013,0.088799998
0382,2014,0.0902
0382,2015,0.091200002
0382,2016,0.097900003
0382,2017,0.0995
0382,2018,0.1035
0382,2019,0.1053
0382,2020,0.1117
0382,2021,0.1154
0382,2022,0.1203
0382,2023,0.126
0382,2024,0.12710001
0382,2025,0.12899999
0428,2006,0.0867
0428,2007,0.086199999
0428,2008,0.083400004
0428,2009,0.087099999
0428,2010,0.084899999
0428,2011,0.081600003
0428,2012,0.084799998
0428,2013,0.090899996
0428,2014,0.090599999
0428,2015,0.089199997
0428,2016,0.090999998
0428,2017,0.091200002
0428,2018,0.096000001
0428,2019,0.095299996
0428,2020,0.097900003
0428,2021,0.1038
0428,2022,0.1081
0428,2023,0.1128
0428,2024,0.1174
0428,2025,0.124
0461,2006,0.068899997
0461,2007,0.068800002
0461,2008,0.071099997
0461,2009,0.071099997
0461,2010,0.069399998
0461,2011,0.073200002
0461,2012,0.075800002
0461,2013,0.079599999
0461,2014,0.081600003
0461,2015,0.082699999
0461,2016,0.089699998
0461,2017,0.087800004
0461,2018,0.091600001
0461,2019,0.093400002
0461,2020,0.093900003
0461,2021,0.099399999
0461,2022,0.1033
0461,2023,0.1093
0461,2024,0.1127
0461,2025,0.1173
0480,2006,0.0823
0480,2007,0.084899999
0480,2008,0.083700001
0480,2009,0.081100002
0480,2010,0.082500003
0480,2011,0.084700003
0480,2012,0.087099999
0480,2013,0.090300001
0480,2014,0.095100001
0480,2015,0.0995
0480,2016,0.1016
0480,2017,0.1046
0480,2018,0.1059
0480,2019,0.1063
0480,2020,0.1091
0480,2021,0.1155
0480,2022,0.1183
0480,2023,0.1228
0480,2024,0.1244
0480,2025,0.12540001
0481,2006,0.091600001
0481,2007,0.097199999
0481,2008,0.0902
0481,2009,0.091600001
0481,2010,0.0902
0481,2011,0.094400004
0481,2012,0.0942
0481,2013,0.095100001
0481,2014,0.1022
0481,2015,0.1029
0481,2016,0.103
0481,2017,0.1054
0481,2018,0.1055
0481,2019,0.1097
0481,2020,0.1143
0481,2021,0.1214
0481,2022,0.1277
0481,2023,0.1332
0481,2024,0.133
0481,2025,0.1332
0482,2006,0.081600003
0482,2007,0.078900002
0482,2008,0.080300003
0482,2009,0.079599999
0482,2010,0.079599999
0482,2011,0.084399998
0482,2012,0.089299999
0482,2013,0.089100003
0482,2014,0.0911
0482,2015,0.092299998
0482,2016,0.094800003
0482,2017,0.093199998
0482,2018,0.092600003
0482,2019,0.096600004
0482,2020,0.1034
0482,2021,0.108
0482,2022,0.1107
0482,2023,0.1183
0482,2024,0.1223
0482,2025,0.1219
0483,2006,0.080499999
0483,2007,0.081600003
0483,2008,0.081
0483,2009,0.081500001
0483,2010,0.079000004
0483,2011,0.082400002
0483,2012,0.085699998
0483,2013,0.088100001
0483,2014,0.087300003
0483,2015,0.089500003
0483,2016,0.092299998
0483,2017,0.093400002
0483,2018,0.093800001
0483,2019,0.094099998
0483,2020,0.097000003
0483,2021,0.1016
0483,2022,0.1077
0483,2023,0.1139
0483,2024,0.1169
0483,2025,0.1184
0484,2006,0.079800002
0484,2007,0.078400001
0484,2008,0.0766
0484,2009,0.075499997
0484,2010,0.077799998
0484,2011,0.080200002
0484,2012,0.082500003
0484,2013,0.0845
0484,2014,0.087899998
0484,2015,0.091200002
0484,2016,0.090000004
0484,2017,0.090099998
0484,2018,0.0911
0484,2019,0.091499999
0484,2020,0.092399999
0484,2021,0.095100001
0484,2022,0.0973
0484,2023,0.0999
0484,2024,0.1027
0484,2025,0.1046
0486,2006,0.072300002
0486,2007,0.073200002
0486,2008,0.070799999
0486,2009,0.072999999
0486,2010,0.0748
0486,2011,0.077399999
0486,2012,0.080600001
0486,2013,0.086800002
0486,2014,0.0898
0486,2015,0.094300002
0486,2016,0.1013
0486,2017,0.099799998
0486,2018,0.1007
0486,2019,0.1004
0486,2020,0.1015
0486,2021,0.1053
0486,2022,0.1093
0486,2023,0.1145
0486,2024,0.1172
0486,2025,0.1177
0488,2006,0.066799998
0488,2007,0.066399999
0488,2008,0.064999998
0488,2009,0.068800002
0488,2010,0.073100001
0488,2011,0.071000002
0488,2012,0.0748
0488,2013,0.074699998
0488,2014,0.074900001
0488,2015,0.082599998
0488,2016,0.0854
0488,2017,0.087899998
0488,2018,0.089900002
0488,2019,0.092
0488,2020,0.093400002
0488,2021,0.094800003
0488,2022,0.098300003
0488,2023,0.1012
0488,2024,0.109
0488,2025,0.1079
0509,2006,0.074199997
0509,2007,0.076499999
0509,2008,0.071599998
0509,2009,0.069300003
0509,2010,0.066600002
0509,2011,0.073399998
0509,2012,0.079400003
0509,2013,0.082699999
0509,2014,0.086999997
0509,2015,0.084799998
0509,2016,0.090000004
0509,2017,0.0911
0509,2018,0.093699999
0509,2019,0.1006
0509,2020,0.0999
0509,2021,0.107
0509,2022,0.11
0509,2023,0.1123
0509,2024,0.1153
0509,2025,0.1177
0512,2006,0.081600003
0512,2007,0.080300003
0512,2008,0.077600002
0512,2009,0.076300003
0512,2010,0.075999998
0512,2011,0.081600003
0512,2012,0.085000001
0512,2013,0.082099997
0512,2014,0.084399998
0512,2015,0.092900001
0512,2016,0.0955
0512,2017,0.1021
0512,2018,0.1109
0512,2019,0.1153
0512,2020,0.121
0512,2021,0.13150001
0512,2022,0.13850001
0512,2023,0.14740001
0512,2024,0.1426
0512,2025,0.1442
0513,2006,0.0722
0513,2007,0.072899997
0513,2008,0.071000002
0513,2009,0.074000001
0513,2010,0.078299999
0513,2011,0.082400002
0513,2012,0.089100003
0513,2013,0.095899999
0513,2014,0.1038
0513,2015,0.1011
0513,2016,0.1041
0513,2017,0.1042
0513,2018,0.1068
0513,2019,0.1115
0513,2020,0.1144
0513,2021,0.1143
0513,2022,0.1168
0513,2023,0.1195
0513,2024,0.1171
0513,2025,0.1204
0560,2006,0.0832
0560,2007,0.085000001
0560,2008,0.084799998
0560,2009,0.081900001
0560,2010,0.087700002
0560,2011,0.083800003
0560,2012,0.087200001
0560,2013,0.087700002
0560,2014,0.090899996
0560,2015,0.095899999
0560,2016,0.094700001
0560,2017,0.099799998
0560,2018,0.1042
0560,2019,0.1056
0560,2020,0.1031
0560,2021,0.1043
0560,2022,0.1111
0560,2023,0.113
0560,2024,0.1236
0560,2025,0.1312
0561,2006,0.077600002
0561,2007,0.077500001
0561,2008,0.077399999
0561,2009,0.078199998
0561,2010,0.081900001
0561,2011,0.0845
0561,2012,0.087499999
0561,2013,0.091600001
0561,2014,0.092799999
0561,2015,0.096600004
0561,2016,0.101
0561,2017,0.1039
0561,2018,0.1085
0561,2019,0.1106
0561,2020,0.1148
0561,2021,0.1158
0561,2022,0.1209
0561,2023,0.1305
0561,2024,0.1357
0561,2025,0.1374
0562,2006,0.070699997
0562,2007,0.070799999
0562,2008,0.072700001
0562,2009,0.072499998
0562,2010,0.072800003
0562,2011,0.0748
0562,2012,0.078599997
0562,2013,0.077600002
0562,2014,0.081
0562,2015,0.080700003
0562,2016,0.082400002
0562,2017,0.083899997
0562,2018,0.086099997
0562,2019,0.090499997
0562,2020,0.091600001
0562,2021,0.096299998
0562,2022,0.1018
0562,2023,0.1037
0562,2024,0.1084
0562,2025,0.1113
0563,2006,0.077399999
0563,2007,0.076200001
0563,2008,0.079899997
0563,2009,0.078599997
0563,2010,0.078100003
0563,2011,0.080399998
0563,2012,0.083899997
0563,2013,0.082500003
0563,2014,0.087899998
0563,2015,0.084100001
0563,2016,0.086199999
0563,2017,0.085699998
0563,2018,0.0889
0563,2019,0.093099996
0563,2020,0.098200001
0563,2021,0.102
0563,2022,0.1063
0563,2023,0.1139
0563,2024,0.118
0563,2025,0.1228
0580,2006,0.072700001
0580,2007,0.072700001
0580,2008,0.071800001
0580,2009,0.072099999
0580,2010,0.072400004
0580,2011,0.074600004
0580,2012,0.075999998
0580,2013,0.077299997
0580,2014,0.079300001
0580,2015,0.080899999
0580,2016,0.082199998
0580,2017,0.083700001
0580,2018,0.086599998
0580,2019,0.090000004
0580,2020,0.093400002
0580,2021,0.098700002
0580,2022,0.1034
0580,2023,0.1077
0580,2024,0.1124
0580,2025,0.1141
0581,2006,0.073700003
0581,2007,0.076200001
0581,2008,0.075400002
0581,2009,0.076099999
0581,2010,0.077600002
0581,2011,0.078699999
0581,2012,0.078599997
0581,2013,0.081500001
0581,2014,0.085199997
0581,2015,0.086400002
0581,2016,0.086300001
0581,2017,0.088299997
0581,2018,0.089699998
0581,2019,0.093000002
0581,2020,0.094800003
0581,2021,0.097599998
0581,2022,0.1027
0581,2023,0.1067
0581,2024,0.1105
0581,2025,0.1117
0582,2006,0.071999997
0582,2007,0.070699997
0582,2008,0.0722
0582,2009,0.071900003
0582,2010,0.073899999
0582,2011,0.079800002
0582,2012,0.082999997
0582,2013,0.085900001
0582,2014,0.085600004
0582,2015,0.088699996
0582,2016,0.093000002
0582,2017,0.0942
0582,2018,0.097599998
0582,2019,0.1057
0582,2020,0.1096
0582,2021,0.1112
0582,2022,0.1177
0582,2023,0.1284
0582,2024,0.1296
0582,2025,0.13079999
0583,2006,0.080200002
0583,2007,0.082400002
0583,2008,0.0845
0583,2009,0.0845
0583,2010,0.086599998
0583,2011,0.088699996
0583,2012,0.090700001
0583,2013,0.093500003
0583,2014,0.096199997
0583,2015,0.097900003
0583,2016,0.098499998
0583,2017,0.1017
0583,2018,0.1031
0583,2019,0.1044
0583,2020,0.108
0583,2021,0.1164
0583,2022,0.1198
0583,2023,0.1231
0583,2024,0.1241
0583,2025,0.1249
0584,2006,0.1029
0584,2007,0.1084
0584,2008,0.1101
0584,2009,0.1116
0584,2010,0.1097
0584,2011,0.1125
0584,2012,0.1173
0584,2013,0.1172
0584,2014,0.1236
0584,2015,0.1258
0584,2016,0.1302
0584,2017,0.1296
0584,2018,0.131
0584,2019,0.13789999
0584,2020,0.1375
0584,2021,0.1521
0584,2022,0.147
0584,2023,0.15109999
0584,2024,0.1531
0584,2025,0.1517
0586,2006,0.077100001
0586,2007,0.078699999
0586,2008,0.079000004
0586,2009,0.079999998
0586,2010,0.079899997
0586,2011,0.083300002
0586,2012,0.086599998
0586,2013,0.090899996
0586,2014,0.095299996
0586,2015,0.099200003
0586,2016,0.1005
0586,2017,0.1012
0586,2018,0.105
0586,2019,0.1092
0586,2020,0.1121
0586,2021,0.1152
0586,2022,0.1184
0586,2023,0.123
0586,2024,0.12720001
0586,2025,0.1266
0604,2006,0.069300003
0604,2007,0.072700001
0604,2008,0.072400004
0604,2009,0.069300003
0604,2010,0.0735
0604,2011,0.077500001
0604,2012,0.0766
0604,2013,0.081600003
0604,2014,0.087499999
0604,2015,0.090700001
0604,2016,0.092500001
0604,2017,0.094300002
0604,2018,0.0973
0604,2019,0.1028
0604,2020,0.1035
0604,2021,0.104
0604,2022,0.1103
0604,2023,0.1111
0604,2024,0.1139
0604,2025,0.1148
0617,2006,0.054699998
0617,2007,0.054900002
0617,2008,0.053399999
0617,2009,0.057300001
0617,2010,0.0568
0617,2011,0.0581
0617,2012,0.063199997
0617,2013,0.067199998
0617,2014,0.067900002
0617,2015,0.074699998
0617,2016,0.073100001
0617,2017,0.070900001
0617,2018,0.068599999
0617,2019,0.075800002
0617,2020,0.076899998
0617,2021,0.080300003
0617,2022,0.084799998
0617,2023,0.093199998
0617,2024,0.0999
0617,2025,0.1018
0642,2006,0.065899998
0642,2007,0.070299998
0642,2008,0.072300002
0642,2009,0.075599998
0642,2010,0.079499997
0642,2011,0.081699997
0642,2012,0.088799998
0642,2013,0.089199997
0642,2014,0.093500003
0642,2015,0.095700003
0642,2016,0.101
0642,2017,0.1038
0642,2018,0.1047
0642,2019,0.1064
0642,2020,0.1066
0642,2021,0.1114
0642,2022,0.1156
0642,2023,0.1225
0642,2024,0.1213
0642,2025,0.1218
0643,2006,0.066799998
0643,2007,0.066699997
0643,2008,0.065300003
0643,2009,0.0713
0643,2010,0.073899999
0643,2011,0.076700002
0643,2012,0.081
0643,2013,0.080399998
0643,2014,0.086599998
0643,2015,0.090300001
0643,2016,0.094300002
0643,2017,0.092399999
0643,2018,0.093199998
0643,2019,0.093800001
0643,2020,0.096699998
0643,2021,0.1008
0643,2022,0.1046
0643,2023,0.1081
0643,2024,0.1123
0643,2025,0.1157
0662,2006,0.064499997
0662,2007,0.063699998
0662,2008,0.063299999
0662,2009,0.0623
0662,2010,0.064900003
0662,2011,0.069200002
0662,2012,0.070600003
0662,2013,0.071199998
0662,2014,0.075199999
0662,2015,0.077500001
0662,2016,0.079400003
0662,2017,0.081699997
0662,2018,0.083300002
0662,2019,0.086900003
0662,2020,0.085199997
0662,2021,0.087800004
0662,2022,0.086800002
0662,2023,0.092699997
0662,2024,0.094999999
0662,2025,0.1015
0665,2006,0.0704
0665,2007,0.071199998
0665,2008,0.070799999
0665,2009,0.0726
0665,2010,0.074000001
0665,2011,0.077699997
0665,2012,0.079400003
0665,2013,0.0832
0665,2014,0.0832
0665,2015,0.086499996
0665,2016,0.091799997
0665,2017,0.090800002
0665,2018,0.089299999
0665,2019,0.093599997
0665,2020,0.097599998
0665,2021,0.0986
0665,2022,0.1033
0665,2023,0.103
0665,2024,0.1102
0665,2025,0.1127
0680,2006,0.080399998
0680,2007,0.080200002
0680,2008,0.079800002
0680,2009,0.081
0680,2010,0.0814
0680,2011,0.084799998
0680,2012,0.087300003
0680,2013,0.090800002
0680,2014,0.095899999
0680,2015,0.098499998
0680,2016,0.099699996
0680,2017,0.099399999
0680,2018,0.1011
0680,2019,0.1034
0680,2020,0.1048
0680,2021,0.107
0680,2022,0.1099
0680,2023,0.1131
0680,2024,0.1179
0680,2025,0.119
0682,2006,0.0814
0682,2007,0.080399998
0682,2008,0.081100002
0682,2009,0.0832
0682,2010,0.083400004
0682,2011,0.087800004
0682,2012,0.0898
0682,2013,0.091799997
0682,2014,0.0973
0682,2015,0.099200003
0682,2016,0.1006
0682,2017,0.102
0682,2018,0.1037
0682,2019,0.1094
0682,2020,0.1086
0682,2021,0.1107
0682,2022,0.1144
0682,2023,0.1177
0682,2024,0.12549999
0682,2025,0.1296
0683,2006,0.0678
0683,2007,0.068300001
0683,2008,0.067199998
0683,2009,0.068000004
0683,2010,0.068300001
0683,2011,0.070200004
0683,2012,0.073299997
0683,2013,0.077
0683,2014,0.0792
0683,2015,0.081200004
0683,2016,0.083499998
0683,2017,0.082999997
0683,2018,0.084600002
0683,2019,0.087700002
0683,2020,0.091899998
0683,2021,0.097999997
0683,2022,0.1038
0683,2023,0.1085
0683,2024,0.1108
0683,2025,0.1137
0684,2006,0.0669
0684,2007,0.070600003
0684,2008,0.068000004
0684,2009,0.070900001
0684,2010,0.074199997
0684,2011,0.077500001
0684,2012,0.082099997
0684,2013,0.0823
0684,2014,0.080399998
0684,2015,0.084299996
0684,2016,0.083700001
0684,2017,0.087700002
0684,2018,0.092900001
0684,2019,0.099299997
0684,2020,0.099600002
0684,2021,0.1071
0684,2022,0.1085
0684,2023,0.1106
0684,2024,0.118
0684,2025,0.1186
0685,2006,0.072800003
0685,2007,0.073399998
0685,2008,0.076700002
0685,2009,0.077399999
0685,2010,0.078599997
0685,2011,0.083099999
0685,2012,0.090000004
0685,2013,0.092500001
0685,2014,0.098499998
0685,2015,0.1053
0685,2016,0.1053
0685,2017,0.1064
0685,2018,0.1102
0685,2019,0.1127
0685,2020,0.1149
0685,2021,0.1186
0685,2022,0.1217
0685,2023,0.1244
0685,2024,0.12540001
0685,2025,0.1276
0686,2006,0.076399997
0686,2007,0.0823
0686,2008,0.0823
0686,2009,0.086400002
0686,2010,0.090899996
0686,2011,0.093400002
0686,2012,0.098300003
0686,2013,0.1051
0686,2014,0.1041
0686,2015,0.1092
0686,2016,0.1112
0686,2017,0.1095
0686,2018,0.1145
0686,2019,0.117
0686,2020,0.1175
0686,2021,0.1231
0686,2022,0.1266
0686,2023,0.12809999
0686,2024,0.1349
0686,2025,0.14120001
0687,2006,0.086300001
0687,2007,0.086300001
0687,2008,0.088500001
0687,2009,0.090899996
0687,2010,0.090700001
0687,2011,0.095899999
0687,2012,0.0964
0687,2013,0.096699998
0687,2014,0.099699996
0687,2015,0.1062
0687,2016,0.1075
0687,2017,0.1058
0687,2018,0.107
0687,2019,0.1068
0687,2020,0.113
0687,2021,0.1177
0687,2022,0.1239
0687,2023,0.12819999
0687,2024,0.13060001
0687,2025,0.1365
0760,2006,0.079099998
0760,2007,0.077699997
0760,2008,0.073399998
0760,2009,0.077600002
0760,2010,0.081
0760,2011,0.084399998
0760,2012,0.085600004
0760,2013,0.090400003
0760,2014,0.095200002
0760,2015,0.098200001
0760,2016,0.093000002
0760,2017,0.091600001
0760,2018,0.095200002
0760,2019,0.096799999
0760,2020,0.098300003
0760,2021,0.105
0760,2022,0.108
0760,2023,0.1152
0760,2024,0.1211
0760,2025,0.1256
0761,2006,0.094999999
0761,2007,0.094300002
0761,2008,0.090300001
0761,2009,0.088100001
0761,2010,0.087700002
0761,2011,0.093500003
0761,2012,0.0986
0761,2013,0.096900001
0761,2014,0.1017
0761,2015,0.099600002
0761,2016,0.095799997
0761,2017,0.1003
0761,2018,0.1014
0761,2019,0.1049
0761,2020,0.1093
0761,2021,0.1167
0761,2022,0.1209
0761,2023,0.1266
0761,2024,0.1243
0761,2025,0.124
0763,2006,0.080499999
0763,2007,0.085500002
0763,2008,0.085100003
0763,2009,0.086499996
0763,2010,0.0867
0763,2011,0.092600003
0763,2012,0.093800001
0763,2013,0.094400004
0763,2014,0.097800002
0763,2015,0.1021
0763,2016,0.1016
0763,2017,0.1017
0763,2018,0.1061
0763,2019,0.1096
0763,2020,0.1072
0763,2021,0.1125
0763,2022,0.1151
0763,2023,0.1166
0763,2024,0.1196
0763,2025,0.1238
0764,2006,0.074000001
0764,2007,0.073899999
0764,2008,0.076899998
0764,2009,0.079499997
0764,2010,0.080200002
0764,2011,0.0832
0764,2012,0.085199997
0764,2013,0.083400004
0764,2014,0.087800004
0764,2015,0.090999998
0764,2016,0.091799997
0764,2017,0.095100001
0764,2018,0.0955
0764,2019,0.099100001
0764,2020,0.099100001
0764,2021,0.1005
0764,2022,0.099699996
0764,2023,0.1042
0764,2024,0.1078
0764,2025,0.1157
0765,2006,0.075800002
0765,2007,0.074600004
0765,2008,0.077399999
0765,2009,0.076800004
0765,2010,0.078299999
0765,2011,0.081
0765,2012,0.0801
0765,2013,0.082800001
0765,2014,0.0845
0765,2015,0.085900001
0765,2016,0.084100001
0765,2017,0.083499998
0765,2018,0.084600002
0765,2019,0.0867
0765,2020,0.084399998
0765,2021,0.090999998
0765,2022,0.091200002
0765,2023,0.093699999
0765,2024,0.096500002
0765,2025,0.098300003
0767,2006,0.0823
0767,2007,0.0823
0767,2008,0.079999998
0767,2009,0.079700001
0767,2010,0.082800001
0767,2011,0.088200003
0767,2012,0.092699997
0767,2013,0.094700001
0767,2014,0.099699996
0767,2015,0.1017
0767,2016,0.096600004
0767,2017,0.0986
0767,2018,0.1006
0767,2019,0.1013
0767,2020,0.1012
0767,2021,0.1046
0767,2022,0.1108
0767,2023,0.1188
0767,2024,0.12630001
0767,2025,0.13510001
0780,2006,0.080499999
0780,2007,0.081799999
0780,2008,0.080600001
0780,2009,0.0792
0780,2010,0.080700003
0780,2011,0.081799999
0780,2012,0.084200002
0780,2013,0.0858
0780,2014,0.089100003
0780,2015,0.091499999
0780,2016,0.092799999
0780,2017,0.093099996
0780,2018,0.094999999
0780,2019,0.096000001
0780,2020,0.0977
0780,2021,0.1025
0780,2022,0.1046
0780,2023,0.1083
0780,2024,0.1126
0780,2025,0.1141
0781,2006,0.076899998
0781,2007,0.075499997
0781,2008,0.078299999
0781,2009,0.077100001
0781,2010,0.081299998
0781,2011,0.084700003
0781,2012,0.086999997
0781,2013,0.088
0781,2014,0.0933
0781,2015,0.094700001
0781,2016,0.095299996
0781,2017,0.092600003
0781,2018,0.094099998
0781,2019,0.097199999
0781,2020,0.098999999
0781,2021,0.1036
0781,2022,0.1051
0781,2023,0.1093
0781,2024,0.1159
0781,2025,0.1191
0821,2006,0.076899998
0821,2007,0.086199999
0821,2008,0.085199997
0821,2009,0.075300001
0821,2010,0.081500001
0821,2011,0.085299999
0821,2012,0.087300003
0821,2013,0.082900003
0821,2014,0.081500001
0821,2015,0.082599998
0821,2016,0.077600002
0821,2017,0.0779
0821,2018,0.078900002
0821,2019,0.083400004
0821,2020,0.087899998
0821,2021,0.091200002
0821,2022,0.096299998
0821,2023,0.1022
0821,2024,0.1092
0821,2025,0.1083
0834,2006,0.068599999
0834,2007,0.070900001
0834,2008,0.073600002
0834,2009,0.071400002
0834,2010,0.0823
0834,2011,0.078100003
0834,2012,0.0854
0834,2013,0.087399997
0834,2014,0.096799999
0834,2015,0.094300002
0834,2016,0.092399999
0834,2017,0.086900003
0834,2018,0.092600003
0834,2019,0.0973
0834,2020,0.0999
0834,2021,0.1063
0834,2022,0.1081
0834,2023,0.114
0834,2024,0.1148
0834,2025,0.1251
0840,2006,0.067400001
0840,2007,0.069399998
0840,2008,0.071099997
0840,2009,0.071199998
0840,2010,0.069799997
0840,2011,0.069700003
0840,2012,0.0704
0840,2013,0.074299999
0840,2014,0.075900003
0840,2015,0.078199998
0840,2016,0.083300002
0840,2017,0.083800003
0840,2018,0.086900003
0840,2019,0.089299999
0840,2020,0.092699997
0840,2021,0.096600004
0840,2022,0.105
0840,2023,0.1077
0840,2024,0.1124
0840,2025,0.117
0860,2006,0.085699998
0860,2007,0.087399997
0860,2008,0.089599997
0860,2009,0.088600002
0860,2010,0.087499999
0860,2011,0.086199999
0860,2012,0.091399997
0860,2013,0.092600003
0860,2014,0.0964
0860,2015,0.1001
0860,2016,0.094999999
0860,2017,0.096000001
0860,2018,0.098300003
0860,2019,0.1034
0860,2020,0.1014
0860,2021,0.101
0860,2022,0.103
0860,2023,0.1094
0860,2024,0.1147
0860,2025,0.1154
0861,2006,0.068400003
0861,2007,0.067299999
0861,2008,0.069200002
0861,2009,0.073700003
0861,2010,0.073899999
0861,2011,0.075900003
0861,2012,0.078599997
0861,2013,0.083700001
0861,2014,0.082800001
0861,2015,0.083899997
0861,2016,0.088799998
0861,2017,0.090899996
0861,2018,0.093199998
0861,2019,0.097999997
0861,2020,0.0986
0861,2021,0.1062
0861,2022,0.1119
0861,2023,0.1158
0861,2024,0.117
0861,2025,0.1196
0862,2006,0.065899998
0862,2007,0.067900002
0862,2008,0.064000003
0862,2009,0.065499999
0862,2010,0.0669
0862,2011,0.070900001
0862,2012,0.071500003
0862,2013,0.076399997
0862,2014,0.078699999
0862,2015,0.084899999
0862,2016,0.084399998
0862,2017,0.081100002
0862,2018,0.088200003
0862,2019,0.091499999
0862,2020,0.098899998
0862,2021,0.1004
0862,2022,0.1028
0862,2023,0.1077
0862,2024,0.1076
0862,2025,0.1121
0880,2006,0.075999998
0880,2007,0.074900001
0880,2008,0.075599998
0880,2009,0.074500002
0880,2010,0.076800004
0880,2011,0.078199998
0880,2012,0.079899997
0880,2013,0.081900001
0880,2014,0.087300003
0880,2015,0.090099998
0880,2016,0.092699997
0880,2017,0.092500001
0880,2018,0.094099998
0880,2019,0.098399997
0880,2020,0.099600002
0880,2021,0.1049
0880,2022,0.1108
0880,2023,0.115
0880,2024,0.1177
0880,2025,0.1179
0881,2006,0.070699997
0881,2007,0.071000002
0881,2008,0.074900001
0881,2009,0.075300001
0881,2010,0.080399998
0881,2011,0.082599998
0881,2012,0.082599998
0881,2013,0.082699999
0881,2014,0.086999997
0881,2015,0.093000002
0881,2016,0.091300003
0881,2017,0.093999997
0881,2018,0.097599998
0881,2019,0.1029
0881,2020,0.1086
0881,2021,0.1106
0881,2022,0.1173
0881,2023,0.1231
0881,2024,0.12639999
0881,2025,0.1274
0882,2006,0.065700002
0882,2007,0.065399997
0882,2008,0.0656
0882,2009,0.068499997
0882,2010,0.069899999
0882,2011,0.072700001
0882,2012,0.075000003
0882,2013,0.077299997
0882,2014,0.0823
0882,2015,0.087200001
0882,2016,0.0898
0882,2017,0.094599999
0882,2018,0.091399997
0882,2019,0.093900003
0882,2020,0.095700003
0882,2021,0.097900003
0882,2022,0.1032
0882,2023,0.1087
0882,2024,0.1104
0882,2025,0.1118
0883,2006,0.0788
0883,2007,0.081200004
0883,2008,0.081
0883,2009,0.0814
0883,2010,0.085100003
0883,2011,0.087099999
0883,2012,0.090400003
0883,2013,0.095899999
0883,2014,0.096699998
0883,2015,0.098899998
0883,2016,0.1028
0883,2017,0.104
0883,2018,0.1046
0883,2019,0.1066
0883,2020,0.1078
0883,2021,0.1108
0883,2022,0.1154
0883,2023,0.1182
0883,2024,0.1204
0883,2025,0.1215
0884,2006,0.074500002
0884,2007,0.071599998
0884,2008,0.071400002
0884,2009,0.073799998
0884,2010,0.073799998
0884,2011,0.0757
0884,2012,0.078000002
0884,2013,0.078599997
0884,2014,0.081100002
0884,2015,0.083300002
0884,2016,0.085299999
0884,2017,0.088100001
0884,2018,0.088600002
0884,2019,0.092200004
0884,2020,0.091399997
0884,2021,0.094899997
0884,2022,0.099100001
0884,2023,0.1024
0884,2024,0.1037
0884,2025,0.1051
0885,2006,0.0735
0885,2007,0.0726
0885,2008,0.073299997
0885,2009,0.0722
0885,2010,0.073100001
0885,2011,0.074600004
0885,2012,0.075400002
0885,2013,0.084100001
0885,2014,0.085000001
0885,2015,0.086900003
0885,2016,0.086300001
0885,2017,0.087800004
0885,2018,0.093699999
0885,2019,0.095600002
0885,2020,0.1011
0885,2021,0.1107
0885,2022,0.1188
0885,2023,0.12530001
0885,2024,0.13150001
0885,2025,0.1392
0980,2006,0.064400002
0980,2007,0.068999998
0980,2008,0.073100001
0980,2009,0.074900001
0980,2010,0.075999998
0980,2011,0.080499999
0980,2012,0.084299996
0980,2013,0.089199997
0980,2014,0.093199998
0980,2015,0.098800004
0980,2016,0.099200003
0980,2017,0.1029
0980,2018,0.106
0980,2019,0.1121
0980,2020,0.1153
0980,2021,0.1202
0980,2022,0.12620001
0980,2023,0.1309
0980,2024,0.1348
0980,2025,0.1372
1060,2006,0.064300001
1060,2007,0.064199999
1060,2008,0.068400003
1060,2009,0.065899998
1060,2010,0.067299999
1060,2011,0.071999997
1060,2012,0.075300001
1060,2013,0.081600003
1060,2014,0.0854
1060,2015,0.089400001
1060,2016,0.093099996
1060,2017,0.095100001
1060,2018,0.093999997
1060,2019,0.1006
1060,2020,0.1003
1060,2021,0.1086
1060,2022,0.1127
1060,2023,0.1163
1060,2024,0.117
1060,2025,0.1214
1080,2006,0.074299999
1080,2007,0.076300003
1080,2008,0.075999998
1080,2009,0.075400002
1080,2010,0.076300003
1080,2011,0.079700001
1080,2012,0.080499999
1080,2013,0.082099997
1080,2014,0.0867
1080,2015,0.090999998
1080,2016,0.094300002
1080,2017,0.097099997
1080,2018,0.1015
1080,2019,0.1042
1080,2020,0.1044
1080,2021,0.1079
1080,2022,0.1139
1080,2023,0.1186
1080,2024,0.1224
1080,2025,0.12540001
1081,2006,0.076499999
1081,2007,0.077500001
1081,2008,0.081
1081,2009,0.0814
1081,2010,0.087099999
1081,2011,0.090300001
1081,2012,0.090400003
1081,2013,0.093000002
1081,2014,0.096000001
1081,2015,0.096699998
1081,2016,0.097800002
1081,2017,0.099399999
1081,2018,0.1013
1081,2019,0.1036
1081,2020,0.1096
1081,2021,0.1131
1081,2022,0.1189
1081,2023,0.1224
1081,2024,0.12800001
1081,2025,0.13429999
1082,2006,0.070200004
1082,2007,0.067900002
1082,2008,0.069399998
1082,2009,0.070200004
1082,2010,0.073100001
1082,2011,0.077600002
1082,2012,0.079300001
1082,2013,0.084100001
1082,2014,0.088500001
1082,2015,0.092399999
1082,2016,0.093900003
1082,2017,0.095399998
1082,2018,0.1004
1082,2019,0.1041
1082,2020,0.1056
1082,2021,0.108
1082,2022,0.1153
1082,2023,0.122
1082,2024,0.1274
1082,2025,0.12800001
1083,2006,0.073100001
1083,2007,0.073799998
1083,2008,0.073799998
1083,2009,0.0748
1083,2010,0.0766
1083,2011,0.0814
1083,2012,0.083700001
1083,2013,0.086499996
1083,2014,0.0933
1083,2015,0.099799998
1083,2016,0.1024
1083,2017,0.1028
1083,2018,0.1
1083,2019,0.1056
1083,2020,0.1065
1083,2021,0.1125
1083,2022,0.1152
1083,2023,0.1236
1083,2024,0.1303
1083,2025,0.1303
1214,2006,0.068499997
1214,2007,0.066100001
1214,2008,0.065200001
1214,2009,0.067599997
1214,2010,0.066799998
1214,2011,0.070200004
1214,2012,0.0744
1214,2013,0.078500003
1214,2014,0.079599999
1214,2015,0.082099997
1214,2016,0.086499996
1214,2017,0.087099999
1214,2018,0.092500001
1214,2019,0.097099997
1214,2020,0.093400002
1214,2021,0.097999997
1214,2022,0.1038
1214,2023,0.1081
1214,2024,0.1123
1214,2025,0.1108
1230,2006,0.0726
1230,2007,0.074500002
1230,2008,0.072700001
1230,2009,0.072899997
1230,2010,0.0744
1230,2011,0.076399997
1230,2012,0.079899997
1230,2013,0.082099997
1230,2014,0.083400004
1230,2015,0.088299997
1230,2016,0.089100003
1230,2017,0.091399997
1230,2018,0.092900001
1230,2019,0.093500003
1230,2020,0.0942
1230,2021,0.1
1230,2022,0.1045
1230,2023,0.1074
1230,2024,0.1082
1230,2025,0.1109
1231,2006,0.072999999
1231,2007,0.0722
1231,2008,0.073100001
1231,2009,0.073399998
1231,2010,0.074699998
1231,2011,0.077
1231,2012,0.080799997
1231,2013,0.084799998
1231,2014,0.085900001
1231,2015,0.087399997
1231,2016,0.0836
1231,2017,0.084100001
1231,2018,0.0858
1231,2019,0.090099998
1231,2020,0.0933
1231,2021,0.093599997
1231,2022,0.097599998
1231,2023,0.0986
1231,2024,0.1023
1231,2025,0.1033
1233,2006,0.070699997
1233,2007,0.072400004
1233,2008,0.071000002
1233,2009,0.069700003
1233,2010,0.068499997
1233,2011,0.072099999
1233,2012,0.073700003
1233,2013,0.075499997
1233,2014,0.077799998
1233,2015,0.079899997
1233,2016,0.078400001
1233,2017,0.081
1233,2018,0.081100002
1233,2019,0.082699999
1233,2020,0.085299999
1233,2021,0.086900003
1233,2022,0.092200004
1233,2023,0.096600004
1233,2024,0.098700002
1233,2025,0.1005
1256,2006,0.078500003
1256,2007,0.082599998
1256,2008,0.085900001
1256,2009,0.0858
1256,2010,0.087200001
1256,2011,0.0911
1256,2012,0.090400003
1256,2013,0.097999997
1256,2014,0.095899999
1256,2015,0.096699998
1256,2016,0.1009
1256,2017,0.1005
1256,2018,0.1014
1256,2019,0.107
1256,2020,0.1085
1256,2021,0.1139
1256,2022,0.1199
1256,2023,0.1259
1256,2024,0.12819999
1256,2025,0.13
1257,2006,0.069300003
1257,2007,0.066299997
1257,2008,0.068300001
1257,2009,0.066500001
1257,2010,0.069399998
1257,2011,0.069700003
1257,2012,0.076800004
1257,2013,0.080799997
1257,2014,0.0845
1257,2015,0.089299999
1257,2016,0.092100002
1257,2017,0.099200003
1257,2018,0.1015
1257,2019,0.1088
1257,2020,0.1109
1257,2021,0.1119
1257,2022,0.1159
1257,2023,0.1193
1257,2024,0.1277
1257,2025,0.1314
1260,2006,0.0682
1260,2007,0.0669
1260,2008,0.064499997
1260,2009,0.065399997
1260,2010,0.069200002
1260,2011,0.0748
1260,2012,0.082900003
1260,2013,0.085299999
1260,2014,0.085100003
1260,2015,0.093000002
1260,2016,0.092399999
1260,2017,0.0933
1260,2018,0.094099998
1260,2019,0.098800004
1260,2020,0.1024
1260,2021,0.105
1260,2022,0.105
1260,2023,0.1065
1260,2024,0.1105
1260,2025,0.1093
1261,2006,0.072800003
1261,2007,0.075499997
1261,2008,0.077
1261,2009,0.075000003
1261,2010,0.0788
1261,2011,0.079700001
1261,2012,0.084600002
1261,2013,0.087200001
1261,2014,0.091300003
1261,2015,0.0942
1261,2016,0.094599999
1261,2017,0.094300002
1261,2018,0.096699998
1261,2019,0.1
1261,2020,0.102
1261,2021,0.1061
1261,2022,0.1092
1261,2023,0.1109
1261,2024,0.1153
1261,2025,0.1174
1262,2006,0.069399998
1262,2007,0.068099998
1262,2008,0.068099998
1262,2009,0.070500001
1262,2010,0.071800001
1262,2011,0.074199997
1262,2012,0.0748
1262,2013,0.074500002
1262,2014,0.077200003
1262,2015,0.081600003
1262,2016,0.081200004
1262,2017,0.086000003
1262,2018,0.086300001
1262,2019,0.089299999
1262,2020,0.0889
1262,2021,0.0942
1262,2022,0.098700002
1262,2023,0.0986
1262,2024,0.1018
1262,2025,0.1047
1263,2006,0.071400002
1263,2007,0.070699997
1263,2008,0.066
1263,2009,0.066100001
1263,2010,0.0682
1263,2011,0.0713
1263,2012,0.071999997
1263,2013,0.075400002
1263,2014,0.077
1263,2015,0.083700001
1263,2016,0.0836
1263,2017,0.088399999
1263,2018,0.089299999
1263,2019,0.094099998
1263,2020,0.095299996
1263,2021,0.095200002
1263,2022,0.099699996
1263,2023,0.099399999
1263,2024,0.1051
1263,2025,0.1104
1264,2006,0.079599999
1264,2007,0.077500001
1264,2008,0.078500003
1264,2009,0.077699997
1264,2010,0.079400003
1264,2011,0.083899997
1264,2012,0.085600004
1264,2013,0.087499999
1264,2014,0.092600003
1264,2015,0.094700001
1264,2016,0.095899999
1264,2017,0.096500002
1264,2018,0.098899998
1264,2019,0.1008
1264,2020,0.098399997
1264,2021,0.1005
1264,2022,0.1044
1264,2023,0.1071
1264,2024,0.1126
1264,2025,0.118
1265,2006,0.076399997
1265,2007,0.076899998
1265,2008,0.076700002
1265,2009,0.077600002
1265,2010,0.0788
1265,2011,0.084399998
1265,2012,0.0867
1265,2013,0.086199999
1265,2014,0.090999998
1265,2015,0.097499996
1265,2016,0.1012
1265,2017,0.1065
1265,2018,0.1095
1265,2019,0.1114
1265,2020,0.1149
1265,2021,0.1157
1265,2022,0.1154
1265,2023,0.1158
1265,2024,0.1167
1265,2025,0.1208
1266,2006,0.0744
1266,2007,0.077600002
1266,2008,0.077799998
1266,2009,0.080399998
1266,2010,0.086599998
1266,2011,0.090300001
1266,2012,0.094700001
1266,2013,0.0995
1266,2014,0.1002
1266,2015,0.1024
1266,2016,0.1031
1266,2017,0.1038
1266,2018,0.1043
1266,2019,0.1082
1266,2020,0.1107
1266,2021,0.115
1266,2022,0.1218
1266,2023,0.1225
1266,2024,0.1243
1266,2025,0.126
1267,2006,0.077600002
1267,2007,0.077699997
1267,2008,0.077500001
1267,2009,0.081
1267,2010,0.081699997
1267,2011,0.086400002
1267,2012,0.089100003
1267,2013,0.092299998
1267,2014,0.094099998
1267,2015,0.099699996
1267,2016,0.1031
1267,2017,0.1024
1267,2018,0.1032
1267,2019,0.1059
1267,2020,0.1071
1267,2021,0.1111
1267,2022,0.1168
1267,2023,0.1209
1267,2024,0.1239
1267,2025,0.1259
1270,2006,0.089000002
1270,2007,0.090899996
1270,2008,0.089400001
1270,2009,0.089500003
1270,2010,0.087399997
1270,2011,0.092200004
1270,2012,0.093099996
1270,2013,0.095100001
1270,2014,0.099299997
1270,2015,0.1009
1270,2016,0.1044
1270,2017,0.1092
1270,2018,0.1094
1270,2019,0.1109
1270,2020,0.1122
1270,2021,0.114
1270,2022,0.1146
1270,2023,0.1167
1270,2024,0.1193
1270,2025,0.1259
1272,2006,0.076800004
1272,2007,0.082000002
1272,2008,0.081900001
1272,2009,0.079000004
1272,2010,0.0814
1272,2011,0.0854
1272,2012,0.088299997
1272,2013,0.090800002
1272,2014,0.0942
1272,2015,0.097800002
1272,2016,0.1004
1272,2017,0.105
1272,2018,0.1069
1272,2019,0.1061
1272,2020,0.108
1272,2021,0.113
1272,2022,0.1209
1272,2023,0.1199
1272,2024,0.1251
1272,2025,0.1288
1273,2006,0.071599998
1273,2007,0.068800002
1273,2008,0.072499998
1273,2009,0.0779
1273,2010,0.0766
1273,2011,0.075199999
1273,2012,0.079300001
1273,2013,0.081299998
1273,2014,0.085600004
1273,2015,0.087300003
1273,2016,0.089100003
1273,2017,0.0942
1273,2018,0.093199998
1273,2019,0.1021
1273,2020,0.1061
1273,2021,0.1094
1273,2022,0.1115
1273,2023,0.1145
1273,2024,0.118
1273,2025,0.1208
1275,2006,0.0713
1275,2007,0.077500001
1275,2008,0.074600004
1275,2009,0.069499999
1275,2010,0.073299997
1275,2011,0.072800003
1275,2012,0.074100003
1275,2013,0.076499999
1275,2014,0.0779
1275,2015,0.082800001
1275,2016,0.081500001
1275,2017,0.081699997
1275,2018,0.082199998
1275,2019,0.088600002
1275,2020,0.090800002
1275,2021,0.092100002
1275,2022,0.0942
1275,2023,0.0986
1275,2024,0.1063
1275,2025,0.1102
1276,2006,0.067100003
1276,2007,0.067599997
1276,2008,0.067199998
1276,2009,0.068700001
1276,2010,0.075099997
1276,2011,0.077299997
1276,2012,0.082999997
1276,2013,0.087099999
1276,2014,0.088399999
1276,2015,0.089599997
1276,2016,0.092299998
1276,2017,0.093199998
1276,2018,0.095299996
1276,2019,0.096600004
1276,2020,0.099600002
1276,2021,0.1033
1276,2022,0.1065
1276,2023,0.1134
1276,2024,0.116
1276,2025,0.1231
1277,2006,0.061500002
1277,2007,0.062700003
1277,2008,0.065899998
1277,2009,0.0638
1277,2010,0.0669
1277,2011,0.074199997
1277,2012,0.0766
1277,2013,0.0788
1277,2014,0.081100002
1277,2015,0.083999999
1277,2016,0.0854
1277,2017,0.086199999
1277,2018,0.0876
1277,2019,0.091799997
1277,2020,0.087899998
1277,2021,0.089900002
1277,2022,0.092299998
1277,2023,0.091399997
1277,2024,0.096100003
1277,2025,0.098999999
1278,2006,0.066799998
1278,2007,0.068999998
1278,2008,0.067500003
1278,2009,0.067900002
1278,2010,0.067199998
1278,2011,0.072800003
1278,2012,0.074699998
1278,2013,0.0814
1278,2014,0.086900003
1278,2015,0.092
1278,2016,0.096500002
1278,2017,0.097800002
1278,2018,0.099200003
1278,2019,0.0995
1278,2020,0.1012
1278,2021,0.106
1278,2022,0.1099
1278,2023,0.1139
1278,2024,0.1176
1278,2025,0.1184
1280,2006,0.078900002
1280,2007,0.0788
1280,2008,0.077100001
1280,2009,0.074900001
1280,2010,0.075499997
1280,2011,0.075900003
1280,2012,0.077200003
1280,2013,0.0779
1280,2014,0.079899997
1280,2015,0.082900003
1280,2016,0.082800001
1280,2017,0.083700001
1280,2018,0.085199997
1280,2019,0.088
1280,2020,0.088600002
1280,2021,0.091300003
1280,2022,0.093800001
1280,2023,0.096699998
1280,2024,0.098800004
1280,2025,0.1005
1281,2006,0.0814
1281,2007,0.082199998
1281,2008,0.082599998
1281,2009,0.081600003
1281,2010,0.083700001
1281,2011,0.086099997
1281,2012,0.087700002
1281,2013,0.089900002
1281,2014,0.092600003
1281,2015,0.097199999
1281,2016,0.098300003
1281,2017,0.0999
1281,2018,0.1025
1281,2019,0.1033
1281,2020,0.1049
1281,2021,0.1077
1281,2022,0.111
1281,2023,0.1133
1281,2024,0.1146
1281,2025,0.1165
1282,2006,0.080899999
1282,2007,0.081600003
1282,2008,0.080300003
1282,2009,0.077799998
1282,2010,0.077500001
1282,2011,0.081299998
1282,2012,0.082999997
1282,2013,0.082400002
1282,2014,0.085000001
1282,2015,0.087200001
1282,2016,0.087200001
1282,2017,0.088299997
1282,2018,0.090400003
1282,2019,0.093199998
1282,2020,0.097499996
1282,2021,0.1021
1282,2022,0.1057
1282,2023,0.1082
1282,2024,0.111
1282,2025,0.1144
1283,2006,0.075199999
1283,2007,0.075400002
1283,2008,0.0757
1283,2009,0.074600004
1283,2010,0.075999998
1283,2011,0.078400001
1283,2012,0.079000004
1283,2013,0.080499999
1283,2014,0.083300002
1283,2015,0.085199997
1283,2016,0.085900001
1283,2017,0.088200003
1283,2018,0.089000002
1283,2019,0.091499999
1283,2020,0.093599997
1283,2021,0.097400002
1283,2022,0.1011
1283,2023,0.1034
1283,2024,0.1051
1283,2025,0.1067
1284,2006,0.078000002
1284,2007,0.076300003
1284,2008,0.073899999
1284,2009,0.0735
1284,2010,0.072999999
1284,2011,0.078100003
1284,2012,0.080399998
1284,2013,0.082599998
1284,2014,0.0858
1284,2015,0.086999997
1284,2016,0.088
1284,2017,0.092900001
1284,2018,0.094999999
1284,2019,0.0986
1284,2020,0.099299997
1284,2021,0.1034
1284,2022,0.1051
1284,2023,0.1088
1284,2024,0.111
1284,2025,0.1129
1285,2006,0.0726
1285,2007,0.0757
1285,2008,0.0779
1285,2009,0.079599999
1285,2010,0.079499997
1285,2011,0.084799998
1285,2012,0.089299999
1285,2013,0.092399999
1285,2014,0.094800003
1285,2015,0.098300003
1285,2016,0.1005
1285,2017,0.1005
1285,2018,0.1035
1285,2019,0.1054
1285,2020,0.1063
1285,2021,0.1077
1285,2022,0.1119
1285,2023,0.1135
1285,2024,0.112
1285,2025,0.1136
1286,2006,0.086800002
1286,2007,0.087899998
1286,2008,0.0876
1286,2009,0.0876
1286,2010,0.092399999
1286,2011,0.094099998
1286,2012,0.097499996
1286,2013,0.1
1286,2014,0.1025
1286,2015,0.1037
1286,2016,0.1017
1286,2017,0.1016
1286,2018,0.1022
1286,2019,0.1048
1286,2020,0.1071
1286,2021,0.1061
1286,2022,0.1095
1286,2023,0.1128
1286,2024,0.1178
1286,2025,0.1227
1287,2006,0.083099999
1287,2007,0.087200001
1287,2008,0.087300003
1287,2009,0.085100003
1287,2010,0.085900001
1287,2011,0.089400001
1287,2012,0.091600001
1287,2013,0.093099996
1287,2014,0.097099997
1287,2015,0.1015
1287,2016,0.1023
1287,2017,0.1054
1287,2018,0.1076
1287,2019,0.109
1287,2020,0.1082
1287,2021,0.1088
1287,2022,0.1117
1287,2023,0.1148
1287,2024,0.1185
1287,2025,0.1196
1290,2006,0.079800002
1290,2007,0.081600003
1290,2008,0.082000002
1290,2009,0.082800001
1290,2010,0.083700001
1290,2011,0.086999997
1290,2012,0.088699996
1290,2013,0.092
1290,2014,0.095299996
1290,2015,0.098399997
1290,2016,0.1002
1290,2017,0.1012
1290,2018,0.1042
1290,2019,0.1067
1290,2020,0.1089
1290,2021,0.1118
1290,2022,0.1143
1290,2023,0.1177
1290,2024,0.1201
1290,2025,0.1233
1291,2006,0.095299996
1291,2007,0.096500002
1291,2008,0.095600002
1291,2009,0.096299998
1291,2010,0.1009
1291,2011,0.1042
1291,2012,0.1045
1291,2013,0.1094
1291,2014,0.1125
1291,2015,0.1183
1291,2016,0.1161
1291,2017,0.1157
1291,2018,0.1155
1291,2019,0.1145
1291,2020,0.1171
1291,2021,0.1222
1291,2022,0.1244
1291,2023,0.1256
1291,2024,0.1292
1291,2025,0.1318
1292,2006,0.0634
1292,2007,0.064900003
1292,2008,0.064599998
1292,2009,0.065800004
1292,2010,0.066600002
1292,2011,0.068800002
1292,2012,0.072099999
1292,2013,0.075400002
1292,2014,0.079599999
1292,2015,0.0854
1292,2016,0.088
1292,2017,0.089199997
1292,2018,0.093199998
1292,2019,0.096000001
1292,2020,0.098200001
1292,2021,0.099299997
1292,2022,0.1057
1292,2023,0.1086
1292,2024,0.1134
1292,2025,0.1144
1293,2006,0.075800002
1293,2007,0.076499999
1293,2008,0.0766
1293,2009,0.077
1293,2010,0.079999998
1293,2011,0.081
1293,2012,0.083700001
1293,2013,0.088799998
1293,2014,0.092399999
1293,2015,0.095899999
1293,2016,0.097900003
1293,2017,0.1001
1293,2018,0.1029
1293,2019,0.1054
1293,2020,0.1074
1293,2021,0.1089
1293,2022,0.1131
1293,2023,0.1152
1293,2024,0.1177
1293,2025,0.1218
1315,2006,0.073200002
1315,2007,0.0704
1315,2008,0.073299997
1315,2009,0.071699999
1315,2010,0.072999999
1315,2011,0.069499999
1315,2012,0.069200002
1315,2013,0.075599998
1315,2014,0.074600004
1315,2015,0.077
1315,2016,0.075300001
1315,2017,0.076499999
1315,2018,0.079999998
1315,2019,0.083899997
1315,2020,0.092600003
1315,2021,0.097199999
1315,2022,0.098700002
1315,2023,0.099299997
1315,2024,0.1062
1315,2025,0.1069
1380,2006,0.078100003
1380,2007,0.079099998
1380,2008,0.079700001
1380,2009,0.079000004
1380,2010,0.080600001
1380,2011,0.083899997
1380,2012,0.083999999
1380,2013,0.084299996
1380,2014,0.087099999
1380,2015,0.092299998
1380,2016,0.093699999
1380,2017,0.095100001
1380,2018,0.096699998
1380,2019,0.098700002
1380,2020,0.099200003
1380,2021,0.1014
1380,2022,0.1055
1380,2023,0.1095
1380,2024,0.113
1380,2025,0.1137
1381,2006,0.066699997
1381,2007,0.068000004
1381,2008,0.069499999
1381,2009,0.068300001
1381,2010,0.0722
1381,2011,0.074600004
1381,2012,0.0757
1381,2013,0.0788
1381,2014,0.083499998
1381,2015,0.084600002
1381,2016,0.087700002
1381,2017,0.089699998
1381,2018,0.089900002
1381,2019,0.093699999
1381,2020,0.096600004
1381,2021,0.098700002
1381,2022,0.1044
1381,2023,0.1084
1381,2024,0.1109
1381,2025,0.1113
1382,2006,0.0757
1382,2007,0.077799998
1382,2008,0.079599999
1382,2009,0.078400001
1382,2010,0.079899997
1382,2011,0.081100002
1382,2012,0.083099999
1382,2013,0.084899999
1382,2014,0.090999998
1382,2015,0.092699997
1382,2016,0.089699998
1382,2017,0.090499997
1382,2018,0.092699997
1382,2019,0.094899997
1382,2020,0.0973
1382,2021,0.099399999
1382,2022,0.104
1382,2023,0.1045
1382,2024,0.1078
1382,2025,0.1078
1383,2006,0.081
1383,2007,0.082599998
1383,2008,0.0801
1383,2009,0.0792
1383,2010,0.080399998
1383,2011,0.083999999
1383,2012,0.088799998
1383,2013,0.091200002
1383,2014,0.093999997
1383,2015,0.095200002
1383,2016,0.096199997
1383,2017,0.098399997
1383,2018,0.1016
1383,2019,0.1039
1383,2020,0.1044
1383,2021,0.1095
1383,2022,0.1143
1383,2023,0.1197
1383,2024,0.1241
1383,2025,0.1259
1384,2006,0.076499999
1384,2007,0.076700002
1384,2008,0.0757
1384,2009,0.075099997
1384,2010,0.075999998
1384,2011,0.0788
1384,2012,0.080899999
1384,2013,0.083700001
1384,2014,0.086800002
1384,2015,0.092699997
1384,2016,0.093800001
1384,2017,0.094899997
1384,2018,0.098200001
1384,2019,0.1006
1384,2020,0.1016
1384,2021,0.1087
1384,2022,0.1114
1384,2023,0.1162
1384,2024,0.121
1384,2025,0.1223
1401,2006,0.078299999
1401,2007,0.076700002
1401,2008,0.0766
1401,2009,0.073799998
1401,2010,0.076899998
1401,2011,0.0801
1401,2012,0.081299998
1401,2013,0.084899999
1401,2014,0.086199999
1401,2015,0.090499997
1401,2016,0.092500001
1401,2017,0.094899997
1401,2018,0.096299998
1401,2019,0.0986
1401,2020,0.099399999
1401,2021,0.1023
1401,2022,0.1053
1401,2023,0.1103
1401,2024,0.1133
1401,2025,0.1155
1402,2006,0.0832
1402,2007,0.083099999
1402,2008,0.083400004
1402,2009,0.081699997
1402,2010,0.082400002
1402,2011,0.085699998
1402,2012,0.0876
1402,2013,0.089000002
1402,2014,0.092900001
1402,2015,0.093199998
1402,2016,0.096000001
1402,2017,0.096000001
1402,2018,0.0977
1402,2019,0.105
1402,2020,0.103
1402,2021,0.1073
1402,2022,0.1097
1402,2023,0.1107
1402,2024,0.1121
1402,2025,0.1165
1407,2006,0.085600004
1407,2007,0.088699996
1407,2008,0.088100001
1407,2009,0.085699998
1407,2010,0.087099999
1407,2011,0.090599999
1407,2012,0.092500001
1407,2013,0.092900001
1407,2014,0.1
1407,2015,0.1018
1407,2016,0.1031
1407,2017,0.1031
1407,2018,0.1086
1407,2019,0.112
1407,2020,0.117
1407,2021,0.1199
1407,2022,0.1302
1407,2023,0.13959999
1407,2024,0.1441
1407,2025,0.14390001
1415,2006,0.083700001
1415,2007,0.085900001
1415,2008,0.086199999
1415,2009,0.086199999
1415,2010,0.0858
1415,2011,0.086800002
1415,2012,0.087300003
1415,2013,0.089500003
1415,2014,0.094700001
1415,2015,0.094499998
1415,2016,0.097800002
1415,2017,0.0977
1415,2018,0.1028
1415,2019,0.1048
1415,2020,0.1071
1415,2021,0.1111
1415,2022,0.115
1415,2023,0.1179
1415,2024,0.1198
1415,2025,0.1257
1419,2006,0.092799999
1419,2007,0.092900001
1419,2008,0.093000002
1419,2009,0.092399999
1419,2010,0.094300002
1419,2011,0.093800001
1419,2012,0.097000003
1419,2013,0.097999997
1419,2014,0.1027
1419,2015,0.11
1419,2016,0.1134
1419,2017,0.1124
1419,2018,0.1124
1419,2019,0.1155
1419,2020,0.1161
1419,2021,0.1183
1419,2022,0.1215
1419,2023,0.1242
1419,2024,0.1283
1419,2025,0.13
1421,2006,0.085900001
1421,2007,0.083800003
1421,2008,0.085900001
1421,2009,0.086400002
1421,2010,0.086499996
1421,2011,0.093099996
1421,2012,0.094700001
1421,2013,0.097900003
1421,2014,0.103
1421,2015,0.1049
1421,2016,0.1071
1421,2017,0.1086
1421,2018,0.1072
1421,2019,0.1128
1421,2020,0.1134
1421,2021,0.118
1421,2022,0.1231
1421,2023,0.1245
1421,2024,0.12540001
1421,2025,0.1277
1427,2006,0.1025
1427,2007,0.099399999
1427,2008,0.0999
1427,2009,0.1045
1427,2010,0.109
1427,2011,0.1185
1427,2012,0.1192
1427,2013,0.117
1427,2014,0.124
1427,2015,0.1286
1427,2016,0.12909999
1427,2017,0.1319
1427,2018,0.13770001
1427,2019,0.13959999
1427,2020,0.13420001
1427,2021,0.13060001
1427,2022,0.13779999
1427,2023,0.1455
1427,2024,0.15440001
1427,2025,0.1584
1430,2006,0.083400004
1430,2007,0.084799998
1430,2008,0.0832
1430,2009,0.085900001
1430,2010,0.089599997
1430,2011,0.092200004
1430,2012,0.094400004
1430,2013,0.101
1430,2014,0.1037
1430,2015,0.1065
1430,2016,0.1085
1430,2017,0.1133
1430,2018,0.1175
1430,2019,0.12540001
1430,2020,0.1276
1430,2021,0.12989999
1430,2022,0.133
1430,2023,0.13410001
1430,2024,0.1429
1430,2025,0.14300001
1435,2006,0.079400003
1435,2007,0.082400002
1435,2008,0.085199997
1435,2009,0.087200001
1435,2010,0.0876
1435,2011,0.092500001
1435,2012,0.094899997
1435,2013,0.097400002
1435,2014,0.1019
1435,2015,0.1071
1435,2016,0.1096
1435,2017,0.1105
1435,2018,0.115
1435,2019,0.1213
1435,2020,0.1247
1435,2021,0.1322
1435,2022,0.13060001
1435,2023,0.12980001
1435,2024,0.1347
1435,2025,0.1443
1438,2006,0.093699999
1438,2007,0.0902
1438,2008,0.092100002
1438,2009,0.089900002
1438,2010,0.094400004
1438,2011,0.092299998
1438,2012,0.097599998
1438,2013,0.096600004
1438,2014,0.1018
1438,2015,0.105
1438,2016,0.113
1438,2017,0.114
1438,2018,0.1246
1438,2019,0.1301
1438,2020,0.139
1438,2021,0.1434
1438,2022,0.15350001
1438,2023,0.15809999
1438,2024,0.16150001
1438,2025,0.1619
1439,2006,0.1057
1439,2007,0.1006
1439,2008,0.1
1439,2009,0.1027
1439,2010,0.099100001
1439,2011,0.098399997
1439,2012,0.096699998
1439,2013,0.0973
1439,2014,0.1098
1439,2015,0.114
1439,2016,0.1191
1439,2017,0.119
1439,2018,0.12729999
1439,2019,0.12630001
1439,2020,0.12970001
1439,2021,0.13249999
1439,2022,0.13770001
1439,2023,0.1434
1439,2024,0.1516
1439,2025,0.15800001
1440,2006,0.085299999
1440,2007,0.084100001
1440,2008,0.081699997
1440,2009,0.082599998
1440,2010,0.086400002
1440,2011,0.087499999
1440,2012,0.089199997
1440,2013,0.093900003
1440,2014,0.093699999
1440,2015,0.0977
1440,2016,0.097800002
1440,2017,0.1001
1440,2018,0.1034
1440,2019,0.1048
1440,2020,0.1073
1440,2021,0.1108
1440,2022,0.1144
1440,2023,0.1167
1440,2024,0.1185
1440,2025,0.1217
1441,2006,0.077200003
1441,2007,0.078699999
1441,2008,0.078199998
1441,2009,0.078500003
1441,2010,0.0814
1441,2011,0.083400004
1441,2012,0.084399998
1441,2013,0.086400002
1441,2014,0.090300001
1441,2015,0.091300003
1441,2016,0.093099996
1441,2017,0.095899999
1441,2018,0.097400002
1441,2019,0.1003
1441,2020,0.102
1441,2021,0.1039
1441,2022,0.1085
1441,2023,0.1125
1441,2024,0.1159
1441,2025,0.119
1442,2006,0.075000003
1442,2007,0.076899998
1442,2008,0.0814
1442,2009,0.0876
1442,2010,0.081100002
1442,2011,0.082000002
1442,2012,0.081900001
1442,2013,0.086599998
1442,2014,0.087800004
1442,2015,0.095700003
1442,2016,0.1003
1442,2017,0.099299997
1442,2018,0.1018
1442,2019,0.0964
1442,2020,0.1002
1442,2021,0.1047
1442,2022,0.1112
1442,2023,0.1145
1442,2024,0.117
1442,2025,0.1171
1443,2006,0.071400002
1443,2007,0.075300001
1443,2008,0.076099999
1443,2009,0.073899999
1443,2010,0.072800003
1443,2011,0.0779
1443,2012,0.083999999
1443,2013,0.086400002
1443,2014,0.087399997
1443,2015,0.094599999
1443,2016,0.1001
1443,2017,0.097900003
1443,2018,0.1005
1443,2019,0.1041
1443,2020,0.1072
1443,2021,0.109
1443,2022,0.1124
1443,2023,0.1158
1443,2024,0.1161
1443,2025,0.12
1444,2006,0.080700003
1444,2007,0.080300003
1444,2008,0.088
1444,2009,0.087399997
1444,2010,0.089500003
1444,2011,0.0911
1444,2012,0.089900002
1444,2013,0.090599999
1444,2014,0.091799997
1444,2015,0.098300003
1444,2016,0.1005
1444,2017,0.1047
1444,2018,0.1045
1444,2019,0.1098
1444,2020,0.1124
1444,2021,0.1199
1444,2022,0.12540001
1444,2023,0.1364
1444,2024,0.1336
1444,2025,0.1362
1445,2006,0.078400001
1445,2007,0.078400001
1445,2008,0.075400002
1445,2009,0.0823
1445,2010,0.080300003
1445,2011,0.087200001
1445,2012,0.087800004
1445,2013,0.087200001
1445,2014,0.0876
1445,2015,0.091499999
1445,2016,0.0986
1445,2017,0.097999997
1445,2018,0.0999
1445,2019,0.1028
1445,2020,0.1045
1445,2021,0.1075
1445,2022,0.1178
1445,2023,0.1238
1445,2024,0.1188
1445,2025,0.1312
1446,2006,0.080399998
1446,2007,0.082900003
1446,2008,0.0814
1446,2009,0.078299999
1446,2010,0.081
1446,2011,0.086300001
1446,2012,0.084600002
1446,2013,0.087200001
1446,2014,0.0933
1446,2015,0.095399998
1446,2016,0.094599999
1446,2017,0.095100001
1446,2018,0.097099997
1446,2019,0.1029
1446,2020,0.1061
1446,2021,0.1133
1446,2022,0.1148
1446,2023,0.1232
1446,2024,0.1338
1446,2025,0.127
1447,2006,0.089599997
1447,2007,0.095700003
1447,2008,0.097599998
1447,2009,0.102
1447,2010,0.1094
1447,2011,0.1152
1447,2012,0.114
1447,2013,0.1146
1447,2014,0.1164
1447,2015,0.1157
1447,2016,0.1106
1447,2017,0.115
1447,2018,0.1191
1447,2019,0.1241
1447,2020,0.1123
1447,2021,0.1188
1447,2022,0.1348
1447,2023,0.126
1447,2024,0.1284
1447,2025,0.12899999
1452,2006,0.078500003
1452,2007,0.075400002
1452,2008,0.075599998
1452,2009,0.076899998
1452,2010,0.074299999
1452,2011,0.076499999
1452,2012,0.078599997
1452,2013,0.0801
1452,2014,0.080600001
1452,2015,0.0845
1452,2016,0.085299999
1452,2017,0.086599998
1452,2018,0.092100002
1452,2019,0.1002
1452,2020,0.1
1452,2021,0.1015
1452,2022,0.1106
1452,2023,0.1132
1452,2024,0.1155
1452,2025,0.1132
1460,2006,0.098399997
1460,2007,0.096500002
1460,2008,0.095600002
1460,2009,0.098800004
1460,2010,0.1042
1460,2011,0.1065
1460,2012,0.1084
1460,2013,0.1064
1460,2014,0.1105
1460,2015,0.1139
1460,2016,0.1188
1460,2017,0.1158
1460,2018,0.1221
1460,2019,0.1235
1460,2020,0.1279
1460,2021,0.1365
1460,2022,0.1366
1460,2023,0.1399
1460,2024,0.1418
1460,2025,0.14480001
1461,2006,0.096500002
1461,2007,0.094700001
1461,2008,0.094899997
1461,2009,0.0973
1461,2010,0.0977
1461,2011,0.0955
1461,2012,0.0995
1461,2013,0.1011
1461,2014,0.1007
1461,2015,0.1048
1461,2016,0.1037
1461,2017,0.105
1461,2018,0.1071
1461,2019,0.1111
1461,2020,0.112
1461,2021,0.1159
1461,2022,0.114
1461,2023,0.1147
1461,2024,0.1159
1461,2025,0.1169
1462,2006,0.091600001
1462,2007,0.087399997
1462,2008,0.087899998
1462,2009,0.091600001
1462,2010,0.092399999
1462,2011,0.091799997
1462,2012,0.096100003
1462,2013,0.098700002
1462,2014,0.1038
1462,2015,0.1049
1462,2016,0.108
1462,2017,0.109
1462,2018,0.1074
1462,2019,0.1115
1462,2020,0.1159
1462,2021,0.12
1462,2022,0.1233
1462,2023,0.1267
1462,2024,0.1285
1462,2025,0.1332
1463,2006,0.0836
1463,2007,0.084899999
1463,2008,0.082400002
1463,2009,0.082400002
1463,2010,0.083800003
1463,2011,0.088100001
1463,2012,0.093000002
1463,2013,0.096100003
1463,2014,0.099200003
1463,2015,0.105
1463,2016,0.1047
1463,2017,0.1038
1463,2018,0.1046
1463,2019,0.1083
1463,2020,0.1087
1463,2021,0.1133
1463,2022,0.1178
1463,2023,0.1225
1463,2024,0.1266
1463,2025,0.1283
1465,2006,0.0726
1465,2007,0.074699998
1465,2008,0.070299998
1465,2009,0.074500002
1465,2010,0.071800001
1465,2011,0.074299999
1465,2012,0.077100001
1465,2013,0.085100003
1465,2014,0.088
1465,2015,0.087300003
1465,2016,0.084200002
1465,2017,0.088200003
1465,2018,0.088600002
1465,2019,0.092399999
1465,2020,0.094599999
1465,2021,0.1011
1465,2022,0.1054
1465,2023,0.1122
1465,2024,0.1197
1465,2025,0.1246
1466,2006,0.077399999
1466,2007,0.076099999
1466,2008,0.079099998
1466,2009,0.078400001
1466,2010,0.077
1466,2011,0.080899999
1466,2012,0.082000002
1466,2013,0.088699996
1466,2014,0.093500003
1466,2015,0.0942
1466,2016,0.094599999
1466,2017,0.097900003
1466,2018,0.096900001
1466,2019,0.1024
1466,2020,0.1046
1466,2021,0.1087
1466,2022,0.118
1466,2023,0.1227
1466,2024,0.126
1466,2025,0.12800001
1470,2006,0.084399998
1470,2007,0.086400002
1470,2008,0.082699999
1470,2009,0.087099999
1470,2010,0.085600004
1470,2011,0.089400001
1470,2012,0.091499999
1470,2013,0.0902
1470,2014,0.095100001
1470,2015,0.096900001
1470,2016,0.0955
1470,2017,0.098399997
1470,2018,0.1049
1470,2019,0.1093
1470,2020,0.113
1470,2021,0.1133
1470,2022,0.1201
1470,2023,0.1217
1470,2024,0.1251
1470,2025,0.1286
1471,2006,0.074199997
1471,2007,0.076399997
1471,2008,0.074500002
1471,2009,0.073899999
1471,2010,0.075199999
1471,2011,0.080399998
1471,2012,0.0814
1471,2013,0.086999997
1471,2014,0.094999999
1471,2015,0.0942
1471,2016,0.094400004
1471,2017,0.099399999
1471,2018,0.1024
1471,2019,0.1008
1471,2020,0.1077
1471,2021,0.1139
1471,2022,0.1191
1471,2023,0.1207
1471,2024,0.1265
1471,2025,0.13169999
1472,2006,0.075599998
1472,2007,0.079099998
1472,2008,0.079499997
1472,2009,0.077699997
1472,2010,0.078199998
1472,2011,0.077600002
1472,2012,0.077699997
1472,2013,0.078900002
1472,2014,0.079000004
1472,2015,0.081900001
1472,2016,0.085000001
1472,2017,0.085900001
1472,2018,0.0876
1472,2019,0.093599997
1472,2020,0.096500002
1472,2021,0.1022
1472,2022,0.1098
1472,2023,0.1204
1472,2024,0.1303
1472,2025,0.12710001
1473,2006,0.088799998
1473,2007,0.086900003
1473,2008,0.088799998
1473,2009,0.091399997
1473,2010,0.092399999
1473,2011,0.1024
1473,2012,0.1028
1473,2013,0.1067
1473,2014,0.1082
1473,2015,0.1093
1473,2016,0.108
1473,2017,0.1064
1473,2018,0.1091
1473,2019,0.1133
1473,2020,0.1127
1473,2021,0.1163
1473,2022,0.1327
1473,2023,0.1292
1473,2024,0.132
1473,2025,0.1319
1480,2006,0.088500001
1480,2007,0.087800004
1480,2008,0.086599998
1480,2009,0.0858
1480,2010,0.086599998
1480,2011,0.088100001
1480,2012,0.089299999
1480,2013,0.091300003
1480,2014,0.093900003
1480,2015,0.097000003
1480,2016,0.0977
1480,2017,0.0986
1480,2018,0.099100001
1480,2019,0.1006
1480,2020,0.1022
1480,2021,0.1049
1480,2022,0.1071
1480,2023,0.1093
1480,2024,0.1116
1480,2025,0.1123
1481,2006,0.088299997
1481,2007,0.086900003
1481,2008,0.086199999
1481,2009,0.084600002
1481,2010,0.086900003
1481,2011,0.089000002
1481,2012,0.091200002
1481,2013,0.092699997
1481,2014,0.0955
1481,2015,0.1001
1481,2016,0.1014
1481,2017,0.1021
1481,2018,0.1033
1481,2019,0.1045
1481,2020,0.1075
1481,2021,0.1108
1481,2022,0.115
1481,2023,0.1164
1481,2024,0.1204
1481,2025,0.1205
1482,2006,0.087499999
1482,2007,0.086599998
1482,2008,0.085299999
1482,2009,0.084200002
1482,2010,0.086099997
1482,2011,0.087800004
1482,2012,0.091399997
1482,2013,0.093800001
1482,2014,0.097000003
1482,2015,0.099799998
1482,2016,0.1057
1482,2017,0.1046
1482,2018,0.1063
1482,2019,0.1096
1482,2020,0.1103
1482,2021,0.1141
1482,2022,0.1177
1482,2023,0.1219
1482,2024,0.1245
1482,2025,0.1227
1484,2006,0.098899998
1484,2007,0.1018
1484,2008,0.098700002
1484,2009,0.099200003
1484,2010,0.099699996
1484,2011,0.1014
1484,2012,0.1031
1484,2013,0.1033
1484,2014,0.1127
1484,2015,0.1203
1484,2016,0.1141
1484,2017,0.1139
1484,2018,0.1164
1484,2019,0.1189
1484,2020,0.1214
1484,2021,0.1234
1484,2022,0.12890001
1484,2023,0.1318
1484,2024,0.1339
1484,2025,0.1427
1485,2006,0.098899998
1485,2007,0.1
1485,2008,0.1009
1485,2009,0.098300003
1485,2010,0.1004
1485,2011,0.1025
1485,2012,0.102
1485,2013,0.1032
1485,2014,0.1064
1485,2015,0.1101
1485,2016,0.11
1485,2017,0.1106
1485,2018,0.1156
1485,2019,0.1211
1485,2020,0.1246
1485,2021,0.1286
1485,2022,0.1319
1485,2023,0.1344
1485,2024,0.13680001
1485,2025,0.1393
1486,2006,0.077
1486,2007,0.0757
1486,2008,0.075300001
1486,2009,0.074699998
1486,2010,0.076099999
1486,2011,0.076899998
1486,2012,0.077200003
1486,2013,0.077699997
1486,2014,0.085600004
1486,2015,0.093599997
1486,2016,0.093900003
1486,2017,0.095399998
1486,2018,0.106
1486,2019,0.1093
1486,2020,0.1175
1486,2021,0.122
1486,2022,0.1302
1486,2023,0.1347
1486,2024,0.14399999
1486,2025,0.14129999
1487,2006,0.098399997
1487,2007,0.099399999
1487,2008,0.099600002
1487,2009,0.097599998
1487,2010,0.1
1487,2011,0.1059
1487,2012,0.1081
1487,2013,0.1104
1487,2014,0.1105
1487,2015,0.1139
1487,2016,0.1151
1487,2017,0.118
1487,2018,0.1174
1487,2019,0.1194
1487,2020,0.1194
1487,2021,0.12540001
1487,2022,0.1304
1487,2023,0.1356
1487,2024,0.14030001
1487,2025,0.1417
1488,2006,0.092900001
1488,2007,0.090999998
1488,2008,0.089599997
1488,2009,0.090400003
1488,2010,0.091799997
1488,2011,0.094999999
1488,2012,0.0977
1488,2013,0.097599998
1488,2014,0.098499998
1488,2015,0.1041
1488,2016,0.1045
1488,2017,0.1073
1488,2018,0.107
1488,2019,0.1097
1488,2020,0.1088
1488,2021,0.1135
1488,2022,0.1199
1488,2023,0.1232
1488,2024,0.1266
1488,2025,0.1265
1489,2006,0.094599999
1489,2007,0.095399998
1489,2008,0.0898
1489,2009,0.091399997
1489,2010,0.093400002
1489,2011,0.094999999
1489,2012,0.097400002
1489,2013,0.101
1489,2014,0.1042
1489,2015,0.1063
1489,2016,0.1081
1489,2017,0.1082
1489,2018,0.1077
1489,2019,0.1106
1489,2020,0.1118
1489,2021,0.1164
1489,2022,0.1205
1489,2023,0.1276
1489,2024,0.1286
1489,2025,0.1296
1490,2006,0.080799997
1490,2007,0.081100002
1490,2008,0.081100002
1490,2009,0.079700001
1490,2010,0.082000002
1490,2011,0.083999999
1490,2012,0.086999997
1490,2013,0.089100003
1490,2014,0.091899998
1490,2015,0.093699999
1490,2016,0.095600002
1490,2017,0.096199997
1490,2018,0.097099997
1490,2019,0.099799998
1490,2020,0.099299997
1490,2021,0.1013
1490,2022,0.1055
1490,2023,0.1093
1490,2024,0.1111
1490,2025,0.1147
1491,2006,0.073700003
1491,2007,0.072899997
1491,2008,0.0726
1491,2009,0.071500003
1491,2010,0.075300001
1491,2011,0.079300001
1491,2012,0.082400002
1491,2013,0.080899999
1491,2014,0.084899999
1491,2015,0.089699998
1491,2016,0.090499997
1491,2017,0.093500003
1491,2018,0.096799999
1491,2019,0.098099999
1491,2020,0.097800002
1491,2021,0.1009
1491,2022,0.1041
1491,2023,0.1087
1491,2024,0.1122
1491,2025,0.1165
1492,2006,0.083099999
1492,2007,0.086300001
1492,2008,0.087700002
1492,2009,0.0898
1492,2010,0.090800002
1492,2011,0.089100003
1492,2012,0.090899996
1492,2013,0.091799997
1492,2014,0.097800002
1492,2015,0.1012
1492,2016,0.1023
1492,2017,0.1033
1492,2018,0.1057
1492,2019,0.1052
1492,2020,0.1141
1492,2021,0.1145
1492,2022,0.1233
1492,2023,0.1266
1492,2024,0.1314
1492,2025,0.13240001
1493,2006,0.083999999
1493,2007,0.081500001
1493,2008,0.083400004
1493,2009,0.084299996
1493,2010,0.088200003
1493,2011,0.092500001
1493,2012,0.096000001
1493,2013,0.098399997
1493,2014,0.1012
1493,2015,0.1004
1493,2016,0.1057
1493,2017,0.106
1493,2018,0.1068
1493,2019,0.1083
1493,2020,0.1119
1493,2021,0.1173
1493,2022,0.1191
1493,2023,0.1226
1493,2024,0.124
1493,2025,0.1277
1494,2006,0.082800001
1494,2007,0.083300002
1494,2008,0.084100001
1494,2009,0.085199997
1494,2010,0.087200001
1494,2011,0.091399997
1494,2012,0.097400002
1494,2013,0.099100001
1494,2014,0.1037
1494,2015,0.1067
1494,2016,0.1079
1494,2017,0.1085
1494,2018,0.1104
1494,2019,0.1172
1494,2020,0.1189
1494,2021,0.1242
1494,2022,0.12819999
1494,2023,0.132
1494,2024,0.1332
1494,2025,0.13609999
1495,2006,0.086900003
1495,2007,0.088
1495,2008,0.086199999
1495,2009,0.082900003
1495,2010,0.084399998
1495,2011,0.089299999
1495,2012,0.090899996
1495,2013,0.092100002
1495,2014,0.0977
1495,2015,0.098499998
1495,2016,0.097199999
1495,2017,0.099200003
1495,2018,0.1001
1495,2019,0.1048
1495,2020,0.1105
1495,2021,0.1168
1495,2022,0.1215
1495,2023,0.1283
1495,2024,0.1331
1495,2025,0.13600001
1496,2006,0.078199998
1496,2007,0.079999998
1496,2008,0.079899997
1496,2009,0.079400003
1496,2010,0.083899997
1496,2011,0.088299997
1496,2012,0.092200004
1496,2013,0.0933
1496,2014,0.096900001
1496,2015,0.098099999
1496,2016,0.1
1496,2017,0.1003
1496,2018,0.104
1496,2019,0.1071
1496,2020,0.1091
1496,2021,0.1119
1496,2022,0.1157
1496,2023,0.1197
1496,2024,0.1222
1496,2025,0.12530001
1497,2006,0.095100001
1497,2007,0.0942
1497,2008,0.092600003
1497,2009,0.090800002
1497,2010,0.090899996
1497,2011,0.093900003
1497,2012,0.091399997
1497,2013,0.097400002
1497,2014,0.1006
1497,2015,0.1023
1497,2016,0.1052
1497,2017,0.1112
1497,2018,0.1139
1497,2019,0.1147
1497,2020,0.1182
1497,2021,0.119
1497,2022,0.123
1497,2023,0.13070001
1497,2024,0.1286
1497,2025,0.1321
1498,2006,0.080200002
1498,2007,0.0845
1498,2008,0.088100001
1498,2009,0.091899998
1498,2010,0.1002
1498,2011,0.1056
1498,2012,0.1047
1498,2013,0.099699996
1498,2014,0.1011
1498,2015,0.1036
1498,2016,0.1028
1498,2017,0.1074
1498,2018,0.1123
1498,2019,0.118
1498,2020,0.1235
1498,2021,0.1267
1498,2022,0.134
1498,2023,0.14229999
1498,2024,0.1472
1498,2025,0.1481
1499,2006,0.079700001
1499,2007,0.082599998
1499,2008,0.084799998
1499,2009,0.085600004
1499,2010,0.089500003
1499,2011,0.0902
1499,2012,0.093400002
1499,2013,0.094499998
1499,2014,0.097099997
1499,2015,0.095100001
1499,2016,0.096699998
1499,2017,0.098499998
1499,2018,0.0986
1499,2019,0.1018
1499,2020,0.1067
1499,2021,0.1123
1499,2022,0.1167
1499,2023,0.1224
1499,2024,0.1259
1499,2025,0.1256
1715,2006,0.087499999
1715,2007,0.089100003
1715,2008,0.090700001
1715,2009,0.093699999
1715,2010,0.098099999
1715,2011,0.096500002
1715,2012,0.1024
1715,2013,0.1039
1715,2014,0.1035
1715,2015,0.1126
1715,2016,0.1143
1715,2017,0.1153
1715,2018,0.116
1715,2019,0.1237
1715,2020,0.12549999
1715,2021,0.12800001
1715,2022,0.1353
1715,2023,0.1437
1715,2024,0.15180001
1715,2025,0.1507
1730,2006,0.090000004
1730,2007,0.0889
1730,2008,0.089500003
1730,2009,0.090700001
1730,2010,0.091899998
1730,2011,0.0986
1730,2012,0.0942
1730,2013,0.097599998
1730,2014,0.098099999
1730,2015,0.1051
1730,2016,0.1114
1730,2017,0.1105
1730,2018,0.1134
1730,2019,0.117
1730,2020,0.1173
1730,2021,0.1186
1730,2022,0.1182
1730,2023,0.1222
1730,2024,0.1261
1730,2025,0.124
1737,2006,0.084700003
1737,2007,0.088
1737,2008,0.087800004
1737,2009,0.0867
1737,2010,0.086000003
1737,2011,0.088799998
1737,2012,0.0867
1737,2013,0.089000002
1737,2014,0.091300003
1737,2015,0.098099999
1737,2016,0.099100001
1737,2017,0.1033
1737,2018,0.1058
1737,2019,0.1129
1737,2020,0.115
1737,2021,0.12549999
1737,2022,0.1302
1737,2023,0.13249999
1737,2024,0.13590001
1737,2025,0.14380001
1760,2006,0.1002
1760,2007,0.1006
1760,2008,0.096799999
1760,2009,0.097000003
1760,2010,0.098800004
1760,2011,0.1024
1760,2012,0.1
1760,2013,0.1017
1760,2014,0.099399999
1760,2015,0.1084
1760,2016,0.1048
1760,2017,0.107
1760,2018,0.1159
1760,2019,0.1258
1760,2020,0.1283
1760,2021,0.14820001
1760,2022,0.1476
1760,2023,0.15549999
1760,2024,0.1727
1760,2025,0.17209999
1761,2006,0.0801
1761,2007,0.082500003
1761,2008,0.080399998
1761,2009,0.081500001
1761,2010,0.0823
1761,2011,0.082599998
1761,2012,0.082199998
1761,2013,0.084200002
1761,2014,0.087899998
1761,2015,0.087099999
1761,2016,0.087499999
1761,2017,0.089400001
1761,2018,0.091499999
1761,2019,0.094300002
1761,2020,0.099200003
1761,2021,0.1041
1761,2022,0.1079
1761,2023,0.1165
1761,2024,0.1173
1761,2025,0.1223
1762,2006,0.086099997
1762,2007,0.091499999
1762,2008,0.085000001
1762,2009,0.095200002
1762,2010,0.1024
1762,2011,0.107
1762,2012,0.1137
1762,2013,0.1135
1762,2014,0.1162
1762,2015,0.1123
1762,2016,0.1196
1762,2017,0.1247
1762,2018,0.1274
1762,2019,0.1284
1762,2020,0.13510001
1762,2021,0.13789999
1762,2022,0.1388
1762,2023,0.14569999
1762,2024,0.145
1762,2025,0.14480001
1763,2006,0.0867
1763,2007,0.085600004
1763,2008,0.087300003
1763,2009,0.087700002
1763,2010,0.086999997
1763,2011,0.0898
1763,2012,0.090099998
1763,2013,0.098999999
1763,2014,0.099699996
1763,2015,0.1112
1763,2016,0.1116
1763,2017,0.1102
1763,2018,0.112
1763,2019,0.1174
1763,2020,0.1178
1763,2021,0.1206
1763,2022,0.1232
1763,2023,0.1302
1763,2024,0.13609999
1763,2025,0.1371
1764,2006,0.0867
1764,2007,0.090000004
1764,2008,0.087800004
1764,2009,0.088399999
1764,2010,0.091799997
1764,2011,0.0986
1764,2012,0.1028
1764,2013,0.1027
1764,2014,0.1006
1764,2015,0.1022
1764,2016,0.101
1764,2017,0.1091
1764,2018,0.1125
1764,2019,0.1175
1764,2020,0.1205
1764,2021,0.12639999
1764,2022,0.1365
1764,2023,0.1417
1764,2024,0.1494
1764,2025,0.1542
1765,2006,0.075800002
1765,2007,0.074600004
1765,2008,0.074900001
1765,2009,0.077399999
1765,2010,0.077600002
1765,2011,0.084200002
1765,2012,0.088399999
1765,2013,0.085699998
1765,2014,0.092
1765,2015,0.097499996
1765,2016,0.098999999
1765,2017,0.098800004
1765,2018,0.1026
1765,2019,0.1038
1765,2020,0.1062
1765,2021,0.1102
1765,2022,0.111
1765,2023,0.1155
1765,2024,0.1158
1765,2025,0.1234
1766,2006,0.074100003
1766,2007,0.078599997
1766,2008,0.082599998
1766,2009,0.0845
1766,2010,0.085900001
1766,2011,0.088600002
1766,2012,0.091700003
1766,2013,0.095399998
1766,2014,0.098300003
1766,2015,0.1011
1766,2016,0.1036
1766,2017,0.1039
1766,2018,0.1063
1766,2019,0.1093
1766,2020,0.1151
1766,2021,0.1197
1766,2022,0.1222
1766,2023,0.1236
1766,2024,0.13070001
1766,2025,0.1327
1780,2006,0.084799998
1780,2007,0.084200002
1780,2008,0.086300001
1780,2009,0.086000003
1780,2010,0.087099999
1780,2011,0.090999998
1780,2012,0.092399999
1780,2013,0.094300002
1780,2014,0.097900003
1780,2015,0.1004
1780,2016,0.103
1780,2017,0.1082
1780,2018,0.1093
1780,2019,0.1144
1780,2020,0.1161
1780,2021,0.1187
1780,2022,0.122
1780,2023,0.12639999
1780,2024,0.1301
1780,2025,0.1321
1781,2006,0.098200001
1781,2007,0.098200001
1781,2008,0.098399997
1781,2009,0.097199999
1781,2010,0.1011
1781,2011,0.1047
1781,2012,0.1035
1781,2013,0.1067
1781,2014,0.1079
1781,2015,0.1109
1781,2016,0.1136
1781,2017,0.1173
1781,2018,0.1215
1781,2019,0.1283
1781,2020,0.13169999
1781,2021,0.1345
1781,2022,0.1425
1781,2023,0.1468
1781,2024,0.15350001
1781,2025,0.1558
1782,2006,0.0814
1782,2007,0.082500003
1782,2008,0.084100001
1782,2009,0.084100001
1782,2010,0.082199998
1782,2011,0.088100001
1782,2012,0.087800004
1782,2013,0.090000004
1782,2014,0.0933
1782,2015,0.096699998
1782,2016,0.098800004
1782,2017,0.1029
1782,2018,0.099799998
1782,2019,0.1052
1782,2020,0.1095
1782,2021,0.1178
1782,2022,0.1278
1782,2023,0.1332
1782,2024,0.1453
1782,2025,0.1454
1783,2006,0.094899997
1783,2007,0.1001
1783,2008,0.099100001
1783,2009,0.1005
1783,2010,0.0977
1783,2011,0.1015
1783,2012,0.1039
1783,2013,0.108
1783,2014,0.113
1783,2015,0.118
1783,2016,0.1226
1783,2017,0.1243
1783,2018,0.1313
1783,2019,0.13160001
1783,2020,0.12909999
1783,2021,0.13770001
1783,2022,0.1407
1783,2023,0.1489
1783,2024,0.15549999
1783,2025,0.1603
1784,2006,0.093800001
1784,2007,0.093500003
1784,2008,0.091399997
1784,2009,0.090599999
1784,2010,0.093800001
1784,2011,0.094899997
1784,2012,0.0999
1784,2013,0.1005
1784,2014,0.1019
1784,2015,0.1021
1784,2016,0.1059
1784,2017,0.1129
1784,2018,0.1135
1784,2019,0.1148
1784,2020,0.1167
1784,2021,0.118
1784,2022,0.1208
1784,2023,0.1276
1784,2024,0.1314
1784,2025,0.1312
1785,2006,0.083899997
1785,2007,0.086000003
1785,2008,0.084299996
1785,2009,0.083999999
1785,2010,0.087700002
1785,2011,0.092799999
1785,2012,0.1009
1785,2013,0.1074
1785,2014,0.1116
1785,2015,0.1139
1785,2016,0.111
1785,2017,0.1139
1785,2018,0.1112
1785,2019,0.1155
1785,2020,0.1189
1785,2021,0.1212
1785,2022,0.13150001
1785,2023,0.1349
1785,2024,0.1406
1785,2025,0.1432
1814,2006,0.073600002
1814,2007,0.068800002
1814,2008,0.067199998
1814,2009,0.067500003
1814,2010,0.0735
1814,2011,0.075900003
1814,2012,0.077399999
1814,2013,0.080700003
1814,2014,0.083700001
1814,2015,0.093800001
1814,2016,0.093699999
1814,2017,0.094400004
1814,2018,0.089500003
1814,2019,0.096900001
1814,2020,0.099399999
1814,2021,0.105
1814,2022,0.1074
1814,2023,0.1147
1814,2024,0.1127
1814,2025,0.108
1860,2006,0.081100002
1860,2007,0.084600002
1860,2008,0.083499998
1860,2009,0.0889
1860,2010,0.088299997
1860,2011,0.085699998
1860,2012,0.090099998
1860,2013,0.092299998
1860,2014,0.090400003
1860,2015,0.1029
1860,2016,0.1028
1860,2017,0.1037
1860,2018,0.1066
1860,2019,0.1093
1860,2020,0.1136
1860,2021,0.1195
1860,2022,0.1243
1860,2023,0.13169999
1860,2024,0.1328
1860,2025,0.1305
1861,2006,0.069300003
1861,2007,0.069399998
1861,2008,0.070200004
1861,2009,0.070600003
1861,2010,0.075400002
1861,2011,0.077399999
1861,2012,0.080499999
1861,2013,0.079800002
1861,2014,0.082400002
1861,2015,0.082400002
1861,2016,0.087399997
1861,2017,0.088299997
1861,2018,0.088399999
1861,2019,0.094899997
1861,2020,0.096199997
1861,2021,0.1021
1861,2022,0.1046
1861,2023,0.1109
1861,2024,0.1142
1861,2025,0.115
1862,2006,0.089000002
1862,2007,0.094700001
1862,2008,0.096799999
1862,2009,0.096199997
1862,2010,0.096699998
1862,2011,0.098499998
1862,2012,0.0986
1862,2013,0.1044
1862,2014,0.1068
1862,2015,0.1095
1862,2016,0.1084
1862,2017,0.1087
1862,2018,0.1142
1862,2019,0.1173
1862,2020,0.1201
1862,2021,0.1305
1862,2022,0.1322
1862,2023,0.1346
1862,2024,0.1357
1862,2025,0.14830001
1863,2006,0.0678
1863,2007,0.070299998
1863,2008,0.075400002
1863,2009,0.073700003
1863,2010,0.071199998
1863,2011,0.0748
1863,2012,0.076300003
1863,2013,0.081799999
1863,2014,0.084799998
1863,2015,0.085299999
1863,2016,0.083800003
1863,2017,0.083999999
1863,2018,0.090599999
1863,2019,0.089400001
1863,2020,0.091899998
1863,2021,0.097099997
1863,2022,0.1028
1863,2023,0.1045
1863,2024,0.1081
1863,2025,0.1147
1864,2006,0.090800002
1864,2007,0.089299999
1864,2008,0.086800002
1864,2009,0.089100003
1864,2010,0.0911
1864,2011,0.086400002
1864,2012,0.0902
1864,2013,0.096600004
1864,2014,0.0942
1864,2015,0.097800002
1864,2016,0.1041
1864,2017,0.1058
1864,2018,0.1065
1864,2019,0.1119
1864,2020,0.1157
1864,2021,0.1129
1864,2022,0.1151
1864,2023,0.1214
1864,2024,0.1323
1864,2025,0.1256
1880,2006,0.07
1880,2007,0.071400002
1880,2008,0.071500003
1880,2009,0.071500003
1880,2010,0.0722
1880,2011,0.0744
1880,2012,0.075000003
1880,2013,0.0766
1880,2014,0.080300003
1880,2015,0.083899997
1880,2016,0.087399997
1880,2017,0.090400003
1880,2018,0.092900001
1880,2019,0.0955
1880,2020,0.098399997
1880,2021,0.1036
1880,2022,0.1073
1880,2023,0.1099
1880,2024,0.1114
1880,2025,0.1145
1881,2006,0.068099998
1881,2007,0.070699997
1881,2008,0.068700001
1881,2009,0.066699997
1881,2010,0.066399999
1881,2011,0.068700001
1881,2012,0.069700003
1881,2013,0.073200002
1881,2014,0.076700002
1881,2015,0.080499999
1881,2016,0.085000001
1881,2017,0.090000004
1881,2018,0.093400002
1881,2019,0.097000003
1881,2020,0.099200003
1881,2021,0.1024
1881,2022,0.1075
1881,2023,0.1112
1881,2024,0.1098
1881,2025,0.1096
1882,2006,0.061500002
1882,2007,0.060699999
1882,2008,0.0634
1882,2009,0.066600002
1882,2010,0.066699997
1882,2011,0.068300001
1882,2012,0.070900001
1882,2013,0.074699998
1882,2014,0.0792
1882,2015,0.083499998
1882,2016,0.083899997
1882,2017,0.082999997
1882,2018,0.087499999
1882,2019,0.090599999
1882,2020,0.090800002
1882,2021,0.094099998
1882,2022,0.1033
1882,2023,0.1055
1882,2024,0.111
1882,2025,0.1156
1883,2006,0.078100003
1883,2007,0.083400004
1883,2008,0.083800003
1883,2009,0.081500001
1883,2010,0.0858
1883,2011,0.088699996
1883,2012,0.092799999
1883,2013,0.092799999
1883,2014,0.0955
1883,2015,0.102
1883,2016,0.1003
1883,2017,0.1022
1883,2018,0.099100001
1883,2019,0.1053
1883,2020,0.1043
1883,2021,0.1066
1883,2022,0.1099
1883,2023,0.1138
1883,2024,0.1186
1883,2025,0.1235
1884,2006,0.079499997
1884,2007,0.0779
1884,2008,0.078599997
1884,2009,0.079599999
1884,2010,0.081799999
1884,2011,0.081600003
1884,2012,0.087499999
1884,2013,0.088799998
1884,2014,0.0898
1884,2015,0.093800001
1884,2016,0.099100001
1884,2017,0.098999999
1884,2018,0.102
1884,2019,0.1087
1884,2020,0.1079
1884,2021,0.1156
1884,2022,0.1192
1884,2023,0.124
1884,2024,0.1243
1884,2025,0.13070001
1885,2006,0.067400001
1885,2007,0.067699999
1885,2008,0.065899998
1885,2009,0.067500003
1885,2010,0.068400003
1885,2011,0.068599999
1885,2012,0.070600003
1885,2013,0.0726
1885,2014,0.074500002
1885,2015,0.075199999
1885,2016,0.082400002
1885,2017,0.081299998
1885,2018,0.085900001
1885,2019,0.087200001
1885,2020,0.088600002
1885,2021,0.096799999
1885,2022,0.1016
1885,2023,0.1031
1885,2024,0.1066
1885,2025,0.1106
1904,2006,0.083800003
1904,2007,0.087099999
1904,2008,0.086099997
1904,2009,0.090700001
1904,2010,0.096500002
1904,2011,0.1002
1904,2012,0.094300002
1904,2013,0.085900001
1904,2014,0.088600002
1904,2015,0.094400004
1904,2016,0.1032
1904,2017,0.1043
1904,2018,0.1027
1904,2019,0.1115
1904,2020,0.1154
1904,2021,0.1213
1904,2022,0.1322
1904,2023,0.1348
1904,2024,0.14219999
1904,2025,0.14129999
1907,2006,0.083099999
1907,2007,0.084100001
1907,2008,0.086599998
1907,2009,0.085500002
1907,2010,0.086499996
1907,2011,0.090899996
1907,2012,0.092900001
1907,2013,0.091499999
1907,2014,0.1019
1907,2015,0.1008
1907,2016,0.1
1907,2017,0.1087
1907,2018,0.1122
1907,2019,0.1195
1907,2020,0.1154
1907,2021,0.1184
1907,2022,0.1202
1907,2023,0.1212
1907,2024,0.13060001
1907,2025,0.1328
1960,2006,0.0766
1960,2007,0.076399997
1960,2008,0.084200002
1960,2009,0.082099997
1960,2010,0.088600002
1960,2011,0.088100001
1960,2012,0.092399999
1960,2013,0.0955
1960,2014,0.099200003
1960,2015,0.101
1960,2016,0.098300003
1960,2017,0.1008
1960,2018,0.101
1960,2019,0.1042
1960,2020,0.1078
1960,2021,0.1104
1960,2022,0.1112
1960,2023,0.1123
1960,2024,0.1134
1960,2025,0.1231
1961,2006,0.077100001
1961,2007,0.080300003
1961,2008,0.078900002
1961,2009,0.079000004
1961,2010,0.079700001
1961,2011,0.079000004
1961,2012,0.0792
1961,2013,0.079899997
1961,2014,0.080499999
1961,2015,0.087800004
1961,2016,0.088699996
1961,2017,0.093699999
1961,2018,0.096299998
1961,2019,0.1011
1961,2020,0.1035
1961,2021,0.107
1961,2022,0.1101
1961,2023,0.1158
1961,2024,0.1217
1961,2025,0.12549999
1962,2006,0.075499997
1962,2007,0.078400001
1962,2008,0.082599998
1962,2009,0.0832
1962,2010,0.085100003
1962,2011,0.086499996
1962,2012,0.088100001
1962,2013,0.083099999
1962,2014,0.086000003
1962,2015,0.0898
1962,2016,0.094099998
1962,2017,0.1013
1962,2018,0.1038
1962,2019,0.1125
1962,2020,0.1154
1962,2021,0.1203
1962,2022,0.1318
1962,2023,0.13779999
1962,2024,0.1494
1962,2025,0.1488
1980,2006,0.082199998
1980,2007,0.082500003
1980,2008,0.083499998
1980,2009,0.081100002
1980,2010,0.081500001
1980,2011,0.083999999
1980,2012,0.084799998
1980,2013,0.086099997
1980,2014,0.089900002
1980,2015,0.093400002
1980,2016,0.095700003
1980,2017,0.0964
1980,2018,0.098200001
1980,2019,0.1011
1980,2020,0.1017
1980,2021,0.1068
1980,2022,0.1117
1980,2023,0.1157
1980,2024,0.1199
1980,2025,0.1216
1981,2006,0.091899998
1981,2007,0.088500001
1981,2008,0.090999998
1981,2009,0.089100003
1981,2010,0.089400001
1981,2011,0.092
1981,2012,0.095399998
1981,2013,0.098999999
1981,2014,0.1009
1981,2015,0.1035
1981,2016,0.105
1981,2017,0.1048
1981,2018,0.1072
1981,2019,0.1113
1981,2020,0.1143
1981,2021,0.1151
1981,2022,0.1208
1981,2023,0.124
1981,2024,0.1331
1981,2025,0.1364
1982,2006,0.068899997
1982,2007,0.067199998
1982,2008,0.066200003
1982,2009,0.066600002
1982,2010,0.069899999
1982,2011,0.070799999
1982,2012,0.070299998
1982,2013,0.069799997
1982,2014,0.073899999
1982,2015,0.077100001
1982,2016,0.078500003
1982,2017,0.082000002
1982,2018,0.085699998
1982,2019,0.095100001
1982,2020,0.089900002
1982,2021,0.093000002
1982,2022,0.098300003
1982,2023,0.1044
1982,2024,0.1182
1982,2025,0.1196
1983,2006,0.078500003
1983,2007,0.077799998
1983,2008,0.078000002
1983,2009,0.078100003
1983,2010,0.077299997
1983,2011,0.076700002
1983,2012,0.0757
1983,2013,0.078299999
1983,2014,0.085000001
1983,2015,0.086400002
1983,2016,0.086300001
1983,2017,0.088699996
1983,2018,0.089299999
1983,2019,0.092600003
1983,2020,0.095799997
1983,2021,0.098499998
1983,2022,0.1056
1983,2023,0.1085
1983,2024,0.115
1983,2025,0.1204
1984,2006,0.0748
1984,2007,0.077299997
1984,2008,0.079099998
1984,2009,0.077500001
1984,2010,0.081699997
1984,2011,0.080399998
1984,2012,0.083999999
1984,2013,0.084399998
1984,2014,0.087700002
1984,2015,0.088500001
1984,2016,0.090800002
1984,2017,0.0942
1984,2018,0.096500002
1984,2019,0.101
1984,2020,0.098899998
1984,2021,0.1047
1984,2022,0.1119
1984,2023,0.1246
1984,2024,0.1246
1984,2025,0.1295
2021,2006,0.072899997
2021,2007,0.070699997
2021,2008,0.072300002
2021,2009,0.074900001
2021,2010,0.075099997
2021,2011,0.079300001
2021,2012,0.081900001
2021,2013,0.082800001
2021,2014,0.089500003
2021,2015,0.097400002
2021,2016,0.098099999
2021,2017,0.1006
2021,2018,0.1049
2021,2019,0.1129
2021,2020,0.1166
2021,2021,0.1223
2021,2022,0.1243
2021,2023,0.1305
2021,2024,0.1374
2021,2025,0.142
2023,2006,0.078299999
2023,2007,0.081299998
2023,2008,0.078699999
2023,2009,0.074100003
2023,2010,0.077
2023,2011,0.076700002
2023,2012,0.079499997
2023,2013,0.0836
2023,2014,0.085500002
2023,2015,0.091499999
2023,2016,0.0898
2023,2017,0.091799997
2023,2018,0.0964
2023,2019,0.1022
2023,2020,0.1028
2023,2021,0.11
2023,2022,0.1146
2023,2023,0.1184
2023,2024,0.123
2023,2025,0.1215
2026,2006,0.073700003
2026,2007,0.075099997
2026,2008,0.0748
2026,2009,0.074100003
2026,2010,0.070699997
2026,2011,0.072999999
2026,2012,0.072300002
2026,2013,0.075900003
2026,2014,0.078599997
2026,2015,0.083499998
2026,2016,0.086800002
2026,2017,0.094499998
2026,2018,0.096500002
2026,2019,0.096699998
2026,2020,0.0995
2026,2021,0.1052
2026,2022,0.1123
2026,2023,0.1132
2026,2024,0.1205
2026,2025,0.1246
2029,2006,0.074900001
2029,2007,0.073899999
2029,2008,0.073899999
2029,2009,0.075300001
2029,2010,0.079800002
2029,2011,0.081299998
2029,2012,0.083700001
2029,2013,0.084299996
2029,2014,0.0911
2029,2015,0.094099998
2029,2016,0.096699998
2029,2017,0.099799998
2029,2018,0.1026
2029,2019,0.1025
2029,2020,0.1027
2029,2021,0.1082
2029,2022,0.1176
2029,2023,0.1244
2029,2024,0.1304
2029,2025,0.12800001
2031,2006,0.0792
2031,2007,0.079099998
2031,2008,0.078599997
2031,2009,0.075300001
2031,2010,0.0735
2031,2011,0.0748
2031,2012,0.077100001
2031,2013,0.079700001
2031,2014,0.088799998
2031,2015,0.0933
2031,2016,0.091700003
2031,2017,0.094999999
2031,2018,0.099299997
2031,2019,0.1075
2031,2020,0.1035
2031,2021,0.1076
2031,2022,0.1133
2031,2023,0.1174
2031,2024,0.1219
2031,2025,0.1248
2034,2006,0.078599997
2034,2007,0.077
2034,2008,0.079800002
2034,2009,0.0832
2034,2010,0.087700002
2034,2011,0.084600002
2034,2012,0.089000002
2034,2013,0.096799999
2034,2014,0.098800004
2034,2015,0.1025
2034,2016,0.1048
2034,2017,0.1099
2034,2018,0.1177
2034,2019,0.1227
2034,2020,0.1185
2034,2021,0.1284
2034,2022,0.1354
2034,2023,0.1416
2034,2024,0.1411
2034,2025,0.1538
2039,2006,0.084399998
2039,2007,0.087300003
2039,2008,0.0854
2039,2009,0.081
2039,2010,0.083499998
2039,2011,0.085600004
2039,2012,0.0902
2039,2013,0.089500003
2039,2014,0.095399998
2039,2015,0.1031
2039,2016,0.098300003
2039,2017,0.1053
2039,2018,0.1059
2039,2019,0.1121
2039,2020,0.1125
2039,2021,0.1135
2039,2022,0.1215
2039,2023,0.13150001
2039,2024,0.1399
2039,2025,0.14120001
2061,2006,0.086000003
2061,2007,0.087700002
2061,2008,0.089199997
2061,2009,0.085900001
2061,2010,0.085199997
2061,2011,0.086499996
2061,2012,0.091700003
2061,2013,0.097000003
2061,2014,0.1051
2061,2015,0.1085
2061,2016,0.1049
2061,2017,0.11
2061,2018,0.1121
2061,2019,0.1165
2061,2020,0.1155
2061,2021,0.1189
2061,2022,0.13060001
2061,2023,0.13330001
2061,2024,0.1339
2061,2025,0.1373
2062,2006,0.076399997
2062,2007,0.076099999
2062,2008,0.075199999
2062,2009,0.074900001
2062,2010,0.076800004
2062,2011,0.082199998
2062,2012,0.085500002
2062,2013,0.089599997
2062,2014,0.097099997
2062,2015,0.1004
2062,2016,0.1001
2062,2017,0.1032
2062,2018,0.1088
2062,2019,0.1116
2062,2020,0.1141
2062,2021,0.1151
2062,2022,0.1206
2062,2023,0.12639999
2062,2024,0.1337
2062,2025,0.13410001
2080,2006,0.070100002
2080,2007,0.070299998
2080,2008,0.070600003
2080,2009,0.068499997
2080,2010,0.070100002
2080,2011,0.072700001
2080,2012,0.075199999
2080,2013,0.078000002
2080,2014,0.083999999
2080,2015,0.089699998
2080,2016,0.094400004
2080,2017,0.098399997
2080,2018,0.098800004
2080,2019,0.1026
2080,2020,0.1066
2080,2021,0.1109
2080,2022,0.12
2080,2023,0.1249
2080,2024,0.1302
2080,2025,0.1312
2081,2006,0.073299997
2081,2007,0.074299999
2081,2008,0.074100003
2081,2009,0.071999997
2081,2010,0.072400004
2081,2011,0.071999997
2081,2012,0.073399998
2081,2013,0.076800004
2081,2014,0.079999998
2081,2015,0.083700001
2081,2016,0.086999997
2081,2017,0.090499997
2081,2018,0.0942
2081,2019,0.096100003
2081,2020,0.098999999
2081,2021,0.1028
2081,2022,0.1065
2081,2023,0.1121
2081,2024,0.1162
2081,2025,0.1227
2082,2006,0.072800003
2082,2007,0.077100001
2082,2008,0.081900001
2082,2009,0.079700001
2082,2010,0.078299999
2082,2011,0.085100003
2082,2012,0.084600002
2082,2013,0.0845
2082,2014,0.083800003
2082,2015,0.090099998
2082,2016,0.096500002
2082,2017,0.097900003
2082,2018,0.101
2082,2019,0.1092
2082,2020,0.1097
2082,2021,0.1156
2082,2022,0.12620001
2082,2023,0.12809999
2082,2024,0.13079999
2082,2025,0.132
2083,2006,0.078500003
2083,2007,0.080300003
2083,2008,0.082099997
2083,2009,0.079300001
2083,2010,0.078500003
2083,2011,0.082699999
2083,2012,0.084799998
2083,2013,0.086099997
2083,2014,0.090700001
2083,2015,0.093199998
2083,2016,0.096600004
2083,2017,0.097999997
2083,2018,0.098099999
2083,2019,0.1064
2083,2020,0.1105
2083,2021,0.112
2083,2022,0.1219
2083,2023,0.12899999
2083,2024,0.1391
2083,2025,0.1446
2084,2006,0.082099997
2084,2007,0.081600003
2084,2008,0.080200002
2084,2009,0.081
2084,2010,0.0858
2084,2011,0.085199997
2084,2012,0.084299996
2084,2013,0.086400002
2084,2014,0.087899998
2084,2015,0.089100003
2084,2016,0.089699998
2084,2017,0.092600003
2084,2018,0.093500003
2084,2019,0.1004
2084,2020,0.104
2084,2021,0.113
2084,2022,0.1163
2084,2023,0.1293
2084,2024,0.1336
2084,2025,0.1367
2085,2006,0.094400004
2085,2007,0.092900001
2085,2008,0.092600003
2085,2009,0.089400001
2085,2010,0.088299997
2085,2011,0.090700001
2085,2012,0.090599999
2085,2013,0.093500003
2085,2014,0.0995
2085,2015,0.1017
2085,2016,0.1011
2085,2017,0.1039
2085,2018,0.1072
2085,2019,0.1098
2085,2020,0.1128
2085,2021,0.1193
2085,2022,0.1251
2085,2023,0.12549999
2085,2024,0.12800001
2085,2025,0.12980001
2101,2006,0.094400004
2101,2007,0.094700001
2101,2008,0.0933
2101,2009,0.0911
2101,2010,0.092799999
2101,2011,0.1001
2101,2012,0.1024
2101,2013,0.1053
2101,2014,0.1114
2101,2015,0.1118
2101,2016,0.1198
2101,2017,0.1156
2101,2018,0.111
2101,2019,0.1145
2101,2020,0.1136
2101,2021,0.1176
2101,2022,0.1227
2101,2023,0.1349
2101,2024,0.1347
2101,2025,0.1367
2104,2006,0.070100002
2104,2007,0.075499997
2104,2008,0.073799998
2104,2009,0.072899997
2104,2010,0.073200002
2104,2011,0.0779
2104,2012,0.077399999
2104,2013,0.078299999
2104,2014,0.084799998
2104,2015,0.085199997
2104,2016,0.089699998
2104,2017,0.092100002
2104,2018,0.097099997
2104,2019,0.1032
2104,2020,0.1122
2104,2021,0.1145
2104,2022,0.1233
2104,2023,0.12819999
2104,2024,0.1261
2104,2025,0.1269
2121,2006,0.0823
2121,2007,0.080300003
2121,2008,0.079099998
2121,2009,0.079899997
2121,2010,0.084100001
2121,2011,0.0823
2121,2012,0.081600003
2121,2013,0.086400002
2121,2014,0.091899998
2121,2015,0.094300002
2121,2016,0.094800003
2121,2017,0.097499996
2121,2018,0.0973
2121,2019,0.101
2121,2020,0.1026
2121,2021,0.1062
2121,2022,0.1084
2121,2023,0.117
2121,2024,0.1228
2121,2025,0.1244
2132,2006,0.074000001
2132,2007,0.0744
2132,2008,0.075400002
2132,2009,0.073299997
2132,2010,0.072300002
2132,2011,0.079400003
2132,2012,0.081299998
2132,2013,0.082800001
2132,2014,0.084299996
2132,2015,0.086000003
2132,2016,0.087399997
2132,2017,0.091300003
2132,2018,0.095100001
2132,2019,0.1009
2132,2020,0.1005
2132,2021,0.1039
2132,2022,0.1065
2132,2023,0.1096
2132,2024,0.1184
2132,2025,0.1163
2161,2006,0.0779
2161,2007,0.084600002
2161,2008,0.085500002
2161,2009,0.084600002
2161,2010,0.087200001
2161,2011,0.0858
2161,2012,0.087200001
2161,2013,0.088799998
2161,2014,0.093099996
2161,2015,0.096699998
2161,2016,0.099799998
2161,2017,0.099600002
2161,2018,0.1011
2161,2019,0.1037
2161,2020,0.1056
2161,2021,0.1119
2161,2022,0.117
2161,2023,0.1206
2161,2024,0.1266
2161,2025,0.1267
2180,2006,0.077600002
2180,2007,0.077200003
2180,2008,0.077100001
2180,2009,0.075599998
2180,2010,0.077299997
2180,2011,0.080700003
2180,2012,0.082599998
2180,2013,0.086300001
2180,2014,0.089699998
2180,2015,0.092799999
2180,2016,0.096600004
2180,2017,0.0995
2180,2018,0.1032
2180,2019,0.1072
2180,2020,0.1088
2180,2021,0.1122
2180,2022,0.1166
2180,2023,0.1208
2180,2024,0.1234
2180,2025,0.1229
2181,2006,0.075999998
2181,2007,0.079599999
2181,2008,0.0779
2181,2009,0.078000002
2181,2010,0.078199998
2181,2011,0.080399998
2181,2012,0.082199998
2181,2013,0.086900003
2181,2014,0.0911
2181,2015,0.092900001
2181,2016,0.098300003
2181,2017,0.1029
2181,2018,0.1072
2181,2019,0.1108
2181,2020,0.1105
2181,2021,0.1113
2181,2022,0.1154
2181,2023,0.1201
2181,2024,0.1221
2181,2025,0.1221
2182,2006,0.082599998
2182,2007,0.0845
2182,2008,0.084700003
2182,2009,0.085000001
2182,2010,0.086800002
2182,2011,0.092200004
2182,2012,0.092799999
2182,2013,0.0973
2182,2014,0.0999
2182,2015,0.1041
2182,2016,0.1038
2182,2017,0.1104
2182,2018,0.1102
2182,2019,0.1145
2182,2020,0.12
2182,2021,0.1234
2182,2022,0.12729999
2182,2023,0.13079999
2182,2024,0.1371
2182,2025,0.13609999
2183,2006,0.083700001
2183,2007,0.0832
2183,2008,0.0792
2183,2009,0.082800001
2183,2010,0.0858
2183,2011,0.089299999
2183,2012,0.093400002
2183,2013,0.092299998
2183,2014,0.096500002
2183,2015,0.097499996
2183,2016,0.101
2183,2017,0.1043
2183,2018,0.1055
2183,2019,0.109
2183,2020,0.114
2183,2021,0.121
2183,2022,0.12530001
2183,2023,0.12909999
2183,2024,0.1312
2183,2025,0.1354
2184,2006,0.071800001
2184,2007,0.076300003
2184,2008,0.0757
2184,2009,0.074900001
2184,2010,0.0792
2184,2011,0.0779
2184,2012,0.080799997
2184,2013,0.084399998
2184,2014,0.090800002
2184,2015,0.095600002
2184,2016,0.098700002
2184,2017,0.098899998
2184,2018,0.1011
2184,2019,0.1064
2184,2020,0.1066
2184,2021,0.109
2184,2022,0.1145
2184,2023,0.1198
2184,2024,0.1224
2184,2025,0.1224
2260,2006,0.0823
2260,2007,0.086599998
2260,2008,0.086000003
2260,2009,0.087499999
2260,2010,0.082000002
2260,2011,0.082800001
2260,2012,0.087800004
2260,2013,0.091399997
2260,2014,0.097099997
2260,2015,0.097800002
2260,2016,0.099200003
2260,2017,0.1035
2260,2018,0.1056
2260,2019,0.1119
2260,2020,0.109
2260,2021,0.1155
2260,2022,0.1198
2260,2023,0.12549999
2260,2024,0.1278
2260,2025,0.1294
2262,2006,0.063699998
2262,2007,0.062899999
2262,2008,0.066100001
2262,2009,0.067599997
2262,2010,0.067299999
2262,2011,0.07
2262,2012,0.071099997
2262,2013,0.074000001
2262,2014,0.079300001
2262,2015,0.085100003
2262,2016,0.091300003
2262,2017,0.096600004
2262,2018,0.096100003
2262,2019,0.1005
2262,2020,0.1008
2262,2021,0.1073
2262,2022,0.115
2262,2023,0.1181
2262,2024,0.12729999
2262,2025,0.1327
2280,2006,0.069300003
2280,2007,0.069700003
2280,2008,0.070699997
2280,2009,0.069300003
2280,2010,0.071099997
2280,2011,0.0757
2280,2012,0.079999998
2280,2013,0.082999997
2280,2014,0.085199997
2280,2015,0.088299997
2280,2016,0.089400001
2280,2017,0.093500003
2280,2018,0.097599998
2280,2019,0.098200001
2280,2020,0.098300003
2280,2021,0.1074
2280,2022,0.1109
2280,2023,0.1135
2280,2024,0.1182
2280,2025,0.1211
2281,2006,0.069600001
2281,2007,0.069600001
2281,2008,0.0726
2281,2009,0.070699997
2281,2010,0.071400002
2281,2011,0.074699998
2281,2012,0.075999998
2281,2013,0.078599997
2281,2014,0.083700001
2281,2015,0.0898
2281,2016,0.092200004
2281,2017,0.094800003
2281,2018,0.096900001
2281,2019,0.099100001
2281,2020,0.099200003
2281,2021,0.104
2281,2022,0.1099
2281,2023,0.1151
2281,2024,0.1189
2281,2025,0.1212
2282,2006,0.067900002
2282,2007,0.0713
2282,2008,0.069399998
2282,2009,0.069600001
2282,2010,0.068599999
2282,2011,0.072099999
2282,2012,0.075199999
2282,2013,0.075800002
2282,2014,0.078000002
2282,2015,0.0832
2282,2016,0.086099997
2282,2017,0.086099997
2282,2018,0.086499996
2282,2019,0.089199997
2282,2020,0.092699997
2282,2021,0.095600002
2282,2022,0.1002
2282,2023,0.1119
2282,2024,0.1206
2282,2025,0.1173
2283,2006,0.070299998
2283,2007,0.071999997
2283,2008,0.071199998
2283,2009,0.070299998
2283,2010,0.069200002
2283,2011,0.069600001
2283,2012,0.070600003
2283,2013,0.074900001
2283,2014,0.077299997
2283,2015,0.080200002
2283,2016,0.085299999
2283,2017,0.088100001
2283,2018,0.091899998
2283,2019,0.093199998
2283,2020,0.093900003
2283,2021,0.0955
2283,2022,0.1023
2283,2023,0.1108
2283,2024,0.1132
2283,2025,0.1152
2284,2006,0.0691
2284,2007,0.069799997
2284,2008,0.071099997
2284,2009,0.068999998
2284,2010,0.07
2284,2011,0.072899997
2284,2012,0.075800002
2284,2013,0.078599997
2284,2014,0.082099997
2284,2015,0.084799998
2284,2016,0.088699996
2284,2017,0.090300001
2284,2018,0.093900003
2284,2019,0.098399997
2284,2020,0.102
2284,2021,0.1043
2284,2022,0.1085
2284,2023,0.112
2284,2024,0.1151
2284,2025,0.1175
2303,2006,0.079099998
2303,2007,0.0788
2303,2008,0.079899997
2303,2009,0.081500001
2303,2010,0.080700003
2303,2011,0.083800003
2303,2012,0.081
2303,2013,0.091600001
2303,2014,0.090800002
2303,2015,0.097099997
2303,2016,0.092699997
2303,2017,0.1001
2303,2018,0.1003
2303,2019,0.1033
2303,2020,0.1098
2303,2021,0.1159
2303,2022,0.1175
2303,2023,0.1227
2303,2024,0.13249999
2303,2025,0.1415
2305,2006,0.079300001
2305,2007,0.081600003
2305,2008,0.084200002
2305,2009,0.082900003
2305,2010,0.082099997
2305,2011,0.089500003
2305,2012,0.092399999
2305,2013,0.097900003
2305,2014,0.1058
2305,2015,0.1044
2305,2016,0.1054
2305,2017,0.104
2305,2018,0.1051
2305,2019,0.1089
2305,2020,0.1097
2305,2021,0.114
2305,2022,0.1151
2305,2023,0.1192
2305,2024,0.1246
2305,2025,0.13169999
2309,2006,0.068499997
2309,2007,0.071199998
2309,2008,0.070500001
2309,2009,0.0691
2309,2010,0.067500003
2309,2011,0.070500001
2309,2012,0.071500003
2309,2013,0.076399997
2309,2014,0.078400001
2309,2015,0.079899997
2309,2016,0.081699997
2309,2017,0.083499998
2309,2018,0.087499999
2309,2019,0.090999998
2309,2020,0.090000004
2309,2021,0.097400002
2309,2022,0.1003
2309,2023,0.1103
2309,2024,0.1104
2309,2025,0.1143
2313,2006,0.079400003
2313,2007,0.082900003
2313,2008,0.0876
2313,2009,0.083700001
2313,2010,0.0867
2313,2011,0.086400002
2313,2012,0.093800001
2313,2013,0.097900003
2313,2014,0.1029
2313,2015,0.109
2313,2016,0.1088
2313,2017,0.1087
2313,2018,0.1128
2313,2019,0.1175
2313,2020,0.1195
2313,2021,0.1247
2313,2022,0.1288
2313,2023,0.1364
2313,2024,0.13779999
2313,2025,0.1397
2321,2006,0.0656
2321,2007,0.070900001
2321,2008,0.071199998
2321,2009,0.067699999
2321,2010,0.0682
2321,2011,0.070299998
2321,2012,0.0779
2321,2013,0.0735
2321,2014,0.078000002
2321,2015,0.080499999
2321,2016,0.086499996
2321,2017,0.084399998
2321,2018,0.088600002
2321,2019,0.0911
2321,2020,0.084799998
2321,2021,0.093099996
2321,2022,0.095399998
2321,2023,0.101
2321,2024,0.1019
2321,2025,0.1068
2326,2006,0.088399999
2326,2007,0.096000001
2326,2008,0.095600002
2326,2009,0.093500003
2326,2010,0.096600004
2326,2011,0.099699996
2326,2012,0.1028
2326,2013,0.105
2326,2014,0.1099
2326,2015,0.1054
2326,2016,0.1048
2326,2017,0.1076
2326,2018,0.1144
2326,2019,0.1225
2326,2020,0.127
2326,2021,0.1229
2326,2022,0.1224
2326,2023,0.1329
2326,2024,0.1344
2326,2025,0.13609999
2361,2006,0.073899999
2361,2007,0.068000004
2361,2008,0.0713
2361,2009,0.069300003
2361,2010,0.075999998
2361,2011,0.077500001
2361,2012,0.079300001
2361,2013,0.079300001
2361,2014,0.084899999
2361,2015,0.088200003
2361,2016,0.086499996
2361,2017,0.081299998
2361,2018,0.082500003
2361,2019,0.085900001
2361,2020,0.0902
2361,2021,0.092500001
2361,2022,0.096799999
2361,2023,0.0986
2361,2024,0.1067
2361,2025,0.1118
2380,2006,0.079800002
2380,2007,0.081299998
2380,2008,0.082599998
2380,2009,0.082500003
2380,2010,0.083800003
2380,2011,0.086000003
2380,2012,0.086999997
2380,2013,0.088
2380,2014,0.092299998
2380,2015,0.095899999
2380,2016,0.099399999
2380,2017,0.102
2380,2018,0.1045
2380,2019,0.1094
2380,2020,0.1113
2380,2021,0.1135
2380,2022,0.1207
2380,2023,0.1252
2380,2024,0.1305
2380,2025,0.1321
2401,2006,0.073700003
2401,2007,0.0735
2401,2008,0.0713
2401,2009,0.074299999
2401,2010,0.076800004
2401,2011,0.078000002
2401,2012,0.079700001
2401,2013,0.091799997
2401,2014,0.093000002
2401,2015,0.0942
2401,2016,0.0955
2401,2017,0.098399997
2401,2018,0.097099997
2401,2019,0.1037
2401,2020,0.1065
2401,2021,0.1128
2401,2022,0.1158
2401,2023,0.119
2401,2024,0.1226
2401,2025,0.1195
2403,2006,0.081500001
2403,2007,0.0832
2403,2008,0.079099998
2403,2009,0.070799999
2403,2010,0.072800003
2403,2011,0.076099999
2403,2012,0.079300001
2403,2013,0.082900003
2403,2014,0.089400001
2403,2015,0.1011
2403,2016,0.1047
2403,2017,0.1077
2403,2018,0.1086
2403,2019,0.1076
2403,2020,0.1056
2403,2021,0.109
2403,2022,0.1079
2403,2023,0.1133
2403,2024,0.1191
2403,2025,0.1204
2404,2006,0.083499998
2404,2007,0.081
2404,2008,0.084600002
2404,2009,0.085199997
2404,2010,0.089900002
2404,2011,0.088
2404,2012,0.092600003
2404,2013,0.096900001
2404,2014,0.1066
2404,2015,0.1067
2404,2016,0.1136
2404,2017,0.1101
2404,2018,0.117
2404,2019,0.118
2404,2020,0.117
2404,2021,0.1184
2404,2022,0.1237
2404,2023,0.12909999
2404,2024,0.1348
2404,2025,0.13500001
2409,2006,0.081
2409,2007,0.0832
2409,2008,0.084100001
2409,2009,0.0858
2409,2010,0.087700002
2409,2011,0.090899996
2409,2012,0.085600004
2409,2013,0.087700002
2409,2014,0.092699997
2409,2015,0.097599998
2409,2016,0.0995
2409,2017,0.1004
2409,2018,0.1063
2409,2019,0.108
2409,2020,0.1079
2409,2021,0.1155
2409,2022,0.1198
2409,2023,0.1249
2409,2024,0.12909999
2409,2025,0.132
2417,2006,0.078199998
2417,2007,0.088399999
2417,2008,0.089199997
2417,2009,0.092399999
2417,2010,0.091300003
2417,2011,0.092500001
2417,2012,0.087200001
2417,2013,0.0977
2417,2014,0.1045
2417,2015,0.1125
2417,2016,0.1195
2417,2017,0.1177
2417,2018,0.1226
2417,2019,0.12899999
2417,2020,0.1321
2417,2021,0.1428
2417,2022,0.1401
2417,2023,0.1432
2417,2024,0.14920001
2417,2025,0.14669999
2418,2006,0.0911
2418,2007,0.0836
2418,2008,0.088799998
2418,2009,0.087099999
2418,2010,0.085500002
2418,2011,0.089199997
2418,2012,0.0911
2418,2013,0.088100001
2418,2014,0.096000001
2418,2015,0.091300003
2418,2016,0.098399997
2418,2017,0.095100001
2418,2018,0.1083
2418,2019,0.1092
2418,2020,0.1194
2418,2021,0.121
2418,2022,0.1355
2418,2023,0.1355
2418,2024,0.1556
2418,2025,0.1533
2421,2006,0.074500002
2421,2007,0.083300002
2421,2008,0.083099999
2421,2009,0.079999998
2421,2010,0.084299996
2421,2011,0.088799998
2421,2012,0.0876
2421,2013,0.084100001
2421,2014,0.084600002
2421,2015,0.092200004
2421,2016,0.091399997
2421,2017,0.090999998
2421,2018,0.093999997
2421,2019,0.098099999
2421,2020,0.1023
2421,2021,0.1143
2421,2022,0.1142
2421,2023,0.1214
2421,2024,0.1234
2421,2025,0.1248
2422,2006,0.092100002
2422,2007,0.090700001
2422,2008,0.0955
2422,2009,0.0933
2422,2010,0.088500001
2422,2011,0.093400002
2422,2012,0.1066
2422,2013,0.1094
2422,2014,0.1014
2422,2015,0.1025
2422,2016,0.1002
2422,2017,0.1049
2422,2018,0.1079
2422,2019,0.1197
2422,2020,0.1151
2422,2021,0.124
2422,2022,0.1211
2422,2023,0.1156
2422,2024,0.1243
2422,2025,0.1218
2425,2006,0.083099999
2425,2007,0.074900001
2425,2008,0.078599997
2425,2009,0.0766
2425,2010,0.080300003
2425,2011,0.079000004
2425,2012,0.085900001
2425,2013,0.094300002
2425,2014,0.1012
2425,2015,0.1095
2425,2016,0.1096
2425,2017,0.1054
2425,2018,0.099699996
2425,2019,0.1117
2425,2020,0.1133
2425,2021,0.1118
2425,2022,0.1152
2425,2023,0.1304
2425,2024,0.1286
2425,2025,0.12899999
2460,2006,0.074699998
2460,2007,0.0748
2460,2008,0.070500001
2460,2009,0.070100002
2460,2010,0.070600003
2460,2011,0.0704
2460,2012,0.077600002
2460,2013,0.0757
2460,2014,0.085299999
2460,2015,0.087700002
2460,2016,0.095100001
2460,2017,0.1044
2460,2018,0.1003
2460,2019,0.102
2460,2020,0.1023
2460,2021,0.1102
2460,2022,0.1141
2460,2023,0.1192
2460,2024,0.1287
2460,2025,0.1244
2462,2006,0.059900001
2462,2007,0.065099999
2462,2008,0.067000002
2462,2009,0.066200003
2462,2010,0.068999998
2462,2011,0.076800004
2462,2012,0.075300001
2462,2013,0.079899997
2462,2014,0.085699998
2462,2015,0.087399997
2462,2016,0.094499998
2462,2017,0.092200004
2462,2018,0.095399998
2462,2019,0.0973
2462,2020,0.1023
2462,2021,0.1062
2462,2022,0.1029
2462,2023,0.1089
2462,2024,0.1162
2462,2025,0.122
2463,2006,0.087399997
2463,2007,0.084200002
2463,2008,0.080799997
2463,2009,0.077600002
2463,2010,0.0823
2463,2011,0.082099997
2463,2012,0.083800003
2463,2013,0.087700002
2463,2014,0.088399999
2463,2015,0.089000002
2463,2016,0.095299996
2463,2017,0.090099998
2463,2018,0.092600003
2463,2019,0.1024
2463,2020,0.1041
2463,2021,0.1186
2463,2022,0.1129
2463,2023,0.1181
2463,2024,0.1218
2463,2025,0.1227
2480,2006,0.070799999
2480,2007,0.073200002
2480,2008,0.074500002
2480,2009,0.073700003
2480,2010,0.075300001
2480,2011,0.079599999
2480,2012,0.082800001
2480,2013,0.085299999
2480,2014,0.089599997
2480,2015,0.093699999
2480,2016,0.096900001
2480,2017,0.098999999
2480,2018,0.1014
2480,2019,0.1043
2480,2020,0.1074
2480,2021,0.1128
2480,2022,0.1176
2480,2023,0.1207
2480,2024,0.1249
2480,2025,0.1258
2481,2006,0.073299997
2481,2007,0.0788
2481,2008,0.077500001
2481,2009,0.075999998
2481,2010,0.079899997
2481,2011,0.084799998
2481,2012,0.090099998
2481,2013,0.089900002
2481,2014,0.094400004
2481,2015,0.1012
2481,2016,0.1058
2481,2017,0.1057
2481,2018,0.1053
2481,2019,0.1133
2481,2020,0.1181
2481,2021,0.1185
2481,2022,0.1261
2481,2023,0.13169999
2481,2024,0.138
2481,2025,0.1363
2482,2006,0.089599997
2482,2007,0.094499998
2482,2008,0.096100003
2482,2009,0.096699998
2482,2010,0.0964
2482,2011,0.098399997
2482,2012,0.1025
2482,2013,0.1048
2482,2014,0.1085
2482,2015,0.1138
2482,2016,0.1168
2482,2017,0.1186
2482,2018,0.1223
2482,2019,0.1261
2482,2020,0.1274
2482,2021,0.13160001
2482,2022,0.133
2482,2023,0.1344
2482,2024,0.1347
2482,2025,0.14040001
2505,2006,0.075099997
2505,2007,0.073899999
2505,2008,0.073100001
2505,2009,0.076399997
2505,2010,0.077200003
2505,2011,0.075000003
2505,2012,0.079999998
2505,2013,0.079400003
2505,2014,0.082699999
2505,2015,0.086999997
2505,2016,0.089100003
2505,2017,0.092500001
2505,2018,0.090800002
2505,2019,0.1034
2505,2020,0.1029
2505,2021,0.1021
2505,2022,0.1101
2505,2023,0.1217
2505,2024,0.112
2505,2025,0.1195
2506,2006,0.055500001
2506,2007,0.053399999
2506,2008,0.058800001
2506,2009,0.0614
2506,2010,0.065800004
2506,2011,0.079300001
2506,2012,0.081500001
2506,2013,0.081900001
2506,2014,0.090499997
2506,2015,0.095899999
2506,2016,0.103
2506,2017,0.1029
2506,2018,0.101
2506,2019,0.1042
2506,2020,0.1089
2506,2021,0.1141
2506,2022,0.117
2506,2023,0.1257
2506,2024,0.1362
2506,2025,0.1373
2510,2006,0.046799999
2510,2007,0.049600001
2510,2008,0.047699999
2510,2009,0.048
2510,2010,0.050500002
2510,2011,0.0484
2510,2012,0.050099999
2510,2013,0.052700002
2510,2014,0.054699998
2510,2015,0.060899999
2510,2016,0.059
2510,2017,0.063000001
2510,2018,0.066399999
2510,2019,0.064400002
2510,2020,0.075900003
2510,2021,0.080300003
2510,2022,0.082099997
2510,2023,0.093099996
2510,2024,0.093000002
2510,2025,0.089699998
2513,2006,0.082699999
2513,2007,0.074299999
2513,2008,0.0735
2513,2009,0.071699999
2513,2010,0.071999997
2513,2011,0.076099999
2513,2012,0.086400002
2513,2013,0.084100001
2513,2014,0.0854
2513,2015,0.086599998
2513,2016,0.0867
2513,2017,0.086099997
2513,2018,0.086900003
2513,2019,0.092600003
2513,2020,0.094899997
2513,2021,0.093500003
2513,2022,0.097499996
2513,2023,0.1012
2513,2024,0.1075
2513,2025,0.11
2514,2006,0.073200002
2514,2007,0.075999998
2514,2008,0.074500002
2514,2009,0.076300003
2514,2010,0.078699999
2514,2011,0.078400001
2514,2012,0.081900001
2514,2013,0.087200001
2514,2014,0.091399997
2514,2015,0.099200003
2514,2016,0.1028
2514,2017,0.1069
2514,2018,0.1092
2514,2019,0.1175
2514,2020,0.1212
2514,2021,0.1247
2514,2022,0.1293
2514,2023,0.1344
2514,2024,0.13789999
2514,2025,0.134
2518,2006,0.060600001
2518,2007,0.064800002
2518,2008,0.065800004
2518,2009,0.066100001
2518,2010,0.064599998
2518,2011,0.070900001
2518,2012,0.066799998
2518,2013,0.063500002
2518,2014,0.064099997
2518,2015,0.072099999
2518,2016,0.071000002
2518,2017,0.071699999
2518,2018,0.077600002
2518,2019,0.080899999
2518,2020,0.086800002
2518,2021,0.088799998
2518,2022,0.098099999
2518,2023,0.1093
2518,2024,0.1043
2518,2025,0.1151
2521,2006,0.057399999
2521,2007,0.054000001
2521,2008,0.054299999
2521,2009,0.0528
2521,2010,0.053599998
2521,2011,0.0537
2521,2012,0.055100001
2521,2013,0.0495
2521,2014,0.053800002
2521,2015,0.058600001
2521,2016,0.0656
2521,2017,0.069300003
2521,2018,0.075199999
2521,2019,0.070900001
2521,2020,0.073399998
2521,2021,0.079999998
2521,2022,0.094499998
2521,2023,0.089400001
2521,2024,0.088100001
2521,2025,0.091799997
2523,2006,0.062799998
2523,2007,0.062199999
2523,2008,0.058200002
2523,2009,0.059099998
2523,2010,0.062199999
2523,2011,0.061799999
2523,2012,0.063000001
2523,2013,0.067100003
2523,2014,0.069499999
2523,2015,0.0757
2523,2016,0.0814
2523,2017,0.082800001
2523,2018,0.083800003
2523,2019,0.082000002
2523,2020,0.085199997
2523,2021,0.093099996
2523,2022,0.0977
2523,2023,0.1028
2523,2024,0.108
2523,2025,0.1079
2560,2006,0.074699998
2560,2007,0.078400001
2560,2008,0.078199998
2560,2009,0.078900002
2560,2010,0.080399998
2560,2011,0.0823
2560,2012,0.087399997
2560,2013,0.090599999
2560,2014,0.093699999
2560,2015,0.093999997
2560,2016,0.1001
2560,2017,0.0986
2560,2018,0.1015
2560,2019,0.1031
2560,2020,0.1044
2560,2021,0.1091
2560,2022,0.1169
2560,2023,0.117
2560,2024,0.1266
2560,2025,0.1258
2580,2006,0.066600002
2580,2007,0.068400003
2580,2008,0.067100003
2580,2009,0.067900002
2580,2010,0.069300003
2580,2011,0.071500003
2580,2012,0.073799998
2580,2013,0.076300003
2580,2014,0.078500003
2580,2015,0.083800003
2580,2016,0.087200001
2580,2017,0.089500003
2580,2018,0.092500001
2580,2019,0.094800003
2580,2020,0.095700003
2580,2021,0.1006
2580,2022,0.1059
2580,2023,0.1111
2580,2024,0.1141
2580,2025,0.1149
2581,2006,0.076399997
2581,2007,0.079599999
2581,2008,0.079499997
2581,2009,0.079400003
2581,2010,0.082599998
2581,2011,0.086999997
2581,2012,0.089000002
2581,2013,0.090000004
2581,2014,0.094499998
2581,2015,0.0995
2581,2016,0.1055
2581,2017,0.1095
2581,2018,0.1098
2581,2019,0.1127
2581,2020,0.1141
2581,2021,0.1187
2581,2022,0.1227
2581,2023,0.1292
2581,2024,0.1345
2581,2025,0.1354
2582,2006,0.075300001
2582,2007,0.075400002
2582,2008,0.075599998
2582,2009,0.074000001
2582,2010,0.075400002
2582,2011,0.077200003
2582,2012,0.0801
2582,2013,0.081600003
2582,2014,0.084600002
2582,2015,0.088200003
2582,2016,0.087899998
2582,2017,0.0911
2582,2018,0.0964
2582,2019,0.099699996
2582,2020,0.0999
2582,2021,0.1037
2582,2022,0.1083
2582,2023,0.114
2582,2024,0.1176
2582,2025,0.1158
2583,2006,0.0647
2583,2007,0.062600002
2583,2008,0.064300001
2583,2009,0.061500002
2583,2010,0.065499999
2583,2011,0.071400002
2583,2012,0.070699997
2583,2013,0.071400002
2583,2014,0.068300001
2583,2015,0.073799998
2583,2016,0.079099998
2583,2017,0.082599998
2583,2018,0.088699996
2583,2019,0.091700003
2583,2020,0.094300002
2583,2021,0.092699997
2583,2022,0.094099998
2583,2023,0.1038
2583,2024,0.1092
2583,2025,0.1109
2584,2006,0.0484
2584,2007,0.048099998
2584,2008,0.0493
2584,2009,0.048500001
2584,2010,0.047899999
2584,2011,0.050700001
2584,2012,0.0528
2584,2013,0.052299999
2584,2014,0.0546
2584,2015,0.057799999
2584,2016,0.0592
2584,2017,0.061799999
2584,2018,0.0625
2584,2019,0.065300003
2584,2020,0.066
2584,2021,0.069899999
2584,2022,0.073899999
2584,2023,0.078900002
2584,2024,0.078900002
2584,2025,0.080700003
