kommun,year,andel_invand
0114,2006,0.21250001
0114,2007,0.21619999
0114,2008,0.2217
0114,2009,0.22669999
0114,2010,0.2332
0114,2011,0.2428
0114,2012,0.2476
0114,2013,0.25600001
0114,2014,0.25999999
0114,2015,0.26980001
0114,2016,0.2834
0114,2017,0.29159999
0114,2018,0.30289999
0114,2019,0.31389999
0114,2020,0.3206
0114,2021,0.33000001
0114,2022,0.34240001
0114,2023,0.35210001
0114,2024,0.3567
0114,2025,0.3601
0115,2006,0.1068
0115,2007,0.1095
0115,2008,0.1102
0115,2009,0.1112
0115,2010,0.1135
0115,2011,0.1172
0115,2012,0.1218
0115,2013,0.1231
0115,2014,0.125
0115,2015,0.12809999
0115,2016,0.13420001
0115,2017,0.1407
0115,2018,0.14470001
0115,2019,0.15260001
0115,2020,0.15270001
0115,2021,0.15700001
0115,2022,0.16419999
0115,2023,0.16590001
0115,2024,0.1673
0115,2025,0.1665
0117,2006,0.1106
0117,2007,0.1126
0117,2008,0.1158
0117,2009,0.1194
0117,2010,0.1216
0117,2011,0.1258
0117,2012,0.1309
0117,2013,0.1332
0117,2014,0.1381
0117,2015,0.1451
0117,2016,0.1542
0117,2017,0.1612
0117,2018,0.1645
0117,2019,0.16760001
0117,2020,0.1698
0117,2021,0.1751
0117,2022,0.1789
0117,2023,0.178
0117,2024,0.1812
0117,2025,0.18099999
0120,2006,0.1007
0120,2007,0.1035
0120,2008,0.1068
0120,2009,0.109
0120,2010,0.1098
0120,2011,0.1115
0120,2012,0.1126
0120,2013,0.114
0120,2014,0.117
0120,2015,0.1185
0120,2016,0.1222
0120,2017,0.13079999
0120,2018,0.13680001
0120,2019,0.139
0120,2020,0.14030001
0120,2021,0.1406
0120,2022,0.1411
0120,2023,0.1426
0120,2024,0.1441
0120,2025,0.1432
0123,2006,0.2016
0123,2007,0.2086
0123,2008,0.2166
0123,2009,0.22400001
0123,2010,0.2316
0123,2011,0.23890001
0123,2012,0.24510001
0123,2013,0.25139999
0123,2014,0.2606
0123,2015,0.2683
0123,2016,0.28049999
0123,2017,0.29049999
0123,2018,0.3046
0123,2019,0.31479999
0123,2020,0.32429999
0123,2021,0.33570001
0123,2022,0.34720001
0123,2023,0.35389999
0123,2024,0.36449999
0123,2025,0.37009999
0125,2006,0.084899999
0125,2007,0.088200003
0125,2008,0.088
0125,2009,0.090899996
0125,2010,0.095600002
0125,2011,0.098899998
0125,2012,0.1029
0125,2013,0.1045
0125,2014,0.1075
0125,2015,0.1094
0125,2016,0.1152
0125,2017,0.1205
0125,2018,0.1318
0125,2019,0.1402
0125,2020,0.1428
0125,2021,0.14139999
0125,2022,0.14210001
0125,2023,0.1371
0125,2024,0.139
0125,2025,0.1373
0126,2006,0.229
0126,2007,0.2362
0126,2008,0.244
0126,2009,0.2507
0126,2010,0.2561
0126,2011,0.26109999
0126,2012,0.266
0126,2013,0.2705
0126,2014,0.2744
0126,2015,0.28040001
0126,2016,0.28600001
0126,2017,0.29249999
0126,2018,0.3001
0126,2019,0.3039
0126,2020,0.30590001
0126,2021,0.30790001
0126,2022,0.31279999
0126,2023,0.31279999
0126,2024,0.31569999
0126,2025,0.31510001
0127,2006,0.3441
0127,2007,0.352
0127,2008,0.35789999
0127,2009,0.36449999
0127,2010,0.3721
0127,2011,0.3811
0127,2012,0.3883
0127,2013,0.39309999
0127,2014,0.39750001
0127,2015,0.40099999
0127,2016,0.4075
0127,2017,0.41460001
0127,2018,0.42089999
0127,2019,0.42919999
0127,2020,0.43090001
0127,2021,0.43349999
0127,2022,0.43650001
0127,2023,0.43990001
0127,2024,0.44209999
0127,2025,0.44459999
0128,2006,0.1362
0128,2007,0.1388
0128,2008,0.1417
0128,2009,0.1446
0128,2010,0.14839999
0128,2011,0.1525
0128,2012,0.15629999
0128,2013,0.1629
0128,2014,0.17129999
0128,2015,0.18009999
0128,2016,0.1882
0128,2017,0.1961
0128,2018,0.2008
0128,2019,0.20720001
0128,2020,0.2149
0128,2021,0.22310001
0128,2022,0.22830001
0128,2023,0.2352
0128,2024,0.23810001
0128,2025,0.24160001
0136,2006,0.19050001
0136,2007,0.19769999
0136,2008,0.20550001
0136,2009,0.21170001
0136,2010,0.21610001
0136,2011,0.2229
0136,2012,0.2286
0136,2013,0.23370001
0136,2014,0.2402
0136,2015,0.2449
0136,2016,0.25400001
0136,2017,0.26350001
0136,2018,0.26980001
0136,2019,0.27779999
0136,2020,0.2809
0136,2021,0.28670001
0136,2022,0.29370001
0136,2023,0.2994
0136,2024,0.3028
0136,2025,0.30500001
0138,2006,0.1336
0138,2007,0.1356
0138,2008,0.13779999
0138,2009,0.1402
0138,2010,0.14309999
0138,2011,0.1446
0138,2012,0.14650001
0138,2013,0.1487
0138,2014,0.15109999
0138,2015,0.1552
0138,2016,0.15970001
0138,2017,0.163
0138,2018,0.1705
0138,2019,0.1744
0138,2020,0.1751
0138,2021,0.17749999
0138,2022,0.1798
0138,2023,0.1807
0138,2024,0.1823
0138,2025,0.1821
0139,2006,0.1864
0139,2007,0.1913
0139,2008,0.19859999
0139,2009,0.2043
0139,2010,0.20919999
0139,2011,0.2156
0139,2012,0.2192
0139,2013,0.2237
0139,2014,0.2299
0139,2015,0.23649999
0139,2016,0.24690001
0139,2017,0.25659999
0139,2018,0.2735
0139,2019,0.2872
0139,2020,0.29699999
0139,2021,0.30849999
0139,2022,0.32390001
0139,2023,0.3335
0139,2024,0.3396
0139,2025,0.34599999
0140,2006,0.1064
0140,2007,0.1079
0140,2008,0.1073
0140,2009,0.1073
0140,2010,0.1064
0140,2011,0.1081
0140,2012,0.1081
0140,2013,0.1103
0140,2014,0.112
0140,2015,0.1128
0140,2016,0.1173
0140,2017,0.121
0140,2018,0.1237
0140,2019,0.1266
0140,2020,0.13
0140,2021,0.13500001
0140,2022,0.1406
0140,2023,0.15189999
0140,2024,0.1551
0140,2025,0.1556
0160,2006,0.1349
0160,2007,0.1363
0160,2008,0.13869999
0160,2009,0.14219999
0160,2010,0.1435
0160,2011,0.1477
0160,2012,0.15019999
0160,2013,0.1524
0160,2014,0.1564
0160,2015,0.161
0160,2016,0.1674
0160,2017,0.17299999
0160,2018,0.1797
0160,2019,0.1839
0160,2020,0.18700001
0160,2021,0.191
0160,2022,0.19580001
0160,2023,0.2005
0160,2024,0.20290001
0160,2025,0.20280001
0162,2006,0.1301
0162,2007,0.1336
0162,2008,0.1337
0162,2009,0.13699999
0162,2010,0.139
0162,2011,0.1427
0162,2012,0.1432
0162,2013,0.148
0162,2014,0.1497
0162,2015,0.153
0162,2016,0.1583
0162,2017,0.164
0162,2018,0.17
0162,2019,0.1709
0162,2020,0.17039999
0162,2021,0.17290001
0162,2022,0.17569999
0162,2023,0.17380001
0162,2024,0.1749
0162,2025,0.17380001
0163,2006,0.1725
0163,2007,0.1768
0163,2008,0.1805
0163,2009,0.1884
0163,2010,0.1952
0163,2011,0.20200001
0163,2012,0.2077
0163,2013,0.21259999
0163,2014,0.2211
0163,2015,0.2264
0163,2016,0.235
0163,2017,0.2458
0163,2018,0.25459999
0163,2019,0.2647
0163,2020,0.26660001
0163,2021,0.27360001
0163,2022,0.2854
0163,2023,0.292
0163,2024,0.29800001
0163,2025,0.30109999
0180,2006,0.2049
0180,2007,0.2094
0180,2008,0.213
0180,2009,0.2182
0180,2010,0.22130001
0180,2011,0.2255
0180,2012,0.2289
0180,2013,0.2314
0180,2014,0.23379999
0180,2015,0.23630001
0180,2016,0.2406
0180,2017,0.24699999
0180,2018,0.25170001
0180,2019,0.25529999
0180,2020,0.25510001
0180,2021,0.25819999
0180,2022,0.26199999
0180,2023,0.2622
0180,2024,0.26390001
0180,2025,0.26409999
0181,2006,0.26890001
0181,2007,0.28439999
0181,2008,0.2958
0181,2009,0.30680001
0181,2010,0.3163
0181,2011,0.3272
0181,2012,0.33840001
0181,2013,0.3504
0181,2014,0.36320001
0181,2015,0.37369999
0181,2016,0.382
0181,2017,0.391
0181,2018,0.40090001
0181,2019,0.41010001
0181,2020,0.41670001
0181,2021,0.42399999
0181,2022,0.43329999
0181,2023,0.4386
0181,2024,0.442
0181,2025,0.4429
0182,2006,0.1647
0182,2007,0.1671
0182,2008,0.16850001
0182,2009,0.17120001
0182,2010,0.17380001
0182,2011,0.1763
0182,2012,0.17900001
0182,2013,0.17990001
0182,2014,0.1815
0182,2015,0.1842
0182,2016,0.18880001
0182,2017,0.1947
0182,2018,0.1988
0182,2019,0.198
0182,2020,0.19589999
0182,2021,0.1973
0182,2022,0.199
0182,2023,0.2001
0182,2024,0.2023
0182,2025,0.2036
0183,2006,0.2194
0183,2007,0.2308
0183,2008,0.23899999
0183,2009,0.2494
0183,2010,0.2552
0183,2011,0.26249999
0183,2012,0.2685
0183,2013,0.27739999
0183,2014,0.28220001
0183,2015,0.2886
0183,2016,0.2965
0183,2017,0.30250001
0183,2018,0.3071
0183,2019,0.31470001
0183,2020,0.31639999
0183,2021,0.3195
0183,2022,0.329
0183,2023,0.33489999
0183,2024,0.33750001
0183,2025,0.33950001
0184,2006,0.2145
0184,2007,0.22319999
0184,2008,0.23199999
0184,2009,0.2414
0184,2010,0.2481
0184,2011,0.25619999
0184,2012,0.2615
0184,2013,0.2649
0184,2014,0.27070001
0184,2015,0.27590001
0184,2016,0.2834
0184,2017,0.296
0184,2018,0.30500001
0184,2019,0.3107
0184,2020,0.31600001
0184,2021,0.32789999
0184,2022,0.3371
0184,2023,0.34
0184,2024,0.3418
0184,2025,0.34330001
0186,2006,0.13510001
0186,2007,0.13789999
0186,2008,0.141
0186,2009,0.145
0186,2010,0.1481
0186,2011,0.1505
0186,2012,0.15260001
0186,2013,0.1568
0186,2014,0.1604
0186,2015,0.1649
0186,2016,0.1724
0186,2017,0.1751
0186,2018,0.1795
0186,2019,0.1821
0186,2020,0.1797
0186,2021,0.1804
0186,2022,0.183
0186,2023,0.1822
0186,2024,0.1839
0186,2025,0.182
0187,2006,0.087099999
0187,2007,0.086800002
0187,2008,0.090800002
0187,2009,0.091499999
0187,2010,0.094700001
0187,2011,0.099299997
0187,2012,0.1017
0187,2013,0.1025
0187,2014,0.1032
0187,2015,0.1027
0187,2016,0.1033
0187,2017,0.1086
0187,2018,0.1114
0187,2019,0.1112
0187,2020,0.11
0187,2021,0.1107
0187,2022,0.1098
0187,2023,0.1081
0187,2024,0.1097
0187,2025,0.1103
0188,2006,0.088299997
0188,2007,0.091200002
0188,2008,0.093500003
0188,2009,0.095100001
0188,2010,0.0973
0188,2011,0.098899998
0188,2012,0.1011
0188,2013,0.1032
0188,2014,0.1066
0188,2015,0.1125
0188,2016,0.1174
0188,2017,0.1243
0188,2018,0.1293
0188,2019,0.1329
0188,2020,0.13510001
0188,2021,0.1347
0188,2022,0.13689999
0188,2023,0.1375
0188,2024,0.13959999
0188,2025,0.139
0191,2006,0.2023
0191,2007,0.20819999
0191,2008,0.21619999
0191,2009,0.2264
0191,2010,0.23450001
0191,2011,0.2483
0191,2012,0.26069999
0191,2013,0.27219999
0191,2014,0.2841
0191,2015,0.2967
0191,2016,0.31060001
0191,2017,0.32370001
0191,2018,0.33739999
0191,2019,0.34580001
0191,2020,0.3549
0191,2021,0.3617
0191,2022,0.37490001
0191,2023,0.38350001
0191,2024,0.38859999
0191,2025,0.39269999
0192,2006,0.1097
0192,2007,0.1143
0192,2008,0.1186
0192,2009,0.1248
0192,2010,0.13070001
0192,2011,0.1357
0192,2012,0.14139999
0192,2013,0.14669999
0192,2014,0.1487
0192,2015,0.1564
0192,2016,0.1628
0192,2017,0.1724
0192,2018,0.17919999
0192,2019,0.1855
0192,2020,0.1903
0192,2021,0.1991
0192,2022,0.2067
0192,2023,0.2097
0192,2024,0.21170001
0192,2025,0.2102
0305,2006,0.1115
0305,2007,0.1152
0305,2008,0.1171
0305,2009,0.1203
0305,2010,0.1236
0305,2011,0.12620001
0305,2012,0.1292
0305,2013,0.1319
0305,2014,0.133
0305,2015,0.13500001
0305,2016,0.14210001
0305,2017,0.148
0305,2018,0.15449999
0305,2019,0.15880001
0305,2020,0.1573
0305,2021,0.1595
0305,2022,0.1644
0305,2023,0.1682
0305,2024,0.1742
0305,2025,0.1793
0319,2006,0.0854
0319,2007,0.0854
0319,2008,0.091899998
0319,2009,0.0964
0319,2010,0.098899998
0319,2011,0.1042
0319,2012,0.1081
0319,2013,0.1106
0319,2014,0.1187
0319,2015,0.1339
0319,2016,0.14910001
0319,2017,0.1496
0319,2018,0.1531
0319,2019,0.1529
0319,2020,0.14929999
0319,2021,0.1473
0319,2022,0.1477
0319,2023,0.14650001
0319,2024,0.1469
0319,2025,0.14579999
0330,2006,0.082099997
0330,2007,0.083800003
0330,2008,0.087300003
0330,2009,0.089199997
0330,2010,0.0911
0330,2011,0.093599997
0330,2012,0.097599998
0330,2013,0.102
0330,2014,0.1044
0330,2015,0.1117
0330,2016,0.1185
0330,2017,0.12800001
0330,2018,0.13590001
0330,2019,0.1392
0330,2020,0.1442
0330,2021,0.1529
0330,2022,0.1584
0330,2023,0.16599999
0330,2024,0.1725
0330,2025,0.18080001
0331,2006,0.069499999
0331,2007,0.072800003
0331,2008,0.075599998
0331,2009,0.080200002
0331,2010,0.083899997
0331,2011,0.086199999
0331,2012,0.086400002
0331,2013,0.091200002
0331,2014,0.097199999
0331,2015,0.1035
0331,2016,0.1099
0331,2017,0.1155
0331,2018,0.1195
0331,2019,0.1259
0331,2020,0.1257
0331,2021,0.1283
0331,2022,0.1328
0331,2023,0.1337
0331,2024,0.1348
0331,2025,0.1337
0360,2006,0.063000001
0360,2007,0.066600002
0360,2008,0.071400002
0360,2009,0.0757
0360,2010,0.079599999
0360,2011,0.082699999
0360,2012,0.085900001
0360,2013,0.089500003
0360,2014,0.095200002
0360,2015,0.1045
0360,2016,0.1119
0360,2017,0.1197
0360,2018,0.1252
0360,2019,0.1265
0360,2020,0.1313
0360,2021,0.13349999
0360,2022,0.13249999
0360,2023,0.13079999
0360,2024,0.1278
0360,2025,0.1275
0380,2006,0.1435
0380,2007,0.1471
0380,2008,0.1525
0380,2009,0.15809999
0380,2010,0.1638
0380,2011,0.16689999
0380,2012,0.16850001
0380,2013,0.1724
0380,2014,0.17479999
0380,2015,0.18000001
0380,2016,0.1895
0380,2017,0.2016
0380,2018,0.21089999
0380,2019,0.2183
0380,2020,0.2209
0380,2021,0.22490001
0380,2022,0.23010001
0380,2023,0.23119999
0380,2024,0.23280001
0380,2025,0.23280001
0381,2006,0.093800001
0381,2007,0.097900003
0381,2008,0.099699996
0381,2009,0.103
0381,2010,0.1053
0381,2011,0.1072
0381,2012,0.1079
0381,2013,0.1136
0381,2014,0.1178
0381,2015,0.1248
0381,2016,0.1356
0381,2017,0.14309999
0381,2018,0.14920001
0381,2019,0.1549
0381,2020,0.1612
0381,2021,0.1683
0381,2022,0.17129999
0381,2023,0.1723
0381,2024,0.1725
0381,2025,0.1723
0382,2006,0.064800002
0382,2007,0.067199998
0382,2008,0.070600003
0382,2009,0.073899999
0382,2010,0.076800004
0382,2011,0.077600002
0382,2012,0.077699997
0382,2013,0.078900002
0382,2014,0.080200002
0382,2015,0.083800003
0382,2016,0.088600002
0382,2017,0.091700003
0382,2018,0.095200002
0382,2019,0.096100003
0382,2020,0.095700003
0382,2021,0.098399997
0382,2022,0.1005
0382,2023,0.0999
0382,2024,0.1013
0382,2025,0.1011
0428,2006,0.072099999
0428,2007,0.075900003
0428,2008,0.078400001
0428,2009,0.084100001
0428,2010,0.084899999
0428,2011,0.091399997
0428,2012,0.098099999
0428,2013,0.1156
0428,2014,0.1236
0428,2015,0.1237
0428,2016,0.1354
0428,2017,0.14749999
0428,2018,0.14920001
0428,2019,0.1494
0428,2020,0.1506
0428,2021,0.145
0428,2022,0.14030001
0428,2023,0.1383
0428,2024,0.13429999
0428,2025,0.132
0461,2006,0.076499999
0461,2007,0.081299998
0461,2008,0.086900003
0461,2009,0.089599997
0461,2010,0.092500001
0461,2011,0.093999997
0461,2012,0.097999997
0461,2013,0.1015
0461,2014,0.1068
0461,2015,0.1123
0461,2016,0.1218
0461,2017,0.1248
0461,2018,0.1275
0461,2019,0.1314
0461,2020,0.133
0461,2021,0.134
0461,2022,0.13510001
0461,2023,0.1364
0461,2024,0.14049999
0461,2025,0.1372
0480,2006,0.091899998
0480,2007,0.095799997
0480,2008,0.097900003
0480,2009,0.1019
0480,2010,0.1062
0480,2011,0.1074
0480,2012,0.1108
0480,2013,0.1193
0480,2014,0.1245
0480,2015,0.13240001
0480,2016,0.1417
0480,2017,0.148
0480,2018,0.1524
0480,2019,0.15700001
0480,2020,0.1608
0480,2021,0.1629
0480,2022,0.1648
0480,2023,0.1661
0480,2024,0.1683
0480,2025,0.16779999
0481,2006,0.1468
0481,2007,0.1473
0481,2008,0.148
0481,2009,0.1508
0481,2010,0.1524
0481,2011,0.1559
0481,2012,0.1604
0481,2013,0.16850001
0481,2014,0.18269999
0481,2015,0.1997
0481,2016,0.2168
0481,2017,0.21960001
0481,2018,0.22570001
0481,2019,0.2255
0481,2020,0.2251
0481,2021,0.2227
0481,2022,0.21879999
0481,2023,0.21439999
0481,2024,0.21170001
0481,2025,0.2067
0482,2006,0.1193
0482,2007,0.1235
0482,2008,0.12980001
0482,2009,0.1392
0482,2010,0.1468
0482,2011,0.1552
0482,2012,0.1613
0482,2013,0.1768
0482,2014,0.1876
0482,2015,0.20460001
0482,2016,0.2262
0482,2017,0.2318
0482,2018,0.2315
0482,2019,0.23270001
0482,2020,0.23
0482,2021,0.2305
0482,2022,0.2252
0482,2023,0.21709999
0482,2024,0.21520001
0482,2025,0.2141
0483,2006,0.1129
0483,2007,0.1189
0483,2008,0.12620001
0483,2009,0.133
0483,2010,0.139
0483,2011,0.1402
0483,2012,0.1441
0483,2013,0.1517
0483,2014,0.1604
0483,2015,0.1665
0483,2016,0.1742
0483,2017,0.1823
0483,2018,0.19
0483,2019,0.1934
0483,2020,0.19320001
0483,2021,0.1934
0483,2022,0.1928
0483,2023,0.1926
0483,2024,0.1921
0483,2025,0.1919
0484,2006,0.17110001
0484,2007,0.1785
0484,2008,0.1869
0484,2009,0.1928
0484,2010,0.1974
0484,2011,0.2036
0484,2012,0.20999999
0484,2013,0.21690001
0484,2014,0.22589999
0484,2015,0.2335
0484,2016,0.24330001
0484,2017,0.25
0484,2018,0.25659999
0484,2019,0.2615
0484,2020,0.26280001
0484,2021,0.26480001
0484,2022,0.2669
0484,2023,0.26800001
0484,2024,0.26840001
0484,2025,0.26769999
0486,2006,0.0977
0486,2007,0.1011
0486,2008,0.104
0486,2009,0.1064
0486,2010,0.1083
0486,2011,0.112
0486,2012,0.1144
0486,2013,0.1195
0486,2014,0.1242
0486,2015,0.1279
0486,2016,0.13680001
0486,2017,0.14229999
0486,2018,0.14929999
0486,2019,0.1539
0486,2020,0.15899999
0486,2021,0.1645
0486,2022,0.16580001
0486,2023,0.1671
0486,2024,0.1692
0486,2025,0.1674
0488,2006,0.1019
0488,2007,0.1046
0488,2008,0.1056
0488,2009,0.1063
0488,2010,0.1076
0488,2011,0.1071
0488,2012,0.1089
0488,2013,0.1138
0488,2014,0.1178
0488,2015,0.1192
0488,2016,0.1303
0488,2017,0.13420001
0488,2018,0.13770001
0488,2019,0.1429
0488,2020,0.1471
0488,2021,0.1481
0488,2022,0.1485
0488,2023,0.1469
0488,2024,0.1471
0488,2025,0.1434
0509,2006,0.053599998
0509,2007,0.0583
0509,2008,0.066
0509,2009,0.067199998
0509,2010,0.067599997
0509,2011,0.070500001
0509,2012,0.075599998
0509,2013,0.0814
0509,2014,0.088200003
0509,2015,0.0942
0509,2016,0.107
0509,2017,0.117
0509,2018,0.121
0509,2019,0.1158
0509,2020,0.1156
0509,2021,0.1128
0509,2022,0.1142
0509,2023,0.1129
0509,2024,0.1121
0509,2025,0.1126
0512,2006,0.0539
0512,2007,0.0537
0512,2008,0.057399999
0512,2009,0.064000003
0512,2010,0.065399997
0512,2011,0.073600002
0512,2012,0.071699999
0512,2013,0.081600003
0512,2014,0.087700002
0512,2015,0.090999998
0512,2016,0.095799997
0512,2017,0.1015
0512,2018,0.105
0512,2019,0.1011
0512,2020,0.098800004
0512,2021,0.099299997
0512,2022,0.1037
0512,2023,0.1009
0512,2024,0.1048
0512,2025,0.1036
0513,2006,0.045499999
0513,2007,0.048700001
0513,2008,0.051199999
0513,2009,0.055799998
0513,2010,0.058400001
0513,2011,0.062799998
0513,2012,0.066500001
0513,2013,0.075400002
0513,2014,0.079400003
0513,2015,0.081799999
0513,2016,0.084399998
0513,2017,0.089100003
0513,2018,0.091300003
0513,2019,0.0911
0513,2020,0.091200002
0513,2021,0.090800002
0513,2022,0.093699999
0513,2023,0.094999999
0513,2024,0.094400004
0513,2025,0.095700003
0560,2006,0.044
0560,2007,0.045600001
0560,2008,0.048900001
0560,2009,0.049699999
0560,2010,0.0504
0560,2011,0.0528
0560,2012,0.057799999
0560,2013,0.067100003
0560,2014,0.070699997
0560,2015,0.073600002
0560,2016,0.079800002
0560,2017,0.087700002
0560,2018,0.092699997
0560,2019,0.0942
0560,2020,0.092799999
0560,2021,0.097400002
0560,2022,0.097499996
0560,2023,0.099799998
0560,2024,0.1031
0560,2025,0.1017
0561,2006,0.0458
0561,2007,0.045499999
0561,2008,0.044399999
0561,2009,0.046599999
0561,2010,0.049699999
0561,2011,0.053800002
0561,2012,0.054099999
0561,2013,0.056899998
0561,2014,0.063900001
0561,2015,0.07
0561,2016,0.075199999
0561,2017,0.079700001
0561,2018,0.077100001
0561,2019,0.079400003
0561,2020,0.078000002
0561,2021,0.079000004
0561,2022,0.080300003
0561,2023,0.079800002
0561,2024,0.0823
0561,2025,0.082800001
0562,2006,0.1038
0562,2007,0.1052
0562,2008,0.1065
0562,2009,0.1067
0562,2010,0.1077
0562,2011,0.1092
0562,2012,0.1152
0562,2013,0.1232
0562,2014,0.1313
0562,2015,0.1381
0562,2016,0.14920001
0562,2017,0.1489
0562,2018,0.1541
0562,2019,0.1601
0562,2020,0.16060001
0562,2021,0.16320001
0562,2022,0.16580001
0562,2023,0.1672
0562,2024,0.1657
0562,2025,0.1671
0563,2006,0.049400002
0563,2007,0.050299998
0563,2008,0.055300001
0563,2009,0.059
0563,2010,0.065099999
0563,2011,0.068400003
0563,2012,0.068099998
0563,2013,0.072499998
0563,2014,0.079000004
0563,2015,0.095700003
0563,2016,0.1129
0563,2017,0.1268
0563,2018,0.1305
0563,2019,0.12540001
0563,2020,0.1113
0563,2021,0.1073
0563,2022,0.1047
0563,2023,0.1024
0563,2024,0.1038
0563,2025,0.1039
0580,2006,0.1067
0580,2007,0.1136
0580,2008,0.1207
0580,2009,0.13070001
0580,2010,0.1363
0580,2011,0.13860001
0580,2012,0.1409
0580,2013,0.1441
0580,2014,0.1479
0580,2015,0.1499
0580,2016,0.1576
0580,2017,0.16509999
0580,2018,0.1717
0580,2019,0.17659999
0580,2020,0.17910001
0580,2021,0.183
0580,2022,0.1869
0580,2023,0.1875
0580,2024,0.1876
0580,2025,0.18780001
0581,2006,0.1327
0581,2007,0.1372
0581,2008,0.1441
0581,2009,0.14910001
0581,2010,0.1508
0581,2011,0.15260001
0581,2012,0.1567
0581,2013,0.1637
0581,2014,0.171
0581,2015,0.178
0581,2016,0.1882
0581,2017,0.19490001
0581,2018,0.1992
0581,2019,0.2034
0581,2020,0.205
0581,2021,0.20720001
0581,2022,0.2097
0581,2023,0.2112
0581,2024,0.2115
0581,2025,0.2104
0582,2006,0.046
0582,2007,0.0482
0582,2008,0.049600001
0582,2009,0.049600001
0582,2010,0.050000001
0582,2011,0.0506
0582,2012,0.052099999
0582,2013,0.053199999
0582,2014,0.054200001
0582,2015,0.055599999
0582,2016,0.062799998
0582,2017,0.066399999
0582,2018,0.0713
0582,2019,0.074100003
0582,2020,0.071400002
0582,2021,0.0726
0582,2022,0.073100001
0582,2023,0.072400004
0582,2024,0.071500003
0582,2025,0.068599999
0583,2006,0.095299996
0583,2007,0.096900001
0583,2008,0.098999999
0583,2009,0.1018
0583,2010,0.1033
0583,2011,0.1042
0583,2012,0.1082
0583,2013,0.116
0583,2014,0.1239
0583,2015,0.13339999
0583,2016,0.14139999
0583,2017,0.14669999
0583,2018,0.1506
0583,2019,0.1517
0583,2020,0.1523
0583,2021,0.1529
0583,2022,0.15279999
0583,2023,0.1521
0583,2024,0.1517
0583,2025,0.1497
0584,2006,0.0601
0584,2007,0.063199997
0584,2008,0.066100001
0584,2009,0.067900002
0584,2010,0.068499997
0584,2011,0.071599998
0584,2012,0.071999997
0584,2013,0.075800002
0584,2014,0.077
0584,2015,0.079499997
0584,2016,0.086000003
0584,2017,0.090300001
0584,2018,0.091200002
0584,2019,0.088600002
0584,2020,0.086199999
0584,2021,0.086099997
0584,2022,0.087399997
0584,2023,0.0889
0584,2024,0.093599997
0584,2025,0.092500001
0586,2006,0.058200002
0586,2007,0.0612
0586,2008,0.062199999
0586,2009,0.066
0586,2010,0.068499997
0586,2011,0.071900003
0586,2012,0.074600004
0586,2013,0.077299997
0586,2014,0.081600003
0586,2015,0.086599998
0586,2016,0.093599997
0586,2017,0.1037
0586,2018,0.1096
0586,2019,0.1159
0586,2020,0.1184
0586,2021,0.1202
0586,2022,0.1246
0586,2023,0.12620001
0586,2024,0.1301
0586,2025,0.13160001
0604,2006,0.062600002
0604,2007,0.067900002
0604,2008,0.076399997
0604,2009,0.073200002
0604,2010,0.0757
0604,2011,0.081699997
0604,2012,0.082599998
0604,2013,0.082500003
0604,2014,0.092399999
0604,2015,0.1045
0604,2016,0.1122
0604,2017,0.1229
0604,2018,0.12729999
0604,2019,0.13079999
0604,2020,0.13169999
0604,2021,0.1354
0604,2022,0.132
0604,2023,0.134
0604,2024,0.13060001
0604,2025,0.1344
0617,2006,0.1772
0617,2007,0.18430001
0617,2008,0.1921
0617,2009,0.192
0617,2010,0.1962
0617,2011,0.1979
0617,2012,0.2035
0617,2013,0.2128
0617,2014,0.22499999
0617,2015,0.2342
0617,2016,0.24349999
0617,2017,0.25099999
0617,2018,0.25560001
0617,2019,0.25819999
0617,2020,0.26019999
0617,2021,0.25889999
0617,2022,0.26089999
0617,2023,0.25920001
0617,2024,0.25760001
0617,2025,0.25670001
0642,2006,0.072099999
0642,2007,0.076099999
0642,2008,0.076800004
0642,2009,0.077799998
0642,2010,0.080499999
0642,2011,0.081600003
0642,2012,0.080600001
0642,2013,0.082000002
0642,2014,0.086900003
0642,2015,0.092100002
0642,2016,0.096900001
0642,2017,0.1075
0642,2018,0.1084
0642,2019,0.11
0642,2020,0.1151
0642,2021,0.1155
0642,2022,0.1188
0642,2023,0.1204
0642,2024,0.1221
0642,2025,0.1212
0643,2006,0.052900001
0643,2007,0.0557
0643,2008,0.058200002
0643,2009,0.061299998
0643,2010,0.059300002
0643,2011,0.059900001
0643,2012,0.061299998
0643,2013,0.062399998
0643,2014,0.064099997
0643,2015,0.064400002
0643,2016,0.069300003
0643,2017,0.075999998
0643,2018,0.081299998
0643,2019,0.0836
0643,2020,0.082099997
0643,2021,0.083800003
0643,2022,0.084200002
0643,2023,0.085000001
0643,2024,0.084299996
0643,2025,0.082199998
0662,2006,0.1576
0662,2007,0.1603
0662,2008,0.1646
0662,2009,0.16599999
0662,2010,0.16760001
0662,2011,0.1683
0662,2012,0.1718
0662,2013,0.17749999
0662,2014,0.1831
0662,2015,0.20190001
0662,2016,0.21780001
0662,2017,0.2273
0662,2018,0.23800001
0662,2019,0.24330001
0662,2020,0.2447
0662,2021,0.2476
0662,2022,0.25209999
0662,2023,0.25310001
0662,2024,0.25619999
0662,2025,0.25470001
0665,2006,0.122
0665,2007,0.1278
0665,2008,0.13259999
0665,2009,0.13259999
0665,2010,0.13060001
0665,2011,0.1331
0665,2012,0.1348
0665,2013,0.1371
0665,2014,0.1398
0665,2015,0.1453
0665,2016,0.1548
0665,2017,0.16060001
0665,2018,0.1647
0665,2019,0.1714
0665,2020,0.1763
0665,2021,0.17470001
0665,2022,0.1797
0665,2023,0.1816
0665,2024,0.1829
0665,2025,0.183
0680,2006,0.1196
0680,2007,0.1251
0680,2008,0.1309
0680,2009,0.13429999
0680,2010,0.13689999
0680,2011,0.1375
0680,2012,0.13940001
0680,2013,0.14399999
0680,2014,0.15009999
0680,2015,0.154
0680,2016,0.16159999
0680,2017,0.1693
0680,2018,0.1768
0680,2019,0.1841
0680,2020,0.1873
0680,2021,0.19159999
0680,2022,0.1974
0680,2023,0.1999
0680,2024,0.2041
0680,2025,0.2061
0682,2006,0.085100003
0682,2007,0.093599997
0682,2008,0.1005
0682,2009,0.1064
0682,2010,0.1095
0682,2011,0.1145
0682,2012,0.1198
0682,2013,0.13
0682,2014,0.14569999
0682,2015,0.1612
0682,2016,0.1724
0682,2017,0.1821
0682,2018,0.18979999
0682,2019,0.1926
0682,2020,0.1938
0682,2021,0.19750001
0682,2022,0.20100001
0682,2023,0.20209999
0682,2024,0.2018
0682,2025,0.2016
0683,2006,0.1463
0683,2007,0.15000001
0683,2008,0.15350001
0683,2009,0.1547
0683,2010,0.1573
0683,2011,0.1585
0683,2012,0.1621
0683,2013,0.16670001
0683,2014,0.17219999
0683,2015,0.1763
0683,2016,0.186
0683,2017,0.1921
0683,2018,0.19760001
0683,2019,0.2018
0683,2020,0.20290001
0683,2021,0.2054
0683,2022,0.2071
0683,2023,0.20810001
0683,2024,0.2095
0683,2025,0.2084
0684,2006,0.088399999
0684,2007,0.091899998
0684,2008,0.099600002
0684,2009,0.1045
0684,2010,0.1062
0684,2011,0.1112
0684,2012,0.1186
0684,2013,0.13240001
0684,2014,0.15369999
0684,2015,0.16339999
0684,2016,0.1763
0684,2017,0.1883
0684,2018,0.19419999
0684,2019,0.1953
0684,2020,0.1944
0684,2021,0.1974
0684,2022,0.20190001
0684,2023,0.19859999
0684,2024,0.19840001
0684,2025,0.1943
0685,2006,0.082900003
0685,2007,0.090400003
0685,2008,0.096000001
0685,2009,0.0977
0685,2010,0.1
0685,2011,0.1025
0685,2012,0.1048
0685,2013,0.112
0685,2014,0.1225
0685,2015,0.1314
0685,2016,0.14309999
0685,2017,0.1514
0685,2018,0.1558
0685,2019,0.1578
0685,2020,0.1605
0685,2021,0.1647
0685,2022,0.1683
0685,2023,0.169
0685,2024,0.1718
0685,2025,0.1707
0686,2006,0.069499999
0686,2007,0.072999999
0686,2008,0.0757
0686,2009,0.080399998
0686,2010,0.081
0686,2011,0.085299999
0686,2012,0.092200004
0686,2013,0.098099999
0686,2014,0.1041
0686,2015,0.1134
0686,2016,0.13259999
0686,2017,0.1495
0686,2018,0.1557
0686,2019,0.1567
0686,2020,0.15719999
0686,2021,0.1573
0686,2022,0.1591
0686,2023,0.15549999
0686,2024,0.15530001
0686,2025,0.1505
0687,2006,0.078699999
0687,2007,0.085100003
0687,2008,0.087200001
0687,2009,0.089900002
0687,2010,0.0955
0687,2011,0.096799999
0687,2012,0.0964
0687,2013,0.1036
0687,2014,0.1134
0687,2015,0.1224
0687,2016,0.13500001
0687,2017,0.1464
0687,2018,0.1569
0687,2019,0.162
0687,2020,0.1638
0687,2021,0.16240001
0687,2022,0.16339999
0687,2023,0.1639
0687,2024,0.16249999
0687,2025,0.16060001
0760,2006,0.1138
0760,2007,0.1235
0760,2008,0.12630001
0760,2009,0.1312
0760,2010,0.1372
0760,2011,0.1481
0760,2012,0.1644
0760,2013,0.17460001
0760,2014,0.1749
0760,2015,0.186
0760,2016,0.1992
0760,2017,0.21269999
0760,2018,0.22139999
0760,2019,0.22669999
0760,2020,0.2265
0760,2021,0.2299
0760,2022,0.2298
0760,2023,0.2253
0760,2024,0.22319999
0760,2025,0.21960001
0761,2006,0.114
0761,2007,0.1233
0761,2008,0.1321
0761,2009,0.13950001
0761,2010,0.1489
0761,2011,0.14839999
0761,2012,0.153
0761,2013,0.17550001
0761,2014,0.20990001
0761,2015,0.2413
0761,2016,0.25740001
0761,2017,0.26300001
0761,2018,0.2703
0761,2019,0.2649
0761,2020,0.25830001
0761,2021,0.25549999
0761,2022,0.2516
0761,2023,0.2455
0761,2024,0.2475
0761,2025,0.2414
0763,2006,0.078400001
0763,2007,0.087099999
0763,2008,0.092900001
0763,2009,0.099699996
0763,2010,0.101
0763,2011,0.1035
0763,2012,0.1059
0763,2013,0.1172
0763,2014,0.1295
0763,2015,0.14399999
0763,2016,0.15620001
0763,2017,0.1591
0763,2018,0.1619
0763,2019,0.1653
0763,2020,0.1683
0763,2021,0.1681
0763,2022,0.1751
0763,2023,0.1752
0763,2024,0.1767
0763,2025,0.1788
0764,2006,0.1003
0764,2007,0.1089
0764,2008,0.1141
0764,2009,0.1227
0764,2010,0.1287
0764,2011,0.1362
0764,2012,0.1463
0764,2013,0.15970001
0764,2014,0.1709
0764,2015,0.1794
0764,2016,0.1868
0764,2017,0.192
0764,2018,0.1982
0764,2019,0.2016
0764,2020,0.20209999
0764,2021,0.20209999
0764,2022,0.2036
0764,2023,0.2033
0764,2024,0.2033
0764,2025,0.2026
0765,2006,0.1066
0765,2007,0.1149
0765,2008,0.125
0765,2009,0.131
0765,2010,0.13860001
0765,2011,0.14489999
0765,2012,0.15180001
0765,2013,0.1568
0765,2014,0.1682
0765,2015,0.18449999
0765,2016,0.2061
0765,2017,0.234
0765,2018,0.25139999
0765,2019,0.25889999
0765,2020,0.26519999
0765,2021,0.2669
0765,2022,0.27520001
0765,2023,0.27090001
0765,2024,0.2665
0765,2025,0.2658
0767,2006,0.1388
0767,2007,0.148
0767,2008,0.1534
0767,2009,0.15719999
0767,2010,0.1604
0767,2011,0.162
0767,2012,0.16760001
0767,2013,0.175
0767,2014,0.18179999
0767,2015,0.2017
0767,2016,0.2218
0767,2017,0.2342
0767,2018,0.24150001
0767,2019,0.2456
0767,2020,0.2481
0767,2021,0.2481
0767,2022,0.24600001
0767,2023,0.2456
0767,2024,0.2414
0767,2025,0.2403
0780,2006,0.1186
0780,2007,0.12720001
0780,2008,0.1345
0780,2009,0.14229999
0780,2010,0.14749999
0780,2011,0.15009999
0780,2012,0.1514
0780,2013,0.1578
0780,2014,0.163
0780,2015,0.16680001
0780,2016,0.1741
0780,2017,0.1807
0780,2018,0.1866
0780,2019,0.1919
0780,2020,0.19329999
0780,2021,0.1974
0780,2022,0.2017
0780,2023,0.2016
0780,2024,0.2043
0780,2025,0.2062
0781,2006,0.1088
0781,2007,0.1166
0781,2008,0.1245
0781,2009,0.1276
0781,2010,0.13060001
0781,2011,0.1346
0781,2012,0.14229999
0781,2013,0.146
0781,2014,0.1538
0781,2015,0.1608
0781,2016,0.1725
0781,2017,0.183
0781,2018,0.18979999
0781,2019,0.1929
0781,2020,0.1934
0781,2021,0.19509999
0781,2022,0.2007
0781,2023,0.2015
0781,2024,0.2032
0781,2025,0.204
0821,2006,0.0995
0821,2007,0.105
0821,2008,0.1155
0821,2009,0.1267
0821,2010,0.1302
0821,2011,0.1373
0821,2012,0.138
0821,2013,0.1494
0821,2014,0.1714
0821,2015,0.19939999
0821,2016,0.23819999
0821,2017,0.24860001
0821,2018,0.25470001
0821,2019,0.24779999
0821,2020,0.23819999
0821,2021,0.23909999
0821,2022,0.2455
0821,2023,0.2483
0821,2024,0.2518
0821,2025,0.2471
0834,2006,0.060899999
0834,2007,0.062199999
0834,2008,0.067699999
0834,2009,0.074199997
0834,2010,0.076899998
0834,2011,0.075099997
0834,2012,0.076099999
0834,2013,0.081100002
0834,2014,0.087700002
0834,2015,0.098800004
0834,2016,0.1213
0834,2017,0.1177
0834,2018,0.1215
0834,2019,0.1195
0834,2020,0.1161
0834,2021,0.114
0834,2022,0.1167
0834,2023,0.1135
0834,2024,0.1105
0834,2025,0.1078
0840,2006,0.0407
0840,2007,0.043000001
0840,2008,0.044300001
0840,2009,0.048500001
0840,2010,0.049400002
0840,2011,0.050500002
0840,2012,0.052700002
0840,2013,0.0561
0840,2014,0.0603
0840,2015,0.064999998
0840,2016,0.083099999
0840,2017,0.081500001
0840,2018,0.084399998
0840,2019,0.084399998
0840,2020,0.084799998
0840,2021,0.0854
0840,2022,0.085100003
0840,2023,0.084299996
0840,2024,0.084700003
0840,2025,0.084399998
0860,2006,0.089599997
0860,2007,0.097800002
0860,2008,0.1059
0860,2009,0.1096
0860,2010,0.1128
0860,2011,0.1205
0860,2012,0.12710001
0860,2013,0.1401
0860,2014,0.15270001
0860,2015,0.1736
0860,2016,0.2166
0860,2017,0.2173
0860,2018,0.2131
0860,2019,0.21070001
0860,2020,0.2044
0860,2021,0.20630001
0860,2022,0.2147
0860,2023,0.2165
0860,2024,0.21259999
0860,2025,0.21340001
0861,2006,0.064900003
0861,2007,0.067100003
0861,2008,0.069899999
0861,2009,0.073799998
0861,2010,0.075900003
0861,2011,0.078900002
0861,2012,0.081900001
0861,2013,0.094499998
0861,2014,0.1061
0861,2015,0.1162
0861,2016,0.13519999
0861,2017,0.14219999
0861,2018,0.14740001
0861,2019,0.1486
0861,2020,0.1452
0861,2021,0.13869999
0861,2022,0.1392
0861,2023,0.1358
0861,2024,0.1355
0861,2025,0.13500001
0862,2006,0.1015
0862,2007,0.1046
0862,2008,0.1112
0862,2009,0.1135
0862,2010,0.1179
0862,2011,0.1201
0862,2012,0.1215
0862,2013,0.1275
0862,2014,0.13789999
0862,2015,0.146
0862,2016,0.1728
0862,2017,0.1841
0862,2018,0.19490001
0862,2019,0.20389999
0862,2020,0.2058
0862,2021,0.2077
0862,2022,0.21170001
0862,2023,0.205
0862,2024,0.2094
0862,2025,0.2059
0880,2006,0.084299996
0880,2007,0.0876
0880,2008,0.089199997
0880,2009,0.093599997
0880,2010,0.097400002
0880,2011,0.1003
0880,2012,0.1032
0880,2013,0.1065
0880,2014,0.1112
0880,2015,0.1183
0880,2016,0.1251
0880,2017,0.13169999
0880,2018,0.13850001
0880,2019,0.1443
0880,2020,0.14820001
0880,2021,0.1513
0880,2022,0.1557
0880,2023,0.15809999
0880,2024,0.15989999
0880,2025,0.16060001
0881,2006,0.085199997
0881,2007,0.089199997
0881,2008,0.092100002
0881,2009,0.099100001
0881,2010,0.1021
0881,2011,0.1067
0881,2012,0.108
0881,2013,0.1126
0881,2014,0.1323
0881,2015,0.14380001
0881,2016,0.17470001
0881,2017,0.17919999
0881,2018,0.1812
0881,2019,0.183
0881,2020,0.1831
0881,2021,0.1864
0881,2022,0.1903
0881,2023,0.19220001
0881,2024,0.1934
0881,2025,0.1926
0882,2006,0.081100002
0882,2007,0.084100001
0882,2008,0.0889
0882,2009,0.092600003
0882,2010,0.093099996
0882,2011,0.0964
0882,2012,0.1003
0882,2013,0.1056
0882,2014,0.1116
0882,2015,0.1184
0882,2016,0.1372
0882,2017,0.1356
0882,2018,0.1419
0882,2019,0.1445
0882,2020,0.1488
0882,2021,0.1524
0882,2022,0.15350001
0882,2023,0.15279999
0882,2024,0.1557
0882,2025,0.156
0883,2006,0.065399997
0883,2007,0.067299999
0883,2008,0.0691
0883,2009,0.071699999
0883,2010,0.074100003
0883,2011,0.075999998
0883,2012,0.0788
0883,2013,0.085299999
0883,2014,0.088799998
0883,2015,0.096000001
0883,2016,0.109
0883,2017,0.112
0883,2018,0.115
0883,2019,0.1153
0883,2020,0.1149
0883,2021,0.1158
0883,2022,0.1194
0883,2023,0.1194
0883,2024,0.1218
0883,2025,0.1235
0884,2006,0.060199998
0884,2007,0.065099999
0884,2008,0.0669
0884,2009,0.070699997
0884,2010,0.071599998
0884,2011,0.0744
0884,2012,0.0788
0884,2013,0.0823
0884,2014,0.087099999
0884,2015,0.097000003
0884,2016,0.1127
0884,2017,0.1221
0884,2018,0.1294
0884,2019,0.12970001
0884,2020,0.1288
0884,2021,0.12809999
0884,2022,0.12909999
0884,2023,0.131
0884,2024,0.1312
0884,2025,0.1309
0885,2006,0.048900001
0885,2007,0.052299999
0885,2008,0.054900002
0885,2009,0.0638
0885,2010,0.063299999
0885,2011,0.062700003
0885,2012,0.0766
0885,2013,0.068999998
0885,2014,0.079899997
0885,2015,0.086800002
0885,2016,0.111
0885,2017,0.1057
0885,2018,0.108
0885,2019,0.1078
0885,2020,0.1047
0885,2021,0.105
0885,2022,0.1029
0885,2023,0.1002
0885,2024,0.1
0885,2025,0.098899998
0980,2006,0.042599998
0980,2007,0.043699998
0980,2008,0.044300001
0980,2009,0.046
0980,2010,0.0471
0980,2011,0.048300002
0980,2012,0.049699999
0980,2013,0.051199999
0980,2014,0.052999999
0980,2015,0.0568
0980,2016,0.064400002
0980,2017,0.0691
0980,2018,0.075099997
0980,2019,0.0788
0980,2020,0.080399998
0980,2021,0.083300002
0980,2022,0.086099997
0980,2023,0.087399997
0980,2024,0.090400003
0980,2025,0.091700003
1060,2006,0.1737
1060,2007,0.17649999
1060,2008,0.1805
1060,2009,0.1833
1060,2010,0.1846
1060,2011,0.1858
1060,2012,0.19329999
1060,2013,0.1992
1060,2014,0.2119
1060,2015,0.2251
1060,2016,0.2422
1060,2017,0.24600001
1060,2018,0.2507
1060,2019,0.2509
1060,2020,0.2475
1060,2021,0.2447
1060,2022,0.2431
1060,2023,0.24529999
1060,2024,0.24860001
1060,2025,0.2483
1080,2006,0.076899998
1080,2007,0.0854
1080,2008,0.093000002
1080,2009,0.1007
1080,2010,0.1069
1080,2011,0.1084
1080,2012,0.1015
1080,2013,0.1041
1080,2014,0.1096
1080,2015,0.12
1080,2016,0.1284
1080,2017,0.13249999
1080,2018,0.13249999
1080,2019,0.1349
1080,2020,0.1337
1080,2021,0.13510001
1080,2022,0.13609999
1080,2023,0.1329
1080,2024,0.13249999
1080,2025,0.1321
1081,2006,0.084200002
1081,2007,0.090400003
1081,2008,0.095799997
1081,2009,0.1023
1081,2010,0.1065
1081,2011,0.1022
1081,2012,0.1044
1081,2013,0.1111
1081,2014,0.1235
1081,2015,0.14300001
1081,2016,0.1612
1081,2017,0.17299999
1081,2018,0.1793
1081,2019,0.18089999
1081,2020,0.17569999
1081,2021,0.1706
1081,2022,0.1732
1081,2023,0.17200001
1081,2024,0.1716
1081,2025,0.17219999
1082,2006,0.075499997
1082,2007,0.078100003
1082,2008,0.081299998
1082,2009,0.084200002
1082,2010,0.0889
1082,2011,0.092600003
1082,2012,0.0973
1082,2013,0.1045
1082,2014,0.1116
1082,2015,0.1189
1082,2016,0.1293
1082,2017,0.13510001
1082,2018,0.14
1082,2019,0.1446
1082,2020,0.146
1082,2021,0.1472
1082,2022,0.1476
1082,2023,0.146
1082,2024,0.1464
1082,2025,0.1476
1083,2006,0.086800002
1083,2007,0.092100002
1083,2008,0.094800003
1083,2009,0.097800002
1083,2010,0.099799998
1083,2011,0.099699996
1083,2012,0.1014
1083,2013,0.103
1083,2014,0.1109
1083,2015,0.1171
1083,2016,0.1266
1083,2017,0.12819999
1083,2018,0.12800001
1083,2019,0.12620001
1083,2020,0.1219
1083,2021,0.1207
1083,2022,0.1217
1083,2023,0.1214
1083,2024,0.1208
1083,2025,0.1197
1214,2006,0.1018
1214,2007,0.1059
1214,2008,0.1106
1214,2009,0.1137
1214,2010,0.1172
1214,2011,0.1201
1214,2012,0.125
1214,2013,0.1336
1214,2014,0.14300001
1214,2015,0.1534
1214,2016,0.1656
1214,2017,0.1696
1214,2018,0.17399999
1214,2019,0.18080001
1214,2020,0.1804
1214,2021,0.1794
1214,2022,0.18260001
1214,2023,0.184
1214,2024,0.18539999
1214,2025,0.185
1230,2006,0.090099998
1230,2007,0.094999999
1230,2008,0.0986
1230,2009,0.1041
1230,2010,0.1054
1230,2011,0.107
1230,2012,0.1079
1230,2013,0.1105
1230,2014,0.1142
1230,2015,0.1163
1230,2016,0.1222
1230,2017,0.1293
1230,2018,0.1332
1230,2019,0.1409
1230,2020,0.1451
1230,2021,0.1478
1230,2022,0.15449999
1230,2023,0.1573
1230,2024,0.1629
1230,2025,0.1645
1231,2006,0.2286
1231,2007,0.2421
1231,2008,0.25400001
1231,2009,0.26409999
1231,2010,0.26949999
1231,2011,0.26969999
1231,2012,0.27649999
1231,2013,0.27829999
1231,2014,0.28670001
1231,2015,0.29359999
1231,2016,0.3001
1231,2017,0.3127
1231,2018,0.32260001
1231,2019,0.32859999
1231,2020,0.32730001
1231,2021,0.33739999
1231,2022,0.3441
1231,2023,0.34959999
1231,2024,0.3522
1231,2025,0.3549
1233,2006,0.062899999
1233,2007,0.067000002
1233,2008,0.069899999
1233,2009,0.072099999
1233,2010,0.073100001
1233,2011,0.0748
1233,2012,0.076099999
1233,2013,0.077100001
1233,2014,0.078500003
1233,2015,0.081
1233,2016,0.085199997
1233,2017,0.090800002
1233,2018,0.094099998
1233,2019,0.092399999
1233,2020,0.092
1233,2021,0.093199998
1233,2022,0.094899997
1233,2023,0.094700001
1233,2024,0.097499996
1233,2025,0.099399999
1256,2006,0.075999998
1256,2007,0.076700002
1256,2008,0.076800004
1256,2009,0.078100003
1256,2010,0.0845
1256,2011,0.087200001
1256,2012,0.093999997
1256,2013,0.1088
1256,2014,0.12540001
1256,2015,0.1495
1256,2016,0.1745
1256,2017,0.1908
1256,2018,0.20020001
1256,2019,0.2008
1256,2020,0.1981
1256,2021,0.1953
1256,2022,0.18619999
1256,2023,0.1816
1256,2024,0.1725
1256,2025,0.1709
1257,2006,0.1106
1257,2007,0.1201
1257,2008,0.1217
1257,2009,0.12729999
1257,2010,0.1327
1257,2011,0.13510001
1257,2012,0.1376
1257,2013,0.1406
1257,2014,0.1461
1257,2015,0.1532
1257,2016,0.16580001
1257,2017,0.16949999
1257,2018,0.1806
1257,2019,0.18709999
1257,2020,0.1893
1257,2021,0.18780001
1257,2022,0.1895
1257,2023,0.18960001
1257,2024,0.1841
1257,2025,0.1848
1260,2006,0.15880001
1260,2007,0.1708
1260,2008,0.1813
1260,2009,0.1891
1260,2010,0.193
1260,2011,0.1946
1260,2012,0.19509999
1260,2013,0.1938
1260,2014,0.2015
1260,2015,0.2105
1260,2016,0.22409999
1260,2017,0.23909999
1260,2018,0.2472
1260,2019,0.2534
1260,2020,0.25600001
1260,2021,0.2622
1260,2022,0.26440001
1260,2023,0.26859999
1260,2024,0.26930001
1260,2025,0.2694
1261,2006,0.073200002
1261,2007,0.074000001
1261,2008,0.075400002
1261,2009,0.077600002
1261,2010,0.079999998
1261,2011,0.081200004
1261,2012,0.082999997
1261,2013,0.083099999
1261,2014,0.086900003
1261,2015,0.089900002
1261,2016,0.094700001
1261,2017,0.099799998
1261,2018,0.1049
1261,2019,0.1074
1261,2020,0.109
1261,2021,0.1106
1261,2022,0.1134
1261,2023,0.1169
1261,2024,0.1194
1261,2025,0.1199
1262,2006,0.0647
1262,2007,0.068099998
1262,2008,0.070600003
1262,2009,0.0722
1262,2010,0.074900001
1262,2011,0.075400002
1262,2012,0.077200003
1262,2013,0.078100003
1262,2014,0.079400003
1262,2015,0.080499999
1262,2016,0.085600004
1262,2017,0.091600001
1262,2018,0.098200001
1262,2019,0.102
1262,2020,0.1013
1262,2021,0.1013
1262,2022,0.1038
1262,2023,0.1037
1262,2024,0.1063
1262,2025,0.1054
1263,2006,0.073299997
1263,2007,0.0766
1263,2008,0.081100002
1263,2009,0.083800003
1263,2010,0.0854
1263,2011,0.085900001
1263,2012,0.087200001
1263,2013,0.088
1263,2014,0.088500001
1263,2015,0.091300003
1263,2016,0.099600002
1263,2017,0.1064
1263,2018,0.1119
1263,2019,0.1157
1263,2020,0.119
1263,2021,0.1216
1263,2022,0.1234
1263,2023,0.12549999
1263,2024,0.1286
1263,2025,0.1287
1264,2006,0.086499996
1264,2007,0.093400002
1264,2008,0.096299998
1264,2009,0.097800002
1264,2010,0.099600002
1264,2011,0.099600002
1264,2012,0.1009
1264,2013,0.1035
1264,2014,0.1069
1264,2015,0.1104
1264,2016,0.1207
1264,2017,0.1288
1264,2018,0.1323
1264,2019,0.1345
1264,2020,0.13519999
1264,2021,0.13789999
1264,2022,0.141
1264,2023,0.1441
1264,2024,0.14669999
1264,2025,0.148
1265,2006,0.068099998
1265,2007,0.073299997
1265,2008,0.076200001
1265,2009,0.080399998
1265,2010,0.083499998
1265,2011,0.085500002
1265,2012,0.0867
1265,2013,0.089900002
1265,2014,0.0942
1265,2015,0.095799997
1265,2016,0.099699996
1265,2017,0.1042
1265,2018,0.1065
1265,2019,0.1074
1265,2020,0.1093
1265,2021,0.1105
1265,2022,0.1133
1265,2023,0.1152
1265,2024,0.1161
1265,2025,0.1169
1266,2006,0.080300003
1266,2007,0.085900001
1266,2008,0.093400002
1266,2009,0.097400002
1266,2010,0.101
1266,2011,0.1023
1266,2012,0.1062
1266,2013,0.1075
1266,2014,0.1118
1266,2015,0.1147
1266,2016,0.1209
1266,2017,0.1283
1266,2018,0.1286
1266,2019,0.12720001
1266,2020,0.1236
1266,2021,0.1226
1266,2022,0.1243
1266,2023,0.12549999
1266,2024,0.12819999
1266,2025,0.12909999
1267,2006,0.092299998
1267,2007,0.095600002
1267,2008,0.0999
1267,2009,0.0999
1267,2010,0.1032
1267,2011,0.1047
1267,2012,0.1063
1267,2013,0.1051
1267,2014,0.106
1267,2015,0.107
1267,2016,0.1122
1267,2017,0.1173
1267,2018,0.1212
1267,2019,0.1213
1267,2020,0.1213
1267,2021,0.1193
1267,2022,0.1216
1267,2023,0.1197
1267,2024,0.1187
1267,2025,0.1227
1270,2006,0.070799999
1270,2007,0.074500002
1270,2008,0.080799997
1270,2009,0.084100001
1270,2010,0.086000003
1270,2011,0.087800004
1270,2012,0.092600003
1270,2013,0.094400004
1270,2014,0.097999997
1270,2015,0.1063
1270,2016,0.1158
1270,2017,0.1211
1270,2018,0.12729999
1270,2019,0.13150001
1270,2020,0.1283
1270,2021,0.1312
1270,2022,0.13259999
1270,2023,0.1366
1270,2024,0.13959999
1270,2025,0.1389
1272,2006,0.086999997
1272,2007,0.092900001
1272,2008,0.099399999
1272,2009,0.1005
1272,2010,0.1042
1272,2011,0.1117
1272,2012,0.1151
1272,2013,0.1198
1272,2014,0.12720001
1272,2015,0.1355
1272,2016,0.14390001
1272,2017,0.1522
1272,2018,0.1646
1272,2019,0.16689999
1272,2020,0.1696
1272,2021,0.17209999
1272,2022,0.17110001
1272,2023,0.16769999
1272,2024,0.1698
1272,2025,0.1708
1273,2006,0.089400001
1273,2007,0.097000003
1273,2008,0.1058
1273,2009,0.1081
1273,2010,0.1122
1273,2011,0.1195
1273,2012,0.1217
1273,2013,0.1237
1273,2014,0.1314
1273,2015,0.14040001
1273,2016,0.15549999
1273,2017,0.1656
1273,2018,0.17219999
1273,2019,0.1723
1273,2020,0.1719
1273,2021,0.1754
1273,2022,0.1781
1273,2023,0.1794
1273,2024,0.1797
1273,2025,0.1785
1275,2006,0.1487
1275,2007,0.1594
1275,2008,0.1652
1275,2009,0.1745
1275,2010,0.1874
1275,2011,0.18870001
1275,2012,0.1847
1275,2013,0.19230001
1275,2014,0.1992
1275,2015,0.2062
1275,2016,0.2304
1275,2017,0.23289999
1275,2018,0.25220001
1275,2019,0.25729999
1275,2020,0.26019999
1275,2021,0.2678
1275,2022,0.2626
1275,2023,0.26069999
1275,2024,0.2633
1275,2025,0.26280001
1276,2006,0.1066
1276,2007,0.1143
1276,2008,0.1235
1276,2009,0.13060001
1276,2010,0.134
1276,2011,0.13500001
1276,2012,0.1339
1276,2013,0.13609999
1276,2014,0.14210001
1276,2015,0.14929999
1276,2016,0.1645
1276,2017,0.17380001
1276,2018,0.1831
1276,2019,0.1874
1276,2020,0.1875
1276,2021,0.18799999
1276,2022,0.1945
1276,2023,0.1912
1276,2024,0.19159999
1276,2025,0.18960001
1277,2006,0.1603
1277,2007,0.17020001
1277,2008,0.1812
1277,2009,0.18430001
1277,2010,0.19220001
1277,2011,0.1925
1277,2012,0.1991
1277,2013,0.2044
1277,2014,0.2148
1277,2015,0.22679999
1277,2016,0.24349999
1277,2017,0.25549999
1277,2018,0.2563
1277,2019,0.2581
1277,2020,0.2647
1277,2021,0.2714
1277,2022,0.2798
1277,2023,0.2834
1277,2024,0.28369999
1277,2025,0.28209999
1278,2006,0.076099999
1278,2007,0.079999998
1278,2008,0.086400002
1278,2009,0.0902
1278,2010,0.0942
1278,2011,0.095700003
1278,2012,0.1009
1278,2013,0.1037
1278,2014,0.1099
1278,2015,0.1158
1278,2016,0.12620001
1278,2017,0.1338
1278,2018,0.1357
1278,2019,0.13609999
1278,2020,0.1366
1278,2021,0.1366
1278,2022,0.13869999
1278,2023,0.1354
1278,2024,0.1363
1278,2025,0.1373
1280,2006,0.27169999
1280,2007,0.28240001
1280,2008,0.29010001
1280,2009,0.2976
1280,2010,0.30199999
1280,2011,0.3044
1280,2012,0.30770001
1280,2013,0.31079999
1280,2014,0.3136
1280,2015,0.3163
1280,2016,0.3233
1280,2017,0.331
1280,2018,0.3382
1280,2019,0.34380001
1280,2020,0.34630001
1280,2021,0.35049999
1280,2022,0.35569999
1280,2023,0.35879999
1280,2024,0.3603
1280,2025,0.36109999
1281,2006,0.14749999
1281,2007,0.15369999
1281,2008,0.16230001
1281,2009,0.1696
1281,2010,0.17399999
1281,2011,0.1762
1281,2012,0.17919999
1281,2013,0.1829
1281,2014,0.1877
1281,2015,0.18780001
1281,2016,0.1954
1281,2017,0.2069
1281,2018,0.2166
1281,2019,0.2228
1281,2020,0.2252
1281,2021,0.23
1281,2022,0.2351
1281,2023,0.23720001
1281,2024,0.2394
1281,2025,0.2404
1282,2006,0.2201
1282,2007,0.2269
1282,2008,0.23720001
1282,2009,0.241
1282,2010,0.2418
1282,2011,0.24150001
1282,2012,0.2432
1282,2013,0.24860001
1282,2014,0.25470001
1282,2015,0.2599
1282,2016,0.26480001
1282,2017,0.2703
1282,2018,0.27129999
1282,2019,0.27219999
1282,2020,0.27079999
1282,2021,0.2705
1282,2022,0.27450001
1282,2023,0.27509999
1282,2024,0.2753
1282,2025,0.27340001
1283,2006,0.1727
1283,2007,0.18089999
1283,2008,0.1866
1283,2009,0.192
1283,2010,0.1954
1283,2011,0.1988
1283,2012,0.20460001
1283,2013,0.2084
1283,2014,0.2164
1283,2015,0.22589999
1283,2016,0.2357
1283,2017,0.2472
1283,2018,0.2563
1283,2019,0.26359999
1283,2020,0.26809999
1283,2021,0.2739
1283,2022,0.28060001
1283,2023,0.28369999
1283,2024,0.28639999
1283,2025,0.2881
1284,2006,0.088799998
1284,2007,0.092200004
1284,2008,0.096199997
1284,2009,0.099399999
1284,2010,0.1023
1284,2011,0.1054
1284,2012,0.1072
1284,2013,0.1081
1284,2014,0.1125
1284,2015,0.1176
1284,2016,0.1259
1284,2017,0.1303
1284,2018,0.13429999
1284,2019,0.13869999
1284,2020,0.1382
1284,2021,0.1407
1284,2022,0.1417
1284,2023,0.14139999
1284,2024,0.142
1284,2025,0.1426
1285,2006,0.1245
1285,2007,0.1304
1285,2008,0.1344
1285,2009,0.1365
1285,2010,0.1402
1285,2011,0.14380001
1285,2012,0.14480001
1285,2013,0.14569999
1285,2014,0.15180001
1285,2015,0.1566
1285,2016,0.1664
1285,2017,0.1767
1285,2018,0.1846
1285,2019,0.1908
1285,2020,0.1972
1285,2021,0.2049
1285,2022,0.2097
1285,2023,0.212
1285,2024,0.2158
1285,2025,0.2172
1286,2006,0.074500002
1286,2007,0.076499999
1286,2008,0.077399999
1286,2009,0.078599997
1286,2010,0.079499997
1286,2011,0.081100002
1286,2012,0.082800001
1286,2013,0.084200002
1286,2014,0.086400002
1286,2015,0.089299999
1286,2016,0.0995
1286,2017,0.1017
1286,2018,0.1064
1286,2019,0.1073
1286,2020,0.1086
1286,2021,0.1105
1286,2022,0.112
1286,2023,0.1124
1286,2024,0.1137
1286,2025,0.1125
1287,2006,0.1301
1287,2007,0.1339
1287,2008,0.1376
1287,2009,0.141
1287,2010,0.14210001
1287,2011,0.1445
1287,2012,0.1455
1287,2013,0.14830001
1287,2014,0.15279999
1287,2015,0.1565
1287,2016,0.1604
1287,2017,0.16779999
1287,2018,0.1717
1287,2019,0.1745
1287,2020,0.176
1287,2021,0.1785
1287,2022,0.18359999
1287,2023,0.1869
1287,2024,0.18719999
1287,2025,0.18709999
1290,2006,0.1083
1290,2007,0.1163
1290,2008,0.124
1290,2009,0.1314
1290,2010,0.1372
1290,2011,0.14120001
1290,2012,0.146
1290,2013,0.1522
1290,2014,0.15970001
1290,2015,0.1656
1290,2016,0.17200001
1290,2017,0.1795
1290,2018,0.1837
1290,2019,0.18970001
1290,2020,0.19400001
1290,2021,0.1964
1290,2022,0.19850001
1290,2023,0.19939999
1290,2024,0.20029999
1290,2025,0.1992
1291,2006,0.073200002
1291,2007,0.073299997
1291,2008,0.078000002
1291,2009,0.081900001
1291,2010,0.0845
1291,2011,0.084799998
1291,2012,0.088299997
1291,2013,0.0933
1291,2014,0.1018
1291,2015,0.1115
1291,2016,0.13079999
1291,2017,0.1311
1291,2018,0.13160001
1291,2019,0.13150001
1291,2020,0.1293
1291,2021,0.1293
1291,2022,0.1293
1291,2023,0.12809999
1291,2024,0.1304
1291,2025,0.1303
1292,2006,0.080300003
1292,2007,0.0832
1292,2008,0.086199999
1292,2009,0.089100003
1292,2010,0.092699997
1292,2011,0.095799997
1292,2012,0.098399997
1292,2013,0.1018
1292,2014,0.1052
1292,2015,0.1082
1292,2016,0.1134
1292,2017,0.1207
1292,2018,0.1241
1292,2019,0.1266
1292,2020,0.1274
1292,2021,0.13
1292,2022,0.13169999
1292,2023,0.13429999
1292,2024,0.1366
1292,2025,0.1354
1293,2006,0.096199997
1293,2007,0.1051
1293,2008,0.1103
1293,2009,0.1133
1293,2010,0.1169
1293,2011,0.1201
1293,2012,0.1229
1293,2013,0.12729999
1293,2014,0.1347
1293,2015,0.14120001
1293,2016,0.1532
1293,2017,0.15979999
1293,2018,0.1647
1293,2019,0.1673
1293,2020,0.1682
1293,2021,0.1706
1293,2022,0.1734
1293,2023,0.17460001
1293,2024,0.1763
1293,2025,0.1767
1315,2006,0.12970001
1315,2007,0.13160001
1315,2008,0.14300001
1315,2009,0.1517
1315,2010,0.15629999
1315,2011,0.16410001
1315,2012,0.1675
1315,2013,0.177
1315,2014,0.1981
1315,2015,0.2229
1315,2016,0.25080001
1315,2017,0.25979999
1315,2018,0.25850001
1315,2019,0.2581
1315,2020,0.2489
1315,2021,0.24529999
1315,2022,0.243
1315,2023,0.2423
1315,2024,0.23909999
1315,2025,0.2359
1380,2006,0.1304
1380,2007,0.1337
1380,2008,0.13699999
1380,2009,0.1401
1380,2010,0.1426
1380,2011,0.1437
1380,2012,0.1459
1380,2013,0.1494
1380,2014,0.1575
1380,2015,0.1648
1380,2016,0.1727
1380,2017,0.1785
1380,2018,0.1855
1380,2019,0.1912
1380,2020,0.19400001
1380,2021,0.19840001
1380,2022,0.20209999
1380,2023,0.20389999
1380,2024,0.2054
1380,2025,0.20559999
1381,2006,0.0788
1381,2007,0.083099999
1381,2008,0.087099999
1381,2009,0.090000004
1381,2010,0.094300002
1381,2011,0.095600002
1381,2012,0.096600004
1381,2013,0.098399997
1381,2014,0.1103
1381,2015,0.1234
1381,2016,0.1355
1381,2017,0.1455
1381,2018,0.14920001
1381,2019,0.15360001
1381,2020,0.1523
1381,2021,0.15099999
1381,2022,0.1532
1381,2023,0.15180001
1381,2024,0.1507
1381,2025,0.15019999
1382,2006,0.094999999
1382,2007,0.099299997
1382,2008,0.1025
1382,2009,0.1033
1382,2010,0.1062
1382,2011,0.1077
1382,2012,0.109
1382,2013,0.1157
1382,2014,0.1198
1382,2015,0.1266
1382,2016,0.13959999
1382,2017,0.1399
1382,2018,0.1436
1382,2019,0.14839999
1382,2020,0.1515
1382,2021,0.153
1382,2022,0.1524
1382,2023,0.1529
1382,2024,0.1541
1382,2025,0.1522
1383,2006,0.076099999
1383,2007,0.078199998
1383,2008,0.079499997
1383,2009,0.082900003
1383,2010,0.085000001
1383,2011,0.086099997
1383,2012,0.087800004
1383,2013,0.0911
1383,2014,0.092799999
1383,2015,0.095899999
1383,2016,0.1007
1383,2017,0.1045
1383,2018,0.108
1383,2019,0.112
1383,2020,0.1133
1383,2021,0.1152
1383,2022,0.1166
1383,2023,0.1172
1383,2024,0.1182
1383,2025,0.1176
1384,2006,0.059799999
1384,2007,0.059900001
1384,2008,0.060600001
1384,2009,0.062199999
1384,2010,0.063199997
1384,2011,0.064900003
1384,2012,0.066200003
1384,2013,0.068300001
1384,2014,0.069600001
1384,2015,0.072099999
1384,2016,0.075499997
1384,2017,0.082199998
1384,2018,0.087499999
1384,2019,0.090599999
1384,2020,0.091499999
1384,2021,0.092600003
1384,2022,0.095399998
1384,2023,0.095399998
1384,2024,0.096100003
1384,2025,0.096900001
1401,2006,0.095600002
1401,2007,0.097099997
1401,2008,0.098099999
1401,2009,0.096900001
1401,2010,0.097400002
1401,2011,0.0977
1401,2012,0.097900003
1401,2013,0.099200003
1401,2014,0.099399999
1401,2015,0.1012
1401,2016,0.1059
1401,2017,0.111
1401,2018,0.1176
1401,2019,0.1187
1401,2020,0.1209
1401,2021,0.1261
1401,2022,0.1312
1401,2023,0.1329
1401,2024,0.13510001
1401,2025,0.1344
1402,2006,0.13349999
1402,2007,0.1347
1402,2008,0.13699999
1402,2009,0.1402
1402,2010,0.1418
1402,2011,0.1416
1402,2012,0.1441
1402,2013,0.14740001
1402,2014,0.1503
1402,2015,0.156
1402,2016,0.1608
1402,2017,0.17030001
1402,2018,0.1798
1402,2019,0.1902
1402,2020,0.19580001
1402,2021,0.2016
1402,2022,0.2086
1402,2023,0.215
1402,2024,0.2168
1402,2025,0.21799999
1407,2006,0.040399998
1407,2007,0.0392
1407,2008,0.0425
1407,2009,0.042199999
1407,2010,0.043099999
1407,2011,0.043099999
1407,2012,0.043900002
1407,2013,0.046399999
1407,2014,0.047800001
1407,2015,0.049899999
1407,2016,0.0559
1407,2017,0.063000001
1407,2018,0.069799997
1407,2019,0.070799999
1407,2020,0.069300003
1407,2021,0.070799999
1407,2022,0.0691
1407,2023,0.067500003
1407,2024,0.065200001
1407,2025,0.067100003
1415,2006,0.080399998
1415,2007,0.082699999
1415,2008,0.083300002
1415,2009,0.084100001
1415,2010,0.085500002
1415,2011,0.087899998
1415,2012,0.087399997
1415,2013,0.089599997
1415,2014,0.0911
1415,2015,0.095100001
1415,2016,0.1004
1415,2017,0.1071
1415,2018,0.111
1415,2019,0.1142
1415,2020,0.115
1415,2021,0.1163
1415,2022,0.1176
1415,2023,0.1165
1415,2024,0.1202
1415,2025,0.1186
1419,2006,0.057799999
1419,2007,0.057500001
1419,2008,0.058899999
1419,2009,0.0616
1419,2010,0.060199998
1419,2011,0.062199999
1419,2012,0.066100001
1419,2013,0.069499999
1419,2014,0.071199998
1419,2015,0.072700001
1419,2016,0.077799998
1419,2017,0.082199998
1419,2018,0.086499996
1419,2019,0.089500003
1419,2020,0.091200002
1419,2021,0.092699997
1419,2022,0.093900003
1419,2023,0.092100002
1419,2024,0.091799997
1419,2025,0.092100002
1421,2006,0.051800001
1421,2007,0.054499999
1421,2008,0.056000002
1421,2009,0.059700001
1421,2010,0.059099998
1421,2011,0.0614
1421,2012,0.063000001
1421,2013,0.064999998
1421,2014,0.068000004
1421,2015,0.071400002
1421,2016,0.078500003
1421,2017,0.082999997
1421,2018,0.083999999
1421,2019,0.086599998
1421,2020,0.088799998
1421,2021,0.089699998
1421,2022,0.092299998
1421,2023,0.094599999
1421,2024,0.095200002
1421,2025,0.0973
1427,2006,0.064300001
1427,2007,0.0678
1427,2008,0.068599999
1427,2009,0.072999999
1427,2010,0.074100003
1427,2011,0.076300003
1427,2012,0.0792
1427,2013,0.080499999
1427,2014,0.081100002
1427,2015,0.082599998
1427,2016,0.093000002
1427,2017,0.096299998
1427,2018,0.1012
1427,2019,0.1052
1427,2020,0.1028
1427,2021,0.1029
1427,2022,0.1063
1427,2023,0.1089
1427,2024,0.1125
1427,2025,0.1103
1430,2006,0.069200002
1430,2007,0.0713
1430,2008,0.073399998
1430,2009,0.076499999
1430,2010,0.075999998
1430,2011,0.081600003
1430,2012,0.081100002
1430,2013,0.084299996
1430,2014,0.092299998
1430,2015,0.095799997
1430,2016,0.1124
1430,2017,0.1159
1430,2018,0.1203
1430,2019,0.1191
1430,2020,0.12530001
1430,2021,0.1222
1430,2022,0.1214
1430,2023,0.1218
1430,2024,0.1163
1430,2025,0.116
1435,2006,0.083700001
1435,2007,0.084600002
1435,2008,0.086999997
1435,2009,0.090599999
1435,2010,0.094599999
1435,2011,0.096900001
1435,2012,0.098499998
1435,2013,0.1005
1435,2014,0.1014
1435,2015,0.1055
1435,2016,0.1139
1435,2017,0.1224
1435,2018,0.1269
1435,2019,0.1269
1435,2020,0.1241
1435,2021,0.1229
1435,2022,0.1237
1435,2023,0.1235
1435,2024,0.1234
1435,2025,0.1213
1438,2006,0.12899999
1438,2007,0.1301
1438,2008,0.1331
1438,2009,0.12800001
1438,2010,0.1288
1438,2011,0.1313
1438,2012,0.1304
1438,2013,0.14669999
1438,2014,0.1471
1438,2015,0.1534
1438,2016,0.1591
1438,2017,0.1602
1438,2018,0.1627
1438,2019,0.1567
1438,2020,0.1495
1438,2021,0.15260001
1438,2022,0.1445
1438,2023,0.1463
1438,2024,0.14920001
1438,2025,0.1525
1439,2006,0.060899999
1439,2007,0.067500003
1439,2008,0.073600002
1439,2009,0.078299999
1439,2010,0.0854
1439,2011,0.088100001
1439,2012,0.088
1439,2013,0.0902
1439,2014,0.092
1439,2015,0.1022
1439,2016,0.1184
1439,2017,0.1196
1439,2018,0.121
1439,2019,0.1216
1439,2020,0.12
1439,2021,0.1174
1439,2022,0.1153
1439,2023,0.1127
1439,2024,0.1098
1439,2025,0.1064
1440,2006,0.1207
1440,2007,0.1241
1440,2008,0.12639999
1440,2009,0.12890001
1440,2010,0.1285
1440,2011,0.13079999
1440,2012,0.13249999
1440,2013,0.1336
1440,2014,0.1381
1440,2015,0.14049999
1440,2016,0.1481
1440,2017,0.156
1440,2018,0.1631
1440,2019,0.1698
1440,2020,0.1732
1440,2021,0.176
1440,2022,0.18269999
1440,2023,0.1851
1440,2024,0.18709999
1440,2025,0.18880001
1441,2006,0.083300002
1441,2007,0.0845
1441,2008,0.085000001
1441,2009,0.085500002
1441,2010,0.085500002
1441,2011,0.086099997
1441,2012,0.087200001
1441,2013,0.087399997
1441,2014,0.088299997
1441,2015,0.090400003
1441,2016,0.094599999
1441,2017,0.1024
1441,2018,0.1059
1441,2019,0.1096
1441,2020,0.1093
1441,2021,0.1119
1441,2022,0.1122
1441,2023,0.1128
1441,2024,0.1128
1441,2025,0.1124
1442,2006,0.079700001
1442,2007,0.084299996
1442,2008,0.085900001
1442,2009,0.087800004
1442,2010,0.086499996
1442,2011,0.087899998
1442,2012,0.0902
1442,2013,0.094300002
1442,2014,0.097099997
1442,2015,0.1035
1442,2016,0.1114
1442,2017,0.1182
1442,2018,0.1244
1442,2019,0.1296
1442,2020,0.13510001
1442,2021,0.14049999
1442,2022,0.14
1442,2023,0.1408
1442,2024,0.1441
1442,2025,0.1427
1443,2006,0.068400003
1443,2007,0.066799998
1443,2008,0.071099997
1443,2009,0.072700001
1443,2010,0.075300001
1443,2011,0.076800004
1443,2012,0.077699997
1443,2013,0.0814
1443,2014,0.082500003
1443,2015,0.086999997
1443,2016,0.092600003
1443,2017,0.098999999
1443,2018,0.104
1443,2019,0.1075
1443,2020,0.1055
1443,2021,0.1063
1443,2022,0.1077
1443,2023,0.1044
1443,2024,0.11
1443,2025,0.1086
1444,2006,0.049800001
1444,2007,0.052499998
1444,2008,0.053800002
1444,2009,0.059099998
1444,2010,0.057300001
1444,2011,0.058499999
1444,2012,0.062399998
1444,2013,0.063100003
1444,2014,0.0625
1444,2015,0.066100001
1444,2016,0.0722
1444,2017,0.073100001
1444,2018,0.074900001
1444,2019,0.077299997
1444,2020,0.075800002
1444,2021,0.078000002
1444,2022,0.076200001
1444,2023,0.0757
1444,2024,0.078299999
1444,2025,0.078400001
1445,2006,0.052700002
1445,2007,0.052299999
1445,2008,0.056499999
1445,2009,0.063000001
1445,2010,0.064499997
1445,2011,0.065399997
1445,2012,0.07
1445,2013,0.072400004
1445,2014,0.075300001
1445,2015,0.078199998
1445,2016,0.082999997
1445,2017,0.082900003
1445,2018,0.091200002
1445,2019,0.097199999
1445,2020,0.097499996
1445,2021,0.0973
1445,2022,0.0973
1445,2023,0.093000002
1445,2024,0.093199998
1445,2025,0.092900001
1446,2006,0.038800001
1446,2007,0.045000002
1446,2008,0.046500001
1446,2009,0.0504
1446,2010,0.0517
1446,2011,0.0504
1446,2012,0.053599998
1446,2013,0.063600004
1446,2014,0.066799998
1446,2015,0.071900003
1446,2016,0.092
1446,2017,0.097099997
1446,2018,0.097000003
1446,2019,0.092100002
1446,2020,0.091200002
1446,2021,0.089699998
1446,2022,0.092299998
1446,2023,0.091899998
1446,2024,0.089699998
1446,2025,0.090999998
1447,2006,0.088699996
1447,2007,0.0942
1447,2008,0.1044
1447,2009,0.1074
1447,2010,0.1155
1447,2011,0.1202
1447,2012,0.1302
1447,2013,0.1348
1447,2014,0.1498
1447,2015,0.153
1447,2016,0.17299999
1447,2017,0.1697
1447,2018,0.1763
1447,2019,0.17470001
1447,2020,0.1726
1447,2021,0.1741
1447,2022,0.171
1447,2023,0.1696
1447,2024,0.17030001
1447,2025,0.1714
1452,2006,0.1078
1452,2007,0.1126
1452,2008,0.1145
1452,2009,0.1162
1452,2010,0.1184
1452,2011,0.1245
1452,2012,0.12729999
1452,2013,0.131
1452,2014,0.1393
1452,2015,0.1418
1452,2016,0.15350001
1452,2017,0.15889999
1452,2018,0.1657
1452,2019,0.16859999
1452,2020,0.1688
1452,2021,0.16949999
1452,2022,0.1737
1452,2023,0.1749
1452,2024,0.1794
1452,2025,0.18009999
1460,2006,0.097099997
1460,2007,0.1034
1460,2008,0.1084
1460,2009,0.1156
1460,2010,0.1197
1460,2011,0.12620001
1460,2012,0.1286
1460,2013,0.1381
1460,2014,0.1452
1460,2015,0.1593
1460,2016,0.1883
1460,2017,0.19760001
1460,2018,0.2008
1460,2019,0.2014
1460,2020,0.1939
1460,2021,0.19140001
1460,2022,0.19
1460,2023,0.1875
1460,2024,0.191
1460,2025,0.1874
1461,2006,0.1017
1461,2007,0.1069
1461,2008,0.1074
1461,2009,0.1072
1461,2010,0.1121
1461,2011,0.111
1461,2012,0.1143
1461,2013,0.1171
1461,2014,0.12899999
1461,2015,0.15899999
1461,2016,0.1769
1461,2017,0.1781
1461,2018,0.1812
1461,2019,0.1849
1461,2020,0.1821
1461,2021,0.183
1461,2022,0.1859
1461,2023,0.1839
1461,2024,0.1778
1461,2025,0.1737
1462,2006,0.1242
1462,2007,0.1257
1462,2008,0.1279
1462,2009,0.12800001
1462,2010,0.1265
1462,2011,0.1257
1462,2012,0.1283
1462,2013,0.1336
1462,2014,0.1376
1462,2015,0.14219999
1462,2016,0.15260001
1462,2017,0.16069999
1462,2018,0.1652
1462,2019,0.1689
1462,2020,0.17399999
1462,2021,0.1813
1462,2022,0.1802
1462,2023,0.1842
1462,2024,0.18709999
1462,2025,0.1882
1463,2006,0.088100001
1463,2007,0.090300001
1463,2008,0.093099996
1463,2009,0.093999997
1463,2010,0.097900003
1463,2011,0.1006
1463,2012,0.1029
1463,2013,0.105
1463,2014,0.1084
1463,2015,0.1113
1463,2016,0.1184
1463,2017,0.1239
1463,2018,0.1294
1463,2019,0.1321
1463,2020,0.1347
1463,2021,0.13500001
1463,2022,0.13689999
1463,2023,0.1374
1463,2024,0.1374
1463,2025,0.1362
1465,2006,0.0911
1465,2007,0.099200003
1465,2008,0.1038
1465,2009,0.105
1465,2010,0.1106
1465,2011,0.1138
1465,2012,0.1145
1465,2013,0.1213
1465,2014,0.12819999
1465,2015,0.13789999
1465,2016,0.1505
1465,2017,0.1499
1465,2018,0.1558
1465,2019,0.15449999
1465,2020,0.1584
1465,2021,0.1582
1465,2022,0.1573
1465,2023,0.1592
1465,2024,0.1587
1465,2025,0.1594
1466,2006,0.077
1466,2007,0.080499999
1466,2008,0.085199997
1466,2009,0.0902
1466,2010,0.092299998
1466,2011,0.096199997
1466,2012,0.097900003
1466,2013,0.1005
1466,2014,0.1047
1466,2015,0.1071
1466,2016,0.1141
1466,2017,0.1176
1466,2018,0.12
1466,2019,0.1221
1466,2020,0.1196
1466,2021,0.1221
1466,2022,0.1239
1466,2023,0.124
1466,2024,0.1279
1466,2025,0.1283
1470,2006,0.057100002
1470,2007,0.060899999
1470,2008,0.0638
1470,2009,0.064800002
1470,2010,0.069300003
1470,2011,0.0722
1470,2012,0.073600002
1470,2013,0.075900003
1470,2014,0.0801
1470,2015,0.0858
1470,2016,0.0933
1470,2017,0.099600002
1470,2018,0.104
1470,2019,0.1093
1470,2020,0.1155
1470,2021,0.117
1470,2022,0.1205
1470,2023,0.1195
1470,2024,0.1218
1470,2025,0.1238
1471,2006,0.071199998
1471,2007,0.075199999
1471,2008,0.078699999
1471,2009,0.082400002
1471,2010,0.0823
1471,2011,0.084299996
1471,2012,0.0858
1471,2013,0.088
1471,2014,0.094499998
1471,2015,0.099100001
1471,2016,0.1106
1471,2017,0.1109
1471,2018,0.1138
1471,2019,0.1147
1471,2020,0.1143
1471,2021,0.1167
1471,2022,0.1179
1471,2023,0.1183
1471,2024,0.1227
1471,2025,0.1244
1472,2006,0.087800004
1472,2007,0.090499997
1472,2008,0.096299998
1472,2009,0.098499998
1472,2010,0.099600002
1472,2011,0.1028
1472,2012,0.1058
1472,2013,0.1114
1472,2014,0.1258
1472,2015,0.1398
1472,2016,0.15009999
1472,2017,0.15530001
1472,2018,0.1601
1472,2019,0.1647
1472,2020,0.16339999
1472,2021,0.1626
1472,2022,0.1618
1472,2023,0.1596
1472,2024,0.1596
1472,2025,0.1603
1473,2006,0.069799997
1473,2007,0.075300001
1473,2008,0.073399998
1473,2009,0.074699998
1473,2010,0.0744
1473,2011,0.077799998
1473,2012,0.085100003
1473,2013,0.089900002
1473,2014,0.1038
1473,2015,0.1205
1473,2016,0.138
1473,2017,0.14210001
1473,2018,0.14129999
1473,2019,0.1476
1473,2020,0.14659999
1473,2021,0.1416
1473,2022,0.14120001
1473,2023,0.14120001
1473,2024,0.14030001
1473,2025,0.1435
1480,2006,0.2043
1480,2007,0.2085
1480,2008,0.2139
1480,2009,0.2193
1480,2010,0.2237
1480,2011,0.2278
1480,2012,0.2305
1480,2013,0.23450001
1480,2014,0.2401
1480,2015,0.2446
1480,2016,0.2516
1480,2017,0.2604
1480,2018,0.2687
1480,2019,0.27500001
1480,2020,0.27790001
1480,2021,0.28259999
1480,2022,0.29139999
1480,2023,0.29570001
1480,2024,0.2976
1480,2025,0.29809999
1481,2006,0.1243
1481,2007,0.127
1481,2008,0.1284
1481,2009,0.13060001
1481,2010,0.133
1481,2011,0.1363
1481,2012,0.1389
1481,2013,0.1415
1481,2014,0.1472
1481,2015,0.15090001
1481,2016,0.1583
1481,2017,0.16769999
1481,2018,0.17659999
1481,2019,0.1812
1481,2020,0.18430001
1481,2021,0.18790001
1481,2022,0.19230001
1481,2023,0.1955
1481,2024,0.1989
1481,2025,0.2016
1482,2006,0.075300001
1482,2007,0.076800004
1482,2008,0.078400001
1482,2009,0.078500003
1482,2010,0.078000002
1482,2011,0.078299999
1482,2012,0.079300001
1482,2013,0.080799997
1482,2014,0.083099999
1482,2015,0.0836
1482,2016,0.0867
1482,2017,0.093099996
1482,2018,0.1005
1482,2019,0.1059
1482,2020,0.1084
1482,2021,0.1111
1482,2022,0.1131
1482,2023,0.1134
1482,2024,0.1142
1482,2025,0.1134
1484,2006,0.082199998
1484,2007,0.084600002
1484,2008,0.090300001
1484,2009,0.093400002
1484,2010,0.096100003
1484,2011,0.096299998
1484,2012,0.1005
1484,2013,0.1065
1484,2014,0.111
1484,2015,0.1216
1484,2016,0.1319
1484,2017,0.13860001
1484,2018,0.14219999
1484,2019,0.1432
1484,2020,0.141
1484,2021,0.1373
1484,2022,0.1409
1484,2023,0.13869999
1484,2024,0.1417
1484,2025,0.1424
1485,2006,0.1063
1485,2007,0.1092
1485,2008,0.1123
1485,2009,0.1149
1485,2010,0.1167
1485,2011,0.1181
1485,2012,0.1224
1485,2013,0.1278
1485,2014,0.13429999
1485,2015,0.14139999
1485,2016,0.15350001
1485,2017,0.1602
1485,2018,0.16590001
1485,2019,0.1714
1485,2020,0.17460001
1485,2021,0.1767
1485,2022,0.17739999
1485,2023,0.1761
1485,2024,0.1759
1485,2025,0.1767
1486,2006,0.1864
1486,2007,0.1902
1486,2008,0.19400001
1486,2009,0.1965
1486,2010,0.20280001
1486,2011,0.21160001
1486,2012,0.2192
1486,2013,0.228
1486,2014,0.23819999
1486,2015,0.2457
1486,2016,0.2563
1486,2017,0.2613
1486,2018,0.26809999
1486,2019,0.27250001
1486,2020,0.27610001
1486,2021,0.27289999
1486,2022,0.27810001
1486,2023,0.28369999
1486,2024,0.28470001
1486,2025,0.28650001
1487,2006,0.078400001
1487,2007,0.081699997
1487,2008,0.085000001
1487,2009,0.086599998
1487,2010,0.090099998
1487,2011,0.092600003
1487,2012,0.097099997
1487,2013,0.1058
1487,2014,0.1187
1487,2015,0.1311
1487,2016,0.1454
1487,2017,0.1487
1487,2018,0.15279999
1487,2019,0.1573
1487,2020,0.156
1487,2021,0.1567
1487,2022,0.15809999
1487,2023,0.1556
1487,2024,0.1557
1487,2025,0.15790001
1488,2006,0.14489999
1488,2007,0.1513
1488,2008,0.15809999
1488,2009,0.162
1488,2010,0.1683
1488,2011,0.17039999
1488,2012,0.17399999
1488,2013,0.1833
1488,2014,0.1894
1488,2015,0.19410001
1488,2016,0.2007
1488,2017,0.20649999
1488,2018,0.212
1488,2019,0.2176
1488,2020,0.2209
1488,2021,0.2226
1488,2022,0.2265
1488,2023,0.2278
1488,2024,0.2308
1488,2025,0.23190001
1489,2006,0.082999997
1489,2007,0.086199999
1489,2008,0.088
1489,2009,0.0898
1489,2010,0.0911
1489,2011,0.0933
1489,2012,0.096799999
1489,2013,0.099100001
1489,2014,0.1027
1489,2015,0.106
1489,2016,0.1102
1489,2017,0.1141
1489,2018,0.118
1489,2019,0.1199
1489,2020,0.1208
1489,2021,0.1203
1489,2022,0.1222
1489,2023,0.123
1489,2024,0.1246
1489,2025,0.1251
1490,2006,0.16680001
1490,2007,0.1705
1490,2008,0.1732
1490,2009,0.1777
1490,2010,0.1822
1490,2011,0.18440001
1490,2012,0.1875
1490,2013,0.19239999
1490,2014,0.1971
1490,2015,0.2045
1490,2016,0.2119
1490,2017,0.2192
1490,2018,0.226
1490,2019,0.2326
1490,2020,0.23649999
1490,2021,0.24089999
1490,2022,0.2457
1490,2023,0.2456
1490,2024,0.2471
1490,2025,0.24789999
1491,2006,0.077
1491,2007,0.079499997
1491,2008,0.0867
1491,2009,0.090700001
1491,2010,0.093699999
1491,2011,0.096500002
1491,2012,0.1007
1491,2013,0.1039
1491,2014,0.107
1491,2015,0.1127
1491,2016,0.1206
1491,2017,0.1287
1491,2018,0.1311
1491,2019,0.13519999
1491,2020,0.1349
1491,2021,0.1356
1491,2022,0.13699999
1491,2023,0.13869999
1491,2024,0.13860001
1491,2025,0.139
1492,2006,0.088200003
1492,2007,0.088
1492,2008,0.092500001
1492,2009,0.089100003
1492,2010,0.091799997
1492,2011,0.095100001
1492,2012,0.099699996
1492,2013,0.1096
1492,2014,0.1241
1492,2015,0.14569999
1492,2016,0.1612
1492,2017,0.1666
1492,2018,0.1716
1492,2019,0.16850001
1492,2020,0.1656
1492,2021,0.15979999
1492,2022,0.15629999
1492,2023,0.15279999
1492,2024,0.1564
1492,2025,0.15260001
1493,2006,0.086999997
1493,2007,0.087399997
1493,2008,0.0902
1493,2009,0.090999998
1493,2010,0.092799999
1493,2011,0.091499999
1493,2012,0.094899997
1493,2013,0.1012
1493,2014,0.1015
1493,2015,0.1033
1493,2016,0.1095
1493,2017,0.1128
1493,2018,0.1154
1493,2019,0.1185
1493,2020,0.1177
1493,2021,0.1207
1493,2022,0.1245
1493,2023,0.1236
1493,2024,0.1217
1493,2025,0.1211
1494,2006,0.070100002
1494,2007,0.0713
1494,2008,0.074100003
1494,2009,0.075400002
1494,2010,0.077299997
1494,2011,0.0792
1494,2012,0.080899999
1494,2013,0.083400004
1494,2014,0.086499996
1494,2015,0.089000002
1494,2016,0.0942
1494,2017,0.0999
1494,2018,0.1039
1494,2019,0.1068
1494,2020,0.1092
1494,2021,0.1105
1494,2022,0.1121
1494,2023,0.113
1494,2024,0.1149
1494,2025,0.1144
1495,2006,0.078699999
1495,2007,0.081200004
1495,2008,0.086800002
1495,2009,0.089599997
1495,2010,0.092399999
1495,2011,0.095600002
1495,2012,0.1002
1495,2013,0.1159
1495,2014,0.1246
1495,2015,0.13240001
1495,2016,0.14839999
1495,2017,0.15000001
1495,2018,0.1565
1495,2019,0.16429999
1495,2020,0.1655
1495,2021,0.1653
1495,2022,0.168
1495,2023,0.16680001
1495,2024,0.1699
1495,2025,0.1732
1496,2006,0.1073
1496,2007,0.1089
1496,2008,0.1126
1496,2009,0.1167
1496,2010,0.1191
1496,2011,0.1204
1496,2012,0.1219
1496,2013,0.1267
1496,2014,0.1314
1496,2015,0.13600001
1496,2016,0.14219999
1496,2017,0.1481
1496,2018,0.15279999
1496,2019,0.1567
1496,2020,0.1592
1496,2021,0.16240001
1496,2022,0.1653
1496,2023,0.16760001
1496,2024,0.169
1496,2025,0.17030001
1497,2006,0.050900001
1497,2007,0.052700002
1497,2008,0.054900002
1497,2009,0.059
1497,2010,0.0592
1497,2011,0.0605
1497,2012,0.064199999
1497,2013,0.065399997
1497,2014,0.068099998
1497,2015,0.077399999
1497,2016,0.080799997
1497,2017,0.082900003
1497,2018,0.085199997
1497,2019,0.087700002
1497,2020,0.087099999
1497,2021,0.087700002
1497,2022,0.087899998
1497,2023,0.089299999
1497,2024,0.0898
1497,2025,0.090499997
1498,2006,0.0678
1498,2007,0.072099999
1498,2008,0.073899999
1498,2009,0.073899999
1498,2010,0.074100003
1498,2011,0.077299997
1498,2012,0.080899999
1498,2013,0.082800001
1498,2014,0.0942
1498,2015,0.0995
1498,2016,0.106
1498,2017,0.1088
1498,2018,0.1119
1498,2019,0.1137
1498,2020,0.1115
1498,2021,0.1113
1498,2022,0.112
1498,2023,0.1115
1498,2024,0.1103
1498,2025,0.1052
1499,2006,0.073600002
1499,2007,0.076899998
1499,2008,0.0814
1499,2009,0.086599998
1499,2010,0.091499999
1499,2011,0.095899999
1499,2012,0.098499998
1499,2013,0.1091
1499,2014,0.1171
1499,2015,0.12549999
1499,2016,0.13429999
1499,2017,0.14030001
1499,2018,0.145
1499,2019,0.15109999
1499,2020,0.15099999
1499,2021,0.1525
1499,2022,0.15260001
1499,2023,0.1522
1499,2024,0.15000001
1499,2025,0.1525
1715,2006,0.0581
1715,2007,0.0583
1715,2008,0.058200002
1715,2009,0.058699999
1715,2010,0.0603
1715,2011,0.061700001
1715,2012,0.064000003
1715,2013,0.064599998
1715,2014,0.0678
1715,2015,0.068099998
1715,2016,0.069600001
1715,2017,0.0722
1715,2018,0.0757
1715,2019,0.079899997
1715,2020,0.079700001
1715,2021,0.080399998
1715,2022,0.080499999
1715,2023,0.081699997
1715,2024,0.081600003
1715,2025,0.081299998
1730,2006,0.21690001
1730,2007,0.2211
1730,2008,0.23019999
1730,2009,0.2339
1730,2010,0.2369
1730,2011,0.2394
1730,2012,0.2431
1730,2013,0.24429999
1730,2014,0.2499
1730,2015,0.25479999
1730,2016,0.2617
1730,2017,0.27250001
1730,2018,0.2791
1730,2019,0.2818
1730,2020,0.2832
1730,2021,0.2775
1730,2022,0.28040001
1730,2023,0.2814
1730,2024,0.27669999
1730,2025,0.2773
1737,2006,0.0757
1737,2007,0.080200002
1737,2008,0.085900001
1737,2009,0.089500003
1737,2010,0.093400002
1737,2011,0.096199997
1737,2012,0.098499998
1737,2013,0.1025
1737,2014,0.1122
1737,2015,0.1177
1737,2016,0.1425
1737,2017,0.13079999
1737,2018,0.12819999
1737,2019,0.1328
1737,2020,0.1346
1737,2021,0.1373
1737,2022,0.1393
1737,2023,0.1435
1737,2024,0.1478
1737,2025,0.1504
1760,2006,0.1265
1760,2007,0.13160001
1760,2008,0.1372
1760,2009,0.14309999
1760,2010,0.1479
1760,2011,0.1494
1760,2012,0.14839999
1760,2013,0.16320001
1760,2014,0.1807
1760,2015,0.17309999
1760,2016,0.1856
1760,2017,0.18700001
1760,2018,0.1776
1760,2019,0.1584
1760,2020,0.15440001
1760,2021,0.1477
1760,2022,0.14579999
1760,2023,0.1463
1760,2024,0.1481
1760,2025,0.1512
1761,2006,0.055799998
1761,2007,0.057399999
1761,2008,0.059300002
1761,2009,0.0592
1761,2010,0.059500001
1761,2011,0.0601
1761,2012,0.0612
1761,2013,0.061999999
1761,2014,0.0612
1761,2015,0.062399998
1761,2016,0.063900001
1761,2017,0.073100001
1761,2018,0.075900003
1761,2019,0.074199997
1761,2020,0.073399998
1761,2021,0.073799998
1761,2022,0.075099997
1761,2023,0.0748
1761,2024,0.076700002
1761,2025,0.076300003
1762,2006,0.0612
1762,2007,0.0647
1762,2008,0.0682
1762,2009,0.071699999
1762,2010,0.074000001
1762,2011,0.073700003
1762,2012,0.082599998
1762,2013,0.088100001
1762,2014,0.096000001
1762,2015,0.1079
1762,2016,0.1392
1762,2017,0.14380001
1762,2018,0.1517
1762,2019,0.14740001
1762,2020,0.14749999
1762,2021,0.1496
1762,2022,0.1561
1762,2023,0.15800001
1762,2024,0.1622
1762,2025,0.1698
1763,2006,0.0603
1763,2007,0.0605
1763,2008,0.061999999
1763,2009,0.061500002
1763,2010,0.061799999
1763,2011,0.0647
1763,2012,0.067699999
1763,2013,0.07
1763,2014,0.075800002
1763,2015,0.079599999
1763,2016,0.086599998
1763,2017,0.089900002
1763,2018,0.0933
1763,2019,0.090099998
1763,2020,0.0898
1763,2021,0.089599997
1763,2022,0.090000004
1763,2023,0.0933
1763,2024,0.091899998
1763,2025,0.0889
1764,2006,0.074199997
1764,2007,0.074600004
1764,2008,0.077299997
1764,2009,0.079099998
1764,2010,0.084700003
1764,2011,0.0823
1764,2012,0.0845
1764,2013,0.088600002
1764,2014,0.096199997
1764,2015,0.099299997
1764,2016,0.1112
1764,2017,0.112
1764,2018,0.1115
1764,2019,0.1147
1764,2020,0.1159
1764,2021,0.1151
1764,2022,0.1192
1764,2023,0.1209
1764,2024,0.1238
1764,2025,0.1189
1765,2006,0.1568
1765,2007,0.1613
1765,2008,0.1693
1765,2009,0.1701
1765,2010,0.1725
1765,2011,0.17659999
1765,2012,0.1813
1765,2013,0.1944
1765,2014,0.1937
1765,2015,0.2027
1765,2016,0.2103
1765,2017,0.213
1765,2018,0.2192
1765,2019,0.2247
1765,2020,0.2226
1765,2021,0.2225
1765,2022,0.2199
1765,2023,0.22130001
1765,2024,0.2218
1765,2025,0.2233
1766,2006,0.050900001
1766,2007,0.055
1766,2008,0.056400001
1766,2009,0.057100002
1766,2010,0.058499999
1766,2011,0.0601
1766,2012,0.0614
1766,2013,0.063500002
1766,2014,0.073700003
1766,2015,0.087700002
1766,2016,0.1045
1766,2017,0.1027
1766,2018,0.1018
1766,2019,0.1029
1766,2020,0.1023
1766,2021,0.1015
1766,2022,0.105
1766,2023,0.1089
1766,2024,0.114
1766,2025,0.1177
1780,2006,0.088699996
1780,2007,0.091899998
1780,2008,0.094300002
1780,2009,0.098999999
1780,2010,0.1023
1780,2011,0.103
1780,2012,0.1047
1780,2013,0.1069
1780,2014,0.1094
1780,2015,0.1128
1780,2016,0.1194
1780,2017,0.12620001
1780,2018,0.131
1780,2019,0.13689999
1780,2020,0.14040001
1780,2021,0.14229999
1780,2022,0.146
1780,2023,0.1472
1780,2024,0.1496
1780,2025,0.15090001
1781,2006,0.077500001
1781,2007,0.080499999
1781,2008,0.083400004
1781,2009,0.086900003
1781,2010,0.089400001
1781,2011,0.091799997
1781,2012,0.097900003
1781,2013,0.1068
1781,2014,0.1169
1781,2015,0.1278
1781,2016,0.14219999
1781,2017,0.1428
1781,2018,0.1407
1781,2019,0.1415
1781,2020,0.14219999
1781,2021,0.1407
1781,2022,0.1388
1781,2023,0.1372
1781,2024,0.13680001
1781,2025,0.1356
1782,2006,0.082800001
1782,2007,0.084600002
1782,2008,0.089500003
1782,2009,0.093500003
1782,2010,0.0995
1782,2011,0.1063
1782,2012,0.1177
1782,2013,0.13
1782,2014,0.14030001
1782,2015,0.15440001
1782,2016,0.186
1782,2017,0.1806
1782,2018,0.1921
1782,2019,0.1869
1782,2020,0.1833
1782,2021,0.1786
1782,2022,0.18000001
1782,2023,0.1718
1782,2024,0.1655
1782,2025,0.1672
1783,2006,0.068300001
1783,2007,0.076200001
1783,2008,0.080200002
1783,2009,0.085299999
1783,2010,0.0876
1783,2011,0.090700001
1783,2012,0.0964
1783,2013,0.1082
1783,2014,0.1105
1783,2015,0.117
1783,2016,0.1302
1783,2017,0.1328
1783,2018,0.13950001
1783,2019,0.14390001
1783,2020,0.14390001
1783,2021,0.1515
1783,2022,0.1646
1783,2023,0.1701
1783,2024,0.1767
1783,2025,0.18529999
1784,2006,0.0898
1784,2007,0.094400004
1784,2008,0.097199999
1784,2009,0.097900003
1784,2010,0.1
1784,2011,0.1011
1784,2012,0.1031
1784,2013,0.1056
1784,2014,0.1095
1784,2015,0.113
1784,2016,0.1199
1784,2017,0.1222
1784,2018,0.1237
1784,2019,0.1242
1784,2020,0.1246
1784,2021,0.124
1784,2022,0.1259
1784,2023,0.12819999
1784,2024,0.13
1784,2025,0.13169999
1785,2006,0.063100003
1785,2007,0.067299999
1785,2008,0.07
1785,2009,0.0713
1785,2010,0.074299999
1785,2011,0.078500003
1785,2012,0.082500003
1785,2013,0.090700001
1785,2014,0.1053
1785,2015,0.1172
1785,2016,0.1371
1785,2017,0.1455
1785,2018,0.1476
1785,2019,0.1471
1785,2020,0.1453
1785,2021,0.1426
1785,2022,0.1424
1785,2023,0.1424
1785,2024,0.14309999
1785,2025,0.1441
1814,2006,0.038800001
1814,2007,0.036899999
1814,2008,0.037
1814,2009,0.0396
1814,2010,0.039000001
1814,2011,0.0383
1814,2012,0.039999999
1814,2013,0.041200001
1814,2014,0.043299999
1814,2015,0.047200002
1814,2016,0.052499998
1814,2017,0.061799999
1814,2018,0.068099998
1814,2019,0.071999997
1814,2020,0.073299997
1814,2021,0.075199999
1814,2022,0.073600002
1814,2023,0.071699999
1814,2024,0.073299997
1814,2025,0.070799999
1860,2006,0.1074
1860,2007,0.1034
1860,2008,0.1019
1860,2009,0.1008
1860,2010,0.1019
1860,2011,0.1042
1860,2012,0.1129
1860,2013,0.12800001
1860,2014,0.152
1860,2015,0.16429999
1860,2016,0.1753
1860,2017,0.1767
1860,2018,0.18009999
1860,2019,0.17829999
1860,2020,0.1779
1860,2021,0.17739999
1860,2022,0.1833
1860,2023,0.1825
1860,2024,0.1831
1860,2025,0.1824
1861,2006,0.085199997
1861,2007,0.088100001
1861,2008,0.090599999
1861,2009,0.093199998
1861,2010,0.0964
1861,2011,0.1001
1861,2012,0.1046
1861,2013,0.1058
1861,2014,0.1116
1861,2015,0.1221
1861,2016,0.13590001
1861,2017,0.1538
1861,2018,0.1602
1861,2019,0.1629
1861,2020,0.16249999
1861,2021,0.1645
1861,2022,0.1673
1861,2023,0.17
1861,2024,0.1681
1861,2025,0.168
1862,2006,0.096100003
1862,2007,0.1008
1862,2008,0.1035
1862,2009,0.1053
1862,2010,0.1082
1862,2011,0.1107
1862,2012,0.1153
1862,2013,0.1172
1862,2014,0.1265
1862,2015,0.13339999
1862,2016,0.1454
1862,2017,0.1525
1862,2018,0.1577
1862,2019,0.16060001
1862,2020,0.1576
1862,2021,0.1585
1862,2022,0.1575
1862,2023,0.1556
1862,2024,0.15449999
1862,2025,0.1559
1863,2006,0.1411
1863,2007,0.1401
1863,2008,0.15019999
1863,2009,0.1523
1863,2010,0.153
1863,2011,0.1542
1863,2012,0.1564
1863,2013,0.16230001
1863,2014,0.1683
1863,2015,0.1874
1863,2016,0.2085
1863,2017,0.2183
1863,2018,0.215
1863,2019,0.219
1863,2020,0.214
1863,2021,0.20909999
1863,2022,0.19859999
1863,2023,0.1982
1863,2024,0.1869
1863,2025,0.1841
1864,2006,0.095200002
1864,2007,0.1041
1864,2008,0.1114
1864,2009,0.1156
1864,2010,0.1142
1864,2011,0.1177
1864,2012,0.1269
1864,2013,0.1469
1864,2014,0.1675
1864,2015,0.183
1864,2016,0.2089
1864,2017,0.2084
1864,2018,0.19419999
1864,2019,0.1876
1864,2020,0.178
1864,2021,0.1777
1864,2022,0.1769
1864,2023,0.17649999
1864,2024,0.1737
1864,2025,0.1776
1880,2006,0.13070001
1880,2007,0.1354
1880,2008,0.14030001
1880,2009,0.1445
1880,2010,0.1481
1880,2011,0.1494
1880,2012,0.153
1880,2013,0.15620001
1880,2014,0.15989999
1880,2015,0.1631
1880,2016,0.16850001
1880,2017,0.176
1880,2018,0.18260001
1880,2019,0.1883
1880,2020,0.19050001
1880,2021,0.1926
1880,2022,0.1954
1880,2023,0.19760001
1880,2024,0.1991
1880,2025,0.1989
1881,2006,0.089100003
1881,2007,0.090599999
1881,2008,0.093800001
1881,2009,0.096100003
1881,2010,0.1003
1881,2011,0.1009
1881,2012,0.1057
1881,2013,0.1066
1881,2014,0.1109
1881,2015,0.1126
1881,2016,0.1178
1881,2017,0.1218
1881,2018,0.12710001
1881,2019,0.1294
1881,2020,0.1318
1881,2021,0.13500001
1881,2022,0.1391
1881,2023,0.1416
1881,2024,0.14390001
1881,2025,0.1441
1882,2006,0.048900001
1882,2007,0.0491
1882,2008,0.050700001
1882,2009,0.052299999
1882,2010,0.0515
1882,2011,0.053100001
1882,2012,0.0559
1882,2013,0.0647
1882,2014,0.066500001
1882,2015,0.073299997
1882,2016,0.086099997
1882,2017,0.082699999
1882,2018,0.086199999
1882,2019,0.087800004
1882,2020,0.090099998
1882,2021,0.091399997
1882,2022,0.092200004
1882,2023,0.093699999
1882,2024,0.093800001
1882,2025,0.093999997
1883,2006,0.1111
1883,2007,0.1127
1883,2008,0.1127
1883,2009,0.1142
1883,2010,0.1153
1883,2011,0.1193
1883,2012,0.1237
1883,2013,0.1303
1883,2014,0.1389
1883,2015,0.1468
1883,2016,0.1575
1883,2017,0.1602
1883,2018,0.1627
1883,2019,0.16580001
1883,2020,0.16509999
1883,2021,0.16590001
1883,2022,0.1661
1883,2023,0.1655
1883,2024,0.1649
1883,2025,0.1627
1884,2006,0.084700003
1884,2007,0.088699996
1884,2008,0.092600003
1884,2009,0.096799999
1884,2010,0.096500002
1884,2011,0.1013
1884,2012,0.1031
1884,2013,0.1054
1884,2014,0.1092
1884,2015,0.1201
1884,2016,0.13689999
1884,2017,0.1408
1884,2018,0.1429
1884,2019,0.1419
1884,2020,0.1407
1884,2021,0.13699999
1884,2022,0.13609999
1884,2023,0.1319
1884,2024,0.12909999
1884,2025,0.12800001
1885,2006,0.092200004
1885,2007,0.095799997
1885,2008,0.097900003
1885,2009,0.1024
1885,2010,0.1102
1885,2011,0.115
1885,2012,0.118
1885,2013,0.1288
1885,2014,0.1336
1885,2015,0.1453
1885,2016,0.1542
1885,2017,0.1569
1885,2018,0.1576
1885,2019,0.1574
1885,2020,0.15459999
1885,2021,0.1529
1885,2022,0.1513
1885,2023,0.1503
1885,2024,0.1514
1885,2025,0.1494
1904,2006,0.134
1904,2007,0.1374
1904,2008,0.13850001
1904,2009,0.141
1904,2010,0.1426
1904,2011,0.14820001
1904,2012,0.15099999
1904,2013,0.1682
1904,2014,0.175
1904,2015,0.1865
1904,2016,0.1825
1904,2017,0.1814
1904,2018,0.177
1904,2019,0.1803
1904,2020,0.17569999
1904,2021,0.1798
1904,2022,0.17739999
1904,2023,0.17919999
1904,2024,0.1725
1904,2025,0.16419999
1907,2006,0.1788
1907,2007,0.18000001
1907,2008,0.1796
1907,2009,0.1802
1907,2010,0.1838
1907,2011,0.1864
1907,2012,0.1882
1907,2013,0.1904
1907,2014,0.1952
1907,2015,0.199
1907,2016,0.20190001
1907,2017,0.2027
1907,2018,0.20110001
1907,2019,0.1978
1907,2020,0.19670001
1907,2021,0.1961
1907,2022,0.19329999
1907,2023,0.1904
1907,2024,0.1929
1907,2025,0.18880001
1960,2006,0.1089
1960,2007,0.1146
1960,2008,0.1169
1960,2009,0.1167
1960,2010,0.1181
1960,2011,0.1186
1960,2012,0.1252
1960,2013,0.1382
1960,2014,0.1472
1960,2015,0.15970001
1960,2016,0.1716
1960,2017,0.1873
1960,2018,0.19499999
1960,2019,0.1973
1960,2020,0.1944
1960,2021,0.1891
1960,2022,0.1869
1960,2023,0.1884
1960,2024,0.18880001
1960,2025,0.1833
1961,2006,0.16580001
1961,2007,0.1675
1961,2008,0.1693
1961,2009,0.17
1961,2010,0.1707
1961,2011,0.17290001
1961,2012,0.17900001
1961,2013,0.1839
1961,2014,0.1851
1961,2015,0.18880001
1961,2016,0.18979999
1961,2017,0.1917
1961,2018,0.1982
1961,2019,0.19949999
1961,2020,0.19840001
1961,2021,0.19679999
1961,2022,0.1972
1961,2023,0.19660001
1961,2024,0.1957
1961,2025,0.1935
1962,2006,0.1008
1962,2007,0.1004
1962,2008,0.096500002
1962,2009,0.0995
1962,2010,0.096799999
1962,2011,0.097800002
1962,2012,0.1004
1962,2013,0.1139
1962,2014,0.1332
1962,2015,0.1443
1962,2016,0.1525
1962,2017,0.1542
1962,2018,0.155
1962,2019,0.15000001
1962,2020,0.1521
1962,2021,0.1508
1962,2022,0.1435
1962,2023,0.138
1962,2024,0.1353
1962,2025,0.1303
1980,2006,0.1636
1980,2007,0.1681
1980,2008,0.1724
1980,2009,0.17749999
1980,2010,0.18009999
1980,2011,0.1824
1980,2012,0.1848
1980,2013,0.1894
1980,2014,0.1945
1980,2015,0.19760001
1980,2016,0.2067
1980,2017,0.2148
1980,2018,0.22149999
1980,2019,0.2279
1980,2020,0.2322
1980,2021,0.23729999
1980,2022,0.2427
1980,2023,0.24680001
1980,2024,0.25080001
1980,2025,0.25209999
1981,2006,0.078400001
1981,2007,0.079800002
1981,2008,0.083400004
1981,2009,0.0876
1981,2010,0.089699998
1981,2011,0.090999998
1981,2012,0.094300002
1981,2013,0.1005
1981,2014,0.1066
1981,2015,0.1141
1981,2016,0.123
1981,2017,0.13349999
1981,2018,0.1416
1981,2019,0.1424
1981,2020,0.14489999
1981,2021,0.14650001
1981,2022,0.1453
1981,2023,0.14480001
1981,2024,0.1432
1981,2025,0.1391
1982,2006,0.1724
1982,2007,0.1772
1982,2008,0.1803
1982,2009,0.18529999
1982,2010,0.19599999
1982,2011,0.2009
1982,2012,0.2078
1982,2013,0.2233
1982,2014,0.2405
1982,2015,0.2493
1982,2016,0.2613
1982,2017,0.2599
1982,2018,0.26350001
1982,2019,0.26359999
1982,2020,0.2615
1982,2021,0.26710001
1982,2022,0.27410001
1982,2023,0.2766
1982,2024,0.2744
1982,2025,0.2737
1983,2006,0.14669999
1983,2007,0.149
1983,2008,0.15620001
1983,2009,0.16150001
1983,2010,0.1644
1983,2011,0.16869999
1983,2012,0.1726
1983,2013,0.1839
1983,2014,0.1899
1983,2015,0.19589999
1983,2016,0.2043
1983,2017,0.2095
1983,2018,0.215
1983,2019,0.2159
1983,2020,0.21619999
1983,2021,0.2163
1983,2022,0.2168
1983,2023,0.2146
1983,2024,0.21600001
1983,2025,0.21529999
1984,2006,0.0854
1984,2007,0.086599998
1984,2008,0.089400001
1984,2009,0.092699997
1984,2010,0.094800003
1984,2011,0.098300003
1984,2012,0.1029
1984,2013,0.1121
1984,2014,0.1226
1984,2015,0.138
1984,2016,0.1435
1984,2017,0.1461
1984,2018,0.15109999
1984,2019,0.1513
1984,2020,0.1498
1984,2021,0.15189999
1984,2022,0.1506
1984,2023,0.1489
1984,2024,0.1487
1984,2025,0.1481
2021,2006,0.0414
2021,2007,0.042100001
2021,2008,0.042399999
2021,2009,0.043499999
2021,2010,0.0469
2021,2011,0.050700001
2021,2012,0.052099999
2021,2013,0.056899998
2021,2014,0.057700001
2021,2015,0.067599997
2021,2016,0.089900002
2021,2017,0.087899998
2021,2018,0.083700001
2021,2019,0.086099997
2021,2020,0.090599999
2021,2021,0.093999997
2021,2022,0.099100001
2021,2023,0.1009
2021,2024,0.1053
2021,2025,0.1049
2023,2006,0.066600002
2023,2007,0.069300003
2023,2008,0.071400002
2023,2009,0.074699998
2023,2010,0.079899997
2023,2011,0.079800002
2023,2012,0.0858
2023,2013,0.086800002
2023,2014,0.089500003
2023,2015,0.094999999
2023,2016,0.1091
2023,2017,0.1113
2023,2018,0.1131
2023,2019,0.1179
2023,2020,0.1207
2023,2021,0.1216
2023,2022,0.1239
2023,2023,0.1231
2023,2024,0.1279
2023,2025,0.13249999
2026,2006,0.0526
2026,2007,0.051600002
2026,2008,0.053800002
2026,2009,0.055799998
2026,2010,0.056699999
2026,2011,0.056600001
2026,2012,0.058400001
2026,2013,0.058800001
2026,2014,0.0614
2026,2015,0.063600004
2026,2016,0.0669
2026,2017,0.068999998
2026,2018,0.074100003
2026,2019,0.075599998
2026,2020,0.073700003
2026,2021,0.071199998
2026,2022,0.072400004
2026,2023,0.068099998
2026,2024,0.068499997
2026,2025,0.067400001
2029,2006,0.0484
2029,2007,0.0513
2029,2008,0.053199999
2029,2009,0.055300001
2029,2010,0.058400001
2029,2011,0.059900001
2029,2012,0.063100003
2029,2013,0.067400001
2029,2014,0.071599998
2029,2015,0.0744
2029,2016,0.0867
2029,2017,0.087499999
2029,2018,0.092900001
2029,2019,0.093699999
2029,2020,0.092900001
2029,2021,0.093199998
2029,2022,0.093000002
2029,2023,0.094400004
2029,2024,0.097400002
2029,2025,0.0999
2031,2006,0.042399999
2031,2007,0.042599998
2031,2008,0.045400001
2031,2009,0.046599999
2031,2010,0.047499999
2031,2011,0.049600001
2031,2012,0.050700001
2031,2013,0.052299999
2031,2014,0.0537
2031,2015,0.058800001
2031,2016,0.0678
2031,2017,0.066799998
2031,2018,0.069899999
2031,2019,0.0704
2031,2020,0.0735
2031,2021,0.076899998
2031,2022,0.077600002
2031,2023,0.077699997
2031,2024,0.077399999
2031,2025,0.075400002
2034,2006,0.056200001
2034,2007,0.064900003
2034,2008,0.068999998
2034,2009,0.071099997
2034,2010,0.073799998
2034,2011,0.0766
2034,2012,0.078599997
2034,2013,0.083400004
2034,2014,0.089699998
2034,2015,0.098499998
2034,2016,0.1146
2034,2017,0.122
2034,2018,0.1241
2034,2019,0.1259
2034,2020,0.1236
2034,2021,0.1208
2034,2022,0.1219
2034,2023,0.119
2034,2024,0.1175
2034,2025,0.1143
2039,2006,0.0396
2039,2007,0.0414
2039,2008,0.047200002
2039,2009,0.0517
2039,2010,0.054299999
2039,2011,0.059700001
2039,2012,0.062600002
2039,2013,0.064000003
2039,2014,0.067599997
2039,2015,0.073600002
2039,2016,0.079599999
2039,2017,0.083300002
2039,2018,0.089900002
2039,2019,0.090999998
2039,2020,0.090400003
2039,2021,0.091200002
2039,2022,0.096199997
2039,2023,0.093199998
2039,2024,0.095600002
2039,2025,0.099200003
2061,2006,0.078299999
2061,2007,0.080700003
2061,2008,0.082400002
2061,2009,0.088100001
2061,2010,0.092299998
2061,2011,0.093000002
2061,2012,0.094700001
2061,2013,0.098800004
2061,2014,0.1042
2061,2015,0.1071
2061,2016,0.1149
2061,2017,0.1138
2061,2018,0.1157
2061,2019,0.1133
2061,2020,0.1092
2061,2021,0.1069
2061,2022,0.1029
2061,2023,0.1023
2061,2024,0.1023
2061,2025,0.101
2062,2006,0.045400001
2062,2007,0.047800001
2062,2008,0.0526
2062,2009,0.056000002
2062,2010,0.056400001
2062,2011,0.0581
2062,2012,0.0612
2062,2013,0.061999999
2062,2014,0.064499997
2062,2015,0.069600001
2062,2016,0.075300001
2062,2017,0.079400003
2062,2018,0.082199998
2062,2019,0.084799998
2062,2020,0.086300001
2062,2021,0.088699996
2062,2022,0.090999998
2062,2023,0.091300003
2062,2024,0.093699999
2062,2025,0.093999997
2080,2006,0.0682
2080,2007,0.070500001
2080,2008,0.073100001
2080,2009,0.077299997
2080,2010,0.079700001
2080,2011,0.0814
2080,2012,0.083899997
2080,2013,0.086099997
2080,2014,0.088699996
2080,2015,0.091200002
2080,2016,0.097000003
2080,2017,0.1034
2080,2018,0.1067
2080,2019,0.1089
2080,2020,0.1081
2080,2021,0.1087
2080,2022,0.1074
2080,2023,0.1078
2080,2024,0.1069
2080,2025,0.1062
2081,2006,0.1033
2081,2007,0.1098
2081,2008,0.1167
2081,2009,0.1258
2081,2010,0.13349999
2081,2011,0.1331
2081,2012,0.1358
2081,2013,0.1446
2081,2014,0.15459999
2081,2015,0.1619
2081,2016,0.17110001
2081,2017,0.1769
2081,2018,0.1802
2081,2019,0.1832
2081,2020,0.1831
2081,2021,0.1832
2081,2022,0.18260001
2081,2023,0.18179999
2081,2024,0.1797
2081,2025,0.17990001
2082,2006,0.047899999
2082,2007,0.0515
2082,2008,0.052999999
2082,2009,0.0557
2082,2010,0.053599998
2082,2011,0.0561
2082,2012,0.059700001
2082,2013,0.0638
2082,2014,0.063900001
2082,2015,0.067900002
2082,2016,0.068899997
2082,2017,0.072099999
2082,2018,0.072300002
2082,2019,0.077
2082,2020,0.078199998
2082,2021,0.080200002
2082,2022,0.083899997
2082,2023,0.081100002
2082,2024,0.0832
2082,2025,0.0854
2083,2006,0.080600001
2083,2007,0.083899997
2083,2008,0.083899997
2083,2009,0.084100001
2083,2010,0.086599998
2083,2011,0.0911
2083,2012,0.098499998
2083,2013,0.1013
2083,2014,0.1118
2083,2015,0.1248
2083,2016,0.14139999
2083,2017,0.1496
2083,2018,0.1471
2083,2019,0.1489
2083,2020,0.1476
2083,2021,0.1476
2083,2022,0.145
2083,2023,0.1418
2083,2024,0.1388
2083,2025,0.1346
2084,2006,0.093199998
2084,2007,0.094599999
2084,2008,0.099100001
2084,2009,0.1018
2084,2010,0.1021
2084,2011,0.1023
2084,2012,0.1071
2084,2013,0.1187
2084,2014,0.13590001
2084,2015,0.1647
2084,2016,0.1804
2084,2017,0.18340001
2084,2018,0.18430001
2084,2019,0.18430001
2084,2020,0.1811
2084,2021,0.1752
2084,2022,0.1723
2084,2023,0.16869999
2084,2024,0.1657
2084,2025,0.1655
2085,2006,0.0867
2085,2007,0.091600001
2085,2008,0.098200001
2085,2009,0.1059
2085,2010,0.1135
2085,2011,0.1136
2085,2012,0.1188
2085,2013,0.1257
2085,2014,0.1375
2085,2015,0.1539
2085,2016,0.1732
2085,2017,0.17649999
2085,2018,0.1829
2085,2019,0.1849
2085,2020,0.1825
2085,2021,0.18179999
2085,2022,0.18340001
2085,2023,0.18960001
2085,2024,0.20029999
2085,2025,0.2101
2101,2006,0.0394
2101,2007,0.0394
2101,2008,0.0579
2101,2009,0.062199999
2101,2010,0.068099998
2101,2011,0.075000003
2101,2012,0.079300001
2101,2013,0.085600004
2101,2014,0.094899997
2101,2015,0.1179
2101,2016,0.1294
2101,2017,0.1375
2101,2018,0.1398
2101,2019,0.1374
2101,2020,0.134
2101,2021,0.1309
2101,2022,0.1294
2101,2023,0.1213
2101,2024,0.1234
2101,2025,0.1218
2104,2006,0.1071
2104,2007,0.1106
2104,2008,0.114
2104,2009,0.1195
2104,2010,0.1211
2104,2011,0.1192
2104,2012,0.1228
2104,2013,0.1242
2104,2014,0.12989999
2104,2015,0.1348
2104,2016,0.14380001
2104,2017,0.15000001
2104,2018,0.15090001
2104,2019,0.1506
2104,2020,0.15090001
2104,2021,0.1498
2104,2022,0.1454
2104,2023,0.14120001
2104,2024,0.13699999
2104,2025,0.13070001
2121,2006,0.0306
2121,2007,0.033799998
2121,2008,0.033500001
2121,2009,0.037300002
2121,2010,0.0405
2121,2011,0.043099999
2121,2012,0.044599999
2121,2013,0.0506
2121,2014,0.064999998
2121,2015,0.077500001
2121,2016,0.088299997
2121,2017,0.086999997
2121,2018,0.093500003
2121,2019,0.094700001
2121,2020,0.093699999
2121,2021,0.091700003
2121,2022,0.088799998
2121,2023,0.084700003
2121,2024,0.078299999
2121,2025,0.076700002
2132,2006,0.037900001
2132,2007,0.045899998
2132,2008,0.052900001
2132,2009,0.054900002
2132,2010,0.058899999
2132,2011,0.064900003
2132,2012,0.070500001
2132,2013,0.073299997
2132,2014,0.080499999
2132,2015,0.084200002
2132,2016,0.088799998
2132,2017,0.089100003
2132,2018,0.092500001
2132,2019,0.091700003
2132,2020,0.090400003
2132,2021,0.090099998
2132,2022,0.091600001
2132,2023,0.090999998
2132,2024,0.0876
2132,2025,0.090400003
2161,2006,0.048
2161,2007,0.050900001
2161,2008,0.058200002
2161,2009,0.063000001
2161,2010,0.065399997
2161,2011,0.067699999
2161,2012,0.073299997
2161,2013,0.081799999
2161,2014,0.0898
2161,2015,0.098300003
2161,2016,0.103
2161,2017,0.1057
2161,2018,0.1076
2161,2019,0.1051
2161,2020,0.1031
2161,2021,0.1014
2161,2022,0.099600002
2161,2023,0.098399997
2161,2024,0.097400002
2161,2025,0.096799999
2180,2006,0.093500003
2180,2007,0.097099997
2180,2008,0.1019
2180,2009,0.1082
2180,2010,0.1131
2180,2011,0.1139
2180,2012,0.1184
2180,2013,0.1268
2180,2014,0.1355
2180,2015,0.13789999
2180,2016,0.1434
2180,2017,0.1479
2180,2018,0.15109999
2180,2019,0.1565
2180,2020,0.1592
2180,2021,0.16240001
2180,2022,0.1639
2180,2023,0.1653
2180,2024,0.1696
2180,2025,0.1735
2181,2006,0.079999998
2181,2007,0.086400002
2181,2008,0.093800001
2181,2009,0.1008
2181,2010,0.1039
2181,2011,0.1104
2181,2012,0.1154
2181,2013,0.1238
2181,2014,0.13519999
2181,2015,0.1496
2181,2016,0.16410001
2181,2017,0.1723
2181,2018,0.17479999
2181,2019,0.1779
2181,2020,0.17900001
2181,2021,0.1804
2181,2022,0.1832
2181,2023,0.1804
2181,2024,0.18350001
2181,2025,0.18359999
2182,2006,0.056499999
2182,2007,0.0616
2182,2008,0.067400001
2182,2009,0.071500003
2182,2010,0.072099999
2182,2011,0.074000001
2182,2012,0.0779
2182,2013,0.089599997
2182,2014,0.0977
2182,2015,0.1105
2182,2016,0.12540001
2182,2017,0.1259
2182,2018,0.12819999
2182,2019,0.13160001
2182,2020,0.13169999
2182,2021,0.1314
2182,2022,0.13150001
2182,2023,0.1277
2182,2024,0.12620001
2182,2025,0.1214
2183,2006,0.0451
2183,2007,0.049800001
2183,2008,0.054000001
2183,2009,0.059700001
2183,2010,0.064099997
2183,2011,0.065800004
2183,2012,0.069399998
2183,2013,0.077799998
2183,2014,0.090999998
2183,2015,0.1038
2183,2016,0.1154
2183,2017,0.1199
2183,2018,0.1202
2183,2019,0.1189
2183,2020,0.1168
2183,2021,0.1158
2183,2022,0.1157
2183,2023,0.1129
2183,2024,0.1133
2183,2025,0.1117
2184,2006,0.0546
2184,2007,0.056200001
2184,2008,0.058899999
2184,2009,0.063000001
2184,2010,0.066399999
2184,2011,0.068899997
2184,2012,0.072099999
2184,2013,0.076399997
2184,2014,0.080700003
2184,2015,0.082500003
2184,2016,0.089500003
2184,2017,0.0911
2184,2018,0.095200002
2184,2019,0.098099999
2184,2020,0.099299997
2184,2021,0.1004
2184,2022,0.1007
2184,2023,0.1013
2184,2024,0.1024
2184,2025,0.1023
2260,2006,0.045400001
2260,2007,0.049199998
2260,2008,0.052499998
2260,2009,0.054099999
2260,2010,0.056200001
2260,2011,0.0583
2260,2012,0.0614
2260,2013,0.064999998
2260,2014,0.068999998
2260,2015,0.072300002
2260,2016,0.081500001
2260,2017,0.086099997
2260,2018,0.0876
2260,2019,0.085000001
2260,2020,0.080799997
2260,2021,0.082000002
2260,2022,0.082000002
2260,2023,0.081200004
2260,2024,0.086000003
2260,2025,0.089900002
2262,2006,0.062600002
2262,2007,0.065099999
2262,2008,0.069499999
2262,2009,0.074299999
2262,2010,0.077600002
2262,2011,0.082000002
2262,2012,0.084899999
2262,2013,0.089299999
2262,2014,0.089299999
2262,2015,0.091600001
2262,2016,0.094999999
2262,2017,0.097800002
2262,2018,0.098200001
2262,2019,0.097900003
2262,2020,0.1006
2262,2021,0.1012
2262,2022,0.1029
2262,2023,0.099699996
2262,2024,0.1026
2262,2025,0.1025
2280,2006,0.067299999
2280,2007,0.070799999
2280,2008,0.072800003
2280,2009,0.077100001
2280,2010,0.078599997
2280,2011,0.082400002
2280,2012,0.086199999
2280,2013,0.097099997
2280,2014,0.1107
2280,2015,0.1278
2280,2016,0.14049999
2280,2017,0.14659999
2280,2018,0.14749999
2280,2019,0.14839999
2280,2020,0.14669999
2280,2021,0.14669999
2280,2022,0.1489
2280,2023,0.14669999
2280,2024,0.14659999
2280,2025,0.1455
2281,2006,0.068800002
2281,2007,0.0713
2281,2008,0.0744
2281,2009,0.079400003
2281,2010,0.083099999
2281,2011,0.085500002
2281,2012,0.089100003
2281,2013,0.093199998
2281,2014,0.0973
2281,2015,0.1
2281,2016,0.1051
2281,2017,0.1084
2281,2018,0.111
2281,2019,0.1143
2281,2020,0.1155
2281,2021,0.1169
2281,2022,0.1181
2281,2023,0.1187
2281,2024,0.1199
2281,2025,0.1217
2282,2006,0.053199999
2282,2007,0.058600001
2282,2008,0.062600002
2282,2009,0.064800002
2282,2010,0.068800002
2282,2011,0.073600002
2282,2012,0.076499999
2282,2013,0.086300001
2282,2014,0.095299996
2282,2015,0.1049
2282,2016,0.1238
2282,2017,0.1266
2282,2018,0.13060001
2282,2019,0.1337
2282,2020,0.13330001
2282,2021,0.1294
2282,2022,0.131
2282,2023,0.1322
2282,2024,0.1388
2282,2025,0.14040001
2283,2006,0.052000001
2283,2007,0.0548
2283,2008,0.061299998
2283,2009,0.0647
2283,2010,0.068000004
2283,2011,0.0713
2283,2012,0.076700002
2283,2013,0.084200002
2283,2014,0.096699998
2283,2015,0.1077
2283,2016,0.1224
2283,2017,0.1283
2283,2018,0.12800001
2283,2019,0.1211
2283,2020,0.1179
2283,2021,0.1192
2283,2022,0.1205
2283,2023,0.1215
2283,2024,0.1234
2283,2025,0.1249
2284,2006,0.050700001
2284,2007,0.052700002
2284,2008,0.0557
2284,2009,0.058400001
2284,2010,0.060199998
2284,2011,0.061900001
2284,2012,0.064000003
2284,2013,0.065899998
2284,2014,0.069700003
2284,2015,0.077
2284,2016,0.084799998
2284,2017,0.091499999
2284,2018,0.093099996
2284,2019,0.095799997
2284,2020,0.095299996
2284,2021,0.094899997
2284,2022,0.095100001
2284,2023,0.095100001
2284,2024,0.0973
2284,2025,0.096699998
2303,2006,0.047699999
2303,2007,0.050500002
2303,2008,0.0537
2303,2009,0.054699998
2303,2010,0.064599998
2303,2011,0.066399999
2303,2012,0.076700002
2303,2013,0.0889
2303,2014,0.096699998
2303,2015,0.1034
2303,2016,0.1224
2303,2017,0.1332
2303,2018,0.1224
2303,2019,0.1177
2303,2020,0.1114
2303,2021,0.1161
2303,2022,0.1191
2303,2023,0.1147
2303,2024,0.1164
2303,2025,0.1178
2305,2006,0.062199999
2305,2007,0.064300001
2305,2008,0.0713
2305,2009,0.075000003
2305,2010,0.080499999
2305,2011,0.085500002
2305,2012,0.0942
2305,2013,0.095899999
2305,2014,0.1037
2305,2015,0.1147
2305,2016,0.1259
2305,2017,0.1294
2305,2018,0.1224
2305,2019,0.118
2305,2020,0.1151
2305,2021,0.1155
2305,2022,0.1193
2305,2023,0.121
2305,2024,0.12630001
2305,2025,0.13160001
2309,2006,0.047200002
2309,2007,0.049899999
2309,2008,0.049899999
2309,2009,0.049400002
2309,2010,0.052700002
2309,2011,0.0546
2309,2012,0.0572
2309,2013,0.065399997
2309,2014,0.064400002
2309,2015,0.071699999
2309,2016,0.077299997
2309,2017,0.080700003
2309,2018,0.077799998
2309,2019,0.077399999
2309,2020,0.076399997
2309,2021,0.074699998
2309,2022,0.073899999
2309,2023,0.072700001
2309,2024,0.075400002
2309,2025,0.076700002
2313,2006,0.050500002
2313,2007,0.060800001
2313,2008,0.065800004
2313,2009,0.07
2313,2010,0.076099999
2313,2011,0.086000003
2313,2012,0.092500001
2313,2013,0.096000001
2313,2014,0.1004
2313,2015,0.1015
2313,2016,0.1158
2313,2017,0.1203
2313,2018,0.119
2313,2019,0.1207
2313,2020,0.1183
2313,2021,0.1201
2313,2022,0.1203
2313,2023,0.1168
2313,2024,0.117
2313,2025,0.1209
2321,2006,0.0539
2321,2007,0.057599999
2321,2008,0.061700001
2321,2009,0.063199997
2321,2010,0.064999998
2321,2011,0.0678
2321,2012,0.0726
2321,2013,0.080700003
2321,2014,0.089500003
2321,2015,0.1006
2321,2016,0.1213
2321,2017,0.12980001
2321,2018,0.1312
2321,2019,0.1292
2321,2020,0.1274
2321,2021,0.1217
2321,2022,0.1182
2321,2023,0.1165
2321,2024,0.1127
2321,2025,0.1142
2326,2006,0.033500001
2326,2007,0.037799999
2326,2008,0.038899999
2326,2009,0.043400001
2326,2010,0.050700001
2326,2011,0.059
2326,2012,0.058600001
2326,2013,0.066799998
2326,2014,0.070500001
2326,2015,0.075400002
2326,2016,0.091899998
2326,2017,0.094800003
2326,2018,0.088299997
2326,2019,0.086099997
2326,2020,0.085699998
2326,2021,0.086900003
2326,2022,0.090599999
2326,2023,0.092699997
2326,2024,0.093400002
2326,2025,0.090800002
2361,2006,0.0495
2361,2007,0.055599999
2361,2008,0.061099999
2361,2009,0.063699998
2361,2010,0.067100003
2361,2011,0.069300003
2361,2012,0.0726
2361,2013,0.0867
2361,2014,0.087800004
2361,2015,0.094999999
2361,2016,0.1025
2361,2017,0.1117
2361,2018,0.1132
2361,2019,0.1127
2361,2020,0.1117
2361,2021,0.113
2361,2022,0.112
2361,2023,0.1125
2361,2024,0.1141
2361,2025,0.1165
2380,2006,0.052499998
2380,2007,0.054000001
2380,2008,0.056299999
2380,2009,0.058699999
2380,2010,0.061299998
2380,2011,0.062100001
2380,2012,0.063699998
2380,2013,0.070600003
2380,2014,0.075300001
2380,2015,0.078299999
2380,2016,0.0836
2380,2017,0.089400001
2380,2018,0.093599997
2380,2019,0.098999999
2380,2020,0.1002
2380,2021,0.1023
2380,2022,0.1052
2380,2023,0.1065
2380,2024,0.1089
2380,2025,0.1096
2401,2006,0.039099999
2401,2007,0.042100001
2401,2008,0.046700001
2401,2009,0.048900001
2401,2010,0.055399999
2401,2011,0.060899999
2401,2012,0.064800002
2401,2013,0.068400003
2401,2014,0.077799998
2401,2015,0.083099999
2401,2016,0.089000002
2401,2017,0.091200002
2401,2018,0.096699998
2401,2019,0.0977
2401,2020,0.093800001
2401,2021,0.098200001
2401,2022,0.096199997
2401,2023,0.097400002
2401,2024,0.092600003
2401,2025,0.090800002
2403,2006,0.041299999
2403,2007,0.053399999
2403,2008,0.0568
2403,2009,0.0656
2403,2010,0.072400004
2403,2011,0.080200002
2403,2012,0.087200001
2403,2013,0.093599997
2403,2014,0.099600002
2403,2015,0.1088
2403,2016,0.1117
2403,2017,0.1142
2403,2018,0.1216
2403,2019,0.1175
2403,2020,0.1064
2403,2021,0.1111
2403,2022,0.1121
2403,2023,0.1056
2403,2024,0.1017
2403,2025,0.1028
2404,2006,0.040100001
2404,2007,0.0458
2404,2008,0.0526
2404,2009,0.052499998
2404,2010,0.055199999
2404,2011,0.060400002
2404,2012,0.065300003
2404,2013,0.068499997
2404,2014,0.080600001
2404,2015,0.082099997
2404,2016,0.092200004
2404,2017,0.099200003
2404,2018,0.1074
2404,2019,0.114
2404,2020,0.1149
2404,2021,0.1135
2404,2022,0.1112
2404,2023,0.111
2404,2024,0.1115
2404,2025,0.1103
2409,2006,0.043499999
2409,2007,0.046
2409,2008,0.048999999
2409,2009,0.0513
2409,2010,0.056899998
2409,2011,0.062399998
2409,2012,0.065700002
2409,2013,0.0678
2409,2014,0.074500002
2409,2015,0.080499999
2409,2016,0.0858
2409,2017,0.089299999
2409,2018,0.089599997
2409,2019,0.091600001
2409,2020,0.094099998
2409,2021,0.093000002
2409,2022,0.098700002
2409,2023,0.1009
2409,2024,0.098700002
2409,2025,0.1008
2417,2006,0.034299999
2417,2007,0.0352
2417,2008,0.0447
2417,2009,0.0557
2417,2010,0.065099999
2417,2011,0.065800004
2417,2012,0.073600002
2417,2013,0.081
2417,2014,0.089199997
2417,2015,0.093599997
2417,2016,0.096500002
2417,2017,0.1008
2417,2018,0.1019
2417,2019,0.099600002
2417,2020,0.097099997
2417,2021,0.101
2417,2022,0.1031
2417,2023,0.1083
2417,2024,0.1197
2417,2025,0.1176
2418,2006,0.037900001
2418,2007,0.038899999
2418,2008,0.049600001
2418,2009,0.054000001
2418,2010,0.055
2418,2011,0.057599999
2418,2012,0.058200002
2418,2013,0.061500002
2418,2014,0.07
2418,2015,0.078500003
2418,2016,0.079999998
2418,2017,0.096699998
2418,2018,0.1073
2418,2019,0.1118
2418,2020,0.1114
2418,2021,0.1183
2418,2022,0.1279
2418,2023,0.13510001
2418,2024,0.1398
2418,2025,0.1375
2421,2006,0.036400001
2421,2007,0.0381
2421,2008,0.041099999
2421,2009,0.043000001
2421,2010,0.0438
2421,2011,0.045299999
2421,2012,0.052299999
2421,2013,0.058400001
2421,2014,0.063600004
2421,2015,0.069700003
2421,2016,0.075900003
2421,2017,0.085600004
2421,2018,0.092399999
2421,2019,0.092500001
2421,2020,0.097000003
2421,2021,0.0942
2421,2022,0.094800003
2421,2023,0.094499998
2421,2024,0.097400002
2421,2025,0.1035
2422,2006,0.052000001
2422,2007,0.066500001
2422,2008,0.062600002
2422,2009,0.086800002
2422,2010,0.098399997
2422,2011,0.1166
2422,2012,0.1209
2422,2013,0.1045
2422,2014,0.1151
2422,2015,0.1157
2422,2016,0.12540001
2422,2017,0.1224
2422,2018,0.1202
2422,2019,0.1189
2422,2020,0.1134
2422,2021,0.1199
2422,2022,0.12809999
2422,2023,0.1336
2422,2024,0.1349
2422,2025,0.1366
2425,2006,0.0473
2425,2007,0.0495
2425,2008,0.053199999
2425,2009,0.057300001
2425,2010,0.067400001
2425,2011,0.076200001
2425,2012,0.071900003
2425,2013,0.071800001
2425,2014,0.080200002
2425,2015,0.090899996
2425,2016,0.091899998
2425,2017,0.089599997
2425,2018,0.0779
2425,2019,0.075300001
2425,2020,0.073299997
2425,2021,0.076499999
2425,2022,0.078299999
2425,2023,0.075199999
2425,2024,0.083300002
2425,2025,0.079499997
2460,2006,0.035399999
2460,2007,0.039500002
2460,2008,0.044399999
2460,2009,0.048
2460,2010,0.049899999
2460,2011,0.0515
2460,2012,0.056299999
2460,2013,0.061299998
2460,2014,0.065099999
2460,2015,0.068999998
2460,2016,0.075300001
2460,2017,0.080799997
2460,2018,0.083899997
2460,2019,0.084799998
2460,2020,0.089599997
2460,2021,0.089699998
2460,2022,0.088799998
2460,2023,0.089299999
2460,2024,0.090000004
2460,2025,0.089000002
2462,2006,0.0295
2462,2007,0.035
2462,2008,0.0403
2462,2009,0.0436
2462,2010,0.054299999
2462,2011,0.057
2462,2012,0.061999999
2462,2013,0.066399999
2462,2014,0.075099997
2462,2015,0.0792
2462,2016,0.0823
2462,2017,0.086800002
2462,2018,0.083999999
2462,2019,0.082599998
2462,2020,0.078500003
2462,2021,0.079999998
2462,2022,0.0814
2462,2023,0.082500003
2462,2024,0.079000004
2462,2025,0.080200002
2463,2006,0.044300001
2463,2007,0.060899999
2463,2008,0.065099999
2463,2009,0.070200004
2463,2010,0.072099999
2463,2011,0.073799998
2463,2012,0.089199997
2463,2013,0.092500001
2463,2014,0.098700002
2463,2015,0.113
2463,2016,0.13079999
2463,2017,0.1193
2463,2018,0.1242
2463,2019,0.1249
2463,2020,0.1312
2463,2021,0.1293
2463,2022,0.1247
2463,2023,0.12989999
2463,2024,0.1362
2463,2025,0.14470001
2480,2006,0.084200002
2480,2007,0.085500002
2480,2008,0.088200003
2480,2009,0.092699997
2480,2010,0.097000003
2480,2011,0.097999997
2480,2012,0.098200001
2480,2013,0.1007
2480,2014,0.1032
2480,2015,0.1035
2480,2016,0.1093
2480,2017,0.1167
2480,2018,0.1215
2480,2019,0.1261
2480,2020,0.1276
2480,2021,0.12899999
2480,2022,0.132
2480,2023,0.13339999
2480,2024,0.1367
2480,2025,0.1392
2481,2006,0.053399999
2481,2007,0.0535
2481,2008,0.0568
2481,2009,0.059500001
2481,2010,0.065399997
2481,2011,0.068499997
2481,2012,0.0726
2481,2013,0.076200001
2481,2014,0.081699997
2481,2015,0.086599998
2481,2016,0.092299998
2481,2017,0.1001
2481,2018,0.1066
2481,2019,0.1087
2481,2020,0.1098
2481,2021,0.1102
2481,2022,0.1124
2481,2023,0.1111
2481,2024,0.1141
2481,2025,0.1186
2482,2006,0.0482
2482,2007,0.051399998
2482,2008,0.053199999
2482,2009,0.055199999
2482,2010,0.057100002
2482,2011,0.059799999
2482,2012,0.063100003
2482,2013,0.0669
2482,2014,0.071000002
2482,2015,0.074000001
2482,2016,0.0788
2482,2017,0.084200002
2482,2018,0.085900001
2482,2019,0.087399997
2482,2020,0.089100003
2482,2021,0.095600002
2482,2022,0.1072
2482,2023,0.1321
2482,2024,0.15350001
2482,2025,0.1283
2505,2006,0.033100002
2505,2007,0.038699999
2505,2008,0.043699998
2505,2009,0.048799999
2505,2010,0.0548
2505,2011,0.060199998
2505,2012,0.063699998
2505,2013,0.069899999
2505,2014,0.077100001
2505,2015,0.081500001
2505,2016,0.086300001
2505,2017,0.093199998
2505,2018,0.091899998
2505,2019,0.091200002
2505,2020,0.088100001
2505,2021,0.092799999
2505,2022,0.096699998
2505,2023,0.098499998
2505,2024,0.1015
2505,2025,0.1007
2506,2006,0.064099997
2506,2007,0.065099999
2506,2008,0.073100001
2506,2009,0.080799997
2506,2010,0.0845
2506,2011,0.089000002
2506,2012,0.090000004
2506,2013,0.093599997
2506,2014,0.099799998
2506,2015,0.1039
2506,2016,0.1085
2506,2017,0.1057
2506,2018,0.1081
2506,2019,0.1103
2506,2020,0.1023
2506,2021,0.1045
2506,2022,0.1099
2506,2023,0.1077
2506,2024,0.1093
2506,2025,0.1171
2510,2006,0.0594
2510,2007,0.0638
2510,2008,0.072800003
2510,2009,0.072400004
2510,2010,0.079099998
2510,2011,0.079899997
2510,2012,0.086900003
2510,2013,0.089199997
2510,2014,0.1005
2510,2015,0.1122
2510,2016,0.1314
2510,2017,0.1323
2510,2018,0.1258
2510,2019,0.1259
2510,2020,0.1251
2510,2021,0.12639999
2510,2022,0.1305
2510,2023,0.1267
2510,2024,0.1323
2510,2025,0.13789999
2513,2006,0.054200001
2513,2007,0.056400001
2513,2008,0.065399997
2513,2009,0.067599997
2513,2010,0.075599998
2513,2011,0.076099999
2513,2012,0.082900003
2513,2013,0.087899998
2513,2014,0.094499998
2513,2015,0.1057
2513,2016,0.1054
2513,2017,0.1182
2513,2018,0.1124
2513,2019,0.1234
2513,2020,0.12710001
2513,2021,0.1279
2513,2022,0.1329
2513,2023,0.1461
2513,2024,0.1584
2513,2025,0.1684
2514,2006,0.083400004
2514,2007,0.086900003
2514,2008,0.0889
2514,2009,0.0876
2514,2010,0.091300003
2514,2011,0.092299998
2514,2012,0.093999997
2514,2013,0.095600002
2514,2014,0.097400002
2514,2015,0.0986
2514,2016,0.1039
2514,2017,0.1082
2514,2018,0.1076
2514,2019,0.11
2514,2020,0.1118
2514,2021,0.1134
2514,2022,0.116
2514,2023,0.1176
2514,2024,0.1179
2514,2025,0.1184
2518,2006,0.21870001
2518,2007,0.2288
2518,2008,0.23469999
2518,2009,0.237
2518,2010,0.2413
2518,2011,0.2472
2518,2012,0.2483
2518,2013,0.25330001
2518,2014,0.2615
2518,2015,0.26480001
2518,2016,0.27039999
2518,2017,0.27169999
2518,2018,0.27320001
2518,2019,0.2633
2518,2020,0.2613
2518,2021,0.25650001
2518,2022,0.25299999
2518,2023,0.2441
2518,2024,0.24250001
2518,2025,0.2427
2521,2006,0.1111
2521,2007,0.1142
2521,2008,0.1159
2521,2009,0.1173
2521,2010,0.1194
2521,2011,0.1179
2521,2012,0.121
2521,2013,0.1248
2521,2014,0.1301
2521,2015,0.1331
2521,2016,0.14579999
2521,2017,0.1521
2521,2018,0.14820001
2521,2019,0.15279999
2521,2020,0.1478
2521,2021,0.1435
2521,2022,0.1418
2521,2023,0.14210001
2521,2024,0.1508
2521,2025,0.149
2523,2006,0.057599999
2523,2007,0.060800001
2523,2008,0.061799999
2523,2009,0.0605
2523,2010,0.065700002
2523,2011,0.067199998
2523,2012,0.070900001
2523,2013,0.074600004
2523,2014,0.075400002
2523,2015,0.079099998
2523,2016,0.083999999
2523,2017,0.088299997
2523,2018,0.091799997
2523,2019,0.094800003
2523,2020,0.0977
2523,2021,0.1011
2523,2022,0.1057
2523,2023,0.1105
2523,2024,0.1143
2523,2025,0.1184
2560,2006,0.047400001
2560,2007,0.0502
2560,2008,0.050999999
2560,2009,0.0557
2560,2010,0.060199998
2560,2011,0.066299997
2560,2012,0.069300003
2560,2013,0.072700001
2560,2014,0.078699999
2560,2015,0.082999997
2560,2016,0.091300003
2560,2017,0.1061
2560,2018,0.1001
2560,2019,0.098300003
2560,2020,0.1009
2560,2021,0.1008
2560,2022,0.1033
2560,2023,0.1037
2560,2024,0.1084
2560,2025,0.1154
2580,2006,0.082999997
2580,2007,0.082500003
2580,2008,0.084200002
2580,2009,0.0858
2580,2010,0.088399999
2580,2011,0.088299997
2580,2012,0.090800002
2580,2013,0.091899998
2580,2014,0.094499998
2580,2015,0.095799997
2580,2016,0.1003
2580,2017,0.1065
2580,2018,0.1106
2580,2019,0.1148
2580,2020,0.1168
2580,2021,0.1199
2580,2022,0.1234
2580,2023,0.1244
2580,2024,0.12800001
2580,2025,0.1338
2581,2006,0.039500002
2581,2007,0.041000001
2581,2008,0.0418
2581,2009,0.0418
2581,2010,0.043499999
2581,2011,0.044799998
2581,2012,0.046100002
2581,2013,0.047699999
2581,2014,0.0495
2581,2015,0.0517
2581,2016,0.059500001
2581,2017,0.065800004
2581,2018,0.065399997
2581,2019,0.067299999
2581,2020,0.068899997
2581,2021,0.069700003
2581,2022,0.0713
2581,2023,0.072400004
2581,2024,0.074000001
2581,2025,0.075099997
2582,2006,0.054099999
2582,2007,0.056899998
2582,2008,0.0568
2582,2009,0.057799999
2582,2010,0.061900001
2582,2011,0.067400001
2582,2012,0.073700003
2582,2013,0.082800001
2582,2014,0.084799998
2582,2015,0.086599998
2582,2016,0.090000004
2582,2017,0.097400002
2582,2018,0.096000001
2582,2019,0.0986
2582,2020,0.0995
2582,2021,0.1015
2582,2022,0.1036
2582,2023,0.1065
2582,2024,0.1156
2582,2025,0.141
2583,2006,0.39430001
2583,2007,0.39199999
2583,2008,0.39320001
2583,2009,0.39520001
2583,2010,0.39750001
2583,2011,0.3985
2583,2012,0.39809999
2583,2013,0.40040001
2583,2014,0.4016
2583,2015,0.40400001
2583,2016,0.4104
2583,2017,0.41350001
2583,2018,0.41569999
2583,2019,0.41170001
2583,2020,0.40779999
2583,2021,0.40560001
2583,2022,0.40689999
2583,2023,0.405
2583,2024,0.4016
2583,2025,0.40040001
2584,2006,0.082800001
2584,2007,0.083899997
2584,2008,0.084100001
2584,2009,0.086599998
2584,2010,0.088299997
2584,2011,0.090000004
2584,2012,0.092200004
2584,2013,0.097499996
2584,2014,0.1001
2584,2015,0.1026
2584,2016,0.1099
2584,2017,0.1148
2584,2018,0.1176
2584,2019,0.1202
2584,2020,0.1248
2584,2021,0.1293
2584,2022,0.1354
2584,2023,0.1418
2584,2024,0.1515
2584,2025,0.1564
