kommun,year,medel_dispink_real2024_20_64
0114,2006,292.7905
0114,2007,309.95221
0114,2008,310.8512
0114,2009,319.80231
0114,2010,320.7012
0114,2011,322.9057
0114,2012,331.05679
0114,2013,331.87759
0114,2014,350.1496
0114,2015,366.81851
0114,2016,369.2984
0114,2017,374.13599
0114,2018,383.9697
0114,2019,365.45401
0114,2020,371.53781
0114,2021,385.79919
0114,2022,363.21671
0114,2023,358.59991
0114,2024,360.3143
0115,2006,321.40131
0115,2007,351.30609
0115,2008,346.96011
0115,2009,357.1626
0115,2010,366.2648
0115,2011,369.52301
0115,2012,371.0679
0115,2013,382.0618
0115,2014,406.7153
0115,2015,426.99811
0115,2016,431.88849
0115,2017,437.2793
0115,2018,434.2681
0115,2019,430.58231
0115,2020,443.4762
0115,2021,470.51279
0115,2022,440.1774
0115,2023,443.35818
0115,2024,434.26929
0117,2006,337.10141
0117,2007,376.26471
0117,2008,363.76501
0117,2009,368.14539
0117,2010,375.57651
0117,2011,378.60919
0117,2012,396.82181
0117,2013,400.4787
0117,2014,417.4451
0117,2015,440.37109
0117,2016,446.57809
0117,2017,462.7312
0117,2018,459.47211
0117,2019,453.0957
0117,2020,469.35321
0117,2021,489.4996
0117,2022,475.24609
0117,2023,459.15909
0117,2024,476.9931
0120,2006,339.47601
0120,2007,369.2684
0120,2008,367.42819
0120,2009,371.8978
0120,2010,383.20911
0120,2011,381.54019
0120,2012,388.97339
0120,2013,399.7179
0120,2014,428.8591
0120,2015,451.9837
0120,2016,459.2825
0120,2017,463.31989
0120,2018,443.02469
0120,2019,451.12311
0120,2020,461.40839
0120,2021,495.67261
0120,2022,489.60611
0120,2023,465.7775
0120,2024,470.44901
0123,2006,303.43701
0123,2007,327.09839
0123,2008,324.09161
0123,2009,328.94821
0123,2010,331.1806
0123,2011,331.44839
0123,2012,338.50409
0123,2013,340.79779
0123,2014,357.4501
0123,2015,374.33081
0123,2016,377.42569
0123,2017,382.26041
0123,2018,371.19781
0123,2019,369.5878
0123,2020,373.4523
0123,2021,384.1297
0123,2022,370.2991
0123,2023,359.52139
0123,2024,360.67261
0125,2006,352.065
0125,2007,399.58359
0125,2008,386.34381
0125,2009,401.2937
0125,2010,414.56659
0125,2011,410.28049
0125,2012,420.27191
0125,2013,423.62009
0125,2014,465.27991
0125,2015,489.23831
0125,2016,507.27191
0125,2017,510.7439
0125,2018,518.94781
0125,2019,593.21228
0125,2020,526.18341
0125,2021,548.48981
0125,2022,517.69861
0125,2023,516.50012
0125,2024,530.28162
0126,2006,288.9379
0126,2007,306.66751
0126,2008,305.48581
0126,2009,309.35791
0126,2010,314.77899
0126,2011,318.49661
0126,2012,324.49371
0126,2013,332.92068
0126,2014,351.65302
0126,2015,372.96799
0126,2016,373.0744
0126,2017,381.58221
0126,2018,372.7402
0126,2019,377.85751
0126,2020,378.87659
0126,2021,401.50861
0126,2022,384.64539
0126,2023,379.00919
0126,2024,384.39029
0127,2006,246.71359
0127,2007,261.03561
0127,2008,260.0412
0127,2009,262.97931
0127,2010,266.7869
0127,2011,268.13589
0127,2012,268.27939
0127,2013,275.6145
0127,2014,288.53229
0127,2015,306.03391
0127,2016,310.4425
0127,2017,312.0719
0127,2018,312.6138
0127,2019,313.71579
0127,2020,317.62619
0127,2021,330.57541
0127,2022,323.1376
0127,2023,310.8497
0127,2024,315.9184
0128,2006,316.13821
0128,2007,336.83069
0128,2008,337.138
0128,2009,342.32889
0128,2010,347.3497
0128,2011,349.5546
0128,2012,354.22198
0128,2013,365.3866
0128,2014,378.7677
0128,2015,397.25961
0128,2016,406.0025
0128,2017,408.47711
0128,2018,406.5867
0128,2019,405.96439
0128,2020,410.4472
0128,2021,425.74329
0128,2022,403.2587
0128,2023,395.62231
0128,2024,401.51279
0136,2006,275.66101
0136,2007,294.79501
0136,2008,294.65421
0136,2009,297.40948
0136,2010,301.5658
0136,2011,303.9899
0136,2012,310.09769
0136,2013,315.55511
0136,2014,330.77771
0136,2015,350.86151
0136,2016,354.28189
0136,2017,357.04901
0136,2018,352.5708
0136,2019,355.20859
0136,2020,359.29971
0136,2021,374.87201
0136,2022,358.88989
0136,2023,346.81329
0136,2024,350.46271
0138,2006,322.9968
0138,2007,358.56351
0138,2008,351.42542
0138,2009,353.97009
0138,2010,365.34869
0138,2011,369.12579
0138,2012,371.9328
0138,2013,389.24109
0138,2014,404.9722
0138,2015,430.84509
0138,2016,430.3237
0138,2017,429.5752
0138,2018,426.21921
0138,2019,426.72501
0138,2020,434.29568
0138,2021,456.49481
0138,2022,447.87009
0138,2023,433.69479
0138,2024,436.81589
0139,2006,286.6459
0139,2007,308.5675
0139,2008,307.15741
0139,2009,314.02011
0139,2010,316.14529
0139,2011,314.1264
0139,2012,321.51071
0139,2013,328.95349
0139,2014,346.06659
0139,2015,361.30441
0139,2016,365.64331
0139,2017,373.58801
0139,2018,364.01959
0139,2019,362.60089
0139,2020,363.92361
0139,2021,378.78751
0139,2022,374.90121
0139,2023,354.52319
0139,2024,351.4158
0140,2006,317.7486
0140,2007,344.48221
0140,2008,353.2056
0140,2009,348.29239
0140,2010,362.88339
0140,2011,360.79919
0140,2012,370.66479
0140,2013,376.55841
0140,2014,394.8251
0140,2015,415.8938
0140,2016,422.54849
0140,2017,433.905
0140,2018,421.15811
0140,2019,424.30081
0140,2020,430.6163
0140,2021,458.14771
0140,2022,431.8681
0140,2023,417.48181
0140,2024,414.76749
0160,2006,402.80249
0160,2007,444.05121
0160,2008,430.759
0160,2009,435.35419
0160,2010,450.21259
0160,2011,456.80411
0160,2012,464.12891
0160,2013,475.5545
0160,2014,507.88931
0160,2015,535.09088
0160,2016,540.92157
0160,2017,541.09851
0160,2018,524.62738
0160,2019,524.49438
0160,2020,545.49878
0160,2021,584.29089
0160,2022,553.57629
0160,2023,546.04059
0160,2024,555.15033
0162,2006,639.59509
0162,2007,721.65131
0162,2008,688.23071
0162,2009,704.09552
0162,2010,740.50732
0162,2011,747.36908
0162,2012,737.85529
0162,2013,794.90302
0162,2014,778.21393
0162,2015,949.86731
0162,2016,906.5719
0162,2017,883.62848
0162,2018,878.24487
0162,2019,928.37811
0162,2020,882.28271
0162,2021,1305.835
0162,2022,1173.6851
0162,2023,1030.8361
0162,2024,1017.3374
0163,2006,347.952
0163,2007,383.96811
0163,2008,383.70221
0163,2009,391.078
0163,2010,398.37701
0163,2011,402.86871
0163,2012,413.9574
0163,2013,417.03091
0163,2014,445.5011
0163,2015,468.4537
0163,2016,468.86859
0163,2017,467.1991
0163,2018,460.62161
0163,2019,462.6268
0163,2020,479.91071
0163,2021,510.70999
0163,2022,484.24921
0163,2023,465.52359
0163,2024,469.10471
0180,2006,331.08621
0180,2007,363.4892
0180,2008,349.75589
0180,2009,356.13321
0180,2010,367.71649
0180,2011,368.54361
0180,2012,373.71741
0180,2013,384.0921
0180,2014,411.35159
0180,2015,442.2251
0180,2016,453.26859
0180,2017,447.62561
0180,2018,446.69781
0180,2019,445.70291
0180,2020,456.78851
0180,2021,499.7475
0180,2022,473.81909
0180,2023,453.93231
0180,2024,465.32199
0181,2006,270.51559
0181,2007,283.57159
0181,2008,278.66599
0181,2009,274.7373
0181,2010,279.2854
0181,2011,281.52679
0181,2012,285.7597
0181,2013,287.52261
0181,2014,298.9407
0181,2015,311.8103
0181,2016,314.9689
0181,2017,321.4006
0181,2018,322.42209
0181,2019,321.21109
0181,2020,324.85931
0181,2021,336.29721
0181,2022,324.9505
0181,2023,316.58981
0181,2024,319.13269
0182,2006,384.22281
0182,2007,418.14749
0182,2008,406.95041
0182,2009,411.2626
0182,2010,425.66681
0182,2011,431.44431
0182,2012,433.36191
0182,2013,446.16919
0182,2014,483.6553
0182,2015,509.47849
0182,2016,524.93719
0182,2017,526.74847
0182,2018,513.8587
0182,2019,521.81061
0182,2020,542.1908
0182,2021,620.71448
0182,2022,564.71887
0182,2023,543.48871
0182,2024,554.80878
0183,2006,280.078
0183,2007,301.23001
0183,2008,305.33279
0183,2009,308.28989
0183,2010,313.3334
0183,2011,318.582
0183,2012,328.5509
0183,2013,334.45471
0183,2014,360.0152
0183,2015,379.77371
0183,2016,387.1709
0183,2017,392.85629
0183,2018,384.00949
0183,2019,389.03171
0183,2020,398.96219
0183,2021,419.25681
0183,2022,397.40939
0183,2023,383.8522
0183,2024,391.586
0184,2006,300.44269
0184,2007,328.07159
0184,2008,320.92221
0184,2009,325.44131
0184,2010,330.2561
0184,2011,334.49359
0184,2012,340.31009
0184,2013,352.17059
0184,2014,376.4469
0184,2015,405.89841
0184,2016,407.81079
0184,2017,407.79971
0184,2018,399.33081
0184,2019,405.7254
0184,2020,410.8324
0184,2021,435.09579
0184,2022,416.32709
0184,2023,406.01099
0184,2024,421.05081
0186,2006,473.4921
0186,2007,537.05939
0186,2008,496.18741
0186,2009,498.79849
0186,2010,517.29523
0186,2011,537.96527
0186,2012,533.2005
0186,2013,543.59918
0186,2014,585.46332
0186,2015,664.16742
0186,2016,678.99261
0186,2017,651.55261
0186,2018,681.27698
0186,2019,670.91058
0186,2020,681.1972
0186,2021,768.51813
0186,2022,767.60992
0186,2023,680.79413
0186,2024,740.27979
0187,2006,372.4313
0187,2007,421.09781
0187,2008,402.73669
0187,2009,405.9198
0187,2010,426.2963
0187,2011,422.9834
0187,2012,438.88779
0187,2013,479.4321
0187,2014,477.7782
0187,2015,512.43762
0187,2016,511.04739
0187,2017,543.41718
0187,2018,499.88959
0187,2019,546.92419
0187,2020,526.71808
0187,2021,606.31219
0187,2022,594.81702
0187,2023,529.9444
0187,2024,571.16827
0188,2006,283.4162
0188,2007,306.37631
0188,2008,297.47409
0188,2009,304.70929
0188,2010,314.60199
0188,2011,313.71481
0188,2012,313.83249
0188,2013,323.73639
0188,2014,339.8132
0188,2015,359.51669
0188,2016,363.14719
0188,2017,372.77191
0188,2018,361.8056
0188,2019,364.31281
0188,2020,369.20831
0188,2021,395.42169
0188,2022,374.01041
0188,2023,355.53659
0188,2024,360.77151
0191,2006,288.46341
0191,2007,306.01041
0191,2008,307.1792
0191,2009,308.56461
0191,2010,311.74741
0191,2011,309.64999
0191,2012,316.80731
0191,2013,318.6138
0191,2014,333.2915
0191,2015,350.50821
0191,2016,351.43149
0191,2017,357.2634
0191,2018,351.85461
0191,2019,352.40289
0191,2020,347.85831
0191,2021,359.91379
0191,2022,349.79501
0191,2023,343.23999
0191,2024,344.19891
0192,2006,287.3114
0192,2007,306.69601
0192,2008,296.4086
0192,2009,306.50159
0192,2010,310.27899
0192,2011,310.21671
0192,2012,312.99921
0192,2013,320.3851
0192,2014,336.89911
0192,2015,355.27521
0192,2016,364.2142
0192,2017,362.29099
0192,2018,360.1348
0192,2019,365.89261
0192,2020,369.04861
0192,2021,384.1716
0192,2022,364.5939
0192,2023,357.0719
0192,2024,348.84821
0305,2006,308.2771
0305,2007,339.11981
0305,2008,336.9462
0305,2009,343.41769
0305,2010,340.29141
0305,2011,342.9541
0305,2012,350.6376
0305,2013,354.3793
0305,2014,372.61749
0305,2015,393.51111
0305,2016,404.09991
0305,2017,402.04071
0305,2018,396.8486
0305,2019,398.42419
0305,2020,409.2439
0305,2021,423.74319
0305,2022,398.29691
0305,2023,385.83441
0305,2024,388.20749
0319,2006,261.00211
0319,2007,277.31549
0319,2008,277.552
0319,2009,286.14801
0319,2010,289.8844
0319,2011,287.8558
0319,2012,291.58371
0319,2013,293.81839
0319,2014,305.755
0319,2015,315.65219
0319,2016,312.54681
0319,2017,319.4292
0319,2018,322.1785
0319,2019,331.29291
0319,2020,353.97961
0319,2021,348.6337
0319,2022,340.548
0319,2023,328.4267
0319,2024,329.30811
0330,2006,331.1459
0330,2007,353.599
0330,2008,350.83481
0330,2009,354.77451
0330,2010,362.84451
0330,2011,368.14029
0330,2012,380.19339
0330,2013,400.48129
0330,2014,409.59689
0330,2015,436.20911
0330,2016,423.54559
0330,2017,444.57901
0330,2018,426.34149
0330,2019,427.55231
0330,2020,421.42239
0330,2021,447.2175
0330,2022,428.4538
0330,2023,425.9613
0330,2024,416.2522
0331,2006,256.72031
0331,2007,273.13879
0331,2008,280.67139
0331,2009,274.85349
0331,2010,278.92429
0331,2011,285.0618
0331,2012,286.7561
0331,2013,291.09659
0331,2014,300.56131
0331,2015,326.18851
0331,2016,329.18069
0331,2017,326.52411
0331,2018,322.4686
0331,2019,324.57159
0331,2020,331.1105
0331,2021,339.23529
0331,2022,327.95151
0331,2023,316.95151
0331,2024,324.53351
0360,2006,257.8652
0360,2007,277.54361
0360,2008,275.23071
0360,2009,276.7666
0360,2010,282.97351
0360,2011,288.43729
0360,2012,291.3577
0360,2013,294.0304
0360,2014,306.2576
0360,2015,318.72119
0360,2016,319.3425
0360,2017,324.3418
0360,2018,328.92581
0360,2019,326.93289
0360,2020,329.85971
0360,2021,342.63541
0360,2022,333.8475
0360,2023,321.55701
0360,2024,322.3187
0380,2006,280.88739
0380,2007,299.50381
0380,2008,294.92349
0380,2009,300.05042
0380,2010,300.957
0380,2011,309.07199
0380,2012,313.62341
0380,2013,319.27328
0380,2014,337.40079
0380,2015,356.5795
0380,2016,357.39731
0380,2017,357.2312
0380,2018,349.793
0380,2019,353.12891
0380,2020,363.61481
0380,2021,375.7847
0380,2022,350.36469
0380,2023,338.66129
0380,2024,344.47461
0381,2006,286.7131
0381,2007,308.0332
0381,2008,305.12741
0381,2009,309.21591
0381,2010,313.44739
0381,2011,318.09399
0381,2012,322.8681
0381,2013,334.31461
0381,2014,344.46841
0381,2015,359.7182
0381,2016,363.7175
0381,2017,364.09619
0381,2018,369.71521
0381,2019,368.5325
0381,2020,369.69119
0381,2021,385.93991
0381,2022,367.82971
0381,2023,356.34399
0381,2024,364.25
0382,2006,277.83081
0382,2007,295.51361
0382,2008,294.20761
0382,2009,296.83939
0382,2010,303.45071
0382,2011,312.56631
0382,2012,318.23529
0382,2013,321.77621
0382,2014,331.80771
0382,2015,349.2619
0382,2016,348.40619
0382,2017,359.60559
0382,2018,355.52011
0382,2019,355.31641
0382,2020,365.59619
0382,2021,377.711
0382,2022,360.52921
0382,2023,348.7468
0382,2024,354.3468
0428,2006,258.7912
0428,2007,278.55859
0428,2008,276.0596
0428,2009,274.94839
0428,2010,277.20291
0428,2011,277.2384
0428,2012,280.31079
0428,2013,282.06421
0428,2014,290.75211
0428,2015,320.23679
0428,2016,314.94501
0428,2017,310.7012
0428,2018,321.21689
0428,2019,323.60818
0428,2020,320.58521
0428,2021,330.96521
0428,2022,334.36829
0428,2023,315.80939
0428,2024,314.61331
0461,2006,284.47031
0461,2007,301.22311
0461,2008,304.2677
0461,2009,302.3483
0461,2010,310.14731
0461,2011,309.93781
0461,2012,314.4585
0461,2013,315.89191
0461,2014,328.6153
0461,2015,342.87341
0461,2016,343.12961
0461,2017,353.79169
0461,2018,361.43301
0461,2019,362.41739
0461,2020,365.1011
0461,2021,376.32501
0461,2022,368.0087
0461,2023,348.70059
0461,2024,357.91141
0480,2006,287.90341
0480,2007,309.71909
0480,2008,303.5737
0480,2009,303.75821
0480,2010,310.49411
0480,2011,311.94281
0480,2012,316.66159
0480,2013,316.92639
0480,2014,331.11871
0480,2015,346.40671
0480,2016,360.2247
0480,2017,361.367
0480,2018,357.8179
0480,2019,358.05121
0480,2020,361.185
0480,2021,376.66071
0480,2022,366.06171
0480,2023,353.27591
0480,2024,350.8696
0481,2006,288.22879
0481,2007,302.42999
0481,2008,303.66309
0481,2009,297.49911
0481,2010,295.95789
0481,2011,297.9346
0481,2012,298.9747
0481,2013,303.20129
0481,2014,309.4874
0481,2015,320.39941
0481,2016,326.2348
0481,2017,327.9924
0481,2018,330.0271
0481,2019,338.1427
0481,2020,330.39069
0481,2021,353.49881
0481,2022,339.862
0481,2023,339.7955
0481,2024,333.72379
0482,2006,272.55261
0482,2007,281.76001
0482,2008,280.2493
0482,2009,279.8483
0482,2010,284.16541
0482,2011,282.3092
0482,2012,281.69989
0482,2013,280.72131
0482,2014,289.50641
0482,2015,296.18661
0482,2016,301.36029
0482,2017,303.45099
0482,2018,306.271
0482,2019,305.29861
0482,2020,312.83121
0482,2021,325.0538
0482,2022,312.80191
0482,2023,305.63339
0482,2024,308.96649
0483,2006,263.43091
0483,2007,280.21078
0483,2008,279.05939
0483,2009,281.66739
0483,2010,295.66129
0483,2011,283.50021
0483,2012,288.42169
0483,2013,294.83731
0483,2014,303.01871
0483,2015,317.74829
0483,2016,321.7753
0483,2017,329.5336
0483,2018,327.29819
0483,2019,328.8353
0483,2020,333.18549
0483,2021,347.32159
0483,2022,336.10571
0483,2023,321.99939
0483,2024,324.0441
0484,2006,261.7164
0484,2007,279.65491
0484,2008,280.58841
0484,2009,277.229
0484,2010,278.6792
0484,2011,282.25449
0484,2012,286.28909
0484,2013,289.8562
0484,2014,303.42621
0484,2015,317.1723
0484,2016,322.48431
0484,2017,329.5639
0484,2018,330.5528
0484,2019,330.3111
0484,2020,333.44891
0484,2021,349.86621
0484,2022,332.117
0484,2023,324.88309
0484,2024,325.7543
0486,2006,319.65311
0486,2007,336.16739
0486,2008,327.52301
0486,2009,324.35129
0486,2010,348.80411
0486,2011,336.60172
0486,2012,343.46579
0486,2013,346.34991
0486,2014,360.46841
0486,2015,377.8291
0486,2016,378.8331
0486,2017,382.99701
0486,2018,385.50061
0486,2019,396.99301
0486,2020,395.7515
0486,2021,419.04529
0486,2022,403.57959
0486,2023,384.2258
0486,2024,385.0603
0488,2006,342.3053
0488,2007,359.09549
0488,2008,351.5574
0488,2009,354.80289
0488,2010,367.25079
0488,2011,365.20941
0488,2012,370.7052
0488,2013,370.06711
0488,2014,378.50919
0488,2015,403.84521
0488,2016,420.97281
0488,2017,421.83578
0488,2018,429.8299
0488,2019,417.58899
0488,2020,415.37021
0488,2021,444.0351
0488,2022,412.59271
0488,2023,415.75861
0488,2024,410.66171
0509,2006,254.8159
0509,2007,273.4718
0509,2008,272.38181
0509,2009,266.3598
0509,2010,273.55359
0509,2011,277.72791
0509,2012,287.39828
0509,2013,285.4906
0509,2014,303.45239
0509,2015,310.67621
0509,2016,321.3371
0509,2017,365.0444
0509,2018,325.5127
0509,2019,329.1181
0509,2020,326.4187
0509,2021,360.92719
0509,2022,334.5325
0509,2023,339.41721
0509,2024,334.75751
0512,2006,263.91931
0512,2007,289.76529
0512,2008,282.92841
0512,2009,280.91409
0512,2010,292.9711
0512,2011,305.7453
0512,2012,286.33981
0512,2013,301.62631
0512,2014,315.84021
0512,2015,336.1051
0512,2016,327.513
0512,2017,328.9617
0512,2018,333.38501
0512,2019,340.30209
0512,2020,338.69559
0512,2021,352.33939
0512,2022,394.8385
0512,2023,332.23669
0512,2024,332.81659
0513,2006,268.3074
0513,2007,284.16119
0513,2008,283.0347
0513,2009,290.9794
0513,2010,292.81149
0513,2011,300.9837
0513,2012,305.41071
0513,2013,308.5589
0513,2014,326.26859
0513,2015,336.73871
0513,2016,339.2623
0513,2017,351.73001
0513,2018,351.285
0513,2019,363.6626
0513,2020,380.11121
0513,2021,377.56479
0513,2022,359.1264
0513,2023,352.06009
0513,2024,361.02029
0560,2006,264.28421
0560,2007,289.15421
0560,2008,280.11411
0560,2009,281.67181
0560,2010,284.23221
0560,2011,287.65729
0560,2012,294.7872
0560,2013,314.72391
0560,2014,312.34439
0560,2015,326.6687
0560,2016,348.56711
0560,2017,342.1138
0560,2018,350.2283
0560,2019,354.767
0560,2020,349.95789
0560,2021,390.7323
0560,2022,352.742
0560,2023,338.30731
0560,2024,343.7243
0561,2006,263.461
0561,2007,282.3233
0561,2008,281.80981
0561,2009,286.52701
0561,2010,287.1944
0561,2011,298.4834
0561,2012,298.63089
0561,2013,299.453
0561,2014,317.83179
0561,2015,327.58319
0561,2016,338.0481
0561,2017,349.6987
0561,2018,336.93491
0561,2019,358.0062
0561,2020,346.66089
0561,2021,356.80551
0561,2022,353.405
0561,2023,345.80469
0561,2024,352.31009
0562,2006,270.01971
0562,2007,286.52231
0562,2008,286.6218
0562,2009,291.55719
0562,2010,297.35809
0562,2011,303.194
0562,2012,307.07739
0562,2013,303.9212
0562,2014,313.22989
0562,2015,323.5849
0562,2016,325.11261
0562,2017,335.93231
0562,2018,333.83649
0562,2019,334.8338
0562,2020,338.13071
0562,2021,353.04321
0562,2022,334.66971
0562,2023,331.71609
0562,2024,335.80771
0563,2006,258.211
0563,2007,277.93991
0563,2008,270.86331
0563,2009,265.78781
0563,2010,270.17899
0563,2011,266.68411
0563,2012,272.93481
0563,2013,276.6272
0563,2014,289.96161
0563,2015,304.27921
0563,2016,312.68469
0563,2017,311.66949
0563,2018,310.46249
0563,2019,313.202
0563,2020,320.22531
0563,2021,343.4902
0563,2022,327.89651
0563,2023,314.29181
0563,2024,313.70529
0580,2006,281.17059
0580,2007,298.328
0580,2008,292.98291
0580,2009,295.77429
0580,2010,300.59531
0580,2011,304.56
0580,2012,311.68179
0580,2013,318.1091
0580,2014,330.81009
0580,2015,356.66699
0580,2016,357.8562
0580,2017,360.96649
0580,2018,356.65701
0580,2019,357.3801
0580,2020,360.08359
0580,2021,377.72171
0580,2022,360.90491
0580,2023,348.92511
0580,2024,358.66431
0581,2006,267.8212
0581,2007,282.2269
0581,2008,279.75571
0581,2009,285.62839
0581,2010,290.80121
0581,2011,293.89749
0581,2012,300.46539
0581,2013,303.21161
0581,2014,315.4436
0581,2015,331.41229
0581,2016,334.918
0581,2017,343.23441
0581,2018,354.54941
0581,2019,346.62329
0581,2020,347.14401
0581,2021,365.30371
0581,2022,345.95651
0581,2023,337.23541
0581,2024,343.45081
0582,2006,288.41821
0582,2007,305.11011
0582,2008,304.63931
0582,2009,318.51941
0582,2010,311.4964
0582,2011,314.44601
0582,2012,321.77841
0582,2013,340.4328
0582,2014,332.36789
0582,2015,353.27649
0582,2016,360.35019
0582,2017,374.8894
0582,2018,401.22919
0582,2019,373.2854
0582,2020,379.68781
0582,2021,391.71271
0582,2022,393.95111
0582,2023,378.5943
0582,2024,369.12079
0583,2006,265.94669
0583,2007,280.0643
0583,2008,276.72949
0583,2009,281.20209
0583,2010,283.66321
0583,2011,288.28391
0583,2012,292.77841
0583,2013,296.1752
0583,2014,309.45151
0583,2015,325.7623
0583,2016,330.57419
0583,2017,336.03381
0583,2018,338.93759
0583,2019,343.8248
0583,2020,339.28799
0583,2021,354.46689
0583,2022,346.5347
0583,2023,334.09729
0583,2024,336.88779
0584,2006,275.08701
0584,2007,288.7709
0584,2008,296.49939
0584,2009,295.6593
0584,2010,305.21609
0584,2011,302.94409
0584,2012,310.44049
0584,2013,321.2764
0584,2014,325.7283
0584,2015,350.76291
0584,2016,348.8223
0584,2017,370.5607
0584,2018,361.5834
0584,2019,363.4859
0584,2020,360.3609
0584,2021,381.7229
0584,2022,367.11121
0584,2023,360.82361
0584,2024,384.27811
0586,2006,267.1767
0586,2007,286.4205
0586,2008,286.62531
0586,2009,291.71411
0586,2010,296.22189
0586,2011,297.34381
0586,2012,304.82339
0586,2013,308.10901
0586,2014,322.13199
0586,2015,332.2132
0586,2016,341.1525
0586,2017,347.07199
0586,2018,347.05289
0586,2019,353.23859
0586,2020,350.63031
0586,2021,364.6286
0586,2022,352.86569
0586,2023,346.85529
0586,2024,354.65039
0604,2006,263.59509
0604,2007,287.0564
0604,2008,281.6106
0604,2009,291.27661
0604,2010,306.9455
0604,2011,293.16861
0604,2012,291.4491
0604,2013,304.35919
0604,2014,311.30939
0604,2015,328.6369
0604,2016,339.90509
0604,2017,351.61191
0604,2018,341.4823
0604,2019,341.173
0604,2020,350.1745
0604,2021,352.953
0604,2022,341.27271
0604,2023,335.02621
0604,2024,334.5423
0617,2006,323.918
0617,2007,325.38629
0617,2008,314.42871
0617,2009,297.44791
0617,2010,298.07339
0617,2011,313.2757
0617,2012,332.69681
0617,2013,322.39899
0617,2014,332.38251
0617,2015,361.3447
0617,2016,390.42599
0617,2017,387.10291
0617,2018,354.46271
0617,2019,348.03491
0617,2020,369.33539
0617,2021,375.11621
0617,2022,362.2692
0617,2023,351.47601
0617,2024,352.35211
0642,2006,269.56351
0642,2007,299.51682
0642,2008,286.87289
0642,2009,284.7395
0642,2010,290.7392
0642,2011,294.53781
0642,2012,297.4473
0642,2013,304.62939
0642,2014,317.99231
0642,2015,324.9913
0642,2016,329.94641
0642,2017,343.36938
0642,2018,339.1532
0642,2019,345.76691
0642,2020,347.05441
0642,2021,363.11569
0642,2022,337.8421
0642,2023,332.12781
0642,2024,333.73111
0643,2006,282.06161
0643,2007,303.22351
0643,2008,303.9809
0643,2009,311.34659
0643,2010,317.41019
0643,2011,318.9968
0643,2012,327.65091
0643,2013,329.82721
0643,2014,347.3736
0643,2015,361.13831
0643,2016,373.90921
0643,2017,380.9953
0643,2018,394.23611
0643,2019,389.19199
0643,2020,382.5173
0643,2021,392.89389
0643,2022,390.67529
0643,2023,380.46021
0643,2024,382.4288
0662,2006,287.20151
0662,2007,302.3093
0662,2008,297.44559
0662,2009,292.8938
0662,2010,301.9389
0662,2011,301.40799
0662,2012,309.10431
0662,2013,319.5614
0662,2014,325.82431
0662,2015,364.83701
0662,2016,346.9101
0662,2017,356.17279
0662,2018,349.81949
0662,2019,357.0148
0662,2020,354.85291
0662,2021,375.7037
0662,2022,363.37869
0662,2023,350.06039
0662,2024,352.0491
0665,2006,284.46881
0665,2007,306.27899
0665,2008,295.1207
0665,2009,296.68799
0665,2010,302.59659
0665,2011,306.54449
0665,2012,308.08041
0665,2013,310.83621
0665,2014,324.5079
0665,2015,341.89319
0665,2016,342.70111
0665,2017,352.22198
0665,2018,351.9173
0665,2019,354.91281
0665,2020,348.47189
0665,2021,373.68219
0665,2022,364.26709
0665,2023,350.6384
0665,2024,355.45081
0680,2006,279.97141
0680,2007,302.7377
0680,2008,295.72311
0680,2009,297.45709
0680,2010,303.17801
0680,2011,306.66629
0680,2012,311.18311
0680,2013,315.55261
0680,2014,331.47791
0680,2015,347.63571
0680,2016,355.84161
0680,2017,369.69751
0680,2018,361.63519
0680,2019,359.08701
0680,2020,357.37991
0680,2021,373.9411
0680,2022,362.83081
0680,2023,355.8298
0680,2024,354.70081
0682,2006,271.64679
0682,2007,285.60699
0682,2008,283.83429
0682,2009,283.45551
0682,2010,289.79861
0682,2011,289.41391
0682,2012,295.33289
0682,2013,298.8129
0682,2014,307.90579
0682,2015,315.10031
0682,2016,327.97641
0682,2017,334.62369
0682,2018,332.28271
0682,2019,333.56839
0682,2020,-7.6684999
0682,2021,349.6571
0682,2022,334.48621
0682,2023,325.42361
0682,2024,325.66821
0683,2006,293.3508
0683,2007,327.62399
0683,2008,314.69421
0683,2009,309.68979
0683,2010,311.1283
0683,2011,317.13339
0683,2012,327.50491
0683,2013,322.05649
0683,2014,334.1246
0683,2015,350.12039
0683,2016,369.90421
0683,2017,375.207
0683,2018,359.7803
0683,2019,370.39319
0683,2020,362.8392
0683,2021,384.91891
0683,2022,368.26791
0683,2023,370.09219
0683,2024,369.0914
0684,2006,267.58331
0684,2007,296.16919
0684,2008,282.90189
0684,2009,276.8183
0684,2010,280.8909
0684,2011,287.7146
0684,2012,289.53729
0684,2013,284.8121
0684,2014,301.09641
0684,2015,316.82791
0684,2016,320.24881
0684,2017,345.59479
0684,2018,327.64331
0684,2019,329.70432
0684,2020,328.49799
0684,2021,341.62781
0684,2022,336.62329
0684,2023,334.62329
0684,2024,321.2048
0685,2006,283.21561
0685,2007,305.90399
0685,2008,289.82889
0685,2009,292.31781
0685,2010,294.68921
0685,2011,301.57849
0685,2012,304.62561
0685,2013,306.08719
0685,2014,320.55219
0685,2015,332.93829
0685,2016,341.51971
0685,2017,353.15329
0685,2018,350.0816
0685,2019,340.69739
0685,2020,345.129
0685,2021,364.72849
0685,2022,356.34698
0685,2023,336.48419
0685,2024,346.04959
0686,2006,274.37659
0686,2007,293.5705
0686,2008,289.25
0686,2009,296.78049
0686,2010,301.2774
0686,2011,303.2291
0686,2012,303.92929
0686,2013,304.7356
0686,2014,322.46051
0686,2015,347.2211
0686,2016,351.8223
0686,2017,342.03421
0686,2018,346.11069
0686,2019,341.3916
0686,2020,342.58789
0686,2021,363.35779
0686,2022,351.26831
0686,2023,338.4039
0686,2024,341.62299
0687,2006,264.918
0687,2007,287.4241
0687,2008,282.27539
0687,2009,284.09061
0687,2010,288.17761
0687,2011,286.78641
0687,2012,290.44901
0687,2013,302.95569
0687,2014,315.01141
0687,2015,331.09949
0687,2016,331.01831
0687,2017,348.65179
0687,2018,331.44229
0687,2019,340.20331
0687,2020,338.854
0687,2021,352.40891
0687,2022,344.70169
0687,2023,335.83691
0687,2024,335.29001
0760,2006,265.55051
0760,2007,284.3887
0760,2008,284.36331
0760,2009,273.95801
0760,2010,281.12659
0760,2011,281.91339
0760,2012,285.21561
0760,2013,282.19461
0760,2014,299.70819
0760,2015,309.4075
0760,2016,314.5658
0760,2017,325.16321
0760,2018,331.1543
0760,2019,332.36609
0760,2020,328.9216
0760,2021,342.1712
0760,2022,328.81979
0760,2023,316.31039
0760,2024,319.50311
0761,2006,274.21179
0761,2007,271.35519
0761,2008,268.74841
0761,2009,275.89471
0761,2010,275.23459
0761,2011,275.47171
0761,2012,271.72311
0761,2013,275.61359
0761,2014,278.84009
0761,2015,287.12549
0761,2016,299.7879
0761,2017,304.20071
0761,2018,307.23831
0761,2019,320.3927
0761,2020,306.04019
0761,2021,325.9895
0761,2022,340.77179
0761,2023,316.80811
0761,2024,309.76929
0763,2006,266.1716
0763,2007,282.30081
0763,2008,274.091
0763,2009,275.7359
0763,2010,286.01569
0763,2011,287.186
0763,2012,286.0791
0763,2013,294.71011
0763,2014,298.96091
0763,2015,312.2157
0763,2016,315.73639
0763,2017,327.62311
0763,2018,328.552
0763,2019,330.80231
0763,2020,320.68201
0763,2021,340.31149
0763,2022,329.11319
0763,2023,314.31689
0763,2024,311.2937
0764,2006,283.92099
0764,2007,326.39529
0764,2008,291.25729
0764,2009,286.73129
0764,2010,289.35641
0764,2011,290.39169
0764,2012,294.052
0764,2013,296.59039
0764,2014,305.4342
0764,2015,324.82809
0764,2016,332.17471
0764,2017,330.91251
0764,2018,333.57391
0764,2019,335.81812
0764,2020,339.13681
0764,2021,350.0582
0764,2022,331.0307
0764,2023,333.24411
0764,2024,330.8349
0765,2006,297.4978
0765,2007,312.74438
0765,2008,299.87881
0765,2009,309.43188
0765,2010,314.31189
0765,2011,316.4888
0765,2012,322.36459
0765,2013,325.871
0765,2014,343.66321
0765,2015,358.7171
0765,2016,362.58191
0765,2017,362.11389
0765,2018,363.97989
0765,2019,369.61041
0765,2020,370.66849
0765,2021,386.28101
0765,2022,359.13309
0765,2023,359.41501
0765,2024,357.9411
0767,2006,268.8855
0767,2007,281.15891
0767,2008,267.4563
0767,2009,270.20291
0767,2010,277.53641
0767,2011,273.44171
0767,2012,281.76941
0767,2013,280.7377
0767,2014,289.7572
0767,2015,308.06339
0767,2016,306.4624
0767,2017,314.9006
0767,2018,311.70151
0767,2019,316.8757
0767,2020,325.077
0767,2021,334.63281
0767,2022,333.65771
0767,2023,324.30951
0767,2024,311.53
0780,2006,289.47699
0780,2007,300.3353
0780,2008,297.267
0780,2009,295.90549
0780,2010,302.53421
0780,2011,302.6243
0780,2012,307.97159
0780,2013,313.20789
0780,2014,324.90302
0780,2015,341.64279
0780,2016,349.56979
0780,2017,351.94269
0780,2018,431.1163
0780,2019,361.33151
0780,2020,357.79211
0780,2021,374.56009
0780,2022,374.15131
0780,2023,351.34109
0780,2024,355.1727
0781,2006,289.77161
0781,2007,299.38589
0781,2008,295.3277
0781,2009,293.12909
0781,2010,295.09219
0781,2011,295.55899
0781,2012,299.496
0781,2013,303.20291
0781,2014,312.0885
0781,2015,327.11429
0781,2016,328.1488
0781,2017,333.95901
0781,2018,333.9212
0781,2019,334.5022
0781,2020,340.7153
0781,2021,367.996
0781,2022,352.84259
0781,2023,333.28769
0781,2024,337.41531
0821,2006,242.0117
0821,2007,260.20309
0821,2008,252.28619
0821,2009,253.1378
0821,2010,256.5751
0821,2011,263.84091
0821,2012,257.77771
0821,2013,263.4751
0821,2014,270.20471
0821,2015,283.32629
0821,2016,293.15939
0821,2017,297.19791
0821,2018,298.33469
0821,2019,290.9429
0821,2020,301.77209
0821,2021,314.06949
0821,2022,298.37201
0821,2023,290.05341
0821,2024,285.8367
0834,2006,254.02361
0834,2007,284.3309
0834,2008,275.58011
0834,2009,268.20129
0834,2010,285.82019
0834,2011,279.82739
0834,2012,282.95291
0834,2013,281.8201
0834,2014,292.04221
0834,2015,304.5137
0834,2016,311.0191
0834,2017,403.32861
0834,2018,329.08289
0834,2019,327.5173
0834,2020,323.3064
0834,2021,336.22919
0834,2022,328.6636
0834,2023,322.80219
0834,2024,320.91129
0840,2006,272.88931
0840,2007,291.09399
0840,2008,297.76779
0840,2009,302.98599
0840,2010,309.18411
0840,2011,316.76071
0840,2012,311.37469
0840,2013,313.86499
0840,2014,338.7178
0840,2015,354.104
0840,2016,365.37659
0840,2017,366.7796
0840,2018,367.2879
0840,2019,362.1503
0840,2020,375.5155
0840,2021,396.65729
0840,2022,380.6423
0840,2023,363.7804
0840,2024,365.3345
0860,2006,248.6619
0860,2007,266.72629
0860,2008,260.01669
0860,2009,260.49939
0860,2010,270.76801
0860,2011,270.62491
0860,2012,272.0304
0860,2013,273.01221
0860,2014,282.93469
0860,2015,300.5592
0860,2016,296.89999
0860,2017,301.85071
0860,2018,306.05731
0860,2019,312.22769
0860,2020,310.59479
0860,2021,324.22961
0860,2022,312.67239
0860,2023,300.25211
0860,2024,302.19849
0861,2006,268.33551
0861,2007,287.68701
0861,2008,288.05341
0861,2009,293.5603
0861,2010,313.26819
0861,2011,301.29379
0861,2012,302.0332
0861,2013,301.42639
0861,2014,312.461
0861,2015,326.26999
0861,2016,333.24661
0861,2017,338.71021
0861,2018,333.23029
0861,2019,339.83099
0861,2020,343.55688
0861,2021,353.07791
0861,2022,338.2468
0861,2023,334.94669
0861,2024,334.33911
0862,2006,273.10321
0862,2007,279.62589
0862,2008,284.474
0862,2009,284.24591
0862,2010,288.41501
0862,2011,289.87439
0862,2012,290.28351
0862,2013,296.737
0862,2014,302.7309
0862,2015,311.7048
0862,2016,313.45081
0862,2017,313.7887
0862,2018,318.82458
0862,2019,328.27951
0862,2020,319.86761
0862,2021,335.4856
0862,2022,324.97589
0862,2023,318.88559
0862,2024,319.211
0880,2006,268.8902
0880,2007,286.44312
0880,2008,287.56949
0880,2009,290.02539
0880,2010,295.26031
0880,2011,296.72009
0880,2012,299.94901
0880,2013,306.2291
0880,2014,319.2804
0880,2015,337.50089
0880,2016,345.48611
0880,2017,350.2489
0880,2018,345.70331
0880,2019,350.95929
0880,2020,358.01221
0880,2021,369.62711
0880,2022,351.8017
0880,2023,349.87061
0880,2024,345.75351
0881,2006,261.75409
0881,2007,272.16251
0881,2008,267.23141
0881,2009,268.2981
0881,2010,269.7262
0881,2011,271.70529
0881,2012,274.39169
0881,2013,280.26581
0881,2014,287.64499
0881,2015,300.20361
0881,2016,299.22791
0881,2017,307.25879
0881,2018,309.41422
0881,2019,311.6004
0881,2020,315.0278
0881,2021,325.46051
0881,2022,313.62579
0881,2023,304.11191
0881,2024,305.2421
0882,2006,274.2663
0882,2007,297.48401
0882,2008,297.1055
0882,2009,304.0311
0882,2010,311.8071
0882,2011,322.67819
0882,2012,321.57449
0882,2013,323.59369
0882,2014,335.30371
0882,2015,351.58841
0882,2016,358.16229
0882,2017,350.25269
0882,2018,359.646
0882,2019,354.38779
0882,2020,352.35181
0882,2021,372.80771
0882,2022,347.63089
0882,2023,347.388
0882,2024,345.69119
0883,2006,259.2601
0883,2007,276.99139
0883,2008,283.95459
0883,2009,283.11401
0883,2010,284.87149
0883,2011,290.17169
0883,2012,290.76181
0883,2013,294.80951
0883,2014,306.67999
0883,2015,318.76959
0883,2016,321.1532
0883,2017,330.32431
0883,2018,334.5932
0883,2019,336.65799
0883,2020,337.0
0883,2021,354.63849
0883,2022,342.40051
0883,2023,330.01691
0883,2024,338.6817
0884,2006,313.4873
0884,2007,281.4454
0884,2008,282.04291
0884,2009,282.97009
0884,2010,284.63211
0884,2011,287.8349
0884,2012,291.6843
0884,2013,293.0246
0884,2014,307.78879
0884,2015,323.44049
0884,2016,323.33109
0884,2017,331.5098
0884,2018,331.42191
0884,2019,332.79669
0884,2020,338.05219
0884,2021,350.57791
0884,2022,342.75021
0884,2023,337.3334
0884,2024,331.44739
0885,2006,255.48351
0885,2007,273.65961
0885,2008,264.31699
0885,2009,268.94751
0885,2010,285.49039
0885,2011,285.4729
0885,2012,276.2283
0885,2013,285.3147
0885,2014,292.68341
0885,2015,322.51941
0885,2016,325.27551
0885,2017,335.85001
0885,2018,329.97299
0885,2019,336.54031
0885,2020,340.96509
0885,2021,360.0903
0885,2022,347.1759
0885,2023,334.45749
0885,2024,346.3584
0980,2006,249.0929
0980,2007,271.82309
0980,2008,268.5578
0980,2009,273.0954
0980,2010,278.88971
0980,2011,281.46259
0980,2012,283.5379
0980,2013,287.68439
0980,2014,302.6824
0980,2015,318.76208
0980,2016,324.2269
0980,2017,334.09879
0980,2018,328.60071
0980,2019,333.75769
0980,2020,340.6059
0980,2021,354.53531
0980,2022,336.50571
0980,2023,329.43661
0980,2024,333.21149
1060,2006,264.17068
1060,2007,283.3454
1060,2008,275.05319
1060,2009,270.03461
1060,2010,270.0239
1060,2011,276.63629
1060,2012,281.18851
1060,2013,281.1698
1060,2014,292.76709
1060,2015,302.3287
1060,2016,308.32391
1060,2017,318.95959
1060,2018,323.97351
1060,2019,318.05829
1060,2020,325.57761
1060,2021,334.3187
1060,2022,337.07458
1060,2023,313.5246
1060,2024,318.09741
1080,2006,272.41901
1080,2007,293.8999
1080,2008,281.19351
1080,2009,285.3468
1080,2010,288.99081
1080,2011,290.7222
1080,2012,296.8067
1080,2013,307.20709
1080,2014,316.99411
1080,2015,324.8241
1080,2016,329.16891
1080,2017,339.1633
1080,2018,345.45071
1080,2019,348.5712
1080,2020,353.16422
1080,2021,371.44269
1080,2022,350.63901
1080,2023,347.9494
1080,2024,360.21689
1081,2006,271.3324
1081,2007,276.91
1081,2008,273.11292
1081,2009,269.79929
1081,2010,271.35559
1081,2011,278.01349
1081,2012,283.29489
1081,2013,286.67349
1081,2014,298.56812
1081,2015,305.22711
1081,2016,314.70621
1081,2017,311.35461
1081,2018,314.48969
1081,2019,321.81009
1081,2020,322.4621
1081,2021,333.38669
1081,2022,322.2973
1081,2023,317.3371
1081,2024,320.30539
1082,2006,267.63629
1082,2007,285.28369
1082,2008,280.05441
1082,2009,285.69919
1082,2010,288.15781
1082,2011,288.66641
1082,2012,292.01111
1082,2013,297.98911
1082,2014,309.51239
1082,2015,321.25491
1082,2016,325.62231
1082,2017,333.2973
1082,2018,341.46399
1082,2019,341.98819
1082,2020,345.59409
1082,2021,359.81039
1082,2022,342.41681
1082,2023,333.36481
1082,2024,345.75449
1083,2006,267.25201
1083,2007,286.58411
1083,2008,287.3707
1083,2009,281.96951
1083,2010,284.42221
1083,2011,288.52939
1083,2012,291.68781
1083,2013,300.5661
1083,2014,320.83511
1083,2015,323.67929
1083,2016,334.77829
1083,2017,341.6759
1083,2018,341.14709
1083,2019,344.2132
1083,2020,349.78671
1083,2021,381.6622
1083,2022,369.4137
1083,2023,351.15979
1083,2024,355.05051
1214,2006,267.3584
1214,2007,278.6608
1214,2008,282.34399
1214,2009,281.92249
1214,2010,291.8775
1214,2011,293.83109
1214,2012,289.7312
1214,2013,296.0867
1214,2014,305.72531
1214,2015,316.90521
1214,2016,320.23749
1214,2017,330.16379
1214,2018,330.36551
1214,2019,335.75299
1214,2020,348.24301
1214,2021,355.11499
1214,2022,356.23901
1214,2023,337.6424
1214,2024,341.4071
1230,2006,314.28741
1230,2007,335.64651
1230,2008,329.49231
1230,2009,339.7326
1230,2010,350.5206
1230,2011,350.789
1230,2012,351.1456
1230,2013,357.08911
1230,2014,374.59091
1230,2015,388.67429
1230,2016,394.97369
1230,2017,401.9267
1230,2018,401.5437
1230,2019,406.31329
1230,2020,428.35559
1230,2021,440.87891
1230,2022,425.69009
1230,2023,417.07391
1230,2024,424.7435
1231,2006,263.39679
1231,2007,286.8707
1231,2008,266.7999
1231,2009,270.96701
1231,2010,278.57751
1231,2011,271.6572
1231,2012,276.9873
1231,2013,280.89111
1231,2014,291.33301
1231,2015,305.79001
1231,2016,306.90381
1231,2017,315.0123
1231,2018,315.1676
1231,2019,318.08789
1231,2020,329.50009
1231,2021,339.32001
1231,2022,324.2261
1231,2023,319.4444
1231,2024,325.13101
1233,2006,389.96439
1233,2007,411.6207
1233,2008,393.35281
1233,2009,398.17679
1233,2010,408.27469
1233,2011,417.00821
1233,2012,420.87369
1233,2013,429.2771
1233,2014,455.65991
1233,2015,489.7511
1233,2016,496.56271
1233,2017,529.8609
1233,2018,491.44159
1233,2019,514.55402
1233,2020,558.54633
1233,2021,636.62323
1233,2022,597.45117
1233,2023,565.09583
1233,2024,567.7644
1256,2006,267.54401
1256,2007,284.0657
1256,2008,275.3222
1256,2009,274.79581
1256,2010,278.22198
1256,2011,281.4454
1256,2012,284.9606
1256,2013,280.25009
1256,2014,290.02811
1256,2015,296.53949
1256,2016,299.88159
1256,2017,301.93091
1256,2018,305.91821
1256,2019,310.55759
1256,2020,313.19312
1256,2021,324.77151
1256,2022,312.48611
1256,2023,311.40869
1256,2024,311.4826
1257,2006,258.31241
1257,2007,293.1669
1257,2008,267.57159
1257,2009,268.6666
1257,2010,269.9892
1257,2011,271.09769
1257,2012,277.29761
1257,2013,284.45609
1257,2014,289.41959
1257,2015,301.44131
1257,2016,305.64529
1257,2017,309.61731
1257,2018,314.9541
1257,2019,320.85831
1257,2020,331.03079
1257,2021,348.01871
1257,2022,329.75409
1257,2023,321.85251
1257,2024,323.59811
1260,2006,253.30991
1260,2007,265.36789
1260,2008,257.30591
1260,2009,262.93561
1260,2010,264.14151
1260,2011,265.60461
1260,2012,273.60031
1260,2013,275.358
1260,2014,286.25861
1260,2015,295.0282
1260,2016,299.40521
1260,2017,308.7211
1260,2018,304.65439
1260,2019,308.38181
1260,2020,322.0014
1260,2021,327.9519
1260,2022,316.41431
1260,2023,310.9183
1260,2024,309.42361
1261,2006,318.078
1261,2007,338.48221
1261,2008,341.08749
1261,2009,341.84219
1261,2010,351.76389
1261,2011,351.79681
1261,2012,356.55341
1261,2013,364.74249
1261,2014,386.92569
1261,2015,402.5238
1261,2016,408.58649
1261,2017,422.2962
1261,2018,426.37909
1261,2019,431.86041
1261,2020,437.12939
1261,2021,468.1651
1261,2022,452.80331
1261,2023,439.74719
1261,2024,438.53409
1262,2006,388.5231
1262,2007,421.03461
1262,2008,413.52499
1262,2009,419.1326
1262,2010,422.0636
1262,2011,433.96301
1262,2012,439.32489
1262,2013,445.63599
1262,2014,484.37811
1262,2015,496.42941
1262,2016,507.37271
1262,2017,525.04871
1262,2018,516.98688
1262,2019,524.63348
1262,2020,615.74768
1262,2021,615.91809
1262,2022,584.7832
1262,2023,563.41901
1262,2024,584.125
1263,2006,290.672
1263,2007,313.04391
1263,2008,313.42789
1263,2009,317.81601
1263,2010,324.31201
1263,2011,328.2919
1263,2012,328.97861
1263,2013,334.44669
1263,2014,350.2226
1263,2015,365.01181
1263,2016,368.18091
1263,2017,383.5463
1263,2018,379.9772
1263,2019,383.93161
1263,2020,404.96829
1263,2021,425.31921
1263,2022,397.883
1263,2023,394.772
1263,2024,403.1561
1264,2006,282.54309
1264,2007,299.241
1264,2008,291.36539
1264,2009,289.03949
1264,2010,295.9758
1264,2011,297.40469
1264,2012,310.69879
1264,2013,305.57361
1264,2014,318.73389
1264,2015,333.70621
1264,2016,338.41861
1264,2017,340.6362
1264,2018,343.33591
1264,2019,346.45261
1264,2020,366.1517
1264,2021,393.1947
1264,2022,366.70319
1264,2023,361.68301
1264,2024,359.53751
1265,2006,267.8118
1265,2007,282.66129
1265,2008,278.12671
1265,2009,282.59219
1265,2010,290.24271
1265,2011,287.14819
1265,2012,300.00369
1265,2013,293.90189
1265,2014,310.46329
1265,2015,322.62839
1265,2016,332.88489
1265,2017,330.6033
1265,2018,333.9527
1265,2019,339.43188
1265,2020,352.08249
1265,2021,367.86169
1265,2022,357.0267
1265,2023,350.12091
1265,2024,349.75439
1266,2006,262.85471
1266,2007,288.30881
1266,2008,276.86581
1266,2009,281.418
1266,2010,288.37601
1266,2011,291.49789
1266,2012,292.86261
1266,2013,296.4592
1266,2014,305.0314
1266,2015,322.8511
1266,2016,322.4743
1266,2017,332.09439
1266,2018,328.75629
1266,2019,335.33701
1266,2020,349.35229
1266,2021,365.87881
1266,2022,351.47009
1266,2023,344.46411
1266,2024,346.1785
1267,2006,276.95901
1267,2007,289.53641
1267,2008,285.95679
1267,2009,295.39661
1267,2010,298.80731
1267,2011,302.5636
1267,2012,304.42761
1267,2013,310.24771
1267,2014,323.97781
1267,2015,343.0217
1267,2016,346.58521
1267,2017,352.36111
1267,2018,347.46771
1267,2019,350.92371
1267,2020,370.76599
1267,2021,381.4989
1267,2022,362.1886
1267,2023,357.1308
1267,2024,356.81039
1270,2006,259.95569
1270,2007,271.90451
1270,2008,261.0607
1270,2009,271.60129
1270,2010,282.95599
1270,2011,282.88641
1270,2012,279.60541
1270,2013,291.7706
1270,2014,294.97379
1270,2015,311.28311
1270,2016,318.8754
1270,2017,327.42599
1270,2018,314.90302
1270,2019,319.91391
1270,2020,329.46429
1270,2021,346.45749
1270,2022,344.6882
1270,2023,327.68881
1270,2024,358.05759
1272,2006,268.3252
1272,2007,264.6853
1272,2008,288.89459
1272,2009,280.95749
1272,2010,287.77789
1272,2011,283.93781
1272,2012,286.25
1272,2013,291.76331
1272,2014,300.23669
1272,2015,323.40341
1272,2016,321.70499
1272,2017,328.9584
1272,2018,330.93549
1272,2019,330.71939
1272,2020,336.40411
1272,2021,345.30649
1272,2022,327.3963
1272,2023,326.13211
1272,2024,321.91821
1273,2006,266.17859
1273,2007,283.66489
1273,2008,275.89899
1273,2009,285.19629
1273,2010,286.38361
1273,2011,285.44211
1273,2012,289.5119
1273,2013,288.88959
1273,2014,303.1196
1273,2015,325.1488
1273,2016,320.9903
1273,2017,324.72861
1273,2018,331.91531
1273,2019,330.3161
1273,2020,331.44519
1273,2021,354.9418
1273,2022,336.19189
1273,2023,322.8681
1273,2024,322.9888
1275,2006,264.70349
1275,2007,277.9444
1275,2008,261.1348
1275,2009,263.21561
1275,2010,259.8815
1275,2011,264.76089
1275,2012,262.75549
1275,2013,269.4509
1275,2014,272.88681
1275,2015,285.6597
1275,2016,289.47449
1275,2017,299.5018
1275,2018,298.0387
1275,2019,299.30441
1275,2020,308.60172
1275,2021,349.10291
1275,2022,302.06531
1275,2023,297.71591
1275,2024,301.0524
1276,2006,258.63889
1276,2007,273.7865
1276,2008,262.3233
1276,2009,263.24011
1276,2010,269.37021
1276,2011,272.42651
1276,2012,275.52039
1276,2013,283.2464
1276,2014,291.82941
1276,2015,300.45969
1276,2016,305.63599
1276,2017,311.15829
1276,2018,314.8089
1276,2019,318.66791
1276,2020,325.19571
1276,2021,338.8432
1276,2022,325.76941
1276,2023,325.95432
1276,2024,317.9176
1277,2006,253.4476
1277,2007,266.7626
1277,2008,263.61771
1277,2009,266.00269
1277,2010,269.5766
1277,2011,270.38
1277,2012,273.58661
1277,2013,279.66699
1277,2014,289.09421
1277,2015,301.67331
1277,2016,306.0878
1277,2017,313.89511
1277,2018,315.6373
1277,2019,316.34052
1277,2020,322.9559
1277,2021,334.36459
1277,2022,319.4364
1277,2023,315.47379
1277,2024,314.34891
1278,2006,312.77899
1278,2007,342.10889
1278,2008,316.6846
1278,2009,324.09119
1278,2010,334.49161
1278,2011,338.4017
1278,2012,344.97229
1278,2013,342.32339
1278,2014,357.9556
1278,2015,377.2912
1278,2016,374.01279
1278,2017,426.5087
1278,2018,411.35669
1278,2019,407.9057
1278,2020,411.8696
1278,2021,466.42819
1278,2022,423.70361
1278,2023,420.11292
1278,2024,429.45779
1280,2006,244.8526
1280,2007,258.26431
1280,2008,248.27499
1280,2009,252.65331
1280,2010,255.5056
1280,2011,260.3923
1280,2012,261.7338
1280,2013,267.54999
1280,2014,280.23621
1280,2015,295.7977
1280,2016,302.39249
1280,2017,308.70581
1280,2018,309.85019
1280,2019,312.1272
1280,2020,337.26801
1280,2021,361.5748
1280,2022,341.32571
1280,2023,330.15759
1280,2024,339.9639
1281,2006,277.02509
1281,2007,301.6207
1281,2008,289.88681
1281,2009,289.0658
1281,2010,296.75159
1281,2011,301.4043
1281,2012,301.81311
1281,2013,307.08578
1281,2014,314.7691
1281,2015,336.48441
1281,2016,341.18729
1281,2017,345.901
1281,2018,344.0173
1281,2019,344.2746
1281,2020,351.6709
1281,2021,369.1091
1281,2022,351.8479
1281,2023,340.47861
1281,2024,349.5831
1282,2006,251.8461
1282,2007,266.10281
1282,2008,259.85611
1282,2009,261.02011
1282,2010,265.2178
1282,2011,269.24341
1282,2012,274.29391
1282,2013,277.18359
1282,2014,287.41519
1282,2015,300.12531
1282,2016,310.048
1282,2017,315.7373
1282,2018,320.09381
1282,2019,324.0072
1282,2020,332.66931
1282,2021,348.4108
1282,2022,341.45529
1282,2023,330.97839
1282,2024,334.5484
1283,2006,283.60391
1283,2007,303.2981
1283,2008,293.5441
1283,2009,296.11459
1283,2010,304.17099
1283,2011,306.98831
1283,2012,307.33221
1283,2013,314.4082
1283,2014,325.1962
1283,2015,343.57281
1283,2016,348.85901
1283,2017,354.4603
1283,2018,349.92599
1283,2019,354.10049
1283,2020,367.72321
1283,2021,386.4827
1283,2022,369.03
1283,2023,355.6015
1283,2024,359.67459
1284,2006,326.1441
1284,2007,344.39569
1284,2008,347.2886
1284,2009,342.0058
1284,2010,343.20221
1284,2011,346.22159
1284,2012,359.33911
1284,2013,364.48801
1284,2014,379.74261
1284,2015,398.2659
1284,2016,403.7691
1284,2017,410.13611
1284,2018,403.11221
1284,2019,398.0882
1284,2020,413.47809
1284,2021,448.9151
1284,2022,425.43311
1284,2023,413.23569
1284,2024,412.68561
1285,2006,272.24469
1285,2007,294.49289
1285,2008,284.12601
1285,2009,287.6571
1285,2010,294.93109
1285,2011,297.36469
1285,2012,301.1662
1285,2013,307.74579
1285,2014,316.7551
1285,2015,331.2886
1285,2016,336.66351
1285,2017,343.20331
1285,2018,338.51379
1285,2019,343.61691
1285,2020,355.7522
1285,2021,373.40289
1285,2022,349.38721
1285,2023,342.8367
1285,2024,344.78751
1286,2006,283.74289
1286,2007,308.08911
1286,2008,300.5437
1286,2009,310.05881
1286,2010,321.9866
1286,2011,317.97769
1286,2012,321.10449
1286,2013,325.07239
1286,2014,341.62061
1286,2015,364.08359
1286,2016,370.3584
1286,2017,374.63599
1286,2018,374.2865
1286,2019,382.67319
1286,2020,392.61441
1286,2021,413.18799
1286,2022,387.75079
1286,2023,397.35751
1286,2024,392.841
1287,2006,272.17542
1287,2007,292.28671
1287,2008,286.03091
1287,2009,288.78461
1287,2010,297.00739
1287,2011,295.7695
1287,2012,299.4823
1287,2013,302.918
1287,2014,314.89249
1287,2015,331.85461
1287,2016,335.22769
1287,2017,342.9964
1287,2018,345.62091
1287,2019,352.75891
1287,2020,361.09061
1287,2021,377.62521
1287,2022,364.86899
1287,2023,352.55161
1287,2024,358.49969
1290,2006,275.74521
1290,2007,295.62189
1290,2008,282.45959
1290,2009,284.9845
1290,2010,291.7843
1290,2011,293.5033
1290,2012,293.80069
1290,2013,299.63641
1290,2014,309.92511
1290,2015,324.0614
1290,2016,331.40231
1290,2017,341.20471
1290,2018,336.8804
1290,2019,339.46109
1290,2020,344.5719
1290,2021,359.79761
1290,2022,346.88641
1290,2023,337.1467
1290,2024,342.4736
1291,2006,272.67761
1291,2007,295.98611
1291,2008,281.2662
1291,2009,290.77689
1291,2010,301.54071
1291,2011,334.2438
1291,2012,298.4176
1291,2013,293.3822
1291,2014,316.22699
1291,2015,333.4523
1291,2016,322.9848
1291,2017,341.23199
1291,2018,337.76379
1291,2019,334.60001
1291,2020,368.9523
1291,2021,371.89661
1291,2022,357.21811
1291,2023,347.00879
1291,2024,341.30881
1292,2006,304.2356
1292,2007,325.7695
1292,2008,310.42279
1292,2009,320.19391
1292,2010,322.03149
1292,2011,326.09979
1292,2012,328.66
1292,2013,334.34531
1292,2014,344.6073
1292,2015,367.55649
1292,2016,381.11591
1292,2017,386.38489
1292,2018,376.6785
1292,2019,402.8689
1292,2020,387.40091
1292,2021,417.61411
1292,2022,398.65561
1292,2023,391.49481
1292,2024,391.27899
1293,2006,266.84549
1293,2007,277.05389
1293,2008,272.0192
1293,2009,274.05801
1293,2010,277.9295
1293,2011,284.1568
1293,2012,281.75311
1293,2013,287.91489
1293,2014,295.06281
1293,2015,311.80539
1293,2016,321.207
1293,2017,322.73401
1293,2018,323.82101
1293,2019,327.7496
1293,2020,336.16071
1293,2021,346.94019
1293,2022,334.04111
1293,2023,324.4346
1293,2024,326.56509
1315,2006,281.0101
1315,2007,298.9332
1315,2008,285.56909
1315,2009,282.08881
1315,2010,298.33289
1315,2011,300.87991
1315,2012,301.21011
1315,2013,301.4299
1315,2014,306.5127
1315,2015,315.82581
1315,2016,317.7518
1315,2017,323.28891
1315,2018,326.95541
1315,2019,323.64731
1315,2020,323.52661
1315,2021,328.95291
1315,2022,322.1402
1315,2023,323.34579
1315,2024,319.3895
1380,2006,285.06531
1380,2007,300.82169
1380,2008,300.32419
1380,2009,298.6041
1380,2010,300.5213
1380,2011,303.39621
1380,2012,308.5311
1380,2013,313.07471
1380,2014,324.64249
1380,2015,338.72549
1380,2016,346.55609
1380,2017,353.52979
1380,2018,354.0787
1380,2019,350.85419
1380,2020,351.86951
1380,2021,372.74741
1380,2022,367.03409
1380,2023,349.50821
1380,2024,346.246
1381,2006,275.85831
1381,2007,290.31339
1381,2008,285.73599
1381,2009,284.86441
1381,2010,301.1423
1381,2011,297.44089
1381,2012,302.55341
1381,2013,306.99359
1381,2014,314.04199
1381,2015,348.00949
1381,2016,334.55591
1381,2017,340.0661
1381,2018,340.48459
1381,2019,341.11789
1381,2020,352.09201
1381,2021,369.09851
1381,2022,356.77161
1381,2023,345.9133
1381,2024,344.7514
1382,2006,280.48251
1382,2007,297.08289
1382,2008,290.75931
1382,2009,294.23349
1382,2010,323.21881
1382,2011,305.3616
1382,2012,307.78571
1382,2013,320.9628
1382,2014,325.07419
1382,2015,344.29739
1382,2016,359.47311
1382,2017,357.52899
1382,2018,356.7713
1382,2019,358.80151
1382,2020,360.65469
1382,2021,369.20309
1382,2022,376.27579
1382,2023,357.23569
1382,2024,356.83661
1383,2006,297.08981
1383,2007,315.41849
1383,2008,312.81671
1383,2009,316.10611
1383,2010,319.73239
1383,2011,325.57251
1383,2012,328.45331
1383,2013,332.06931
1383,2014,354.88391
1383,2015,369.34521
1383,2016,389.0687
1383,2017,388.9032
1383,2018,390.47791
1383,2019,388.086
1383,2020,392.56619
1383,2021,413.53519
1383,2022,402.57001
1383,2023,386.2005
1383,2024,389.2536
1384,2006,346.6904
1384,2007,379.93619
1384,2008,378.23401
1384,2009,374.85049
1384,2010,387.81351
1384,2011,403.1481
1384,2012,405.07739
1384,2013,403.4649
1384,2014,427.00751
1384,2015,460.87079
1384,2016,467.25589
1384,2017,468.57721
1384,2018,455.48129
1384,2019,481.76001
1384,2020,477.8692
1384,2021,504.74301
1384,2022,486.13721
1384,2023,471.74081
1384,2024,476.73209
1401,2006,322.03381
1401,2007,351.396
1401,2008,346.61429
1401,2009,348.98889
1401,2010,357.2984
1401,2011,365.55429
1401,2012,373.7645
1401,2013,379.32339
1401,2014,396.9314
1401,2015,415.67169
1401,2016,422.44501
1401,2017,432.30331
1401,2018,432.24799
1401,2019,435.84161
1401,2020,443.9335
1401,2021,470.1033
1401,2022,448.29721
1401,2023,439.21539
1401,2024,446.19559
1402,2006,308.47821
1402,2007,331.17551
1402,2008,328.75589
1402,2009,337.78079
1402,2010,342.44949
1402,2011,345.54449
1402,2012,354.4444
1402,2013,361.60471
1402,2014,379.08679
1402,2015,398.83511
1402,2016,405.64151
1402,2017,420.24069
1402,2018,415.99741
1402,2019,407.31021
1402,2020,408.33719
1402,2021,444.82559
1402,2022,417.2413
1402,2023,408.138
1402,2024,420.59589
1407,2006,307.32959
1407,2007,344.18661
1407,2008,340.72089
1407,2009,348.25891
1407,2010,375.45889
1407,2011,351.42151
1407,2012,366.98309
1407,2013,379.34161
1407,2014,401.55051
1407,2015,413.18359
1407,2016,434.0206
1407,2017,427.0155
1407,2018,429.617
1407,2019,427.578
1407,2020,430.96429
1407,2021,469.5246
1407,2022,446.81381
1407,2023,434.79431
1407,2024,433.23111
1415,2006,309.72919
1415,2007,326.75601
1415,2008,333.27521
1415,2009,335.63269
1415,2010,346.5452
1415,2011,343.2558
1415,2012,350.2941
1415,2013,356.64151
1415,2014,374.16931
1415,2015,390.02521
1415,2016,396.39349
1415,2017,414.65851
1415,2018,404.66779
1415,2019,408.6911
1415,2020,414.17569
1415,2021,428.948
1415,2022,421.1575
1415,2023,409.8317
1415,2024,420.6792
1419,2006,325.41339
1419,2007,339.31769
1419,2008,327.52109
1419,2009,343.22421
1419,2010,349.8671
1419,2011,343.6658
1419,2012,346.86649
1419,2013,357.4819
1419,2014,397.845
1419,2015,389.91321
1419,2016,404.33429
1419,2017,419.16199
1419,2018,401.76709
1419,2019,407.32599
1419,2020,432.17371
1419,2021,451.57599
1419,2022,427.961
1419,2023,431.6698
1419,2024,483.46399
1421,2006,290.04599
1421,2007,311.14209
1421,2008,305.039
1421,2009,306.00131
1421,2010,317.73209
1421,2011,348.2663
1421,2012,322.07239
1421,2013,318.81421
1421,2014,336.46149
1421,2015,353.19159
1421,2016,359.78909
1421,2017,356.76791
1421,2018,364.134
1421,2019,358.80661
1421,2020,369.31229
1421,2021,394.53809
1421,2022,377.1528
1421,2023,388.2316
1421,2024,370.52829
1427,2006,300.97629
1427,2007,310.6102
1427,2008,316.14841
1427,2009,305.61911
1427,2010,317.0289
1427,2011,324.51889
1427,2012,329.91019
1427,2013,333.68469
1427,2014,355.85931
1427,2015,378.60269
1427,2016,380.69101
1427,2017,389.81812
1427,2018,421.4971
1427,2019,406.21469
1427,2020,412.26279
1427,2021,429.58151
1427,2022,432.9711
1427,2023,425.06351
1427,2024,408.02441
1430,2006,251.7522
1430,2007,268.3652
1430,2008,263.9357
1430,2009,266.5195
1430,2010,273.7919
1430,2011,271.3573
1430,2012,276.8989
1430,2013,279.68271
1430,2014,290.07919
1430,2015,305.29501
1430,2016,310.66711
1430,2017,314.70261
1430,2018,316.31339
1430,2019,322.85651
1430,2020,335.5083
1430,2021,343.52521
1430,2022,335.86938
1430,2023,324.11081
1430,2024,326.1124
1435,2006,276.76331
1435,2007,282.323
1435,2008,278.6868
1435,2009,280.3815
1435,2010,294.0018
1435,2011,286.71371
1435,2012,298.31821
1435,2013,293.68811
1435,2014,316.5881
1435,2015,330.45041
1435,2016,341.20001
1435,2017,340.16959
1435,2018,333.45169
1435,2019,349.17209
1435,2020,364.38831
1435,2021,383.42859
1435,2022,378.38651
1435,2023,360.14209
1435,2024,371.45679
1438,2006,231.9903
1438,2007,243.6227
1438,2008,239.2552
1438,2009,243.6835
1438,2010,242.377
1438,2011,245.40021
1438,2012,249.9585
1438,2013,252.8532
1438,2014,267.18921
1438,2015,278.47269
1438,2016,281.44461
1438,2017,289.90121
1438,2018,289.87021
1438,2019,301.5209
1438,2020,328.05981
1438,2021,334.52151
1438,2022,326.50641
1438,2023,327.18399
1438,2024,332.8165
1439,2006,251.9547
1439,2007,264.16669
1439,2008,266.4722
1439,2009,270.04721
1439,2010,275.37991
1439,2011,271.01419
1439,2012,268.48389
1439,2013,273.91379
1439,2014,286.64151
1439,2015,311.444
1439,2016,313.0856
1439,2017,315.2377
1439,2018,319.37949
1439,2019,319.28922
1439,2020,323.1145
1439,2021,333.7395
1439,2022,322.6665
1439,2023,322.7648
1439,2024,319.6456
1440,2006,282.44739
1440,2007,301.789
1440,2008,301.70941
1440,2009,304.59219
1440,2010,309.43991
1440,2011,313.0209
1440,2012,319.03571
1440,2013,322.85971
1440,2014,339.83649
1440,2015,355.41281
1440,2016,365.27521
1440,2017,371.99509
1440,2018,370.00809
1440,2019,376.97479
1440,2020,376.06781
1440,2021,392.48969
1440,2022,379.056
1440,2023,370.14499
1440,2024,377.83881
1441,2006,327.4021
1441,2007,340.65369
1441,2008,343.5596
1441,2009,346.8837
1441,2010,358.21381
1441,2011,358.97919
1441,2012,367.70691
1441,2013,375.86639
1441,2014,391.50629
1441,2015,422.42209
1441,2016,426.21951
1441,2017,439.3512
1441,2018,428.62881
1441,2019,427.34329
1441,2020,434.37051
1441,2021,455.22369
1441,2022,436.5466
1441,2023,432.97021
1441,2024,438.04971
1442,2006,266.1778
1442,2007,283.18079
1442,2008,283.54861
1442,2009,289.29391
1442,2010,294.57681
1442,2011,290.3147
1442,2012,296.74359
1442,2013,299.5954
1442,2014,314.5611
1442,2015,332.14941
1442,2016,335.7587
1442,2017,339.19711
1442,2018,343.80649
1442,2019,343.4101
1442,2020,349.1955
1442,2021,372.10519
1442,2022,352.5271
1442,2023,349.85309
1442,2024,353.63699
1443,2006,303.4082
1443,2007,327.4986
1443,2008,329.3219
1443,2009,324.7121
1443,2010,329.19241
1443,2011,342.71249
1443,2012,345.70901
1443,2013,341.98999
1443,2014,358.20621
1443,2015,402.6958
1443,2016,404.39871
1443,2017,405.00781
1443,2018,391.78519
1443,2019,383.61151
1443,2020,394.40939
1443,2021,429.46741
1443,2022,393.85489
1443,2023,387.38681
1443,2024,387.71481
1444,2006,269.2749
1444,2007,289.46371
1444,2008,280.8822
1444,2009,286.4021
1444,2010,301.17981
1444,2011,290.16931
1444,2012,297.20499
1444,2013,297.81741
1444,2014,315.40869
1444,2015,330.0791
1444,2016,339.89749
1444,2017,352.42151
1444,2018,372.86929
1444,2019,345.5849
1444,2020,357.9866
1444,2021,363.66849
1444,2022,372.2019
1444,2023,340.1395
1444,2024,344.8656
1445,2006,261.02759
1445,2007,282.0253
1445,2008,277.57889
1445,2009,280.87939
1445,2010,283.3967
1445,2011,283.71161
1445,2012,295.5961
1445,2013,293.66931
1445,2014,308.87881
1445,2015,322.08881
1445,2016,321.49011
1445,2017,346.51059
1445,2018,351.34131
1445,2019,332.84521
1445,2020,336.41779
1445,2021,342.57819
1445,2022,330.27161
1445,2023,327.17389
1445,2024,328.34601
1446,2006,262.53531
1446,2007,284.3241
1446,2008,277.82169
1446,2009,288.22211
1446,2010,293.5694
1446,2011,294.83939
1446,2012,300.5369
1446,2013,302.83231
1446,2014,314.03329
1446,2015,329.49121
1446,2016,323.28641
1446,2017,333.173
1446,2018,340.4194
1446,2019,344.505
1446,2020,354.9245
1446,2021,370.16269
1446,2022,352.34491
1446,2023,348.08261
1446,2024,361.3085
1447,2006,242.21429
1447,2007,250.6078
1447,2008,249.1232
1447,2009,250.8013
1447,2010,258.40521
1447,2011,257.63431
1447,2012,258.0871
1447,2013,261.2088
1447,2014,279.09799
1447,2015,287.68881
1447,2016,289.36871
1447,2017,309.28119
1447,2018,301.58151
1447,2019,303.93039
1447,2020,308.34149
1447,2021,333.77841
1447,2022,321.10059
1447,2023,306.03641
1447,2024,317.72119
1452,2006,281.07809
1452,2007,297.76099
1452,2008,292.96021
1452,2009,288.81079
1452,2010,300.97421
1452,2011,312.57281
1452,2012,315.6933
1452,2013,308.0444
1452,2014,325.7182
1452,2015,332.08719
1452,2016,343.72919
1452,2017,355.2131
1452,2018,346.44611
1452,2019,351.16049
1452,2020,350.5278
1452,2021,376.77661
1452,2022,352.2023
1452,2023,350.40469
1452,2024,346.84549
1460,2006,236.75301
1460,2007,250.336
1460,2008,246.0118
1460,2009,252.01289
1460,2010,249.8439
1460,2011,256.1879
1460,2012,259.21091
1460,2013,262.75229
1460,2014,268.97409
1460,2015,279.74881
1460,2016,278.10971
1460,2017,290.4938
1460,2018,292.13409
1460,2019,298.297
1460,2020,307.5368
1460,2021,322.85461
1460,2022,314.5014
1460,2023,305.6546
1460,2024,312.3165
1461,2006,242.4796
1461,2007,253.4894
1461,2008,255.4765
1461,2009,256.54568
1461,2010,256.0513
1461,2011,256.20261
1461,2012,263.4259
1461,2013,260.76959
1461,2014,271.83759
1461,2015,277.80121
1461,2016,281.77869
1461,2017,295.61691
1461,2018,307.05429
1461,2019,308.79749
1461,2020,320.83179
1461,2021,329.52841
1461,2022,315.18341
1461,2023,308.33011
1461,2024,305.66611
1462,2006,268.71811
1462,2007,283.61279
1462,2008,282.9631
1462,2009,283.8688
1462,2010,287.3847
1462,2011,294.70901
1462,2012,295.77551
1462,2013,298.04401
1462,2014,309.3468
1462,2015,324.84619
1462,2016,330.75131
1462,2017,341.78339
1462,2018,350.96201
1462,2019,341.52609
1462,2020,346.6221
1462,2021,357.2041
1462,2022,344.89111
1462,2023,343.72379
1462,2024,344.59131
1463,2006,273.35739
1463,2007,292.74249
1463,2008,290.81671
1463,2009,291.47131
1463,2010,297.58139
1463,2011,304.08081
1463,2012,305.87009
1463,2013,310.14999
1463,2014,321.1485
1463,2015,340.767
1463,2016,349.0061
1463,2017,353.43301
1463,2018,351.4967
1463,2019,352.49881
1463,2020,361.4024
1463,2021,374.29111
1463,2022,375.9733
1463,2023,347.30801
1463,2024,352.2114
1465,2006,276.31689
1465,2007,289.14679
1465,2008,286.78351
1465,2009,283.21249
1465,2010,317.65469
1465,2011,288.31241
1465,2012,294.29199
1465,2013,339.9205
1465,2014,292.15289
1465,2015,317.2861
1465,2016,348.7554
1465,2017,331.36191
1465,2018,336.0405
1465,2019,461.8663
1465,2020,342.29761
1465,2021,349.05521
1465,2022,347.84821
1465,2023,335.68881
1465,2024,333.37479
1466,2006,266.9819
1466,2007,279.5368
1466,2008,278.24939
1466,2009,279.34839
1466,2010,288.36829
1466,2011,290.2648
1466,2012,294.5101
1466,2013,295.56561
1466,2014,308.78989
1466,2015,329.56061
1466,2016,322.59869
1466,2017,336.1091
1466,2018,339.0401
1466,2019,344.42599
1466,2020,338.30359
1466,2021,355.11569
1466,2022,349.82889
1466,2023,332.94879
1466,2024,362.49219
1470,2006,266.9303
1470,2007,285.646
1470,2008,283.69049
1470,2009,285.94669
1470,2010,288.24161
1470,2011,294.76709
1470,2012,294.45261
1470,2013,299.8797
1470,2014,313.94559
1470,2015,322.51981
1470,2016,327.14001
1470,2017,340.9278
1470,2018,330.069
1470,2019,341.67191
1470,2020,336.39221
1470,2021,360.2872
1470,2022,339.49829
1470,2023,334.9267
1470,2024,326.6188
1471,2006,274.72009
1471,2007,300.62091
1471,2008,293.9006
1471,2009,290.02679
1471,2010,297.418
1471,2011,298.89999
1471,2012,301.7966
1471,2013,310.18411
1471,2014,319.07501
1471,2015,330.09259
1471,2016,336.16919
1471,2017,336.62521
1471,2018,346.26831
1471,2019,365.3027
1471,2020,349.8439
1471,2021,393.89999
1471,2022,351.9473
1471,2023,343.43719
1471,2024,345.58081
1472,2006,259.89941
1472,2007,272.88589
1472,2008,271.6113
1472,2009,276.8461
1472,2010,282.8345
1472,2011,287.0914
1472,2012,286.34451
1472,2013,288.17239
1472,2014,295.29709
1472,2015,307.97421
1472,2016,316.2103
1472,2017,332.29221
1472,2018,324.64069
1472,2019,322.23959
1472,2020,328.72049
1472,2021,348.24051
1472,2022,333.34949
1472,2023,323.00601
1472,2024,327.52701
1473,2006,238.3746
1473,2007,257.83801
1473,2008,255.246
1473,2009,254.7554
1473,2010,261.94171
1473,2011,271.9726
1473,2012,268.95511
1473,2013,272.40311
1473,2014,282.3049
1473,2015,296.70819
1473,2016,300.97519
1473,2017,326.1763
1473,2018,305.27631
1473,2019,308.89731
1473,2020,311.3815
1473,2021,347.88269
1473,2022,318.4119
1473,2023,322.3562
1473,2024,335.4574
1480,2006,280.3287
1480,2007,299.8233
1480,2008,294.08951
1480,2009,294.02899
1480,2010,299.7507
1480,2011,301.4093
1480,2012,310.2926
1480,2013,314.7706
1480,2014,331.6597
1480,2015,352.2424
1480,2016,360.42181
1480,2017,363.3056
1480,2018,361.50729
1480,2019,364.2616
1480,2020,364.21359
1480,2021,385.2952
1480,2022,367.2916
1480,2023,355.89429
1480,2024,365.13959
1481,2006,303.38419
1481,2007,325.86441
1481,2008,323.94211
1481,2009,329.02301
1481,2010,333.96509
1481,2011,340.54181
1481,2012,348.94199
1481,2013,355.71579
1481,2014,372.96579
1481,2015,394.8876
1481,2016,395.6962
1481,2017,401.38229
1481,2018,401.6676
1481,2019,405.01889
1481,2020,407.41461
1481,2021,425.561
1481,2022,409.80688
1481,2023,400.47781
1481,2024,408.0838
1482,2006,310.73309
1482,2007,334.8848
1482,2008,326.79141
1482,2009,331.81271
1482,2010,339.8302
1482,2011,343.31851
1482,2012,347.1456
1482,2013,356.0025
1482,2014,375.9411
1482,2015,397.01001
1482,2016,407.91821
1482,2017,415.6181
1482,2018,413.63959
1482,2019,415.55359
1482,2020,411.39679
1482,2021,429.75491
1482,2022,413.9964
1482,2023,407.63919
1482,2024,411.2276
1484,2006,273.35489
1484,2007,293.39691
1484,2008,294.60281
1484,2009,293.577
1484,2010,298.54959
1484,2011,298.81879
1484,2012,303.02109
1484,2013,312.02899
1484,2014,325.63669
1484,2015,333.47839
1484,2016,336.6857
1484,2017,347.55701
1484,2018,341.83191
1484,2019,346.56461
1484,2020,352.30521
1484,2021,380.36929
1484,2022,356.04919
1484,2023,352.75549
1484,2024,358.36951
1485,2006,274.60559
1485,2007,296.99039
1485,2008,297.69809
1485,2009,289.2338
1485,2010,293.48251
1485,2011,297.12201
1485,2012,299.97321
1485,2013,302.6698
1485,2014,318.2757
1485,2015,330.6601
1485,2016,342.7692
1485,2017,350.30331
1485,2018,347.59
1485,2019,347.61929
1485,2020,357.35629
1485,2021,367.67371
1485,2022,356.07791
1485,2023,348.92279
1485,2024,351.39319
1486,2006,261.5444
1486,2007,297.5014
1486,2008,259.89471
1486,2009,275.58499
1486,2010,282.9324
1486,2011,272.88229
1486,2012,297.1387
1486,2013,275.18979
1486,2014,289.93201
1486,2015,295.4451
1486,2016,302.47119
1486,2017,305.0358
1486,2018,303.73541
1486,2019,384.12
1486,2020,373.16849
1486,2021,374.8255
1486,2022,388.12479
1486,2023,372.0235
1486,2024,380.2131
1487,2006,270.22879
1487,2007,285.8913
1487,2008,282.76099
1487,2009,288.60089
1487,2010,290.50381
1487,2011,291.2977
1487,2012,293.96829
1487,2013,295.99359
1487,2014,305.7522
1487,2015,319.4906
1487,2016,322.26801
1487,2017,333.36371
1487,2018,342.00589
1487,2019,334.2937
1487,2020,346.29239
1487,2021,354.4342
1487,2022,337.10849
1487,2023,328.6976
1487,2024,336.5809
1488,2006,274.06879
1488,2007,289.21921
1488,2008,284.00851
1488,2009,286.19299
1488,2010,288.13281
1488,2011,287.77911
1488,2012,296.0463
1488,2013,295.69669
1488,2014,308.40009
1488,2015,323.5621
1488,2016,331.99481
1488,2017,341.40839
1488,2018,341.5065
1488,2019,340.06479
1488,2020,341.19901
1488,2021,352.0611
1488,2022,336.75491
1488,2023,331.5849
1488,2024,334.77969
1489,2006,289.1796
1489,2007,306.8418
1489,2008,311.50769
1489,2009,309.6423
1489,2010,314.16119
1489,2011,313.37671
1489,2012,320.12891
1489,2013,331.4115
1489,2014,342.13361
1489,2015,358.2243
1489,2016,370.90121
1489,2017,380.32831
1489,2018,378.47479
1489,2019,389.54431
1489,2020,382.14011
1489,2021,402.3165
1489,2022,392.46219
1489,2023,376.48529
1489,2024,384.40091
1490,2006,273.72501
1490,2007,292.65201
1490,2008,290.29739
1490,2009,292.01071
1490,2010,295.57391
1490,2011,301.13629
1490,2012,305.89481
1490,2013,312.61911
1490,2014,322.2193
1490,2015,338.69379
1490,2016,358.2002
1490,2017,352.40689
1490,2018,357.7977
1490,2019,353.28351
1490,2020,353.94751
1490,2021,377.7146
1490,2022,363.0007
1490,2023,344.38879
1490,2024,343.2128
1491,2006,288.7952
1491,2007,297.69659
1491,2008,291.3804
1491,2009,292.95181
1491,2010,300.7373
1491,2011,304.76541
1491,2012,306.51041
1491,2013,315.6076
1491,2014,328.47009
1491,2015,342.87201
1491,2016,358.43771
1491,2017,363.92911
1491,2018,371.67169
1491,2019,363.25919
1491,2020,375.03241
1491,2021,387.32889
1491,2022,378.12799
1491,2023,356.1528
1491,2024,354.05859
1492,2006,260.2403
1492,2007,269.0264
1492,2008,259.95941
1492,2009,263.9744
1492,2010,264.64151
1492,2011,268.14929
1492,2012,270.07291
1492,2013,272.63351
1492,2014,282.5712
1492,2015,289.13589
1492,2016,291.3869
1492,2017,298.54041
1492,2018,301.19339
1492,2019,308.4458
1492,2020,320.34369
1492,2021,330.43839
1492,2022,330.48599
1492,2023,318.53101
1492,2024,315.6853
1493,2006,263.52689
1493,2007,281.5762
1493,2008,275.47971
1493,2009,278.2373
1493,2010,285.23541
1493,2011,288.7486
1493,2012,289.69629
1493,2013,295.66379
1493,2014,307.89761
1493,2015,320.14331
1493,2016,327.6001
1493,2017,349.604
1493,2018,341.3941
1493,2019,346.0043
1493,2020,347.47781
1493,2021,369.47141
1493,2022,343.15671
1493,2023,338.98691
1493,2024,349.81631
1494,2006,287.29489
1494,2007,302.8606
1494,2008,299.5842
1494,2009,301.87851
1494,2010,317.67731
1494,2011,309.01691
1494,2012,311.52951
1494,2013,312.64459
1494,2014,329.65759
1494,2015,343.4191
1494,2016,352.45569
1494,2017,362.42761
1494,2018,359.06451
1494,2019,364.6705
1494,2020,366.9321
1494,2021,386.1055
1494,2022,368.3652
1494,2023,371.93781
1494,2024,366.26941
1495,2006,290.7525
1495,2007,287.05521
1495,2008,286.2916
1495,2009,288.1857
1495,2010,294.42761
1495,2011,301.3075
1495,2012,301.6059
1495,2013,325.2818
1495,2014,331.3067
1495,2015,363.30151
1495,2016,358.3992
1495,2017,371.80969
1495,2018,338.9856
1495,2019,349.66339
1495,2020,360.19141
1495,2021,367.45529
1495,2022,344.0159
1495,2023,337.17969
1495,2024,347.5827
1496,2006,272.29221
1496,2007,289.39529
1496,2008,289.78751
1496,2009,291.66599
1496,2010,294.2005
1496,2011,303.30469
1496,2012,308.19171
1496,2013,311.0799
1496,2014,324.8931
1496,2015,339.64651
1496,2016,346.81879
1496,2017,352.79861
1496,2018,352.34079
1496,2019,357.0708
1496,2020,356.06271
1496,2021,380.6503
1496,2022,364.56519
1496,2023,350.33411
1496,2024,358.13831
1497,2006,269.8371
1497,2007,282.43631
1497,2008,282.56009
1497,2009,284.35861
1497,2010,289.62521
1497,2011,295.039
1497,2012,300.4053
1497,2013,303.0939
1497,2014,312.8764
1497,2015,327.5553
1497,2016,333.86749
1497,2017,356.1442
1497,2018,349.2713
1497,2019,347.33011
1497,2020,346.26971
1497,2021,377.1228
1497,2022,358.16971
1497,2023,356.11411
1497,2024,371.64459
1498,2006,261.30481
1498,2007,279.69281
1498,2008,270.88129
1498,2009,275.14941
1498,2010,281.70691
1498,2011,288.52869
1498,2012,284.2338
1498,2013,288.1221
1498,2014,299.82541
1498,2015,310.92068
1498,2016,319.80521
1498,2017,326.40039
1498,2018,330.77261
1498,2019,342.30331
1498,2020,340.24271
1498,2021,349.97021
1498,2022,336.7323
1498,2023,330.78009
1498,2024,328.92361
1499,2006,268.13879
1499,2007,285.48831
1499,2008,283.61661
1499,2009,282.37979
1499,2010,285.56259
1499,2011,287.23651
1499,2012,292.8916
1499,2013,297.36441
1499,2014,306.79001
1499,2015,316.86789
1499,2016,328.48169
1499,2017,326.8989
1499,2018,329.57751
1499,2019,333.48349
1499,2020,337.68521
1499,2021,356.16849
1499,2022,341.72049
1499,2023,333.6134
1499,2024,330.46939
1715,2006,263.55869
1715,2007,277.86292
1715,2008,276.09589
1715,2009,280.40619
1715,2010,282.92709
1715,2011,283.93939
1715,2012,289.30811
1715,2013,295.76089
1715,2014,302.3905
1715,2015,322.40561
1715,2016,327.60172
1715,2017,334.22501
1715,2018,344.4899
1715,2019,337.26559
1715,2020,351.19171
1715,2021,372.48511
1715,2022,355.76389
1715,2023,350.45319
1715,2024,351.2756
1730,2006,222.634
1730,2007,238.52361
1730,2008,238.0567
1730,2009,233.12131
1730,2010,235.1273
1730,2011,237.95151
1730,2012,240.60091
1730,2013,242.7753
1730,2014,249.5079
1730,2015,258.19019
1730,2016,269.60471
1730,2017,270.94571
1730,2018,276.94019
1730,2019,283.98499
1730,2020,345.82809
1730,2021,352.1759
1730,2022,362.55099
1730,2023,358.40521
1730,2024,360.37509
1737,2006,239.47729
1737,2007,256.8551
1737,2008,250.8456
1737,2009,253.37309
1737,2010,261.48691
1737,2011,263.04099
1737,2012,263.8688
1737,2013,268.5065
1737,2014,273.85419
1737,2015,285.47769
1737,2016,286.75659
1737,2017,305.26611
1737,2018,311.3468
1737,2019,310.51379
1737,2020,333.5542
1737,2021,344.12131
1737,2022,339.91559
1737,2023,335.78049
1737,2024,339.00171
1760,2006,255.6281
1760,2007,270.39359
1760,2008,268.99521
1760,2009,269.48209
1760,2010,266.29568
1760,2011,271.97061
1760,2012,275.30579
1760,2013,273.8465
1760,2014,278.85709
1760,2015,300.22531
1760,2016,297.86981
1760,2017,301.17331
1760,2018,317.0993
1760,2019,320.71951
1760,2020,325.8746
1760,2021,353.6532
1760,2022,329.57779
1760,2023,327.43759
1760,2024,319.51791
1761,2006,300.4877
1761,2007,320.3093
1761,2008,315.1601
1761,2009,323.52139
1761,2010,330.23471
1761,2011,335.00629
1761,2012,338.2887
1761,2013,342.17459
1761,2014,363.02661
1761,2015,384.4136
1761,2016,399.1019
1761,2017,397.47699
1761,2018,399.92679
1761,2019,398.89331
1761,2020,406.0387
1761,2021,418.1358
1761,2022,410.58661
1761,2023,429.79831
1761,2024,424.7645
1762,2006,240.12621
1762,2007,254.9239
1762,2008,250.6416
1762,2009,248.349
1762,2010,257.02509
1762,2011,256.29269
1762,2012,259.048
1762,2013,256.69901
1762,2014,269.94031
1762,2015,280.43719
1762,2016,278.62259
1762,2017,307.43649
1762,2018,292.79651
1762,2019,299.76251
1762,2020,304.32819
1762,2021,311.50519
1762,2022,301.12531
1762,2023,294.03989
1762,2024,297.3645
1763,2006,257.8739
1763,2007,270.17999
1763,2008,266.30331
1763,2009,272.207
1763,2010,275.9913
1763,2011,278.27429
1763,2012,280.57501
1763,2013,281.8436
1763,2014,290.3862
1763,2015,307.31461
1763,2016,313.31799
1763,2017,324.87149
1763,2018,320.6658
1763,2019,325.69571
1763,2020,336.47931
1763,2021,343.5513
1763,2022,336.40521
1763,2023,328.87689
1763,2024,329.56949
1764,2006,256.9686
1764,2007,271.12051
1764,2008,267.14749
1764,2009,267.5578
1764,2010,269.58081
1764,2011,269.97369
1764,2012,274.67361
1764,2013,276.6759
1764,2014,286.14139
1764,2015,300.60629
1764,2016,307.17981
1764,2017,315.6579
1764,2018,318.49551
1764,2019,322.67661
1764,2020,333.74979
1764,2021,337.9548
1764,2022,343.77521
1764,2023,318.2926
1764,2024,325.81259
1765,2006,223.2211
1765,2007,239.26559
1765,2008,233.62511
1765,2009,226.53951
1765,2010,230.3813
1765,2011,229.4753
1765,2012,240.2525
1765,2013,234.9566
1765,2014,242.6335
1765,2015,253.02271
1765,2016,259.51251
1765,2017,263.13809
1765,2018,266.56351
1765,2019,269.68521
1765,2020,345.39761
1765,2021,361.25021
1765,2022,353.12271
1765,2023,344.63901
1765,2024,350.49609
1766,2006,254.21719
1766,2007,268.444
1766,2008,261.2453
1766,2009,264.54739
1766,2010,268.3382
1766,2011,273.80829
1766,2012,276.4588
1766,2013,279.24191
1766,2014,284.8233
1766,2015,295.68341
1766,2016,304.98801
1766,2017,317.29791
1766,2018,315.21979
1766,2019,320.5864
1766,2020,342.2338
1766,2021,347.30869
1766,2022,339.6304
1766,2023,331.3721
1766,2024,327.9223
1780,2006,270.84631
1780,2007,285.7056
1780,2008,283.1553
1780,2009,285.7886
1780,2010,290.43301
1780,2011,292.37531
1780,2012,294.57141
1780,2013,301.54651
1780,2014,313.79129
1780,2015,331.2608
1780,2016,338.90948
1780,2017,348.6676
1780,2018,344.4841
1780,2019,345.0408
1780,2020,354.31409
1780,2021,369.96219
1780,2022,365.54739
1780,2023,346.39709
1780,2024,351.33701
1781,2006,256.38159
1781,2007,270.0173
1781,2008,265.08551
1781,2009,270.72421
1781,2010,272.51959
1781,2011,272.7663
1781,2012,274.33231
1781,2013,278.91211
1781,2014,286.79681
1781,2015,299.50861
1781,2016,306.54111
1781,2017,315.18069
1781,2018,315.71301
1781,2019,322.71091
1781,2020,326.31781
1781,2021,344.77371
1781,2022,323.95941
1781,2023,320.95441
1781,2024,322.8176
1782,2006,238.4464
1782,2007,252.99339
1782,2008,250.1451
1782,2009,251.0502
1782,2010,254.48849
1782,2011,261.36819
1782,2012,261.40659
1782,2013,264.50781
1782,2014,270.06299
1782,2015,280.0542
1782,2016,279.0329
1782,2017,290.66422
1782,2018,291.62509
1782,2019,291.327
1782,2020,301.42651
1782,2021,313.1796
1782,2022,297.97931
1782,2023,288.60889
1782,2024,293.6076
1783,2006,246.32739
1783,2007,262.3475
1783,2008,259.60941
1783,2009,254.62289
1783,2010,261.4115
1783,2011,275.237
1783,2012,267.5011
1783,2013,269.14639
1783,2014,280.31229
1783,2015,296.5578
1783,2016,292.63531
1783,2017,315.59991
1783,2018,303.83069
1783,2019,302.41251
1783,2020,310.569
1783,2021,316.26111
1783,2022,304.5614
1783,2023,300.62009
1783,2024,298.8822
1784,2006,257.3392
1784,2007,279.1875
1784,2008,271.8923
1784,2009,270.53409
1784,2010,271.61169
1784,2011,276.24741
1784,2012,280.03281
1784,2013,291.2189
1784,2014,292.3219
1784,2015,306.7146
1784,2016,308.81161
1784,2017,311.55359
1784,2018,319.15811
1784,2019,320.25629
1784,2020,337.5123
1784,2021,351.2049
1784,2022,344.56671
1784,2023,336.16849
1784,2024,339.3465
1785,2006,253.7569
1785,2007,276.46011
1785,2008,264.2525
1785,2009,264.58771
1785,2010,268.6127
1785,2011,269.233
1785,2012,268.97379
1785,2013,276.6582
1785,2014,275.7002
1785,2015,285.34369
1785,2016,291.621
1785,2017,300.98279
1785,2018,301.82111
1785,2019,306.80441
1785,2020,316.17151
1785,2021,331.7756
1785,2022,319.98871
1785,2023,307.5928
1785,2024,311.3194
1814,2006,270.3699
1814,2007,294.65991
1814,2008,281.31589
1814,2009,282.95499
1814,2010,302.12
1814,2011,298.8847
1814,2012,299.64191
1814,2013,307.06519
1814,2014,318.819
1814,2015,338.707
1814,2016,346.43381
1814,2017,355.85089
1814,2018,352.3743
1814,2019,361.53491
1814,2020,364.3501
1814,2021,379.5444
1814,2022,371.38211
1814,2023,363.52179
1814,2024,363.9726
1860,2006,258.56601
1860,2007,274.3143
1860,2008,272.88821
1860,2009,273.8287
1860,2010,282.99759
1860,2011,286.37579
1860,2012,289.29871
1860,2013,287.57361
1860,2014,295.1611
1860,2015,303.25931
1860,2016,312.612
1860,2017,325.18188
1860,2018,320.69699
1860,2019,318.19699
1860,2020,328.80688
1860,2021,330.228
1860,2022,316.8414
1860,2023,316.81729
1860,2024,314.22501
1861,2006,263.8306
1861,2007,278.6944
1861,2008,279.77371
1861,2009,279.64569
1861,2010,282.97311
1861,2011,287.9346
1861,2012,291.11649
1861,2013,295.06189
1861,2014,303.27161
1861,2015,320.16791
1861,2016,321.71191
1861,2017,323.33011
1861,2018,323.50861
1861,2019,326.71689
1861,2020,329.01099
1861,2021,350.9556
1861,2022,332.26669
1861,2023,323.70691
1861,2024,327.6192
1862,2006,259.6684
1862,2007,273.10071
1862,2008,281.672
1862,2009,276.29221
1862,2010,274.92551
1862,2011,279.0213
1862,2012,280.9516
1862,2013,283.57141
1862,2014,291.70221
1862,2015,302.72861
1862,2016,307.22821
1862,2017,309.90121
1862,2018,313.4584
1862,2019,308.42401
1862,2020,338.02649
1862,2021,328.41791
1862,2022,320.93069
1862,2023,316.15131
1862,2024,318.37979
1863,2006,246.75661
1863,2007,256.54431
1863,2008,259.53
1863,2009,257.31421
1863,2010,262.05841
1863,2011,264.71609
1863,2012,263.74811
1863,2013,270.3989
1863,2014,279.60141
1863,2015,280.7594
1863,2016,285.94641
1863,2017,296.13681
1863,2018,302.9313
1863,2019,297.23141
1863,2020,295.608
1863,2021,305.2269
1863,2022,304.59509
1863,2023,319.79849
1863,2024,288.20731
1864,2006,246.5925
1864,2007,254.7269
1864,2008,249.6295
1864,2009,251.1593
1864,2010,255.3862
1864,2011,259.0574
1864,2012,262.05551
1864,2013,257.0697
1864,2014,267.46552
1864,2015,276.2731
1864,2016,277.3429
1864,2017,295.6095
1864,2018,302.8826
1864,2019,292.34879
1864,2020,294.4964
1864,2021,313.19379
1864,2022,298.72409
1864,2023,289.78119
1864,2024,296.5408
1880,2006,271.85931
1880,2007,287.47351
1880,2008,285.28171
1880,2009,288.14221
1880,2010,292.7027
1880,2011,295.0491
1880,2012,300.2731
1880,2013,304.88461
1880,2014,318.9632
1880,2015,335.3848
1880,2016,340.57651
1880,2017,345.74521
1880,2018,339.8418
1880,2019,345.10211
1880,2020,346.37921
1880,2021,362.8674
1880,2022,349.89569
1880,2023,339.44241
1880,2024,339.55469
1881,2006,272.3378
1881,2007,285.7041
1881,2008,286.89081
1881,2009,294.729
1881,2010,298.3287
1881,2011,298.8403
1881,2012,307.2276
1881,2013,307.32141
1881,2014,320.40829
1881,2015,338.81281
1881,2016,350.34979
1881,2017,355.31769
1881,2018,351.29971
1881,2019,351.1593
1881,2020,354.69379
1881,2021,366.53922
1881,2022,357.8345
1881,2023,343.46649
1881,2024,350.27069
1882,2006,267.33081
1882,2007,284.37
1882,2008,278.9729
1882,2009,282.77261
1882,2010,290.31519
1882,2011,295.51459
1882,2012,300.59869
1882,2013,300.3031
1882,2014,321.2561
1882,2015,338.96301
1882,2016,339.66971
1882,2017,352.81119
1882,2018,352.53448
1882,2019,352.995
1882,2020,357.88391
1882,2021,372.59119
1882,2022,364.53979
1882,2023,346.40369
1882,2024,354.944
1883,2006,273.16641
1883,2007,287.6055
1883,2008,284.31259
1883,2009,289.0788
1883,2010,291.34821
1883,2011,291.98041
1883,2012,295.56519
1883,2013,298.2493
1883,2014,306.9476
1883,2015,321.24051
1883,2016,326.5592
1883,2017,330.80011
1883,2018,333.16199
1883,2019,334.2804
1883,2020,346.02359
1883,2021,353.7821
1883,2022,339.0957
1883,2023,334.56189
1883,2024,341.9512
1884,2006,269.35159
1884,2007,289.82541
1884,2008,288.21951
1884,2009,295.8703
1884,2010,287.67569
1884,2011,294.57251
1884,2012,295.89011
1884,2013,304.26569
1884,2014,314.2897
1884,2015,326.4061
1884,2016,328.38071
1884,2017,333.65948
1884,2018,333.6221
1884,2019,343.8663
1884,2020,344.5762
1884,2021,379.32889
1884,2022,349.05841
1884,2023,341.73611
1884,2024,338.8855
1885,2006,265.2247
1885,2007,281.08789
1885,2008,277.08209
1885,2009,277.8942
1885,2010,280.23761
1885,2011,285.293
1885,2012,291.9668
1885,2013,287.98792
1885,2014,301.25491
1885,2015,313.9111
1885,2016,318.2149
1885,2017,321.9444
1885,2018,330.1813
1885,2019,327.8674
1885,2020,334.47461
1885,2021,344.53741
1885,2022,337.6203
1885,2023,327.36081
1885,2024,326.0101
1904,2006,259.71869
1904,2007,314.0726
1904,2008,264.93359
1904,2009,268.4715
1904,2010,277.94791
1904,2011,283.2106
1904,2012,289.54401
1904,2013,283.66101
1904,2014,299.90509
1904,2015,299.198
1904,2016,315.14679
1904,2017,325.52371
1904,2018,316.40039
1904,2019,318.048
1904,2020,324.23651
1904,2021,331.0343
1904,2022,316.78461
1904,2023,305.09521
1904,2024,321.0061
1907,2006,269.83081
1907,2007,282.98792
1907,2008,284.68109
1907,2009,282.673
1907,2010,290.17789
1907,2011,291.6615
1907,2012,295.55319
1907,2013,297.48959
1907,2014,313.0799
1907,2015,320.3251
1907,2016,324.97369
1907,2017,337.69019
1907,2018,331.1293
1907,2019,334.28351
1907,2020,337.194
1907,2021,345.48779
1907,2022,337.4877
1907,2023,327.93311
1907,2024,332.4993
1960,2006,271.66641
1960,2007,282.75031
1960,2008,284.50681
1960,2009,288.02011
1960,2010,290.88809
1960,2011,291.7663
1960,2012,297.88419
1960,2013,293.35031
1960,2014,306.82889
1960,2015,313.02579
1960,2016,321.47781
1960,2017,326.84161
1960,2018,325.88809
1960,2019,325.93021
1960,2020,330.9277
1960,2021,366.55341
1960,2022,354.09851
1960,2023,331.64371
1960,2024,334.71729
1961,2006,263.22211
1961,2007,277.41891
1961,2008,277.9444
1961,2009,276.22021
1961,2010,282.65479
1961,2011,284.8414
1961,2012,288.96249
1961,2013,293.47391
1961,2014,305.94931
1961,2015,321.56659
1961,2016,325.7366
1961,2017,336.24731
1961,2018,331.01251
1961,2019,334.53641
1961,2020,337.21451
1961,2021,349.8479
1961,2022,337.53751
1961,2023,330.59851
1961,2024,332.8038
1962,2006,259.96631
1962,2007,271.18179
1962,2008,279.6394
1962,2009,280.10709
1962,2010,282.30371
1962,2011,282.57379
1962,2012,292.88171
1962,2013,294.32849
1962,2014,294.6925
1962,2015,309.61151
1962,2016,328.72479
1962,2017,336.15601
1962,2018,329.20911
1962,2019,336.0217
1962,2020,335.44141
1962,2021,343.47281
1962,2022,335.7077
1962,2023,334.2337
1962,2024,326.34439
1980,2006,285.76181
1980,2007,304.01569
1980,2008,306.90619
1980,2009,309.07779
1980,2010,311.34149
1980,2011,313.44769
1980,2012,320.98541
1980,2013,326.12439
1980,2014,339.18301
1980,2015,359.3869
1980,2016,367.57739
1980,2017,373.2865
1980,2018,368.2894
1980,2019,370.73901
1980,2020,375.3013
1980,2021,389.2197
1980,2022,373.98019
1980,2023,363.28729
1980,2024,367.9855
1981,2006,260.61319
1981,2007,282.7254
1981,2008,280.43719
1981,2009,283.3309
1981,2010,288.66809
1981,2011,287.90411
1981,2012,291.293
1981,2013,293.2811
1981,2014,305.0105
1981,2015,323.4967
1981,2016,332.68091
1981,2017,337.25449
1981,2018,332.24841
1981,2019,332.26682
1981,2020,337.3035
1981,2021,346.22009
1981,2022,342.82419
1981,2023,329.0488
1981,2024,339.63751
1982,2006,268.99149
1982,2007,284.12769
1982,2008,284.5152
1982,2009,286.73721
1982,2010,282.3389
1982,2011,286.12021
1982,2012,292.40039
1982,2013,299.45499
1982,2014,300.99771
1982,2015,313.84479
1982,2016,314.97009
1982,2017,320.7092
1982,2018,327.0498
1982,2019,326.3725
1982,2020,332.039
1982,2021,339.3277
1982,2022,330.06421
1982,2023,313.37509
1982,2024,317.03909
1983,2006,265.5798
1983,2007,281.0813
1983,2008,279.97681
1983,2009,279.1214
1983,2010,280.2229
1983,2011,289.276
1983,2012,298.0723
1983,2013,296.8645
1983,2014,311.104
1983,2015,322.8959
1983,2016,326.1315
1983,2017,333.99271
1983,2018,333.5892
1983,2019,336.66379
1983,2020,339.40839
1983,2021,354.60861
1983,2022,341.72629
1983,2023,326.3053
1983,2024,329.37949
1984,2006,262.62219
1984,2007,280.10419
1984,2008,283.58578
1984,2009,276.7709
1984,2010,280.73621
1984,2011,285.55771
1984,2012,301.85571
1984,2013,292.5173
1984,2014,299.97849
1984,2015,311.1337
1984,2016,315.2373
1984,2017,329.3168
1984,2018,329.35831
1984,2019,342.5238
1984,2020,331.8656
1984,2021,342.5723
1984,2022,335.14731
1984,2023,332.7952
1984,2024,330.4512
2021,2006,256.19061
2021,2007,260.7439
2021,2008,255.54919
2021,2009,254.0686
2021,2010,263.54019
2021,2011,265.94409
2021,2012,268.20721
2021,2013,271.2912
2021,2014,296.07501
2021,2015,299.14911
2021,2016,307.97571
2021,2017,308.67419
2021,2018,313.79611
2021,2019,313.3157
2021,2020,329.9176
2021,2021,342.26901
2021,2022,345.4718
2021,2023,325.05411
2021,2024,314.32071
2023,2006,255.51199
2023,2007,264.35199
2023,2008,261.7095
2023,2009,270.22659
2023,2010,279.2973
2023,2011,277.88501
2023,2012,278.4859
2023,2013,282.953
2023,2014,295.3468
2023,2015,312.5528
2023,2016,315.09
2023,2017,327.7742
2023,2018,323.7475
2023,2019,335.45111
2023,2020,345.70871
2023,2021,374.69061
2023,2022,367.38629
2023,2023,351.17899
2023,2024,356.75961
2026,2006,261.00949
2026,2007,286.49509
2026,2008,279.0647
2026,2009,283.91971
2026,2010,291.5784
2026,2011,296.79089
2026,2012,303.98761
2026,2013,305.63708
2026,2014,317.66049
2026,2015,336.5455
2026,2016,343.47351
2026,2017,345.79129
2026,2018,344.4436
2026,2019,341.52719
2026,2020,355.5289
2026,2021,368.0466
2026,2022,350.01889
2026,2023,349.2728
2026,2024,346.57889
2029,2006,283.7663
2029,2007,305.729
2029,2008,293.70999
2029,2009,302.5347
2029,2010,301.556
2029,2011,299.11679
2029,2012,302.6911
2029,2013,321.59171
2029,2014,321.26001
2029,2015,342.05621
2029,2016,347.12329
2029,2017,351.65759
2029,2018,355.33151
2029,2019,392.5719
2029,2020,357.21469
2029,2021,397.07541
2029,2022,370.79141
2029,2023,356.94489
2029,2024,357.9165
2031,2006,255.40021
2031,2007,275.15109
2031,2008,268.21439
2031,2009,274.87741
2031,2010,278.60791
2031,2011,280.5441
2031,2012,287.92319
2031,2013,296.7074
2031,2014,306.98059
2031,2015,323.65149
2031,2016,321.7522
2031,2017,332.25339
2031,2018,330.0954
2031,2019,334.7587
2031,2020,347.92889
2031,2021,360.52631
2031,2022,339.58179
2031,2023,328.84381
2031,2024,331.40231
2034,2006,242.578
2034,2007,254.722
2034,2008,248.9933
2034,2009,254.50771
2034,2010,258.8609
2034,2011,257.0687
2034,2012,263.44229
2034,2013,266.99591
2034,2014,280.10239
2034,2015,293.41409
2034,2016,297.49469
2034,2017,301.94821
2034,2018,308.22409
2034,2019,312.98209
2034,2020,322.33109
2034,2021,334.53439
2034,2022,315.80499
2034,2023,310.10489
2034,2024,310.93671
2039,2006,242.2254
2039,2007,253.2576
2039,2008,247.0322
2039,2009,253.3795
2039,2010,261.68829
2039,2011,262.28699
2039,2012,264.2572
2039,2013,267.2373
2039,2014,278.1651
2039,2015,296.25519
2039,2016,305.81369
2039,2017,304.36771
2039,2018,314.21039
2039,2019,309.53741
2039,2020,330.35529
2039,2021,335.672
2039,2022,327.38708
2039,2023,324.94919
2039,2024,322.9433
2061,2006,262.98761
2061,2007,279.29861
2061,2008,281.42719
2061,2009,279.99521
2061,2010,284.85931
2061,2011,290.2366
2061,2012,299.65811
2061,2013,305.0842
2061,2014,315.37619
2061,2015,321.8811
2061,2016,326.62061
2061,2017,335.24081
2061,2018,334.2901
2061,2019,343.2691
2061,2020,341.35599
2061,2021,357.03571
2061,2022,343.41159
2061,2023,340.85251
2061,2024,348.1297
2062,2006,257.612
2062,2007,276.36469
2062,2008,269.36179
2062,2009,280.88031
2062,2010,283.30331
2062,2011,284.51599
2062,2012,291.06689
2062,2013,295.18231
2062,2014,310.67471
2062,2015,325.37939
2062,2016,333.53979
2062,2017,339.51929
2062,2018,335.54419
2062,2019,347.55789
2062,2020,357.54279
2062,2021,366.1272
2062,2022,356.36081
2062,2023,342.7778
2062,2024,348.89691
2080,2006,273.06299
2080,2007,295.40799
2080,2008,289.15689
2080,2009,298.71191
2080,2010,301.51419
2080,2011,304.01749
2080,2012,309.49451
2080,2013,314.57339
2080,2014,327.6315
2080,2015,348.96701
2080,2016,349.41119
2080,2017,356.48019
2080,2018,355.77539
2080,2019,357.37369
2080,2020,364.6958
2080,2021,382.18011
2080,2022,371.15179
2080,2023,356.39719
2080,2024,361.4469
2081,2006,255.1777
2081,2007,271.9711
2081,2008,273.3092
2081,2009,277.35071
2081,2010,278.56079
2081,2011,281.7359
2081,2012,288.4913
2081,2013,295.04291
2081,2014,307.29489
2081,2015,319.31439
2081,2016,322.69211
2081,2017,326.50961
2081,2018,327.6814
2081,2019,329.7551
2081,2020,330.26791
2081,2021,344.66339
2081,2022,330.9769
2081,2023,324.19669
2081,2024,326.6452
2082,2006,258.50861
2082,2007,279.2327
2082,2008,275.08609
2082,2009,284.13519
2082,2010,291.0228
2082,2011,290.59821
2082,2012,297.6572
2082,2013,302.30801
2082,2014,315.57129
2082,2015,344.06699
2082,2016,340.1084
2082,2017,348.58551
2082,2018,345.3313
2082,2019,350.0058
2082,2020,351.87561
2082,2021,380.0762
2082,2022,350.78601
2082,2023,340.08649
2082,2024,349.04059
2083,2006,256.46771
2083,2007,273.03021
2083,2008,269.76721
2083,2009,276.09811
2083,2010,280.53299
2083,2011,283.00699
2083,2012,285.6424
2083,2013,284.56949
2083,2014,295.59781
2083,2015,310.54031
2083,2016,320.11221
2083,2017,318.99759
2083,2018,325.28311
2083,2019,323.07309
2083,2020,336.35541
2083,2021,352.73709
2083,2022,330.57449
2083,2023,321.68909
2083,2024,323.3183
2084,2006,262.67581
2084,2007,278.32571
2084,2008,278.7608
2084,2009,285.91019
2084,2010,291.47729
2084,2011,289.75259
2084,2012,296.9686
2084,2013,294.92529
2084,2014,306.92639
2084,2015,314.89709
2084,2016,314.93799
2084,2017,323.22559
2084,2018,328.7641
2084,2019,332.6893
2084,2020,337.80511
2084,2021,344.97849
2084,2022,338.5466
2084,2023,329.01959
2084,2024,332.37909
2085,2006,259.43011
2085,2007,274.24438
2085,2008,272.6019
2085,2009,283.42911
2085,2010,285.71381
2085,2011,289.23941
2085,2012,295.72739
2085,2013,302.3963
2085,2014,309.0687
2085,2015,317.67749
2085,2016,319.43549
2085,2017,328.0567
2085,2018,323.84241
2085,2019,331.36111
2085,2020,332.6749
2085,2021,340.25211
2085,2022,328.6026
2085,2023,325.93829
2085,2024,333.57999
2101,2006,262.44089
2101,2007,277.52841
2101,2008,274.67181
2101,2009,276.93869
2101,2010,282.8479
2101,2011,277.50931
2101,2012,282.50739
2101,2013,286.4353
2101,2014,296.84601
2101,2015,308.25439
2101,2016,309.41241
2101,2017,315.48099
2101,2018,310.7916
2101,2019,317.0
2101,2020,327.4213
2101,2021,344.3443
2101,2022,322.0593
2101,2023,315.53922
2101,2024,317.73489
2104,2006,267.1535
2104,2007,286.48679
2104,2008,288.92651
2104,2009,287.34
2104,2010,285.6698
2104,2011,289.81479
2104,2012,289.8544
2104,2013,292.87131
2104,2014,305.55771
2104,2015,313.20401
2104,2016,316.9007
2104,2017,324.6734
2104,2018,329.36841
2104,2019,326.5459
2104,2020,333.60431
2104,2021,341.18951
2104,2022,329.0708
2104,2023,323.2135
2104,2024,327.65091
2121,2006,248.1201
2121,2007,269.51559
2121,2008,268.5925
2121,2009,271.42691
2121,2010,272.0976
2121,2011,276.05109
2121,2012,276.57932
2121,2013,281.64471
2121,2014,293.1933
2121,2015,301.89539
2121,2016,305.02921
2121,2017,320.4426
2121,2018,315.91489
2121,2019,316.49609
2121,2020,325.39139
2121,2021,357.10229
2121,2022,333.67551
2121,2023,317.69211
2121,2024,318.97751
2132,2006,250.2408
2132,2007,267.15259
2132,2008,256.29401
2132,2009,259.60031
2132,2010,264.6647
2132,2011,269.64081
2132,2012,271.09619
2132,2013,271.37439
2132,2014,287.82291
2132,2015,301.90579
2132,2016,306.87781
2132,2017,307.9151
2132,2018,311.58231
2132,2019,312.0986
2132,2020,316.49921
2132,2021,334.60681
2132,2022,320.8316
2132,2023,318.44669
2132,2024,310.7276
2161,2006,254.2366
2161,2007,265.7254
2161,2008,261.99481
2161,2009,264.4978
2161,2010,270.27859
2161,2011,271.078
2161,2012,273.17749
2161,2013,276.49231
2161,2014,289.53201
2161,2015,299.13989
2161,2016,308.22739
2161,2017,313.1572
2161,2018,314.9155
2161,2019,321.45261
2161,2020,327.9389
2161,2021,345.62891
2161,2022,330.1106
2161,2023,328.00101
2161,2024,330.30261
2180,2006,271.06769
2180,2007,292.27209
2180,2008,287.11819
2180,2009,293.61191
2180,2010,298.98859
2180,2011,299.6777
2180,2012,303.29031
2180,2013,306.6777
2180,2014,318.6543
2180,2015,334.79041
2180,2016,344.9353
2180,2017,353.16919
2180,2018,348.38141
2180,2019,352.27441
2180,2020,372.28491
2180,2021,370.7626
2180,2022,356.5253
2180,2023,340.6882
2180,2024,344.62299
2181,2006,278.6951
2181,2007,298.74799
2181,2008,290.48389
2181,2009,287.3093
2181,2010,296.3237
2181,2011,299.13519
2181,2012,303.12561
2181,2013,304.2551
2181,2014,311.63589
2181,2015,324.2865
2181,2016,332.17569
2181,2017,329.9762
2181,2018,332.92429
2181,2019,339.6012
2181,2020,340.29111
2181,2021,351.68381
2181,2022,347.3627
2181,2023,327.41281
2181,2024,333.3685
2182,2006,250.9621
2182,2007,266.73401
2182,2008,268.3356
2182,2009,272.54568
2182,2010,277.99939
2182,2011,277.71219
2182,2012,282.0733
2182,2013,283.55939
2182,2014,293.09741
2182,2015,306.78641
2182,2016,313.11261
2182,2017,322.4985
2182,2018,321.43991
2182,2019,325.42819
2182,2020,331.4444
2182,2021,342.28009
2182,2022,333.26071
2182,2023,322.5614
2182,2024,328.83871
2183,2006,256.39401
2183,2007,272.06781
2183,2008,268.23019
2183,2009,277.82861
2183,2010,276.32251
2183,2011,278.1348
2183,2012,281.77081
2183,2013,288.11459
2183,2014,290.64011
2183,2015,300.81799
2183,2016,310.01541
2183,2017,316.62601
2183,2018,317.97589
2183,2019,319.397
2183,2020,323.6488
2183,2021,346.70999
2183,2022,334.15948
2183,2023,311.46259
2183,2024,318.9975
2184,2006,261.4364
2184,2007,278.686
2184,2008,274.5553
2184,2009,280.30621
2184,2010,286.90811
2184,2011,290.43491
2184,2012,298.59979
2184,2013,297.66489
2184,2014,310.52051
2184,2015,327.48911
2184,2016,328.15619
2184,2017,341.55481
2184,2018,339.87659
2184,2019,339.30911
2184,2020,358.466
2184,2021,380.80499
2184,2022,357.43271
2184,2023,340.15091
2184,2024,345.00809
2260,2006,259.08371
2260,2007,271.5694
2260,2008,267.4628
2260,2009,271.51981
2260,2010,273.95319
2260,2011,275.43649
2260,2012,291.95309
2260,2013,286.72311
2260,2014,294.89041
2260,2015,304.2222
2260,2016,304.37549
2260,2017,306.42279
2260,2018,310.52881
2260,2019,316.64999
2260,2020,325.01111
2260,2021,331.75241
2260,2022,317.40311
2260,2023,313.82321
2260,2024,319.32999
2262,2006,266.02679
2262,2007,281.55319
2262,2008,279.10339
2262,2009,282.16119
2262,2010,285.3002
2262,2011,287.4628
2262,2012,293.7381
2262,2013,297.4505
2262,2014,309.3031
2262,2015,323.72061
2262,2016,329.2421
2262,2017,338.62479
2262,2018,335.52811
2262,2019,336.06119
2262,2020,336.88269
2262,2021,354.8822
2262,2022,341.8176
2262,2023,330.0751
2262,2024,338.45691
2280,2006,252.2701
2280,2007,269.7038
2280,2008,269.3522
2280,2009,275.45331
2280,2010,278.17471
2280,2011,281.46399
2280,2012,281.04651
2280,2013,284.54761
2280,2014,292.37411
2280,2015,303.21179
2280,2016,307.00269
2280,2017,313.93839
2280,2018,316.9075
2280,2019,316.18359
2280,2020,326.6532
2280,2021,342.59891
2280,2022,327.98901
2280,2023,319.98871
2280,2024,319.08469
2281,2006,276.9671
2281,2007,296.2627
2281,2008,292.53149
2281,2009,297.00311
2281,2010,298.43781
2281,2011,302.66101
2281,2012,308.51181
2281,2013,316.35901
2281,2014,329.67029
2281,2015,345.22009
2281,2016,351.9386
2281,2017,354.3876
2281,2018,358.24399
2281,2019,360.04019
2281,2020,367.05179
2281,2021,378.0914
2281,2022,362.37659
2281,2023,353.7868
2281,2024,356.21439
2282,2006,251.92931
2282,2007,263.08151
2282,2008,263.1962
2282,2009,264.6268
2282,2010,271.28949
2282,2011,272.69431
2282,2012,277.45581
2282,2013,278.50949
2282,2014,293.2211
2282,2015,305.94351
2282,2016,300.81909
2282,2017,311.32251
2282,2018,310.00671
2282,2019,310.2052
2282,2020,316.90771
2282,2021,333.50131
2282,2022,318.03391
2282,2023,308.98639
2282,2024,315.2287
2283,2006,248.7166
2283,2007,260.66422
2283,2008,262.18469
2283,2009,263.92761
2283,2010,266.87341
2283,2011,267.5332
2283,2012,272.86871
2283,2013,277.70401
2283,2014,286.18961
2283,2015,296.6485
2283,2016,301.71869
2283,2017,306.9295
2283,2018,306.05151
2283,2019,308.95251
2283,2020,319.45181
2283,2021,331.49161
2283,2022,317.58951
2283,2023,306.29999
2283,2024,317.091
2284,2006,274.2572
2284,2007,294.92331
2284,2008,295.7468
2284,2009,297.00961
2284,2010,302.1221
2284,2011,303.98389
2284,2012,309.78299
2284,2013,311.51071
2284,2014,326.93851
2284,2015,341.53091
2284,2016,344.1106
2284,2017,349.37109
2284,2018,354.6058
2284,2019,351.87259
2284,2020,354.4502
2284,2021,369.25861
2284,2022,355.30649
2284,2023,354.3418
2284,2024,356.06781
2303,2006,250.996
2303,2007,261.6286
2303,2008,261.67499
2303,2009,262.76279
2303,2010,266.0603
2303,2011,266.38681
2303,2012,268.39661
2303,2013,270.6741
2303,2014,277.97321
2303,2015,295.39221
2303,2016,288.5195
2303,2017,299.77069
2303,2018,293.70261
2303,2019,302.77039
2303,2020,314.86169
2303,2021,321.142
2303,2022,309.94769
2303,2023,301.5903
2303,2024,306.19949
2305,2006,248.8669
2305,2007,262.66959
2305,2008,254.7244
2305,2009,261.58011
2305,2010,263.30069
2305,2011,264.40851
2305,2012,266.6828
2305,2013,274.00119
2305,2014,281.03201
2305,2015,287.82809
2305,2016,289.36069
2305,2017,296.62231
2305,2018,299.10461
2305,2019,302.84509
2305,2020,307.91461
2305,2021,319.3132
2305,2022,317.6561
2305,2023,301.35129
2305,2024,309.27301
2309,2006,269.93781
2309,2007,279.4418
2309,2008,280.76651
2309,2009,285.04401
2309,2010,291.02429
2309,2011,291.0448
2309,2012,298.67871
2309,2013,307.0433
2309,2014,318.22559
2309,2015,333.5535
2309,2016,334.2756
2309,2017,346.00769
2309,2018,356.87381
2309,2019,354.0224
2309,2020,362.99091
2309,2021,382.30319
2309,2022,372.42551
2309,2023,362.86569
2309,2024,365.8143
2313,2006,248.2699
2313,2007,257.11411
2313,2008,273.97629
2313,2009,254.1804
2313,2010,260.6235
2313,2011,260.56149
2313,2012,265.5787
2313,2013,268.96799
2313,2014,282.28699
2313,2015,290.70651
2313,2016,312.2731
2313,2017,318.21579
2313,2018,305.83591
2313,2019,310.9682
2313,2020,319.3262
2313,2021,340.73529
2313,2022,351.38641
2313,2023,350.85431
2313,2024,307.7291
2321,2006,262.4054
2321,2007,274.12149
2321,2008,267.4599
2321,2009,274.47391
2321,2010,280.5434
2321,2011,281.983
2321,2012,286.37451
2321,2013,286.10901
2321,2014,295.9093
2321,2015,308.58591
2321,2016,322.15201
2321,2017,338.48959
2321,2018,338.45889
2321,2019,348.33871
2321,2020,360.17361
2321,2021,397.21991
2321,2022,413.13971
2321,2023,365.069
2321,2024,374.93509
2326,2006,247.74561
2326,2007,264.147
2326,2008,264.07559
2326,2009,262.86789
2326,2010,263.22549
2326,2011,264.01169
2326,2012,267.84171
2326,2013,279.77509
2326,2014,295.41379
2326,2015,306.40729
2326,2016,303.1452
2326,2017,306.3078
2326,2018,317.07291
2326,2019,320.9241
2326,2020,325.87231
2326,2021,345.8136
2326,2022,330.0636
2326,2023,316.4361
2326,2024,319.08521
2361,2006,248.0038
2361,2007,268.58578
2361,2008,265.51431
2361,2009,259.04919
2361,2010,268.7431
2361,2011,271.86581
2361,2012,273.04361
2361,2013,270.6676
2361,2014,287.52191
2361,2015,304.302
2361,2016,311.3049
2361,2017,320.68231
2361,2018,318.57559
2361,2019,319.77771
2361,2020,330.77151
2361,2021,365.94189
2361,2022,345.7468
2361,2023,321.74719
2361,2024,342.27481
2380,2006,272.95901
2380,2007,297.29211
2380,2008,275.66931
2380,2009,285.1488
2380,2010,288.19571
2380,2011,289.9198
2380,2012,293.7316
2380,2013,298.6958
2380,2014,311.73419
2380,2015,329.37521
2380,2016,341.1048
2380,2017,343.24719
2380,2018,342.06851
2380,2019,357.59131
2380,2020,350.0914
2380,2021,367.51959
2380,2022,361.5549
2380,2023,343.87711
2380,2024,350.21799
2401,2006,269.2565
2401,2007,279.496
2401,2008,277.6875
2401,2009,277.67621
2401,2010,282.97369
2401,2011,290.14459
2401,2012,286.995
2401,2013,286.5889
2401,2014,297.88089
2401,2015,311.892
2401,2016,321.28769
2401,2017,319.8418
2401,2018,319.74921
2401,2019,327.24921
2401,2020,332.03629
2401,2021,345.03839
2401,2022,331.23831
2401,2023,321.82629
2401,2024,329.7662
2403,2006,254.45911
2403,2007,260.74551
2403,2008,256.63339
2403,2009,258.5076
2403,2010,259.96219
2403,2011,268.93491
2403,2012,273.62289
2403,2013,274.91
2403,2014,293.2388
2403,2015,308.91589
2403,2016,305.7406
2403,2017,316.21341
2403,2018,320.16931
2403,2019,316.5347
2403,2020,318.75949
2403,2021,333.53629
2403,2022,312.56311
2403,2023,306.4938
2403,2024,308.15939
2404,2006,270.5459
2404,2007,285.21259
2404,2008,284.6116
2404,2009,266.8779
2404,2010,271.8287
2404,2011,273.68469
2404,2012,281.508
2404,2013,293.73169
2404,2014,326.26001
2404,2015,310.3573
2404,2016,316.64099
2404,2017,322.4996
2404,2018,324.5997
2404,2019,326.39279
2404,2020,325.67099
2404,2021,335.2749
2404,2022,323.38901
2404,2023,326.16061
2404,2024,320.60989
2409,2006,261.88571
2409,2007,282.9444
2409,2008,271.67459
2409,2009,277.38669
2409,2010,278.9816
2409,2011,279.5679
2409,2012,288.05859
2409,2013,288.44241
2409,2014,301.9393
2409,2015,312.35291
2409,2016,315.5289
2409,2017,314.45432
2409,2018,321.70541
2409,2019,322.80151
2409,2020,333.9537
2409,2021,344.03049
2409,2022,338.4306
2409,2023,326.01779
2409,2024,330.9758
2417,2006,254.3569
2417,2007,270.43939
2417,2008,265.34439
2417,2009,264.81812
2417,2010,269.99799
2417,2011,276.10159
2417,2012,282.5799
2417,2013,290.4053
2417,2014,291.76871
2417,2015,303.49301
2417,2016,309.83289
2417,2017,308.62329
2417,2018,310.634
2417,2019,315.92459
2417,2020,330.8165
2417,2021,331.71191
2417,2022,321.86319
2417,2023,314.62961
2417,2024,330.4249
2418,2006,262.0444
2418,2007,277.58899
2418,2008,273.96451
2418,2009,277.15909
2418,2010,285.23849
2418,2011,281.5383
2418,2012,290.8092
2418,2013,292.74789
2418,2014,299.04791
2418,2015,313.64639
2418,2016,323.5029
2418,2017,319.76431
2418,2018,323.62341
2418,2019,328.98001
2418,2020,335.45981
2418,2021,347.42679
2418,2022,373.3891
2418,2023,324.38721
2418,2024,325.4404
2421,2006,245.5864
2421,2007,255.2305
2421,2008,256.6445
2421,2009,267.2048
2421,2010,275.7056
2421,2011,279.12799
2421,2012,272.68991
2421,2013,280.1579
2421,2014,289.79749
2421,2015,297.3815
2421,2016,305.87521
2421,2017,305.32861
2421,2018,306.4563
2421,2019,312.98511
2421,2020,328.29581
2421,2021,335.70639
2421,2022,340.17761
2421,2023,323.2291
2421,2024,328.35199
2422,2006,245.47569
2422,2007,248.45869
2422,2008,253.2627
2422,2009,253.97681
2422,2010,255.9989
2422,2011,262.35721
2422,2012,263.5043
2422,2013,268.61771
2422,2014,278.43179
2422,2015,298.34369
2422,2016,300.2692
2422,2017,304.7514
2422,2018,309.1084
2422,2019,301.302
2422,2020,309.08649
2422,2021,323.10489
2422,2022,300.7861
2422,2023,306.8819
2422,2024,311.14429
2425,2006,251.5365
2425,2007,264.349
2425,2008,269.4108
2425,2009,270.29471
2425,2010,272.0762
2425,2011,272.80991
2425,2012,275.99509
2425,2013,272.3125
2425,2014,290.6239
2425,2015,291.41461
2425,2016,300.37451
2425,2017,304.53091
2425,2018,305.8555
2425,2019,333.8006
2425,2020,335.681
2425,2021,362.87759
2425,2022,321.9473
2425,2023,316.64871
2425,2024,316.82681
2460,2006,266.79251
2460,2007,282.31421
2460,2008,282.89011
2460,2009,286.78149
2460,2010,294.10959
2460,2011,294.16479
2460,2012,294.8786
2460,2013,304.94601
2460,2014,313.01569
2460,2015,329.27411
2460,2016,330.19861
2460,2017,335.6955
2460,2018,330.53961
2460,2019,339.3432
2460,2020,348.6691
2460,2021,376.07071
2460,2022,361.80081
2460,2023,339.52921
2460,2024,370.2092
2462,2006,240.8374
2462,2007,250.45621
2462,2008,247.7252
2462,2009,255.8358
2462,2010,253.29111
2462,2011,255.755
2462,2012,259.02151
2462,2013,261.52789
2462,2014,270.44489
2462,2015,281.2673
2462,2016,288.87051
2462,2017,291.47079
2462,2018,297.84219
2462,2019,298.17859
2462,2020,320.7897
2462,2021,319.96481
2462,2022,312.8757
2462,2023,302.47839
2462,2024,316.4136
2463,2006,244.68179
2463,2007,249.40849
2463,2008,252.4655
2463,2009,259.98761
2463,2010,262.4639
2463,2011,268.84021
2463,2012,266.716
2463,2013,271.63321
2463,2014,285.90469
2463,2015,281.74701
2463,2016,289.07999
2463,2017,284.21289
2463,2018,291.89951
2463,2019,290.19421
2463,2020,300.43149
2463,2021,321.63229
2463,2022,295.57501
2463,2023,305.095
2463,2024,300.83829
2480,2006,260.16391
2480,2007,279.0293
2480,2008,275.69299
2480,2009,280.37131
2480,2010,285.0119
2480,2011,286.66931
2480,2012,294.06039
2480,2013,300.19919
2480,2014,312.55981
2480,2015,332.14041
2480,2016,334.45041
2480,2017,337.5061
2480,2018,336.41501
2480,2019,339.00891
2480,2020,341.9118
2480,2021,359.1897
2480,2022,347.69299
2480,2023,335.40509
2480,2024,344.25479
2481,2006,255.10809
2481,2007,269.8374
2481,2008,269.87051
2481,2009,277.0264
2481,2010,282.53259
2481,2011,283.89099
2481,2012,293.08301
2481,2013,292.48419
2481,2014,300.44241
2481,2015,314.36209
2481,2016,324.26019
2481,2017,320.2663
2481,2018,322.617
2481,2019,325.13901
2481,2020,335.96051
2481,2021,351.0499
2481,2022,337.69
2481,2023,325.5795
2481,2024,338.22961
2482,2006,265.82071
2482,2007,283.38651
2482,2008,283.2764
2482,2009,286.84409
2482,2010,293.3327
2482,2011,298.65811
2482,2012,302.1528
2482,2013,308.77371
2482,2014,319.63391
2482,2015,336.35629
2482,2016,342.04749
2482,2017,348.24341
2482,2018,345.6814
2482,2019,353.73291
2482,2020,364.3096
2482,2021,379.96689
2482,2022,368.6058
2482,2023,354.366
2482,2024,368.56589
2505,2006,273.56491
2505,2007,275.14661
2505,2008,284.11331
2505,2009,281.922
2505,2010,289.15231
2505,2011,289.21851
2505,2012,297.25879
2505,2013,302.5361
2505,2014,307.68231
2505,2015,320.92859
2505,2016,321.004
2505,2017,328.81631
2505,2018,328.5976
2505,2019,336.6745
2505,2020,341.5303
2505,2021,351.5853
2505,2022,337.34119
2505,2023,335.02991
2505,2024,344.077
2506,2006,257.00681
2506,2007,268.39401
2506,2008,263.42691
2506,2009,273.66589
2506,2010,279.08899
2506,2011,280.58011
2506,2012,290.75821
2506,2013,295.0824
2506,2014,303.6059
2506,2015,315.54111
2506,2016,326.2016
2506,2017,333.43719
2506,2018,326.1745
2506,2019,331.12961
2506,2020,335.96899
2506,2021,343.07089
2506,2022,340.2442
2506,2023,336.30179
2506,2024,346.26901
2510,2006,251.18159
2510,2007,263.69141
2510,2008,261.83759
2510,2009,271.44031
2510,2010,268.94339
2510,2011,274.2453
2510,2012,279.5571
2510,2013,290.71399
2510,2014,303.24329
2510,2015,319.1842
2510,2016,311.26031
2510,2017,326.86429
2510,2018,325.5535
2510,2019,325.77249
2510,2020,332.76691
2510,2021,347.1792
2510,2022,338.2804
2510,2023,332.79059
2510,2024,341.68881
2513,2006,243.86639
2513,2007,260.2684
2513,2008,260.19089
2513,2009,258.69949
2513,2010,260.32269
2513,2011,269.2319
2513,2012,277.2713
2513,2013,281.8645
2513,2014,295.85861
2513,2015,306.8222
2513,2016,303.6268
2513,2017,308.8353
2513,2018,308.97449
2513,2019,314.9071
2513,2020,320.36292
2513,2021,332.64841
2513,2022,311.41299
2513,2023,302.30869
2513,2024,309.97809
2514,2006,266.68881
2514,2007,271.1235
2514,2008,272.17181
2514,2009,275.25479
2514,2010,280.80042
2514,2011,282.64999
2514,2012,291.61389
2514,2013,300.0979
2514,2014,312.53671
2514,2015,324.5209
2514,2016,324.03799
2514,2017,329.25671
2514,2018,333.19391
2514,2019,335.90881
2514,2020,340.65039
2514,2021,377.45099
2514,2022,335.9614
2514,2023,331.59689
2514,2024,346.48709
2518,2006,250.6752
2518,2007,253.7429
2518,2008,248.07539
2518,2009,252.8912
2518,2010,257.56079
2518,2011,262.61981
2518,2012,276.66891
2518,2013,274.3844
2518,2014,281.4758
2518,2015,295.55099
2518,2016,297.87231
2518,2017,297.96078
2518,2018,309.04431
2518,2019,310.10989
2518,2020,333.4216
2518,2021,337.37549
2518,2022,328.2872
2518,2023,320.23779
2518,2024,326.0921
2521,2006,248.7841
2521,2007,263.7175
2521,2008,258.47891
2521,2009,261.68921
2521,2010,273.7533
2521,2011,283.77451
2521,2012,289.32709
2521,2013,307.41031
2521,2014,315.54449
2521,2015,316.90671
2521,2016,308.82031
2521,2017,334.1835
2521,2018,360.92581
2521,2019,326.45001
2521,2020,337.54861
2521,2021,367.78741
2521,2022,349.5188
2521,2023,349.29391
2521,2024,361.3085
2523,2006,280.04691
2523,2007,292.3837
2523,2008,298.10349
2523,2009,301.99091
2523,2010,318.28381
2523,2011,325.83191
2523,2012,334.33139
2523,2013,344.57239
2523,2014,367.77499
2523,2015,370.1409
2523,2016,369.3306
2523,2017,371.94409
2523,2018,386.63049
2523,2019,393.02209
2523,2020,407.13461
2523,2021,411.54611
2523,2022,407.54861
2523,2023,391.4693
2523,2024,404.06329
2560,2006,266.53339
2560,2007,271.64819
2560,2008,271.50961
2560,2009,277.1517
2560,2010,279.8006
2560,2011,275.62091
2560,2012,289.7034
2560,2013,291.4852
2560,2014,299.612
2560,2015,315.51639
2560,2016,315.51489
2560,2017,316.6022
2560,2018,320.79709
2560,2019,328.29239
2560,2020,336.5094
2560,2021,363.362
2560,2022,361.6601
2560,2023,336.21451
2560,2024,335.41541
2580,2006,273.2482
2580,2007,285.59949
2580,2008,284.7196
2580,2009,289.39709
2580,2010,297.74121
2580,2011,300.54849
2580,2012,307.51651
2580,2013,316.23621
2580,2014,333.7807
2580,2015,346.49631
2580,2016,348.69199
2580,2017,358.26901
2580,2018,348.7605
2580,2019,354.56461
2580,2020,365.17419
2580,2021,377.05261
2580,2022,362.38641
2580,2023,355.2179
2580,2024,364.46481
2581,2006,270.78021
2581,2007,289.9469
2581,2008,292.2569
2581,2009,294.3728
2581,2010,301.36731
2581,2011,299.3667
2581,2012,305.79971
2581,2013,312.74841
2581,2014,329.00449
2581,2015,344.29449
2581,2016,344.70129
2581,2017,355.13931
2581,2018,348.711
2581,2019,357.30899
2581,2020,363.6535
2581,2021,379.00171
2581,2022,372.29691
2581,2023,359.18179
2581,2024,371.70609
2582,2006,265.9415
2582,2007,280.02481
2582,2008,280.06091
2582,2009,284.79041
2582,2010,289.26651
2582,2011,289.89661
2582,2012,292.72861
2582,2013,298.35281
2582,2014,311.68561
2582,2015,325.66461
2582,2016,329.77969
2582,2017,333.98221
2582,2018,336.4848
2582,2019,338.71161
2582,2020,345.9686
2582,2021,358.16711
2582,2022,353.09259
2582,2023,344.6618
2582,2024,354.95639
2583,2006,234.5697
2583,2007,244.4547
2583,2008,243.03641
2583,2009,247.1013
2583,2010,259.20969
2583,2011,264.8905
2583,2012,258.9118
2583,2013,260.61679
2583,2014,268.8537
2583,2015,281.181
2583,2016,284.76889
2583,2017,290.62769
2583,2018,293.75562
2583,2019,296.17551
2583,2020,319.258
2583,2021,333.80499
2583,2022,321.32669
2583,2023,313.43839
2583,2024,320.07471
2584,2006,282.45721
2584,2007,300.36911
2584,2008,303.1174
2584,2009,307.0463
2584,2010,320.97641
2584,2011,327.86591
2584,2012,338.71979
2584,2013,354.67691
2584,2014,361.31479
2584,2015,365.6062
2584,2016,363.08829
2584,2017,374.93051
2584,2018,373.34979
2584,2019,376.50589
2584,2020,389.7485
2584,2021,409.14249
2584,2022,384.1554
2584,2023,380.3288
2584,2024,386.37469
