kommun,year,andel_kvinnor
0114,2006,0.50410002
0114,2007,0.50169998
0114,2008,0.5018
0114,2009,0.50139999
0114,2010,0.50199997
0114,2011,0.50190002
0114,2012,0.50279999
0114,2013,0.50129998
0114,2014,0.50089997
0114,2015,0.50019997
0114,2016,0.49790001
0114,2017,0.49680001
0114,2018,0.49739999
0114,2019,0.4973
0114,2020,0.49669999
0114,2021,0.49720001
0114,2022,0.4955
0114,2023,0.4946
0114,2024,0.49540001
0114,2025,0.49689999
0115,2006,0.50120002
0115,2007,0.4993
0115,2008,0.50050002
0115,2009,0.50050002
0115,2010,0.50040001
0115,2011,0.4998
0115,2012,0.49959999
0115,2013,0.49990001
0115,2014,0.50080001
0115,2015,0.50150001
0115,2016,0.4998
0115,2017,0.498
0115,2018,0.4971
0115,2019,0.4957
0115,2020,0.49630001
0115,2021,0.49520001
0115,2022,0.49439999
0115,2023,0.4923
0115,2024,0.4939
0115,2025,0.49399999
0117,2006,0.4989
0117,2007,0.5011
0117,2008,0.50010002
0117,2009,0.49959999
0117,2010,0.49860001
0117,2011,0.49860001
0117,2012,0.49739999
0117,2013,0.4964
0117,2014,0.4971
0117,2015,0.49669999
0117,2016,0.4937
0117,2017,0.49169999
0117,2018,0.4923
0117,2019,0.49239999
0117,2020,0.493
0117,2021,0.493
0117,2022,0.49290001
0117,2023,0.4937
0117,2024,0.4941
0117,2025,0.49419999
0120,2006,0.49520001
0120,2007,0.49360001
0120,2008,0.49419999
0120,2009,0.4941
0120,2010,0.49380001
0120,2011,0.49649999
0120,2012,0.4948
0120,2013,0.49470001
0120,2014,0.4939
0120,2015,0.4946
0120,2016,0.49419999
0120,2017,0.4948
0120,2018,0.49430001
0120,2019,0.49439999
0120,2020,0.49520001
0120,2021,0.49470001
0120,2022,0.495
0120,2023,0.49559999
0120,2024,0.49739999
0120,2025,0.49649999
0123,2006,0.50340003
0123,2007,0.50230002
0123,2008,0.5029
0123,2009,0.5036
0123,2010,0.50190002
0123,2011,0.50129998
0123,2012,0.50089997
0123,2013,0.50089997
0123,2014,0.4998
0123,2015,0.4984
0123,2016,0.49649999
0123,2017,0.4946
0123,2018,0.4939
0123,2019,0.493
0123,2020,0.49239999
0123,2021,0.49129999
0123,2022,0.49079999
0123,2023,0.49149999
0123,2024,0.4921
0123,2025,0.49129999
0125,2006,0.50040001
0125,2007,0.50120002
0125,2008,0.50129998
0125,2009,0.5018
0125,2010,0.5011
0125,2011,0.50099999
0125,2012,0.4998
0125,2013,0.49810001
0125,2014,0.4971
0125,2015,0.4973
0125,2016,0.4957
0125,2017,0.495
0125,2018,0.49450001
0125,2019,0.49039999
0125,2020,0.49079999
0125,2021,0.49200001
0125,2022,0.49200001
0125,2023,0.49520001
0125,2024,0.49520001
0125,2025,0.49520001
0126,2006,0.5029
0126,2007,0.50089997
0126,2008,0.5007
0126,2009,0.50019997
0126,2010,0.49860001
0126,2011,0.4973
0126,2012,0.49649999
0126,2013,0.49649999
0126,2014,0.49680001
0126,2015,0.49590001
0126,2016,0.49439999
0126,2017,0.49349999
0126,2018,0.49219999
0126,2019,0.4928
0126,2020,0.49250001
0126,2021,0.49219999
0126,2022,0.4928
0126,2023,0.49340001
0126,2024,0.49380001
0126,2025,0.49419999
0127,2006,0.49880001
0127,2007,0.49770001
0127,2008,0.49649999
0127,2009,0.49559999
0127,2010,0.49439999
0127,2011,0.49270001
0127,2012,0.4928
0127,2013,0.49180001
0127,2014,0.49200001
0127,2015,0.49039999
0127,2016,0.48980001
0127,2017,0.48930001
0127,2018,0.4892
0127,2019,0.48750001
0127,2020,0.4876
0127,2021,0.48750001
0127,2022,0.48679999
0127,2023,0.48590001
0127,2024,0.4874
0127,2025,0.4878
0128,2006,0.50739998
0128,2007,0.5068
0128,2008,0.5079
0128,2009,0.50700003
0128,2010,0.50569999
0128,2011,0.5072
0128,2012,0.5068
0128,2013,0.50629997
0128,2014,0.50470001
0128,2015,0.50590003
0128,2016,0.505
0128,2017,0.50550002
0128,2018,0.50370002
0128,2019,0.50410002
0128,2020,0.5029
0128,2021,0.50080001
0128,2022,0.50129998
0128,2023,0.50129998
0128,2024,0.49919999
0128,2025,0.49959999
0136,2006,0.4998
0136,2007,0.49939999
0136,2008,0.4982
0136,2009,0.4982
0136,2010,0.4984
0136,2011,0.4973
0136,2012,0.49689999
0136,2013,0.4957
0136,2014,0.495
0136,2015,0.49399999
0136,2016,0.493
0136,2017,0.49219999
0136,2018,0.49200001
0136,2019,0.4905
0136,2020,0.49039999
0136,2021,0.48969999
0136,2022,0.48989999
0136,2023,0.4892
0136,2024,0.48930001
0136,2025,0.48949999
0138,2006,0.50340003
0138,2007,0.50239998
0138,2008,0.50209999
0138,2009,0.50129998
0138,2010,0.50099999
0138,2011,0.5011
0138,2012,0.50099999
0138,2013,0.50080001
0138,2014,0.50059998
0138,2015,0.4998
0138,2016,0.49970001
0138,2017,0.49919999
0138,2018,0.4975
0138,2019,0.498
0138,2020,0.50050002
0138,2021,0.50059998
0138,2022,0.50040001
0138,2023,0.49990001
0138,2024,0.50120002
0138,2025,0.50129998
0139,2006,0.50480002
0139,2007,0.50239998
0139,2008,0.5018
0139,2009,0.50059998
0139,2010,0.49990001
0139,2011,0.49860001
0139,2012,0.49770001
0139,2013,0.49900001
0139,2014,0.49860001
0139,2015,0.498
0139,2016,0.49590001
0139,2017,0.4941
0139,2018,0.49270001
0139,2019,0.49129999
0139,2020,0.49070001
0139,2021,0.4885
0139,2022,0.4862
0139,2023,0.48629999
0139,2024,0.4878
0139,2025,0.48719999
0140,2006,0.48899999
0140,2007,0.49169999
0140,2008,0.49059999
0140,2009,0.49070001
0140,2010,0.48969999
0140,2011,0.4901
0140,2012,0.49020001
0140,2013,0.4885
0140,2014,0.4883
0140,2015,0.4869
0140,2016,0.4867
0140,2017,0.48879999
0140,2018,0.48980001
0140,2019,0.4887
0140,2020,0.48789999
0140,2021,0.49000001
0140,2022,0.48980001
0140,2023,0.4892
0140,2024,0.48989999
0140,2025,0.4919
0160,2006,0.5079
0160,2007,0.50760001
0160,2008,0.50830001
0160,2009,0.50660002
0160,2010,0.50700003
0160,2011,0.5061
0160,2012,0.50580001
0160,2013,0.50550002
0160,2014,0.50569999
0160,2015,0.50440001
0160,2016,0.50379997
0160,2017,0.50269997
0160,2018,0.50260001
0160,2019,0.5025
0160,2020,0.50169998
0160,2021,0.50220001
0160,2022,0.50150001
0160,2023,0.50139999
0160,2024,0.50190002
0160,2025,0.50230002
0162,2006,0.51620001
0162,2007,0.5169
0162,2008,0.51749998
0162,2009,0.51819998
0162,2010,0.5165
0162,2011,0.51730001
0162,2012,0.5169
0162,2013,0.51590002
0162,2014,0.51310003
0162,2015,0.51139998
0162,2016,0.51050001
0162,2017,0.50889999
0162,2018,0.50880003
0162,2019,0.50819999
0162,2020,0.5086
0162,2021,0.51010001
0162,2022,0.50999999
0162,2023,0.50749999
0162,2024,0.50779998
0162,2025,0.50639999
0163,2006,0.50529999
0163,2007,0.50459999
0163,2008,0.50309998
0163,2009,0.50239998
0163,2010,0.50239998
0163,2011,0.5025
0163,2012,0.50139999
0163,2013,0.5025
0163,2014,0.50209999
0163,2015,0.50209999
0163,2016,0.50080001
0163,2017,0.49990001
0163,2018,0.49810001
0163,2019,0.49770001
0163,2020,0.49689999
0163,2021,0.49700001
0163,2022,0.4955
0163,2023,0.49509999
0163,2024,0.4941
0163,2025,0.49509999
0180,2006,0.51380002
0180,2007,0.51230001
0180,2008,0.51169997
0180,2009,0.5108
0180,2010,0.5104
0180,2011,0.50950003
0180,2012,0.50880003
0180,2013,0.50819999
0180,2014,0.50739998
0180,2015,0.50709999
0180,2016,0.50650001
0180,2017,0.50569999
0180,2018,0.50520003
0180,2019,0.505
0180,2020,0.50489998
0180,2021,0.50480002
0180,2022,0.50419998
0180,2023,0.5043
0180,2024,0.50550002
0180,2025,0.5061
0181,2006,0.4991
0181,2007,0.49720001
0181,2008,0.4973
0181,2009,0.49689999
0181,2010,0.49599999
0181,2011,0.49630001
0181,2012,0.49540001
0181,2013,0.4946
0181,2014,0.49439999
0181,2015,0.49290001
0181,2016,0.49149999
0181,2017,0.4914
0181,2018,0.48910001
0181,2019,0.48840001
0181,2020,0.4885
0181,2021,0.48750001
0181,2022,0.486
0181,2023,0.4862
0181,2024,0.4867
0181,2025,0.4874
0182,2006,0.50830001
0182,2007,0.50849998
0182,2008,0.50809997
0182,2009,0.5072
0182,2010,0.50730002
0182,2011,0.50669998
0182,2012,0.5068
0182,2013,0.50599998
0182,2014,0.50529999
0182,2015,0.50489998
0182,2016,0.50449997
0182,2017,0.50410002
0182,2018,0.50419998
0182,2019,0.50319999
0182,2020,0.50330001
0182,2021,0.50269997
0182,2022,0.50220001
0182,2023,0.50209999
0182,2024,0.50169998
0182,2025,0.50239998
0183,2006,0.50760001
0183,2007,0.50620002
0183,2008,0.50330001
0183,2009,0.50330001
0183,2010,0.50269997
0183,2011,0.50190002
0183,2012,0.50389999
0183,2013,0.50300002
0183,2014,0.50040001
0183,2015,0.49779999
0183,2016,0.49649999
0183,2017,0.49610001
0183,2018,0.49529999
0183,2019,0.49520001
0183,2020,0.49610001
0183,2021,0.49720001
0183,2022,0.4971
0183,2023,0.49770001
0183,2024,0.49779999
0183,2025,0.49880001
0184,2006,0.51249999
0184,2007,0.51179999
0184,2008,0.50910002
0184,2009,0.5079
0184,2010,0.50639999
0184,2011,0.505
0184,2012,0.505
0184,2013,0.50419998
0184,2014,0.50400001
0184,2015,0.50199997
0184,2016,0.50099999
0184,2017,0.4993
0184,2018,0.49939999
0184,2019,0.49959999
0184,2020,0.49829999
0184,2021,0.49759999
0184,2022,0.498
0184,2023,0.49849999
0184,2024,0.49970001
0184,2025,0.49950001
0186,2006,0.52090001
0186,2007,0.52200001
0186,2008,0.5212
0186,2009,0.51929998
0186,2010,0.51910001
0186,2011,0.51749998
0186,2012,0.51670003
0186,2013,0.51599997
0186,2014,0.51520002
0186,2015,0.51440001
0186,2016,0.5126
0186,2017,0.51169997
0186,2018,0.51109999
0186,2019,0.51069999
0186,2020,0.51059997
0186,2021,0.51069999
0186,2022,0.51099998
0186,2023,0.51020002
0186,2024,0.50980002
0186,2025,0.50919998
0187,2006,0.50840002
0187,2007,0.50669998
0187,2008,0.50459999
0187,2009,0.5061
0187,2010,0.50580001
0187,2011,0.50529999
0187,2012,0.50379997
0187,2013,0.50340003
0187,2014,0.5036
0187,2015,0.50480002
0187,2016,0.50419998
0187,2017,0.50269997
0187,2018,0.50400001
0187,2019,0.505
0187,2020,0.50449997
0187,2021,0.50389999
0187,2022,0.5072
0187,2023,0.50830001
0187,2024,0.50910002
0187,2025,0.50709999
0188,2006,0.49950001
0188,2007,0.49990001
0188,2008,0.50080001
0188,2009,0.50129998
0188,2010,0.50010002
0188,2011,0.4993
0188,2012,0.4993
0188,2013,0.4984
0188,2014,0.4971
0188,2015,0.49680001
0188,2016,0.49590001
0188,2017,0.4957
0188,2018,0.4941
0188,2019,0.4939
0188,2020,0.49430001
0188,2021,0.4941
0188,2022,0.49470001
0188,2023,0.49419999
0188,2024,0.49540001
0188,2025,0.4955
0191,2006,0.50190002
0191,2007,0.50160003
0191,2008,0.5011
0191,2009,0.50040001
0191,2010,0.50040001
0191,2011,0.49970001
0191,2012,0.49900001
0191,2013,0.49759999
0191,2014,0.4973
0191,2015,0.49489999
0191,2016,0.4919
0191,2017,0.49110001
0191,2018,0.48980001
0191,2019,0.48989999
0191,2020,0.4903
0191,2021,0.48930001
0191,2022,0.48910001
0191,2023,0.48840001
0191,2024,0.48820001
0191,2025,0.48859999
0192,2006,0.498
0192,2007,0.4964
0192,2008,0.49599999
0192,2009,0.4955
0192,2010,0.49489999
0192,2011,0.49399999
0192,2012,0.493
0192,2013,0.49329999
0192,2014,0.49380001
0192,2015,0.49450001
0192,2016,0.49360001
0192,2017,0.49160001
0192,2018,0.4912
0192,2019,0.49250001
0192,2020,0.49110001
0192,2021,0.49079999
0192,2022,0.49079999
0192,2023,0.49129999
0192,2024,0.4914
0192,2025,0.49169999
0305,2006,0.49520001
0305,2007,0.49450001
0305,2008,0.49340001
0305,2009,0.4937
0305,2010,0.4932
0305,2011,0.49290001
0305,2012,0.4937
0305,2013,0.49430001
0305,2014,0.49439999
0305,2015,0.49349999
0305,2016,0.49349999
0305,2017,0.4919
0305,2018,0.49290001
0305,2019,0.4937
0305,2020,0.4928
0305,2021,0.4923
0305,2022,0.49250001
0305,2023,0.49290001
0305,2024,0.49020001
0305,2025,0.49000001
0319,2006,0.4937
0319,2007,0.49329999
0319,2008,0.49169999
0319,2009,0.49000001
0319,2010,0.48899999
0319,2011,0.48890001
0319,2012,0.4887
0319,2013,0.48890001
0319,2014,0.4876
0319,2015,0.4876
0319,2016,0.4894
0319,2017,0.49000001
0319,2018,0.49020001
0319,2019,0.48910001
0319,2020,0.4874
0319,2021,0.48859999
0319,2022,0.49039999
0319,2023,0.49160001
0319,2024,0.49110001
0319,2025,0.49020001
0330,2006,0.49939999
0330,2007,0.498
0330,2008,0.4975
0330,2009,0.49720001
0330,2010,0.4966
0330,2011,0.49590001
0330,2012,0.49610001
0330,2013,0.4973
0330,2014,0.4957
0330,2015,0.49509999
0330,2016,0.49360001
0330,2017,0.4932
0330,2018,0.49250001
0330,2019,0.4919
0330,2020,0.49160001
0330,2021,0.49039999
0330,2022,0.4912
0330,2023,0.49219999
0330,2024,0.4941
0330,2025,0.4955
0331,2006,0.48769999
0331,2007,0.48710001
0331,2008,0.4874
0331,2009,0.48879999
0331,2010,0.48719999
0331,2011,0.48730001
0331,2012,0.48800001
0331,2013,0.48879999
0331,2014,0.48750001
0331,2015,0.48789999
0331,2016,0.49059999
0331,2017,0.48879999
0331,2018,0.48969999
0331,2019,0.49039999
0331,2020,0.4905
0331,2021,0.49059999
0331,2022,0.48879999
0331,2023,0.4883
0331,2024,0.48840001
0331,2025,0.48910001
0360,2006,0.4966
0360,2007,0.49579999
0360,2008,0.495
0360,2009,0.49439999
0360,2010,0.49419999
0360,2011,0.49329999
0360,2012,0.49349999
0360,2013,0.49340001
0360,2014,0.49450001
0360,2015,0.4941
0360,2016,0.49399999
0360,2017,0.49079999
0360,2018,0.4914
0360,2019,0.48910001
0360,2020,0.491
0360,2021,0.4919
0360,2022,0.49180001
0360,2023,0.49169999
0360,2024,0.49219999
0360,2025,0.49079999
0380,2006,0.51130003
0380,2007,0.51029998
0380,2008,0.5097
0380,2009,0.509
0380,2010,0.50770003
0380,2011,0.50739998
0380,2012,0.50730002
0380,2013,0.5072
0380,2014,0.50650001
0380,2015,0.50690001
0380,2016,0.50660002
0380,2017,0.50599998
0380,2018,0.50529999
0380,2019,0.50449997
0380,2020,0.50510001
0380,2021,0.50559998
0380,2022,0.5061
0380,2023,0.50749999
0380,2024,0.50959998
0380,2025,0.51090002
0381,2006,0.50260001
0381,2007,0.50120002
0381,2008,0.50120002
0381,2009,0.5007
0381,2010,0.50080001
0381,2011,0.50019997
0381,2012,0.49880001
0381,2013,0.49759999
0381,2014,0.4975
0381,2015,0.4955
0381,2016,0.49419999
0381,2017,0.49450001
0381,2018,0.4937
0381,2019,0.49239999
0381,2020,0.4914
0381,2021,0.4912
0381,2022,0.4912
0381,2023,0.49250001
0381,2024,0.49349999
0381,2025,0.49349999
0382,2006,0.49020001
0382,2007,0.4901
0382,2008,0.4894
0382,2009,0.4892
0382,2010,0.48730001
0382,2011,0.48789999
0382,2012,0.4869
0382,2013,0.48719999
0382,2014,0.4867
0382,2015,0.4862
0382,2016,0.48590001
0382,2017,0.48559999
0382,2018,0.48519999
0382,2019,0.48519999
0382,2020,0.48719999
0382,2021,0.4867
0382,2022,0.48660001
0382,2023,0.48590001
0382,2024,0.4858
0382,2025,0.4862
0428,2006,0.4948
0428,2007,0.49349999
0428,2008,0.49219999
0428,2009,0.49270001
0428,2010,0.49360001
0428,2011,0.4928
0428,2012,0.49110001
0428,2013,0.49250001
0428,2014,0.49090001
0428,2015,0.48859999
0428,2016,0.48719999
0428,2017,0.48980001
0428,2018,0.4892
0428,2019,0.48890001
0428,2020,0.4885
0428,2021,0.48640001
0428,2022,0.4831
0428,2023,0.48570001
0428,2024,0.4867
0428,2025,0.48460001
0461,2006,0.4982
0461,2007,0.4993
0461,2008,0.5007
0461,2009,0.50269997
0461,2010,0.50419998
0461,2011,0.5029
0461,2012,0.49829999
0461,2013,0.4993
0461,2014,0.50059998
0461,2015,0.49689999
0461,2016,0.495
0461,2017,0.49739999
0461,2018,0.4966
0461,2019,0.4964
0461,2020,0.49579999
0461,2021,0.49590001
0461,2022,0.49529999
0461,2023,0.49439999
0461,2024,0.49829999
0461,2025,0.4993
0480,2006,0.50849998
0480,2007,0.50830001
0480,2008,0.50819999
0480,2009,0.50819999
0480,2010,0.50739998
0480,2011,0.50739998
0480,2012,0.5079
0480,2013,0.50690001
0480,2014,0.505
0480,2015,0.50599998
0480,2016,0.50489998
0480,2017,0.50410002
0480,2018,0.50340003
0480,2019,0.50300002
0480,2020,0.5036
0480,2021,0.50340003
0480,2022,0.50349998
0480,2023,0.5036
0480,2024,0.50440001
0480,2025,0.50400001
0481,2006,0.4928
0481,2007,0.49200001
0481,2008,0.4923
0481,2009,0.49219999
0481,2010,0.4937
0481,2011,0.493
0481,2012,0.49219999
0481,2013,0.49169999
0481,2014,0.4901
0481,2015,0.4914
0481,2016,0.49020001
0481,2017,0.49059999
0481,2018,0.49169999
0481,2019,0.49239999
0481,2020,0.4932
0481,2021,0.49270001
0481,2022,0.49110001
0481,2023,0.49219999
0481,2024,0.48949999
0481,2025,0.48809999
0482,2006,0.4962
0482,2007,0.4937
0482,2008,0.49270001
0482,2009,0.49270001
0482,2010,0.49250001
0482,2011,0.49219999
0482,2012,0.4919
0482,2013,0.4901
0482,2014,0.48899999
0482,2015,0.48750001
0482,2016,0.48699999
0482,2017,0.4876
0482,2018,0.48719999
0482,2019,0.48710001
0482,2020,0.4867
0482,2021,0.4858
0482,2022,0.4876
0482,2023,0.48840001
0482,2024,0.48890001
0482,2025,0.48910001
0483,2006,0.50669998
0483,2007,0.50470001
0483,2008,0.5061
0483,2009,0.50559998
0483,2010,0.50529999
0483,2011,0.50489998
0483,2012,0.50260001
0483,2013,0.50209999
0483,2014,0.50029999
0483,2015,0.5
0483,2016,0.49950001
0483,2017,0.4989
0483,2018,0.4982
0483,2019,0.4984
0483,2020,0.4975
0483,2021,0.4991
0483,2022,0.49869999
0483,2023,0.49869999
0483,2024,0.498
0483,2025,0.49919999
0484,2006,0.50489998
0484,2007,0.50330001
0484,2008,0.5036
0484,2009,0.50379997
0484,2010,0.50300002
0484,2011,0.50230002
0484,2012,0.50269997
0484,2013,0.50220001
0484,2014,0.50190002
0484,2015,0.50059998
0484,2016,0.4991
0484,2017,0.49880001
0484,2018,0.49810001
0484,2019,0.49810001
0484,2020,0.49829999
0484,2021,0.49790001
0484,2022,0.49790001
0484,2023,0.49790001
0484,2024,0.4984
0484,2025,0.49860001
0486,2006,0.5036
0486,2007,0.50449997
0486,2008,0.50330001
0486,2009,0.50300002
0486,2010,0.50319999
0486,2011,0.5029
0486,2012,0.50190002
0486,2013,0.50190002
0486,2014,0.5011
0486,2015,0.50129998
0486,2016,0.4998
0486,2017,0.4989
0486,2018,0.49680001
0486,2019,0.4962
0486,2020,0.49759999
0486,2021,0.49739999
0486,2022,0.4971
0486,2023,0.49680001
0486,2024,0.49680001
0486,2025,0.49720001
0488,2006,0.50489998
0488,2007,0.50370002
0488,2008,0.5029
0488,2009,0.50260001
0488,2010,0.50220001
0488,2011,0.50269997
0488,2012,0.50059998
0488,2013,0.50139999
0488,2014,0.50150001
0488,2015,0.50099999
0488,2016,0.50040001
0488,2017,0.50019997
0488,2018,0.49810001
0488,2019,0.4989
0488,2020,0.49959999
0488,2021,0.49860001
0488,2022,0.49829999
0488,2023,0.4984
0488,2024,0.50120002
0488,2025,0.5011
0509,2006,0.50489998
0509,2007,0.50260001
0509,2008,0.5068
0509,2009,0.50389999
0509,2010,0.50489998
0509,2011,0.50520003
0509,2012,0.50209999
0509,2013,0.50040001
0509,2014,0.49599999
0509,2015,0.4966
0509,2016,0.4928
0509,2017,0.49020001
0509,2018,0.48429999
0509,2019,0.48660001
0509,2020,0.4858
0509,2021,0.48710001
0509,2022,0.48640001
0509,2023,0.48590001
0509,2024,0.48769999
0509,2025,0.48539999
0512,2006,0.4817
0512,2007,0.48269999
0512,2008,0.4788
0512,2009,0.4779
0512,2010,0.48120001
0512,2011,0.47979999
0512,2012,0.48030001
0512,2013,0.47999999
0512,2014,0.4869
0512,2015,0.4833
0512,2016,0.48190001
0512,2017,0.48300001
0512,2018,0.48089999
0512,2019,0.48390001
0512,2020,0.4804
0512,2021,0.48120001
0512,2022,0.48820001
0512,2023,0.4883
0512,2024,0.48289999
0512,2025,0.48410001
0513,2006,0.49959999
0513,2007,0.49680001
0513,2008,0.49540001
0513,2009,0.49590001
0513,2010,0.4948
0513,2011,0.49380001
0513,2012,0.4948
0513,2013,0.4964
0513,2014,0.49739999
0513,2015,0.4973
0513,2016,0.49489999
0513,2017,0.49360001
0513,2018,0.49129999
0513,2019,0.49309999
0513,2020,0.49059999
0513,2021,0.4921
0513,2022,0.49000001
0513,2023,0.4878
0513,2024,0.49160001
0513,2025,0.48769999
0560,2006,0.4851
0560,2007,0.48570001
0560,2008,0.48969999
0560,2009,0.48949999
0560,2010,0.4905
0560,2011,0.4903
0560,2012,0.48980001
0560,2013,0.4937
0560,2014,0.49169999
0560,2015,0.48930001
0560,2016,0.48910001
0560,2017,0.48710001
0560,2018,0.48449999
0560,2019,0.48339999
0560,2020,0.48300001
0560,2021,0.4817
0560,2022,0.4842
0560,2023,0.48230001
0560,2024,0.48410001
0560,2025,0.48109999
0561,2006,0.49919999
0561,2007,0.49779999
0561,2008,0.49689999
0561,2009,0.4964
0561,2010,0.49419999
0561,2011,0.498
0561,2012,0.49599999
0561,2013,0.49790001
0561,2014,0.49680001
0561,2015,0.49430001
0561,2016,0.4962
0561,2017,0.4962
0561,2018,0.49470001
0561,2019,0.49070001
0561,2020,0.48910001
0561,2021,0.49160001
0561,2022,0.49200001
0561,2023,0.49259999
0561,2024,0.49250001
0561,2025,0.49200001
0562,2006,0.493
0562,2007,0.493
0562,2008,0.49239999
0562,2009,0.49430001
0562,2010,0.4937
0562,2011,0.49180001
0562,2012,0.49090001
0562,2013,0.49079999
0562,2014,0.4919
0562,2015,0.49070001
0562,2016,0.4896
0562,2017,0.48859999
0562,2018,0.4876
0562,2019,0.48710001
0562,2020,0.4849
0562,2021,0.48469999
0562,2022,0.4849
0562,2023,0.4833
0562,2024,0.48429999
0562,2025,0.48449999
0563,2006,0.4998
0563,2007,0.49919999
0563,2008,0.49900001
0563,2009,0.50040001
0563,2010,0.4975
0563,2011,0.4939
0563,2012,0.49329999
0563,2013,0.48930001
0563,2014,0.4887
0563,2015,0.48640001
0563,2016,0.48370001
0563,2017,0.48519999
0563,2018,0.48570001
0563,2019,0.48879999
0563,2020,0.48699999
0563,2021,0.48539999
0563,2022,0.4835
0563,2023,0.48339999
0563,2024,0.4858
0563,2025,0.4815
0580,2006,0.49680001
0580,2007,0.49579999
0580,2008,0.4948
0580,2009,0.49380001
0580,2010,0.49380001
0580,2011,0.4937
0580,2012,0.49340001
0580,2013,0.4932
0580,2014,0.49340001
0580,2015,0.49360001
0580,2016,0.49250001
0580,2017,0.49090001
0580,2018,0.4903
0580,2019,0.48989999
0580,2020,0.4894
0580,2021,0.4896
0580,2022,0.4901
0580,2023,0.49079999
0580,2024,0.4912
0580,2025,0.49070001
0581,2006,0.50590003
0581,2007,0.5054
0581,2008,0.50449997
0581,2009,0.50370002
0581,2010,0.5036
0581,2011,0.50349998
0581,2012,0.50340003
0581,2013,0.5036
0581,2014,0.50300002
0581,2015,0.50269997
0581,2016,0.5007
0581,2017,0.50040001
0581,2018,0.49919999
0581,2019,0.4989
0581,2020,0.49880001
0581,2021,0.4991
0581,2022,0.49939999
0581,2023,0.4993
0581,2024,0.5
0581,2025,0.50089997
0582,2006,0.50230002
0582,2007,0.50139999
0582,2008,0.4993
0582,2009,0.49810001
0582,2010,0.49869999
0582,2011,0.4993
0582,2012,0.49790001
0582,2013,0.49829999
0582,2014,0.49779999
0582,2015,0.4966
0582,2016,0.49450001
0582,2017,0.4941
0582,2018,0.4948
0582,2019,0.49259999
0582,2020,0.49290001
0582,2021,0.4928
0582,2022,0.49470001
0582,2023,0.49599999
0582,2024,0.49720001
0582,2025,0.49559999
0583,2006,0.50139999
0583,2007,0.5
0583,2008,0.4998
0583,2009,0.49959999
0583,2010,0.49880001
0583,2011,0.498
0583,2012,0.49869999
0583,2013,0.4971
0583,2014,0.49669999
0583,2015,0.49470001
0583,2016,0.49419999
0583,2017,0.4941
0583,2018,0.49349999
0583,2019,0.493
0583,2020,0.49329999
0583,2021,0.49270001
0583,2022,0.49200001
0583,2023,0.49160001
0583,2024,0.49149999
0583,2025,0.4914
0584,2006,0.50999999
0584,2007,0.50940001
0584,2008,0.50919998
0584,2009,0.51050001
0584,2010,0.51209998
0584,2011,0.51050001
0584,2012,0.51120001
0584,2013,0.51319999
0584,2014,0.51020002
0584,2015,0.50700003
0584,2016,0.50650001
0584,2017,0.50480002
0584,2018,0.50319999
0584,2019,0.50199997
0584,2020,0.50319999
0584,2021,0.50230002
0584,2022,0.50139999
0584,2023,0.50389999
0584,2024,0.50870001
0584,2025,0.50980002
0586,2006,0.49990001
0586,2007,0.49939999
0586,2008,0.49919999
0586,2009,0.50050002
0586,2010,0.49700001
0586,2011,0.4973
0586,2012,0.49630001
0586,2013,0.49610001
0586,2014,0.49529999
0586,2015,0.49529999
0586,2016,0.49419999
0586,2017,0.49470001
0586,2018,0.49540001
0586,2019,0.4928
0586,2020,0.49169999
0586,2021,0.49290001
0586,2022,0.49219999
0586,2023,0.49180001
0586,2024,0.4912
0586,2025,0.49090001
0604,2006,0.49360001
0604,2007,0.4919
0604,2008,0.48969999
0604,2009,0.48710001
0604,2010,0.48679999
0604,2011,0.4887
0604,2012,0.48820001
0604,2013,0.48629999
0604,2014,0.48649999
0604,2015,0.48980001
0604,2016,0.4896
0604,2017,0.48890001
0604,2018,0.4903
0604,2019,0.48930001
0604,2020,0.48660001
0604,2021,0.48640001
0604,2022,0.48930001
0604,2023,0.48890001
0604,2024,0.4887
0604,2025,0.48930001
0617,2006,0.4892
0617,2007,0.4903
0617,2008,0.4896
0617,2009,0.48890001
0617,2010,0.48699999
0617,2011,0.48899999
0617,2012,0.48930001
0617,2013,0.48820001
0617,2014,0.4858
0617,2015,0.4853
0617,2016,0.48159999
0617,2017,0.48140001
0617,2018,0.48050001
0617,2019,0.4806
0617,2020,0.48210001
0617,2021,0.48140001
0617,2022,0.47940001
0617,2023,0.4817
0617,2024,0.48359999
0617,2025,0.48359999
0642,2006,0.498
0642,2007,0.498
0642,2008,0.4982
0642,2009,0.49779999
0642,2010,0.4982
0642,2011,0.49869999
0642,2012,0.50129998
0642,2013,0.50019997
0642,2014,0.50080001
0642,2015,0.49950001
0642,2016,0.4975
0642,2017,0.498
0642,2018,0.4993
0642,2019,0.49810001
0642,2020,0.49779999
0642,2021,0.495
0642,2022,0.498
0642,2023,0.49700001
0642,2024,0.4957
0642,2025,0.49360001
0643,2006,0.49509999
0643,2007,0.49509999
0643,2008,0.49380001
0643,2009,0.49540001
0643,2010,0.49559999
0643,2011,0.49470001
0643,2012,0.49360001
0643,2013,0.495
0643,2014,0.49450001
0643,2015,0.49329999
0643,2016,0.4923
0643,2017,0.4923
0643,2018,0.495
0643,2019,0.49419999
0643,2020,0.4957
0643,2021,0.49559999
0643,2022,0.4957
0643,2023,0.4966
0643,2024,0.4971
0643,2025,0.49790001
0662,2006,0.4932
0662,2007,0.49349999
0662,2008,0.49419999
0662,2009,0.49509999
0662,2010,0.49470001
0662,2011,0.4946
0662,2012,0.49430001
0662,2013,0.49450001
0662,2014,0.49380001
0662,2015,0.4932
0662,2016,0.4905
0662,2017,0.48769999
0662,2018,0.48769999
0662,2019,0.48660001
0662,2020,0.48660001
0662,2021,0.4853
0662,2022,0.48469999
0662,2023,0.4826
0662,2024,0.48359999
0662,2025,0.48359999
0665,2006,0.498
0665,2007,0.49739999
0665,2008,0.4989
0665,2009,0.49860001
0665,2010,0.49700001
0665,2011,0.49779999
0665,2012,0.49790001
0665,2013,0.4957
0665,2014,0.4975
0665,2015,0.49559999
0665,2016,0.4973
0665,2017,0.4937
0665,2018,0.49149999
0665,2019,0.48910001
0665,2020,0.4901
0665,2021,0.48820001
0665,2022,0.48609999
0665,2023,0.48570001
0665,2024,0.4869
0665,2025,0.4874
0680,2006,0.50870001
0680,2007,0.50760001
0680,2008,0.50760001
0680,2009,0.5072
0680,2010,0.50629997
0680,2011,0.50520003
0680,2012,0.50419998
0680,2013,0.5036
0680,2014,0.5025
0680,2015,0.50239998
0680,2016,0.50129998
0680,2017,0.4998
0680,2018,0.49860001
0680,2019,0.498
0680,2020,0.49720001
0680,2021,0.49669999
0680,2022,0.4962
0680,2023,0.4964
0680,2024,0.49669999
0680,2025,0.4962
0682,2006,0.50010002
0682,2007,0.4989
0682,2008,0.49829999
0682,2009,0.49939999
0682,2010,0.49869999
0682,2011,0.49649999
0682,2012,0.49599999
0682,2013,0.49470001
0682,2014,0.4923
0682,2015,0.4905
0682,2016,0.48910001
0682,2017,0.48969999
0682,2018,0.48879999
0682,2019,0.48800001
0682,2020,0.48879999
0682,2021,0.4885
0682,2022,0.4867
0682,2023,0.48539999
0682,2024,0.4858
0682,2025,0.4869
0683,2006,0.5029
0683,2007,0.5025
0683,2008,0.5025
0683,2009,0.50160003
0683,2010,0.50129998
0683,2011,0.50080001
0683,2012,0.50080001
0683,2013,0.49919999
0683,2014,0.498
0683,2015,0.4964
0683,2016,0.49599999
0683,2017,0.49470001
0683,2018,0.49270001
0683,2019,0.49290001
0683,2020,0.49360001
0683,2021,0.4928
0683,2022,0.49200001
0683,2023,0.4921
0683,2024,0.4914
0683,2025,0.49290001
0684,2006,0.4964
0684,2007,0.4939
0684,2008,0.49250001
0684,2009,0.49259999
0684,2010,0.49309999
0684,2011,0.49259999
0684,2012,0.4946
0684,2013,0.4901
0684,2014,0.4883
0684,2015,0.48730001
0684,2016,0.4853
0684,2017,0.4858
0684,2018,0.48710001
0684,2019,0.48750001
0684,2020,0.48800001
0684,2021,0.48649999
0684,2022,0.4853
0684,2023,0.486
0684,2024,0.48679999
0684,2025,0.48379999
0685,2006,0.493
0685,2007,0.49290001
0685,2008,0.49329999
0685,2009,0.49309999
0685,2010,0.49290001
0685,2011,0.49169999
0685,2012,0.49169999
0685,2013,0.49169999
0685,2014,0.4903
0685,2015,0.491
0685,2016,0.4901
0685,2017,0.48899999
0685,2018,0.48789999
0685,2019,0.48719999
0685,2020,0.4867
0685,2021,0.48660001
0685,2022,0.48679999
0685,2023,0.48710001
0685,2024,0.48800001
0685,2025,0.48989999
0686,2006,0.50169998
0686,2007,0.50160003
0686,2008,0.50239998
0686,2009,0.50260001
0686,2010,0.50169998
0686,2011,0.50120002
0686,2012,0.50089997
0686,2013,0.50199997
0686,2014,0.50089997
0686,2015,0.49900001
0686,2016,0.49849999
0686,2017,0.498
0686,2018,0.49779999
0686,2019,0.49810001
0686,2020,0.49680001
0686,2021,0.49599999
0686,2022,0.4962
0686,2023,0.4975
0686,2024,0.4955
0686,2025,0.49579999
0687,2006,0.50319999
0687,2007,0.50330001
0687,2008,0.50330001
0687,2009,0.50300002
0687,2010,0.50150001
0687,2011,0.50129998
0687,2012,0.4993
0687,2013,0.49880001
0687,2014,0.49759999
0687,2015,0.49680001
0687,2016,0.49630001
0687,2017,0.49559999
0687,2018,0.49470001
0687,2019,0.4939
0687,2020,0.49360001
0687,2021,0.4946
0687,2022,0.49509999
0687,2023,0.4941
0687,2024,0.49340001
0687,2025,0.49489999
0760,2006,0.48559999
0760,2007,0.48629999
0760,2008,0.48500001
0760,2009,0.4853
0760,2010,0.48359999
0760,2011,0.48230001
0760,2012,0.4817
0760,2013,0.47819999
0760,2014,0.48100001
0760,2015,0.4797
0760,2016,0.47690001
0760,2017,0.47729999
0760,2018,0.47729999
0760,2019,0.4779
0760,2020,0.4788
0760,2021,0.47710001
0760,2022,0.47830001
0760,2023,0.47679999
0760,2024,0.4761
0760,2025,0.47839999
0761,2006,0.49770001
0761,2007,0.49529999
0761,2008,0.49489999
0761,2009,0.49160001
0761,2010,0.49090001
0761,2011,0.48879999
0761,2012,0.49180001
0761,2013,0.486
0761,2014,0.48590001
0761,2015,0.4831
0761,2016,0.48280001
0761,2017,0.48559999
0761,2018,0.4867
0761,2019,0.48609999
0761,2020,0.4867
0761,2021,0.48800001
0761,2022,0.48800001
0761,2023,0.48800001
0761,2024,0.48750001
0761,2025,0.48649999
0763,2006,0.49059999
0763,2007,0.491
0763,2008,0.49259999
0763,2009,0.4928
0763,2010,0.49270001
0763,2011,0.49309999
0763,2012,0.4928
0763,2013,0.49309999
0763,2014,0.49380001
0763,2015,0.4932
0763,2016,0.49079999
0763,2017,0.48879999
0763,2018,0.4867
0763,2019,0.4867
0763,2020,0.48609999
0763,2021,0.48539999
0763,2022,0.48649999
0763,2023,0.4833
0763,2024,0.48339999
0763,2025,0.48179999
0764,2006,0.49290001
0764,2007,0.49079999
0764,2008,0.49039999
0764,2009,0.49090001
0764,2010,0.48969999
0764,2011,0.48980001
0764,2012,0.4885
0764,2013,0.48890001
0764,2014,0.48890001
0764,2015,0.48840001
0764,2016,0.48789999
0764,2017,0.4885
0764,2018,0.48859999
0764,2019,0.48640001
0764,2020,0.48730001
0764,2021,0.48719999
0764,2022,0.48550001
0764,2023,0.48559999
0764,2024,0.4867
0764,2025,0.48679999
0765,2006,0.49869999
0765,2007,0.49919999
0765,2008,0.4982
0765,2009,0.49790001
0765,2010,0.49880001
0765,2011,0.4991
0765,2012,0.49860001
0765,2013,0.49669999
0765,2014,0.4946
0765,2015,0.49360001
0765,2016,0.49250001
0765,2017,0.49259999
0765,2018,0.49180001
0765,2019,0.4885
0765,2020,0.48949999
0765,2021,0.49149999
0765,2022,0.49039999
0765,2023,0.4923
0765,2024,0.4939
0765,2025,0.493
0767,2006,0.49779999
0767,2007,0.49869999
0767,2008,0.49649999
0767,2009,0.49790001
0767,2010,0.49529999
0767,2011,0.49610001
0767,2012,0.4966
0767,2013,0.495
0767,2014,0.493
0767,2015,0.4896
0767,2016,0.48930001
0767,2017,0.48629999
0767,2018,0.48640001
0767,2019,0.48390001
0767,2020,0.48320001
0767,2021,0.48269999
0767,2022,0.4824
0767,2023,0.48190001
0767,2024,0.4826
0767,2025,0.48050001
0780,2006,0.50120002
0780,2007,0.50050002
0780,2008,0.4998
0780,2009,0.49900001
0780,2010,0.4991
0780,2011,0.49810001
0780,2012,0.49880001
0780,2013,0.49829999
0780,2014,0.4973
0780,2015,0.49689999
0780,2016,0.49680001
0780,2017,0.49559999
0780,2018,0.49439999
0780,2019,0.49360001
0780,2020,0.4941
0780,2021,0.49349999
0780,2022,0.49340001
0780,2023,0.49419999
0780,2024,0.4939
0780,2025,0.49540001
0781,2006,0.49610001
0781,2007,0.4941
0781,2008,0.49399999
0781,2009,0.49540001
0781,2010,0.495
0781,2011,0.49430001
0781,2012,0.49450001
0781,2013,0.49380001
0781,2014,0.49290001
0781,2015,0.4928
0781,2016,0.49169999
0781,2017,0.49059999
0781,2018,0.48949999
0781,2019,0.48890001
0781,2020,0.48890001
0781,2021,0.48899999
0781,2022,0.48859999
0781,2023,0.4869
0781,2024,0.4867
0781,2025,0.48750001
0821,2006,0.49160001
0821,2007,0.49470001
0821,2008,0.49270001
0821,2009,0.4885
0821,2010,0.4883
0821,2011,0.4905
0821,2012,0.49020001
0821,2013,0.4923
0821,2014,0.49149999
0821,2015,0.48469999
0821,2016,0.48649999
0821,2017,0.48379999
0821,2018,0.48460001
0821,2019,0.4815
0821,2020,0.4842
0821,2021,0.48559999
0821,2022,0.48730001
0821,2023,0.48930001
0821,2024,0.49200001
0821,2025,0.4955
0834,2006,0.48800001
0834,2007,0.48789999
0834,2008,0.48570001
0834,2009,0.48649999
0834,2010,0.48030001
0834,2011,0.47819999
0834,2012,0.48030001
0834,2013,0.48120001
0834,2014,0.47830001
0834,2015,0.4743
0834,2016,0.47150001
0834,2017,0.47589999
0834,2018,0.47909999
0834,2019,0.47960001
0834,2020,0.4786
0834,2021,0.4786
0834,2022,0.47909999
0834,2023,0.48089999
0834,2024,0.47940001
0834,2025,0.48159999
0840,2006,0.5108
0840,2007,0.50919998
0840,2008,0.51120001
0840,2009,0.5108
0840,2010,0.51069999
0840,2011,0.51139998
0840,2012,0.51069999
0840,2013,0.51020002
0840,2014,0.5072
0840,2015,0.50510001
0840,2016,0.50620002
0840,2017,0.50470001
0840,2018,0.50419998
0840,2019,0.50379997
0840,2020,0.50309998
0840,2021,0.50620002
0840,2022,0.50599998
0840,2023,0.50419998
0840,2024,0.5054
0840,2025,0.50569999
0860,2006,0.4937
0860,2007,0.49399999
0860,2008,0.493
0860,2009,0.4921
0860,2010,0.49219999
0860,2011,0.4914
0860,2012,0.49110001
0860,2013,0.48899999
0860,2014,0.48800001
0860,2015,0.48559999
0860,2016,0.48550001
0860,2017,0.4844
0860,2018,0.48359999
0860,2019,0.4842
0860,2020,0.48210001
0860,2021,0.4831
0860,2022,0.48460001
0860,2023,0.48460001
0860,2024,0.4842
0860,2025,0.4833
0861,2006,0.49770001
0861,2007,0.49649999
0861,2008,0.49759999
0861,2009,0.49900001
0861,2010,0.49770001
0861,2011,0.4971
0861,2012,0.49579999
0861,2013,0.4966
0861,2014,0.49329999
0861,2015,0.49219999
0861,2016,0.49239999
0861,2017,0.4928
0861,2018,0.49219999
0861,2019,0.49450001
0861,2020,0.4946
0861,2021,0.49489999
0861,2022,0.49349999
0861,2023,0.4932
0861,2024,0.49380001
0861,2025,0.49309999
0862,2006,0.49259999
0862,2007,0.49180001
0862,2008,0.493
0862,2009,0.49059999
0862,2010,0.49059999
0862,2011,0.49160001
0862,2012,0.4912
0862,2013,0.49349999
0862,2014,0.4896
0862,2015,0.48820001
0862,2016,0.48820001
0862,2017,0.4869
0862,2018,0.4849
0862,2019,0.48469999
0862,2020,0.48230001
0862,2021,0.4808
0862,2022,0.48109999
0862,2023,0.479
0862,2024,0.4779
0862,2025,0.47870001
0880,2006,0.51029998
0880,2007,0.50999999
0880,2008,0.50929999
0880,2009,0.50730002
0880,2010,0.50739998
0880,2011,0.50880003
0880,2012,0.50779998
0880,2013,0.50660002
0880,2014,0.5054
0880,2015,0.50559998
0880,2016,0.50410002
0880,2017,0.50349998
0880,2018,0.50309998
0880,2019,0.50160003
0880,2020,0.50220001
0880,2021,0.50139999
0880,2022,0.50150001
0880,2023,0.50129998
0880,2024,0.50209999
0880,2025,0.50279999
0881,2006,0.49860001
0881,2007,0.498
0881,2008,0.4971
0881,2009,0.49610001
0881,2010,0.49579999
0881,2011,0.49559999
0881,2012,0.49520001
0881,2013,0.49430001
0881,2014,0.4912
0881,2015,0.4914
0881,2016,0.48969999
0881,2017,0.491
0881,2018,0.48949999
0881,2019,0.49039999
0881,2020,0.4901
0881,2021,0.49110001
0881,2022,0.49200001
0881,2023,0.4914
0881,2024,0.49329999
0881,2025,0.49239999
0882,2006,0.50050002
0882,2007,0.5007
0882,2008,0.49919999
0882,2009,0.49900001
0882,2010,0.49900001
0882,2011,0.4975
0882,2012,0.4975
0882,2013,0.4966
0882,2014,0.495
0882,2015,0.49399999
0882,2016,0.48969999
0882,2017,0.4914
0882,2018,0.491
0882,2019,0.4912
0882,2020,0.49219999
0882,2021,0.49000001
0882,2022,0.491
0882,2023,0.49020001
0882,2024,0.4912
0882,2025,0.49090001
0883,2006,0.50370002
0883,2007,0.50330001
0883,2008,0.50389999
0883,2009,0.50400001
0883,2010,0.50419998
0883,2011,0.50349998
0883,2012,0.50209999
0883,2013,0.50059998
0883,2014,0.50019997
0883,2015,0.49950001
0883,2016,0.49829999
0883,2017,0.49790001
0883,2018,0.4975
0883,2019,0.498
0883,2020,0.4989
0883,2021,0.4993
0883,2022,0.49959999
0883,2023,0.4982
0883,2024,0.49880001
0883,2025,0.49810001
0884,2006,0.4962
0884,2007,0.49470001
0884,2008,0.49439999
0884,2009,0.49439999
0884,2010,0.49340001
0884,2011,0.49180001
0884,2012,0.49110001
0884,2013,0.4894
0884,2014,0.4901
0884,2015,0.4887
0884,2016,0.48640001
0884,2017,0.48679999
0884,2018,0.4887
0884,2019,0.48719999
0884,2020,0.48789999
0884,2021,0.48969999
0884,2022,0.4876
0884,2023,0.48789999
0884,2024,0.48769999
0884,2025,0.4887
0885,2006,0.50449997
0885,2007,0.50470001
0885,2008,0.5018
0885,2009,0.50230002
0885,2010,0.50300002
0885,2011,0.50190002
0885,2012,0.50080001
0885,2013,0.50010002
0885,2014,0.49849999
0885,2015,0.4966
0885,2016,0.4946
0885,2017,0.4946
0885,2018,0.49599999
0885,2019,0.49880001
0885,2020,0.49869999
0885,2021,0.49849999
0885,2022,0.49900001
0885,2023,0.50019997
0885,2024,0.5018
0885,2025,0.50269997
0980,2006,0.50629997
0980,2007,0.50580001
0980,2008,0.50489998
0980,2009,0.50510001
0980,2010,0.50470001
0980,2011,0.50449997
0980,2012,0.50459999
0980,2013,0.50340003
0980,2014,0.50309998
0980,2015,0.50239998
0980,2016,0.50160003
0980,2017,0.5011
0980,2018,0.50080001
0980,2019,0.50029999
0980,2020,0.50139999
0980,2021,0.50160003
0980,2022,0.50209999
0980,2023,0.50190002
0980,2024,0.5029
0980,2025,0.5036
1060,2006,0.49399999
1060,2007,0.49529999
1060,2008,0.49680001
1060,2009,0.495
1060,2010,0.49290001
1060,2011,0.49329999
1060,2012,0.49180001
1060,2013,0.49149999
1060,2014,0.48949999
1060,2015,0.48750001
1060,2016,0.48590001
1060,2017,0.4887
1060,2018,0.48820001
1060,2019,0.4878
1060,2020,0.4874
1060,2021,0.48629999
1060,2022,0.4862
1060,2023,0.48640001
1060,2024,0.48570001
1060,2025,0.48539999
1080,2006,0.49829999
1080,2007,0.49590001
1080,2008,0.49430001
1080,2009,0.49259999
1080,2010,0.4901
1080,2011,0.48930001
1080,2012,0.4903
1080,2013,0.49169999
1080,2014,0.49070001
1080,2015,0.48879999
1080,2016,0.48679999
1080,2017,0.48590001
1080,2018,0.48590001
1080,2019,0.4858
1080,2020,0.48570001
1080,2021,0.48559999
1080,2022,0.48590001
1080,2023,0.4862
1080,2024,0.48629999
1080,2025,0.48660001
1081,2006,0.48730001
1081,2007,0.4867
1081,2008,0.48590001
1081,2009,0.4853
1081,2010,0.48559999
1081,2011,0.4896
1081,2012,0.49070001
1081,2013,0.49180001
1081,2014,0.49340001
1081,2015,0.491
1081,2016,0.49129999
1081,2017,0.4912
1081,2018,0.49149999
1081,2019,0.49059999
1081,2020,0.4903
1081,2021,0.491
1081,2022,0.48989999
1081,2023,0.4914
1081,2024,0.49180001
1081,2025,0.49149999
1082,2006,0.4975
1082,2007,0.49869999
1082,2008,0.49860001
1082,2009,0.49849999
1082,2010,0.4993
1082,2011,0.49860001
1082,2012,0.498
1082,2013,0.498
1082,2014,0.49739999
1082,2015,0.49649999
1082,2016,0.49610001
1082,2017,0.4955
1082,2018,0.49579999
1082,2019,0.4957
1082,2020,0.4962
1082,2021,0.4966
1082,2022,0.49630001
1082,2023,0.49649999
1082,2024,0.4973
1082,2025,0.49739999
1083,2006,0.49849999
1083,2007,0.498
1083,2008,0.49649999
1083,2009,0.4948
1083,2010,0.49450001
1083,2011,0.49529999
1083,2012,0.49520001
1083,2013,0.49540001
1083,2014,0.49509999
1083,2015,0.49470001
1083,2016,0.4948
1083,2017,0.4948
1083,2018,0.49489999
1083,2019,0.495
1083,2020,0.4955
1083,2021,0.49419999
1083,2022,0.49340001
1083,2023,0.49439999
1083,2024,0.495
1083,2025,0.49450001
1214,2006,0.48710001
1214,2007,0.48649999
1214,2008,0.48539999
1214,2009,0.48769999
1214,2010,0.48660001
1214,2011,0.48449999
1214,2012,0.48320001
1214,2013,0.48210001
1214,2014,0.48030001
1214,2015,0.47920001
1214,2016,0.47569999
1214,2017,0.477
1214,2018,0.47670001
1214,2019,0.4756
1214,2020,0.47889999
1214,2021,0.47940001
1214,2022,0.4799
1214,2023,0.47839999
1214,2024,0.4804
1214,2025,0.4795
1230,2006,0.50340003
1230,2007,0.5011
1230,2008,0.50279999
1230,2009,0.50389999
1230,2010,0.50370002
1230,2011,0.50300002
1230,2012,0.5043
1230,2013,0.50480002
1230,2014,0.50520003
1230,2015,0.50569999
1230,2016,0.50529999
1230,2017,0.50529999
1230,2018,0.50459999
1230,2019,0.50410002
1230,2020,0.50309998
1230,2021,0.50400001
1230,2022,0.50330001
1230,2023,0.5036
1230,2024,0.50139999
1230,2025,0.50199997
1231,2006,0.50309998
1231,2007,0.49919999
1231,2008,0.49919999
1231,2009,0.4982
1231,2010,0.4982
1231,2011,0.4993
1231,2012,0.49880001
1231,2013,0.49779999
1231,2014,0.4973
1231,2015,0.49860001
1231,2016,0.49689999
1231,2017,0.49520001
1231,2018,0.49509999
1231,2019,0.49419999
1231,2020,0.49360001
1231,2021,0.4923
1231,2022,0.4921
1231,2023,0.49090001
1231,2024,0.49020001
1231,2025,0.48949999
1233,2006,0.50550002
1233,2007,0.50550002
1233,2008,0.50590003
1233,2009,0.50330001
1233,2010,0.50300002
1233,2011,0.5043
1233,2012,0.50529999
1233,2013,0.50599998
1233,2014,0.50739998
1233,2015,0.50510001
1233,2016,0.50400001
1233,2017,0.50389999
1233,2018,0.50489998
1233,2019,0.50510001
1233,2020,0.50480002
1233,2021,0.5068
1233,2022,0.5061
1233,2023,0.50660002
1233,2024,0.50660002
1233,2025,0.50669998
1256,2006,0.49540001
1256,2007,0.4948
1256,2008,0.49520001
1256,2009,0.49309999
1256,2010,0.49039999
1256,2011,0.49079999
1256,2012,0.4894
1256,2013,0.4919
1256,2014,0.48949999
1256,2015,0.48570001
1256,2016,0.48190001
1256,2017,0.4833
1256,2018,0.48480001
1256,2019,0.48390001
1256,2020,0.4842
1256,2021,0.486
1256,2022,0.48500001
1256,2023,0.48550001
1256,2024,0.48570001
1256,2025,0.48480001
1257,2006,0.49489999
1257,2007,0.4928
1257,2008,0.4948
1257,2009,0.49380001
1257,2010,0.49430001
1257,2011,0.49439999
1257,2012,0.49309999
1257,2013,0.49329999
1257,2014,0.4921
1257,2015,0.4896
1257,2016,0.48590001
1257,2017,0.48640001
1257,2018,0.48460001
1257,2019,0.48159999
1257,2020,0.48199999
1257,2021,0.48230001
1257,2022,0.48300001
1257,2023,0.48280001
1257,2024,0.48550001
1257,2025,0.48640001
1260,2006,0.49509999
1260,2007,0.49680001
1260,2008,0.49579999
1260,2009,0.4962
1260,2010,0.495
1260,2011,0.4971
1260,2012,0.49630001
1260,2013,0.49630001
1260,2014,0.49439999
1260,2015,0.49090001
1260,2016,0.48949999
1260,2017,0.48699999
1260,2018,0.48649999
1260,2019,0.48730001
1260,2020,0.48539999
1260,2021,0.48539999
1260,2022,0.4851
1260,2023,0.48280001
1260,2024,0.4824
1260,2025,0.48359999
1261,2006,0.49790001
1261,2007,0.49939999
1261,2008,0.49829999
1261,2009,0.49919999
1261,2010,0.4989
1261,2011,0.4984
1261,2012,0.4993
1261,2013,0.49959999
1261,2014,0.49950001
1261,2015,0.49990001
1261,2016,0.4975
1261,2017,0.4975
1261,2018,0.4982
1261,2019,0.49860001
1261,2020,0.49849999
1261,2021,0.49919999
1261,2022,0.49869999
1261,2023,0.49810001
1261,2024,0.49970001
1261,2025,0.49829999
1262,2006,0.50559998
1262,2007,0.50319999
1262,2008,0.50449997
1262,2009,0.50580001
1262,2010,0.50639999
1262,2011,0.50419998
1262,2012,0.50349998
1262,2013,0.50279999
1262,2014,0.50239998
1262,2015,0.5011
1262,2016,0.50080001
1262,2017,0.49959999
1262,2018,0.50050002
1262,2019,0.50129998
1262,2020,0.50080001
1262,2021,0.50169998
1262,2022,0.50169998
1262,2023,0.50319999
1262,2024,0.505
1262,2025,0.50590003
1263,2006,0.49880001
1263,2007,0.49869999
1263,2008,0.49880001
1263,2009,0.49950001
1263,2010,0.4991
1263,2011,0.49959999
1263,2012,0.49959999
1263,2013,0.49880001
1263,2014,0.49959999
1263,2015,0.49790001
1263,2016,0.4964
1263,2017,0.49700001
1263,2018,0.49720001
1263,2019,0.49810001
1263,2020,0.4973
1263,2021,0.49939999
1263,2022,0.50059998
1263,2023,0.50099999
1263,2024,0.5007
1263,2025,0.50199997
1264,2006,0.5011
1264,2007,0.50010002
1264,2008,0.50029999
1264,2009,0.50080001
1264,2010,0.50139999
1264,2011,0.5011
1264,2012,0.50019997
1264,2013,0.5011
1264,2014,0.50080001
1264,2015,0.50029999
1264,2016,0.49939999
1264,2017,0.49849999
1264,2018,0.4971
1264,2019,0.49720001
1264,2020,0.498
1264,2021,0.49779999
1264,2022,0.49759999
1264,2023,0.49739999
1264,2024,0.49860001
1264,2025,0.49849999
1265,2006,0.49270001
1265,2007,0.49309999
1265,2008,0.49290001
1265,2009,0.49149999
1265,2010,0.49340001
1265,2011,0.49329999
1265,2012,0.49039999
1265,2013,0.4901
1265,2014,0.491
1265,2015,0.48949999
1265,2016,0.4901
1265,2017,0.4894
1265,2018,0.48980001
1265,2019,0.4896
1265,2020,0.4894
1265,2021,0.49070001
1265,2022,0.4892
1265,2023,0.48789999
1265,2024,0.48859999
1265,2025,0.48930001
1266,2006,0.49849999
1266,2007,0.4993
1266,2008,0.4982
1266,2009,0.49810001
1266,2010,0.49860001
1266,2011,0.49919999
1266,2012,0.4991
1266,2013,0.49950001
1266,2014,0.4989
1266,2015,0.49860001
1266,2016,0.4966
1266,2017,0.49340001
1266,2018,0.49309999
1266,2019,0.49250001
1266,2020,0.49129999
1266,2021,0.49309999
1266,2022,0.49219999
1266,2023,0.4923
1266,2024,0.49160001
1266,2025,0.49020001
1267,2006,0.50080001
1267,2007,0.50010002
1267,2008,0.49959999
1267,2009,0.4991
1267,2010,0.49959999
1267,2011,0.50050002
1267,2012,0.50099999
1267,2013,0.50139999
1267,2014,0.50190002
1267,2015,0.49939999
1267,2016,0.49779999
1267,2017,0.4964
1267,2018,0.49529999
1267,2019,0.49669999
1267,2020,0.4962
1267,2021,0.49680001
1267,2022,0.49669999
1267,2023,0.4975
1267,2024,0.49630001
1267,2025,0.4939
1270,2006,0.5007
1270,2007,0.50239998
1270,2008,0.49990001
1270,2009,0.49950001
1270,2010,0.49900001
1270,2011,0.4989
1270,2012,0.49610001
1270,2013,0.49739999
1270,2014,0.49739999
1270,2015,0.49649999
1270,2016,0.49470001
1270,2017,0.49309999
1270,2018,0.4946
1270,2019,0.49559999
1270,2020,0.49559999
1270,2021,0.49579999
1270,2022,0.49680001
1270,2023,0.49689999
1270,2024,0.49689999
1270,2025,0.49759999
1272,2006,0.49810001
1272,2007,0.49869999
1272,2008,0.49669999
1272,2009,0.49869999
1272,2010,0.49919999
1272,2011,0.49900001
1272,2012,0.49669999
1272,2013,0.4966
1272,2014,0.49590001
1272,2015,0.4932
1272,2016,0.48989999
1272,2017,0.4896
1272,2018,0.49039999
1272,2019,0.49070001
1272,2020,0.48930001
1272,2021,0.4905
1272,2022,0.49059999
1272,2023,0.49329999
1272,2024,0.49290001
1272,2025,0.49360001
1273,2006,0.49869999
1273,2007,0.49779999
1273,2008,0.49880001
1273,2009,0.50059998
1273,2010,0.50050002
1273,2011,0.49959999
1273,2012,0.49880001
1273,2013,0.49829999
1273,2014,0.498
1273,2015,0.49599999
1273,2016,0.4957
1273,2017,0.49599999
1273,2018,0.49649999
1273,2019,0.49790001
1273,2020,0.49680001
1273,2021,0.4946
1273,2022,0.49380001
1273,2023,0.49360001
1273,2024,0.49470001
1273,2025,0.49489999
1275,2006,0.49509999
1275,2007,0.49360001
1275,2008,0.49090001
1275,2009,0.49000001
1275,2010,0.4878
1275,2011,0.4885
1275,2012,0.4876
1275,2013,0.48460001
1275,2014,0.48370001
1275,2015,0.4844
1275,2016,0.48460001
1275,2017,0.486
1275,2018,0.48559999
1275,2019,0.48570001
1275,2020,0.4824
1275,2021,0.48280001
1275,2022,0.48519999
1275,2023,0.48480001
1275,2024,0.4822
1275,2025,0.48120001
1276,2006,0.49680001
1276,2007,0.49559999
1276,2008,0.49610001
1276,2009,0.4957
1276,2010,0.49430001
1276,2011,0.493
1276,2012,0.4932
1276,2013,0.4941
1276,2014,0.49259999
1276,2015,0.49160001
1276,2016,0.48930001
1276,2017,0.48719999
1276,2018,0.48800001
1276,2019,0.4885
1276,2020,0.48679999
1276,2021,0.48410001
1276,2022,0.4833
1276,2023,0.48370001
1276,2024,0.4826
1276,2025,0.48300001
1277,2006,0.4962
1277,2007,0.49489999
1277,2008,0.49559999
1277,2009,0.49340001
1277,2010,0.49349999
1277,2011,0.4914
1277,2012,0.49259999
1277,2013,0.49380001
1277,2014,0.49250001
1277,2015,0.49090001
1277,2016,0.4885
1277,2017,0.48649999
1277,2018,0.48609999
1277,2019,0.48559999
1277,2020,0.48649999
1277,2021,0.48570001
1277,2022,0.48550001
1277,2023,0.4862
1277,2024,0.4869
1277,2025,0.48649999
1278,2006,0.50669998
1278,2007,0.50800002
1278,2008,0.50749999
1278,2009,0.50529999
1278,2010,0.50419998
1278,2011,0.50590003
1278,2012,0.5061
1278,2013,0.50580001
1278,2014,0.5054
1278,2015,0.50269997
1278,2016,0.5
1278,2017,0.50239998
1278,2018,0.5029
1278,2019,0.5025
1278,2020,0.50319999
1278,2021,0.5043
1278,2022,0.50440001
1278,2023,0.5061
1278,2024,0.5061
1278,2025,0.50650001
1280,2006,0.51270002
1280,2007,0.5108
1280,2008,0.50999999
1280,2009,0.50959998
1280,2010,0.50919998
1280,2011,0.50940001
1280,2012,0.50929999
1280,2013,0.50889999
1280,2014,0.50770003
1280,2015,0.5072
1280,2016,0.50629997
1280,2017,0.50550002
1280,2018,0.50489998
1280,2019,0.50419998
1280,2020,0.50419998
1280,2021,0.50379997
1280,2022,0.50370002
1280,2023,0.50389999
1280,2024,0.50489998
1280,2025,0.50569999
1281,2006,0.505
1281,2007,0.5043
1281,2008,0.50309998
1281,2009,0.50160003
1281,2010,0.50150001
1281,2011,0.50239998
1281,2012,0.50260001
1281,2013,0.50190002
1281,2014,0.50279999
1281,2015,0.5029
1281,2016,0.5029
1281,2017,0.50330001
1281,2018,0.50330001
1281,2019,0.5043
1281,2020,0.50569999
1281,2021,0.50629997
1281,2022,0.5068
1281,2023,0.50730002
1281,2024,0.50940001
1281,2025,0.51050001
1282,2006,0.50400001
1282,2007,0.50319999
1282,2008,0.50160003
1282,2009,0.50260001
1282,2010,0.50230002
1282,2011,0.50309998
1282,2012,0.50199997
1282,2013,0.50190002
1282,2014,0.50160003
1282,2015,0.5011
1282,2016,0.50029999
1282,2017,0.49880001
1282,2018,0.49770001
1282,2019,0.49689999
1282,2020,0.49720001
1282,2021,0.4973
1282,2022,0.4964
1282,2023,0.4964
1282,2024,0.49759999
1282,2025,0.4984
1283,2006,0.51200002
1283,2007,0.51109999
1283,2008,0.51069999
1283,2009,0.51069999
1283,2010,0.51020002
1283,2011,0.50950003
1283,2012,0.509
1283,2013,0.50889999
1283,2014,0.50770003
1283,2015,0.50700003
1283,2016,0.50569999
1283,2017,0.50520003
1283,2018,0.50480002
1283,2019,0.50370002
1283,2020,0.5036
1283,2021,0.50279999
1283,2022,0.50190002
1283,2023,0.50220001
1283,2024,0.5029
1283,2025,0.5036
1284,2006,0.51120001
1284,2007,0.51059997
1284,2008,0.5104
1284,2009,0.50989997
1284,2010,0.50870001
1284,2011,0.50999999
1284,2012,0.51160002
1284,2013,0.50870001
1284,2014,0.50739998
1284,2015,0.50650001
1284,2016,0.50410002
1284,2017,0.50269997
1284,2018,0.5029
1284,2019,0.50349998
1284,2020,0.50340003
1284,2021,0.50520003
1284,2022,0.50309998
1284,2023,0.50569999
1284,2024,0.50639999
1284,2025,0.50650001
1285,2006,0.4984
1285,2007,0.49770001
1285,2008,0.4984
1285,2009,0.49689999
1285,2010,0.49630001
1285,2011,0.4964
1285,2012,0.49529999
1285,2013,0.49630001
1285,2014,0.49520001
1285,2015,0.49450001
1285,2016,0.49489999
1285,2017,0.49309999
1285,2018,0.49340001
1285,2019,0.49290001
1285,2020,0.4919
1285,2021,0.49169999
1285,2022,0.4921
1285,2023,0.4923
1285,2024,0.49290001
1285,2025,0.49380001
1286,2006,0.51499999
1286,2007,0.51410002
1286,2008,0.51279998
1286,2009,0.51389998
1286,2010,0.51429999
1286,2011,0.51429999
1286,2012,0.514
1286,2013,0.51319999
1286,2014,0.51359999
1286,2015,0.5126
1286,2016,0.51059997
1286,2017,0.51099998
1286,2018,0.50999999
1286,2019,0.51050001
1286,2020,0.50980002
1286,2021,0.50980002
1286,2022,0.50980002
1286,2023,0.51179999
1286,2024,0.51239997
1286,2025,0.51230001
1287,2006,0.5043
1287,2007,0.50400001
1287,2008,0.5036
1287,2009,0.50209999
1287,2010,0.50160003
1287,2011,0.50139999
1287,2012,0.5018
1287,2013,0.50120002
1287,2014,0.50040001
1287,2015,0.4993
1287,2016,0.49900001
1287,2017,0.4993
1287,2018,0.49849999
1287,2019,0.4984
1287,2020,0.4993
1287,2021,0.49939999
1287,2022,0.49810001
1287,2023,0.4971
1287,2024,0.49759999
1287,2025,0.49810001
1290,2006,0.50989997
1290,2007,0.50849998
1290,2008,0.50849998
1290,2009,0.50809997
1290,2010,0.50809997
1290,2011,0.50690001
1290,2012,0.50620002
1290,2013,0.50520003
1290,2014,0.50410002
1290,2015,0.50319999
1290,2016,0.50230002
1290,2017,0.5011
1290,2018,0.50129998
1290,2019,0.50050002
1290,2020,0.50050002
1290,2021,0.50029999
1290,2022,0.50089997
1290,2023,0.50120002
1290,2024,0.5018
1290,2025,0.50220001
1291,2006,0.51230001
1291,2007,0.51209998
1291,2008,0.5104
1291,2009,0.50980002
1291,2010,0.51010001
1291,2011,0.51010001
1291,2012,0.51179999
1291,2013,0.51059997
1291,2014,0.51029998
1291,2015,0.50919998
1291,2016,0.50660002
1291,2017,0.50669998
1291,2018,0.5068
1291,2019,0.50650001
1291,2020,0.5043
1291,2021,0.50510001
1291,2022,0.50559998
1291,2023,0.50569999
1291,2024,0.50779998
1291,2025,0.5068
1292,2006,0.514
1292,2007,0.514
1292,2008,0.51340002
1292,2009,0.51319999
1292,2010,0.51289999
1292,2011,0.51230001
1292,2012,0.51200002
1292,2013,0.51160002
1292,2014,0.51099998
1292,2015,0.51099998
1292,2016,0.51020002
1292,2017,0.509
1292,2018,0.50880003
1292,2019,0.50840002
1292,2020,0.50749999
1292,2021,0.5079
1292,2022,0.5061
1292,2023,0.50660002
1292,2024,0.50529999
1292,2025,0.50590003
1293,2006,0.5011
1293,2007,0.50089997
1293,2008,0.50089997
1293,2009,0.50059998
1293,2010,0.49939999
1293,2011,0.49939999
1293,2012,0.49950001
1293,2013,0.4989
1293,2014,0.498
1293,2015,0.49689999
1293,2016,0.4955
1293,2017,0.49559999
1293,2018,0.49559999
1293,2019,0.49590001
1293,2020,0.49680001
1293,2021,0.49649999
1293,2022,0.4955
1293,2023,0.4964
1293,2024,0.49669999
1293,2025,0.49599999
1315,2006,0.49180001
1315,2007,0.493
1315,2008,0.49079999
1315,2009,0.491
1315,2010,0.49180001
1315,2011,0.491
1315,2012,0.49039999
1315,2013,0.48840001
1315,2014,0.4858
1315,2015,0.48539999
1315,2016,0.4835
1315,2017,0.48410001
1315,2018,0.48629999
1315,2019,0.4869
1315,2020,0.48800001
1315,2021,0.48769999
1315,2022,0.4874
1315,2023,0.48609999
1315,2024,0.48550001
1315,2025,0.48660001
1380,2006,0.50819999
1380,2007,0.50779998
1380,2008,0.50739998
1380,2009,0.50660002
1380,2010,0.50629997
1380,2011,0.50660002
1380,2012,0.50590003
1380,2013,0.50590003
1380,2014,0.50480002
1380,2015,0.50330001
1380,2016,0.5018
1380,2017,0.50050002
1380,2018,0.5
1380,2019,0.49900001
1380,2020,0.49919999
1380,2021,0.49849999
1380,2022,0.49829999
1380,2023,0.4991
1380,2024,0.5
1380,2025,0.50019997
1381,2006,0.4964
1381,2007,0.49649999
1381,2008,0.49630001
1381,2009,0.4955
1381,2010,0.4946
1381,2011,0.49680001
1381,2012,0.49610001
1381,2013,0.4955
1381,2014,0.49470001
1381,2015,0.49430001
1381,2016,0.49329999
1381,2017,0.49250001
1381,2018,0.49259999
1381,2019,0.49149999
1381,2020,0.49090001
1381,2021,0.49059999
1381,2022,0.49020001
1381,2023,0.4912
1381,2024,0.49219999
1381,2025,0.4923
1382,2006,0.4993
1382,2007,0.49860001
1382,2008,0.4993
1382,2009,0.4998
1382,2010,0.4993
1382,2011,0.49990001
1382,2012,0.50050002
1382,2013,0.49950001
1382,2014,0.4984
1382,2015,0.4973
1382,2016,0.49610001
1382,2017,0.49630001
1382,2018,0.49590001
1382,2019,0.4964
1382,2020,0.49630001
1382,2021,0.4971
1382,2022,0.49770001
1382,2023,0.4971
1382,2024,0.49770001
1382,2025,0.49689999
1383,2006,0.50269997
1383,2007,0.50230002
1383,2008,0.50129998
1383,2009,0.50150001
1383,2010,0.50139999
1383,2011,0.50120002
1383,2012,0.50209999
1383,2013,0.50169998
1383,2014,0.5007
1383,2015,0.50019997
1383,2016,0.49959999
1383,2017,0.49970001
1383,2018,0.4991
1383,2019,0.4984
1383,2020,0.49869999
1383,2021,0.49790001
1383,2022,0.49770001
1383,2023,0.49869999
1383,2024,0.49990001
1383,2025,0.50019997
1384,2006,0.50300002
1384,2007,0.50330001
1384,2008,0.50349998
1384,2009,0.50349998
1384,2010,0.50340003
1384,2011,0.50300002
1384,2012,0.50199997
1384,2013,0.5025
1384,2014,0.50309998
1384,2015,0.50230002
1384,2016,0.50190002
1384,2017,0.50190002
1384,2018,0.50230002
1384,2019,0.50169998
1384,2020,0.50190002
1384,2021,0.50199997
1384,2022,0.50230002
1384,2023,0.50239998
1384,2024,0.50230002
1384,2025,0.50309998
1401,2006,0.49700001
1401,2007,0.49599999
1401,2008,0.4957
1401,2009,0.49649999
1401,2010,0.4962
1401,2011,0.4975
1401,2012,0.49779999
1401,2013,0.49739999
1401,2014,0.4984
1401,2015,0.4975
1401,2016,0.4982
1401,2017,0.49590001
1401,2018,0.49649999
1401,2019,0.49599999
1401,2020,0.49559999
1401,2021,0.4955
1401,2022,0.4948
1401,2023,0.49529999
1401,2024,0.4964
1401,2025,0.4964
1402,2006,0.50370002
1402,2007,0.50319999
1402,2008,0.50349998
1402,2009,0.50269997
1402,2010,0.50230002
1402,2011,0.50199997
1402,2012,0.5018
1402,2013,0.50190002
1402,2014,0.49990001
1402,2015,0.49829999
1402,2016,0.4991
1402,2017,0.49810001
1402,2018,0.4973
1402,2019,0.49610001
1402,2020,0.4939
1402,2021,0.49430001
1402,2022,0.4928
1402,2023,0.49180001
1402,2024,0.4928
1402,2025,0.49340001
1407,2006,0.4971
1407,2007,0.4966
1407,2008,0.4973
1407,2009,0.49610001
1407,2010,0.4957
1407,2011,0.49610001
1407,2012,0.49739999
1407,2013,0.49860001
1407,2014,0.4971
1407,2015,0.4993
1407,2016,0.49900001
1407,2017,0.49880001
1407,2018,0.49919999
1407,2019,0.49779999
1407,2020,0.49739999
1407,2021,0.49950001
1407,2022,0.5011
1407,2023,0.50059998
1407,2024,0.50190002
1407,2025,0.50349998
1415,2006,0.49770001
1415,2007,0.4973
1415,2008,0.498
1415,2009,0.5011
1415,2010,0.50059998
1415,2011,0.49919999
1415,2012,0.49849999
1415,2013,0.4989
1415,2014,0.49959999
1415,2015,0.49849999
1415,2016,0.4962
1415,2017,0.4966
1415,2018,0.49759999
1415,2019,0.4973
1415,2020,0.49689999
1415,2021,0.4973
1415,2022,0.4957
1415,2023,0.49520001
1415,2024,0.49559999
1415,2025,0.49610001
1419,2006,0.48800001
1419,2007,0.48820001
1419,2008,0.4876
1419,2009,0.48800001
1419,2010,0.48820001
1419,2011,0.4876
1419,2012,0.48840001
1419,2013,0.48800001
1419,2014,0.48969999
1419,2015,0.48980001
1419,2016,0.4905
1419,2017,0.49169999
1419,2018,0.4921
1419,2019,0.4914
1419,2020,0.49149999
1419,2021,0.49169999
1419,2022,0.49250001
1419,2023,0.4914
1419,2024,0.4921
1419,2025,0.4914
1421,2006,0.4923
1421,2007,0.49349999
1421,2008,0.4928
1421,2009,0.49160001
1421,2010,0.4937
1421,2011,0.49329999
1421,2012,0.49360001
1421,2013,0.49419999
1421,2014,0.493
1421,2015,0.493
1421,2016,0.49290001
1421,2017,0.49160001
1421,2018,0.49169999
1421,2019,0.49239999
1421,2020,0.49169999
1421,2021,0.4923
1421,2022,0.4919
1421,2023,0.4919
1421,2024,0.49169999
1421,2025,0.4923
1427,2006,0.5025
1427,2007,0.50169998
1427,2008,0.5007
1427,2009,0.50300002
1427,2010,0.50169998
1427,2011,0.50120002
1427,2012,0.49919999
1427,2013,0.49610001
1427,2014,0.49559999
1427,2015,0.49669999
1427,2016,0.4948
1427,2017,0.4923
1427,2018,0.491
1427,2019,0.48989999
1427,2020,0.48969999
1427,2021,0.48879999
1427,2022,0.48890001
1427,2023,0.48949999
1427,2024,0.48730001
1427,2025,0.49079999
1430,2006,0.4912
1430,2007,0.4903
1430,2008,0.49000001
1430,2009,0.48679999
1430,2010,0.48460001
1430,2011,0.48449999
1430,2012,0.48449999
1430,2013,0.48539999
1430,2014,0.48300001
1430,2015,0.4824
1430,2016,0.48100001
1430,2017,0.4806
1430,2018,0.48210001
1430,2019,0.48120001
1430,2020,0.48050001
1430,2021,0.48179999
1430,2022,0.4824
1430,2023,0.4831
1430,2024,0.48159999
1430,2025,0.48300001
1435,2006,0.4989
1435,2007,0.49880001
1435,2008,0.49610001
1435,2009,0.49349999
1435,2010,0.49439999
1435,2011,0.49529999
1435,2012,0.4962
1435,2013,0.49559999
1435,2014,0.49380001
1435,2015,0.49309999
1435,2016,0.49129999
1435,2017,0.491
1435,2018,0.49059999
1435,2019,0.48969999
1435,2020,0.49110001
1435,2021,0.48910001
1435,2022,0.4867
1435,2023,0.48609999
1435,2024,0.48699999
1435,2025,0.4903
1438,2006,0.48719999
1438,2007,0.4876
1438,2008,0.4878
1438,2009,0.4869
1438,2010,0.48550001
1438,2011,0.48559999
1438,2012,0.48159999
1438,2013,0.4813
1438,2014,0.479
1438,2015,0.4788
1438,2016,0.4781
1438,2017,0.4772
1438,2018,0.47690001
1438,2019,0.47679999
1438,2020,0.47600001
1438,2021,0.47749999
1438,2022,0.47889999
1438,2023,0.48179999
1438,2024,0.47960001
1438,2025,0.47960001
1439,2006,0.48100001
1439,2007,0.4817
1439,2008,0.48089999
1439,2009,0.4797
1439,2010,0.47920001
1439,2011,0.48050001
1439,2012,0.47920001
1439,2013,0.48089999
1439,2014,0.48359999
1439,2015,0.48480001
1439,2016,0.48109999
1439,2017,0.48010001
1439,2018,0.48120001
1439,2019,0.4788
1439,2020,0.48230001
1439,2021,0.48199999
1439,2022,0.47979999
1439,2023,0.48010001
1439,2024,0.47819999
1439,2025,0.48050001
1440,2006,0.49239999
1440,2007,0.493
1440,2008,0.49160001
1440,2009,0.4921
1440,2010,0.4932
1440,2011,0.4921
1440,2012,0.49219999
1440,2013,0.4912
1440,2014,0.49070001
1440,2015,0.49129999
1440,2016,0.48980001
1440,2017,0.48969999
1440,2018,0.48890001
1440,2019,0.4887
1440,2020,0.48980001
1440,2021,0.4894
1440,2022,0.49070001
1440,2023,0.48949999
1440,2024,0.4894
1440,2025,0.491
1441,2006,0.5018
1441,2007,0.50230002
1441,2008,0.50349998
1441,2009,0.50190002
1441,2010,0.50190002
1441,2011,0.5011
1441,2012,0.50040001
1441,2013,0.50050002
1441,2014,0.49959999
1441,2015,0.49849999
1441,2016,0.4971
1441,2017,0.49669999
1441,2018,0.49630001
1441,2019,0.49700001
1441,2020,0.49720001
1441,2021,0.49720001
1441,2022,0.49860001
1441,2023,0.49939999
1441,2024,0.49959999
1441,2025,0.50089997
1442,2006,0.49509999
1442,2007,0.49439999
1442,2008,0.49610001
1442,2009,0.49759999
1442,2010,0.49869999
1442,2011,0.49759999
1442,2012,0.49759999
1442,2013,0.4966
1442,2014,0.49610001
1442,2015,0.49520001
1442,2016,0.49160001
1442,2017,0.491
1442,2018,0.4885
1442,2019,0.48930001
1442,2020,0.4894
1442,2021,0.48890001
1442,2022,0.4885
1442,2023,0.4878
1442,2024,0.4874
1442,2025,0.4869
1443,2006,0.49349999
1443,2007,0.49559999
1443,2008,0.49540001
1443,2009,0.4919
1443,2010,0.4905
1443,2011,0.4892
1443,2012,0.4932
1443,2013,0.495
1443,2014,0.49419999
1443,2015,0.49610001
1443,2016,0.49329999
1443,2017,0.49340001
1443,2018,0.49430001
1443,2019,0.49439999
1443,2020,0.49540001
1443,2021,0.4941
1443,2022,0.49250001
1443,2023,0.4932
1443,2024,0.4905
1443,2025,0.4919
1444,2006,0.49470001
1444,2007,0.4946
1444,2008,0.4971
1444,2009,0.49419999
1444,2010,0.49259999
1444,2011,0.49349999
1444,2012,0.49439999
1444,2013,0.4932
1444,2014,0.49039999
1444,2015,0.48809999
1444,2016,0.49309999
1444,2017,0.493
1444,2018,0.49430001
1444,2019,0.49169999
1444,2020,0.4946
1444,2021,0.49579999
1444,2022,0.495
1444,2023,0.49180001
1444,2024,0.49160001
1444,2025,0.49070001
1445,2006,0.4984
1445,2007,0.49669999
1445,2008,0.4955
1445,2009,0.49399999
1445,2010,0.49250001
1445,2011,0.4946
1445,2012,0.4955
1445,2013,0.49689999
1445,2014,0.4966
1445,2015,0.50059998
1445,2016,0.50099999
1445,2017,0.4982
1445,2018,0.49880001
1445,2019,0.4973
1445,2020,0.49529999
1445,2021,0.49649999
1445,2022,0.4937
1445,2023,0.4948
1445,2024,0.4923
1445,2025,0.49259999
1446,2006,0.50160003
1446,2007,0.49849999
1446,2008,0.49810001
1446,2009,0.49779999
1446,2010,0.4964
1446,2011,0.49599999
1446,2012,0.49689999
1446,2013,0.4937
1446,2014,0.4919
1446,2015,0.4923
1446,2016,0.49020001
1446,2017,0.48980001
1446,2018,0.4901
1446,2019,0.48890001
1446,2020,0.48910001
1446,2021,0.48930001
1446,2022,0.48750001
1446,2023,0.48769999
1446,2024,0.4887
1446,2025,0.4862
1447,2006,0.48879999
1447,2007,0.49059999
1447,2008,0.49020001
1447,2009,0.49259999
1447,2010,0.4914
1447,2011,0.4896
1447,2012,0.49090001
1447,2013,0.49200001
1447,2014,0.49329999
1447,2015,0.4903
1447,2016,0.4912
1447,2017,0.49090001
1447,2018,0.49290001
1447,2019,0.49450001
1447,2020,0.49239999
1447,2021,0.49000001
1447,2022,0.49020001
1447,2023,0.48800001
1447,2024,0.4896
1447,2025,0.48820001
1452,2006,0.4885
1452,2007,0.4874
1452,2008,0.4858
1452,2009,0.48730001
1452,2010,0.48859999
1452,2011,0.48789999
1452,2012,0.4876
1452,2013,0.4869
1452,2014,0.48660001
1452,2015,0.48379999
1452,2016,0.4817
1452,2017,0.4808
1452,2018,0.4781
1452,2019,0.4774
1452,2020,0.47960001
1452,2021,0.4808
1452,2022,0.4833
1452,2023,0.48410001
1452,2024,0.48089999
1452,2025,0.48320001
1460,2006,0.49309999
1460,2007,0.4914
1460,2008,0.49219999
1460,2009,0.491
1460,2010,0.4912
1460,2011,0.4905
1460,2012,0.48820001
1460,2013,0.48550001
1460,2014,0.4862
1460,2015,0.4833
1460,2016,0.48010001
1460,2017,0.48069999
1460,2018,0.4822
1460,2019,0.48190001
1460,2020,0.484
1460,2021,0.48769999
1460,2022,0.48590001
1460,2023,0.4851
1460,2024,0.4858
1460,2025,0.48410001
1461,2006,0.49000001
1461,2007,0.4901
1461,2008,0.4912
1461,2009,0.49180001
1461,2010,0.48899999
1461,2011,0.4885
1461,2012,0.48660001
1461,2013,0.4862
1461,2014,0.4831
1461,2015,0.4826
1461,2016,0.48069999
1461,2017,0.48230001
1461,2018,0.4835
1461,2019,0.48089999
1461,2020,0.4804
1461,2021,0.47819999
1461,2022,0.4804
1461,2023,0.48109999
1461,2024,0.47920001
1461,2025,0.48289999
1462,2006,0.48559999
1462,2007,0.48469999
1462,2008,0.48539999
1462,2009,0.48609999
1462,2010,0.48500001
1462,2011,0.48370001
1462,2012,0.48269999
1462,2013,0.48190001
1462,2014,0.4822
1462,2015,0.48140001
1462,2016,0.48069999
1462,2017,0.4788
1462,2018,0.47589999
1462,2019,0.4777
1462,2020,0.47839999
1462,2021,0.48019999
1462,2022,0.47830001
1462,2023,0.4786
1462,2024,0.4774
1462,2025,0.47679999
1463,2006,0.50199997
1463,2007,0.50230002
1463,2008,0.50169998
1463,2009,0.5011
1463,2010,0.50040001
1463,2011,0.50099999
1463,2012,0.4998
1463,2013,0.49900001
1463,2014,0.4991
1463,2015,0.49869999
1463,2016,0.49680001
1463,2017,0.49529999
1463,2018,0.49340001
1463,2019,0.49419999
1463,2020,0.49470001
1463,2021,0.49439999
1463,2022,0.49439999
1463,2023,0.4946
1463,2024,0.4937
1463,2025,0.49380001
1465,2006,0.49399999
1465,2007,0.4948
1465,2008,0.49399999
1465,2009,0.49180001
1465,2010,0.4905
1465,2011,0.48930001
1465,2012,0.48809999
1465,2013,0.48980001
1465,2014,0.4883
1465,2015,0.48710001
1465,2016,0.48500001
1465,2017,0.48429999
1465,2018,0.48750001
1465,2019,0.48649999
1465,2020,0.4853
1465,2021,0.48570001
1465,2022,0.48379999
1465,2023,0.48429999
1465,2024,0.48890001
1465,2025,0.4878
1466,2006,0.4869
1466,2007,0.4885
1466,2008,0.48649999
1466,2009,0.4883
1466,2010,0.48800001
1466,2011,0.4883
1466,2012,0.48989999
1466,2013,0.49160001
1466,2014,0.493
1466,2015,0.49430001
1466,2016,0.49239999
1466,2017,0.4914
1466,2018,0.4903
1466,2019,0.4901
1466,2020,0.48609999
1466,2021,0.4894
1466,2022,0.48730001
1466,2023,0.4869
1466,2024,0.4874
1466,2025,0.48899999
1470,2006,0.4905
1470,2007,0.48910001
1470,2008,0.48809999
1470,2009,0.48859999
1470,2010,0.4892
1470,2011,0.4883
1470,2012,0.48699999
1470,2013,0.4885
1470,2014,0.4885
1470,2015,0.4883
1470,2016,0.48840001
1470,2017,0.48750001
1470,2018,0.48539999
1470,2019,0.48679999
1470,2020,0.4862
1470,2021,0.48539999
1470,2022,0.48469999
1470,2023,0.48339999
1470,2024,0.48429999
1470,2025,0.48429999
1471,2006,0.49149999
1471,2007,0.491
1471,2008,0.48989999
1471,2009,0.48949999
1471,2010,0.49079999
1471,2011,0.49169999
1471,2012,0.4914
1471,2013,0.49110001
1471,2014,0.4919
1471,2015,0.48930001
1471,2016,0.4885
1471,2017,0.48859999
1471,2018,0.48809999
1471,2019,0.48899999
1471,2020,0.48899999
1471,2021,0.4894
1471,2022,0.48840001
1471,2023,0.4894
1471,2024,0.48859999
1471,2025,0.48980001
1472,2006,0.49759999
1472,2007,0.49590001
1472,2008,0.49720001
1472,2009,0.49739999
1472,2010,0.49649999
1472,2011,0.49559999
1472,2012,0.49360001
1472,2013,0.49470001
1472,2014,0.49470001
1472,2015,0.49590001
1472,2016,0.49439999
1472,2017,0.4941
1472,2018,0.49349999
1472,2019,0.49160001
1472,2020,0.49070001
1472,2021,0.491
1472,2022,0.49239999
1472,2023,0.4932
1472,2024,0.49380001
1472,2025,0.49259999
1473,2006,0.4928
1473,2007,0.4923
1473,2008,0.4912
1473,2009,0.49219999
1473,2010,0.49090001
1473,2011,0.49020001
1473,2012,0.48859999
1473,2013,0.4853
1473,2014,0.484
1473,2015,0.48550001
1473,2016,0.48390001
1473,2017,0.48539999
1473,2018,0.48519999
1473,2019,0.48210001
1473,2020,0.48339999
1473,2021,0.4831
1473,2022,0.4835
1473,2023,0.4817
1473,2024,0.48339999
1473,2025,0.48429999
1480,2006,0.50639999
1480,2007,0.50550002
1480,2008,0.505
1480,2009,0.50440001
1480,2010,0.50419998
1480,2011,0.50400001
1480,2012,0.50449997
1480,2013,0.5043
1480,2014,0.50379997
1480,2015,0.50309998
1480,2016,0.50209999
1480,2017,0.50089997
1480,2018,0.49990001
1480,2019,0.4989
1480,2020,0.4984
1480,2021,0.49759999
1480,2022,0.4964
1480,2023,0.49630001
1480,2024,0.4973
1480,2025,0.49790001
1481,2006,0.50470001
1481,2007,0.50410002
1481,2008,0.50459999
1481,2009,0.50440001
1481,2010,0.50389999
1481,2011,0.50340003
1481,2012,0.50269997
1481,2013,0.50220001
1481,2014,0.50139999
1481,2015,0.50150001
1481,2016,0.50029999
1481,2017,0.49939999
1481,2018,0.4991
1481,2019,0.49739999
1481,2020,0.49770001
1481,2021,0.498
1481,2022,0.49649999
1481,2023,0.4964
1481,2024,0.49689999
1481,2025,0.495
1482,2006,0.5011
1482,2007,0.50120002
1482,2008,0.50059998
1482,2009,0.5011
1482,2010,0.50139999
1482,2011,0.50120002
1482,2012,0.50080001
1482,2013,0.5018
1482,2014,0.50129998
1482,2015,0.50169998
1482,2016,0.5011
1482,2017,0.50169998
1482,2018,0.5007
1482,2019,0.49959999
1482,2020,0.50019997
1482,2021,0.5
1482,2022,0.49900001
1482,2023,0.5007
1482,2024,0.5018
1482,2025,0.50209999
1484,2006,0.4998
1484,2007,0.50059998
1484,2008,0.50010002
1484,2009,0.50129998
1484,2010,0.5011
1484,2011,0.50120002
1484,2012,0.49990001
1484,2013,0.50269997
1484,2014,0.50279999
1484,2015,0.5011
1484,2016,0.49860001
1484,2017,0.49829999
1484,2018,0.4975
1484,2019,0.49689999
1484,2020,0.49630001
1484,2021,0.49669999
1484,2022,0.49700001
1484,2023,0.49770001
1484,2024,0.49770001
1484,2025,0.4955
1485,2006,0.50590003
1485,2007,0.50650001
1485,2008,0.505
1485,2009,0.50520003
1485,2010,0.50690001
1485,2011,0.50599998
1485,2012,0.50550002
1485,2013,0.505
1485,2014,0.50410002
1485,2015,0.50309998
1485,2016,0.50120002
1485,2017,0.50050002
1485,2018,0.4991
1485,2019,0.49900001
1485,2020,0.49810001
1485,2021,0.49869999
1485,2022,0.49919999
1485,2023,0.49919999
1485,2024,0.49990001
1485,2025,0.5
1486,2006,0.50029999
1486,2007,0.50080001
1486,2008,0.4984
1486,2009,0.49779999
1486,2010,0.4982
1486,2011,0.4984
1486,2012,0.49739999
1486,2013,0.49770001
1486,2014,0.4946
1486,2015,0.4932
1486,2016,0.49110001
1486,2017,0.49070001
1486,2018,0.49070001
1486,2019,0.48980001
1486,2020,0.4901
1486,2021,0.4905
1486,2022,0.4912
1486,2023,0.4892
1486,2024,0.48949999
1486,2025,0.49110001
1487,2006,0.5025
1487,2007,0.5018
1487,2008,0.50169998
1487,2009,0.50220001
1487,2010,0.50199997
1487,2011,0.50190002
1487,2012,0.50150001
1487,2013,0.50050002
1487,2014,0.4993
1487,2015,0.49860001
1487,2016,0.498
1487,2017,0.49829999
1487,2018,0.49669999
1487,2019,0.49520001
1487,2020,0.49700001
1487,2021,0.49720001
1487,2022,0.4971
1487,2023,0.49790001
1487,2024,0.49869999
1487,2025,0.49810001
1488,2006,0.49860001
1488,2007,0.49720001
1488,2008,0.49790001
1488,2009,0.498
1488,2010,0.498
1488,2011,0.49810001
1488,2012,0.49849999
1488,2013,0.49860001
1488,2014,0.49810001
1488,2015,0.498
1488,2016,0.498
1488,2017,0.49680001
1488,2018,0.4962
1488,2019,0.49590001
1488,2020,0.49439999
1488,2021,0.4948
1488,2022,0.4957
1488,2023,0.4955
1488,2024,0.49509999
1488,2025,0.49590001
1489,2006,0.50840002
1489,2007,0.50749999
1489,2008,0.50660002
1489,2009,0.50669998
1489,2010,0.50620002
1489,2011,0.50529999
1489,2012,0.50590003
1489,2013,0.50480002
1489,2014,0.50319999
1489,2015,0.50269997
1489,2016,0.50199997
1489,2017,0.50160003
1489,2018,0.50209999
1489,2019,0.50139999
1489,2020,0.50230002
1489,2021,0.50410002
1489,2022,0.5036
1489,2023,0.50470001
1489,2024,0.50520003
1489,2025,0.50400001
1490,2006,0.51010001
1490,2007,0.5097
1490,2008,0.50940001
1490,2009,0.50910002
1490,2010,0.50739998
1490,2011,0.5068
1490,2012,0.5061
1490,2013,0.50620002
1490,2014,0.50599998
1490,2015,0.50459999
1490,2016,0.50300002
1490,2017,0.50239998
1490,2018,0.50139999
1490,2019,0.49990001
1490,2020,0.4991
1490,2021,0.4982
1490,2022,0.49779999
1490,2023,0.49829999
1490,2024,0.49869999
1490,2025,0.49869999
1491,2006,0.4993
1491,2007,0.49779999
1491,2008,0.49770001
1491,2009,0.49739999
1491,2010,0.49669999
1491,2011,0.4955
1491,2012,0.49590001
1491,2013,0.4955
1491,2014,0.4941
1491,2015,0.49349999
1491,2016,0.4932
1491,2017,0.4919
1491,2018,0.49110001
1491,2019,0.49110001
1491,2020,0.49059999
1491,2021,0.48930001
1491,2022,0.4896
1491,2023,0.4905
1491,2024,0.49200001
1491,2025,0.49270001
1492,2006,0.50929999
1492,2007,0.50760001
1492,2008,0.50690001
1492,2009,0.50809997
1492,2010,0.50700003
1492,2011,0.50550002
1492,2012,0.50449997
1492,2013,0.50300002
1492,2014,0.49950001
1492,2015,0.49810001
1492,2016,0.49540001
1492,2017,0.49529999
1492,2018,0.4966
1492,2019,0.4971
1492,2020,0.4957
1492,2021,0.49540001
1492,2022,0.495
1492,2023,0.49680001
1492,2024,0.498
1492,2025,0.49829999
1493,2006,0.5
1493,2007,0.4998
1493,2008,0.50050002
1493,2009,0.50040001
1493,2010,0.50099999
1493,2011,0.50059998
1493,2012,0.49970001
1493,2013,0.49869999
1493,2014,0.4973
1493,2015,0.4971
1493,2016,0.4975
1493,2017,0.49759999
1493,2018,0.4966
1493,2019,0.49509999
1493,2020,0.49509999
1493,2021,0.495
1493,2022,0.4955
1493,2023,0.49540001
1493,2024,0.4957
1493,2025,0.49489999
1494,2006,0.50379997
1494,2007,0.50410002
1494,2008,0.50379997
1494,2009,0.50389999
1494,2010,0.50260001
1494,2011,0.50139999
1494,2012,0.50129998
1494,2013,0.50120002
1494,2014,0.50129998
1494,2015,0.5011
1494,2016,0.50029999
1494,2017,0.49950001
1494,2018,0.49860001
1494,2019,0.49849999
1494,2020,0.49790001
1494,2021,0.49720001
1494,2022,0.49700001
1494,2023,0.49630001
1494,2024,0.49669999
1494,2025,0.49680001
1495,2006,0.50959998
1495,2007,0.50889999
1495,2008,0.50919998
1495,2009,0.5086
1495,2010,0.50919998
1495,2011,0.509
1495,2012,0.50580001
1495,2013,0.50449997
1495,2014,0.50089997
1495,2015,0.4998
1495,2016,0.49919999
1495,2017,0.4993
1495,2018,0.4993
1495,2019,0.49759999
1495,2020,0.49669999
1495,2021,0.49599999
1495,2022,0.49759999
1495,2023,0.49869999
1495,2024,0.49779999
1495,2025,0.49630001
1496,2006,0.50199997
1496,2007,0.50169998
1496,2008,0.50139999
1496,2009,0.50120002
1496,2010,0.49829999
1496,2011,0.498
1496,2012,0.49779999
1496,2013,0.49529999
1496,2014,0.49489999
1496,2015,0.49349999
1496,2016,0.49329999
1496,2017,0.49259999
1496,2018,0.4928
1496,2019,0.49309999
1496,2020,0.49250001
1496,2021,0.49340001
1496,2022,0.4932
1496,2023,0.49290001
1496,2024,0.49290001
1496,2025,0.49290001
1497,2006,0.50199997
1497,2007,0.50330001
1497,2008,0.50470001
1497,2009,0.5036
1497,2010,0.50470001
1497,2011,0.50330001
1497,2012,0.50480002
1497,2013,0.50480002
1497,2014,0.50279999
1497,2015,0.49959999
1497,2016,0.49700001
1497,2017,0.4975
1497,2018,0.49790001
1497,2019,0.49950001
1497,2020,0.50019997
1497,2021,0.4998
1497,2022,0.498
1497,2023,0.49720001
1497,2024,0.49630001
1497,2025,0.4962
1498,2006,0.50169998
1498,2007,0.50080001
1498,2008,0.4989
1498,2009,0.49939999
1498,2010,0.498
1498,2011,0.49720001
1498,2012,0.49869999
1498,2013,0.49779999
1498,2014,0.49610001
1498,2015,0.4948
1498,2016,0.49450001
1498,2017,0.49610001
1498,2018,0.4946
1498,2019,0.495
1498,2020,0.4932
1498,2021,0.49340001
1498,2022,0.4932
1498,2023,0.49340001
1498,2024,0.4923
1498,2025,0.4941
1499,2006,0.50269997
1499,2007,0.50160003
1499,2008,0.5011
1499,2009,0.49959999
1499,2010,0.50040001
1499,2011,0.5011
1499,2012,0.50099999
1499,2013,0.50089997
1499,2014,0.49919999
1499,2015,0.4975
1499,2016,0.49680001
1499,2017,0.49770001
1499,2018,0.4973
1499,2019,0.49689999
1499,2020,0.49680001
1499,2021,0.4962
1499,2022,0.4962
1499,2023,0.49590001
1499,2024,0.49630001
1499,2025,0.49450001
1715,2006,0.5007
1715,2007,0.50019997
1715,2008,0.50059998
1715,2009,0.50120002
1715,2010,0.49869999
1715,2011,0.49810001
1715,2012,0.49959999
1715,2013,0.49939999
1715,2014,0.50019997
1715,2015,0.498
1715,2016,0.49669999
1715,2017,0.4948
1715,2018,0.49540001
1715,2019,0.49309999
1715,2020,0.49309999
1715,2021,0.49160001
1715,2022,0.49360001
1715,2023,0.49290001
1715,2024,0.49129999
1715,2025,0.48989999
1730,2006,0.49039999
1730,2007,0.49059999
1730,2008,0.4912
1730,2009,0.48890001
1730,2010,0.48879999
1730,2011,0.48820001
1730,2012,0.48710001
1730,2013,0.4858
1730,2014,0.48879999
1730,2015,0.48859999
1730,2016,0.49110001
1730,2017,0.49000001
1730,2018,0.48859999
1730,2019,0.48789999
1730,2020,0.48710001
1730,2021,0.4867
1730,2022,0.48559999
1730,2023,0.4878
1730,2024,0.4862
1730,2025,0.48750001
1737,2006,0.49470001
1737,2007,0.495
1737,2008,0.4941
1737,2009,0.49529999
1737,2010,0.495
1737,2011,0.49419999
1737,2012,0.4946
1737,2013,0.49380001
1737,2014,0.4912
1737,2015,0.4919
1737,2016,0.49070001
1737,2017,0.49160001
1737,2018,0.49270001
1737,2019,0.49000001
1737,2020,0.4892
1737,2021,0.49149999
1737,2022,0.48949999
1737,2023,0.49059999
1737,2024,0.49169999
1737,2025,0.49039999
1760,2006,0.49219999
1760,2007,0.48820001
1760,2008,0.48699999
1760,2009,0.4833
1760,2010,0.484
1760,2011,0.48289999
1760,2012,0.4795
1760,2013,0.48269999
1760,2014,0.4774
1760,2015,0.47889999
1760,2016,0.4736
1760,2017,0.47589999
1760,2018,0.4774
1760,2019,0.47459999
1760,2020,0.47389999
1760,2021,0.47589999
1760,2022,0.47009999
1760,2023,0.4743
1760,2024,0.47889999
1760,2025,0.48320001
1761,2006,0.49579999
1761,2007,0.49599999
1761,2008,0.49669999
1761,2009,0.4971
1761,2010,0.4973
1761,2011,0.49739999
1761,2012,0.49770001
1761,2013,0.49959999
1761,2014,0.49880001
1761,2015,0.50080001
1761,2016,0.50089997
1761,2017,0.49669999
1761,2018,0.49869999
1761,2019,0.4989
1761,2020,0.50040001
1761,2021,0.50099999
1761,2022,0.50080001
1761,2023,0.5007
1761,2024,0.50150001
1761,2025,0.50209999
1762,2006,0.4982
1762,2007,0.50309998
1762,2008,0.50129998
1762,2009,0.5025
1762,2010,0.49829999
1762,2011,0.49779999
1762,2012,0.4962
1762,2013,0.49559999
1762,2014,0.49590001
1762,2015,0.4955
1762,2016,0.49039999
1762,2017,0.49110001
1762,2018,0.49380001
1762,2019,0.49529999
1762,2020,0.49520001
1762,2021,0.49349999
1762,2022,0.4923
1762,2023,0.49329999
1762,2024,0.49250001
1762,2025,0.4883
1763,2006,0.50019997
1763,2007,0.49970001
1763,2008,0.49759999
1763,2009,0.49669999
1763,2010,0.49700001
1763,2011,0.4971
1763,2012,0.4966
1763,2013,0.49630001
1763,2014,0.49340001
1763,2015,0.49200001
1763,2016,0.49070001
1763,2017,0.4939
1763,2018,0.49470001
1763,2019,0.49200001
1763,2020,0.49349999
1763,2021,0.49329999
1763,2022,0.49259999
1763,2023,0.4941
1763,2024,0.495
1763,2025,0.4948
1764,2006,0.49759999
1764,2007,0.4998
1764,2008,0.4998
1764,2009,0.4998
1764,2010,0.49529999
1764,2011,0.4964
1764,2012,0.4966
1764,2013,0.4946
1764,2014,0.49700001
1764,2015,0.4971
1764,2016,0.49630001
1764,2017,0.49470001
1764,2018,0.49520001
1764,2019,0.49380001
1764,2020,0.4928
1764,2021,0.491
1764,2022,0.49200001
1764,2023,0.49059999
1764,2024,0.4912
1764,2025,0.48699999
1765,2006,0.49180001
1765,2007,0.49399999
1765,2008,0.49309999
1765,2009,0.49340001
1765,2010,0.49219999
1765,2011,0.4905
1765,2012,0.49200001
1765,2013,0.4885
1765,2014,0.49000001
1765,2015,0.48930001
1765,2016,0.48930001
1765,2017,0.4878
1765,2018,0.48879999
1765,2019,0.4862
1765,2020,0.48390001
1765,2021,0.48559999
1765,2022,0.4853
1765,2023,0.48449999
1765,2024,0.48469999
1765,2025,0.48570001
1766,2006,0.49970001
1766,2007,0.49869999
1766,2008,0.49880001
1766,2009,0.49849999
1766,2010,0.49790001
1766,2011,0.49520001
1766,2012,0.4946
1766,2013,0.49579999
1766,2014,0.4932
1766,2015,0.4905
1766,2016,0.4874
1766,2017,0.48890001
1766,2018,0.4914
1766,2019,0.49079999
1766,2020,0.49219999
1766,2021,0.49290001
1766,2022,0.49489999
1766,2023,0.49470001
1766,2024,0.49579999
1766,2025,0.4957
1780,2006,0.51050001
1780,2007,0.50959998
1780,2008,0.50950003
1780,2009,0.50770003
1780,2010,0.50770003
1780,2011,0.50749999
1780,2012,0.50749999
1780,2013,0.50779998
1780,2014,0.5079
1780,2015,0.50770003
1780,2016,0.50669998
1780,2017,0.5061
1780,2018,0.50389999
1780,2019,0.50300002
1780,2020,0.50349998
1780,2021,0.5036
1780,2022,0.5025
1780,2023,0.50220001
1780,2024,0.5029
1780,2025,0.50370002
1781,2006,0.50389999
1781,2007,0.50379997
1781,2008,0.50459999
1781,2009,0.5043
1781,2010,0.50400001
1781,2011,0.50379997
1781,2012,0.50139999
1781,2013,0.50190002
1781,2014,0.50040001
1781,2015,0.49959999
1781,2016,0.498
1781,2017,0.49700001
1781,2018,0.4962
1781,2019,0.49559999
1781,2020,0.49439999
1781,2021,0.49509999
1781,2022,0.49419999
1781,2023,0.4937
1781,2024,0.49399999
1781,2025,0.49439999
1782,2006,0.50019997
1782,2007,0.50059998
1782,2008,0.49860001
1782,2009,0.49770001
1782,2010,0.49430001
1782,2011,0.49360001
1782,2012,0.49489999
1782,2013,0.49180001
1782,2014,0.48890001
1782,2015,0.48899999
1782,2016,0.48640001
1782,2017,0.486
1782,2018,0.48710001
1782,2019,0.4883
1782,2020,0.48949999
1782,2021,0.4914
1782,2022,0.4921
1782,2023,0.4919
1782,2024,0.4901
1782,2025,0.48899999
1783,2006,0.49509999
1783,2007,0.49360001
1783,2008,0.49399999
1783,2009,0.49430001
1783,2010,0.49439999
1783,2011,0.493
1783,2012,0.4923
1783,2013,0.4896
1783,2014,0.48649999
1783,2015,0.48269999
1783,2016,0.4824
1783,2017,0.4844
1783,2018,0.4833
1783,2019,0.48320001
1783,2020,0.48249999
1783,2021,0.4795
1783,2022,0.4817
1783,2023,0.48210001
1783,2024,0.4831
1783,2025,0.48410001
1784,2006,0.5025
1784,2007,0.50199997
1784,2008,0.50279999
1784,2009,0.5029
1784,2010,0.50309998
1784,2011,0.50389999
1784,2012,0.50340003
1784,2013,0.50209999
1784,2014,0.50220001
1784,2015,0.50099999
1784,2016,0.4989
1784,2017,0.49950001
1784,2018,0.4984
1784,2019,0.49810001
1784,2020,0.4971
1784,2021,0.49739999
1784,2022,0.49759999
1784,2023,0.49759999
1784,2024,0.4989
1784,2025,0.49939999
1785,2006,0.49790001
1785,2007,0.49559999
1785,2008,0.49579999
1785,2009,0.49529999
1785,2010,0.49590001
1785,2011,0.49700001
1785,2012,0.49559999
1785,2013,0.49770001
1785,2014,0.4982
1785,2015,0.4962
1785,2016,0.49559999
1785,2017,0.4948
1785,2018,0.49610001
1785,2019,0.49579999
1785,2020,0.49450001
1785,2021,0.49419999
1785,2022,0.4928
1785,2023,0.4948
1785,2024,0.49470001
1785,2025,0.4948
1814,2006,0.4806
1814,2007,0.48249999
1814,2008,0.48359999
1814,2009,0.4822
1814,2010,0.48190001
1814,2011,0.4826
1814,2012,0.48249999
1814,2013,0.4795
1814,2014,0.4797
1814,2015,0.4806
1814,2016,0.47979999
1814,2017,0.4804
1814,2018,0.48019999
1814,2019,0.47850001
1814,2020,0.477
1814,2021,0.47889999
1814,2022,0.48010001
1814,2023,0.48210001
1814,2024,0.48210001
1814,2025,0.48089999
1860,2006,0.49160001
1860,2007,0.49129999
1860,2008,0.49000001
1860,2009,0.49059999
1860,2010,0.49110001
1860,2011,0.4867
1860,2012,0.48699999
1860,2013,0.486
1860,2014,0.48429999
1860,2015,0.48320001
1860,2016,0.4813
1860,2017,0.48179999
1860,2018,0.48390001
1860,2019,0.4799
1860,2020,0.4815
1860,2021,0.4853
1860,2022,0.4849
1860,2023,0.48190001
1860,2024,0.4831
1860,2025,0.4833
1861,2006,0.49129999
1861,2007,0.49110001
1861,2008,0.48969999
1861,2009,0.49180001
1861,2010,0.4903
1861,2011,0.49059999
1861,2012,0.49349999
1861,2013,0.49070001
1861,2014,0.48969999
1861,2015,0.48539999
1861,2016,0.48519999
1861,2017,0.4851
1861,2018,0.48660001
1861,2019,0.4867
1861,2020,0.486
1861,2021,0.4844
1861,2022,0.48379999
1861,2023,0.4842
1861,2024,0.48519999
1861,2025,0.4851
1862,2006,0.49309999
1862,2007,0.49169999
1862,2008,0.49239999
1862,2009,0.49219999
1862,2010,0.48989999
1862,2011,0.4905
1862,2012,0.48890001
1862,2013,0.49160001
1862,2014,0.4876
1862,2015,0.48800001
1862,2016,0.48710001
1862,2017,0.4878
1862,2018,0.4903
1862,2019,0.49290001
1862,2020,0.495
1862,2021,0.4932
1862,2022,0.49250001
1862,2023,0.4905
1862,2024,0.48989999
1862,2025,0.49200001
1863,2006,0.4993
1863,2007,0.50029999
1863,2008,0.49880001
1863,2009,0.4973
1863,2010,0.4982
1863,2011,0.49590001
1863,2012,0.49180001
1863,2013,0.49270001
1863,2014,0.48859999
1863,2015,0.48660001
1863,2016,0.48699999
1863,2017,0.48590001
1863,2018,0.48559999
1863,2019,0.48480001
1863,2020,0.48480001
1863,2021,0.48469999
1863,2022,0.48109999
1863,2023,0.48410001
1863,2024,0.4858
1863,2025,0.48699999
1864,2006,0.49039999
1864,2007,0.48859999
1864,2008,0.49169999
1864,2009,0.48719999
1864,2010,0.48679999
1864,2011,0.4862
1864,2012,0.48460001
1864,2013,0.47780001
1864,2014,0.47530001
1864,2015,0.47459999
1864,2016,0.4734
1864,2017,0.47999999
1864,2018,0.48410001
1864,2019,0.48379999
1864,2020,0.48480001
1864,2021,0.49000001
1864,2022,0.491
1864,2023,0.48879999
1864,2024,0.48890001
1864,2025,0.48320001
1880,2006,0.51319999
1880,2007,0.51310003
1880,2008,0.51200002
1880,2009,0.5115
1880,2010,0.51050001
1880,2011,0.51020002
1880,2012,0.50940001
1880,2013,0.50809997
1880,2014,0.50739998
1880,2015,0.5072
1880,2016,0.50559998
1880,2017,0.50459999
1880,2018,0.5043
1880,2019,0.50389999
1880,2020,0.50370002
1880,2021,0.50389999
1880,2022,0.50400001
1880,2023,0.50489998
1880,2024,0.50569999
1880,2025,0.5061
1881,2006,0.50389999
1881,2007,0.50419998
1881,2008,0.50510001
1881,2009,0.5054
1881,2010,0.50260001
1881,2011,0.50150001
1881,2012,0.50089997
1881,2013,0.4998
1881,2014,0.4991
1881,2015,0.49900001
1881,2016,0.49869999
1881,2017,0.50139999
1881,2018,0.49939999
1881,2019,0.49919999
1881,2020,0.5
1881,2021,0.5
1881,2022,0.5007
1881,2023,0.50029999
1881,2024,0.49959999
1881,2025,0.49880001
1882,2006,0.5007
1882,2007,0.5
1882,2008,0.4989
1882,2009,0.49880001
1882,2010,0.49669999
1882,2011,0.49399999
1882,2012,0.495
1882,2013,0.49439999
1882,2014,0.49360001
1882,2015,0.4923
1882,2016,0.491
1882,2017,0.49250001
1882,2018,0.4932
1882,2019,0.49129999
1882,2020,0.48859999
1882,2021,0.48730001
1882,2022,0.48730001
1882,2023,0.48539999
1882,2024,0.4853
1882,2025,0.4833
1883,2006,0.50349998
1883,2007,0.5025
1883,2008,0.5029
1883,2009,0.5043
1883,2010,0.5036
1883,2011,0.50379997
1883,2012,0.50190002
1883,2013,0.5007
1883,2014,0.49990001
1883,2015,0.50129998
1883,2016,0.5
1883,2017,0.4993
1883,2018,0.49880001
1883,2019,0.4989
1883,2020,0.4991
1883,2021,0.49869999
1883,2022,0.49779999
1883,2023,0.4962
1883,2024,0.49649999
1883,2025,0.49579999
1884,2006,0.50959998
1884,2007,0.51069999
1884,2008,0.50959998
1884,2009,0.51109999
1884,2010,0.51289999
1884,2011,0.509
1884,2012,0.50830001
1884,2013,0.50700003
1884,2014,0.50389999
1884,2015,0.50349998
1884,2016,0.50029999
1884,2017,0.50120002
1884,2018,0.50260001
1884,2019,0.50410002
1884,2020,0.50370002
1884,2021,0.50550002
1884,2022,0.50620002
1884,2023,0.50639999
1884,2024,0.50730002
1884,2025,0.50770003
1885,2006,0.49669999
1885,2007,0.49349999
1885,2008,0.49340001
1885,2009,0.49399999
1885,2010,0.49540001
1885,2011,0.4937
1885,2012,0.4941
1885,2013,0.49349999
1885,2014,0.49309999
1885,2015,0.49329999
1885,2016,0.49180001
1885,2017,0.49180001
1885,2018,0.49160001
1885,2019,0.49079999
1885,2020,0.49000001
1885,2021,0.49169999
1885,2022,0.4905
1885,2023,0.48930001
1885,2024,0.48879999
1885,2025,0.48840001
1904,2006,0.49470001
1904,2007,0.491
1904,2008,0.4862
1904,2009,0.48629999
1904,2010,0.48840001
1904,2011,0.48230001
1904,2012,0.4822
1904,2013,0.4833
1904,2014,0.4831
1904,2015,0.48429999
1904,2016,0.48480001
1904,2017,0.48930001
1904,2018,0.48859999
1904,2019,0.4867
1904,2020,0.4874
1904,2021,0.48910001
1904,2022,0.4896
1904,2023,0.486
1904,2024,0.48750001
1904,2025,0.48969999
1907,2006,0.4905
1907,2007,0.49079999
1907,2008,0.4919
1907,2009,0.4921
1907,2010,0.49110001
1907,2011,0.48890001
1907,2012,0.48840001
1907,2013,0.48710001
1907,2014,0.48590001
1907,2015,0.48500001
1907,2016,0.4853
1907,2017,0.4853
1907,2018,0.486
1907,2019,0.4867
1907,2020,0.48519999
1907,2021,0.48500001
1907,2022,0.48199999
1907,2023,0.48210001
1907,2024,0.48280001
1907,2025,0.48199999
1960,2006,0.49599999
1960,2007,0.49649999
1960,2008,0.49689999
1960,2009,0.49669999
1960,2010,0.49380001
1960,2011,0.49630001
1960,2012,0.49610001
1960,2013,0.4948
1960,2014,0.493
1960,2015,0.49110001
1960,2016,0.48809999
1960,2017,0.486
1960,2018,0.48930001
1960,2019,0.4862
1960,2020,0.4901
1960,2021,0.48820001
1960,2022,0.49079999
1960,2023,0.48859999
1960,2024,0.48750001
1960,2025,0.49020001
1961,2006,0.50389999
1961,2007,0.50150001
1961,2008,0.50199997
1961,2009,0.50260001
1961,2010,0.50400001
1961,2011,0.5029
1961,2012,0.50340003
1961,2013,0.50230002
1961,2014,0.5018
1961,2015,0.50209999
1961,2016,0.4993
1961,2017,0.49869999
1961,2018,0.49779999
1961,2019,0.4975
1961,2020,0.49689999
1961,2021,0.4964
1961,2022,0.49610001
1961,2023,0.49649999
1961,2024,0.4971
1961,2025,0.498
1962,2006,0.4939
1962,2007,0.49430001
1962,2008,0.4937
1962,2009,0.493
1962,2010,0.4957
1962,2011,0.49680001
1962,2012,0.4941
1962,2013,0.48910001
1962,2014,0.48500001
1962,2015,0.48449999
1962,2016,0.48480001
1962,2017,0.48460001
1962,2018,0.4862
1962,2019,0.48730001
1962,2020,0.48730001
1962,2021,0.48710001
1962,2022,0.48840001
1962,2023,0.4851
1962,2024,0.48559999
1962,2025,0.48449999
1980,2006,0.50489998
1980,2007,0.50419998
1980,2008,0.50370002
1980,2009,0.50379997
1980,2010,0.50330001
1980,2011,0.50330001
1980,2012,0.5029
1980,2013,0.50239998
1980,2014,0.5018
1980,2015,0.5011
1980,2016,0.50019997
1980,2017,0.4991
1980,2018,0.4982
1980,2019,0.49810001
1980,2020,0.49779999
1980,2021,0.49759999
1980,2022,0.498
1980,2023,0.49810001
1980,2024,0.4989
1980,2025,0.49900001
1981,2006,0.5029
1981,2007,0.50440001
1981,2008,0.50160003
1981,2009,0.50129998
1981,2010,0.50099999
1981,2011,0.50150001
1981,2012,0.50209999
1981,2013,0.50129998
1981,2014,0.50099999
1981,2015,0.50010002
1981,2016,0.49860001
1981,2017,0.49770001
1981,2018,0.49759999
1981,2019,0.49520001
1981,2020,0.495
1981,2021,0.49540001
1981,2022,0.49419999
1981,2023,0.4946
1981,2024,0.49559999
1981,2025,0.49689999
1982,2006,0.4998
1982,2007,0.50029999
1982,2008,0.4993
1982,2009,0.49779999
1982,2010,0.4966
1982,2011,0.4957
1982,2012,0.4962
1982,2013,0.49399999
1982,2014,0.49079999
1982,2015,0.49079999
1982,2016,0.49160001
1982,2017,0.4903
1982,2018,0.49219999
1982,2019,0.49250001
1982,2020,0.4919
1982,2021,0.4919
1982,2022,0.49250001
1982,2023,0.49270001
1982,2024,0.4932
1982,2025,0.49380001
1983,2006,0.49849999
1983,2007,0.4984
1983,2008,0.4993
1983,2009,0.49990001
1983,2010,0.50099999
1983,2011,0.50169998
1983,2012,0.50279999
1983,2013,0.50120002
1983,2014,0.4991
1983,2015,0.49779999
1983,2016,0.49579999
1983,2017,0.49470001
1983,2018,0.49329999
1983,2019,0.49329999
1983,2020,0.4946
1983,2021,0.49329999
1983,2022,0.49169999
1983,2023,0.49110001
1983,2024,0.49000001
1983,2025,0.49070001
1984,2006,0.5025
1984,2007,0.50150001
1984,2008,0.50080001
1984,2009,0.49990001
1984,2010,0.50129998
1984,2011,0.50160003
1984,2012,0.50010002
1984,2013,0.49939999
1984,2014,0.4982
1984,2015,0.49399999
1984,2016,0.49399999
1984,2017,0.49470001
1984,2018,0.49439999
1984,2019,0.4948
1984,2020,0.49470001
1984,2021,0.49290001
1984,2022,0.49290001
1984,2023,0.49239999
1984,2024,0.4914
1984,2025,0.49160001
2021,2006,0.49520001
2021,2007,0.4966
2021,2008,0.4955
2021,2009,0.49649999
2021,2010,0.493
2021,2011,0.493
2021,2012,0.49309999
2021,2013,0.49059999
2021,2014,0.4901
2021,2015,0.4874
2021,2016,0.48500001
2021,2017,0.48649999
2021,2018,0.48699999
2021,2019,0.48789999
2021,2020,0.48550001
2021,2021,0.4885
2021,2022,0.48930001
2021,2023,0.4874
2021,2024,0.48640001
2021,2025,0.48609999
2023,2006,0.49079999
2023,2007,0.49020001
2023,2008,0.4919
2023,2009,0.49160001
2023,2010,0.49070001
2023,2011,0.49090001
2023,2012,0.48910001
2023,2013,0.48800001
2023,2014,0.48699999
2023,2015,0.4858
2023,2016,0.4833
2023,2017,0.4817
2023,2018,0.48210001
2023,2019,0.48120001
2023,2020,0.4788
2023,2021,0.4781
2023,2022,0.477
2023,2023,0.4765
2023,2024,0.47459999
2023,2025,0.47420001
2026,2006,0.49419999
2026,2007,0.4937
2026,2008,0.49180001
2026,2009,0.49160001
2026,2010,0.49000001
2026,2011,0.4903
2026,2012,0.48899999
2026,2013,0.48820001
2026,2014,0.48730001
2026,2015,0.49000001
2026,2016,0.4896
2026,2017,0.48949999
2026,2018,0.48769999
2026,2019,0.49090001
2026,2020,0.48989999
2026,2021,0.4914
2026,2022,0.49149999
2026,2023,0.49250001
2026,2024,0.49110001
2026,2025,0.49200001
2029,2006,0.505
2029,2007,0.50520003
2029,2008,0.50379997
2029,2009,0.50470001
2029,2010,0.5025
2029,2011,0.50220001
2029,2012,0.50029999
2029,2013,0.50080001
2029,2014,0.49970001
2029,2015,0.498
2029,2016,0.49599999
2029,2017,0.49439999
2029,2018,0.49509999
2029,2019,0.49329999
2029,2020,0.49360001
2029,2021,0.49360001
2029,2022,0.49340001
2029,2023,0.49529999
2029,2024,0.4946
2029,2025,0.49520001
2031,2006,0.50550002
2031,2007,0.50199997
2031,2008,0.50389999
2031,2009,0.50440001
2031,2010,0.50550002
2031,2011,0.50340003
2031,2012,0.5
2031,2013,0.49849999
2031,2014,0.49829999
2031,2015,0.49919999
2031,2016,0.49770001
2031,2017,0.49810001
2031,2018,0.49689999
2031,2019,0.49700001
2031,2020,0.49540001
2031,2021,0.49509999
2031,2022,0.49399999
2031,2023,0.49529999
2031,2024,0.49649999
2031,2025,0.4966
2034,2006,0.50220001
2034,2007,0.50239998
2034,2008,0.50059998
2034,2009,0.49900001
2034,2010,0.4957
2034,2011,0.49419999
2034,2012,0.49579999
2034,2013,0.49540001
2034,2014,0.4896
2034,2015,0.48649999
2034,2016,0.4858
2034,2017,0.48649999
2034,2018,0.48769999
2034,2019,0.48750001
2034,2020,0.48649999
2034,2021,0.48800001
2034,2022,0.49059999
2034,2023,0.48930001
2034,2024,0.48649999
2034,2025,0.48609999
2039,2006,0.49169999
2039,2007,0.4919
2039,2008,0.4892
2039,2009,0.48859999
2039,2010,0.48879999
2039,2011,0.49160001
2039,2012,0.4896
2039,2013,0.48890001
2039,2014,0.48699999
2039,2015,0.48289999
2039,2016,0.48320001
2039,2017,0.48429999
2039,2018,0.48699999
2039,2019,0.4858
2039,2020,0.48679999
2039,2021,0.4869
2039,2022,0.48660001
2039,2023,0.4833
2039,2024,0.4786
2039,2025,0.48100001
2061,2006,0.49540001
2061,2007,0.49329999
2061,2008,0.49470001
2061,2009,0.49399999
2061,2010,0.4928
2061,2011,0.49250001
2061,2012,0.49000001
2061,2013,0.49000001
2061,2014,0.4878
2061,2015,0.48640001
2061,2016,0.4853
2061,2017,0.48539999
2061,2018,0.4883
2061,2019,0.48789999
2061,2020,0.4887
2061,2021,0.49059999
2061,2022,0.49020001
2061,2023,0.49020001
2061,2024,0.48719999
2061,2025,0.48679999
2062,2006,0.49959999
2062,2007,0.5018
2062,2008,0.50279999
2062,2009,0.50340003
2062,2010,0.50269997
2062,2011,0.50120002
2062,2012,0.50029999
2062,2013,0.4991
2062,2014,0.4975
2062,2015,0.49590001
2062,2016,0.49610001
2062,2017,0.49590001
2062,2018,0.495
2062,2019,0.4948
2062,2020,0.49380001
2062,2021,0.49430001
2062,2022,0.49329999
2062,2023,0.49430001
2062,2024,0.49439999
2062,2025,0.49520001
2080,2006,0.50709999
2080,2007,0.50660002
2080,2008,0.50660002
2080,2009,0.50709999
2080,2010,0.50650001
2080,2011,0.50669998
2080,2012,0.50639999
2080,2013,0.5068
2080,2014,0.50569999
2080,2015,0.50480002
2080,2016,0.50489998
2080,2017,0.50470001
2080,2018,0.50410002
2080,2019,0.5043
2080,2020,0.50400001
2080,2021,0.50449997
2080,2022,0.50419998
2080,2023,0.50440001
2080,2024,0.5043
2080,2025,0.50470001
2081,2006,0.49700001
2081,2007,0.49669999
2081,2008,0.49849999
2081,2009,0.49689999
2081,2010,0.49579999
2081,2011,0.498
2081,2012,0.49860001
2081,2013,0.49880001
2081,2014,0.49759999
2081,2015,0.49680001
2081,2016,0.49509999
2081,2017,0.49470001
2081,2018,0.49399999
2081,2019,0.49349999
2081,2020,0.49380001
2081,2021,0.4939
2081,2022,0.4932
2081,2023,0.4928
2081,2024,0.4928
2081,2025,0.49360001
2082,2006,0.49200001
2082,2007,0.49239999
2082,2008,0.49219999
2082,2009,0.49149999
2082,2010,0.4928
2082,2011,0.49180001
2082,2012,0.4903
2082,2013,0.4914
2082,2014,0.49169999
2082,2015,0.48930001
2082,2016,0.4894
2082,2017,0.48609999
2082,2018,0.4867
2082,2019,0.48500001
2082,2020,0.48359999
2082,2021,0.4851
2082,2022,0.48500001
2082,2023,0.48379999
2082,2024,0.48500001
2082,2025,0.48539999
2083,2006,0.50510001
2083,2007,0.50400001
2083,2008,0.50389999
2083,2009,0.50389999
2083,2010,0.50059998
2083,2011,0.50139999
2083,2012,0.50169998
2083,2013,0.50089997
2083,2014,0.49860001
2083,2015,0.49720001
2083,2016,0.49309999
2083,2017,0.49309999
2083,2018,0.491
2083,2019,0.49169999
2083,2020,0.49129999
2083,2021,0.49110001
2083,2022,0.49270001
2083,2023,0.4921
2083,2024,0.4921
2083,2025,0.49149999
2084,2006,0.4971
2084,2007,0.4975
2084,2008,0.49790001
2084,2009,0.49770001
2084,2010,0.49689999
2084,2011,0.49579999
2084,2012,0.4955
2084,2013,0.49599999
2084,2014,0.495
2084,2015,0.49180001
2084,2016,0.4912
2084,2017,0.49219999
2084,2018,0.49430001
2084,2019,0.49360001
2084,2020,0.4937
2084,2021,0.49309999
2084,2022,0.49340001
2084,2023,0.49360001
2084,2024,0.49399999
2084,2025,0.49509999
2085,2006,0.5025
2085,2007,0.50190002
2085,2008,0.49970001
2085,2009,0.49970001
2085,2010,0.49770001
2085,2011,0.4964
2085,2012,0.49770001
2085,2013,0.49689999
2085,2014,0.49669999
2085,2015,0.49349999
2085,2016,0.49039999
2085,2017,0.491
2085,2018,0.49039999
2085,2019,0.4921
2085,2020,0.49259999
2085,2021,0.4919
2085,2022,0.49110001
2085,2023,0.48969999
2085,2024,0.49149999
2085,2025,0.48949999
2101,2006,0.4919
2101,2007,0.4901
2101,2008,0.49079999
2101,2009,0.49309999
2101,2010,0.4962
2101,2011,0.49610001
2101,2012,0.49689999
2101,2013,0.4901
2101,2014,0.49329999
2101,2015,0.4862
2101,2016,0.4851
2101,2017,0.48539999
2101,2018,0.48609999
2101,2019,0.48980001
2101,2020,0.49000001
2101,2021,0.4921
2101,2022,0.49180001
2101,2023,0.49149999
2101,2024,0.48890001
2101,2025,0.4883
2104,2006,0.49180001
2104,2007,0.49110001
2104,2008,0.49149999
2104,2009,0.4932
2104,2010,0.48930001
2104,2011,0.4887
2104,2012,0.48879999
2104,2013,0.48910001
2104,2014,0.48719999
2104,2015,0.4844
2104,2016,0.4822
2104,2017,0.48370001
2104,2018,0.4849
2104,2019,0.4862
2104,2020,0.48539999
2104,2021,0.48679999
2104,2022,0.4883
2104,2023,0.48769999
2104,2024,0.49039999
2104,2025,0.48859999
2121,2006,0.49540001
2121,2007,0.49380001
2121,2008,0.4941
2121,2009,0.4921
2121,2010,0.49340001
2121,2011,0.49340001
2121,2012,0.4912
2121,2013,0.49290001
2121,2014,0.4903
2121,2015,0.4878
2121,2016,0.48539999
2121,2017,0.48460001
2121,2018,0.48410001
2121,2019,0.484
2121,2020,0.4844
2121,2021,0.4853
2121,2022,0.48519999
2121,2023,0.48629999
2121,2024,0.4858
2121,2025,0.4858
2132,2006,0.4905
2132,2007,0.48989999
2132,2008,0.48730001
2132,2009,0.48710001
2132,2010,0.48609999
2132,2011,0.48410001
2132,2012,0.48710001
2132,2013,0.4849
2132,2014,0.48320001
2132,2015,0.48089999
2132,2016,0.48100001
2132,2017,0.4822
2132,2018,0.4831
2132,2019,0.4849
2132,2020,0.48629999
2132,2021,0.486
2132,2022,0.48539999
2132,2023,0.48699999
2132,2024,0.48679999
2132,2025,0.48859999
2161,2006,0.49720001
2161,2007,0.49990001
2161,2008,0.4998
2161,2009,0.49759999
2161,2010,0.4971
2161,2011,0.4982
2161,2012,0.49720001
2161,2013,0.49689999
2161,2014,0.49599999
2161,2015,0.4939
2161,2016,0.49309999
2161,2017,0.4946
2161,2018,0.49329999
2161,2019,0.49360001
2161,2020,0.49399999
2161,2021,0.49470001
2161,2022,0.49360001
2161,2023,0.49250001
2161,2024,0.49259999
2161,2025,0.49290001
2180,2006,0.50620002
2180,2007,0.50550002
2180,2008,0.50529999
2180,2009,0.50529999
2180,2010,0.505
2180,2011,0.50480002
2180,2012,0.50389999
2180,2013,0.5043
2180,2014,0.50410002
2180,2015,0.50370002
2180,2016,0.5025
2180,2017,0.5025
2180,2018,0.50190002
2180,2019,0.50139999
2180,2020,0.50059998
2180,2021,0.50040001
2180,2022,0.50040001
2180,2023,0.50099999
2180,2024,0.50059998
2180,2025,0.49950001
2181,2006,0.49559999
2181,2007,0.49559999
2181,2008,0.49509999
2181,2009,0.4957
2181,2010,0.49559999
2181,2011,0.49579999
2181,2012,0.4957
2181,2013,0.4955
2181,2014,0.4955
2181,2015,0.49399999
2181,2016,0.49270001
2181,2017,0.49219999
2181,2018,0.49439999
2181,2019,0.4946
2181,2020,0.49430001
2181,2021,0.4932
2181,2022,0.4928
2181,2023,0.49349999
2181,2024,0.4923
2181,2025,0.49000001
2182,2006,0.50089997
2182,2007,0.49900001
2182,2008,0.49990001
2182,2009,0.49880001
2182,2010,0.498
2182,2011,0.49779999
2182,2012,0.49849999
2182,2013,0.49720001
2182,2014,0.49610001
2182,2015,0.4955
2182,2016,0.49559999
2182,2017,0.4955
2182,2018,0.49470001
2182,2019,0.49529999
2182,2020,0.49430001
2182,2021,0.49430001
2182,2022,0.49430001
2182,2023,0.4948
2182,2024,0.4937
2182,2025,0.49419999
2183,2006,0.50550002
2183,2007,0.50410002
2183,2008,0.50319999
2183,2009,0.50190002
2183,2010,0.5029
2183,2011,0.50239998
2183,2012,0.50239998
2183,2013,0.50319999
2183,2014,0.50080001
2183,2015,0.49849999
2183,2016,0.49630001
2183,2017,0.49779999
2183,2018,0.4984
2183,2019,0.49959999
2183,2020,0.4998
2183,2021,0.50019997
2183,2022,0.50059998
2183,2023,0.50089997
2183,2024,0.50050002
2183,2025,0.50120002
2184,2006,0.50480002
2184,2007,0.50400001
2184,2008,0.50370002
2184,2009,0.50400001
2184,2010,0.50370002
2184,2011,0.5029
2184,2012,0.50160003
2184,2013,0.50120002
2184,2014,0.50190002
2184,2015,0.50099999
2184,2016,0.4984
2184,2017,0.49810001
2184,2018,0.4975
2184,2019,0.49739999
2184,2020,0.49669999
2184,2021,0.49669999
2184,2022,0.49810001
2184,2023,0.49829999
2184,2024,0.4984
2184,2025,0.49779999
2260,2006,0.49399999
2260,2007,0.49309999
2260,2008,0.49059999
2260,2009,0.48980001
2260,2010,0.48899999
2260,2011,0.48859999
2260,2012,0.48789999
2260,2013,0.4858
2260,2014,0.48269999
2260,2015,0.48500001
2260,2016,0.48100001
2260,2017,0.47999999
2260,2018,0.48019999
2260,2019,0.47979999
2260,2020,0.4799
2260,2021,0.48019999
2260,2022,0.47960001
2260,2023,0.48019999
2260,2024,0.4842
2260,2025,0.48280001
2262,2006,0.49540001
2262,2007,0.4937
2262,2008,0.49470001
2262,2009,0.4948
2262,2010,0.4946
2262,2011,0.49439999
2262,2012,0.49340001
2262,2013,0.49340001
2262,2014,0.4923
2262,2015,0.493
2262,2016,0.4919
2262,2017,0.49200001
2262,2018,0.49090001
2262,2019,0.49110001
2262,2020,0.49110001
2262,2021,0.49160001
2262,2022,0.49360001
2262,2023,0.4914
2262,2024,0.49180001
2262,2025,0.49110001
2280,2006,0.50700003
2280,2007,0.50760001
2280,2008,0.50819999
2280,2009,0.50959998
2280,2010,0.50779998
2280,2011,0.5079
2280,2012,0.50870001
2280,2013,0.5068
2280,2014,0.5036
2280,2015,0.50099999
2280,2016,0.5007
2280,2017,0.50050002
2280,2018,0.49990001
2280,2019,0.49959999
2280,2020,0.4989
2280,2021,0.4998
2280,2022,0.50010002
2280,2023,0.49939999
2280,2024,0.49990001
2280,2025,0.5
2281,2006,0.50330001
2281,2007,0.5036
2281,2008,0.50449997
2281,2009,0.50370002
2281,2010,0.50379997
2281,2011,0.5029
2281,2012,0.50199997
2281,2013,0.50190002
2281,2014,0.50150001
2281,2015,0.50040001
2281,2016,0.49990001
2281,2017,0.49900001
2281,2018,0.49849999
2281,2019,0.49810001
2281,2020,0.49759999
2281,2021,0.498
2281,2022,0.49770001
2281,2023,0.49770001
2281,2024,0.49860001
2281,2025,0.49919999
2282,2006,0.4975
2282,2007,0.4982
2282,2008,0.49579999
2282,2009,0.495
2282,2010,0.4946
2282,2011,0.4937
2282,2012,0.4932
2282,2013,0.49149999
2282,2014,0.4901
2282,2015,0.48789999
2282,2016,0.48550001
2282,2017,0.48550001
2282,2018,0.4862
2282,2019,0.4844
2282,2020,0.48500001
2282,2021,0.48449999
2282,2022,0.4844
2282,2023,0.48559999
2282,2024,0.48719999
2282,2025,0.48679999
2283,2006,0.50389999
2283,2007,0.50410002
2283,2008,0.50199997
2283,2009,0.49939999
2283,2010,0.4982
2283,2011,0.4975
2283,2012,0.49829999
2283,2013,0.498
2283,2014,0.49529999
2283,2015,0.4962
2283,2016,0.49430001
2283,2017,0.4946
2283,2018,0.4941
2283,2019,0.49439999
2283,2020,0.49360001
2283,2021,0.493
2283,2022,0.4932
2283,2023,0.49259999
2283,2024,0.49149999
2283,2025,0.49070001
2284,2006,0.4991
2284,2007,0.49919999
2284,2008,0.4998
2284,2009,0.49950001
2284,2010,0.49959999
2284,2011,0.49900001
2284,2012,0.49880001
2284,2013,0.49779999
2284,2014,0.49689999
2284,2015,0.49649999
2284,2016,0.49489999
2284,2017,0.49450001
2284,2018,0.4939
2284,2019,0.49360001
2284,2020,0.49340001
2284,2021,0.49309999
2284,2022,0.49290001
2284,2023,0.4921
2284,2024,0.49169999
2284,2025,0.49169999
2303,2006,0.49779999
2303,2007,0.4964
2303,2008,0.49739999
2303,2009,0.4955
2303,2010,0.49529999
2303,2011,0.4923
2303,2012,0.4921
2303,2013,0.49360001
2303,2014,0.49079999
2303,2015,0.48559999
2303,2016,0.48719999
2303,2017,0.48480001
2303,2018,0.48469999
2303,2019,0.4862
2303,2020,0.4862
2303,2021,0.48660001
2303,2022,0.4901
2303,2023,0.48879999
2303,2024,0.48930001
2303,2025,0.48699999
2305,2006,0.4824
2305,2007,0.4815
2305,2008,0.48199999
2305,2009,0.48010001
2305,2010,0.47729999
2305,2011,0.47530001
2305,2012,0.4738
2305,2013,0.4777
2305,2014,0.47799999
2305,2015,0.4745
2305,2016,0.47440001
2305,2017,0.47240001
2305,2018,0.47299999
2305,2019,0.4729
2305,2020,0.4718
2305,2021,0.4743
2305,2022,0.4761
2305,2023,0.4725
2305,2024,0.4736
2305,2025,0.47319999
2309,2006,0.4892
2309,2007,0.48949999
2309,2008,0.4887
2309,2009,0.4885
2309,2010,0.48930001
2309,2011,0.48820001
2309,2012,0.4901
2309,2013,0.4874
2309,2014,0.48660001
2309,2015,0.4853
2309,2016,0.4833
2309,2017,0.4831
2309,2018,0.48280001
2309,2019,0.48359999
2309,2020,0.48370001
2309,2021,0.4842
2309,2022,0.4849
2309,2023,0.4822
2309,2024,0.48339999
2309,2025,0.48339999
2313,2006,0.49020001
2313,2007,0.49039999
2313,2008,0.48879999
2313,2009,0.48629999
2313,2010,0.48629999
2313,2011,0.48550001
2313,2012,0.48500001
2313,2013,0.4849
2313,2014,0.4833
2313,2015,0.48069999
2313,2016,0.47889999
2313,2017,0.47960001
2313,2018,0.4806
2313,2019,0.47929999
2313,2020,0.4804
2313,2021,0.48019999
2313,2022,0.48140001
2313,2023,0.48069999
2313,2024,0.4797
2313,2025,0.48010001
2321,2006,0.48789999
2321,2007,0.4876
2321,2008,0.48699999
2321,2009,0.48800001
2321,2010,0.48879999
2321,2011,0.4901
2321,2012,0.48820001
2321,2013,0.48500001
2321,2014,0.48570001
2321,2015,0.48289999
2321,2016,0.47920001
2321,2017,0.47589999
2321,2018,0.48030001
2321,2019,0.48120001
2321,2020,0.47819999
2321,2021,0.47929999
2321,2022,0.4804
2321,2023,0.47780001
2321,2024,0.47639999
2321,2025,0.47659999
2326,2006,0.48370001
2326,2007,0.4869
2326,2008,0.48590001
2326,2009,0.48609999
2326,2010,0.4874
2326,2011,0.48410001
2326,2012,0.484
2326,2013,0.4831
2326,2014,0.48179999
2326,2015,0.48120001
2326,2016,0.47920001
2326,2017,0.48050001
2326,2018,0.48249999
2326,2019,0.48280001
2326,2020,0.48500001
2326,2021,0.48410001
2326,2022,0.4817
2326,2023,0.4831
2326,2024,0.48159999
2326,2025,0.48030001
2361,2006,0.4928
2361,2007,0.49020001
2361,2008,0.48890001
2361,2009,0.48969999
2361,2010,0.4896
2361,2011,0.48660001
2361,2012,0.48480001
2361,2013,0.48289999
2361,2014,0.4797
2361,2015,0.47889999
2361,2016,0.47780001
2361,2017,0.4761
2361,2018,0.47819999
2361,2019,0.47710001
2361,2020,0.47909999
2361,2021,0.47620001
2361,2022,0.47530001
2361,2023,0.4747
2361,2024,0.47729999
2361,2025,0.4763
2380,2006,0.51459998
2380,2007,0.5151
2380,2008,0.51440001
2380,2009,0.51410002
2380,2010,0.51370001
2380,2011,0.51370001
2380,2012,0.51440001
2380,2013,0.51270002
2380,2014,0.51270002
2380,2015,0.51179999
2380,2016,0.51099998
2380,2017,0.50889999
2380,2018,0.50760001
2380,2019,0.50620002
2380,2020,0.50489998
2380,2021,0.50440001
2380,2022,0.50419998
2380,2023,0.5061
2380,2024,0.50739998
2380,2025,0.5079
2401,2006,0.49520001
2401,2007,0.49380001
2401,2008,0.49219999
2401,2009,0.49149999
2401,2010,0.4894
2401,2011,0.4896
2401,2012,0.48930001
2401,2013,0.4867
2401,2014,0.4874
2401,2015,0.48339999
2401,2016,0.48609999
2401,2017,0.48559999
2401,2018,0.48710001
2401,2019,0.48859999
2401,2020,0.48679999
2401,2021,0.48629999
2401,2022,0.4849
2401,2023,0.48559999
2401,2024,0.48559999
2401,2025,0.4851
2403,2006,0.48879999
2403,2007,0.48719999
2403,2008,0.48570001
2403,2009,0.47999999
2403,2010,0.48289999
2403,2011,0.48500001
2403,2012,0.48289999
2403,2013,0.48480001
2403,2014,0.4867
2403,2015,0.48390001
2403,2016,0.4833
2403,2017,0.47979999
2403,2018,0.47799999
2403,2019,0.4813
2403,2020,0.4835
2403,2021,0.4747
2403,2022,0.4777
2403,2023,0.47830001
2403,2024,0.48109999
2403,2025,0.47979999
2404,2006,0.49990001
2404,2007,0.50370002
2404,2008,0.505
2404,2009,0.50209999
2404,2010,0.49970001
2404,2011,0.49649999
2404,2012,0.4971
2404,2013,0.49590001
2404,2014,0.49270001
2404,2015,0.49559999
2404,2016,0.49380001
2404,2017,0.49079999
2404,2018,0.48969999
2404,2019,0.48789999
2404,2020,0.48660001
2404,2021,0.48469999
2404,2022,0.4826
2404,2023,0.48230001
2404,2024,0.48140001
2404,2025,0.48429999
2409,2006,0.49270001
2409,2007,0.48989999
2409,2008,0.4903
2409,2009,0.48809999
2409,2010,0.4903
2409,2011,0.4876
2409,2012,0.4858
2409,2013,0.4844
2409,2014,0.48570001
2409,2015,0.48660001
2409,2016,0.486
2409,2017,0.48570001
2409,2018,0.48519999
2409,2019,0.48609999
2409,2020,0.48519999
2409,2021,0.4844
2409,2022,0.48500001
2409,2023,0.4849
2409,2024,0.48449999
2409,2025,0.48449999
2417,2006,0.49239999
2417,2007,0.49039999
2417,2008,0.4928
2417,2009,0.4896
2417,2010,0.49020001
2417,2011,0.48949999
2417,2012,0.48730001
2417,2013,0.48500001
2417,2014,0.48210001
2417,2015,0.4806
2417,2016,0.4817
2417,2017,0.48069999
2417,2018,0.48069999
2417,2019,0.48120001
2417,2020,0.48390001
2417,2021,0.48379999
2417,2022,0.48140001
2417,2023,0.48370001
2417,2024,0.4808
2417,2025,0.47690001
2418,2006,0.49309999
2418,2007,0.4955
2418,2008,0.49630001
2418,2009,0.50080001
2418,2010,0.50089997
2418,2011,0.49939999
2418,2012,0.50059998
2418,2013,0.49950001
2418,2014,0.49759999
2418,2015,0.49399999
2418,2016,0.49129999
2418,2017,0.48679999
2418,2018,0.484
2418,2019,0.4824
2418,2020,0.48539999
2418,2021,0.48480001
2418,2022,0.48660001
2418,2023,0.48289999
2418,2024,0.48210001
2418,2025,0.47929999
2421,2006,0.48879999
2421,2007,0.4896
2421,2008,0.48890001
2421,2009,0.48629999
2421,2010,0.48989999
2421,2011,0.4905
2421,2012,0.4892
2421,2013,0.4914
2421,2014,0.49439999
2421,2015,0.49340001
2421,2016,0.4914
2421,2017,0.4883
2421,2018,0.4849
2421,2019,0.48249999
2421,2020,0.4858
2421,2021,0.48300001
2421,2022,0.48100001
2421,2023,0.48199999
2421,2024,0.48199999
2421,2025,0.47799999
2422,2006,0.48480001
2422,2007,0.4806
2422,2008,0.4797
2422,2009,0.4765
2422,2010,0.4777
2422,2011,0.47600001
2422,2012,0.47850001
2422,2013,0.47670001
2422,2014,0.46470001
2422,2015,0.46779999
2422,2016,0.4641
2422,2017,0.47240001
2422,2018,0.46830001
2422,2019,0.47009999
2422,2020,0.4738
2422,2021,0.47400001
2422,2022,0.4709
2422,2023,0.47260001
2422,2024,0.46919999
2422,2025,0.47499999
2425,2006,0.48550001
2425,2007,0.48449999
2425,2008,0.4851
2425,2009,0.4826
2425,2010,0.48089999
2425,2011,0.4752
2425,2012,0.47279999
2425,2013,0.47909999
2425,2014,0.47229999
2425,2015,0.47260001
2425,2016,0.47589999
2425,2017,0.47510001
2425,2018,0.4727
2425,2019,0.4684
2425,2020,0.46880001
2425,2021,0.46849999
2425,2022,0.4646
2425,2023,0.46520001
2425,2024,0.46470001
2425,2025,0.46650001
2460,2006,0.50239998
2460,2007,0.50220001
2460,2008,0.49829999
2460,2009,0.49950001
2460,2010,0.49869999
2460,2011,0.50029999
2460,2012,0.4957
2460,2013,0.4921
2460,2014,0.49000001
2460,2015,0.4903
2460,2016,0.48969999
2460,2017,0.4885
2460,2018,0.48969999
2460,2019,0.4894
2460,2020,0.48980001
2460,2021,0.49259999
2460,2022,0.493
2460,2023,0.49290001
2460,2024,0.48949999
2460,2025,0.48800001
2462,2006,0.4878
2462,2007,0.48730001
2462,2008,0.4874
2462,2009,0.48910001
2462,2010,0.4894
2462,2011,0.48989999
2462,2012,0.4896
2462,2013,0.48890001
2462,2014,0.48989999
2462,2015,0.48949999
2462,2016,0.4883
2462,2017,0.48809999
2462,2018,0.4905
2462,2019,0.48820001
2462,2020,0.48590001
2462,2021,0.48570001
2462,2022,0.48550001
2462,2023,0.48429999
2462,2024,0.48210001
2462,2025,0.4806
2463,2006,0.4971
2463,2007,0.49000001
2463,2008,0.48710001
2463,2009,0.48519999
2463,2010,0.48140001
2463,2011,0.4822
2463,2012,0.48410001
2463,2013,0.4797
2463,2014,0.48339999
2463,2015,0.48199999
2463,2016,0.47760001
2463,2017,0.4815
2463,2018,0.47639999
2463,2019,0.47850001
2463,2020,0.47589999
2463,2021,0.4777
2463,2022,0.4756
2463,2023,0.47979999
2463,2024,0.47659999
2463,2025,0.4761
2480,2006,0.50209999
2480,2007,0.50169998
2480,2008,0.50129998
2480,2009,0.50040001
2480,2010,0.49959999
2480,2011,0.5
2480,2012,0.50089997
2480,2013,0.50029999
2480,2014,0.49970001
2480,2015,0.49959999
2480,2016,0.4989
2480,2017,0.4984
2480,2018,0.49790001
2480,2019,0.49849999
2480,2020,0.49869999
2480,2021,0.4993
2480,2022,0.4991
2480,2023,0.4993
2480,2024,0.50010002
2480,2025,0.5007
2481,2006,0.50349998
2481,2007,0.50410002
2481,2008,0.5043
2481,2009,0.50410002
2481,2010,0.50300002
2481,2011,0.50269997
2481,2012,0.5
2481,2013,0.49829999
2481,2014,0.49860001
2481,2015,0.49790001
2481,2016,0.4975
2481,2017,0.49430001
2481,2018,0.49470001
2481,2019,0.493
2481,2020,0.49340001
2481,2021,0.49059999
2481,2022,0.48879999
2481,2023,0.4887
2481,2024,0.48949999
2481,2025,0.4919
2482,2006,0.50019997
2482,2007,0.49919999
2482,2008,0.49880001
2482,2009,0.49880001
2482,2010,0.49810001
2482,2011,0.49770001
2482,2012,0.4962
2482,2013,0.49540001
2482,2014,0.49509999
2482,2015,0.49439999
2482,2016,0.4939
2482,2017,0.49259999
2482,2018,0.49129999
2482,2019,0.49090001
2482,2020,0.4905
2482,2021,0.48899999
2482,2022,0.4869
2482,2023,0.48269999
2482,2024,0.48019999
2482,2025,0.48469999
2505,2006,0.4973
2505,2007,0.49439999
2505,2008,0.49219999
2505,2009,0.49219999
2505,2010,0.4932
2505,2011,0.49059999
2505,2012,0.4937
2505,2013,0.493
2505,2014,0.49439999
2505,2015,0.49070001
2505,2016,0.4912
2505,2017,0.49110001
2505,2018,0.48949999
2505,2019,0.4883
2505,2020,0.4844
2505,2021,0.48199999
2505,2022,0.47929999
2505,2023,0.47999999
2505,2024,0.48069999
2505,2025,0.4788
2506,2006,0.484
2506,2007,0.4824
2506,2008,0.48469999
2506,2009,0.48359999
2506,2010,0.484
2506,2011,0.47940001
2506,2012,0.47510001
2506,2013,0.4795
2506,2014,0.47229999
2506,2015,0.479
2506,2016,0.479
2506,2017,0.47499999
2506,2018,0.47940001
2506,2019,0.477
2506,2020,0.47569999
2506,2021,0.47839999
2506,2022,0.47659999
2506,2023,0.47679999
2506,2024,0.4806
2506,2025,0.4772
2510,2006,0.491
2510,2007,0.49219999
2510,2008,0.4892
2510,2009,0.48809999
2510,2010,0.48879999
2510,2011,0.49169999
2510,2012,0.49090001
2510,2013,0.48800001
2510,2014,0.4874
2510,2015,0.4878
2510,2016,0.48249999
2510,2017,0.4822
2510,2018,0.48410001
2510,2019,0.4824
2510,2020,0.4822
2510,2021,0.4835
2510,2022,0.4826
2510,2023,0.4835
2510,2024,0.48469999
2510,2025,0.48089999
2513,2006,0.4851
2513,2007,0.48559999
2513,2008,0.4853
2513,2009,0.48449999
2513,2010,0.48550001
2513,2011,0.47929999
2513,2012,0.47960001
2513,2013,0.48199999
2513,2014,0.47670001
2513,2015,0.4754
2513,2016,0.47479999
2513,2017,0.47369999
2513,2018,0.4752
2513,2019,0.47569999
2513,2020,0.47369999
2513,2021,0.4736
2513,2022,0.47119999
2513,2023,0.47150001
2513,2024,0.47389999
2513,2025,0.4736
2514,2006,0.49079999
2514,2007,0.4905
2514,2008,0.4901
2514,2009,0.4905
2514,2010,0.48899999
2514,2011,0.48800001
2514,2012,0.4883
2514,2013,0.4876
2514,2014,0.48679999
2514,2015,0.4869
2514,2016,0.48590001
2514,2017,0.4849
2514,2018,0.48730001
2514,2019,0.4853
2514,2020,0.4851
2514,2021,0.4867
2514,2022,0.48730001
2514,2023,0.48570001
2514,2024,0.4851
2514,2025,0.48519999
2518,2006,0.48030001
2518,2007,0.47639999
2518,2008,0.47569999
2518,2009,0.4709
2518,2010,0.46970001
2518,2011,0.4686
2518,2012,0.46439999
2518,2013,0.4657
2518,2014,0.4691
2518,2015,0.46869999
2518,2016,0.4709
2518,2017,0.46919999
2518,2018,0.47409999
2518,2019,0.4806
2518,2020,0.48069999
2518,2021,0.4806
2518,2022,0.4797
2518,2023,0.48019999
2518,2024,0.47940001
2518,2025,0.4786
2521,2006,0.4747
2521,2007,0.4747
2521,2008,0.47459999
2521,2009,0.47580001
2521,2010,0.4747
2521,2011,0.47479999
2521,2012,0.4756
2521,2013,0.47580001
2521,2014,0.47690001
2521,2015,0.47620001
2521,2016,0.47420001
2521,2017,0.46830001
2521,2018,0.46650001
2521,2019,0.46759999
2521,2020,0.46560001
2521,2021,0.46430001
2521,2022,0.46340001
2521,2023,0.46520001
2521,2024,0.4646
2521,2025,0.4637
2523,2006,0.48359999
2523,2007,0.48269999
2523,2008,0.48179999
2523,2009,0.48179999
2523,2010,0.48269999
2523,2011,0.4831
2523,2012,0.4844
2523,2013,0.48550001
2523,2014,0.48500001
2523,2015,0.4833
2523,2016,0.48410001
2523,2017,0.48480001
2523,2018,0.48280001
2523,2019,0.4804
2523,2020,0.48109999
2523,2021,0.4808
2523,2022,0.47909999
2523,2023,0.48010001
2523,2024,0.48109999
2523,2025,0.4795
2560,2006,0.4939
2560,2007,0.49419999
2560,2008,0.49399999
2560,2009,0.49309999
2560,2010,0.493
2560,2011,0.49239999
2560,2012,0.4932
2560,2013,0.4937
2560,2014,0.4894
2560,2015,0.48660001
2560,2016,0.48679999
2560,2017,0.486
2560,2018,0.486
2560,2019,0.4835
2560,2020,0.48410001
2560,2021,0.48410001
2560,2022,0.486
2560,2023,0.48320001
2560,2024,0.4851
2560,2025,0.4824
2580,2006,0.49470001
2580,2007,0.49590001
2580,2008,0.49610001
2580,2009,0.4948
2580,2010,0.49470001
2580,2011,0.49470001
2580,2012,0.49430001
2580,2013,0.49380001
2580,2014,0.49340001
2580,2015,0.49309999
2580,2016,0.49180001
2580,2017,0.4905
2580,2018,0.48969999
2580,2019,0.4885
2580,2020,0.4874
2580,2021,0.48769999
2580,2022,0.48820001
2580,2023,0.48879999
2580,2024,0.4892
2580,2025,0.48890001
2581,2006,0.49900001
2581,2007,0.49869999
2581,2008,0.49970001
2581,2009,0.49950001
2581,2010,0.50010002
2581,2011,0.49959999
2581,2012,0.4982
2581,2013,0.4989
2581,2014,0.498
2581,2015,0.49739999
2581,2016,0.4966
2581,2017,0.49610001
2581,2018,0.4966
2581,2019,0.49590001
2581,2020,0.49649999
2581,2021,0.49590001
2581,2022,0.4962
2581,2023,0.4964
2581,2024,0.49689999
2581,2025,0.4964
2582,2006,0.50489998
2582,2007,0.50370002
2582,2008,0.50400001
2582,2009,0.50370002
2582,2010,0.50239998
2582,2011,0.49939999
2582,2012,0.4989
2582,2013,0.49509999
2582,2014,0.49399999
2582,2015,0.493
2582,2016,0.49259999
2582,2017,0.49239999
2582,2018,0.49200001
2582,2019,0.49219999
2582,2020,0.49169999
2582,2021,0.49000001
2582,2022,0.48890001
2582,2023,0.48789999
2582,2024,0.48719999
2582,2025,0.4815
2583,2006,0.48649999
2583,2007,0.48750001
2583,2008,0.49039999
2583,2009,0.4896
2583,2010,0.48980001
2583,2011,0.49200001
2583,2012,0.4919
2583,2013,0.48989999
2583,2014,0.48710001
2583,2015,0.48699999
2583,2016,0.4876
2583,2017,0.48480001
2583,2018,0.4833
2583,2019,0.4844
2583,2020,0.47960001
2583,2021,0.48010001
2583,2022,0.48050001
2583,2023,0.48050001
2583,2024,0.48190001
2583,2025,0.48379999
2584,2006,0.48649999
2584,2007,0.4858
2584,2008,0.48539999
2584,2009,0.48539999
2584,2010,0.48539999
2584,2011,0.48460001
2584,2012,0.48359999
2584,2013,0.4831
2584,2014,0.4808
2584,2015,0.48120001
2584,2016,0.48010001
2584,2017,0.479
2584,2018,0.47870001
2584,2019,0.47850001
2584,2020,0.47830001
2584,2021,0.47639999
2584,2022,0.47420001
2584,2023,0.47240001
2584,2024,0.47099999
2584,2025,0.47060001
