kommun,year,andel_antidepressiv_kvinnor
0114,2006,0.098899998
0114,2007,0.1023
0114,2008,0.1007
0114,2009,0.103
0114,2010,0.1034
0114,2011,0.099799998
0114,2012,0.1038
0114,2013,0.1111
0114,2014,0.1153
0114,2015,0.1181
0114,2016,0.1211
0114,2017,0.1196
0114,2018,0.1204
0114,2019,0.1245
0114,2020,0.1229
0114,2021,0.1303
0114,2022,0.12970001
0114,2023,0.1303
0114,2024,0.1357
0114,2025,0.1399
0115,2006,0.090300001
0115,2007,0.089000002
0115,2008,0.087499999
0115,2009,0.090099998
0115,2010,0.093199998
0115,2011,0.096900001
0115,2012,0.1036
0115,2013,0.1103
0115,2014,0.1143
0115,2015,0.1223
0115,2016,0.1228
0115,2017,0.1249
0115,2018,0.12729999
0115,2019,0.13079999
0115,2020,0.134
0115,2021,0.13789999
0115,2022,0.1453
0115,2023,0.153
0115,2024,0.1547
0115,2025,0.15880001
0117,2006,0.092900001
0117,2007,0.093199998
0117,2008,0.097000003
0117,2009,0.095700003
0117,2010,0.097400002
0117,2011,0.1035
0117,2012,0.1057
0117,2013,0.1117
0117,2014,0.1181
0117,2015,0.124
0117,2016,0.12909999
0117,2017,0.1284
0117,2018,0.13070001
0117,2019,0.1347
0117,2020,0.1349
0117,2021,0.1357
0117,2022,0.139
0117,2023,0.14139999
0117,2024,0.14650001
0117,2025,0.1469
0120,2006,0.079400003
0120,2007,0.077399999
0120,2008,0.077
0120,2009,0.079300001
0120,2010,0.077799998
0120,2011,0.082000002
0120,2012,0.088799998
0120,2013,0.091499999
0120,2014,0.099299997
0120,2015,0.1035
0120,2016,0.1061
0120,2017,0.1055
0120,2018,0.1073
0120,2019,0.1105
0120,2020,0.1114
0120,2021,0.1161
0120,2022,0.1256
0120,2023,0.13169999
0120,2024,0.1358
0120,2025,0.13699999
0123,2006,0.089199997
0123,2007,0.089299999
0123,2008,0.089500003
0123,2009,0.086400002
0123,2010,0.086599998
0123,2011,0.089199997
0123,2012,0.090400003
0123,2013,0.093400002
0123,2014,0.095899999
0123,2015,0.099299997
0123,2016,0.1012
0123,2017,0.1026
0123,2018,0.1023
0123,2019,0.1034
0123,2020,0.1028
0123,2021,0.1071
0123,2022,0.1125
0123,2023,0.1166
0123,2024,0.1174
0123,2025,0.1195
0125,2006,0.068300001
0125,2007,0.069799997
0125,2008,0.074000001
0125,2009,0.077699997
0125,2010,0.083999999
0125,2011,0.0854
0125,2012,0.085500002
0125,2013,0.088
0125,2014,0.098099999
0125,2015,0.1022
0125,2016,0.1031
0125,2017,0.1068
0125,2018,0.1064
0125,2019,0.1085
0125,2020,0.1101
0125,2021,0.1102
0125,2022,0.1146
0125,2023,0.1182
0125,2024,0.122
0125,2025,0.1201
0126,2006,0.079700001
0126,2007,0.080499999
0126,2008,0.079700001
0126,2009,0.078100003
0126,2010,0.079000004
0126,2011,0.081299998
0126,2012,0.0836
0126,2013,0.085100003
0126,2014,0.088
0126,2015,0.092699997
0126,2016,0.093099996
0126,2017,0.093999997
0126,2018,0.096600004
0126,2019,0.1012
0126,2020,0.1016
0126,2021,0.107
0126,2022,0.1099
0126,2023,0.1137
0126,2024,0.1158
0126,2025,0.117
0127,2006,0.083800003
0127,2007,0.081299998
0127,2008,0.0792
0127,2009,0.080399998
0127,2010,0.078000002
0127,2011,0.075599998
0127,2012,0.077299997
0127,2013,0.078199998
0127,2014,0.0814
0127,2015,0.0845
0127,2016,0.089000002
0127,2017,0.089299999
0127,2018,0.089400001
0127,2019,0.091700003
0127,2020,0.090499997
0127,2021,0.096500002
0127,2022,0.099600002
0127,2023,0.1024
0127,2024,0.1055
0127,2025,0.107
0128,2006,0.076800004
0128,2007,0.082800001
0128,2008,0.0832
0128,2009,0.082699999
0128,2010,0.086499996
0128,2011,0.090599999
0128,2012,0.094300002
0128,2013,0.1
0128,2014,0.1031
0128,2015,0.1017
0128,2016,0.1044
0128,2017,0.1065
0128,2018,0.1065
0128,2019,0.1158
0128,2020,0.1174
0128,2021,0.1205
0128,2022,0.124
0128,2023,0.1199
0128,2024,0.1198
0128,2025,0.1231
0136,2006,0.089900002
0136,2007,0.089500003
0136,2008,0.089000002
0136,2009,0.089400001
0136,2010,0.090000004
0136,2011,0.093199998
0136,2012,0.095200002
0136,2013,0.096100003
0136,2014,0.1001
0136,2015,0.1044
0136,2016,0.1043
0136,2017,0.1068
0136,2018,0.1072
0136,2019,0.11
0136,2020,0.1119
0136,2021,0.1152
0136,2022,0.1181
0136,2023,0.1215
0136,2024,0.1226
0136,2025,0.1269
0138,2006,0.078900002
0138,2007,0.078900002
0138,2008,0.081900001
0138,2009,0.083300002
0138,2010,0.086599998
0138,2011,0.089400001
0138,2012,0.091799997
0138,2013,0.095700003
0138,2014,0.1027
0138,2015,0.1058
0138,2016,0.1089
0138,2017,0.1141
0138,2018,0.1159
0138,2019,0.1194
0138,2020,0.1204
0138,2021,0.12720001
0138,2022,0.1312
0138,2023,0.1362
0138,2024,0.13770001
0138,2025,0.1399
0139,2006,0.093099996
0139,2007,0.094300002
0139,2008,0.091600001
0139,2009,0.092699997
0139,2010,0.092500001
0139,2011,0.091300003
0139,2012,0.093999997
0139,2013,0.097900003
0139,2014,0.099200003
0139,2015,0.1031
0139,2016,0.1046
0139,2017,0.1085
0139,2018,0.1
0139,2019,0.098200001
0139,2020,0.1038
0139,2021,0.1088
0139,2022,0.1121
0139,2023,0.1152
0139,2024,0.1167
0139,2025,0.1195
0140,2006,0.072700001
0140,2007,0.077299997
0140,2008,0.077799998
0140,2009,0.075099997
0140,2010,0.073799998
0140,2011,0.080499999
0140,2012,0.082800001
0140,2013,0.082999997
0140,2014,0.086599998
0140,2015,0.096299998
0140,2016,0.1003
0140,2017,0.0977
0140,2018,0.0964
0140,2019,0.1029
0140,2020,0.1085
0140,2021,0.1072
0140,2022,0.1134
0140,2023,0.1177
0140,2024,0.1232
0140,2025,0.1234
0160,2006,0.088799998
0160,2007,0.088500001
0160,2008,0.088500001
0160,2009,0.0889
0160,2010,0.089400001
0160,2011,0.092799999
0160,2012,0.093800001
0160,2013,0.098800004
0160,2014,0.1053
0160,2015,0.1113
0160,2016,0.1134
0160,2017,0.1184
0160,2018,0.1209
0160,2019,0.1249
0160,2020,0.1238
0160,2021,0.1302
0160,2022,0.1356
0160,2023,0.1381
0160,2024,0.13959999
0160,2025,0.1433
0162,2006,0.084700003
0162,2007,0.088200003
0162,2008,0.088100001
0162,2009,0.083300002
0162,2010,0.083499998
0162,2011,0.088500001
0162,2012,0.091600001
0162,2013,0.090999998
0162,2014,0.094300002
0162,2015,0.0995
0162,2016,0.099200003
0162,2017,0.1009
0162,2018,0.1038
0162,2019,0.1022
0162,2020,0.104
0162,2021,0.1095
0162,2022,0.1143
0162,2023,0.1183
0162,2024,0.1199
0162,2025,0.1241
0163,2006,0.083499998
0163,2007,0.084200002
0163,2008,0.085699998
0163,2009,0.085000001
0163,2010,0.086800002
0163,2011,0.086900003
0163,2012,0.0867
0163,2013,0.092200004
0163,2014,0.0964
0163,2015,0.1011
0163,2016,0.1061
0163,2017,0.1064
0163,2018,0.107
0163,2019,0.1106
0163,2020,0.111
0163,2021,0.1135
0163,2022,0.1195
0163,2023,0.1219
0163,2024,0.1245
0163,2025,0.1283
0180,2006,0.091799997
0180,2007,0.092500001
0180,2008,0.091799997
0180,2009,0.090999998
0180,2010,0.091899998
0180,2011,0.093900003
0180,2012,0.095700003
0180,2013,0.098499998
0180,2014,0.1033
0180,2015,0.1079
0180,2016,0.1111
0180,2017,0.1131
0180,2018,0.1155
0180,2019,0.1175
0180,2020,0.119
0180,2021,0.1242
0180,2022,0.12980001
0180,2023,0.13259999
0180,2024,0.1355
0180,2025,0.1376
0181,2006,0.082999997
0181,2007,0.085199997
0181,2008,0.0858
0181,2009,0.083300002
0181,2010,0.083300002
0181,2011,0.085699998
0181,2012,0.088
0181,2013,0.089100003
0181,2014,0.090499997
0181,2015,0.092399999
0181,2016,0.093599997
0181,2017,0.0933
0181,2018,0.092900001
0181,2019,0.093800001
0181,2020,0.090899996
0181,2021,0.092600003
0181,2022,0.094300002
0181,2023,0.096100003
0181,2024,0.099200003
0181,2025,0.1019
0182,2006,0.077600002
0182,2007,0.080899999
0182,2008,0.080600001
0182,2009,0.080700003
0182,2010,0.083400004
0182,2011,0.086499996
0182,2012,0.088699996
0182,2013,0.091600001
0182,2014,0.093699999
0182,2015,0.096100003
0182,2016,0.099399999
0182,2017,0.1004
0182,2018,0.1025
0182,2019,0.1057
0182,2020,0.1078
0182,2021,0.1143
0182,2022,0.1192
0182,2023,0.1226
0182,2024,0.12620001
0182,2025,0.1283
0183,2006,0.1017
0183,2007,0.096299998
0183,2008,0.096299998
0183,2009,0.092
0183,2010,0.094899997
0183,2011,0.095399998
0183,2012,0.098300003
0183,2013,0.1007
0183,2014,0.1028
0183,2015,0.1019
0183,2016,0.1006
0183,2017,0.0986
0183,2018,0.1002
0183,2019,0.1017
0183,2020,0.1042
0183,2021,0.1078
0183,2022,0.1151
0183,2023,0.1178
0183,2024,0.1168
0183,2025,0.1229
0184,2006,0.094999999
0184,2007,0.097400002
0184,2008,0.093900003
0184,2009,0.091300003
0184,2010,0.091200002
0184,2011,0.091899998
0184,2012,0.091600001
0184,2013,0.093400002
0184,2014,0.098700002
0184,2015,0.1025
0184,2016,0.1036
0184,2017,0.1071
0184,2018,0.1059
0184,2019,0.109
0184,2020,0.1087
0184,2021,0.1119
0184,2022,0.115
0184,2023,0.1181
0184,2024,0.1218
0184,2025,0.1219
0186,2006,0.093699999
0186,2007,0.095299996
0186,2008,0.0973
0186,2009,0.094999999
0186,2010,0.096900001
0186,2011,0.099699996
0186,2012,0.1022
0186,2013,0.099200003
0186,2014,0.1051
0186,2015,0.1068
0186,2016,0.1134
0186,2017,0.1138
0186,2018,0.1146
0186,2019,0.1188
0186,2020,0.122
0186,2021,0.12540001
0186,2022,0.1332
0186,2023,0.13940001
0186,2024,0.1446
0186,2025,0.149
0187,2006,0.0854
0187,2007,0.088500001
0187,2008,0.0867
0187,2009,0.087700002
0187,2010,0.086000003
0187,2011,0.085600004
0187,2012,0.089599997
0187,2013,0.091799997
0187,2014,0.098999999
0187,2015,0.1032
0187,2016,0.1022
0187,2017,0.1029
0187,2018,0.1053
0187,2019,0.1081
0187,2020,0.1159
0187,2021,0.1256
0187,2022,0.1364
0187,2023,0.1402
0187,2024,0.14120001
0187,2025,0.14390001
0188,2006,0.1039
0188,2007,0.1057
0188,2008,0.1043
0188,2009,0.1047
0188,2010,0.108
0188,2011,0.1122
0188,2012,0.1152
0188,2013,0.1239
0188,2014,0.12729999
0188,2015,0.13339999
0188,2016,0.1374
0188,2017,0.14129999
0188,2018,0.14560001
0188,2019,0.1496
0188,2020,0.1503
0188,2021,0.1543
0188,2022,0.1618
0188,2023,0.1647
0188,2024,0.1708
0188,2025,0.1728
0191,2006,0.0933
0191,2007,0.094400004
0191,2008,0.093500003
0191,2009,0.090499997
0191,2010,0.090999998
0191,2011,0.091799997
0191,2012,0.090499997
0191,2013,0.096699998
0191,2014,0.096900001
0191,2015,0.097800002
0191,2016,0.0986
0191,2017,0.101
0191,2018,0.0995
0191,2019,0.1048
0191,2020,0.1045
0191,2021,0.1084
0191,2022,0.1084
0191,2023,0.1079
0191,2024,0.1089
0191,2025,0.111
0192,2006,0.093099996
0192,2007,0.095399998
0192,2008,0.097099997
0192,2009,0.095799997
0192,2010,0.094099998
0192,2011,0.097400002
0192,2012,0.1018
0192,2013,0.1037
0192,2014,0.109
0192,2015,0.1124
0192,2016,0.1172
0192,2017,0.1167
0192,2018,0.1203
0192,2019,0.1311
0192,2020,0.1322
0192,2021,0.1397
0192,2022,0.13869999
0192,2023,0.1374
0192,2024,0.13869999
0192,2025,0.1425
0305,2006,0.088299997
0305,2007,0.090999998
0305,2008,0.090700001
0305,2009,0.089199997
0305,2010,0.086000003
0305,2011,0.095600002
0305,2012,0.096699998
0305,2013,0.1009
0305,2014,0.1017
0305,2015,0.1059
0305,2016,0.1085
0305,2017,0.1093
0305,2018,0.1095
0305,2019,0.1129
0305,2020,0.1199
0305,2021,0.1242
0305,2022,0.1301
0305,2023,0.1347
0305,2024,0.1372
0305,2025,0.1375
0319,2006,0.1149
0319,2007,0.1114
0319,2008,0.1169
0319,2009,0.1179
0319,2010,0.1128
0319,2011,0.1132
0319,2012,0.1184
0319,2013,0.1216
0319,2014,0.1239
0319,2015,0.12540001
0319,2016,0.127
0319,2017,0.12890001
0319,2018,0.1318
0319,2019,0.1392
0319,2020,0.14390001
0319,2021,0.146
0319,2022,0.1593
0319,2023,0.17209999
0319,2024,0.16580001
0319,2025,0.1804
0330,2006,0.080300003
0330,2007,0.077399999
0330,2008,0.0788
0330,2009,0.081799999
0330,2010,0.087499999
0330,2011,0.090300001
0330,2012,0.092600003
0330,2013,0.093400002
0330,2014,0.099799998
0330,2015,0.1009
0330,2016,0.105
0330,2017,0.1091
0330,2018,0.1101
0330,2019,0.1117
0330,2020,0.1175
0330,2021,0.1244
0330,2022,0.1319
0330,2023,0.13959999
0330,2024,0.14390001
0330,2025,0.13959999
0331,2006,0.1175
0331,2007,0.1198
0331,2008,0.1224
0331,2009,0.1207
0331,2010,0.1238
0331,2011,0.1248
0331,2012,0.1233
0331,2013,0.12549999
0331,2014,0.1277
0331,2015,0.13330001
0331,2016,0.1434
0331,2017,0.1443
0331,2018,0.14650001
0331,2019,0.1531
0331,2020,0.14920001
0331,2021,0.1529
0331,2022,0.1622
0331,2023,0.1672
0331,2024,0.168
0331,2025,0.17
0360,2006,0.1226
0360,2007,0.1217
0360,2008,0.1208
0360,2009,0.1185
0360,2010,0.1208
0360,2011,0.1197
0360,2012,0.1265
0360,2013,0.1314
0360,2014,0.13680001
0360,2015,0.1357
0360,2016,0.1383
0360,2017,0.1383
0360,2018,0.147
0360,2019,0.1576
0360,2020,0.1577
0360,2021,0.1608
0360,2022,0.1679
0360,2023,0.17569999
0360,2024,0.18179999
0360,2025,0.18619999
0380,2006,0.109
0380,2007,0.1092
0380,2008,0.1068
0380,2009,0.105
0380,2010,0.1065
0380,2011,0.1086
0380,2012,0.112
0380,2013,0.1149
0380,2014,0.1204
0380,2015,0.1231
0380,2016,0.1249
0380,2017,0.1269
0380,2018,0.13060001
0380,2019,0.1331
0380,2020,0.1365
0380,2021,0.14300001
0380,2022,0.1488
0380,2023,0.15260001
0380,2024,0.15629999
0380,2025,0.1567
0381,2006,0.1103
0381,2007,0.11
0381,2008,0.1113
0381,2009,0.1117
0381,2010,0.114
0381,2011,0.1165
0381,2012,0.12540001
0381,2013,0.126
0381,2014,0.12989999
0381,2015,0.13680001
0381,2016,0.13349999
0381,2017,0.1364
0381,2018,0.1327
0381,2019,0.1374
0381,2020,0.1433
0381,2021,0.1472
0381,2022,0.15369999
0381,2023,0.1585
0381,2024,0.161
0381,2025,0.1631
0382,2006,0.1112
0382,2007,0.1159
0382,2008,0.115
0382,2009,0.1105
0382,2010,0.1124
0382,2011,0.1142
0382,2012,0.118
0382,2013,0.1188
0382,2014,0.1222
0382,2015,0.1252
0382,2016,0.1332
0382,2017,0.1332
0382,2018,0.13779999
0382,2019,0.141
0382,2020,0.1522
0382,2021,0.1561
0382,2022,0.1612
0382,2023,0.16599999
0382,2024,0.16850001
0382,2025,0.1701
0428,2006,0.115
0428,2007,0.1138
0428,2008,0.1086
0428,2009,0.1146
0428,2010,0.111
0428,2011,0.1069
0428,2012,0.1084
0428,2013,0.1152
0428,2014,0.1185
0428,2015,0.1166
0428,2016,0.1175
0428,2017,0.1179
0428,2018,0.12639999
0428,2019,0.1239
0428,2020,0.1274
0428,2021,0.1357
0428,2022,0.1436
0428,2023,0.1488
0428,2024,0.1521
0428,2025,0.1574
0461,2006,0.090899996
0461,2007,0.092900001
0461,2008,0.098499998
0461,2009,0.099299997
0461,2010,0.095600002
0461,2011,0.097400002
0461,2012,0.1032
0461,2013,0.1054
0461,2014,0.1064
0461,2015,0.1087
0461,2016,0.1202
0461,2017,0.1153
0461,2018,0.1217
0461,2019,0.1241
0461,2020,0.1245
0461,2021,0.1261
0461,2022,0.1355
0461,2023,0.1428
0461,2024,0.14920001
0461,2025,0.1538
0480,2006,0.1118
0480,2007,0.1151
0480,2008,0.1126
0480,2009,0.1081
0480,2010,0.1107
0480,2011,0.1127
0480,2012,0.1167
0480,2013,0.1212
0480,2014,0.12639999
0480,2015,0.1314
0480,2016,0.1345
0480,2017,0.1392
0480,2018,0.1411
0480,2019,0.14120001
0480,2020,0.1441
0480,2021,0.1516
0480,2022,0.1556
0480,2023,0.16150001
0480,2024,0.1646
0480,2025,0.1645
0481,2006,0.1261
0481,2007,0.13420001
0481,2008,0.1224
0481,2009,0.1237
0481,2010,0.1207
0481,2011,0.12729999
0481,2012,0.1246
0481,2013,0.1266
0481,2014,0.1365
0481,2015,0.1402
0481,2016,0.1419
0481,2017,0.1434
0481,2018,0.1435
0481,2019,0.1469
0481,2020,0.153
0481,2021,0.1613
0481,2022,0.17
0481,2023,0.1789
0481,2024,0.17900001
0481,2025,0.1778
0482,2006,0.1112
0482,2007,0.1061
0482,2008,0.1072
0482,2009,0.1044
0482,2010,0.1046
0482,2011,0.1121
0482,2012,0.1178
0482,2013,0.1187
0482,2014,0.1216
0482,2015,0.1245
0482,2016,0.1292
0482,2017,0.12630001
0482,2018,0.124
0482,2019,0.12899999
0482,2020,0.1356
0482,2021,0.1436
0482,2022,0.1469
0482,2023,0.15710001
0482,2024,0.1628
0482,2025,0.16140001
0483,2006,0.105
0483,2007,0.1074
0483,2008,0.1079
0483,2009,0.1096
0483,2010,0.1049
0483,2011,0.1097
0483,2012,0.113
0483,2013,0.1163
0483,2014,0.1152
0483,2015,0.1188
0483,2016,0.1221
0483,2017,0.1219
0483,2018,0.1231
0483,2019,0.1234
0483,2020,0.1275
0483,2021,0.1339
0483,2022,0.14219999
0483,2023,0.1494
0483,2024,0.1531
0483,2025,0.1542
0484,2006,0.1064
0484,2007,0.1046
0484,2008,0.1017
0484,2009,0.1007
0484,2010,0.1028
0484,2011,0.1062
0484,2012,0.1091
0484,2013,0.1118
0484,2014,0.1159
0484,2015,0.1196
0484,2016,0.1188
0484,2017,0.1193
0484,2018,0.1196
0484,2019,0.1195
0484,2020,0.1205
0484,2021,0.1249
0484,2022,0.1277
0484,2023,0.1309
0484,2024,0.134
0484,2025,0.1372
0486,2006,0.096000001
0486,2007,0.097999997
0486,2008,0.095399998
0486,2009,0.097400002
0486,2010,0.1003
0486,2011,0.103
0486,2012,0.1057
0486,2013,0.1137
0486,2014,0.1173
0486,2015,0.1259
0486,2016,0.1329
0486,2017,0.13
0486,2018,0.1318
0486,2019,0.1313
0486,2020,0.13349999
0486,2021,0.138
0486,2022,0.1454
0486,2023,0.15270001
0486,2024,0.15449999
0486,2025,0.155
0488,2006,0.090400003
0488,2007,0.089900002
0488,2008,0.090099998
0488,2009,0.0942
0488,2010,0.0964
0488,2011,0.097400002
0488,2012,0.098399997
0488,2013,0.1008
0488,2014,0.1014
0488,2015,0.1119
0488,2016,0.1156
0488,2017,0.1192
0488,2018,0.1184
0488,2019,0.1222
0488,2020,0.1234
0488,2021,0.12549999
0488,2022,0.1275
0488,2023,0.1329
0488,2024,0.1419
0488,2025,0.14129999
0509,2006,0.1013
0509,2007,0.1056
0509,2008,0.098099999
0509,2009,0.096799999
0509,2010,0.086599998
0509,2011,0.093199998
0509,2012,0.1038
0509,2013,0.1078
0509,2014,0.1139
0509,2015,0.1119
0509,2016,0.1198
0509,2017,0.1233
0509,2018,0.12530001
0509,2019,0.13249999
0509,2020,0.12729999
0509,2021,0.13420001
0509,2022,0.1388
0509,2023,0.13959999
0509,2024,0.14210001
0509,2025,0.14560001
0512,2006,0.1119
0512,2007,0.1118
0512,2008,0.1026
0512,2009,0.1009
0512,2010,0.1058
0512,2011,0.112
0512,2012,0.1124
0512,2013,0.1077
0512,2014,0.1134
0512,2015,0.1261
0512,2016,0.1304
0512,2017,0.13590001
0512,2018,0.1494
0512,2019,0.15719999
0512,2020,0.1626
0512,2021,0.176
0512,2022,0.178
0512,2023,0.18979999
0512,2024,0.18279999
0512,2025,0.1849
0513,2006,0.098700002
0513,2007,0.0986
0513,2008,0.097000003
0513,2009,0.099299997
0513,2010,0.1037
0513,2011,0.1095
0513,2012,0.1193
0513,2013,0.12540001
0513,2014,0.1373
0513,2015,0.1353
0513,2016,0.1383
0513,2017,0.1382
0513,2018,0.14
0513,2019,0.14470001
0513,2020,0.1463
0513,2021,0.1494
0513,2022,0.1516
0513,2023,0.1547
0513,2024,0.1506
0513,2025,0.1576
0560,2006,0.1164
0560,2007,0.1167
0560,2008,0.1141
0560,2009,0.1113
0560,2010,0.1128
0560,2011,0.1113
0560,2012,0.1149
0560,2013,0.1178
0560,2014,0.1173
0560,2015,0.12540001
0560,2016,0.126
0560,2017,0.1322
0560,2018,0.1383
0560,2019,0.139
0560,2020,0.1347
0560,2021,0.1337
0560,2022,0.1443
0560,2023,0.14229999
0560,2024,0.1576
0560,2025,0.1716
0561,2006,0.1106
0561,2007,0.1077
0561,2008,0.1072
0561,2009,0.1083
0561,2010,0.1103
0561,2011,0.1137
0561,2012,0.1191
0561,2013,0.1206
0561,2014,0.1234
0561,2015,0.13
0561,2016,0.1322
0561,2017,0.13500001
0561,2018,0.1384
0561,2019,0.14120001
0561,2020,0.1487
0561,2021,0.1487
0561,2022,0.154
0561,2023,0.16689999
0561,2024,0.1717
0561,2025,0.175
0562,2006,0.0977
0562,2007,0.099799998
0562,2008,0.1009
0562,2009,0.098999999
0562,2010,0.097800002
0562,2011,0.098800004
0562,2012,0.1043
0562,2013,0.1042
0562,2014,0.1074
0562,2015,0.1092
0562,2016,0.1107
0562,2017,0.113
0562,2018,0.116
0562,2019,0.1211
0562,2020,0.1212
0562,2021,0.1293
0562,2022,0.1358
0562,2023,0.1356
0562,2024,0.1416
0562,2025,0.1451
0563,2006,0.1023
0563,2007,0.1028
0563,2008,0.1082
0563,2009,0.1039
0563,2010,0.1028
0563,2011,0.1073
0563,2012,0.1081
0563,2013,0.1027
0563,2014,0.1128
0563,2015,0.1072
0563,2016,0.1112
0563,2017,0.1114
0563,2018,0.1131
0563,2019,0.1198
0563,2020,0.1237
0563,2021,0.1318
0563,2022,0.13500001
0563,2023,0.14650001
0563,2024,0.15019999
0563,2025,0.15539999
0580,2006,0.0986
0580,2007,0.097999997
0580,2008,0.097000003
0580,2009,0.0973
0580,2010,0.096500002
0580,2011,0.0995
0580,2012,0.1013
0580,2013,0.1031
0580,2014,0.1057
0580,2015,0.1074
0580,2016,0.11
0580,2017,0.1134
0580,2018,0.1162
0580,2019,0.1196
0580,2020,0.1239
0580,2021,0.1309
0580,2022,0.13779999
0580,2023,0.1437
0580,2024,0.1489
0580,2025,0.15189999
0581,2006,0.098899998
0581,2007,0.1018
0581,2008,0.1002
0581,2009,0.1004
0581,2010,0.1033
0581,2011,0.1044
0581,2012,0.1029
0581,2013,0.1066
0581,2014,0.1121
0581,2015,0.114
0581,2016,0.1143
0581,2017,0.117
0581,2018,0.1188
0581,2019,0.1229
0581,2020,0.12540001
0581,2021,0.1295
0581,2022,0.1364
0581,2023,0.141
0581,2024,0.1459
0581,2025,0.1468
0582,2006,0.098800004
0582,2007,0.094899997
0582,2008,0.095100001
0582,2009,0.097099997
0582,2010,0.097099997
0582,2011,0.1048
0582,2012,0.1103
0582,2013,0.1155
0582,2014,0.1131
0582,2015,0.1167
0582,2016,0.1245
0582,2017,0.1268
0582,2018,0.1287
0582,2019,0.14129999
0582,2020,0.1451
0582,2021,0.1469
0582,2022,0.1523
0582,2023,0.1665
0582,2024,0.1647
0582,2025,0.1692
0583,2006,0.1065
0583,2007,0.1106
0583,2008,0.1125
0583,2009,0.1127
0583,2010,0.1159
0583,2011,0.1178
0583,2012,0.1207
0583,2013,0.1246
0583,2014,0.1279
0583,2015,0.1293
0583,2016,0.13070001
0583,2017,0.1337
0583,2018,0.1357
0583,2019,0.1381
0583,2020,0.1427
0583,2021,0.1533
0583,2022,0.1574
0583,2023,0.1627
0583,2024,0.1648
0583,2025,0.1648
0584,2006,0.1323
0584,2007,0.13940001
0584,2008,0.145
0584,2009,0.14569999
0584,2010,0.1424
0584,2011,0.1459
0584,2012,0.1506
0584,2013,0.1499
0584,2014,0.15880001
0584,2015,0.1635
0584,2016,0.1666
0584,2017,0.16500001
0584,2018,0.1682
0584,2019,0.17479999
0584,2020,0.17399999
0584,2021,0.1886
0584,2022,0.18260001
0584,2023,0.1903
0584,2024,0.19239999
0584,2025,0.1921
0586,2006,0.1063
0586,2007,0.1082
0586,2008,0.1087
0586,2009,0.1094
0586,2010,0.109
0586,2011,0.1136
0586,2012,0.1163
0586,2013,0.121
0586,2014,0.1276
0586,2015,0.13060001
0586,2016,0.13500001
0586,2017,0.1344
0586,2018,0.139
0586,2019,0.14470001
0586,2020,0.14920001
0586,2021,0.1542
0586,2022,0.15800001
0586,2023,0.1644
0586,2024,0.16949999
0586,2025,0.1682
0604,2006,0.094300002
0604,2007,0.096299998
0604,2008,0.091700003
0604,2009,0.0889
0604,2010,0.097000003
0604,2011,0.104
0604,2012,0.1036
0604,2013,0.111
0604,2014,0.118
0604,2015,0.123
0604,2016,0.124
0604,2017,0.1268
0604,2018,0.1296
0604,2019,0.13339999
0604,2020,0.138
0604,2021,0.1366
0604,2022,0.1453
0604,2023,0.1463
0604,2024,0.149
0604,2025,0.1494
0617,2006,0.073299997
0617,2007,0.073700003
0617,2008,0.07
0617,2009,0.0766
0617,2010,0.077
0617,2011,0.077
0617,2012,0.0832
0617,2013,0.088399999
0617,2014,0.0911
0617,2015,0.0977
0617,2016,0.094800003
0617,2017,0.095399998
0617,2018,0.088600002
0617,2019,0.1022
0617,2020,0.1051
0617,2021,0.1081
0617,2022,0.1127
0617,2023,0.1257
0617,2024,0.1313
0617,2025,0.1331
0642,2006,0.084299996
0642,2007,0.090899996
0642,2008,0.096600004
0642,2009,0.1006
0642,2010,0.107
0642,2011,0.1103
0642,2012,0.1174
0642,2013,0.1181
0642,2014,0.1185
0642,2015,0.1236
0642,2016,0.1313
0642,2017,0.13510001
0642,2018,0.1397
0642,2019,0.1399
0642,2020,0.1409
0642,2021,0.14569999
0642,2022,0.15360001
0642,2023,0.16410001
0642,2024,0.161
0642,2025,0.1638
0643,2006,0.089000002
0643,2007,0.086800002
0643,2008,0.085199997
0643,2009,0.0902
0643,2010,0.093900003
0643,2011,0.101
0643,2012,0.1011
0643,2013,0.104
0643,2014,0.1123
0643,2015,0.1166
0643,2016,0.12729999
0643,2017,0.1226
0643,2018,0.1215
0643,2019,0.1226
0643,2020,0.125
0643,2021,0.1295
0643,2022,0.1363
0643,2023,0.1383
0643,2024,0.14399999
0643,2025,0.14749999
0662,2006,0.084299996
0662,2007,0.084200002
0662,2008,0.083499998
0662,2009,0.082599998
0662,2010,0.084899999
0662,2011,0.090400003
0662,2012,0.093400002
0662,2013,0.093000002
0662,2014,0.098700002
0662,2015,0.1018
0662,2016,0.1046
0662,2017,0.1088
0662,2018,0.1118
0662,2019,0.1156
0662,2020,0.1133
0662,2021,0.1167
0662,2022,0.1168
0662,2023,0.1232
0662,2024,0.12530001
0662,2025,0.13339999
0665,2006,0.090999998
0665,2007,0.096299998
0665,2008,0.094999999
0665,2009,0.0955
0665,2010,0.096000001
0665,2011,0.1026
0665,2012,0.1053
0665,2013,0.1127
0665,2014,0.1117
0665,2015,0.1182
0665,2016,0.1234
0665,2017,0.1222
0665,2018,0.1185
0665,2019,0.1226
0665,2020,0.1275
0665,2021,0.1313
0665,2022,0.1374
0665,2023,0.1365
0665,2024,0.14569999
0665,2025,0.14569999
0680,2006,0.105
0680,2007,0.1045
0680,2008,0.1035
0680,2009,0.1048
0680,2010,0.106
0680,2011,0.1101
0680,2012,0.1134
0680,2013,0.1184
0680,2014,0.1256
0680,2015,0.1278
0680,2016,0.1294
0680,2017,0.12989999
0680,2018,0.1328
0680,2019,0.13500001
0680,2020,0.13680001
0680,2021,0.1406
0680,2022,0.1437
0680,2023,0.14749999
0680,2024,0.153
0680,2025,0.1541
0682,2006,0.1058
0682,2007,0.105
0682,2008,0.106
0682,2009,0.1108
0682,2010,0.1094
0682,2011,0.1136
0682,2012,0.1157
0682,2013,0.119
0682,2014,0.1261
0682,2015,0.1283
0682,2016,0.1304
0682,2017,0.133
0682,2018,0.13429999
0682,2019,0.1398
0682,2020,0.1406
0682,2021,0.1429
0682,2022,0.14669999
0682,2023,0.1515
0682,2024,0.1592
0682,2025,0.1638
0683,2006,0.089299999
0683,2007,0.088699996
0683,2008,0.088500001
0683,2009,0.090099998
0683,2010,0.091200002
0683,2011,0.092399999
0683,2012,0.096100003
0683,2013,0.1013
0683,2014,0.1045
0683,2015,0.1039
0683,2016,0.1089
0683,2017,0.1087
0683,2018,0.11
0683,2019,0.1148
0683,2020,0.1216
0683,2021,0.12899999
0683,2022,0.1356
0683,2023,0.1426
0683,2024,0.145
0683,2025,0.1481
0684,2006,0.082400002
0684,2007,0.086099997
0684,2008,0.087700002
0684,2009,0.092600003
0684,2010,0.098099999
0684,2011,0.1001
0684,2012,0.1031
0684,2013,0.1049
0684,2014,0.1061
0684,2015,0.1104
0684,2016,0.1067
0684,2017,0.1135
0684,2018,0.1227
0684,2019,0.1293
0684,2020,0.1267
0684,2021,0.1367
0684,2022,0.139
0684,2023,0.14229999
0684,2024,0.1521
0684,2025,0.1556
0685,2006,0.097099997
0685,2007,0.097599998
0685,2008,0.1005
0685,2009,0.1019
0685,2010,0.104
0685,2011,0.1106
0685,2012,0.117
0685,2013,0.1224
0685,2014,0.12989999
0685,2015,0.13940001
0685,2016,0.1398
0685,2017,0.14129999
0685,2018,0.1471
0685,2019,0.15000001
0685,2020,0.1514
0685,2021,0.1567
0685,2022,0.1585
0685,2023,0.16249999
0685,2024,0.16329999
0685,2025,0.16599999
0686,2006,0.102
0686,2007,0.1115
0686,2008,0.113
0686,2009,0.1195
0686,2010,0.1217
0686,2011,0.1245
0686,2012,0.12980001
0686,2013,0.1382
0686,2014,0.1358
0686,2015,0.1444
0686,2016,0.1472
0686,2017,0.1432
0686,2018,0.1498
0686,2019,0.15350001
0686,2020,0.15449999
0686,2021,0.1602
0686,2022,0.1657
0686,2023,0.1654
0686,2024,0.17020001
0686,2025,0.17829999
0687,2006,0.114
0687,2007,0.1165
0687,2008,0.1167
0687,2009,0.1213
0687,2010,0.1217
0687,2011,0.1277
0687,2012,0.1279
0687,2013,0.12819999
0687,2014,0.13169999
0687,2015,0.1371
0687,2016,0.1401
0687,2017,0.1374
0687,2018,0.1397
0687,2019,0.1371
0687,2020,0.14669999
0687,2021,0.1538
0687,2022,0.16150001
0687,2023,0.1652
0687,2024,0.168
0687,2025,0.1771
0760,2006,0.1112
0760,2007,0.1093
0760,2008,0.1013
0760,2009,0.1093
0760,2010,0.1154
0760,2011,0.1219
0760,2012,0.1251
0760,2013,0.1279
0760,2014,0.1353
0760,2015,0.1376
0760,2016,0.13259999
0760,2017,0.1319
0760,2018,0.1358
0760,2019,0.13789999
0760,2020,0.13680001
0760,2021,0.1453
0760,2022,0.14579999
0760,2023,0.15369999
0760,2024,0.1657
0760,2025,0.171
0761,2006,0.12980001
0761,2007,0.1277
0761,2008,0.1185
0761,2009,0.1151
0761,2010,0.1194
0761,2011,0.12720001
0761,2012,0.133
0761,2013,0.13330001
0761,2014,0.13609999
0761,2015,0.13510001
0761,2016,0.13169999
0761,2017,0.13169999
0761,2018,0.1329
0761,2019,0.13850001
0761,2020,0.14579999
0761,2021,0.153
0761,2022,0.1584
0761,2023,0.1648
0761,2024,0.16060001
0761,2025,0.15809999
0763,2006,0.1115
0763,2007,0.1139
0763,2008,0.114
0763,2009,0.1155
0763,2010,0.1172
0763,2011,0.1225
0763,2012,0.1212
0763,2013,0.1233
0763,2014,0.126
0763,2015,0.13510001
0763,2016,0.13240001
0763,2017,0.1346
0763,2018,0.14139999
0763,2019,0.14669999
0763,2020,0.1435
0763,2021,0.15000001
0763,2022,0.1538
0763,2023,0.1557
0763,2024,0.1592
0763,2025,0.164
0764,2006,0.1
0764,2007,0.1003
0764,2008,0.1065
0764,2009,0.11
0764,2010,0.1109
0764,2011,0.1099
0764,2012,0.1146
0764,2013,0.1118
0764,2014,0.1145
0764,2015,0.1199
0764,2016,0.1227
0764,2017,0.127
0764,2018,0.1279
0764,2019,0.1338
0764,2020,0.13510001
0764,2021,0.1348
0764,2022,0.1358
0764,2023,0.14030001
0764,2024,0.1434
0764,2025,0.1551
0765,2006,0.098700002
0765,2007,0.097900003
0765,2008,0.1007
0765,2009,0.098999999
0765,2010,0.101
0765,2011,0.105
0765,2012,0.1024
0765,2013,0.1062
0765,2014,0.1066
0765,2015,0.1085
0765,2016,0.1048
0765,2017,0.1069
0765,2018,0.1106
0765,2019,0.1142
0765,2020,0.1108
0765,2021,0.1207
0765,2022,0.1216
0765,2023,0.1246
0765,2024,0.1259
0765,2025,0.1288
0767,2006,0.1066
0767,2007,0.1102
0767,2008,0.1049
0767,2009,0.1066
0767,2010,0.1094
0767,2011,0.1191
0767,2012,0.1239
0767,2013,0.1261
0767,2014,0.1309
0767,2015,0.13600001
0767,2016,0.12909999
0767,2017,0.13410001
0767,2018,0.13169999
0767,2019,0.133
0767,2020,0.1303
0767,2021,0.1373
0767,2022,0.1454
0767,2023,0.1573
0767,2024,0.16779999
0767,2025,0.1781
0780,2006,0.1066
0780,2007,0.1092
0780,2008,0.1074
0780,2009,0.1048
0780,2010,0.1061
0780,2011,0.1077
0780,2012,0.1096
0780,2013,0.1122
0780,2014,0.1162
0780,2015,0.1197
0780,2016,0.1217
0780,2017,0.1222
0780,2018,0.1244
0780,2019,0.12530001
0780,2020,0.1279
0780,2021,0.1346
0780,2022,0.13779999
0780,2023,0.142
0780,2024,0.14740001
0780,2025,0.1485
0781,2006,0.1032
0781,2007,0.1002
0781,2008,0.1044
0781,2009,0.1033
0781,2010,0.1099
0781,2011,0.1138
0781,2012,0.1168
0781,2013,0.1172
0781,2014,0.1252
0781,2015,0.12630001
0781,2016,0.12729999
0781,2017,0.1237
0781,2018,0.1266
0781,2019,0.13070001
0781,2020,0.1337
0781,2021,0.1382
0781,2022,0.14129999
0781,2023,0.14740001
0781,2024,0.1549
0781,2025,0.15989999
0821,2006,0.1069
0821,2007,0.1162
0821,2008,0.1177
0821,2009,0.1049
0821,2010,0.1124
0821,2011,0.1131
0821,2012,0.1171
0821,2013,0.1119
0821,2014,0.1098
0821,2015,0.1124
0821,2016,0.1028
0821,2017,0.1025
0821,2018,0.104
0821,2019,0.1112
0821,2020,0.1132
0821,2021,0.1175
0821,2022,0.1246
0821,2023,0.1274
0821,2024,0.1375
0821,2025,0.1376
0834,2006,0.087399997
0834,2007,0.095399998
0834,2008,0.098099999
0834,2009,0.0986
0834,2010,0.1115
0834,2011,0.1029
0834,2012,0.1157
0834,2013,0.1166
0834,2014,0.1265
0834,2015,0.1248
0834,2016,0.1234
0834,2017,0.1183
0834,2018,0.1241
0834,2019,0.1314
0834,2020,0.1312
0834,2021,0.13779999
0834,2022,0.1381
0834,2023,0.1473
0834,2024,0.1464
0834,2025,0.1578
0840,2006,0.088200003
0840,2007,0.091600001
0840,2008,0.094700001
0840,2009,0.093500003
0840,2010,0.092600003
0840,2011,0.0911
0840,2012,0.092799999
0840,2013,0.097000003
0840,2014,0.1006
0840,2015,0.1043
0840,2016,0.1102
0840,2017,0.112
0840,2018,0.1173
0840,2019,0.1197
0840,2020,0.1239
0840,2021,0.12800001
0840,2022,0.13869999
0840,2023,0.14309999
0840,2024,0.1505
0840,2025,0.1567
0860,2006,0.1109
0860,2007,0.1149
0860,2008,0.1187
0860,2009,0.1178
0860,2010,0.1148
0860,2011,0.1134
0860,2012,0.119
0860,2013,0.12
0860,2014,0.1268
0860,2015,0.13240001
0860,2016,0.1279
0860,2017,0.127
0860,2018,0.12890001
0860,2019,0.1374
0860,2020,0.1363
0860,2021,0.13330001
0860,2022,0.1382
0860,2023,0.14399999
0860,2024,0.1503
0860,2025,0.1499
0861,2006,0.090400003
0861,2007,0.088600002
0861,2008,0.091399997
0861,2009,0.098700002
0861,2010,0.095600002
0861,2011,0.098800004
0861,2012,0.1029
0861,2013,0.109
0861,2014,0.1101
0861,2015,0.1085
0861,2016,0.1146
0861,2017,0.1155
0861,2018,0.1186
0861,2019,0.1241
0861,2020,0.1274
0861,2021,0.13850001
0861,2022,0.14380001
0861,2023,0.15000001
0861,2024,0.15260001
0861,2025,0.1569
0862,2006,0.083499998
0862,2007,0.0867
0862,2008,0.085000001
0862,2009,0.086900003
0862,2010,0.086999997
0862,2011,0.092299998
0862,2012,0.093800001
0862,2013,0.097400002
0862,2014,0.1027
0862,2015,0.1075
0862,2016,0.1113
0862,2017,0.1105
0862,2018,0.1161
0862,2019,0.1197
0862,2020,0.1311
0862,2021,0.13150001
0862,2022,0.13410001
0862,2023,0.1388
0862,2024,0.13940001
0862,2025,0.1397
0880,2006,0.098499998
0880,2007,0.0973
0880,2008,0.097999997
0880,2009,0.096500002
0880,2010,0.1001
0880,2011,0.1026
0880,2012,0.1041
0880,2013,0.1067
0880,2014,0.1138
0880,2015,0.117
0880,2016,0.1222
0880,2017,0.1226
0880,2018,0.1235
0880,2019,0.1283
0880,2020,0.1302
0880,2021,0.13689999
0880,2022,0.1435
0880,2023,0.15109999
0880,2024,0.154
0880,2025,0.1548
0881,2006,0.0942
0881,2007,0.095200002
0881,2008,0.097599998
0881,2009,0.096799999
0881,2010,0.1047
0881,2011,0.1091
0881,2012,0.1104
0881,2013,0.1112
0881,2014,0.1164
0881,2015,0.1239
0881,2016,0.1203
0881,2017,0.1219
0881,2018,0.12819999
0881,2019,0.13609999
0881,2020,0.1407
0881,2021,0.1451
0881,2022,0.1538
0881,2023,0.1583
0881,2024,0.16689999
0881,2025,0.1653
0882,2006,0.0902
0882,2007,0.090000004
0882,2008,0.0902
0882,2009,0.093199998
0882,2010,0.096000001
0882,2011,0.097999997
0882,2012,0.1003
0882,2013,0.1048
0882,2014,0.1109
0882,2015,0.1167
0882,2016,0.1198
0882,2017,0.12639999
0882,2018,0.1218
0882,2019,0.1259
0882,2020,0.12800001
0882,2021,0.1313
0882,2022,0.1399
0882,2023,0.146
0882,2024,0.1515
0882,2025,0.1506
0883,2006,0.1007
0883,2007,0.1049
0883,2008,0.1046
0883,2009,0.1056
0883,2010,0.1103
0883,2011,0.1122
0883,2012,0.1176
0883,2013,0.1224
0883,2014,0.1249
0883,2015,0.12710001
0883,2016,0.13249999
0883,2017,0.1338
0883,2018,0.1347
0883,2019,0.1384
0883,2020,0.1398
0883,2021,0.14390001
0883,2022,0.15099999
0883,2023,0.153
0883,2024,0.1567
0883,2025,0.15710001
0884,2006,0.098800004
0884,2007,0.094899997
0884,2008,0.094599999
0884,2009,0.095700003
0884,2010,0.096299998
0884,2011,0.099799998
0884,2012,0.1028
0884,2013,0.1044
0884,2014,0.1067
0884,2015,0.1091
0884,2016,0.1105
0884,2017,0.1138
0884,2018,0.1162
0884,2019,0.1222
0884,2020,0.1219
0884,2021,0.1261
0884,2022,0.1322
0884,2023,0.1358
0884,2024,0.13779999
0884,2025,0.1393
0885,2006,0.093099996
0885,2007,0.092399999
0885,2008,0.093500003
0885,2009,0.094300002
0885,2010,0.093099996
0885,2011,0.092500001
0885,2012,0.093800001
0885,2013,0.1066
0885,2014,0.1091
0885,2015,0.1103
0885,2016,0.1106
0885,2017,0.1071
0885,2018,0.1164
0885,2019,0.1206
0885,2020,0.12970001
0885,2021,0.1398
0885,2022,0.1513
0885,2023,0.1592
0885,2024,0.1683
0885,2025,0.1762
0980,2006,0.083800003
0980,2007,0.088399999
0980,2008,0.094300002
0980,2009,0.095200002
0980,2010,0.096799999
0980,2011,0.1039
0980,2012,0.1085
0980,2013,0.1153
0980,2014,0.1215
0980,2015,0.12809999
0980,2016,0.12899999
0980,2017,0.13259999
0980,2018,0.13770001
0980,2019,0.14489999
0980,2020,0.14839999
0980,2021,0.1541
0980,2022,0.16249999
0980,2023,0.16779999
0980,2024,0.1709
0980,2025,0.1754
1060,2006,0.083800003
1060,2007,0.082900003
1060,2008,0.088200003
1060,2009,0.085100003
1060,2010,0.087800004
1060,2011,0.095399998
1060,2012,0.1
1060,2013,0.1057
1060,2014,0.1121
1060,2015,0.1145
1060,2016,0.1209
1060,2017,0.1217
1060,2018,0.1212
1060,2019,0.1244
1060,2020,0.12989999
1060,2021,0.1426
1060,2022,0.14650001
1060,2023,0.14910001
1060,2024,0.1513
1060,2025,0.155
1080,2006,0.098700002
1080,2007,0.1004
1080,2008,0.0999
1080,2009,0.0995
1080,2010,0.1005
1080,2011,0.1052
1080,2012,0.1058
1080,2013,0.1075
1080,2014,0.1143
1080,2015,0.1203
1080,2016,0.12530001
1080,2017,0.1288
1080,2018,0.13429999
1080,2019,0.1365
1080,2020,0.138
1080,2021,0.14390001
1080,2022,0.1508
1080,2023,0.1568
1080,2024,0.16159999
1080,2025,0.1666
1081,2006,0.1043
1081,2007,0.105
1081,2008,0.1105
1081,2009,0.1112
1081,2010,0.1179
1081,2011,0.1186
1081,2012,0.1207
1081,2013,0.1205
1081,2014,0.1261
1081,2015,0.12530001
1081,2016,0.1278
1081,2017,0.1304
1081,2018,0.1304
1081,2019,0.1318
1081,2020,0.14049999
1081,2021,0.14380001
1081,2022,0.1515
1081,2023,0.15620001
1081,2024,0.16339999
1081,2025,0.17039999
1082,2006,0.093699999
1082,2007,0.091499999
1082,2008,0.093599997
1082,2009,0.094300002
1082,2010,0.097800002
1082,2011,0.1037
1082,2012,0.1054
1082,2013,0.1106
1082,2014,0.1159
1082,2015,0.1205
1082,2016,0.1244
1082,2017,0.125
1082,2018,0.1313
1082,2019,0.13680001
1082,2020,0.13770001
1082,2021,0.142
1082,2022,0.15270001
1082,2023,0.16159999
1082,2024,0.1663
1082,2025,0.1672
1083,2006,0.098999999
1083,2007,0.098700002
1083,2008,0.098999999
1083,2009,0.099799998
1083,2010,0.1021
1083,2011,0.108
1083,2012,0.1146
1083,2013,0.118
1083,2014,0.1246
1083,2015,0.13259999
1083,2016,0.1355
1083,2017,0.13770001
1083,2018,0.1318
1083,2019,0.1372
1083,2020,0.1401
1083,2021,0.1462
1083,2022,0.14830001
1083,2023,0.1583
1083,2024,0.1655
1083,2025,0.1628
1214,2006,0.0933
1214,2007,0.085699998
1214,2008,0.083400004
1214,2009,0.088200003
1214,2010,0.089199997
1214,2011,0.093599997
1214,2012,0.096600004
1214,2013,0.1031
1214,2014,0.1032
1214,2015,0.109
1214,2016,0.1175
1214,2017,0.1169
1214,2018,0.1184
1214,2019,0.1286
1214,2020,0.1234
1214,2021,0.1258
1214,2022,0.1371
1214,2023,0.1424
1214,2024,0.1446
1214,2025,0.1426
1230,2006,0.099299997
1230,2007,0.101
1230,2008,0.0995
1230,2009,0.0986
1230,2010,0.0995
1230,2011,0.1021
1230,2012,0.1067
1230,2013,0.1102
1230,2014,0.1129
1230,2015,0.1179
1230,2016,0.1201
1230,2017,0.122
1230,2018,0.1226
1230,2019,0.1231
1230,2020,0.1244
1230,2021,0.13330001
1230,2022,0.1389
1230,2023,0.146
1230,2024,0.14300001
1230,2025,0.146
1231,2006,0.0977
1231,2007,0.097199999
1231,2008,0.097199999
1231,2009,0.096799999
1231,2010,0.098700002
1231,2011,0.1027
1231,2012,0.1095
1231,2013,0.1147
1231,2014,0.1153
1231,2015,0.1159
1231,2016,0.1105
1231,2017,0.11
1231,2018,0.1117
1231,2019,0.1167
1231,2020,0.1228
1231,2021,0.1219
1231,2022,0.1278
1231,2023,0.1287
1231,2024,0.13429999
1231,2025,0.1373
1233,2006,0.095700003
1233,2007,0.098099999
1233,2008,0.0955
1233,2009,0.093199998
1233,2010,0.090400003
1233,2011,0.093999997
1233,2012,0.097800002
1233,2013,0.099100001
1233,2014,0.1038
1233,2015,0.106
1233,2016,0.1035
1233,2017,0.1067
1233,2018,0.1061
1233,2019,0.108
1233,2020,0.112
1233,2021,0.1137
1233,2022,0.1209
1233,2023,0.1248
1233,2024,0.12710001
1233,2025,0.1301
1256,2006,0.1066
1256,2007,0.112
1256,2008,0.1166
1256,2009,0.1151
1256,2010,0.119
1256,2011,0.1219
1256,2012,0.1202
1256,2013,0.12909999
1256,2014,0.1285
1256,2015,0.1301
1256,2016,0.13410001
1256,2017,0.1356
1256,2018,0.13500001
1256,2019,0.1419
1256,2020,0.14219999
1256,2021,0.1494
1256,2022,0.15800001
1256,2023,0.1653
1256,2024,0.16590001
1256,2025,0.1719
1257,2006,0.096299998
1257,2007,0.089000002
1257,2008,0.092900001
1257,2009,0.091200002
1257,2010,0.096600004
1257,2011,0.096699998
1257,2012,0.1027
1257,2013,0.1086
1257,2014,0.1132
1257,2015,0.1181
1257,2016,0.1234
1257,2017,0.13429999
1257,2018,0.13429999
1257,2019,0.14380001
1257,2020,0.1471
1257,2021,0.1529
1257,2022,0.1547
1257,2023,0.1575
1257,2024,0.1652
1257,2025,0.16859999
1260,2006,0.092299998
1260,2007,0.090000004
1260,2008,0.088600002
1260,2009,0.087499999
1260,2010,0.089400001
1260,2011,0.097400002
1260,2012,0.1109
1260,2013,0.1108
1260,2014,0.1119
1260,2015,0.1245
1260,2016,0.1218
1260,2017,0.1221
1260,2018,0.1229
1260,2019,0.12710001
1260,2020,0.1349
1260,2021,0.1376
1260,2022,0.139
1260,2023,0.1416
1260,2024,0.1471
1260,2025,0.1419
1261,2006,0.099399999
1261,2007,0.1008
1261,2008,0.1032
1261,2009,0.1
1261,2010,0.1056
1261,2011,0.1062
1261,2012,0.1112
1261,2013,0.1151
1261,2014,0.1216
1261,2015,0.1247
1261,2016,0.1259
1261,2017,0.1275
1261,2018,0.1284
1261,2019,0.1328
1261,2020,0.1346
1261,2021,0.14229999
1261,2022,0.14669999
1261,2023,0.1497
1261,2024,0.1552
1261,2025,0.15719999
1262,2006,0.093500003
1262,2007,0.091799997
1262,2008,0.091399997
1262,2009,0.092799999
1262,2010,0.094800003
1262,2011,0.097499996
1262,2012,0.097999997
1262,2013,0.1012
1262,2014,0.1044
1262,2015,0.1101
1262,2016,0.1092
1262,2017,0.1147
1262,2018,0.1153
1262,2019,0.1181
1262,2020,0.1163
1262,2021,0.125
1262,2022,0.1309
1262,2023,0.1327
1262,2024,0.1346
1262,2025,0.1376
1263,2006,0.0995
1263,2007,0.0977
1263,2008,0.089299999
1263,2009,0.089900002
1263,2010,0.092
1263,2011,0.095899999
1263,2012,0.096799999
1263,2013,0.1031
1263,2014,0.1055
1263,2015,0.1118
1263,2016,0.1119
1263,2017,0.1157
1263,2018,0.1211
1263,2019,0.1249
1263,2020,0.1277
1263,2021,0.12710001
1263,2022,0.133
1263,2023,0.1318
1263,2024,0.1393
1263,2025,0.1441
1264,2006,0.1075
1264,2007,0.1032
1264,2008,0.106
1264,2009,0.1059
1264,2010,0.1058
1264,2011,0.1131
1264,2012,0.1151
1264,2013,0.1161
1264,2014,0.1232
1264,2015,0.1276
1264,2016,0.1285
1264,2017,0.127
1264,2018,0.131
1264,2019,0.1344
1264,2020,0.13169999
1264,2021,0.13519999
1264,2022,0.1452
1264,2023,0.14839999
1264,2024,0.1548
1264,2025,0.16069999
1265,2006,0.1035
1265,2007,0.1022
1265,2008,0.1023
1265,2009,0.1039
1265,2010,0.1032
1265,2011,0.1115
1265,2012,0.1162
1265,2013,0.1139
1265,2014,0.1192
1265,2015,0.12909999
1265,2016,0.1353
1265,2017,0.1452
1265,2018,0.14669999
1265,2019,0.1503
1265,2020,0.1548
1265,2021,0.1523
1265,2022,0.153
1265,2023,0.1543
1265,2024,0.1556
1265,2025,0.16069999
1266,2006,0.1005
1266,2007,0.1054
1266,2008,0.1057
1266,2009,0.1065
1266,2010,0.1123
1266,2011,0.1195
1266,2012,0.1227
1266,2013,0.12630001
1266,2014,0.12970001
1266,2015,0.1295
1266,2016,0.13410001
1266,2017,0.13500001
1266,2018,0.13590001
1266,2019,0.13779999
1266,2020,0.1409
1266,2021,0.1468
1266,2022,0.1559
1266,2023,0.1567
1266,2024,0.1584
1266,2025,0.16069999
1267,2006,0.1058
1267,2007,0.1004
1267,2008,0.1016
1267,2009,0.1061
1267,2010,0.105
1267,2011,0.1123
1267,2012,0.1163
1267,2013,0.1205
1267,2014,0.1233
1267,2015,0.1301
1267,2016,0.1347
1267,2017,0.1323
1267,2018,0.1319
1267,2019,0.1354
1267,2020,0.13699999
1267,2021,0.14120001
1267,2022,0.15009999
1267,2023,0.1556
1267,2024,0.1558
1267,2025,0.15970001
1270,2006,0.1174
1270,2007,0.12
1270,2008,0.1196
1270,2009,0.1164
1270,2010,0.115
1270,2011,0.1226
1270,2012,0.1233
1270,2013,0.1249
1270,2014,0.1318
1270,2015,0.1362
1270,2016,0.14030001
1270,2017,0.1452
1270,2018,0.14650001
1270,2019,0.1471
1270,2020,0.1477
1270,2021,0.1539
1270,2022,0.1547
1270,2023,0.1565
1270,2024,0.1592
1270,2025,0.16670001
1272,2006,0.098999999
1272,2007,0.1067
1272,2008,0.104
1272,2009,0.102
1272,2010,0.1046
1272,2011,0.1105
1272,2012,0.1155
1272,2013,0.1192
1272,2014,0.1215
1272,2015,0.1225
1272,2016,0.1284
1272,2017,0.1374
1272,2018,0.1375
1272,2019,0.13680001
1272,2020,0.13869999
1272,2021,0.146
1272,2022,0.1573
1272,2023,0.1586
1272,2024,0.16329999
1272,2025,0.1647
1273,2006,0.095399998
1273,2007,0.088500001
1273,2008,0.0977
1273,2009,0.1059
1273,2010,0.1025
1273,2011,0.1003
1273,2012,0.1065
1273,2013,0.1081
1273,2014,0.1137
1273,2015,0.1163
1273,2016,0.1166
1273,2017,0.1224
1273,2018,0.1239
1273,2019,0.1329
1273,2020,0.1383
1273,2021,0.14139999
1273,2022,0.1461
1273,2023,0.1497
1273,2024,0.1576
1273,2025,0.1586
1275,2006,0.096100003
1275,2007,0.1023
1275,2008,0.1
1275,2009,0.093599997
1275,2010,0.096699998
1275,2011,0.094899997
1275,2012,0.099399999
1275,2013,0.1026
1275,2014,0.1107
1275,2015,0.1119
1275,2016,0.1128
1275,2017,0.1122
1275,2018,0.1129
1275,2019,0.119
1275,2020,0.122
1275,2021,0.1292
1275,2022,0.126
1275,2023,0.1338
1275,2024,0.1344
1275,2025,0.14139999
1276,2006,0.090000004
1276,2007,0.090999998
1276,2008,0.090599999
1276,2009,0.094999999
1276,2010,0.1023
1276,2011,0.1057
1276,2012,0.1111
1276,2013,0.1176
1276,2014,0.1173
1276,2015,0.1198
1276,2016,0.124
1276,2017,0.1267
1276,2018,0.12899999
1276,2019,0.1303
1276,2020,0.1327
1276,2021,0.13860001
1276,2022,0.1428
1276,2023,0.1489
1276,2024,0.1522
1276,2025,0.16
1277,2006,0.079700001
1277,2007,0.0814
1277,2008,0.085500002
1277,2009,0.084200002
1277,2010,0.088299997
1277,2011,0.094899997
1277,2012,0.1009
1277,2013,0.1062
1277,2014,0.1074
1277,2015,0.1115
1277,2016,0.114
1277,2017,0.114
1277,2018,0.1155
1277,2019,0.1205
1277,2020,0.1158
1277,2021,0.1193
1277,2022,0.1226
1277,2023,0.1206
1277,2024,0.1243
1277,2025,0.12729999
1278,2006,0.088299997
1278,2007,0.093000002
1278,2008,0.090099998
1278,2009,0.090000004
1278,2010,0.088600002
1278,2011,0.0986
1278,2012,0.098899998
1278,2013,0.1079
1278,2014,0.1125
1278,2015,0.1217
1278,2016,0.1278
1278,2017,0.12620001
1278,2018,0.1292
1278,2019,0.127
1278,2020,0.12970001
1278,2021,0.13519999
1278,2022,0.1441
1278,2023,0.1485
1278,2024,0.1525
1278,2025,0.1512
1280,2006,0.1035
1280,2007,0.1032
1280,2008,0.1009
1280,2009,0.098399997
1280,2010,0.099100001
1280,2011,0.099100001
1280,2012,0.1007
1280,2013,0.102
1280,2014,0.1041
1280,2015,0.1078
1280,2016,0.1079
1280,2017,0.1092
1280,2018,0.111
1280,2019,0.1144
1280,2020,0.1149
1280,2021,0.1185
1280,2022,0.1219
1280,2023,0.1256
1280,2024,0.12809999
1280,2025,0.12970001
1281,2006,0.108
1281,2007,0.1087
1281,2008,0.1088
1281,2009,0.1078
1281,2010,0.11
1281,2011,0.114
1281,2012,0.1159
1281,2013,0.1175
1281,2014,0.1204
1281,2015,0.12620001
1281,2016,0.1267
1281,2017,0.1295
1281,2018,0.1323
1281,2019,0.1329
1281,2020,0.1353
1281,2021,0.1393
1281,2022,0.14300001
1281,2023,0.14650001
1281,2024,0.14749999
1281,2025,0.14929999
1282,2006,0.1084
1282,2007,0.1083
1282,2008,0.1072
1282,2009,0.103
1282,2010,0.1022
1282,2011,0.1067
1282,2012,0.11
1282,2013,0.1103
1282,2014,0.1133
1282,2015,0.1149
1282,2016,0.1137
1282,2017,0.1163
1282,2018,0.1189
1282,2019,0.121
1282,2020,0.1267
1282,2021,0.1331
1282,2022,0.1375
1282,2023,0.1407
1282,2024,0.1445
1282,2025,0.14910001
1283,2006,0.098999999
1283,2007,0.098499998
1283,2008,0.099200003
1283,2009,0.097599998
1283,2010,0.098999999
1283,2011,0.1026
1283,2012,0.1031
1283,2013,0.1055
1283,2014,0.1097
1283,2015,0.1113
1283,2016,0.1116
1283,2017,0.1156
1283,2018,0.1158
1283,2019,0.1191
1283,2020,0.1213
1283,2021,0.1265
1283,2022,0.1311
1283,2023,0.1338
1283,2024,0.1357
1283,2025,0.13689999
1284,2006,0.106
1284,2007,0.1025
1284,2008,0.098499998
1284,2009,0.097900003
1284,2010,0.098800004
1284,2011,0.1026
1284,2012,0.106
1284,2013,0.108
1284,2014,0.1125
1284,2015,0.1149
1284,2016,0.1164
1284,2017,0.1211
1284,2018,0.1247
1284,2019,0.1279
1284,2020,0.1287
1284,2021,0.1346
1284,2022,0.13600001
1284,2023,0.1416
1284,2024,0.14380001
1284,2025,0.1469
1285,2006,0.094700001
1285,2007,0.1008
1285,2008,0.104
1285,2009,0.1064
1285,2010,0.1051
1285,2011,0.1117
1285,2012,0.1175
1285,2013,0.1226
1285,2014,0.1279
1285,2015,0.1303
1285,2016,0.1348
1285,2017,0.13339999
1285,2018,0.1357
1285,2019,0.1367
1285,2020,0.1383
1285,2021,0.14040001
1285,2022,0.1451
1285,2023,0.149
1285,2024,0.14740001
1285,2025,0.1496
1286,2006,0.1151
1286,2007,0.1178
1286,2008,0.1176
1286,2009,0.1175
1286,2010,0.1243
1286,2011,0.12710001
1286,2012,0.13259999
1286,2013,0.1349
1286,2014,0.13779999
1286,2015,0.1384
1286,2016,0.1365
1286,2017,0.1364
1286,2018,0.13500001
1286,2019,0.1398
1286,2020,0.1408
1286,2021,0.14030001
1286,2022,0.1434
1286,2023,0.1481
1286,2024,0.1541
1286,2025,0.15970001
1287,2006,0.1102
1287,2007,0.1158
1287,2008,0.1158
1287,2009,0.1124
1287,2010,0.1127
1287,2011,0.1178
1287,2012,0.1202
1287,2013,0.1219
1287,2014,0.1266
1287,2015,0.13259999
1287,2016,0.13240001
1287,2017,0.1372
1287,2018,0.1432
1287,2019,0.1442
1287,2020,0.1425
1287,2021,0.14309999
1287,2022,0.14650001
1287,2023,0.15000001
1287,2024,0.15449999
1287,2025,0.1551
1290,2006,0.104
1290,2007,0.1066
1290,2008,0.1069
1290,2009,0.1081
1290,2010,0.1087
1290,2011,0.1132
1290,2012,0.114
1290,2013,0.1181
1290,2014,0.1229
1290,2015,0.12620001
1290,2016,0.12909999
1290,2017,0.1314
1290,2018,0.1346
1290,2019,0.1374
1290,2020,0.14
1290,2021,0.14300001
1290,2022,0.14669999
1290,2023,0.15009999
1290,2024,0.15279999
1290,2025,0.1568
1291,2006,0.1217
1291,2007,0.1261
1291,2008,0.1248
1291,2009,0.12549999
1291,2010,0.13150001
1291,2011,0.13789999
1291,2012,0.1345
1291,2013,0.14049999
1291,2014,0.1463
1291,2015,0.15099999
1291,2016,0.1503
1291,2017,0.14579999
1291,2018,0.1446
1291,2019,0.1425
1291,2020,0.1472
1291,2021,0.1552
1291,2022,0.1584
1291,2023,0.1603
1291,2024,0.1649
1291,2025,0.16599999
1292,2006,0.085299999
1292,2007,0.087300003
1292,2008,0.088200003
1292,2009,0.089400001
1292,2010,0.088100001
1292,2011,0.0911
1292,2012,0.095899999
1292,2013,0.1009
1292,2014,0.1056
1292,2015,0.1121
1292,2016,0.116
1292,2017,0.1172
1292,2018,0.1223
1292,2019,0.127
1292,2020,0.1296
1292,2021,0.1286
1292,2022,0.1384
1292,2023,0.1419
1292,2024,0.149
1292,2025,0.14929999
1293,2006,0.1003
1293,2007,0.1012
1293,2008,0.1009
1293,2009,0.1005
1293,2010,0.1052
1293,2011,0.1063
1293,2012,0.1082
1293,2013,0.1148
1293,2014,0.1205
1293,2015,0.1233
1293,2016,0.1279
1293,2017,0.131
1293,2018,0.1336
1293,2019,0.1366
1293,2020,0.139
1293,2021,0.14129999
1293,2022,0.1471
1293,2023,0.15099999
1293,2024,0.15360001
1293,2025,0.15880001
1315,2006,0.097999997
1315,2007,0.097099997
1315,2008,0.1027
1315,2009,0.096900001
1315,2010,0.099299997
1315,2011,0.095299996
1315,2012,0.091899998
1315,2013,0.1007
1315,2014,0.1001
1315,2015,0.1056
1315,2016,0.099100001
1315,2017,0.1006
1315,2018,0.1051
1315,2019,0.109
1315,2020,0.1233
1315,2021,0.1261
1315,2022,0.13060001
1315,2023,0.131
1315,2024,0.14040001
1315,2025,0.1437
1380,2006,0.1035
1380,2007,0.1045
1380,2008,0.1048
1380,2009,0.1043
1380,2010,0.1062
1380,2011,0.1104
1380,2012,0.1107
1380,2013,0.111
1380,2014,0.1159
1380,2015,0.1221
1380,2016,0.1239
1380,2017,0.1247
1380,2018,0.12639999
1380,2019,0.12989999
1380,2020,0.1312
1380,2021,0.1337
1380,2022,0.14049999
1380,2023,0.1445
1380,2024,0.14830001
1380,2025,0.1494
1381,2006,0.088
1381,2007,0.0902
1381,2008,0.089400001
1381,2009,0.089900002
1381,2010,0.0955
1381,2011,0.097099997
1381,2012,0.097400002
1381,2013,0.1002
1381,2014,0.1102
1381,2015,0.1088
1381,2016,0.1164
1381,2017,0.118
1381,2018,0.1169
1381,2019,0.1234
1381,2020,0.1296
1381,2021,0.1312
1381,2022,0.1382
1381,2023,0.1418
1381,2024,0.1429
1381,2025,0.1435
1382,2006,0.101
1382,2007,0.1021
1382,2008,0.103
1382,2009,0.1033
1382,2010,0.1035
1382,2011,0.1055
1382,2012,0.1073
1382,2013,0.1091
1382,2014,0.1188
1382,2015,0.1221
1382,2016,0.1158
1382,2017,0.1171
1382,2018,0.1186
1382,2019,0.1219
1382,2020,0.1245
1382,2021,0.1283
1382,2022,0.1353
1382,2023,0.1357
1382,2024,0.1392
1382,2025,0.14
1383,2006,0.1074
1383,2007,0.1103
1383,2008,0.1074
1383,2009,0.1048
1383,2010,0.1063
1383,2011,0.1098
1383,2012,0.1168
1383,2013,0.1198
1383,2014,0.1226
1383,2015,0.1227
1383,2016,0.1246
1383,2017,0.1301
1383,2018,0.1322
1383,2019,0.1353
1383,2020,0.13519999
1383,2021,0.1427
1383,2022,0.1473
1383,2023,0.15449999
1383,2024,0.1602
1383,2025,0.1612
1384,2006,0.1025
1384,2007,0.1036
1384,2008,0.102
1384,2009,0.1
1384,2010,0.1005
1384,2011,0.1049
1384,2012,0.1083
1384,2013,0.1114
1384,2014,0.1151
1384,2015,0.1232
1384,2016,0.124
1384,2017,0.1249
1384,2018,0.1287
1384,2019,0.132
1384,2020,0.1337
1384,2021,0.14210001
1384,2022,0.14560001
1384,2023,0.15109999
1384,2024,0.1567
1384,2025,0.15899999
1401,2006,0.1065
1401,2007,0.1038
1401,2008,0.1044
1401,2009,0.099600002
1401,2010,0.1024
1401,2011,0.1044
1401,2012,0.1068
1401,2013,0.1135
1401,2014,0.1159
1401,2015,0.1192
1401,2016,0.1222
1401,2017,0.1247
1401,2018,0.12630001
1401,2019,0.13150001
1401,2020,0.1329
1401,2021,0.1358
1401,2022,0.1402
1401,2023,0.1476
1401,2024,0.15109999
1401,2025,0.15270001
1402,2006,0.1111
1402,2007,0.1121
1402,2008,0.1101
1402,2009,0.1077
1402,2010,0.1099
1402,2011,0.1135
1402,2012,0.1165
1402,2013,0.119
1402,2014,0.125
1402,2015,0.125
1402,2016,0.12819999
1402,2017,0.12800001
1402,2018,0.13079999
1402,2019,0.1408
1402,2020,0.13789999
1402,2021,0.14390001
1402,2022,0.14659999
1402,2023,0.146
1402,2024,0.1487
1402,2025,0.154
1407,2006,0.1112
1407,2007,0.1172
1407,2008,0.1147
1407,2009,0.1128
1407,2010,0.1129
1407,2011,0.1169
1407,2012,0.1225
1407,2013,0.1212
1407,2014,0.126
1407,2015,0.13060001
1407,2016,0.13079999
1407,2017,0.1312
1407,2018,0.1363
1407,2019,0.14399999
1407,2020,0.15009999
1407,2021,0.15350001
1407,2022,0.167
1407,2023,0.18009999
1407,2024,0.1858
1407,2025,0.1877
1415,2006,0.1109
1415,2007,0.1111
1415,2008,0.1117
1415,2009,0.1112
1415,2010,0.1114
1415,2011,0.1132
1415,2012,0.1153
1415,2013,0.1182
1415,2014,0.1266
1415,2015,0.1245
1415,2016,0.1288
1415,2017,0.1285
1415,2018,0.1348
1415,2019,0.13860001
1415,2020,0.145
1415,2021,0.1496
1415,2022,0.1549
1415,2023,0.1592
1415,2024,0.1602
1415,2025,0.1673
1419,2006,0.1179
1419,2007,0.1184
1419,2008,0.1202
1419,2009,0.1203
1419,2010,0.1193
1419,2011,0.1183
1419,2012,0.1229
1419,2013,0.1245
1419,2014,0.13060001
1419,2015,0.1398
1419,2016,0.14390001
1419,2017,0.14129999
1419,2018,0.14030001
1419,2019,0.145
1419,2020,0.1459
1419,2021,0.149
1419,2022,0.1534
1419,2023,0.15620001
1419,2024,0.16230001
1419,2025,0.16230001
1421,2006,0.1136
1421,2007,0.1093
1421,2008,0.1094
1421,2009,0.1103
1421,2010,0.1099
1421,2011,0.1172
1421,2012,0.1214
1421,2013,0.1239
1421,2014,0.13060001
1421,2015,0.1354
1421,2016,0.1383
1421,2017,0.1427
1421,2018,0.1416
1421,2019,0.1477
1421,2020,0.147
1421,2021,0.15459999
1421,2022,0.1602
1421,2023,0.1652
1421,2024,0.1639
1421,2025,0.1662
1427,2006,0.13869999
1427,2007,0.1353
1427,2008,0.1374
1427,2009,0.1429
1427,2010,0.148
1427,2011,0.1575
1427,2012,0.1573
1427,2013,0.154
1427,2014,0.16150001
1427,2015,0.1681
1427,2016,0.1701
1427,2017,0.1724
1427,2018,0.17569999
1427,2019,0.1804
1427,2020,0.1726
1427,2021,0.17020001
1427,2022,0.1793
1427,2023,0.1839
1427,2024,0.1979
1427,2025,0.1987
1430,2006,0.1105
1430,2007,0.1116
1430,2008,0.1118
1430,2009,0.1097
1430,2010,0.1169
1430,2011,0.1185
1430,2012,0.1215
1430,2013,0.12980001
1430,2014,0.1348
1430,2015,0.13770001
1430,2016,0.1419
1430,2017,0.1517
1430,2018,0.15880001
1430,2019,0.1674
1430,2020,0.1691
1430,2021,0.16859999
1430,2022,0.1734
1430,2023,0.1772
1430,2024,0.1929
1430,2025,0.19220001
1435,2006,0.108
1435,2007,0.1099
1435,2008,0.1142
1435,2009,0.1174
1435,2010,0.1171
1435,2011,0.1231
1435,2012,0.13070001
1435,2013,0.1371
1435,2014,0.1353
1435,2015,0.1418
1435,2016,0.1429
1435,2017,0.1452
1435,2018,0.152
1435,2019,0.1568
1435,2020,0.16320001
1435,2021,0.1733
1435,2022,0.1741
1435,2023,0.17219999
1435,2024,0.1804
1435,2025,0.1893
1438,2006,0.1274
1438,2007,0.1226
1438,2008,0.12720001
1438,2009,0.1225
1438,2010,0.12549999
1438,2011,0.1197
1438,2012,0.1278
1438,2013,0.13060001
1438,2014,0.13850001
1438,2015,0.14139999
1438,2016,0.15539999
1438,2017,0.1549
1438,2018,0.16670001
1438,2019,0.17039999
1438,2020,0.18089999
1438,2021,0.1893
1438,2022,0.2025
1438,2023,0.2096
1438,2024,0.2128
1438,2025,0.2194
1439,2006,0.13869999
1439,2007,0.1374
1439,2008,0.1357
1439,2009,0.13869999
1439,2010,0.133
1439,2011,0.1355
1439,2012,0.1319
1439,2013,0.1295
1439,2014,0.1463
1439,2015,0.1479
1439,2016,0.1574
1439,2017,0.1604
1439,2018,0.1708
1439,2019,0.16159999
1439,2020,0.1696
1439,2021,0.1762
1439,2022,0.1851
1439,2023,0.1927
1439,2024,0.2008
1439,2025,0.2132
1440,2006,0.1151
1440,2007,0.1139
1440,2008,0.1092
1440,2009,0.1126
1440,2010,0.1145
1440,2011,0.1166
1440,2012,0.1182
1440,2013,0.1233
1440,2014,0.1248
1440,2015,0.13160001
1440,2016,0.13169999
1440,2017,0.13510001
1440,2018,0.13869999
1440,2019,0.14049999
1440,2020,0.14399999
1440,2021,0.148
1440,2022,0.15270001
1440,2023,0.1547
1440,2024,0.15629999
1440,2025,0.15790001
1441,2006,0.1032
1441,2007,0.1037
1441,2008,0.1026
1441,2009,0.1022
1441,2010,0.1058
1441,2011,0.1086
1441,2012,0.1081
1441,2013,0.1129
1441,2014,0.1172
1441,2015,0.1182
1441,2016,0.1218
1441,2017,0.1258
1441,2018,0.127
1441,2019,0.131
1441,2020,0.133
1441,2021,0.1354
1441,2022,0.1416
1441,2023,0.14740001
1441,2024,0.1531
1441,2025,0.1574
1442,2006,0.1016
1442,2007,0.1046
1442,2008,0.1113
1442,2009,0.1158
1442,2010,0.1079
1442,2011,0.1108
1442,2012,0.115
1442,2013,0.1174
1442,2014,0.1183
1442,2015,0.1275
1442,2016,0.13699999
1442,2017,0.13349999
1442,2018,0.1356
1442,2019,0.1312
1442,2020,0.13240001
1442,2021,0.14210001
1442,2022,0.14929999
1442,2023,0.15539999
1442,2024,0.15459999
1442,2025,0.15629999
1443,2006,0.093900003
1443,2007,0.098800004
1443,2008,0.099100001
1443,2009,0.098800004
1443,2010,0.095200002
1443,2011,0.1059
1443,2012,0.1103
1443,2013,0.1133
1443,2014,0.1167
1443,2015,0.1274
1443,2016,0.13590001
1443,2017,0.13150001
1443,2018,0.13500001
1443,2019,0.14
1443,2020,0.1453
1443,2021,0.1508
1443,2022,0.1517
1443,2023,0.15629999
1443,2024,0.1577
1443,2025,0.16329999
1444,2006,0.1054
1444,2007,0.1019
1444,2008,0.1162
1444,2009,0.1161
1444,2010,0.1163
1444,2011,0.1204
1444,2012,0.1176
1444,2013,0.1208
1444,2014,0.1235
1444,2015,0.1332
1444,2016,0.13259999
1444,2017,0.13689999
1444,2018,0.1366
1444,2019,0.1443
1444,2020,0.15180001
1444,2021,0.16159999
1444,2022,0.16850001
1444,2023,0.1798
1444,2024,0.175
1444,2025,0.18009999
1445,2006,0.109
1445,2007,0.1082
1445,2008,0.1008
1445,2009,0.1113
1445,2010,0.1106
1445,2011,0.1204
1445,2012,0.1167
1445,2013,0.115
1445,2014,0.1149
1445,2015,0.1183
1445,2016,0.12620001
1445,2017,0.13339999
1445,2018,0.1323
1445,2019,0.1367
1445,2020,0.1357
1445,2021,0.138
1445,2022,0.1524
1445,2023,0.15700001
1445,2024,0.1539
1445,2025,0.1673
1446,2006,0.115
1446,2007,0.1145
1446,2008,0.1135
1446,2009,0.1072
1446,2010,0.1089
1446,2011,0.1164
1446,2012,0.1135
1446,2013,0.116
1446,2014,0.127
1446,2015,0.12819999
1446,2016,0.1266
1446,2017,0.12710001
1446,2018,0.13259999
1446,2019,0.1373
1446,2020,0.1424
1446,2021,0.1552
1446,2022,0.1564
1446,2023,0.1699
1446,2024,0.18179999
1446,2025,0.17569999
1447,2006,0.1208
1447,2007,0.1251
1447,2008,0.1257
1447,2009,0.13429999
1447,2010,0.14650001
1447,2011,0.14820001
1447,2012,0.14830001
1447,2013,0.1552
1447,2014,0.1497
1447,2015,0.1517
1447,2016,0.145
1447,2017,0.1512
1447,2018,0.1557
1447,2019,0.16859999
1447,2020,0.1517
1447,2021,0.15880001
1447,2022,0.176
1447,2023,0.1665
1447,2024,0.16240001
1447,2025,0.1681
1452,2006,0.1022
1452,2007,0.102
1452,2008,0.098399997
1452,2009,0.098899998
1452,2010,0.092699997
1452,2011,0.096799999
1452,2012,0.1017
1452,2013,0.1042
1452,2014,0.105
1452,2015,0.1094
1452,2016,0.1104
1452,2017,0.1094
1452,2018,0.1198
1452,2019,0.1286
1452,2020,0.1311
1452,2021,0.1303
1452,2022,0.1388
1452,2023,0.1443
1452,2024,0.1451
1452,2025,0.14380001
1460,2006,0.1376
1460,2007,0.1337
1460,2008,0.1304
1460,2009,0.13410001
1460,2010,0.1383
1460,2011,0.1436
1460,2012,0.1472
1460,2013,0.1436
1460,2014,0.1539
1460,2015,0.15620001
1460,2016,0.1617
1460,2017,0.16060001
1460,2018,0.1635
1460,2019,0.1644
1460,2020,0.1744
1460,2021,0.1847
1460,2022,0.18449999
1460,2023,0.1899
1460,2024,0.1891
1460,2025,0.19320001
1461,2006,0.1286
1461,2007,0.12630001
1461,2008,0.12620001
1461,2009,0.12800001
1461,2010,0.131
1461,2011,0.1269
1461,2012,0.1293
1461,2013,0.13249999
1461,2014,0.1344
1461,2015,0.13689999
1461,2016,0.1376
1461,2017,0.1373
1461,2018,0.14
1461,2019,0.1429
1461,2020,0.1468
1461,2021,0.1495
1461,2022,0.1498
1461,2023,0.153
1461,2024,0.1567
1461,2025,0.15620001
1462,2006,0.1206
1462,2007,0.1155
1462,2008,0.1184
1462,2009,0.1218
1462,2010,0.12800001
1462,2011,0.123
1462,2012,0.127
1462,2013,0.1312
1462,2014,0.13429999
1462,2015,0.1355
1462,2016,0.139
1462,2017,0.1426
1462,2018,0.1388
1462,2019,0.1477
1462,2020,0.1524
1462,2021,0.15629999
1462,2022,0.1647
1462,2023,0.1666
1462,2024,0.1723
1462,2025,0.17820001
1463,2006,0.1117
1463,2007,0.1132
1463,2008,0.1083
1463,2009,0.1092
1463,2010,0.1102
1463,2011,0.1162
1463,2012,0.1231
1463,2013,0.1259
1463,2014,0.1312
1463,2015,0.1389
1463,2016,0.13699999
1463,2017,0.1375
1463,2018,0.13850001
1463,2019,0.1443
1463,2020,0.1444
1463,2021,0.1494
1463,2022,0.156
1463,2023,0.1639
1463,2024,0.1664
1463,2025,0.1697
1465,2006,0.097099997
1465,2007,0.1023
1465,2008,0.096000001
1465,2009,0.096600004
1465,2010,0.094700001
1465,2011,0.099200003
1465,2012,0.1023
1465,2013,0.1138
1465,2014,0.1152
1465,2015,0.1159
1465,2016,0.1108
1465,2017,0.1172
1465,2018,0.1179
1465,2019,0.123
1465,2020,0.1261
1465,2021,0.1311
1465,2022,0.1364
1465,2023,0.1434
1465,2024,0.154
1465,2025,0.15979999
1466,2006,0.1051
1466,2007,0.1012
1466,2008,0.1061
1466,2009,0.1062
1466,2010,0.1065
1466,2011,0.1099
1466,2012,0.1104
1466,2013,0.1204
1466,2014,0.1229
1466,2015,0.1218
1466,2016,0.1218
1466,2017,0.12639999
1466,2018,0.1265
1466,2019,0.13429999
1466,2020,0.1355
1466,2021,0.14300001
1466,2022,0.1542
1466,2023,0.15809999
1466,2024,0.1648
1466,2025,0.1701
1470,2006,0.1096
1470,2007,0.1116
1470,2008,0.1076
1470,2009,0.1137
1470,2010,0.1086
1470,2011,0.115
1470,2012,0.1187
1470,2013,0.1193
1470,2014,0.1248
1470,2015,0.1246
1470,2016,0.1238
1470,2017,0.1259
1470,2018,0.1339
1470,2019,0.1427
1470,2020,0.14669999
1470,2021,0.1443
1470,2022,0.15260001
1470,2023,0.15899999
1470,2024,0.1626
1470,2025,0.1645
1471,2006,0.094999999
1471,2007,0.1014
1471,2008,0.096699998
1471,2009,0.095299996
1471,2010,0.0977
1471,2011,0.1047
1471,2012,0.1065
1471,2013,0.1105
1471,2014,0.1206
1471,2015,0.118
1471,2016,0.1227
1471,2017,0.1284
1471,2018,0.13060001
1471,2019,0.1286
1471,2020,0.1411
1471,2021,0.14830001
1471,2022,0.15369999
1471,2023,0.1556
1471,2024,0.1617
1471,2025,0.17039999
1472,2006,0.096299998
1472,2007,0.1036
1472,2008,0.1024
1472,2009,0.1017
1472,2010,0.1034
1472,2011,0.1016
1472,2012,0.1027
1472,2013,0.1032
1472,2014,0.104
1472,2015,0.1087
1472,2016,0.1117
1472,2017,0.1128
1472,2018,0.1145
1472,2019,0.1218
1472,2020,0.125
1472,2021,0.1322
1472,2022,0.14390001
1472,2023,0.1595
1472,2024,0.1698
1472,2025,0.1655
1473,2006,0.1172
1473,2007,0.1159
1473,2008,0.1203
1473,2009,0.1212
1473,2010,0.1277
1473,2011,0.1382
1473,2012,0.1402
1473,2013,0.1418
1473,2014,0.14229999
1473,2015,0.1432
1473,2016,0.1437
1473,2017,0.1407
1473,2018,0.1428
1473,2019,0.1462
1473,2020,0.1473
1473,2021,0.1497
1473,2022,0.1689
1473,2023,0.16670001
1473,2024,0.1707
1473,2025,0.1674
1480,2006,0.1156
1480,2007,0.1146
1480,2008,0.1126
1480,2009,0.1111
1480,2010,0.1114
1480,2011,0.1136
1480,2012,0.1151
1480,2013,0.1178
1480,2014,0.1209
1480,2015,0.125
1480,2016,0.1258
1480,2017,0.12729999
1480,2018,0.1286
1480,2019,0.13
1480,2020,0.13240001
1480,2021,0.13680001
1480,2022,0.1397
1480,2023,0.1426
1480,2024,0.1452
1480,2025,0.1461
1481,2006,0.1169
1481,2007,0.1155
1481,2008,0.1135
1481,2009,0.1109
1481,2010,0.1132
1481,2011,0.1148
1481,2012,0.1196
1481,2013,0.1225
1481,2014,0.1249
1481,2015,0.13060001
1481,2016,0.1337
1481,2017,0.1338
1481,2018,0.13429999
1481,2019,0.1367
1481,2020,0.141
1481,2021,0.1463
1481,2022,0.15270001
1481,2023,0.1539
1481,2024,0.1596
1481,2025,0.15800001
1482,2006,0.1138
1482,2007,0.1133
1482,2008,0.1103
1482,2009,0.1083
1482,2010,0.11
1482,2011,0.1133
1482,2012,0.1172
1482,2013,0.1222
1482,2014,0.1245
1482,2015,0.12800001
1482,2016,0.1354
1482,2017,0.1358
1482,2018,0.1381
1482,2019,0.1435
1482,2020,0.1445
1482,2021,0.1489
1482,2022,0.1539
1482,2023,0.1596
1482,2024,0.1627
1482,2025,0.16150001
1484,2006,0.1293
1484,2007,0.1344
1484,2008,0.1288
1484,2009,0.12970001
1484,2010,0.13060001
1484,2011,0.1329
1484,2012,0.134
1484,2013,0.13249999
1484,2014,0.1433
1484,2015,0.1514
1484,2016,0.1444
1484,2017,0.14579999
1484,2018,0.1487
1484,2019,0.1542
1484,2020,0.15989999
1484,2021,0.15979999
1484,2022,0.1663
1484,2023,0.1725
1484,2024,0.1718
1484,2025,0.1864
1485,2006,0.1305
1485,2007,0.1309
1485,2008,0.13160001
1485,2009,0.13
1485,2010,0.1323
1485,2011,0.1346
1485,2012,0.13410001
1485,2013,0.1345
1485,2014,0.13959999
1485,2015,0.1433
1485,2016,0.1444
1485,2017,0.1463
1485,2018,0.15270001
1485,2019,0.1595
1485,2020,0.16419999
1485,2021,0.169
1485,2022,0.1732
1485,2023,0.1762
1485,2024,0.17839999
1485,2025,0.1795
1486,2006,0.1064
1486,2007,0.1042
1486,2008,0.1048
1486,2009,0.1035
1486,2010,0.1067
1486,2011,0.1061
1486,2012,0.1068
1486,2013,0.1047
1486,2014,0.1145
1486,2015,0.1238
1486,2016,0.1274
1486,2017,0.1286
1486,2018,0.1415
1486,2019,0.1443
1486,2020,0.1542
1486,2021,0.1617
1486,2022,0.1697
1486,2023,0.1769
1486,2024,0.18870001
1486,2025,0.18520001
1487,2006,0.1276
1487,2007,0.1296
1487,2008,0.1292
1487,2009,0.1274
1487,2010,0.1293
1487,2011,0.13699999
1487,2012,0.1398
1487,2013,0.14399999
1487,2014,0.1432
1487,2015,0.1486
1487,2016,0.15099999
1487,2017,0.1532
1487,2018,0.15099999
1487,2019,0.15710001
1487,2020,0.15710001
1487,2021,0.1644
1487,2022,0.1697
1487,2023,0.1753
1487,2024,0.1824
1487,2025,0.18340001
1488,2006,0.1244
1488,2007,0.122
1488,2008,0.1209
1488,2009,0.122
1488,2010,0.1212
1488,2011,0.1256
1488,2012,0.1279
1488,2013,0.1288
1488,2014,0.12909999
1488,2015,0.1358
1488,2016,0.13689999
1488,2017,0.14
1488,2018,0.139
1488,2019,0.1436
1488,2020,0.14229999
1488,2021,0.14820001
1488,2022,0.1566
1488,2023,0.1602
1488,2024,0.1661
1488,2025,0.1649
1489,2006,0.1242
1489,2007,0.1256
1489,2008,0.1181
1489,2009,0.1202
1489,2010,0.1234
1489,2011,0.125
1489,2012,0.1286
1489,2013,0.13150001
1489,2014,0.1365
1489,2015,0.1393
1489,2016,0.1408
1489,2017,0.14139999
1489,2018,0.1401
1489,2019,0.1446
1489,2020,0.14569999
1489,2021,0.15189999
1489,2022,0.1586
1489,2023,0.1673
1489,2024,0.1675
1489,2025,0.16949999
1490,2006,0.1051
1490,2007,0.1061
1490,2008,0.1052
1490,2009,0.1028
1490,2010,0.1057
1490,2011,0.1089
1490,2012,0.1132
1490,2013,0.1157
1490,2014,0.1189
1490,2015,0.1212
1490,2016,0.1238
1490,2017,0.1256
1490,2018,0.12549999
1490,2019,0.1284
1490,2020,0.1279
1490,2021,0.13169999
1490,2022,0.1374
1490,2023,0.14219999
1490,2024,0.1443
1490,2025,0.1487
1491,2006,0.1002
1491,2007,0.097499996
1491,2008,0.097400002
1491,2009,0.094499998
1491,2010,0.0999
1491,2011,0.1041
1491,2012,0.1071
1491,2013,0.1052
1491,2014,0.1108
1491,2015,0.1179
1491,2016,0.1193
1491,2017,0.1229
1491,2018,0.1277
1491,2019,0.1304
1491,2020,0.13
1491,2021,0.1338
1491,2022,0.13699999
1491,2023,0.14300001
1491,2024,0.14830001
1491,2025,0.1514
1492,2006,0.1109
1492,2007,0.1167
1492,2008,0.1153
1492,2009,0.1192
1492,2010,0.1195
1492,2011,0.117
1492,2012,0.1195
1492,2013,0.1211
1492,2014,0.13060001
1492,2015,0.1327
1492,2016,0.1365
1492,2017,0.13850001
1492,2018,0.1398
1492,2019,0.13770001
1492,2020,0.14929999
1492,2021,0.15369999
1492,2022,0.16320001
1492,2023,0.16949999
1492,2024,0.17659999
1492,2025,0.17299999
1493,2006,0.1133
1493,2007,0.1077
1493,2008,0.1091
1493,2009,0.1097
1493,2010,0.1146
1493,2011,0.1217
1493,2012,0.12530001
1493,2013,0.12819999
1493,2014,0.13330001
1493,2015,0.1318
1493,2016,0.1371
1493,2017,0.1375
1493,2018,0.13689999
1493,2019,0.13959999
1493,2020,0.1452
1493,2021,0.1505
1493,2022,0.153
1493,2023,0.1586
1493,2024,0.1612
1493,2025,0.16150001
1494,2006,0.1075
1494,2007,0.1094
1494,2008,0.1108
1494,2009,0.1112
1494,2010,0.114
1494,2011,0.1208
1494,2012,0.12819999
1494,2013,0.1305
1494,2014,0.13609999
1494,2015,0.139
1494,2016,0.1397
1494,2017,0.14120001
1494,2018,0.1426
1494,2019,0.1534
1494,2020,0.1542
1494,2021,0.1609
1494,2022,0.1665
1494,2023,0.16850001
1494,2024,0.17200001
1494,2025,0.17560001
1495,2006,0.116
1495,2007,0.1172
1495,2008,0.1141
1495,2009,0.1101
1495,2010,0.1118
1495,2011,0.1176
1495,2012,0.1204
1495,2013,0.1224
1495,2014,0.13259999
1495,2015,0.1321
1495,2016,0.1312
1495,2017,0.13249999
1495,2018,0.1318
1495,2019,0.1389
1495,2020,0.1453
1495,2021,0.15270001
1495,2022,0.15800001
1495,2023,0.1652
1495,2024,0.1689
1495,2025,0.1745
1496,2006,0.1051
1496,2007,0.1066
1496,2008,0.106
1496,2009,0.1057
1496,2010,0.1122
1496,2011,0.1166
1496,2012,0.1219
1496,2013,0.1227
1496,2014,0.1292
1496,2015,0.12890001
1496,2016,0.1311
1496,2017,0.1311
1496,2018,0.1358
1496,2019,0.1397
1496,2020,0.14219999
1496,2021,0.1468
1496,2022,0.15260001
1496,2023,0.15700001
1496,2024,0.1594
1496,2025,0.1649
1497,2006,0.1231
1497,2007,0.122
1497,2008,0.1215
1497,2009,0.1197
1497,2010,0.1244
1497,2011,0.1223
1497,2012,0.1214
1497,2013,0.12639999
1497,2014,0.131
1497,2015,0.13410001
1497,2016,0.13789999
1497,2017,0.1441
1497,2018,0.14659999
1497,2019,0.145
1497,2020,0.15099999
1497,2021,0.1573
1497,2022,0.1586
1497,2023,0.1679
1497,2024,0.1608
1497,2025,0.16689999
1498,2006,0.1052
1498,2007,0.1092
1498,2008,0.1148
1498,2009,0.1213
1498,2010,0.1327
1498,2011,0.1399
1498,2012,0.1354
1498,2013,0.13060001
1498,2014,0.13500001
1498,2015,0.1354
1498,2016,0.1338
1498,2017,0.1375
1498,2018,0.14749999
1498,2019,0.1578
1498,2020,0.16150001
1498,2021,0.1662
1498,2022,0.17470001
1498,2023,0.18520001
1498,2024,0.191
1498,2025,0.19320001
1499,2006,0.1049
1499,2007,0.1111
1499,2008,0.1132
1499,2009,0.1128
1499,2010,0.1185
1499,2011,0.1185
1499,2012,0.1257
1499,2013,0.1261
1499,2014,0.1293
1499,2015,0.12549999
1499,2016,0.1274
1499,2017,0.1311
1499,2018,0.12909999
1499,2019,0.1328
1499,2020,0.1389
1499,2021,0.14569999
1499,2022,0.1529
1499,2023,0.1596
1499,2024,0.16329999
1499,2025,0.16249999
1715,2006,0.1198
1715,2007,0.1239
1715,2008,0.1266
1715,2009,0.1279
1715,2010,0.1338
1715,2011,0.1287
1715,2012,0.14
1715,2013,0.1416
1715,2014,0.1411
1715,2015,0.1487
1715,2016,0.1496
1715,2017,0.15629999
1715,2018,0.1577
1715,2019,0.16419999
1715,2020,0.17020001
1715,2021,0.1743
1715,2022,0.18269999
1715,2023,0.1913
1715,2024,0.2015
1715,2025,0.2006
1730,2006,0.1277
1730,2007,0.12540001
1730,2008,0.1235
1730,2009,0.1269
1730,2010,0.1313
1730,2011,0.1402
1730,2012,0.12980001
1730,2013,0.12729999
1730,2014,0.1339
1730,2015,0.13959999
1730,2016,0.1452
1730,2017,0.1499
1730,2018,0.152
1730,2019,0.15700001
1730,2020,0.15889999
1730,2021,0.1576
1730,2022,0.1573
1730,2023,0.1602
1730,2024,0.1648
1730,2025,0.1663
1737,2006,0.1179
1737,2007,0.121
1737,2008,0.119
1737,2009,0.1148
1737,2010,0.1123
1737,2011,0.1164
1737,2012,0.115
1737,2013,0.1168
1737,2014,0.1241
1737,2015,0.134
1737,2016,0.132
1737,2017,0.1391
1737,2018,0.1434
1737,2019,0.1506
1737,2020,0.1517
1737,2021,0.1673
1737,2022,0.1701
1737,2023,0.1706
1737,2024,0.17640001
1737,2025,0.18799999
1760,2006,0.1402
1760,2007,0.13770001
1760,2008,0.12710001
1760,2009,0.12809999
1760,2010,0.1277
1760,2011,0.13699999
1760,2012,0.13169999
1760,2013,0.1374
1760,2014,0.13160001
1760,2015,0.14139999
1760,2016,0.13779999
1760,2017,0.1427
1760,2018,0.156
1760,2019,0.17479999
1760,2020,0.17560001
1760,2021,0.20810001
1760,2022,0.20379999
1760,2023,0.213
1760,2024,0.2244
1760,2025,0.2351
1761,2006,0.1106
1761,2007,0.1123
1761,2008,0.108
1761,2009,0.1116
1761,2010,0.1113
1761,2011,0.1121
1761,2012,0.1145
1761,2013,0.1153
1761,2014,0.1198
1761,2015,0.1191
1761,2016,0.1187
1761,2017,0.1227
1761,2018,0.12530001
1761,2019,0.12729999
1761,2020,0.13410001
1761,2021,0.1416
1761,2022,0.1455
1761,2023,0.1533
1761,2024,0.1532
1761,2025,0.1594
1762,2006,0.1147
1762,2007,0.1245
1762,2008,0.114
1762,2009,0.13169999
1762,2010,0.1437
1762,2011,0.1454
1762,2012,0.155
1762,2013,0.1628
1762,2014,0.16159999
1762,2015,0.1505
1762,2016,0.16159999
1762,2017,0.16509999
1762,2018,0.1718
1762,2019,0.16689999
1762,2020,0.1736
1762,2021,0.1759
1762,2022,0.1824
1762,2023,0.1858
1762,2024,0.1918
1762,2025,0.1911
1763,2006,0.1142
1763,2007,0.1126
1763,2008,0.1146
1763,2009,0.1144
1763,2010,0.1141
1763,2011,0.1168
1763,2012,0.1186
1763,2013,0.1287
1763,2014,0.1288
1763,2015,0.14839999
1763,2016,0.14910001
1763,2017,0.14579999
1763,2018,0.15009999
1763,2019,0.1613
1763,2020,0.15790001
1763,2021,0.16240001
1763,2022,0.1699
1763,2023,0.17640001
1763,2024,0.1848
1763,2025,0.1868
1764,2006,0.1158
1764,2007,0.1162
1764,2008,0.1138
1764,2009,0.118
1764,2010,0.1213
1764,2011,0.1311
1764,2012,0.1376
1764,2013,0.13500001
1764,2014,0.13429999
1764,2015,0.1336
1764,2016,0.13429999
1764,2017,0.146
1764,2018,0.1534
1764,2019,0.15800001
1764,2020,0.1627
1764,2021,0.1723
1764,2022,0.1857
1764,2023,0.1911
1764,2024,0.2001
1764,2025,0.20200001
1765,2006,0.098999999
1765,2007,0.098399997
1765,2008,0.098999999
1765,2009,0.1024
1765,2010,0.1035
1765,2011,0.1131
1765,2012,0.1191
1765,2013,0.1121
1765,2014,0.1211
1765,2015,0.1296
1765,2016,0.1338
1765,2017,0.13249999
1765,2018,0.1392
1765,2019,0.1381
1765,2020,0.1455
1765,2021,0.14929999
1765,2022,0.1478
1765,2023,0.15809999
1765,2024,0.15099999
1765,2025,0.1629
1766,2006,0.096299998
1766,2007,0.1042
1766,2008,0.111
1766,2009,0.1097
1766,2010,0.1126
1766,2011,0.1149
1766,2012,0.1173
1766,2013,0.1239
1766,2014,0.1276
1766,2015,0.1303
1766,2016,0.1363
1766,2017,0.1329
1766,2018,0.1346
1766,2019,0.13950001
1766,2020,0.1525
1766,2021,0.1557
1766,2022,0.1569
1766,2023,0.15970001
1766,2024,0.16869999
1766,2025,0.171
1780,2006,0.113
1780,2007,0.1113
1780,2008,0.1141
1780,2009,0.1128
1780,2010,0.1147
1780,2011,0.1195
1780,2012,0.1214
1780,2013,0.1245
1780,2014,0.12800001
1780,2015,0.1311
1780,2016,0.13680001
1780,2017,0.1427
1780,2018,0.14480001
1780,2019,0.1505
1780,2020,0.153
1780,2021,0.1558
1780,2022,0.1601
1780,2023,0.1649
1780,2024,0.1688
1780,2025,0.1718
1781,2006,0.13420001
1781,2007,0.1327
1781,2008,0.1323
1781,2009,0.1329
1781,2010,0.1388
1781,2011,0.1425
1781,2012,0.14139999
1781,2013,0.14300001
1781,2014,0.1461
1781,2015,0.1496
1781,2016,0.1529
1781,2017,0.1582
1781,2018,0.1626
1781,2019,0.1698
1781,2020,0.1719
1781,2021,0.1779
1781,2022,0.1868
1781,2023,0.1919
1781,2024,0.20039999
1781,2025,0.2034
1782,2006,0.1117
1782,2007,0.1099
1782,2008,0.1123
1782,2009,0.1108
1782,2010,0.108
1782,2011,0.1175
1782,2012,0.1174
1782,2013,0.1215
1782,2014,0.1237
1782,2015,0.1269
1782,2016,0.1339
1782,2017,0.13680001
1782,2018,0.1354
1782,2019,0.14569999
1782,2020,0.14920001
1782,2021,0.16060001
1782,2022,0.1724
1782,2023,0.1805
1782,2024,0.1939
1782,2025,0.1938
1783,2006,0.1313
1783,2007,0.1374
1783,2008,0.1353
1783,2009,0.13850001
1783,2010,0.13240001
1783,2011,0.1391
1783,2012,0.1437
1783,2013,0.1455
1783,2014,0.15099999
1783,2015,0.1644
1783,2016,0.1698
1783,2017,0.16580001
1783,2018,0.1776
1783,2019,0.1742
1783,2020,0.1693
1783,2021,0.1796
1783,2022,0.1822
1783,2023,0.1935
1783,2024,0.2001
1783,2025,0.2069
1784,2006,0.12530001
1784,2007,0.1251
1784,2008,0.1226
1784,2009,0.1211
1784,2010,0.1241
1784,2011,0.1284
1784,2012,0.13330001
1784,2013,0.1331
1784,2014,0.13510001
1784,2015,0.13590001
1784,2016,0.14030001
1784,2017,0.1479
1784,2018,0.1489
1784,2019,0.1521
1784,2020,0.156
1784,2021,0.1575
1784,2022,0.15889999
1784,2023,0.1675
1784,2024,0.1715
1784,2025,0.17030001
1785,2006,0.1098
1785,2007,0.1115
1785,2008,0.1079
1785,2009,0.1055
1785,2010,0.1106
1785,2011,0.1165
1785,2012,0.12970001
1785,2013,0.1399
1785,2014,0.1461
1785,2015,0.15099999
1785,2016,0.148
1785,2017,0.1504
1785,2018,0.1442
1785,2019,0.14839999
1785,2020,0.15449999
1785,2021,0.15719999
1785,2022,0.17290001
1785,2023,0.17730001
1785,2024,0.1789
1785,2025,0.18279999
1814,2006,0.1041
1814,2007,0.0999
1814,2008,0.0977
1814,2009,0.096100003
1814,2010,0.1027
1814,2011,0.1064
1814,2012,0.1108
1814,2013,0.1159
1814,2014,0.1172
1814,2015,0.12639999
1814,2016,0.13240001
1814,2017,0.12809999
1814,2018,0.118
1814,2019,0.126
1814,2020,0.13249999
1814,2021,0.13680001
1814,2022,0.14030001
1814,2023,0.154
1814,2024,0.15189999
1814,2025,0.14569999
1860,2006,0.1127
1860,2007,0.1148
1860,2008,0.1158
1860,2009,0.1223
1860,2010,0.1214
1860,2011,0.1184
1860,2012,0.1246
1860,2013,0.125
1860,2014,0.124
1860,2015,0.13940001
1860,2016,0.1372
1860,2017,0.1427
1860,2018,0.14659999
1860,2019,0.1489
1860,2020,0.1585
1860,2021,0.16060001
1860,2022,0.1631
1860,2023,0.17479999
1860,2024,0.176
1860,2025,0.171
1861,2006,0.094899997
1861,2007,0.093900003
1861,2008,0.0942
1861,2009,0.0964
1861,2010,0.1023
1861,2011,0.1044
1861,2012,0.1062
1861,2013,0.1067
1861,2014,0.1113
1861,2015,0.1141
1861,2016,0.1185
1861,2017,0.121
1861,2018,0.1213
1861,2019,0.1286
1861,2020,0.13150001
1861,2021,0.1389
1861,2022,0.1444
1861,2023,0.1521
1861,2024,0.1558
1861,2025,0.15530001
1862,2006,0.1229
1862,2007,0.1292
1862,2008,0.1323
1862,2009,0.13079999
1862,2010,0.13249999
1862,2011,0.1349
1862,2012,0.13600001
1862,2013,0.1435
1862,2014,0.1459
1862,2015,0.1486
1862,2016,0.14309999
1862,2017,0.1444
1862,2018,0.15180001
1862,2019,0.1549
1862,2020,0.15880001
1862,2021,0.17120001
1862,2022,0.1794
1862,2023,0.1837
1862,2024,0.1842
1862,2025,0.1956
1863,2006,0.092500001
1863,2007,0.092
1863,2008,0.1019
1863,2009,0.1018
1863,2010,0.095600002
1863,2011,0.1034
1863,2012,0.11
1863,2013,0.1119
1863,2014,0.1168
1863,2015,0.1219
1863,2016,0.1191
1863,2017,0.1178
1863,2018,0.1259
1863,2019,0.1247
1863,2020,0.12530001
1863,2021,0.13249999
1863,2022,0.1402
1863,2023,0.14380001
1863,2024,0.1459
1863,2025,0.1566
1864,2006,0.12639999
1864,2007,0.1227
1864,2008,0.1206
1864,2009,0.1231
1864,2010,0.12630001
1864,2011,0.1187
1864,2012,0.1213
1864,2013,0.12800001
1864,2014,0.12720001
1864,2015,0.1287
1864,2016,0.1388
1864,2017,0.1408
1864,2018,0.1436
1864,2019,0.1521
1864,2020,0.15090001
1864,2021,0.1445
1864,2022,0.1524
1864,2023,0.1583
1864,2024,0.16850001
1864,2025,0.1635
1880,2006,0.0933
1880,2007,0.094999999
1880,2008,0.095100001
1880,2009,0.094800003
1880,2010,0.095600002
1880,2011,0.098200001
1880,2012,0.0995
1880,2013,0.1016
1880,2014,0.1061
1880,2015,0.1106
1880,2016,0.1153
1880,2017,0.1199
1880,2018,0.1216
1880,2019,0.12549999
1880,2020,0.1295
1880,2021,0.1355
1880,2022,0.1411
1880,2023,0.1435
1880,2024,0.1455
1880,2025,0.1488
1881,2006,0.092200004
1881,2007,0.095899999
1881,2008,0.093699999
1881,2009,0.091300003
1881,2010,0.089599997
1881,2011,0.091700003
1881,2012,0.093900003
1881,2013,0.097999997
1881,2014,0.1041
1881,2015,0.1083
1881,2016,0.1143
1881,2017,0.1204
1881,2018,0.1268
1881,2019,0.1312
1881,2020,0.132
1881,2021,0.1365
1881,2022,0.1441
1881,2023,0.1478
1881,2024,0.14650001
1881,2025,0.1481
1882,2006,0.081799999
1882,2007,0.079899997
1882,2008,0.084899999
1882,2009,0.085600004
1882,2010,0.087499999
1882,2011,0.088200003
1882,2012,0.094499998
1882,2013,0.0999
1882,2014,0.1068
1882,2015,0.1129
1882,2016,0.1125
1882,2017,0.1101
1882,2018,0.1174
1882,2019,0.1215
1882,2020,0.1219
1882,2021,0.1292
1882,2022,0.1416
1882,2023,0.1389
1882,2024,0.1481
1882,2025,0.1531
1883,2006,0.1094
1883,2007,0.1157
1883,2008,0.1153
1883,2009,0.1113
1883,2010,0.1164
1883,2011,0.1196
1883,2012,0.12530001
1883,2013,0.1256
1883,2014,0.1294
1883,2015,0.13869999
1883,2016,0.1374
1883,2017,0.13860001
1883,2018,0.13519999
1883,2019,0.14300001
1883,2020,0.1432
1883,2021,0.1455
1883,2022,0.14910001
1883,2023,0.15549999
1883,2024,0.1612
1883,2025,0.1652
1884,2006,0.1076
1884,2007,0.1038
1884,2008,0.1059
1884,2009,0.1044
1884,2010,0.1066
1884,2011,0.1047
1884,2012,0.1142
1884,2013,0.1176
1884,2014,0.1196
1884,2015,0.1252
1884,2016,0.1327
1884,2017,0.1296
1884,2018,0.1292
1884,2019,0.1376
1884,2020,0.1399
1884,2021,0.1486
1884,2022,0.1541
1884,2023,0.1593
1884,2024,0.16159999
1884,2025,0.1698
1885,2006,0.094800003
1885,2007,0.093599997
1885,2008,0.092799999
1885,2009,0.091200002
1885,2010,0.092699997
1885,2011,0.091799997
1885,2012,0.094700001
1885,2013,0.095700003
1885,2014,0.097400002
1885,2015,0.099100001
1885,2016,0.1092
1885,2017,0.1101
1885,2018,0.1132
1885,2019,0.1142
1885,2020,0.1166
1885,2021,0.1286
1885,2022,0.134
1885,2023,0.1337
1885,2024,0.13680001
1885,2025,0.14380001
1904,2006,0.1182
1904,2007,0.1165
1904,2008,0.1157
1904,2009,0.1216
1904,2010,0.1267
1904,2011,0.1344
1904,2012,0.12800001
1904,2013,0.1149
1904,2014,0.1186
1904,2015,0.127
1904,2016,0.1407
1904,2017,0.1375
1904,2018,0.13590001
1904,2019,0.1473
1904,2020,0.156
1904,2021,0.1618
1904,2022,0.1726
1904,2023,0.1761
1904,2024,0.1831
1904,2025,0.1857
1907,2006,0.118
1907,2007,0.1204
1907,2008,0.1208
1907,2009,0.1175
1907,2010,0.1193
1907,2011,0.126
1907,2012,0.1313
1907,2013,0.1248
1907,2014,0.1372
1907,2015,0.1375
1907,2016,0.1364
1907,2017,0.15090001
1907,2018,0.1506
1907,2019,0.15800001
1907,2020,0.1532
1907,2021,0.15880001
1907,2022,0.16419999
1907,2023,0.1635
1907,2024,0.1723
1907,2025,0.17209999
1960,2006,0.1024
1960,2007,0.1
1960,2008,0.1114
1960,2009,0.1049
1960,2010,0.1142
1960,2011,0.1154
1960,2012,0.1225
1960,2013,0.1268
1960,2014,0.1327
1960,2015,0.133
1960,2016,0.1285
1960,2017,0.13060001
1960,2018,0.1283
1960,2019,0.13420001
1960,2020,0.1384
1960,2021,0.14030001
1960,2022,0.14300001
1960,2023,0.14820001
1960,2024,0.14820001
1960,2025,0.16410001
1961,2006,0.097900003
1961,2007,0.1029
1961,2008,0.1038
1961,2009,0.103
1961,2010,0.1049
1961,2011,0.1032
1961,2012,0.1024
1961,2013,0.1025
1961,2014,0.1027
1961,2015,0.1133
1961,2016,0.1147
1961,2017,0.1222
1961,2018,0.1251
1961,2019,0.1318
1961,2020,0.1338
1961,2021,0.1389
1961,2022,0.1429
1961,2023,0.1497
1961,2024,0.15899999
1961,2025,0.16249999
1962,2006,0.1043
1962,2007,0.1094
1962,2008,0.111
1962,2009,0.1133
1962,2010,0.1139
1962,2011,0.1139
1962,2012,0.1157
1962,2013,0.1112
1962,2014,0.1139
1962,2015,0.1203
1962,2016,0.1243
1962,2017,0.1354
1962,2018,0.1392
1962,2019,0.15270001
1962,2020,0.153
1962,2021,0.1675
1962,2022,0.1795
1962,2023,0.19140001
1962,2024,0.2014
1962,2025,0.1903
1980,2006,0.1091
1980,2007,0.1096
1980,2008,0.1106
1980,2009,0.1073
1980,2010,0.1076
1980,2011,0.1108
1980,2012,0.1121
1980,2013,0.1131
1980,2014,0.1195
1980,2015,0.1227
1980,2016,0.12530001
1980,2017,0.127
1980,2018,0.12890001
1980,2019,0.1319
1980,2020,0.13339999
1980,2021,0.14
1980,2022,0.1469
1980,2023,0.1523
1980,2024,0.15809999
1980,2025,0.1596
1981,2006,0.1252
1981,2007,0.1194
1981,2008,0.1223
1981,2009,0.1206
1981,2010,0.1212
1981,2011,0.12530001
1981,2012,0.1277
1981,2013,0.131
1981,2014,0.13510001
1981,2015,0.1388
1981,2016,0.141
1981,2017,0.13950001
1981,2018,0.1428
1981,2019,0.1505
1981,2020,0.15180001
1981,2021,0.15189999
1981,2022,0.15880001
1981,2023,0.16159999
1981,2024,0.1751
1981,2025,0.1794
1982,2006,0.093099996
1982,2007,0.089699998
1982,2008,0.085699998
1982,2009,0.086900003
1982,2010,0.090800002
1982,2011,0.092399999
1982,2012,0.092799999
1982,2013,0.090000004
1982,2014,0.097400002
1982,2015,0.1027
1982,2016,0.1021
1982,2017,0.109
1982,2018,0.1124
1982,2019,0.1257
1982,2020,0.1175
1982,2021,0.1215
1982,2022,0.1288
1982,2023,0.13680001
1982,2024,0.1529
1982,2025,0.1538
1983,2006,0.1054
1983,2007,0.1045
1983,2008,0.1059
1983,2009,0.1047
1983,2010,0.1026
1983,2011,0.099200003
1983,2012,0.1003
1983,2013,0.1051
1983,2014,0.1128
1983,2015,0.1144
1983,2016,0.1132
1983,2017,0.1153
1983,2018,0.1164
1983,2019,0.1223
1983,2020,0.12899999
1983,2021,0.1329
1983,2022,0.14229999
1983,2023,0.14560001
1983,2024,0.1514
1983,2025,0.15899999
1984,2006,0.1006
1984,2007,0.1046
1984,2008,0.1081
1984,2009,0.1047
1984,2010,0.1114
1984,2011,0.109
1984,2012,0.1114
1984,2013,0.1135
1984,2014,0.1193
1984,2015,0.1208
1984,2016,0.127
1984,2017,0.1332
1984,2018,0.13339999
1984,2019,0.1407
1984,2020,0.13869999
1984,2021,0.1471
1984,2022,0.1567
1984,2023,0.1706
1984,2024,0.17209999
1984,2025,0.1786
2021,2006,0.0977
2021,2007,0.096699998
2021,2008,0.095700003
2021,2009,0.1002
2021,2010,0.101
2021,2011,0.1077
2021,2012,0.1104
2021,2013,0.1114
2021,2014,0.1231
2021,2015,0.1302
2021,2016,0.1336
2021,2017,0.1374
2021,2018,0.14480001
2021,2019,0.1503
2021,2020,0.15019999
2021,2021,0.1604
2021,2022,0.162
2021,2023,0.1683
2021,2024,0.18089999
2021,2025,0.1825
2023,2006,0.1089
2023,2007,0.1131
2023,2008,0.111
2023,2009,0.1044
2023,2010,0.1055
2023,2011,0.107
2023,2012,0.1099
2023,2013,0.1157
2023,2014,0.1199
2023,2015,0.12899999
2023,2016,0.1261
2023,2017,0.1322
2023,2018,0.1357
2023,2019,0.1425
2023,2020,0.1436
2023,2021,0.1541
2023,2022,0.1586
2023,2023,0.1618
2023,2024,0.1664
2023,2025,0.1666
2026,2006,0.101
2026,2007,0.1026
2026,2008,0.1042
2026,2009,0.102
2026,2010,0.097599998
2026,2011,0.0995
2026,2012,0.098700002
2026,2013,0.1018
2026,2014,0.1071
2026,2015,0.114
2026,2016,0.1186
2026,2017,0.1261
2026,2018,0.1292
2026,2019,0.1277
2026,2020,0.1332
2026,2021,0.1399
2026,2022,0.1477
2026,2023,0.1524
2026,2024,0.16329999
2026,2025,0.1657
2029,2006,0.1016
2029,2007,0.1005
2029,2008,0.099299997
2029,2009,0.1023
2029,2010,0.1064
2029,2011,0.1074
2029,2012,0.1107
2029,2013,0.113
2029,2014,0.1216
2029,2015,0.1256
2029,2016,0.13
2029,2017,0.1323
2029,2018,0.1353
2029,2019,0.13420001
2029,2020,0.1372
2029,2021,0.14120001
2029,2022,0.15719999
2029,2023,0.16500001
2029,2024,0.17299999
2029,2025,0.1684
2031,2006,0.1041
2031,2007,0.1071
2031,2008,0.1068
2031,2009,0.0999
2031,2010,0.098300003
2031,2011,0.0973
2031,2012,0.1032
2031,2013,0.1029
2031,2014,0.1134
2031,2015,0.1226
2031,2016,0.1174
2031,2017,0.1247
2031,2018,0.13070001
2031,2019,0.1425
2031,2020,0.1373
2031,2021,0.14139999
2031,2022,0.1455
2031,2023,0.15539999
2031,2024,0.16159999
2031,2025,0.16509999
2034,2006,0.1083
2034,2007,0.1044
2034,2008,0.1077
2034,2009,0.1127
2034,2010,0.1186
2034,2011,0.1111
2034,2012,0.1163
2034,2013,0.1294
2034,2014,0.12980001
2034,2015,0.13950001
2034,2016,0.1407
2034,2017,0.1504
2034,2018,0.1577
2034,2019,0.16410001
2034,2020,0.16140001
2034,2021,0.17389999
2034,2022,0.18610001
2034,2023,0.1876
2034,2024,0.1929
2034,2025,0.2062
2039,2006,0.1135
2039,2007,0.1204
2039,2008,0.1198
2039,2009,0.1143
2039,2010,0.1118
2039,2011,0.1172
2039,2012,0.1202
2039,2013,0.1199
2039,2014,0.12549999
2039,2015,0.1357
2039,2016,0.1305
2039,2017,0.1446
2039,2018,0.1419
2039,2019,0.15189999
2039,2020,0.1551
2039,2021,0.15719999
2039,2022,0.17129999
2039,2023,0.1789
2039,2024,0.1858
2039,2025,0.19149999
2061,2006,0.1183
2061,2007,0.1222
2061,2008,0.1247
2061,2009,0.1227
2061,2010,0.122
2061,2011,0.123
2061,2012,0.12530001
2061,2013,0.1323
2061,2014,0.1428
2061,2015,0.1487
2061,2016,0.1436
2061,2017,0.14749999
2061,2018,0.1487
2061,2019,0.1549
2061,2020,0.1539
2061,2021,0.15889999
2061,2022,0.1749
2061,2023,0.1769
2061,2024,0.1758
2061,2025,0.1807
2062,2006,0.1025
2062,2007,0.1016
2062,2008,0.1017
2062,2009,0.1017
2062,2010,0.1041
2062,2011,0.1097
2062,2012,0.1162
2062,2013,0.1225
2062,2014,0.1314
2062,2015,0.1355
2062,2016,0.1375
2062,2017,0.1417
2062,2018,0.14839999
2062,2019,0.1503
2062,2020,0.15180001
2062,2021,0.15270001
2062,2022,0.162
2062,2023,0.16859999
2062,2024,0.18000001
2062,2025,0.1777
2080,2006,0.094800003
2080,2007,0.095600002
2080,2008,0.095700003
2080,2009,0.092299998
2080,2010,0.095100001
2080,2011,0.098499998
2080,2012,0.1018
2080,2013,0.1057
2080,2014,0.1138
2080,2015,0.1203
2080,2016,0.1268
2080,2017,0.1323
2080,2018,0.1327
2080,2019,0.1372
2080,2020,0.1419
2080,2021,0.1469
2080,2022,0.1586
2080,2023,0.1649
2080,2024,0.1725
2080,2025,0.17479999
2081,2006,0.1017
2081,2007,0.104
2081,2008,0.1031
2081,2009,0.098899998
2081,2010,0.099600002
2081,2011,0.098399997
2081,2012,0.1009
2081,2013,0.1054
2081,2014,0.1095
2081,2015,0.1143
2081,2016,0.1194
2081,2017,0.1232
2081,2018,0.1277
2081,2019,0.1311
2081,2020,0.134
2081,2021,0.13860001
2081,2022,0.1435
2081,2023,0.148
2081,2024,0.1556
2081,2025,0.16320001
2082,2006,0.1013
2082,2007,0.1043
2082,2008,0.1079
2082,2009,0.1068
2082,2010,0.1048
2082,2011,0.115
2082,2012,0.1113
2082,2013,0.1125
2082,2014,0.1089
2082,2015,0.119
2082,2016,0.1274
2082,2017,0.1292
2082,2018,0.1339
2082,2019,0.1418
2082,2020,0.1419
2082,2021,0.148
2082,2022,0.16140001
2082,2023,0.1636
2082,2024,0.1675
2082,2025,0.16779999
2083,2006,0.1056
2083,2007,0.1111
2083,2008,0.1099
2083,2009,0.1073
2083,2010,0.1059
2083,2011,0.109
2083,2012,0.11
2083,2013,0.1124
2083,2014,0.1185
2083,2015,0.1213
2083,2016,0.12710001
2083,2017,0.12909999
2083,2018,0.12620001
2083,2019,0.13429999
2083,2020,0.1419
2083,2021,0.14560001
2083,2022,0.1582
2083,2023,0.1691
2083,2024,0.18279999
2083,2025,0.1901
2084,2006,0.111
2084,2007,0.1101
2084,2008,0.1067
2084,2009,0.1097
2084,2010,0.1122
2084,2011,0.1111
2084,2012,0.1112
2084,2013,0.1127
2084,2014,0.1177
2084,2015,0.1202
2084,2016,0.1197
2084,2017,0.123
2084,2018,0.1234
2084,2019,0.1338
2084,2020,0.1357
2084,2021,0.14820001
2084,2022,0.1521
2084,2023,0.16599999
2084,2024,0.17110001
2084,2025,0.17380001
2085,2006,0.131
2085,2007,0.12809999
2085,2008,0.1276
2085,2009,0.1227
2085,2010,0.1213
2085,2011,0.1198
2085,2012,0.1216
2085,2013,0.12620001
2085,2014,0.1339
2085,2015,0.1383
2085,2016,0.1365
2085,2017,0.142
2085,2018,0.1454
2085,2019,0.1477
2085,2020,0.15360001
2085,2021,0.1593
2085,2022,0.1682
2085,2023,0.1675
2085,2024,0.1709
2085,2025,0.176
2101,2006,0.12630001
2101,2007,0.1265
2101,2008,0.1241
2101,2009,0.1224
2101,2010,0.1236
2101,2011,0.13240001
2101,2012,0.1338
2101,2013,0.14040001
2101,2014,0.1494
2101,2015,0.1514
2101,2016,0.16419999
2101,2017,0.1595
2101,2018,0.14920001
2101,2019,0.1498
2101,2020,0.1513
2101,2021,0.1567
2101,2022,0.16320001
2101,2023,0.18099999
2101,2024,0.17730001
2101,2025,0.1814
2104,2006,0.095299996
2104,2007,0.101
2104,2008,0.1003
2104,2009,0.099399999
2104,2010,0.102
2104,2011,0.1098
2104,2012,0.1044
2104,2013,0.1079
2104,2014,0.1149
2104,2015,0.1147
2104,2016,0.1197
2104,2017,0.122
2104,2018,0.12909999
2104,2019,0.1427
2104,2020,0.1539
2104,2021,0.1532
2104,2022,0.1671
2104,2023,0.17569999
2104,2024,0.16940001
2104,2025,0.1665
2121,2006,0.1107
2121,2007,0.1092
2121,2008,0.1053
2121,2009,0.1091
2121,2010,0.1137
2121,2011,0.112
2121,2012,0.1101
2121,2013,0.1151
2121,2014,0.1224
2121,2015,0.12549999
2121,2016,0.12540001
2121,2017,0.12800001
2121,2018,0.12800001
2121,2019,0.1346
2121,2020,0.13689999
2121,2021,0.1418
2121,2022,0.1451
2121,2023,0.1574
2121,2024,0.1639
2121,2025,0.1662
2132,2006,0.095600002
2132,2007,0.097599998
2132,2008,0.1014
2132,2009,0.1007
2132,2010,0.1008
2132,2011,0.1073
2132,2012,0.1107
2132,2013,0.1117
2132,2014,0.1136
2132,2015,0.1168
2132,2016,0.1185
2132,2017,0.1231
2132,2018,0.1274
2132,2019,0.13600001
2132,2020,0.13249999
2132,2021,0.1409
2132,2022,0.1464
2132,2023,0.1481
2132,2024,0.1561
2132,2025,0.15360001
2161,2006,0.1038
2161,2007,0.1135
2161,2008,0.1138
2161,2009,0.1111
2161,2010,0.1133
2161,2011,0.1102
2161,2012,0.1131
2161,2013,0.1165
2161,2014,0.124
2161,2015,0.12729999
2161,2016,0.13060001
2161,2017,0.13070001
2161,2018,0.1322
2161,2019,0.13600001
2161,2020,0.1353
2161,2021,0.1469
2161,2022,0.1548
2161,2023,0.15970001
2161,2024,0.16339999
2161,2025,0.1638
2180,2006,0.104
2180,2007,0.1047
2180,2008,0.1032
2180,2009,0.1007
2180,2010,0.1038
2180,2011,0.1079
2180,2012,0.1102
2180,2013,0.1152
2180,2014,0.1195
2180,2015,0.1231
2180,2016,0.1288
2180,2017,0.1322
2180,2018,0.13689999
2180,2019,0.14030001
2180,2020,0.1424
2180,2021,0.147
2180,2022,0.1547
2180,2023,0.15970001
2180,2024,0.16329999
2180,2025,0.16150001
2181,2006,0.1044
2181,2007,0.1073
2181,2008,0.1067
2181,2009,0.1048
2181,2010,0.1041
2181,2011,0.106
2181,2012,0.1103
2181,2013,0.1153
2181,2014,0.1213
2181,2015,0.1247
2181,2016,0.1311
2181,2017,0.1374
2181,2018,0.14129999
2181,2019,0.1452
2181,2020,0.1461
2181,2021,0.1468
2181,2022,0.1524
2181,2023,0.16069999
2181,2024,0.1639
2181,2025,0.16339999
2182,2006,0.1117
2182,2007,0.1132
2182,2008,0.1145
2182,2009,0.1115
2182,2010,0.1151
2182,2011,0.1214
2182,2012,0.1238
2182,2013,0.12909999
2182,2014,0.1327
2182,2015,0.13789999
2182,2016,0.138
2182,2017,0.1477
2182,2018,0.14839999
2182,2019,0.1543
2182,2020,0.1587
2182,2021,0.16150001
2182,2022,0.1683
2182,2023,0.17020001
2182,2024,0.17640001
2182,2025,0.17820001
2183,2006,0.1163
2183,2007,0.1125
2183,2008,0.1084
2183,2009,0.1115
2183,2010,0.1151
2183,2011,0.1199
2183,2012,0.1241
2183,2013,0.1231
2183,2014,0.1276
2183,2015,0.12980001
2183,2016,0.13600001
2183,2017,0.1398
2183,2018,0.14040001
2183,2019,0.1445
2183,2020,0.1525
2183,2021,0.1578
2183,2022,0.1619
2183,2023,0.16599999
2183,2024,0.1682
2183,2025,0.17399999
2184,2006,0.095299996
2184,2007,0.1004
2184,2008,0.098899998
2184,2009,0.098099999
2184,2010,0.1028
2184,2011,0.099299997
2184,2012,0.1039
2184,2013,0.1077
2184,2014,0.1168
2184,2015,0.1243
2184,2016,0.13070001
2184,2017,0.1314
2184,2018,0.13410001
2184,2019,0.1402
2184,2020,0.1393
2184,2021,0.1432
2184,2022,0.1512
2184,2023,0.1592
2184,2024,0.1619
2184,2025,0.16060001
2260,2006,0.1138
2260,2007,0.1183
2260,2008,0.1157
2260,2009,0.1199
2260,2010,0.1137
2260,2011,0.1107
2260,2012,0.1201
2260,2013,0.1259
2260,2014,0.13410001
2260,2015,0.1338
2260,2016,0.1345
2260,2017,0.1367
2260,2018,0.1383
2260,2019,0.1521
2260,2020,0.1461
2260,2021,0.15629999
2260,2022,0.1567
2260,2023,0.1646
2260,2024,0.1631
2260,2025,0.1724
2262,2006,0.088200003
2262,2007,0.087700002
2262,2008,0.092100002
2262,2009,0.093900003
2262,2010,0.093000002
2262,2011,0.094700001
2262,2012,0.0973
2262,2013,0.1026
2262,2014,0.1081
2262,2015,0.1162
2262,2016,0.1269
2262,2017,0.13330001
2262,2018,0.13070001
2262,2019,0.13590001
2262,2020,0.1367
2262,2021,0.14669999
2262,2022,0.1556
2262,2023,0.15880001
2262,2024,0.169
2262,2025,0.178
2280,2006,0.090000004
2280,2007,0.093199998
2280,2008,0.092799999
2280,2009,0.090300001
2280,2010,0.094800003
2280,2011,0.099299997
2280,2012,0.1054
2280,2013,0.1093
2280,2014,0.1107
2280,2015,0.1167
2280,2016,0.1167
2280,2017,0.1199
2280,2018,0.1267
2280,2019,0.12620001
2280,2020,0.127
2280,2021,0.13860001
2280,2022,0.1443
2280,2023,0.1469
2280,2024,0.14920001
2280,2025,0.15530001
2281,2006,0.093699999
2281,2007,0.093800001
2281,2008,0.096199997
2281,2009,0.094400004
2281,2010,0.094700001
2281,2011,0.0986
2281,2012,0.1001
2281,2013,0.1042
2281,2014,0.1111
2281,2015,0.1199
2281,2016,0.1218
2281,2017,0.1266
2281,2018,0.1285
2281,2019,0.13079999
2281,2020,0.1312
2281,2021,0.1381
2281,2022,0.1461
2281,2023,0.15369999
2281,2024,0.1591
2281,2025,0.1608
2282,2006,0.089900002
2282,2007,0.094400004
2282,2008,0.0933
2282,2009,0.092
2282,2010,0.0902
2282,2011,0.091899998
2282,2012,0.096500002
2282,2013,0.094099998
2282,2014,0.098700002
2282,2015,0.1068
2282,2016,0.1099
2282,2017,0.1131
2282,2018,0.1133
2282,2019,0.1146
2282,2020,0.1196
2282,2021,0.1214
2282,2022,0.1294
2282,2023,0.1446
2282,2024,0.1541
2282,2025,0.1498
2283,2006,0.096100003
2283,2007,0.097199999
2283,2008,0.096000001
2283,2009,0.093800001
2283,2010,0.092399999
2283,2011,0.090999998
2283,2012,0.093800001
2283,2013,0.097599998
2283,2014,0.1015
2283,2015,0.1063
2283,2016,0.1131
2283,2017,0.1172
2283,2018,0.1225
2283,2019,0.1239
2283,2020,0.1258
2283,2021,0.1285
2283,2022,0.13600001
2283,2023,0.14560001
2283,2024,0.14830001
2283,2025,0.14920001
2284,2006,0.0942
2284,2007,0.095100001
2284,2008,0.097000003
2284,2009,0.092100002
2284,2010,0.0942
2284,2011,0.097999997
2284,2012,0.1023
2284,2013,0.1052
2284,2014,0.1092
2284,2015,0.113
2284,2016,0.1193
2284,2017,0.1205
2284,2018,0.1244
2284,2019,0.1302
2284,2020,0.1353
2284,2021,0.13789999
2284,2022,0.1441
2284,2023,0.1488
2284,2024,0.15260001
2284,2025,0.1549
2303,2006,0.1035
2303,2007,0.1041
2303,2008,0.1044
2303,2009,0.1083
2303,2010,0.1055
2303,2011,0.1082
2303,2012,0.1022
2303,2013,0.121
2303,2014,0.1172
2303,2015,0.12809999
2303,2016,0.119
2303,2017,0.13150001
2303,2018,0.1355
2303,2019,0.1397
2303,2020,0.15009999
2303,2021,0.1523
2303,2022,0.1538
2303,2023,0.1629
2303,2024,0.1724
2303,2025,0.1841
2305,2006,0.1114
2305,2007,0.1122
2305,2008,0.1199
2305,2009,0.1186
2305,2010,0.1156
2305,2011,0.12530001
2305,2012,0.12909999
2305,2013,0.1309
2305,2014,0.14210001
2305,2015,0.141
2305,2016,0.14480001
2305,2017,0.14390001
2305,2018,0.14489999
2305,2019,0.1478
2305,2020,0.1495
2305,2021,0.1557
2305,2022,0.15440001
2305,2023,0.15719999
2305,2024,0.16240001
2305,2025,0.1715
2309,2006,0.090800002
2309,2007,0.094700001
2309,2008,0.094599999
2309,2009,0.091700003
2309,2010,0.090599999
2309,2011,0.094999999
2309,2012,0.0955
2309,2013,0.101
2309,2014,0.104
2309,2015,0.1051
2309,2016,0.11
2309,2017,0.1101
2309,2018,0.1143
2309,2019,0.1217
2309,2020,0.1187
2309,2021,0.1296
2309,2022,0.1336
2309,2023,0.14560001
2309,2024,0.1441
2309,2025,0.15019999
2313,2006,0.1087
2313,2007,0.111
2313,2008,0.1167
2313,2009,0.1113
2313,2010,0.1153
2313,2011,0.1136
2313,2012,0.1233
2313,2013,0.1304
2313,2014,0.1389
2313,2015,0.1437
2313,2016,0.1415
2313,2017,0.14560001
2313,2018,0.1479
2313,2019,0.1539
2313,2020,0.1582
2313,2021,0.16680001
2313,2022,0.1706
2313,2023,0.18260001
2313,2024,0.1829
2313,2025,0.1848
2321,2006,0.089199997
2321,2007,0.095200002
2321,2008,0.095100001
2321,2009,0.090300001
2321,2010,0.093800001
2321,2011,0.094899997
2321,2012,0.1024
2321,2013,0.098300003
2321,2014,0.1024
2321,2015,0.1045
2321,2016,0.115
2321,2017,0.1117
2321,2018,0.1158
2321,2019,0.1189
2321,2020,0.1099
2321,2021,0.1246
2321,2022,0.1275
2321,2023,0.133
2321,2024,0.13160001
2321,2025,0.1392
2326,2006,0.1198
2326,2007,0.1278
2326,2008,0.1301
2326,2009,0.1251
2326,2010,0.1337
2326,2011,0.1389
2326,2012,0.1446
2326,2013,0.1434
2326,2014,0.15009999
2326,2015,0.14659999
2326,2016,0.145
2326,2017,0.15019999
2326,2018,0.1592
2326,2019,0.1728
2326,2020,0.1726
2326,2021,0.1723
2326,2022,0.17039999
2326,2023,0.1812
2326,2024,0.1858
2326,2025,0.184
2361,2006,0.099299997
2361,2007,0.092500001
2361,2008,0.096299998
2361,2009,0.099200003
2361,2010,0.1073
2361,2011,0.1087
2361,2012,0.1097
2361,2013,0.1136
2361,2014,0.1223
2361,2015,0.12639999
2361,2016,0.1213
2361,2017,0.1146
2361,2018,0.1156
2361,2019,0.1224
2361,2020,0.125
2361,2021,0.13060001
2361,2022,0.1353
2361,2023,0.1389
2361,2024,0.14560001
2361,2025,0.15109999
2380,2006,0.1074
2380,2007,0.1087
2380,2008,0.1093
2380,2009,0.1084
2380,2010,0.1119
2380,2011,0.1143
2380,2012,0.1151
2380,2013,0.1169
2380,2014,0.1224
2380,2015,0.1243
2380,2016,0.13070001
2380,2017,0.1353
2380,2018,0.1376
2380,2019,0.1425
2380,2020,0.146
2380,2021,0.1497
2380,2022,0.1586
2380,2023,0.16599999
2380,2024,0.1706
2380,2025,0.1717
2401,2006,0.095700003
2401,2007,0.097599998
2401,2008,0.094099998
2401,2009,0.096299998
2401,2010,0.0999
2401,2011,0.104
2401,2012,0.1039
2401,2013,0.1214
2401,2014,0.1208
2401,2015,0.1219
2401,2016,0.1232
2401,2017,0.1279
2401,2018,0.1211
2401,2019,0.1372
2401,2020,0.1416
2401,2021,0.14910001
2401,2022,0.15440001
2401,2023,0.16159999
2401,2024,0.1649
2401,2025,0.15710001
2403,2006,0.1103
2403,2007,0.1111
2403,2008,0.1056
2403,2009,0.098300003
2403,2010,0.1069
2403,2011,0.1026
2403,2012,0.1138
2403,2013,0.1211
2403,2014,0.1274
2403,2015,0.14569999
2403,2016,0.15180001
2403,2017,0.1565
2403,2018,0.15970001
2403,2019,0.1622
2403,2020,0.1508
2403,2021,0.1539
2403,2022,0.15449999
2403,2023,0.1692
2403,2024,0.1718
2403,2025,0.17380001
2404,2006,0.113
2404,2007,0.1105
2404,2008,0.1136
2404,2009,0.105
2404,2010,0.1126
2404,2011,0.1108
2404,2012,0.1216
2404,2013,0.1245
2404,2014,0.13950001
2404,2015,0.1382
2404,2016,0.1452
2404,2017,0.14040001
2404,2018,0.1488
2404,2019,0.15189999
2404,2020,0.1469
2404,2021,0.15279999
2404,2022,0.16419999
2404,2023,0.167
2404,2024,0.1752
2404,2025,0.17209999
2409,2006,0.1102
2409,2007,0.1102
2409,2008,0.1082
2409,2009,0.1132
2409,2010,0.1156
2409,2011,0.1162
2409,2012,0.1079
2409,2013,0.114
2409,2014,0.1203
2409,2015,0.12630001
2409,2016,0.12530001
2409,2017,0.1296
2409,2018,0.1365
2409,2019,0.14210001
2409,2020,0.142
2409,2021,0.14910001
2409,2022,0.1583
2409,2023,0.16680001
2409,2024,0.17120001
2409,2025,0.1743
2417,2006,0.1071
2417,2007,0.1159
2417,2008,0.1191
2417,2009,0.1227
2417,2010,0.1161
2417,2011,0.1196
2417,2012,0.1131
2417,2013,0.1269
2417,2014,0.1375
2417,2015,0.1515
2417,2016,0.1605
2417,2017,0.1584
2417,2018,0.1575
2417,2019,0.16419999
2417,2020,0.17389999
2417,2021,0.1874
2417,2022,0.19159999
2417,2023,0.19599999
2417,2024,0.2086
2417,2025,0.2014
2418,2006,0.1193
2418,2007,0.1143
2418,2008,0.119
2418,2009,0.1127
2418,2010,0.1098
2418,2011,0.1135
2418,2012,0.1163
2418,2013,0.1085
2418,2014,0.1258
2418,2015,0.1243
2418,2016,0.1221
2418,2017,0.1246
2418,2018,0.1463
2418,2019,0.15000001
2418,2020,0.1649
2418,2021,0.1645
2418,2022,0.17820001
2418,2023,0.18279999
2418,2024,0.1961
2418,2025,0.1991
2421,2006,0.1062
2421,2007,0.1146
2421,2008,0.1145
2421,2009,0.1113
2421,2010,0.1157
2421,2011,0.1228
2421,2012,0.1154
2421,2013,0.1104
2421,2014,0.1131
2421,2015,0.1235
2421,2016,0.1238
2421,2017,0.1232
2421,2018,0.12909999
2421,2019,0.1346
2421,2020,0.1382
2421,2021,0.1522
2421,2022,0.1469
2421,2023,0.1569
2421,2024,0.1648
2421,2025,0.1679
2422,2006,0.1295
2422,2007,0.12729999
2422,2008,0.1358
2422,2009,0.1331
2422,2010,0.1209
2422,2011,0.1224
2422,2012,0.1407
2422,2013,0.15279999
2422,2014,0.1409
2422,2015,0.1512
2422,2016,0.1453
2422,2017,0.1497
2422,2018,0.149
2422,2019,0.16240001
2422,2020,0.1564
2422,2021,0.1681
2422,2022,0.1569
2422,2023,0.1551
2422,2024,0.1637
2422,2025,0.1549
2425,2006,0.1169
2425,2007,0.1063
2425,2008,0.1069
2425,2009,0.1058
2425,2010,0.1069
2425,2011,0.1096
2425,2012,0.1173
2425,2013,0.1302
2425,2014,0.1375
2425,2015,0.15369999
2425,2016,0.14910001
2425,2017,0.1472
2425,2018,0.1376
2425,2019,0.1565
2425,2020,0.15629999
2425,2021,0.15800001
2425,2022,0.16410001
2425,2023,0.17919999
2425,2024,0.1717
2425,2025,0.1751
2460,2006,0.1029
2460,2007,0.098200001
2460,2008,0.091499999
2460,2009,0.094899997
2460,2010,0.094899997
2460,2011,0.094899997
2460,2012,0.1027
2460,2013,0.1042
2460,2014,0.1125
2460,2015,0.1192
2460,2016,0.12729999
2460,2017,0.1376
2460,2018,0.1332
2460,2019,0.1366
2460,2020,0.1393
2460,2021,0.14929999
2460,2022,0.1548
2460,2023,0.1626
2460,2024,0.17919999
2460,2025,0.1672
2462,2006,0.085000001
2462,2007,0.089299999
2462,2008,0.090099998
2462,2009,0.086599998
2462,2010,0.093599997
2462,2011,0.1045
2462,2012,0.1062
2462,2013,0.1135
2462,2014,0.1219
2462,2015,0.1211
2462,2016,0.12819999
2462,2017,0.1247
2462,2018,0.12890001
2462,2019,0.13060001
2462,2020,0.1398
2462,2021,0.1384
2462,2022,0.13789999
2462,2023,0.1464
2462,2024,0.15880001
2462,2025,0.1648
2463,2006,0.1193
2463,2007,0.1131
2463,2008,0.1143
2463,2009,0.1026
2463,2010,0.1135
2463,2011,0.1145
2463,2012,0.1173
2463,2013,0.1175
2463,2014,0.1173
2463,2015,0.1143
2463,2016,0.1267
2463,2017,0.1213
2463,2018,0.1296
2463,2019,0.14139999
2463,2020,0.1408
2463,2021,0.1551
2463,2022,0.1459
2463,2023,0.1557
2463,2024,0.1628
2463,2025,0.1574
2480,2006,0.093400002
2480,2007,0.096500002
2480,2008,0.098099999
2480,2009,0.097099997
2480,2010,0.098999999
2480,2011,0.1051
2480,2012,0.1092
2480,2013,0.1118
2480,2014,0.1178
2480,2015,0.1228
2480,2016,0.1266
2480,2017,0.12970001
2480,2018,0.13259999
2480,2019,0.13789999
2480,2020,0.14129999
2480,2021,0.15000001
2480,2022,0.1564
2480,2023,0.1601
2480,2024,0.1645
2480,2025,0.1655
2481,2006,0.093900003
2481,2007,0.1001
2481,2008,0.1004
2481,2009,0.099799998
2481,2010,0.1007
2481,2011,0.1073
2481,2012,0.1103
2481,2013,0.1133
2481,2014,0.1239
2481,2015,0.13
2481,2016,0.1336
2481,2017,0.13519999
2481,2018,0.1354
2481,2019,0.1489
2481,2020,0.1538
2481,2021,0.1567
2481,2022,0.16590001
2481,2023,0.1706
2481,2024,0.1795
2481,2025,0.1806
2482,2006,0.1195
2482,2007,0.1246
2482,2008,0.1266
2482,2009,0.12819999
2482,2010,0.12800001
2482,2011,0.1313
2482,2012,0.1356
2482,2013,0.1391
2482,2014,0.1437
2482,2015,0.1506
2482,2016,0.154
2482,2017,0.1564
2482,2018,0.1609
2482,2019,0.1663
2482,2020,0.16769999
2482,2021,0.1741
2482,2022,0.17739999
2482,2023,0.1794
2482,2024,0.1824
2482,2025,0.18780001
2505,2006,0.1019
2505,2007,0.1025
2505,2008,0.1
2505,2009,0.105
2505,2010,0.1093
2505,2011,0.1039
2505,2012,0.1125
2505,2013,0.1094
2505,2014,0.1123
2505,2015,0.1194
2505,2016,0.122
2505,2017,0.12899999
2505,2018,0.12
2505,2019,0.1399
2505,2020,0.1408
2505,2021,0.1408
2505,2022,0.1533
2505,2023,0.16599999
2505,2024,0.1565
2505,2025,0.1653
2506,2006,0.083899997
2506,2007,0.075800002
2506,2008,0.081299998
2506,2009,0.088799998
2506,2010,0.0876
2506,2011,0.1098
2506,2012,0.1172
2506,2013,0.1162
2506,2014,0.1311
2506,2015,0.1388
2506,2016,0.146
2506,2017,0.1367
2506,2018,0.1367
2506,2019,0.14380001
2506,2020,0.14929999
2506,2021,0.14749999
2506,2022,0.15970001
2506,2023,0.17039999
2506,2024,0.18009999
2506,2025,0.1866
2510,2006,0.070100002
2510,2007,0.0722
2510,2008,0.068999998
2510,2009,0.0669
2510,2010,0.071199998
2510,2011,0.066699997
2510,2012,0.068099998
2510,2013,0.071199998
2510,2014,0.0779
2510,2015,0.0845
2510,2016,0.079599999
2510,2017,0.082000002
2510,2018,0.082599998
2510,2019,0.081299998
2510,2020,0.097099997
2510,2021,0.1
2510,2022,0.1071
2510,2023,0.115
2510,2024,0.1212
2510,2025,0.1196
2513,2006,0.1031
2513,2007,0.092799999
2513,2008,0.090400003
2513,2009,0.092200004
2513,2010,0.098700002
2513,2011,0.1035
2513,2012,0.1121
2513,2013,0.1105
2513,2014,0.1145
2513,2015,0.1152
2513,2016,0.1122
2513,2017,0.1154
2513,2018,0.1128
2513,2019,0.123
2513,2020,0.1207
2513,2021,0.1156
2513,2022,0.1276
2513,2023,0.1288
2513,2024,0.1285
2513,2025,0.1321
2514,2006,0.099100001
2514,2007,0.1023
2514,2008,0.102
2514,2009,0.1042
2514,2010,0.1037
2514,2011,0.1046
2514,2012,0.1087
2514,2013,0.1153
2514,2014,0.1192
2514,2015,0.1295
2514,2016,0.13680001
2514,2017,0.1416
2514,2018,0.14569999
2514,2019,0.15369999
2514,2020,0.1593
2514,2021,0.16159999
2514,2022,0.16580001
2514,2023,0.1734
2514,2024,0.1788
2514,2025,0.175
2518,2006,0.081799999
2518,2007,0.087800004
2518,2008,0.087499999
2518,2009,0.085000001
2518,2010,0.081900001
2518,2011,0.097999997
2518,2012,0.093900003
2518,2013,0.092100002
2518,2014,0.090499997
2518,2015,0.1006
2518,2016,0.1007
2518,2017,0.096000001
2518,2018,0.0995
2518,2019,0.106
2518,2020,0.109
2518,2021,0.1102
2518,2022,0.1194
2518,2023,0.13349999
2518,2024,0.126
2518,2025,0.14219999
2521,2006,0.078400001
2521,2007,0.071699999
2521,2008,0.072099999
2521,2009,0.068599999
2521,2010,0.073100001
2521,2011,0.070200004
2521,2012,0.073700003
2521,2013,0.0634
2521,2014,0.070900001
2521,2015,0.074299999
2521,2016,0.085199997
2521,2017,0.093500003
2521,2018,0.096199997
2521,2019,0.091499999
2521,2020,0.092900001
2521,2021,0.1064
2521,2022,0.1229
2521,2023,0.1146
2521,2024,0.1136
2521,2025,0.1153
2523,2006,0.083800003
2523,2007,0.0823
2523,2008,0.0757
2523,2009,0.077799998
2523,2010,0.081500001
2523,2011,0.081
2523,2012,0.083300002
2523,2013,0.088799998
2523,2014,0.094300002
2523,2015,0.1021
2523,2016,0.1103
2523,2017,0.1148
2523,2018,0.1121
2523,2019,0.1114
2523,2020,0.1125
2523,2021,0.1233
2523,2022,0.1312
2523,2023,0.1374
2523,2024,0.14480001
2523,2025,0.1454
2560,2006,0.1029
2560,2007,0.1094
2560,2008,0.11
2560,2009,0.1103
2560,2010,0.11
2560,2011,0.1127
2560,2012,0.1219
2560,2013,0.1235
2560,2014,0.127
2560,2015,0.13160001
2560,2016,0.1402
2560,2017,0.14
2560,2018,0.14
2560,2019,0.1408
2560,2020,0.14929999
2560,2021,0.156
2560,2022,0.1631
2560,2023,0.1662
2560,2024,0.1745
2560,2025,0.1742
2580,2006,0.088299997
2580,2007,0.090499997
2580,2008,0.088100001
2580,2009,0.090300001
2580,2010,0.090999998
2580,2011,0.0942
2580,2012,0.096000001
2580,2013,0.1006
2580,2014,0.1048
2580,2015,0.1114
2580,2016,0.1168
2580,2017,0.1211
2580,2018,0.1244
2580,2019,0.1267
2580,2020,0.1283
2580,2021,0.1348
2580,2022,0.14129999
2580,2023,0.1487
2580,2024,0.1516
2580,2025,0.1529
2581,2006,0.1046
2581,2007,0.1093
2581,2008,0.1078
2581,2009,0.1075
2581,2010,0.1129
2581,2011,0.1176
2581,2012,0.1207
2581,2013,0.1229
2581,2014,0.1302
2581,2015,0.1363
2581,2016,0.14569999
2581,2017,0.1496
2581,2018,0.1503
2581,2019,0.1523
2581,2020,0.15459999
2581,2021,0.15989999
2581,2022,0.1663
2581,2023,0.17479999
2581,2024,0.17910001
2581,2025,0.1795
2582,2006,0.1023
2582,2007,0.1016
2582,2008,0.1004
2582,2009,0.1003
2582,2010,0.099699996
2582,2011,0.1027
2582,2012,0.1062
2582,2013,0.1099
2582,2014,0.114
2582,2015,0.1206
2582,2016,0.1182
2582,2017,0.1227
2582,2018,0.1314
2582,2019,0.1347
2582,2020,0.1348
2582,2021,0.1416
2582,2022,0.147
2582,2023,0.1548
2582,2024,0.1582
2582,2025,0.1587
2583,2006,0.0823
2583,2007,0.078699999
2583,2008,0.079599999
2583,2009,0.073899999
2583,2010,0.079999998
2583,2011,0.089100003
2583,2012,0.089500003
2583,2013,0.093999997
2583,2014,0.091799997
2583,2015,0.094599999
2583,2016,0.1006
2583,2017,0.1052
2583,2018,0.1129
2583,2019,0.119
2583,2020,0.1246
2583,2021,0.1259
2583,2022,0.12809999
2583,2023,0.1376
2583,2024,0.14219999
2583,2025,0.1436
2584,2006,0.066299997
2584,2007,0.066399999
2584,2008,0.068099998
2584,2009,0.066799998
2584,2010,0.064400002
2584,2011,0.067900002
2584,2012,0.071500003
2584,2013,0.071900003
2584,2014,0.076899998
2584,2015,0.079300001
2584,2016,0.080300003
2584,2017,0.086199999
2584,2018,0.086900003
2584,2019,0.090400003
2584,2020,0.092100002
2584,2021,0.095200002
2584,2022,0.1019
2584,2023,0.1074
2584,2024,0.1071
2584,2025,0.1073
