kommun,year,dodlighet
0114,2006,0.0063999998
0114,2007,0.0070000002
0114,2008,0.0071999999
0114,2009,0.0052
0114,2010,0.0066999998
0114,2011,0.0066999998
0114,2012,0.0065000001
0114,2013,0.0066
0114,2014,0.0077
0114,2015,0.0068000001
0114,2016,0.0071999999
0114,2017,0.0066999998
0114,2018,0.0071
0114,2019,0.0065000001
0114,2020,0.0078999996
0114,2021,0.0068000001
0114,2022,0.0063999998
0114,2023,0.0068999999
0114,2024,0.0073000002
0114,2025,0.0070000002
0115,2006,0.0055999998
0115,2007,0.0063999998
0115,2008,0.0062000002
0115,2009,0.0060000001
0115,2010,0.0068999999
0115,2011,0.0055999998
0115,2012,0.0054000001
0115,2013,0.0057000001
0115,2014,0.0052999998
0115,2015,0.0060999999
0115,2016,0.0049999999
0115,2017,0.0060999999
0115,2018,0.0071
0115,2019,0.0057000001
0115,2020,0.0068999999
0115,2021,0.0066
0115,2022,0.0065000001
0115,2023,0.0068999999
0115,2024,0.0066
0115,2025,0.0054000001
0117,2006,0.0057999999
0117,2007,0.0051000002
0117,2008,0.0057999999
0117,2009,0.0057000001
0117,2010,0.0060999999
0117,2011,0.0068000001
0117,2012,0.0066
0117,2013,0.0063
0117,2014,0.0063999998
0117,2015,0.0070000002
0117,2016,0.0068000001
0117,2017,0.0068999999
0117,2018,0.0063999998
0117,2019,0.0060999999
0117,2020,0.0088
0117,2021,0.0066
0117,2022,0.0074999998
0117,2023,0.0066
0117,2024,0.0068999999
0117,2025,0.0066
0120,2006,0.0052999998
0120,2007,0.0057000001
0120,2008,0.0059000002
0120,2009,0.0059000002
0120,2010,0.0063999998
0120,2011,0.0062000002
0120,2012,0.0057000001
0120,2013,0.0052999998
0120,2014,0.0065000001
0120,2015,0.0066
0120,2016,0.0060000001
0120,2017,0.0057000001
0120,2018,0.0063999998
0120,2019,0.0054000001
0120,2020,0.0065000001
0120,2021,0.0057999999
0120,2022,0.0066999998
0120,2023,0.0062000002
0120,2024,0.0063999998
0120,2025,0.0068999999
0123,2006,0.0071
0123,2007,0.0065000001
0123,2008,0.0070000002
0123,2009,0.0062000002
0123,2010,0.0068999999
0123,2011,0.0073000002
0123,2012,0.0068999999
0123,2013,0.0071
0123,2014,0.0068999999
0123,2015,0.0071999999
0123,2016,0.0066
0123,2017,0.0071999999
0123,2018,0.0068000001
0123,2019,0.0071999999
0123,2020,0.0077999998
0123,2021,0.0062000002
0123,2022,0.0071999999
0123,2023,0.0066
0123,2024,0.0059000002
0123,2025,0.0063999998
0125,2006,0.0052
0125,2007,0.0060000001
0125,2008,0.0052999998
0125,2009,0.0057000001
0125,2010,0.0059000002
0125,2011,0.0060999999
0125,2012,0.0062000002
0125,2013,0.0054000001
0125,2014,0.0060000001
0125,2015,0.0055
0125,2016,0.0057000001
0125,2017,0.0065000001
0125,2018,0.0063
0125,2019,0.0057999999
0125,2020,0.0071
0125,2021,0.0066999998
0125,2022,0.0063999998
0125,2023,0.0070000002
0125,2024,0.0055
0125,2025,0.0071
0126,2006,0.0062000002
0126,2007,0.0062000002
0126,2008,0.0060000001
0126,2009,0.0060000001
0126,2010,0.0068000001
0126,2011,0.0060000001
0126,2012,0.0055999998
0126,2013,0.0057000001
0126,2014,0.0055999998
0126,2015,0.0060000001
0126,2016,0.0060999999
0126,2017,0.0057000001
0126,2018,0.0057999999
0126,2019,0.0055999998
0126,2020,0.0060000001
0126,2021,0.0054000001
0126,2022,0.0055999998
0126,2023,0.0057999999
0126,2024,0.0052999998
0126,2025,0.0057000001
0127,2006,0.0066
0127,2007,0.0060000001
0127,2008,0.0057000001
0127,2009,0.0063
0127,2010,0.0059000002
0127,2011,0.0055999998
0127,2012,0.0063
0127,2013,0.0059000002
0127,2014,0.0057999999
0127,2015,0.0062000002
0127,2016,0.0060000001
0127,2017,0.0065000001
0127,2018,0.0065000001
0127,2019,0.0055999998
0127,2020,0.0068999999
0127,2021,0.0057999999
0127,2022,0.0060000001
0127,2023,0.0057000001
0127,2024,0.0057999999
0127,2025,0.0065000001
0128,2006,0.0048000002
0128,2007,0.0066
0128,2008,0.0049999999
0128,2009,0.0057000001
0128,2010,0.0063
0128,2011,0.0055999998
0128,2012,0.0068999999
0128,2013,0.0059000002
0128,2014,0.0066
0128,2015,0.0063999998
0128,2016,0.0063
0128,2017,0.0081000002
0128,2018,0.0074
0128,2019,0.0065000001
0128,2020,0.0083999997
0128,2021,0.0073000002
0128,2022,0.0065000001
0128,2023,0.0080000004
0128,2024,0.0082999999
0128,2025,0.0081000002
0136,2006,0.0060999999
0136,2007,0.0068000001
0136,2008,0.0063999998
0136,2009,0.0062000002
0136,2010,0.0063
0136,2011,0.0068999999
0136,2012,0.0063999998
0136,2013,0.0062000002
0136,2014,0.0063999998
0136,2015,0.0066
0136,2016,0.0065000001
0136,2017,0.0066999998
0136,2018,0.0063
0136,2019,0.0063
0136,2020,0.0074999998
0136,2021,0.0066
0136,2022,0.0066999998
0136,2023,0.0060000001
0136,2024,0.0057999999
0136,2025,0.0060000001
0138,2006,0.0062000002
0138,2007,0.0054000001
0138,2008,0.0060000001
0138,2009,0.0055999998
0138,2010,0.0060999999
0138,2011,0.0060999999
0138,2012,0.0060000001
0138,2013,0.0057000001
0138,2014,0.0063999998
0138,2015,0.0070000002
0138,2016,0.0065000001
0138,2017,0.0068999999
0138,2018,0.0062000002
0138,2019,0.0063
0138,2020,0.0074999998
0138,2021,0.0063
0138,2022,0.0076000001
0138,2023,0.0068000001
0138,2024,0.0066
0138,2025,0.0066999998
0139,2006,0.0055999998
0139,2007,0.0065000001
0139,2008,0.0055
0139,2009,0.0057000001
0139,2010,0.0052999998
0139,2011,0.0066
0139,2012,0.0055
0139,2013,0.0055
0139,2014,0.0070000002
0139,2015,0.0060000001
0139,2016,0.0062000002
0139,2017,0.0060000001
0139,2018,0.0060000001
0139,2019,0.0055999998
0139,2020,0.0070000002
0139,2021,0.0060000001
0139,2022,0.0059000002
0139,2023,0.0057000001
0139,2024,0.0062000002
0139,2025,0.0060999999
0140,2006,0.0060000001
0140,2007,0.0055
0140,2008,0.0060999999
0140,2009,0.0055999998
0140,2010,0.0055
0140,2011,0.0062000002
0140,2012,0.0068000001
0140,2013,0.0068000001
0140,2014,0.0059000002
0140,2015,0.0066
0140,2016,0.0066999998
0140,2017,0.0059000002
0140,2018,0.0057999999
0140,2019,0.0052999998
0140,2020,0.0065000001
0140,2021,0.0059000002
0140,2022,0.0063
0140,2023,0.0057000001
0140,2024,0.0055999998
0140,2025,0.0074
0160,2006,0.0071
0160,2007,0.0070000002
0160,2008,0.0071
0160,2009,0.0068000001
0160,2010,0.0071
0160,2011,0.0074
0160,2012,0.0070000002
0160,2013,0.0068000001
0160,2014,0.0070000002
0160,2015,0.0073000002
0160,2016,0.0068999999
0160,2017,0.0073000002
0160,2018,0.0073000002
0160,2019,0.0068999999
0160,2020,0.0077999998
0160,2021,0.0074999998
0160,2022,0.0077999998
0160,2023,0.0068999999
0160,2024,0.0068999999
0160,2025,0.0071
0162,2006,0.0082999999
0162,2007,0.0089999996
0162,2008,0.0088999998
0162,2009,0.0089999996
0162,2010,0.0088999998
0162,2011,0.0088999998
0162,2012,0.0085000005
0162,2013,0.0087000001
0162,2014,0.0085000005
0162,2015,0.0088999998
0162,2016,0.0083999997
0162,2017,0.0085000005
0162,2018,0.0092000002
0162,2019,0.0078999996
0162,2020,0.0086000003
0162,2021,0.0082
0162,2022,0.0082999999
0162,2023,0.0073000002
0162,2024,0.0081000002
0162,2025,0.0076000001
0163,2006,0.0060000001
0163,2007,0.0063999998
0163,2008,0.0065000001
0163,2009,0.0060000001
0163,2010,0.0066
0163,2011,0.0059000002
0163,2012,0.0068999999
0163,2013,0.0063
0163,2014,0.0060000001
0163,2015,0.0063999998
0163,2016,0.0065000001
0163,2017,0.0065000001
0163,2018,0.0071999999
0163,2019,0.0060000001
0163,2020,0.0082999999
0163,2021,0.0057999999
0163,2022,0.0063999998
0163,2023,0.0063999998
0163,2024,0.0063999998
0163,2025,0.0060000001
0180,2006,0.0097000003
0180,2007,0.0093999999
0180,2008,0.0089999996
0180,2009,0.0086000003
0180,2010,0.0083999997
0180,2011,0.0082
0180,2012,0.0080000004
0180,2013,0.0074999998
0180,2014,0.0074
0180,2015,0.0073000002
0180,2016,0.0073000002
0180,2017,0.0068999999
0180,2018,0.0068000001
0180,2019,0.0066
0180,2020,0.0076000001
0180,2021,0.0063999998
0180,2022,0.0063999998
0180,2023,0.0063
0180,2024,0.0059000002
0180,2025,0.0060000001
0181,2006,0.0087000001
0181,2007,0.0089999996
0181,2008,0.0086000003
0181,2009,0.0081000002
0181,2010,0.0085000005
0181,2011,0.0081000002
0181,2012,0.0077999998
0181,2013,0.0077999998
0181,2014,0.0077
0181,2015,0.0076000001
0181,2016,0.0080000004
0181,2017,0.0074
0181,2018,0.0077
0181,2019,0.0066999998
0181,2020,0.0092000002
0181,2021,0.0071
0181,2022,0.0070000002
0181,2023,0.0073000002
0181,2024,0.0066
0181,2025,0.0071
0182,2006,0.0070000002
0182,2007,0.0073000002
0182,2008,0.0071
0182,2009,0.0074999998
0182,2010,0.0066999998
0182,2011,0.0063999998
0182,2012,0.0063
0182,2013,0.0063
0182,2014,0.0066999998
0182,2015,0.0063
0182,2016,0.0063999998
0182,2017,0.0062000002
0182,2018,0.0068999999
0182,2019,0.0059000002
0182,2020,0.0066999998
0182,2021,0.0057999999
0182,2022,0.0063
0182,2023,0.0063
0182,2024,0.0063
0182,2025,0.0065000001
0183,2006,0.0093999999
0183,2007,0.0103
0183,2008,0.0086000003
0183,2009,0.0082999999
0183,2010,0.0083999997
0183,2011,0.0073000002
0183,2012,0.0082
0183,2013,0.0074999998
0183,2014,0.0073000002
0183,2015,0.0070000002
0183,2016,0.0063999998
0183,2017,0.0063999998
0183,2018,0.0066999998
0183,2019,0.0057999999
0183,2020,0.0071
0183,2021,0.0052
0183,2022,0.0057999999
0183,2023,0.0055
0183,2024,0.0048000002
0183,2025,0.0052999998
0184,2006,0.0106
0184,2007,0.0098000001
0184,2008,0.0102
0184,2009,0.0091000004
0184,2010,0.0082999999
0184,2011,0.0081000002
0184,2012,0.0085000005
0184,2013,0.0086000003
0184,2014,0.0082999999
0184,2015,0.0076000001
0184,2016,0.0076000001
0184,2017,0.0071
0184,2018,0.0077
0184,2019,0.0066999998
0184,2020,0.0077999998
0184,2021,0.0066
0184,2022,0.0066999998
0184,2023,0.0060999999
0184,2024,0.0059000002
0184,2025,0.0060000001
0186,2006,0.0096000005
0186,2007,0.0101
0186,2008,0.0091000004
0186,2009,0.0088999998
0186,2010,0.0097000003
0186,2011,0.0089999996
0186,2012,0.0096000005
0186,2013,0.0086000003
0186,2014,0.0093999999
0186,2015,0.0086000003
0186,2016,0.0087000001
0186,2017,0.0086000003
0186,2018,0.0087000001
0186,2019,0.0082
0186,2020,0.0101
0186,2021,0.0078999996
0186,2022,0.0074
0186,2023,0.0083999997
0186,2024,0.0082
0186,2025,0.0078999996
0187,2006,0.0070000002
0187,2007,0.0063999998
0187,2008,0.0063
0187,2009,0.0060000001
0187,2010,0.0077
0187,2011,0.0073000002
0187,2012,0.0074999998
0187,2013,0.0076000001
0187,2014,0.0060999999
0187,2015,0.0073000002
0187,2016,0.0068000001
0187,2017,0.0054000001
0187,2018,0.0068999999
0187,2019,0.0060999999
0187,2020,0.0071999999
0187,2021,0.0082999999
0187,2022,0.0063
0187,2023,0.0077
0187,2024,0.0074999998
0187,2025,0.0068999999
0188,2006,0.011
0188,2007,0.0107
0188,2008,0.0109
0188,2009,0.011
0188,2010,0.0113
0188,2011,0.0114
0188,2012,0.0104
0188,2013,0.0112
0188,2014,0.0107
0188,2015,0.011
0188,2016,0.0121
0188,2017,0.0116
0188,2018,0.0116
0188,2019,0.011
0188,2020,0.0125
0188,2021,0.0119
0188,2022,0.0116
0188,2023,0.0121
0188,2024,0.0102
0188,2025,0.0118
0191,2006,0.0071
0191,2007,0.0074
0191,2008,0.0070000002
0191,2009,0.0060999999
0191,2010,0.0059000002
0191,2011,0.0068000001
0191,2012,0.0063
0191,2013,0.0057000001
0191,2014,0.0070000002
0191,2015,0.0071
0191,2016,0.0065000001
0191,2017,0.0074
0191,2018,0.0066
0191,2019,0.0059000002
0191,2020,0.0085000005
0191,2021,0.0063999998
0191,2022,0.0062000002
0191,2023,0.0063
0191,2024,0.0060000001
0191,2025,0.0055999998
0192,2006,0.0098999999
0192,2007,0.0102
0192,2008,0.0093
0192,2009,0.0088
0192,2010,0.0098999999
0192,2011,0.0098000001
0192,2012,0.0092000002
0192,2013,0.0099999998
0192,2014,0.0104
0192,2015,0.0091000004
0192,2016,0.0094999997
0192,2017,0.0104
0192,2018,0.0094999997
0192,2019,0.0098000001
0192,2020,0.0098999999
0192,2021,0.0085000005
0192,2022,0.0093999999
0192,2023,0.0087000001
0192,2024,0.0078999996
0192,2025,0.0094999997
0305,2006,0.0044
0305,2007,0.0046000001
0305,2008,0.0052999998
0305,2009,0.0049000001
0305,2010,0.0057000001
0305,2011,0.0057000001
0305,2012,0.0055999998
0305,2013,0.0060999999
0305,2014,0.0060999999
0305,2015,0.0060000001
0305,2016,0.0068999999
0305,2017,0.0066999998
0305,2018,0.0065000001
0305,2019,0.0071
0305,2020,0.0066
0305,2021,0.0063
0305,2022,0.0073000002
0305,2023,0.0071999999
0305,2024,0.0074999998
0305,2025,0.0074999998
0319,2006,0.0118
0319,2007,0.0133
0319,2008,0.0114
0319,2009,0.0107
0319,2010,0.0113
0319,2011,0.0108
0319,2012,0.0118
0319,2013,0.0107
0319,2014,0.011
0319,2015,0.0122
0319,2016,0.0103
0319,2017,0.0107
0319,2018,0.0114
0319,2019,0.0104
0319,2020,0.013
0319,2021,0.0093999999
0319,2022,0.0114
0319,2023,0.0122
0319,2024,0.0106
0319,2025,0.0102
0330,2006,0.0052
0330,2007,0.0066999998
0330,2008,0.0052999998
0330,2009,0.0048000002
0330,2010,0.0055999998
0330,2011,0.0054000001
0330,2012,0.0057999999
0330,2013,0.0049999999
0330,2014,0.0051000002
0330,2015,0.0051000002
0330,2016,0.0044999998
0330,2017,0.0055
0330,2018,0.0049000001
0330,2019,0.0043000001
0330,2020,0.0052999998
0330,2021,0.0044999998
0330,2022,0.0060999999
0330,2023,0.0044999998
0330,2024,0.0043000001
0330,2025,0.0048000002
0331,2006,0.0103
0331,2007,0.0115
0331,2008,0.0108
0331,2009,0.0093
0331,2010,0.0109
0331,2011,0.012
0331,2012,0.0109
0331,2013,0.0108
0331,2014,0.0112
0331,2015,0.0116
0331,2016,0.0107
0331,2017,0.0121
0331,2018,0.0093999999
0331,2019,0.0124
0331,2020,0.0119
0331,2021,0.0121
0331,2022,0.0098999999
0331,2023,0.0104
0331,2024,0.0118
0331,2025,0.0102
0360,2006,0.0123
0360,2007,0.0119
0360,2008,0.0133
0360,2009,0.0118
0360,2010,0.0126
0360,2011,0.0123
0360,2012,0.0112
0360,2013,0.0114
0360,2014,0.0127
0360,2015,0.0119
0360,2016,0.0125
0360,2017,0.0111
0360,2018,0.0118
0360,2019,0.0099999998
0360,2020,0.0118
0360,2021,0.0113
0360,2022,0.0116
0360,2023,0.0108
0360,2024,0.0124
0360,2025,0.0115
0380,2006,0.0073000002
0380,2007,0.0074999998
0380,2008,0.0071
0380,2009,0.0071999999
0380,2010,0.0068999999
0380,2011,0.0070000002
0380,2012,0.0070000002
0380,2013,0.0071
0380,2014,0.0066999998
0380,2015,0.0068999999
0380,2016,0.0063999998
0380,2017,0.0068000001
0380,2018,0.0066999998
0380,2019,0.0063999998
0380,2020,0.0068999999
0380,2021,0.0066999998
0380,2022,0.0066999998
0380,2023,0.0065000001
0380,2024,0.0065000001
0380,2025,0.0060999999
0381,2006,0.0097000003
0381,2007,0.0106
0381,2008,0.0091000004
0381,2009,0.0103
0381,2010,0.0098000001
0381,2011,0.0099999998
0381,2012,0.0093999999
0381,2013,0.0093999999
0381,2014,0.0091000004
0381,2015,0.0098000001
0381,2016,0.0101
0381,2017,0.0089999996
0381,2018,0.0099999998
0381,2019,0.0088
0381,2020,0.0093999999
0381,2021,0.0088999998
0381,2022,0.0092000002
0381,2023,0.0091000004
0381,2024,0.0089999996
0381,2025,0.0081000002
0382,2006,0.0107
0382,2007,0.0117
0382,2008,0.0114
0382,2009,0.012
0382,2010,0.0112
0382,2011,0.0114
0382,2012,0.0129
0382,2013,0.0107
0382,2014,0.0114
0382,2015,0.0099999998
0382,2016,0.0116
0382,2017,0.011
0382,2018,0.0113
0382,2019,0.0093
0382,2020,0.0126
0382,2021,0.0122
0382,2022,0.0124
0382,2023,0.0126
0382,2024,0.0122
0382,2025,0.0116
0428,2006,0.0122
0428,2007,0.0112
0428,2008,0.0117
0428,2009,0.0141
0428,2010,0.0102
0428,2011,0.013
0428,2012,0.0118
0428,2013,0.0098000001
0428,2014,0.0088
0428,2015,0.0137
0428,2016,0.0126
0428,2017,0.0127
0428,2018,0.0122
0428,2019,0.0126
0428,2020,0.0126
0428,2021,0.0136
0428,2022,0.011
0428,2023,0.0126
0428,2024,0.013
0428,2025,0.0115
0461,2006,0.0114
0461,2007,0.0102
0461,2008,0.0124
0461,2009,0.0092000002
0461,2010,0.0107
0461,2011,0.0086000003
0461,2012,0.0103
0461,2013,0.0106
0461,2014,0.0119
0461,2015,0.0094999997
0461,2016,0.0078999996
0461,2017,0.0103
0461,2018,0.0077
0461,2019,0.0103
0461,2020,0.011
0461,2021,0.0099999998
0461,2022,0.0089999996
0461,2023,0.0098000001
0461,2024,0.0098999999
0461,2025,0.0092000002
0480,2006,0.0108
0480,2007,0.0106
0480,2008,0.0108
0480,2009,0.0112
0480,2010,0.011
0480,2011,0.011
0480,2012,0.0107
0480,2013,0.0104
0480,2014,0.0103
0480,2015,0.0103
0480,2016,0.0104
0480,2017,0.0108
0480,2018,0.0102
0480,2019,0.0096000005
0480,2020,0.0107
0480,2021,0.0108
0480,2022,0.0104
0480,2023,0.011
0480,2024,0.0098999999
0480,2025,0.0094999997
0481,2006,0.0119
0481,2007,0.0119
0481,2008,0.0122
0481,2009,0.0126
0481,2010,0.0123
0481,2011,0.0109
0481,2012,0.0117
0481,2013,0.0138
0481,2014,0.0128
0481,2015,0.0113
0481,2016,0.012
0481,2017,0.0127
0481,2018,0.015
0481,2019,0.0126
0481,2020,0.0149
0481,2021,0.0124
0481,2022,0.0139
0481,2023,0.0131
0481,2024,0.0137
0481,2025,0.014
0482,2006,0.0123
0482,2007,0.0119
0482,2008,0.0126
0482,2009,0.0129
0482,2010,0.0134
0482,2011,0.0117
0482,2012,0.0124
0482,2013,0.0123
0482,2014,0.0119
0482,2015,0.0128
0482,2016,0.0118
0482,2017,0.0111
0482,2018,0.0129
0482,2019,0.0126
0482,2020,0.014
0482,2021,0.0127
0482,2022,0.0134
0482,2023,0.0128
0482,2024,0.0136
0482,2025,0.014
0483,2006,0.0121
0483,2007,0.0119
0483,2008,0.0134
0483,2009,0.0121
0483,2010,0.0105
0483,2011,0.0128
0483,2012,0.0121
0483,2013,0.0114
0483,2014,0.0106
0483,2015,0.0118
0483,2016,0.0115
0483,2017,0.0106
0483,2018,0.0115
0483,2019,0.0099999998
0483,2020,0.0113
0483,2021,0.0114
0483,2022,0.0115
0483,2023,0.0113
0483,2024,0.0111
0483,2025,0.0117
0484,2006,0.0106
0484,2007,0.0113
0484,2008,0.0113
0484,2009,0.0103
0484,2010,0.0098999999
0484,2011,0.0098999999
0484,2012,0.0099999998
0484,2013,0.0098000001
0484,2014,0.0097000003
0484,2015,0.0098999999
0484,2016,0.0098000001
0484,2017,0.0098000001
0484,2018,0.0097000003
0484,2019,0.0089999996
0484,2020,0.0101
0484,2021,0.0094999997
0484,2022,0.0093
0484,2023,0.0103
0484,2024,0.0093999999
0484,2025,0.0096000005
0486,2006,0.0099999998
0486,2007,0.0099999998
0486,2008,0.0088999998
0486,2009,0.0109
0486,2010,0.0096000005
0486,2011,0.0101
0486,2012,0.0104
0486,2013,0.0089999996
0486,2014,0.0082
0486,2015,0.0093999999
0486,2016,0.0097000003
0486,2017,0.0096000005
0486,2018,0.0091000004
0486,2019,0.0097000003
0486,2020,0.0096000005
0486,2021,0.0089999996
0486,2022,0.0096000005
0486,2023,0.0088999998
0486,2024,0.0089999996
0486,2025,0.0092000002
0488,2006,0.0074
0488,2007,0.0077
0488,2008,0.0092000002
0488,2009,0.0085000005
0488,2010,0.0102
0488,2011,0.0092000002
0488,2012,0.0108
0488,2013,0.0088999998
0488,2014,0.0080000004
0488,2015,0.0082999999
0488,2016,0.0104
0488,2017,0.0082999999
0488,2018,0.0087000001
0488,2019,0.0085000005
0488,2020,0.0087000001
0488,2021,0.0071999999
0488,2022,0.0098000001
0488,2023,0.0092000002
0488,2024,0.0091000004
0488,2025,0.0089999996
0509,2006,0.0111
0509,2007,0.0149
0509,2008,0.014
0509,2009,0.0123
0509,2010,0.0105
0509,2011,0.0114
0509,2012,0.0132
0509,2013,0.0117
0509,2014,0.0118
0509,2015,0.0093999999
0509,2016,0.0118
0509,2017,0.0122
0509,2018,0.0101
0509,2019,0.0135
0509,2020,0.0114
0509,2021,0.0111
0509,2022,0.0092000002
0509,2023,0.0113
0509,2024,0.0116
0509,2025,0.0143
0512,2006,0.0119
0512,2007,0.0154
0512,2008,0.0133
0512,2009,0.014
0512,2010,0.0125
0512,2011,0.0125
0512,2012,0.0136
0512,2013,0.0138
0512,2014,0.0099999998
0512,2015,0.0131
0512,2016,0.0107
0512,2017,0.015
0512,2018,0.0129
0512,2019,0.0131
0512,2020,0.0104
0512,2021,0.0107
0512,2022,0.0133
0512,2023,0.0122
0512,2024,0.0135
0512,2025,0.0121
0513,2006,0.0128
0513,2007,0.0107
0513,2008,0.0121
0513,2009,0.0139
0513,2010,0.0121
0513,2011,0.0111
0513,2012,0.0118
0513,2013,0.0123
0513,2014,0.0102
0513,2015,0.0112
0513,2016,0.0115
0513,2017,0.0113
0513,2018,0.0127
0513,2019,0.0103
0513,2020,0.011
0513,2021,0.0129
0513,2022,0.0121
0513,2023,0.0133
0513,2024,0.0102
0513,2025,0.0106
0560,2006,0.0105
0560,2007,0.0147
0560,2008,0.0117
0560,2009,0.0112
0560,2010,0.0114
0560,2011,0.0124
0560,2012,0.0125
0560,2013,0.0115
0560,2014,0.0106
0560,2015,0.0096000005
0560,2016,0.0098000001
0560,2017,0.0091000004
0560,2018,0.0127
0560,2019,0.0116
0560,2020,0.0106
0560,2021,0.0112
0560,2022,0.014
0560,2023,0.0116
0560,2024,0.0145
0560,2025,0.0121
0561,2006,0.0102
0561,2007,0.0104
0561,2008,0.0129
0561,2009,0.0117
0561,2010,0.011
0561,2011,0.0123
0561,2012,0.0119
0561,2013,0.0116
0561,2014,0.0133
0561,2015,0.0107
0561,2016,0.0118
0561,2017,0.0108
0561,2018,0.0098000001
0561,2019,0.0122
0561,2020,0.0117
0561,2021,0.0115
0561,2022,0.0127
0561,2023,0.0112
0561,2024,0.0115
0561,2025,0.0119
0562,2006,0.0115
0562,2007,0.0124
0562,2008,0.0129
0562,2009,0.0131
0562,2010,0.0115
0562,2011,0.0114
0562,2012,0.0135
0562,2013,0.0136
0562,2014,0.0113
0562,2015,0.0122
0562,2016,0.012
0562,2017,0.0116
0562,2018,0.012
0562,2019,0.0104
0562,2020,0.0119
0562,2021,0.0116
0562,2022,0.012
0562,2023,0.0105
0562,2024,0.0119
0562,2025,0.0127
0563,2006,0.0129
0563,2007,0.0138
0563,2008,0.0141
0563,2009,0.0132
0563,2010,0.011
0563,2011,0.0116
0563,2012,0.0148
0563,2013,0.012
0563,2014,0.0123
0563,2015,0.0131
0563,2016,0.0134
0563,2017,0.0126
0563,2018,0.0135
0563,2019,0.0141
0563,2020,0.0138
0563,2021,0.0124
0563,2022,0.0134
0563,2023,0.0156
0563,2024,0.0143
0563,2025,0.0116
0580,2006,0.0088999998
0580,2007,0.0088999998
0580,2008,0.0088999998
0580,2009,0.0082
0580,2010,0.0082999999
0580,2011,0.0077
0580,2012,0.0082
0580,2013,0.0082
0580,2014,0.0081000002
0580,2015,0.0081000002
0580,2016,0.0076000001
0580,2017,0.0081000002
0580,2018,0.0077
0580,2019,0.0073000002
0580,2020,0.0082
0580,2021,0.0077
0580,2022,0.0076000001
0580,2023,0.0076000001
0580,2024,0.0071
0580,2025,0.0074999998
0581,2006,0.0105
0581,2007,0.0105
0581,2008,0.0104
0581,2009,0.0105
0581,2010,0.0097000003
0581,2011,0.0098000001
0581,2012,0.0099999998
0581,2013,0.0099999998
0581,2014,0.0093
0581,2015,0.0092000002
0581,2016,0.0092000002
0581,2017,0.0094999997
0581,2018,0.0094999997
0581,2019,0.0085000005
0581,2020,0.0098000001
0581,2021,0.0093
0581,2022,0.0093999999
0581,2023,0.0089999996
0581,2024,0.0088999998
0581,2025,0.0086000003
0582,2006,0.0083999997
0582,2007,0.0091000004
0582,2008,0.0102
0582,2009,0.0085000005
0582,2010,0.0104
0582,2011,0.0098000001
0582,2012,0.0108
0582,2013,0.0104
0582,2014,0.0101
0582,2015,0.0099999998
0582,2016,0.0106
0582,2017,0.0108
0582,2018,0.0089999996
0582,2019,0.0098999999
0582,2020,0.012
0582,2021,0.0107
0582,2022,0.0098000001
0582,2023,0.0093
0582,2024,0.0104
0582,2025,0.0098999999
0583,2006,0.0109
0583,2007,0.0119
0583,2008,0.0103
0583,2009,0.0115
0583,2010,0.0102
0583,2011,0.0108
0583,2012,0.0111
0583,2013,0.0108
0583,2014,0.0105
0583,2015,0.0099999998
0583,2016,0.0105
0583,2017,0.0105
0583,2018,0.0108
0583,2019,0.0101
0583,2020,0.0102
0583,2021,0.0104
0583,2022,0.0096000005
0583,2023,0.0102
0583,2024,0.0092000002
0583,2025,0.0107
0584,2006,0.0121
0584,2007,0.0119
0584,2008,0.0137
0584,2009,0.0103
0584,2010,0.012
0584,2011,0.0152
0584,2012,0.0116
0584,2013,0.011
0584,2014,0.0131
0584,2015,0.0149
0584,2016,0.0165
0584,2017,0.0147
0584,2018,0.0144
0584,2019,0.0144
0584,2020,0.0147
0584,2021,0.012
0584,2022,0.0175
0584,2023,0.0132
0584,2024,0.0144
0584,2025,0.014
0586,2006,0.0105
0586,2007,0.0106
0586,2008,0.0116
0586,2009,0.0105
0586,2010,0.0116
0586,2011,0.0104
0586,2012,0.0093
0586,2013,0.0098999999
0586,2014,0.0097000003
0586,2015,0.0101
0586,2016,0.0122
0586,2017,0.0114
0586,2018,0.0098000001
0586,2019,0.0107
0586,2020,0.0098000001
0586,2021,0.0092000002
0586,2022,0.0088
0586,2023,0.0102
0586,2024,0.0098000001
0586,2025,0.0088999998
0604,2006,0.0117
0604,2007,0.0107
0604,2008,0.0117
0604,2009,0.0109
0604,2010,0.0137
0604,2011,0.0127
0604,2012,0.0128
0604,2013,0.0094999997
0604,2014,0.0097000003
0604,2015,0.0109
0604,2016,0.0098999999
0604,2017,0.0097000003
0604,2018,0.0080000004
0604,2019,0.0107
0604,2020,0.0123
0604,2021,0.0092000002
0604,2022,0.0093
0604,2023,0.0081000002
0604,2024,0.0073000002
0604,2025,0.0096000005
0617,2006,0.0088
0617,2007,0.0078999996
0617,2008,0.0093999999
0617,2009,0.0087000001
0617,2010,0.0068000001
0617,2011,0.0103
0617,2012,0.0097000003
0617,2013,0.0103
0617,2014,0.0076000001
0617,2015,0.0074
0617,2016,0.0080000004
0617,2017,0.0092000002
0617,2018,0.0093
0617,2019,0.0083999997
0617,2020,0.0105
0617,2021,0.0097000003
0617,2022,0.0085000005
0617,2023,0.0106
0617,2024,0.0087000001
0617,2025,0.0102
0642,2006,0.0092000002
0642,2007,0.0086000003
0642,2008,0.0104
0642,2009,0.0104
0642,2010,0.0093
0642,2011,0.0083999997
0642,2012,0.0077999998
0642,2013,0.0085000005
0642,2014,0.0111
0642,2015,0.0107
0642,2016,0.0096000005
0642,2017,0.0087000001
0642,2018,0.0096000005
0642,2019,0.0093999999
0642,2020,0.0093
0642,2021,0.0121
0642,2022,0.0101
0642,2023,0.011
0642,2024,0.0094999997
0642,2025,0.0107
0643,2006,0.0060000001
0643,2007,0.0062000002
0643,2008,0.0082
0643,2009,0.0052
0643,2010,0.0073000002
0643,2011,0.0054000001
0643,2012,0.0078999996
0643,2013,0.0077999998
0643,2014,0.0055
0643,2015,0.0070000002
0643,2016,0.0060999999
0643,2017,0.0066
0643,2018,0.0052
0643,2019,0.0063999998
0643,2020,0.0055999998
0643,2021,0.0066
0643,2022,0.0052
0643,2023,0.0070000002
0643,2024,0.0055999998
0643,2025,0.0068999999
0662,2006,0.0108
0662,2007,0.0098999999
0662,2008,0.0086000003
0662,2009,0.0098000001
0662,2010,0.0097000003
0662,2011,0.0098999999
0662,2012,0.0107
0662,2013,0.0096000005
0662,2014,0.0088
0662,2015,0.0102
0662,2016,0.0092000002
0662,2017,0.0093
0662,2018,0.0097000003
0662,2019,0.0096000005
0662,2020,0.0112
0662,2021,0.0087000001
0662,2022,0.0092000002
0662,2023,0.0096000005
0662,2024,0.0102
0662,2025,0.0103
0665,2006,0.0099999998
0665,2007,0.0109
0665,2008,0.0093
0665,2009,0.0107
0665,2010,0.0096000005
0665,2011,0.0098999999
0665,2012,0.0103
0665,2013,0.0096000005
0665,2014,0.0098000001
0665,2015,0.0103
0665,2016,0.0085000005
0665,2017,0.0099999998
0665,2018,0.0098000001
0665,2019,0.0088
0665,2020,0.0086000003
0665,2021,0.0087000001
0665,2022,0.0099999998
0665,2023,0.0097000003
0665,2024,0.0089999996
0665,2025,0.0059000002
0680,2006,0.0103
0680,2007,0.0093999999
0680,2008,0.0093
0680,2009,0.0091000004
0680,2010,0.0097000003
0680,2011,0.0094999997
0680,2012,0.0093
0680,2013,0.0088999998
0680,2014,0.0089999996
0680,2015,0.0092000002
0680,2016,0.0082999999
0680,2017,0.0088
0680,2018,0.0091000004
0680,2019,0.0078999996
0680,2020,0.0088
0680,2021,0.0080000004
0680,2022,0.0080000004
0680,2023,0.0083999997
0680,2024,0.0077
0680,2025,0.0074
0682,2006,0.0122
0682,2007,0.0134
0682,2008,0.0131
0682,2009,0.0114
0682,2010,0.0115
0682,2011,0.012
0682,2012,0.0123
0682,2013,0.0117
0682,2014,0.0111
0682,2015,0.0109
0682,2016,0.0109
0682,2017,0.0114
0682,2018,0.0104
0682,2019,0.0093999999
0682,2020,0.0109
0682,2021,0.0099999998
0682,2022,0.0105
0682,2023,0.0111
0682,2024,0.0094999997
0682,2025,0.0104
0683,2006,0.0106
0683,2007,0.0103
0683,2008,0.011
0683,2009,0.0088
0683,2010,0.0098000001
0683,2011,0.0111
0683,2012,0.0108
0683,2013,0.0094999997
0683,2014,0.0107
0683,2015,0.0104
0683,2016,0.0098999999
0683,2017,0.0104
0683,2018,0.0103
0683,2019,0.0093
0683,2020,0.0107
0683,2021,0.0098999999
0683,2022,0.0093999999
0683,2023,0.0096000005
0683,2024,0.0091000004
0683,2025,0.0096000005
0684,2006,0.0143
0684,2007,0.0124
0684,2008,0.0116
0684,2009,0.012
0684,2010,0.0131
0684,2011,0.0107
0684,2012,0.0119
0684,2013,0.0121
0684,2014,0.0123
0684,2015,0.011
0684,2016,0.0103
0684,2017,0.0115
0684,2018,0.0099999998
0684,2019,0.0105
0684,2020,0.0117
0684,2021,0.0123
0684,2022,0.0109
0684,2023,0.0114
0684,2024,0.0098000001
0684,2025,0.0106
0685,2006,0.0111
0685,2007,0.0129
0685,2008,0.011
0685,2009,0.0119
0685,2010,0.0122
0685,2011,0.0122
0685,2012,0.0097000003
0685,2013,0.0102
0685,2014,0.0112
0685,2015,0.0101
0685,2016,0.0109
0685,2017,0.0109
0685,2018,0.0099999998
0685,2019,0.0094999997
0685,2020,0.013
0685,2021,0.0107
0685,2022,0.0111
0685,2023,0.0115
0685,2024,0.0098000001
0685,2025,0.0113
0686,2006,0.0136
0686,2007,0.0122
0686,2008,0.0109
0686,2009,0.0121
0686,2010,0.0135
0686,2011,0.0114
0686,2012,0.0126
0686,2013,0.012
0686,2014,0.0126
0686,2015,0.0114
0686,2016,0.0125
0686,2017,0.014
0686,2018,0.0117
0686,2019,0.0087000001
0686,2020,0.0127
0686,2021,0.0118
0686,2022,0.0121
0686,2023,0.0115
0686,2024,0.0098000001
0686,2025,0.012
0687,2006,0.0135
0687,2007,0.0129
0687,2008,0.0111
0687,2009,0.0112
0687,2010,0.0121
0687,2011,0.0124
0687,2012,0.011
0687,2013,0.0119
0687,2014,0.0112
0687,2015,0.0105
0687,2016,0.0105
0687,2017,0.0118
0687,2018,0.0113
0687,2019,0.0114
0687,2020,0.0113
0687,2021,0.0108
0687,2022,0.0121
0687,2023,0.0111
0687,2024,0.0102
0687,2025,0.0106
0760,2006,0.0134
0760,2007,0.0133
0760,2008,0.0152
0760,2009,0.0117
0760,2010,0.0108
0760,2011,0.0137
0760,2012,0.0111
0760,2013,0.0123
0760,2014,0.0116
0760,2015,0.0103
0760,2016,0.0111
0760,2017,0.0125
0760,2018,0.0166
0760,2019,0.0112
0760,2020,0.0131
0760,2021,0.0097000003
0760,2022,0.0124
0760,2023,0.011
0760,2024,0.0131
0760,2025,0.011
0761,2006,0.0126
0761,2007,0.0117
0761,2008,0.0134
0761,2009,0.0116
0761,2010,0.0127
0761,2011,0.0119
0761,2012,0.0112
0761,2013,0.0101
0761,2014,0.012
0761,2015,0.012
0761,2016,0.0098000001
0761,2017,0.0113
0761,2018,0.0119
0761,2019,0.0093
0761,2020,0.0101
0761,2021,0.0103
0761,2022,0.0082
0761,2023,0.0106
0761,2024,0.0134
0761,2025,0.0094999997
0763,2006,0.0146
0763,2007,0.0136
0763,2008,0.0131
0763,2009,0.0132
0763,2010,0.0142
0763,2011,0.0137
0763,2012,0.0146
0763,2013,0.0147
0763,2014,0.0135
0763,2015,0.015900001
0763,2016,0.0145
0763,2017,0.0143
0763,2018,0.0129
0763,2019,0.0152
0763,2020,0.016000001
0763,2021,0.0132
0763,2022,0.0153
0763,2023,0.0134
0763,2024,0.0127
0763,2025,0.011
0764,2006,0.0109
0764,2007,0.0112
0764,2008,0.0093
0764,2009,0.0091000004
0764,2010,0.0117
0764,2011,0.0102
0764,2012,0.0112
0764,2013,0.0111
0764,2014,0.0093
0764,2015,0.0102
0764,2016,0.0102
0764,2017,0.0096000005
0764,2018,0.0106
0764,2019,0.0096000005
0764,2020,0.011
0764,2021,0.0097000003
0764,2022,0.0097000003
0764,2023,0.0098999999
0764,2024,0.0099999998
0764,2025,0.0098999999
0765,2006,0.0102
0765,2007,0.0125
0765,2008,0.0127
0765,2009,0.012
0765,2010,0.0121
0765,2011,0.0104
0765,2012,0.0116
0765,2013,0.0102
0765,2014,0.0091000004
0765,2015,0.0109
0765,2016,0.0098000001
0765,2017,0.0124
0765,2018,0.0085000005
0765,2019,0.0087000001
0765,2020,0.0104
0765,2021,0.0091000004
0765,2022,0.0097000003
0765,2023,0.0082999999
0765,2024,0.0089999996
0765,2025,0.0081000002
0767,2006,0.0105
0767,2007,0.0133
0767,2008,0.0131
0767,2009,0.0137
0767,2010,0.0109
0767,2011,0.0099999998
0767,2012,0.0125
0767,2013,0.0125
0767,2014,0.0124
0767,2015,0.0111
0767,2016,0.0125
0767,2017,0.0117
0767,2018,0.0124
0767,2019,0.0106
0767,2020,0.0131
0767,2021,0.0116
0767,2022,0.0112
0767,2023,0.0124
0767,2024,0.0108
0767,2025,0.0113
0780,2006,0.0086000003
0780,2007,0.0082
0780,2008,0.0080000004
0780,2009,0.0082
0780,2010,0.0074
0780,2011,0.0077
0780,2012,0.0083999997
0780,2013,0.0088
0780,2014,0.0077
0780,2015,0.0077999998
0780,2016,0.0073000002
0780,2017,0.0081000002
0780,2018,0.0081000002
0780,2019,0.0077999998
0780,2020,0.0086000003
0780,2021,0.0080000004
0780,2022,0.0074999998
0780,2023,0.0071
0780,2024,0.0073000002
0780,2025,0.0074
0781,2006,0.0119
0781,2007,0.0104
0781,2008,0.0107
0781,2009,0.0108
0781,2010,0.0116
0781,2011,0.0099999998
0781,2012,0.0099999998
0781,2013,0.0102
0781,2014,0.0101
0781,2015,0.0108
0781,2016,0.0102
0781,2017,0.0105
0781,2018,0.0094999997
0781,2019,0.0092000002
0781,2020,0.0114
0781,2021,0.0102
0781,2022,0.0114
0781,2023,0.0113
0781,2024,0.0104
0781,2025,0.0114
0821,2006,0.0152
0821,2007,0.015799999
0821,2008,0.0135
0821,2009,0.0142
0821,2010,0.0121
0821,2011,0.0142
0821,2012,0.0144
0821,2013,0.0148
0821,2014,0.0144
0821,2015,0.0142
0821,2016,0.017100001
0821,2017,0.0151
0821,2018,0.014
0821,2019,0.014
0821,2020,0.0144
0821,2021,0.014
0821,2022,0.0145
0821,2023,0.0122
0821,2024,0.0125
0821,2025,0.0162
0834,2006,0.0124
0834,2007,0.0127
0834,2008,0.0173
0834,2009,0.0146
0834,2010,0.0134
0834,2011,0.0138
0834,2012,0.0123
0834,2013,0.0127
0834,2014,0.0122
0834,2015,0.015900001
0834,2016,0.016100001
0834,2017,0.0144
0834,2018,0.0141
0834,2019,0.0121
0834,2020,0.0138
0834,2021,0.012
0834,2022,0.0145
0834,2023,0.0131
0834,2024,0.0124
0834,2025,0.0136
0840,2006,0.0134
0840,2007,0.0125
0840,2008,0.0101
0840,2009,0.0116
0840,2010,0.0108
0840,2011,0.0122
0840,2012,0.0116
0840,2013,0.0093999999
0840,2014,0.0097000003
0840,2015,0.0098999999
0840,2016,0.0096000005
0840,2017,0.0131
0840,2018,0.0117
0840,2019,0.0093
0840,2020,0.0108
0840,2021,0.0105
0840,2022,0.0094999997
0840,2023,0.0108
0840,2024,0.0102
0840,2025,0.0097000003
0860,2006,0.0129
0860,2007,0.0141
0860,2008,0.0129
0860,2009,0.0141
0860,2010,0.0137
0860,2011,0.0148
0860,2012,0.0133
0860,2013,0.0126
0860,2014,0.0149
0860,2015,0.0143
0860,2016,0.0137
0860,2017,0.0117
0860,2018,0.0132
0860,2019,0.0117
0860,2020,0.0146
0860,2021,0.013
0860,2022,0.0133
0860,2023,0.0127
0860,2024,0.0127
0860,2025,0.0133
0861,2006,0.0124
0861,2007,0.0124
0861,2008,0.0115
0861,2009,0.0115
0861,2010,0.0136
0861,2011,0.0125
0861,2012,0.0125
0861,2013,0.0138
0861,2014,0.0131
0861,2015,0.0122
0861,2016,0.0125
0861,2017,0.0119
0861,2018,0.0113
0861,2019,0.0117
0861,2020,0.0138
0861,2021,0.0105
0861,2022,0.0106
0861,2023,0.0136
0861,2024,0.0107
0861,2025,0.0118
0862,2006,0.016799999
0862,2007,0.0134
0862,2008,0.0125
0862,2009,0.0137
0862,2010,0.014
0862,2011,0.0131
0862,2012,0.0135
0862,2013,0.0128
0862,2014,0.0154
0862,2015,0.0111
0862,2016,0.0132
0862,2017,0.0143
0862,2018,0.012
0862,2019,0.0129
0862,2020,0.0129
0862,2021,0.012
0862,2022,0.0118
0862,2023,0.015
0862,2024,0.0122
0862,2025,0.013
0880,2006,0.0099999998
0880,2007,0.0105
0880,2008,0.0098999999
0880,2009,0.0099999998
0880,2010,0.0093
0880,2011,0.0101
0880,2012,0.0103
0880,2013,0.0098000001
0880,2014,0.0086000003
0880,2015,0.0097000003
0880,2016,0.0092000002
0880,2017,0.0087000001
0880,2018,0.0093
0880,2019,0.0081000002
0880,2020,0.0088
0880,2021,0.0082999999
0880,2022,0.0089999996
0880,2023,0.0091000004
0880,2024,0.0085000005
0880,2025,0.0080000004
0881,2006,0.0131
0881,2007,0.013
0881,2008,0.0133
0881,2009,0.0097000003
0881,2010,0.0118
0881,2011,0.0135
0881,2012,0.0146
0881,2013,0.013
0881,2014,0.0119
0881,2015,0.013
0881,2016,0.0134
0881,2017,0.0116
0881,2018,0.0115
0881,2019,0.0109
0881,2020,0.0127
0881,2021,0.012
0881,2022,0.0128
0881,2023,0.014
0881,2024,0.0121
0881,2025,0.0131
0882,2006,0.0121
0882,2007,0.011
0882,2008,0.0137
0882,2009,0.0118
0882,2010,0.011
0882,2011,0.0102
0882,2012,0.0117
0882,2013,0.0103
0882,2014,0.0107
0882,2015,0.0116
0882,2016,0.0108
0882,2017,0.0102
0882,2018,0.0116
0882,2019,0.0089999996
0882,2020,0.0105
0882,2021,0.0116
0882,2022,0.0116
0882,2023,0.0104
0882,2024,0.0109
0882,2025,0.0115
0883,2006,0.0125
0883,2007,0.0124
0883,2008,0.0122
0883,2009,0.0136
0883,2010,0.0125
0883,2011,0.0124
0883,2012,0.0128
0883,2013,0.0134
0883,2014,0.0129
0883,2015,0.0121
0883,2016,0.0128
0883,2017,0.0116
0883,2018,0.0117
0883,2019,0.0115
0883,2020,0.0126
0883,2021,0.0115
0883,2022,0.0127
0883,2023,0.0132
0883,2024,0.0125
0883,2025,0.0141
0884,2006,0.011
0884,2007,0.0117
0884,2008,0.0112
0884,2009,0.0117
0884,2010,0.0111
0884,2011,0.0114
0884,2012,0.0101
0884,2013,0.0109
0884,2014,0.0111
0884,2015,0.0134
0884,2016,0.0114
0884,2017,0.0125
0884,2018,0.0106
0884,2019,0.0093
0884,2020,0.0108
0884,2021,0.0115
0884,2022,0.0124
0884,2023,0.0127
0884,2024,0.0107
0884,2025,0.0115
0885,2006,0.0155
0885,2007,0.015
0885,2008,0.0167
0885,2009,0.017000001
0885,2010,0.0164
0885,2011,0.0141
0885,2012,0.016100001
0885,2013,0.0131
0885,2014,0.0135
0885,2015,0.0134
0885,2016,0.0146
0885,2017,0.017200001
0885,2018,0.0136
0885,2019,0.015
0885,2020,0.0153
0885,2021,0.013
0885,2022,0.015
0885,2023,0.0148
0885,2024,0.017100001
0885,2025,0.0155
0980,2006,0.0109
0980,2007,0.0101
0980,2008,0.0107
0980,2009,0.0104
0980,2010,0.0111
0980,2011,0.0106
0980,2012,0.011
0980,2013,0.0115
0980,2014,0.0097000003
0980,2015,0.0109
0980,2016,0.011
0980,2017,0.0107
0980,2018,0.0103
0980,2019,0.0106
0980,2020,0.0109
0980,2021,0.0104
0980,2022,0.0102
0980,2023,0.0109
0980,2024,0.0109
0980,2025,0.0098999999
1060,2006,0.0123
1060,2007,0.0138
1060,2008,0.0117
1060,2009,0.0123
1060,2010,0.0114
1060,2011,0.012
1060,2012,0.0127
1060,2013,0.0107
1060,2014,0.0106
1060,2015,0.0133
1060,2016,0.0136
1060,2017,0.013
1060,2018,0.0125
1060,2019,0.011
1060,2020,0.012
1060,2021,0.013
1060,2022,0.0141
1060,2023,0.0139
1060,2024,0.0136
1060,2025,0.0147
1080,2006,0.0109
1080,2007,0.0106
1080,2008,0.0117
1080,2009,0.011
1080,2010,0.0108
1080,2011,0.0105
1080,2012,0.0105
1080,2013,0.0104
1080,2014,0.0103
1080,2015,0.0099999998
1080,2016,0.0094999997
1080,2017,0.0098000001
1080,2018,0.0093
1080,2019,0.0096000005
1080,2020,0.0103
1080,2021,0.0101
1080,2022,0.0098999999
1080,2023,0.0105
1080,2024,0.0094999997
1080,2025,0.0096000005
1081,2006,0.0126
1081,2007,0.0107
1081,2008,0.0099999998
1081,2009,0.0129
1081,2010,0.0115
1081,2011,0.0112
1081,2012,0.0123
1081,2013,0.0102
1081,2014,0.0109
1081,2015,0.0111
1081,2016,0.0124
1081,2017,0.0115
1081,2018,0.0117
1081,2019,0.0104
1081,2020,0.0123
1081,2021,0.0113
1081,2022,0.0117
1081,2023,0.0124
1081,2024,0.0122
1081,2025,0.0111
1082,2006,0.0104
1082,2007,0.0122
1082,2008,0.0115
1082,2009,0.0125
1082,2010,0.0097000003
1082,2011,0.0118
1082,2012,0.012
1082,2013,0.0117
1082,2014,0.0118
1082,2015,0.0116
1082,2016,0.0124
1082,2017,0.0127
1082,2018,0.0117
1082,2019,0.0114
1082,2020,0.012
1082,2021,0.0123
1082,2022,0.0133
1082,2023,0.0111
1082,2024,0.0129
1082,2025,0.0109
1083,2006,0.0118
1083,2007,0.0108
1083,2008,0.0123
1083,2009,0.0112
1083,2010,0.013
1083,2011,0.0118
1083,2012,0.0126
1083,2013,0.0133
1083,2014,0.0115
1083,2015,0.0112
1083,2016,0.0124
1083,2017,0.0119
1083,2018,0.0117
1083,2019,0.0116
1083,2020,0.0107
1083,2021,0.0121
1083,2022,0.0122
1083,2023,0.0124
1083,2024,0.0114
1083,2025,0.0124
1214,2006,0.0088
1214,2007,0.0099999998
1214,2008,0.0093999999
1214,2009,0.0082999999
1214,2010,0.0108
1214,2011,0.0091000004
1214,2012,0.0093999999
1214,2013,0.0098000001
1214,2014,0.0101
1214,2015,0.0108
1214,2016,0.0082
1214,2017,0.0086000003
1214,2018,0.0104
1214,2019,0.0091000004
1214,2020,0.0093
1214,2021,0.0077999998
1214,2022,0.0071
1214,2023,0.0080000004
1214,2024,0.0077
1214,2025,0.0088999998
1230,2006,0.0059000002
1230,2007,0.0062000002
1230,2008,0.0063999998
1230,2009,0.0059000002
1230,2010,0.0062000002
1230,2011,0.0073000002
1230,2012,0.0070000002
1230,2013,0.0055999998
1230,2014,0.0060000001
1230,2015,0.0063
1230,2016,0.0071999999
1230,2017,0.0062000002
1230,2018,0.0060000001
1230,2019,0.0076000001
1230,2020,0.0077
1230,2021,0.0074999998
1230,2022,0.0083999997
1230,2023,0.0077
1230,2024,0.0088
1230,2025,0.0077999998
1231,2006,0.0093
1231,2007,0.0099999998
1231,2008,0.0098000001
1231,2009,0.0082999999
1231,2010,0.0091000004
1231,2011,0.0086000003
1231,2012,0.0093
1231,2013,0.0091000004
1231,2014,0.0104
1231,2015,0.0089999996
1231,2016,0.0098000001
1231,2017,0.0085000005
1231,2018,0.0088999998
1231,2019,0.0078999996
1231,2020,0.0092000002
1231,2021,0.0096000005
1231,2022,0.0082999999
1231,2023,0.0087000001
1231,2024,0.0085000005
1231,2025,0.0080000004
1233,2006,0.0074999998
1233,2007,0.0066999998
1233,2008,0.0063999998
1233,2009,0.0077
1233,2010,0.0082
1233,2011,0.0080000004
1233,2012,0.0082999999
1233,2013,0.0080000004
1233,2014,0.0078999996
1233,2015,0.0078999996
1233,2016,0.0070000002
1233,2017,0.0082999999
1233,2018,0.0088
1233,2019,0.0077
1233,2020,0.0081000002
1233,2021,0.0083999997
1233,2022,0.0085000005
1233,2023,0.0086000003
1233,2024,0.0093999999
1233,2025,0.0082999999
1256,2006,0.0099999998
1256,2007,0.0107
1256,2008,0.0113
1256,2009,0.0112
1256,2010,0.0123
1256,2011,0.0101
1256,2012,0.0113
1256,2013,0.0109
1256,2014,0.0109
1256,2015,0.0123
1256,2016,0.0117
1256,2017,0.0098999999
1256,2018,0.0097000003
1256,2019,0.0097000003
1256,2020,0.0103
1256,2021,0.0093
1256,2022,0.0118
1256,2023,0.0112
1256,2024,0.0098000001
1256,2025,0.0123
1257,2006,0.0103
1257,2007,0.0105
1257,2008,0.0121
1257,2009,0.0129
1257,2010,0.0131
1257,2011,0.0111
1257,2012,0.0092000002
1257,2013,0.0105
1257,2014,0.0098000001
1257,2015,0.0111
1257,2016,0.0115
1257,2017,0.0122
1257,2018,0.013
1257,2019,0.0093999999
1257,2020,0.0127
1257,2021,0.0118
1257,2022,0.0117
1257,2023,0.0125
1257,2024,0.0108
1257,2025,0.0114
1260,2006,0.0098000001
1260,2007,0.0092000002
1260,2008,0.0097000003
1260,2009,0.0087000001
1260,2010,0.0104
1260,2011,0.0098999999
1260,2012,0.0088
1260,2013,0.0109
1260,2014,0.0091000004
1260,2015,0.0094999997
1260,2016,0.0108
1260,2017,0.0098000001
1260,2018,0.0104
1260,2019,0.0091000004
1260,2020,0.0101
1260,2021,0.0094999997
1260,2022,0.0098999999
1260,2023,0.0098000001
1260,2024,0.0106
1260,2025,0.0106
1261,2006,0.0074999998
1261,2007,0.0071999999
1261,2008,0.0071999999
1261,2009,0.0074999998
1261,2010,0.0071
1261,2011,0.0071
1261,2012,0.0068999999
1261,2013,0.0080000004
1261,2014,0.0068999999
1261,2015,0.0068000001
1261,2016,0.0068999999
1261,2017,0.0076000001
1261,2018,0.0077
1261,2019,0.0063
1261,2020,0.0077
1261,2021,0.0073000002
1261,2022,0.0074
1261,2023,0.0082999999
1261,2024,0.0070000002
1261,2025,0.0081000002
1262,2006,0.0083999997
1262,2007,0.0077999998
1262,2008,0.0087000001
1262,2009,0.0078999996
1262,2010,0.0063999998
1262,2011,0.0071
1262,2012,0.0080000004
1262,2013,0.0087000001
1262,2014,0.0082999999
1262,2015,0.0076000001
1262,2016,0.0068999999
1262,2017,0.0074999998
1262,2018,0.0074999998
1262,2019,0.0073000002
1262,2020,0.0073000002
1262,2021,0.0082
1262,2022,0.0087000001
1262,2023,0.0080000004
1262,2024,0.0074999998
1262,2025,0.0077
1263,2006,0.0074
1263,2007,0.0085000005
1263,2008,0.0078999996
1263,2009,0.0071
1263,2010,0.0074
1263,2011,0.0068999999
1263,2012,0.0068000001
1263,2013,0.0068000001
1263,2014,0.0071999999
1263,2015,0.0074
1263,2016,0.0074999998
1263,2017,0.0077999998
1263,2018,0.0055999998
1263,2019,0.0063
1263,2020,0.0083999997
1263,2021,0.0071
1263,2022,0.0081000002
1263,2023,0.0076000001
1263,2024,0.0081000002
1263,2025,0.0068999999
1264,2006,0.0093999999
1264,2007,0.012
1264,2008,0.0086000003
1264,2009,0.0088
1264,2010,0.0085000005
1264,2011,0.0094999997
1264,2012,0.0106
1264,2013,0.0096000005
1264,2014,0.0094999997
1264,2015,0.0107
1264,2016,0.0099999998
1264,2017,0.0092000002
1264,2018,0.0089999996
1264,2019,0.0091000004
1264,2020,0.0093
1264,2021,0.0096000005
1264,2022,0.0092000002
1264,2023,0.0097000003
1264,2024,0.0082
1264,2025,0.0093
1265,2006,0.0096000005
1265,2007,0.0116
1265,2008,0.0109
1265,2009,0.0104
1265,2010,0.011
1265,2011,0.0108
1265,2012,0.0103
1265,2013,0.0107
1265,2014,0.0109
1265,2015,0.0113
1265,2016,0.0099999998
1265,2017,0.0116
1265,2018,0.0109
1265,2019,0.0111
1265,2020,0.0106
1265,2021,0.0112
1265,2022,0.012
1265,2023,0.0114
1265,2024,0.0127
1265,2025,0.0106
1266,2006,0.0093999999
1266,2007,0.0117
1266,2008,0.0102
1266,2009,0.0117
1266,2010,0.0105
1266,2011,0.0105
1266,2012,0.0116
1266,2013,0.0117
1266,2014,0.0093999999
1266,2015,0.0124
1266,2016,0.0101
1266,2017,0.0098999999
1266,2018,0.0096000005
1266,2019,0.0113
1266,2020,0.0116
1266,2021,0.0098000001
1266,2022,0.0119
1266,2023,0.0106
1266,2024,0.0088999998
1266,2025,0.0103
1267,2006,0.0105
1267,2007,0.0108
1267,2008,0.0103
1267,2009,0.0091000004
1267,2010,0.0102
1267,2011,0.0101
1267,2012,0.0098000001
1267,2013,0.0081000002
1267,2014,0.0091000004
1267,2015,0.0078999996
1267,2016,0.0086000003
1267,2017,0.0092000002
1267,2018,0.0092000002
1267,2019,0.0091000004
1267,2020,0.0077999998
1267,2021,0.0094999997
1267,2022,0.0103
1267,2023,0.0093999999
1267,2024,0.0097000003
1267,2025,0.0082
1270,2006,0.0134
1270,2007,0.0125
1270,2008,0.0135
1270,2009,0.0116
1270,2010,0.0128
1270,2011,0.0105
1270,2012,0.0125
1270,2013,0.0144
1270,2014,0.0116
1270,2015,0.0111
1270,2016,0.011
1270,2017,0.0118
1270,2018,0.0119
1270,2019,0.0109
1270,2020,0.0111
1270,2021,0.0111
1270,2022,0.011
1270,2023,0.0102
1270,2024,0.013
1270,2025,0.0129
1272,2006,0.0082999999
1272,2007,0.0089999996
1272,2008,0.0094999997
1272,2009,0.0093999999
1272,2010,0.0113
1272,2011,0.0123
1272,2012,0.0118
1272,2013,0.0113
1272,2014,0.0117
1272,2015,0.0113
1272,2016,0.0117
1272,2017,0.0106
1272,2018,0.0118
1272,2019,0.0113
1272,2020,0.0115
1272,2021,0.0114
1272,2022,0.0122
1272,2023,0.0108
1272,2024,0.0109
1272,2025,0.0108
1273,2006,0.0118
1273,2007,0.0124
1273,2008,0.0098000001
1273,2009,0.0109
1273,2010,0.0135
1273,2011,0.0123
1273,2012,0.0113
1273,2013,0.0106
1273,2014,0.0118
1273,2015,0.0104
1273,2016,0.0119
1273,2017,0.0099999998
1273,2018,0.0123
1273,2019,0.0103
1273,2020,0.0109
1273,2021,0.0103
1273,2022,0.0129
1273,2023,0.0128
1273,2024,0.0103
1273,2025,0.0111
1275,2006,0.0108
1275,2007,0.0132
1275,2008,0.0111
1275,2009,0.0135
1275,2010,0.0092000002
1275,2011,0.0125
1275,2012,0.0116
1275,2013,0.0104
1275,2014,0.0119
1275,2015,0.0106
1275,2016,0.0105
1275,2017,0.011
1275,2018,0.0108
1275,2019,0.0107
1275,2020,0.0105
1275,2021,0.0112
1275,2022,0.0134
1275,2023,0.0122
1275,2024,0.0101
1275,2025,0.0124
1276,2006,0.0105
1276,2007,0.0116
1276,2008,0.0123
1276,2009,0.0111
1276,2010,0.0112
1276,2011,0.0116
1276,2012,0.011
1276,2013,0.0113
1276,2014,0.0107
1276,2015,0.0102
1276,2016,0.0109
1276,2017,0.011
1276,2018,0.011
1276,2019,0.0097000003
1276,2020,0.0122
1276,2021,0.0124
1276,2022,0.0106
1276,2023,0.0101
1276,2024,0.0113
1276,2025,0.0106
1277,2006,0.0094999997
1277,2007,0.0088
1277,2008,0.0074
1277,2009,0.0088999998
1277,2010,0.0082999999
1277,2011,0.0089999996
1277,2012,0.0094999997
1277,2013,0.0083999997
1277,2014,0.0096000005
1277,2015,0.0088
1277,2016,0.0082
1277,2017,0.0081000002
1277,2018,0.0083999997
1277,2019,0.0086000003
1277,2020,0.0102
1277,2021,0.0088
1277,2022,0.0091000004
1277,2023,0.0082
1277,2024,0.0080000004
1277,2025,0.0074
1278,2006,0.0116
1278,2007,0.012
1278,2008,0.0124
1278,2009,0.0123
1278,2010,0.012
1278,2011,0.0115
1278,2012,0.0127
1278,2013,0.0126
1278,2014,0.0114
1278,2015,0.0149
1278,2016,0.0144
1278,2017,0.0109
1278,2018,0.0131
1278,2019,0.0124
1278,2020,0.0112
1278,2021,0.0126
1278,2022,0.0114
1278,2023,0.0118
1278,2024,0.0116
1278,2025,0.0109
1280,2006,0.0107
1280,2007,0.0107
1280,2008,0.0104
1280,2009,0.0096000005
1280,2010,0.0094999997
1280,2011,0.0092000002
1280,2012,0.0091000004
1280,2013,0.0087000001
1280,2014,0.0086000003
1280,2015,0.0083999997
1280,2016,0.0082
1280,2017,0.0082999999
1280,2018,0.0078999996
1280,2019,0.0076000001
1280,2020,0.0081000002
1280,2021,0.0077999998
1280,2022,0.0074
1280,2023,0.0073000002
1280,2024,0.0068999999
1280,2025,0.0068000001
1281,2006,0.0068000001
1281,2007,0.0073000002
1281,2008,0.0068999999
1281,2009,0.0063
1281,2010,0.0068000001
1281,2011,0.0066
1281,2012,0.0068000001
1281,2013,0.0068999999
1281,2014,0.0065000001
1281,2015,0.0066
1281,2016,0.0066
1281,2017,0.0066999998
1281,2018,0.0065000001
1281,2019,0.0065000001
1281,2020,0.0066
1281,2021,0.0066999998
1281,2022,0.0070000002
1281,2023,0.0070000002
1281,2024,0.0063
1281,2025,0.0063
1282,2006,0.0115
1282,2007,0.011
1282,2008,0.0111
1282,2009,0.0106
1282,2010,0.0109
1282,2011,0.0101
1282,2012,0.0109
1282,2013,0.011
1282,2014,0.0108
1282,2015,0.0106
1282,2016,0.0113
1282,2017,0.0098000001
1282,2018,0.0101
1282,2019,0.0092000002
1282,2020,0.0101
1282,2021,0.0093
1282,2022,0.0107
1282,2023,0.0093999999
1282,2024,0.0094999997
1282,2025,0.0094999997
1283,2006,0.0112
1283,2007,0.0102
1283,2008,0.0102
1283,2009,0.0096000005
1283,2010,0.0099999998
1283,2011,0.0093999999
1283,2012,0.0106
1283,2013,0.0098999999
1283,2014,0.0093
1283,2015,0.0092000002
1283,2016,0.0093
1283,2017,0.0092000002
1283,2018,0.0096000005
1283,2019,0.0083999997
1283,2020,0.0093999999
1283,2021,0.0087000001
1283,2022,0.0088999998
1283,2023,0.0087000001
1283,2024,0.0082999999
1283,2025,0.0086000003
1284,2006,0.0108
1284,2007,0.0105
1284,2008,0.011
1284,2009,0.0106
1284,2010,0.0113
1284,2011,0.0105
1284,2012,0.0122
1284,2013,0.012
1284,2014,0.0099999998
1284,2015,0.0102
1284,2016,0.0103
1284,2017,0.0115
1284,2018,0.0102
1284,2019,0.0097000003
1284,2020,0.0098999999
1284,2021,0.0097000003
1284,2022,0.0108
1284,2023,0.0112
1284,2024,0.011
1284,2025,0.0098999999
1285,2006,0.0082999999
1285,2007,0.0082999999
1285,2008,0.0099999998
1285,2009,0.0099999998
1285,2010,0.0088999998
1285,2011,0.0088
1285,2012,0.0096000005
1285,2013,0.0106
1285,2014,0.0092000002
1285,2015,0.0091000004
1285,2016,0.0091000004
1285,2017,0.0098999999
1285,2018,0.0089999996
1285,2019,0.0088999998
1285,2020,0.0088999998
1285,2021,0.0088
1285,2022,0.0088999998
1285,2023,0.0087000001
1285,2024,0.0086000003
1285,2025,0.0092000002
1286,2006,0.0115
1286,2007,0.0122
1286,2008,0.0116
1286,2009,0.0113
1286,2010,0.0115
1286,2011,0.0131
1286,2012,0.0129
1286,2013,0.0139
1286,2014,0.012
1286,2015,0.0127
1286,2016,0.0121
1286,2017,0.011
1286,2018,0.0114
1286,2019,0.0123
1286,2020,0.0113
1286,2021,0.0123
1286,2022,0.0137
1286,2023,0.0126
1286,2024,0.0112
1286,2025,0.0109
1287,2006,0.0101
1287,2007,0.0107
1287,2008,0.0106
1287,2009,0.0113
1287,2010,0.0101
1287,2011,0.0094999997
1287,2012,0.0106
1287,2013,0.0104
1287,2014,0.0111
1287,2015,0.0103
1287,2016,0.0107
1287,2017,0.0099999998
1287,2018,0.0101
1287,2019,0.0104
1287,2020,0.0103
1287,2021,0.0101
1287,2022,0.0098000001
1287,2023,0.0112
1287,2024,0.0091000004
1287,2025,0.0102
1290,2006,0.0098999999
1290,2007,0.0101
1290,2008,0.0103
1290,2009,0.0094999997
1290,2010,0.0096000005
1290,2011,0.0098999999
1290,2012,0.0101
1290,2013,0.0097000003
1290,2014,0.0099999998
1290,2015,0.0093
1290,2016,0.0094999997
1290,2017,0.0098000001
1290,2018,0.0098999999
1290,2019,0.0091000004
1290,2020,0.0101
1290,2021,0.0096000005
1290,2022,0.0098999999
1290,2023,0.0099999998
1290,2024,0.0097000003
1290,2025,0.0096000005
1291,2006,0.0147
1291,2007,0.0156
1291,2008,0.0139
1291,2009,0.0131
1291,2010,0.0134
1291,2011,0.0126
1291,2012,0.015
1291,2013,0.0151
1291,2014,0.0132
1291,2015,0.0135
1291,2016,0.0162
1291,2017,0.0155
1291,2018,0.0151
1291,2019,0.013
1291,2020,0.0156
1291,2021,0.0141
1291,2022,0.0164
1291,2023,0.0162
1291,2024,0.0143
1291,2025,0.0135
1292,2006,0.0097000003
1292,2007,0.0103
1292,2008,0.0112
1292,2009,0.0098000001
1292,2010,0.0106
1292,2011,0.0103
1292,2012,0.0117
1292,2013,0.0115
1292,2014,0.0107
1292,2015,0.0109
1292,2016,0.0105
1292,2017,0.0106
1292,2018,0.011
1292,2019,0.0087000001
1292,2020,0.0115
1292,2021,0.0099999998
1292,2022,0.0106
1292,2023,0.0098999999
1292,2024,0.0099999998
1292,2025,0.0093999999
1293,2006,0.0111
1293,2007,0.0112
1293,2008,0.0109
1293,2009,0.0109
1293,2010,0.0112
1293,2011,0.0098999999
1293,2012,0.012
1293,2013,0.0109
1293,2014,0.0097000003
1293,2015,0.0098000001
1293,2016,0.0098999999
1293,2017,0.0102
1293,2018,0.011
1293,2019,0.0109
1293,2020,0.0115
1293,2021,0.0109
1293,2022,0.0118
1293,2023,0.0103
1293,2024,0.0111
1293,2025,0.0107
1315,2006,0.0132
1315,2007,0.011
1315,2008,0.0109
1315,2009,0.0126
1315,2010,0.0111
1315,2011,0.0122
1315,2012,0.0139
1315,2013,0.0119
1315,2014,0.0106
1315,2015,0.0107
1315,2016,0.0099999998
1315,2017,0.0088999998
1315,2018,0.0105
1315,2019,0.0111
1315,2020,0.0106
1315,2021,0.0105
1315,2022,0.012
1315,2023,0.0123
1315,2024,0.0106
1315,2025,0.0127
1380,2006,0.0097000003
1380,2007,0.0097000003
1380,2008,0.0098999999
1380,2009,0.0096000005
1380,2010,0.0098999999
1380,2011,0.0096000005
1380,2012,0.0102
1380,2013,0.0097000003
1380,2014,0.0096000005
1380,2015,0.0088
1380,2016,0.0094999997
1380,2017,0.0094999997
1380,2018,0.0087000001
1380,2019,0.0085000005
1380,2020,0.0093
1380,2021,0.0088999998
1380,2022,0.0099999998
1380,2023,0.0088999998
1380,2024,0.0093
1380,2025,0.0093
1381,2006,0.0108
1381,2007,0.0105
1381,2008,0.0107
1381,2009,0.0107
1381,2010,0.0104
1381,2011,0.0111
1381,2012,0.0099999998
1381,2013,0.011
1381,2014,0.0119
1381,2015,0.0109
1381,2016,0.0117
1381,2017,0.0109
1381,2018,0.0089999996
1381,2019,0.0105
1381,2020,0.0105
1381,2021,0.0096000005
1381,2022,0.0098000001
1381,2023,0.0105
1381,2024,0.0103
1381,2025,0.0114
1382,2006,0.0098000001
1382,2007,0.011
1382,2008,0.0102
1382,2009,0.0105
1382,2010,0.0106
1382,2011,0.0112
1382,2012,0.0097000003
1382,2013,0.0099999998
1382,2014,0.0099999998
1382,2015,0.0105
1382,2016,0.0098999999
1382,2017,0.0105
1382,2018,0.0111
1382,2019,0.0096000005
1382,2020,0.0098999999
1382,2021,0.0088
1382,2022,0.0105
1382,2023,0.0116
1382,2024,0.0089999996
1382,2025,0.0097000003
1383,2006,0.0105
1383,2007,0.0104
1383,2008,0.0093
1383,2009,0.0093
1383,2010,0.0097000003
1383,2011,0.0097000003
1383,2012,0.0094999997
1383,2013,0.0091000004
1383,2014,0.0094999997
1383,2015,0.0091000004
1383,2016,0.0096000005
1383,2017,0.0099999998
1383,2018,0.0102
1383,2019,0.0086000003
1383,2020,0.0096000005
1383,2021,0.0092000002
1383,2022,0.0093999999
1383,2023,0.0089999996
1383,2024,0.0092000002
1383,2025,0.0093
1384,2006,0.0068000001
1384,2007,0.0074999998
1384,2008,0.0073000002
1384,2009,0.0077
1384,2010,0.0070000002
1384,2011,0.0074
1384,2012,0.0076000001
1384,2013,0.0078999996
1384,2014,0.0077999998
1384,2015,0.0074999998
1384,2016,0.0077
1384,2017,0.0077
1384,2018,0.0074
1384,2019,0.0068000001
1384,2020,0.0076000001
1384,2021,0.0080000004
1384,2022,0.0080000004
1384,2023,0.0080000004
1384,2024,0.0074999998
1384,2025,0.0081000002
1401,2006,0.0065000001
1401,2007,0.0059000002
1401,2008,0.0066
1401,2009,0.0059000002
1401,2010,0.0066
1401,2011,0.0062000002
1401,2012,0.0068999999
1401,2013,0.0071
1401,2014,0.0066
1401,2015,0.0062000002
1401,2016,0.0074
1401,2017,0.0063
1401,2018,0.0068999999
1401,2019,0.0066999998
1401,2020,0.0068000001
1401,2021,0.0071
1401,2022,0.0066999998
1401,2023,0.0060999999
1401,2024,0.0070000002
1401,2025,0.0068000001
1402,2006,0.0074999998
1402,2007,0.0078999996
1402,2008,0.0082
1402,2009,0.0076000001
1402,2010,0.0076000001
1402,2011,0.0070000002
1402,2012,0.0074999998
1402,2013,0.0077
1402,2014,0.0076000001
1402,2015,0.0089999996
1402,2016,0.0068999999
1402,2017,0.0073000002
1402,2018,0.0074999998
1402,2019,0.0068000001
1402,2020,0.0088
1402,2021,0.0078999996
1402,2022,0.0074
1402,2023,0.0076000001
1402,2024,0.0073000002
1402,2025,0.0065000001
1407,2006,0.011
1407,2007,0.0106
1407,2008,0.0104
1407,2009,0.0096000005
1407,2010,0.0081000002
1407,2011,0.0097000003
1407,2012,0.0086000003
1407,2013,0.0093999999
1407,2014,0.0092000002
1407,2015,0.0094999997
1407,2016,0.0111
1407,2017,0.0098999999
1407,2018,0.0104
1407,2019,0.0101
1407,2020,0.0103
1407,2021,0.0093999999
1407,2022,0.0106
1407,2023,0.0104
1407,2024,0.0104
1407,2025,0.0093
1415,2006,0.0077999998
1415,2007,0.0060000001
1415,2008,0.0063999998
1415,2009,0.0059000002
1415,2010,0.0074
1415,2011,0.0091000004
1415,2012,0.0077999998
1415,2013,0.0088999998
1415,2014,0.0071
1415,2015,0.0086000003
1415,2016,0.0077999998
1415,2017,0.0076000001
1415,2018,0.0081000002
1415,2019,0.0080000004
1415,2020,0.0068000001
1415,2021,0.0070000002
1415,2022,0.0080000004
1415,2023,0.0081000002
1415,2024,0.0081000002
1415,2025,0.0083999997
1419,2006,0.0083999997
1419,2007,0.0088
1419,2008,0.0089999996
1419,2009,0.0093999999
1419,2010,0.0088999998
1419,2011,0.0096000005
1419,2012,0.011
1419,2013,0.0085000005
1419,2014,0.0098000001
1419,2015,0.0087000001
1419,2016,0.0094999997
1419,2017,0.0115
1419,2018,0.011
1419,2019,0.0093999999
1419,2020,0.0097000003
1419,2021,0.0105
1419,2022,0.0087000001
1419,2023,0.0106
1419,2024,0.0098000001
1419,2025,0.0109
1421,2006,0.011
1421,2007,0.0088
1421,2008,0.0113
1421,2009,0.0101
1421,2010,0.0107
1421,2011,0.0093
1421,2012,0.0132
1421,2013,0.0091000004
1421,2014,0.0112
1421,2015,0.0118
1421,2016,0.0114
1421,2017,0.0111
1421,2018,0.0111
1421,2019,0.0118
1421,2020,0.0131
1421,2021,0.011
1421,2022,0.0121
1421,2023,0.0121
1421,2024,0.0114
1421,2025,0.012
1427,2006,0.0122
1427,2007,0.0138
1427,2008,0.0146
1427,2009,0.0152
1427,2010,0.0149
1427,2011,0.0147
1427,2012,0.014
1427,2013,0.0133
1427,2014,0.013
1427,2015,0.0121
1427,2016,0.0141
1427,2017,0.018100001
1427,2018,0.0164
1427,2019,0.0166
1427,2020,0.0129
1427,2021,0.0143
1427,2022,0.0151
1427,2023,0.0156
1427,2024,0.0115
1427,2025,0.0145
1430,2006,0.0131
1430,2007,0.0118
1430,2008,0.0119
1430,2009,0.0115
1430,2010,0.0123
1430,2011,0.0107
1430,2012,0.0133
1430,2013,0.0106
1430,2014,0.0111
1430,2015,0.0126
1430,2016,0.0131
1430,2017,0.0109
1430,2018,0.0102
1430,2019,0.0119
1430,2020,0.0122
1430,2021,0.0106
1430,2022,0.0129
1430,2023,0.0124
1430,2024,0.0108
1430,2025,0.0118
1435,2006,0.0126
1435,2007,0.0138
1435,2008,0.0121
1435,2009,0.0137
1435,2010,0.0144
1435,2011,0.0128
1435,2012,0.0118
1435,2013,0.0113
1435,2014,0.0124
1435,2015,0.0107
1435,2016,0.0132
1435,2017,0.0118
1435,2018,0.0107
1435,2019,0.0127
1435,2020,0.012
1435,2021,0.0121
1435,2022,0.0147
1435,2023,0.0127
1435,2024,0.012
1435,2025,0.0127
1438,2006,0.0129
1438,2007,0.0143
1438,2008,0.0116
1438,2009,0.0136
1438,2010,0.0152
1438,2011,0.0109
1438,2012,0.0113
1438,2013,0.0109
1438,2014,0.0106
1438,2015,0.0113
1438,2016,0.0131
1438,2017,0.0098000001
1438,2018,0.012
1438,2019,0.0129
1438,2020,0.0091000004
1438,2021,0.0122
1438,2022,0.0135
1438,2023,0.0142
1438,2024,0.0115
1438,2025,0.0154
1439,2006,0.0128
1439,2007,0.0136
1439,2008,0.0117
1439,2009,0.0123
1439,2010,0.0117
1439,2011,0.0117
1439,2012,0.0106
1439,2013,0.0118
1439,2014,0.0117
1439,2015,0.0099999998
1439,2016,0.0099999998
1439,2017,0.0148
1439,2018,0.0136
1439,2019,0.0136
1439,2020,0.0122
1439,2021,0.0128
1439,2022,0.0119
1439,2023,0.0126
1439,2024,0.0121
1439,2025,0.0124
1440,2006,0.0080000004
1440,2007,0.0077999998
1440,2008,0.0071999999
1440,2009,0.0077
1440,2010,0.0081000002
1440,2011,0.0087000001
1440,2012,0.0071999999
1440,2013,0.0076000001
1440,2014,0.0086000003
1440,2015,0.0077
1440,2016,0.0081000002
1440,2017,0.0086000003
1440,2018,0.0070000002
1440,2019,0.0070000002
1440,2020,0.0076000001
1440,2021,0.0078999996
1440,2022,0.0071999999
1440,2023,0.0080000004
1440,2024,0.0070000002
1440,2025,0.0074
1441,2006,0.0062000002
1441,2007,0.0080000004
1441,2008,0.0062000002
1441,2009,0.0063999998
1441,2010,0.0065000001
1441,2011,0.0063999998
1441,2012,0.0060000001
1441,2013,0.0074
1441,2014,0.0071
1441,2015,0.0074
1441,2016,0.0074
1441,2017,0.0074
1441,2018,0.0071
1441,2019,0.0073000002
1441,2020,0.0082999999
1441,2021,0.0068999999
1441,2022,0.0074
1441,2023,0.0066
1441,2024,0.0066
1441,2025,0.0071
1442,2006,0.0103
1442,2007,0.0089999996
1442,2008,0.0117
1442,2009,0.0078999996
1442,2010,0.0087000001
1442,2011,0.0081000002
1442,2012,0.0086000003
1442,2013,0.0073000002
1442,2014,0.0091000004
1442,2015,0.0085000005
1442,2016,0.0097000003
1442,2017,0.0078999996
1442,2018,0.0082999999
1442,2019,0.0101
1442,2020,0.0094999997
1442,2021,0.0099999998
1442,2022,0.0092000002
1442,2023,0.0086000003
1442,2024,0.0091000004
1442,2025,0.0097000003
1443,2006,0.0074999998
1443,2007,0.0082
1443,2008,0.0078999996
1443,2009,0.0087000001
1443,2010,0.0093
1443,2011,0.0071999999
1443,2012,0.0066999998
1443,2013,0.0080000004
1443,2014,0.0066999998
1443,2015,0.0091000004
1443,2016,0.0074999998
1443,2017,0.0088999998
1443,2018,0.0081000002
1443,2019,0.0068000001
1443,2020,0.0098000001
1443,2021,0.0081000002
1443,2022,0.0081000002
1443,2023,0.0080000004
1443,2024,0.0097000003
1443,2025,0.0068999999
1444,2006,0.0121
1444,2007,0.0117
1444,2008,0.012
1444,2009,0.0108
1444,2010,0.0113
1444,2011,0.0121
1444,2012,0.0113
1444,2013,0.0105
1444,2014,0.0103
1444,2015,0.0098000001
1444,2016,0.0136
1444,2017,0.0105
1444,2018,0.0117
1444,2019,0.014
1444,2020,0.0125
1444,2021,0.0113
1444,2022,0.0127
1444,2023,0.0128
1444,2024,0.0137
1444,2025,0.0121
1445,2006,0.0133
1445,2007,0.0131
1445,2008,0.0122
1445,2009,0.0108
1445,2010,0.0118
1445,2011,0.0122
1445,2012,0.0118
1445,2013,0.0118
1445,2014,0.0113
1445,2015,0.0108
1445,2016,0.0111
1445,2017,0.013
1445,2018,0.0119
1445,2019,0.0108
1445,2020,0.0127
1445,2021,0.0125
1445,2022,0.0123
1445,2023,0.0109
1445,2024,0.0143
1445,2025,0.0117
1446,2006,0.0133
1446,2007,0.0156
1446,2008,0.0124
1446,2009,0.013
1446,2010,0.0136
1446,2011,0.0153
1446,2012,0.0134
1446,2013,0.0125
1446,2014,0.0129
1446,2015,0.0149
1446,2016,0.0138
1446,2017,0.0106
1446,2018,0.0134
1446,2019,0.0125
1446,2020,0.0124
1446,2021,0.015799999
1446,2022,0.0128
1446,2023,0.0112
1446,2024,0.0109
1446,2025,0.0123
1447,2006,0.0132
1447,2007,0.0165
1447,2008,0.0153
1447,2009,0.013
1447,2010,0.0128
1447,2011,0.0134
1447,2012,0.0151
1447,2013,0.0134
1447,2014,0.0143
1447,2015,0.0134
1447,2016,0.0117
1447,2017,0.0132
1447,2018,0.016899999
1447,2019,0.0127
1447,2020,0.0186
1447,2021,0.0145
1447,2022,0.0175
1447,2023,0.015
1447,2024,0.0137
1447,2025,0.016899999
1452,2006,0.0112
1452,2007,0.0117
1452,2008,0.0117
1452,2009,0.0112
1452,2010,0.0101
1452,2011,0.0104
1452,2012,0.0116
1452,2013,0.0088999998
1452,2014,0.0123
1452,2015,0.0104
1452,2016,0.0097000003
1452,2017,0.0112
1452,2018,0.0122
1452,2019,0.0092000002
1452,2020,0.0114
1452,2021,0.0101
1452,2022,0.0106
1452,2023,0.0101
1452,2024,0.0107
1452,2025,0.0092000002
1460,2006,0.0162
1460,2007,0.0147
1460,2008,0.0153
1460,2009,0.014
1460,2010,0.014
1460,2011,0.0144
1460,2012,0.0147
1460,2013,0.016000001
1460,2014,0.0135
1460,2015,0.015
1460,2016,0.0149
1460,2017,0.0138
1460,2018,0.0151
1460,2019,0.014
1460,2020,0.0141
1460,2021,0.0129
1460,2022,0.016000001
1460,2023,0.0138
1460,2024,0.0153
1460,2025,0.0133
1461,2006,0.0127
1461,2007,0.0133
1461,2008,0.0142
1461,2009,0.0137
1461,2010,0.0149
1461,2011,0.0143
1461,2012,0.0116
1461,2013,0.0155
1461,2014,0.0134
1461,2015,0.0134
1461,2016,0.0144
1461,2017,0.0139
1461,2018,0.0156
1461,2019,0.013
1461,2020,0.0151
1461,2021,0.014
1461,2022,0.0132
1461,2023,0.015699999
1461,2024,0.0122
1461,2025,0.0118
1462,2006,0.0082999999
1462,2007,0.0089999996
1462,2008,0.0105
1462,2009,0.0088999998
1462,2010,0.0098999999
1462,2011,0.0111
1462,2012,0.0103
1462,2013,0.0096000005
1462,2014,0.0101
1462,2015,0.0107
1462,2016,0.0093
1462,2017,0.0091000004
1462,2018,0.0104
1462,2019,0.0078999996
1462,2020,0.0092000002
1462,2021,0.0078999996
1462,2022,0.0096000005
1462,2023,0.0098000001
1462,2024,0.0088
1462,2025,0.0088
1463,2006,0.0111
1463,2007,0.0107
1463,2008,0.0117
1463,2009,0.0103
1463,2010,0.012
1463,2011,0.0098999999
1463,2012,0.0098999999
1463,2013,0.011
1463,2014,0.0104
1463,2015,0.0104
1463,2016,0.0105
1463,2017,0.0115
1463,2018,0.0097000003
1463,2019,0.0098999999
1463,2020,0.011
1463,2021,0.0108
1463,2022,0.0106
1463,2023,0.0104
1463,2024,0.0098000001
1463,2025,0.0104
1465,2006,0.0115
1465,2007,0.0137
1465,2008,0.0138
1465,2009,0.0112
1465,2010,0.0116
1465,2011,0.0129
1465,2012,0.0113
1465,2013,0.0125
1465,2014,0.0116
1465,2015,0.0111
1465,2016,0.0111
1465,2017,0.0106
1465,2018,0.0117
1465,2019,0.0085000005
1465,2020,0.0125
1465,2021,0.0113
1465,2022,0.0109
1465,2023,0.0117
1465,2024,0.0116
1465,2025,0.0117
1466,2006,0.0106
1466,2007,0.0115
1466,2008,0.0108
1466,2009,0.0098000001
1466,2010,0.0113
1466,2011,0.011
1466,2012,0.0102
1466,2013,0.0121
1466,2014,0.0096000005
1466,2015,0.0098999999
1466,2016,0.0108
1466,2017,0.0107
1466,2018,0.0092000002
1466,2019,0.0122
1466,2020,0.0116
1466,2021,0.0114
1466,2022,0.0106
1466,2023,0.0132
1466,2024,0.0096000005
1466,2025,0.0105
1470,2006,0.0107
1470,2007,0.0122
1470,2008,0.0126
1470,2009,0.0124
1470,2010,0.0127
1470,2011,0.0112
1470,2012,0.0134
1470,2013,0.0119
1470,2014,0.0126
1470,2015,0.0119
1470,2016,0.0137
1470,2017,0.011
1470,2018,0.013
1470,2019,0.0108
1470,2020,0.0105
1470,2021,0.0122
1470,2022,0.0108
1470,2023,0.011
1470,2024,0.0103
1470,2025,0.0098999999
1471,2006,0.0111
1471,2007,0.0102
1471,2008,0.0093
1471,2009,0.0098999999
1471,2010,0.0096000005
1471,2011,0.0097000003
1471,2012,0.0101
1471,2013,0.0112
1471,2014,0.0105
1471,2015,0.0107
1471,2016,0.0089999996
1471,2017,0.0108
1471,2018,0.0103
1471,2019,0.0098000001
1471,2020,0.0109
1471,2021,0.0102
1471,2022,0.0108
1471,2023,0.0113
1471,2024,0.0098000001
1471,2025,0.0107
1472,2006,0.0102
1472,2007,0.0114
1472,2008,0.0092000002
1472,2009,0.0114
1472,2010,0.0123
1472,2011,0.011
1472,2012,0.0109
1472,2013,0.0113
1472,2014,0.0101
1472,2015,0.0107
1472,2016,0.0109
1472,2017,0.0116
1472,2018,0.0127
1472,2019,0.0094999997
1472,2020,0.0131
1472,2021,0.0125
1472,2022,0.0101
1472,2023,0.0121
1472,2024,0.0117
1472,2025,0.0118
1473,2006,0.0138
1473,2007,0.0127
1473,2008,0.0127
1473,2009,0.0134
1473,2010,0.015699999
1473,2011,0.0113
1473,2012,0.0152
1473,2013,0.012
1473,2014,0.0126
1473,2015,0.0107
1473,2016,0.0116
1473,2017,0.0106
1473,2018,0.0136
1473,2019,0.0112
1473,2020,0.0135
1473,2021,0.0137
1473,2022,0.0115
1473,2023,0.012
1473,2024,0.0123
1473,2025,0.0118
1480,2006,0.0093999999
1480,2007,0.0093999999
1480,2008,0.0091000004
1480,2009,0.0086000003
1480,2010,0.0088
1480,2011,0.0086000003
1480,2012,0.0087000001
1480,2013,0.0085000005
1480,2014,0.0078999996
1480,2015,0.0078999996
1480,2016,0.0077999998
1480,2017,0.0077
1480,2018,0.0076000001
1480,2019,0.0071999999
1480,2020,0.0078999996
1480,2021,0.0071999999
1480,2022,0.0071999999
1480,2023,0.0071999999
1480,2024,0.0068000001
1480,2025,0.0068000001
1481,2006,0.0083999997
1481,2007,0.0082
1481,2008,0.0082999999
1481,2009,0.0081000002
1481,2010,0.0074
1481,2011,0.0076000001
1481,2012,0.0081000002
1481,2013,0.0073000002
1481,2014,0.0074
1481,2015,0.0080000004
1481,2016,0.0076000001
1481,2017,0.0076000001
1481,2018,0.0077999998
1481,2019,0.0076000001
1481,2020,0.0071
1481,2021,0.0071999999
1481,2022,0.0066999998
1481,2023,0.0071
1481,2024,0.0066999998
1481,2025,0.0066999998
1482,2006,0.0082999999
1482,2007,0.0080000004
1482,2008,0.0086000003
1482,2009,0.0081000002
1482,2010,0.0074999998
1482,2011,0.0077
1482,2012,0.0078999996
1482,2013,0.0082
1482,2014,0.0078999996
1482,2015,0.0086000003
1482,2016,0.0089999996
1482,2017,0.0092000002
1482,2018,0.0088999998
1482,2019,0.0085000005
1482,2020,0.0088
1482,2021,0.0081000002
1482,2022,0.0082
1482,2023,0.0082
1482,2024,0.0078999996
1482,2025,0.0080000004
1484,2006,0.0124
1484,2007,0.0111
1484,2008,0.0133
1484,2009,0.0141
1484,2010,0.0124
1484,2011,0.0148
1484,2012,0.0113
1484,2013,0.0131
1484,2014,0.0114
1484,2015,0.0124
1484,2016,0.015699999
1484,2017,0.013
1484,2018,0.0116
1484,2019,0.0134
1484,2020,0.0136
1484,2021,0.0126
1484,2022,0.0147
1484,2023,0.0132
1484,2024,0.011
1484,2025,0.0122
1485,2006,0.0119
1485,2007,0.0113
1485,2008,0.0113
1485,2009,0.011
1485,2010,0.0101
1485,2011,0.0097000003
1485,2012,0.0103
1485,2013,0.0108
1485,2014,0.0103
1485,2015,0.011
1485,2016,0.0101
1485,2017,0.011
1485,2018,0.0093
1485,2019,0.0102
1485,2020,0.0097000003
1485,2021,0.0096000005
1485,2022,0.0099999998
1485,2023,0.0104
1485,2024,0.0098000001
1485,2025,0.0105
1486,2006,0.0123
1486,2007,0.0128
1486,2008,0.0116
1486,2009,0.012
1486,2010,0.0113
1486,2011,0.0106
1486,2012,0.0116
1486,2013,0.012
1486,2014,0.0094999997
1486,2015,0.0102
1486,2016,0.0102
1486,2017,0.0092000002
1486,2018,0.0098999999
1486,2019,0.0097000003
1486,2020,0.0101
1486,2021,0.0103
1486,2022,0.013
1486,2023,0.0115
1486,2024,0.0088999998
1486,2025,0.0089999996
1487,2006,0.0102
1487,2007,0.0106
1487,2008,0.0105
1487,2009,0.0099999998
1487,2010,0.0119
1487,2011,0.0098999999
1487,2012,0.0116
1487,2013,0.0111
1487,2014,0.0104
1487,2015,0.0104
1487,2016,0.0112
1487,2017,0.0112
1487,2018,0.011
1487,2019,0.0097000003
1487,2020,0.0107
1487,2021,0.0111
1487,2022,0.0108
1487,2023,0.0107
1487,2024,0.0102
1487,2025,0.0105
1488,2006,0.0109
1488,2007,0.0103
1488,2008,0.0099999998
1488,2009,0.0109
1488,2010,0.0104
1488,2011,0.0094999997
1488,2012,0.0107
1488,2013,0.0087000001
1488,2014,0.0092000002
1488,2015,0.0098999999
1488,2016,0.0093
1488,2017,0.0093999999
1488,2018,0.0092000002
1488,2019,0.0098000001
1488,2020,0.0093999999
1488,2021,0.0088
1488,2022,0.0099999998
1488,2023,0.0092000002
1488,2024,0.0091000004
1488,2025,0.0089999996
1489,2006,0.0099999998
1489,2007,0.0107
1489,2008,0.0098000001
1489,2009,0.0099999998
1489,2010,0.0096000005
1489,2011,0.0104
1489,2012,0.0102
1489,2013,0.0094999997
1489,2014,0.0092000002
1489,2015,0.0091000004
1489,2016,0.0096000005
1489,2017,0.0102
1489,2018,0.0102
1489,2019,0.0093999999
1489,2020,0.011
1489,2021,0.0094999997
1489,2022,0.0097000003
1489,2023,0.0098000001
1489,2024,0.0098999999
1489,2025,0.0087000001
1490,2006,0.0107
1490,2007,0.0106
1490,2008,0.0105
1490,2009,0.0098999999
1490,2010,0.0102
1490,2011,0.0104
1490,2012,0.0096000005
1490,2013,0.0093
1490,2014,0.0094999997
1490,2015,0.0088999998
1490,2016,0.0088999998
1490,2017,0.0094999997
1490,2018,0.0097000003
1490,2019,0.0091000004
1490,2020,0.0101
1490,2021,0.0089999996
1490,2022,0.0093999999
1490,2023,0.0093
1490,2024,0.0091000004
1490,2025,0.0087000001
1491,2006,0.0117
1491,2007,0.0111
1491,2008,0.0111
1491,2009,0.0102
1491,2010,0.0118
1491,2011,0.0107
1491,2012,0.0109
1491,2013,0.0114
1491,2014,0.0109
1491,2015,0.0101
1491,2016,0.0109
1491,2017,0.0105
1491,2018,0.0098999999
1491,2019,0.0109
1491,2020,0.0104
1491,2021,0.0104
1491,2022,0.0096000005
1491,2023,0.0099999998
1491,2024,0.0118
1491,2025,0.011
1492,2006,0.013
1492,2007,0.0134
1492,2008,0.0124
1492,2009,0.0136
1492,2010,0.0136
1492,2011,0.0126
1492,2012,0.0145
1492,2013,0.0125
1492,2014,0.013
1492,2015,0.0142
1492,2016,0.0126
1492,2017,0.0129
1492,2018,0.0118
1492,2019,0.012
1492,2020,0.0148
1492,2021,0.0119
1492,2022,0.0131
1492,2023,0.0147
1492,2024,0.0132
1492,2025,0.0149
1493,2006,0.0116
1493,2007,0.0114
1493,2008,0.012
1493,2009,0.0118
1493,2010,0.0108
1493,2011,0.0105
1493,2012,0.0113
1493,2013,0.0111
1493,2014,0.0107
1493,2015,0.0123
1493,2016,0.0112
1493,2017,0.0122
1493,2018,0.0114
1493,2019,0.0109
1493,2020,0.0105
1493,2021,0.0115
1493,2022,0.0128
1493,2023,0.0109
1493,2024,0.0122
1493,2025,0.0124
1494,2006,0.0109
1494,2007,0.0101
1494,2008,0.0115
1494,2009,0.0113
1494,2010,0.011
1494,2011,0.0101
1494,2012,0.0101
1494,2013,0.0105
1494,2014,0.0101
1494,2015,0.0101
1494,2016,0.0109
1494,2017,0.0108
1494,2018,0.0098000001
1494,2019,0.0103
1494,2020,0.0103
1494,2021,0.0083999997
1494,2022,0.0104
1494,2023,0.0107
1494,2024,0.0106
1494,2025,0.0101
1495,2006,0.0088
1495,2007,0.012
1495,2008,0.0119
1495,2009,0.0099999998
1495,2010,0.0111
1495,2011,0.0106
1495,2012,0.0111
1495,2013,0.0106
1495,2014,0.0104
1495,2015,0.0108
1495,2016,0.0102
1495,2017,0.0107
1495,2018,0.0098999999
1495,2019,0.0114
1495,2020,0.0106
1495,2021,0.0096000005
1495,2022,0.0104
1495,2023,0.0103
1495,2024,0.0109
1495,2025,0.0092000002
1496,2006,0.0101
1496,2007,0.0103
1496,2008,0.0099999998
1496,2009,0.0092000002
1496,2010,0.0096000005
1496,2011,0.0093
1496,2012,0.0092000002
1496,2013,0.0087000001
1496,2014,0.0093
1496,2015,0.0087000001
1496,2016,0.0086000003
1496,2017,0.0088
1496,2018,0.0088
1496,2019,0.0088
1496,2020,0.0098000001
1496,2021,0.0093999999
1496,2022,0.0088999998
1496,2023,0.0085000005
1496,2024,0.0087000001
1496,2025,0.0086000003
1497,2006,0.0096000005
1497,2007,0.0107
1497,2008,0.0103
1497,2009,0.0104
1497,2010,0.0114
1497,2011,0.0129
1497,2012,0.0124
1497,2013,0.0134
1497,2014,0.0083999997
1497,2015,0.0116
1497,2016,0.0116
1497,2017,0.0115
1497,2018,0.0108
1497,2019,0.0112
1497,2020,0.0117
1497,2021,0.013
1497,2022,0.0119
1497,2023,0.012
1497,2024,0.0108
1497,2025,0.0097000003
1498,2006,0.0111
1498,2007,0.0123
1498,2008,0.0106
1498,2009,0.0106
1498,2010,0.0116
1498,2011,0.0121
1498,2012,0.0126
1498,2013,0.0112
1498,2014,0.0122
1498,2015,0.0105
1498,2016,0.0101
1498,2017,0.0106
1498,2018,0.0121
1498,2019,0.0104
1498,2020,0.0112
1498,2021,0.0109
1498,2022,0.0099999998
1498,2023,0.0122
1498,2024,0.0122
1498,2025,0.0109
1499,2006,0.0123
1499,2007,0.0113
1499,2008,0.0127
1499,2009,0.011
1499,2010,0.0126
1499,2011,0.0111
1499,2012,0.0113
1499,2013,0.0111
1499,2014,0.0112
1499,2015,0.0121
1499,2016,0.0102
1499,2017,0.0104
1499,2018,0.0113
1499,2019,0.0113
1499,2020,0.0098999999
1499,2021,0.0107
1499,2022,0.0114
1499,2023,0.0115
1499,2024,0.0104
1499,2025,0.0102
1715,2006,0.0091000004
1715,2007,0.0092000002
1715,2008,0.0106
1715,2009,0.0077999998
1715,2010,0.0102
1715,2011,0.0080000004
1715,2012,0.0098000001
1715,2013,0.0098000001
1715,2014,0.0087000001
1715,2015,0.0094999997
1715,2016,0.0091000004
1715,2017,0.0102
1715,2018,0.0109
1715,2019,0.0094999997
1715,2020,0.0109
1715,2021,0.011
1715,2022,0.0105
1715,2023,0.0113
1715,2024,0.0092000002
1715,2025,0.0123
1730,2006,0.0121
1730,2007,0.0117
1730,2008,0.0135
1730,2009,0.0138
1730,2010,0.0131
1730,2011,0.0142
1730,2012,0.0118
1730,2013,0.0112
1730,2014,0.014
1730,2015,0.0122
1730,2016,0.0148
1730,2017,0.0135
1730,2018,0.0144
1730,2019,0.0108
1730,2020,0.0126
1730,2021,0.0123
1730,2022,0.0098000001
1730,2023,0.0121
1730,2024,0.012
1730,2025,0.0117
1737,2006,0.0151
1737,2007,0.0135
1737,2008,0.018300001
1737,2009,0.02
1737,2010,0.0147
1737,2011,0.0145
1737,2012,0.0175
1737,2013,0.0173
1737,2014,0.0142
1737,2015,0.0128
1737,2016,0.016000001
1737,2017,0.0155
1737,2018,0.0134
1737,2019,0.0153
1737,2020,0.0153
1737,2021,0.017000001
1737,2022,0.0153
1737,2023,0.0143
1737,2024,0.013
1737,2025,0.013
1760,2006,0.0163
1760,2007,0.0119
1760,2008,0.0116
1760,2009,0.0135
1760,2010,0.0131
1760,2011,0.011
1760,2012,0.0133
1760,2013,0.0118
1760,2014,0.016000001
1760,2015,0.0144
1760,2016,0.0134
1760,2017,0.0106
1760,2018,0.0114
1760,2019,0.0096000005
1760,2020,0.011
1760,2021,0.0099999998
1760,2022,0.0152
1760,2023,0.0137
1760,2024,0.0147
1760,2025,0.0119
1761,2006,0.0083999997
1761,2007,0.0097000003
1761,2008,0.0082999999
1761,2009,0.0087000001
1761,2010,0.0087000001
1761,2011,0.0076000001
1761,2012,0.0088
1761,2013,0.0074
1761,2014,0.0080000004
1761,2015,0.0080000004
1761,2016,0.0087000001
1761,2017,0.0088999998
1761,2018,0.0078999996
1761,2019,0.0076000001
1761,2020,0.0074
1761,2021,0.0082
1761,2022,0.0094999997
1761,2023,0.0078999996
1761,2024,0.0083999997
1761,2025,0.0066999998
1762,2006,0.0175
1762,2007,0.0155
1762,2008,0.017000001
1762,2009,0.0147
1762,2010,0.0148
1762,2011,0.0156
1762,2012,0.017000001
1762,2013,0.0146
1762,2014,0.0156
1762,2015,0.0197
1762,2016,0.020199999
1762,2017,0.015
1762,2018,0.0165
1762,2019,0.014
1762,2020,0.0222
1762,2021,0.017200001
1762,2022,0.015799999
1762,2023,0.0149
1762,2024,0.0188
1762,2025,0.0138
1763,2006,0.0096000005
1763,2007,0.0102
1763,2008,0.0081000002
1763,2009,0.0088
1763,2010,0.0103
1763,2011,0.0091000004
1763,2012,0.0093999999
1763,2013,0.0131
1763,2014,0.0101
1763,2015,0.0112
1763,2016,0.0105
1763,2017,0.0105
1763,2018,0.0102
1763,2019,0.0103
1763,2020,0.0101
1763,2021,0.0107
1763,2022,0.0087000001
1763,2023,0.012
1763,2024,0.0113
1763,2025,0.011
1764,2006,0.0116
1764,2007,0.0121
1764,2008,0.0124
1764,2009,0.0141
1764,2010,0.012
1764,2011,0.0118
1764,2012,0.014
1764,2013,0.0122
1764,2014,0.0123
1764,2015,0.0125
1764,2016,0.0142
1764,2017,0.0123
1764,2018,0.0112
1764,2019,0.0129
1764,2020,0.0134
1764,2021,0.0119
1764,2022,0.0113
1764,2023,0.0133
1764,2024,0.0115
1764,2025,0.0143
1765,2006,0.013
1765,2007,0.0132
1765,2008,0.0131
1765,2009,0.0133
1765,2010,0.014
1765,2011,0.0124
1765,2012,0.0127
1765,2013,0.0126
1765,2014,0.013
1765,2015,0.0118
1765,2016,0.0112
1765,2017,0.0135
1765,2018,0.0106
1765,2019,0.0113
1765,2020,0.011
1765,2021,0.0113
1765,2022,0.0103
1765,2023,0.0133
1765,2024,0.0116
1765,2025,0.012
1766,2006,0.013
1766,2007,0.0131
1766,2008,0.0134
1766,2009,0.0128
1766,2010,0.0142
1766,2011,0.0143
1766,2012,0.0132
1766,2013,0.0143
1766,2014,0.0101
1766,2015,0.0137
1766,2016,0.0122
1766,2017,0.0118
1766,2018,0.0125
1766,2019,0.0097000003
1766,2020,0.012
1766,2021,0.0117
1766,2022,0.0106
1766,2023,0.0119
1766,2024,0.0118
1766,2025,0.0109
1780,2006,0.0103
1780,2007,0.0091000004
1780,2008,0.0097000003
1780,2009,0.0101
1780,2010,0.0094999997
1780,2011,0.0092000002
1780,2012,0.0092000002
1780,2013,0.0089999996
1780,2014,0.0085000005
1780,2015,0.0099999998
1780,2016,0.0096000005
1780,2017,0.0086000003
1780,2018,0.0098000001
1780,2019,0.0088999998
1780,2020,0.0085000005
1780,2021,0.0093
1780,2022,0.0088999998
1780,2023,0.0088999998
1780,2024,0.0086000003
1780,2025,0.0089999996
1781,2006,0.014
1781,2007,0.0138
1781,2008,0.0136
1781,2009,0.0135
1781,2010,0.0139
1781,2011,0.0117
1781,2012,0.0124
1781,2013,0.013
1781,2014,0.0134
1781,2015,0.0141
1781,2016,0.0121
1781,2017,0.0122
1781,2018,0.0117
1781,2019,0.0132
1781,2020,0.0131
1781,2021,0.0124
1781,2022,0.013
1781,2023,0.0134
1781,2024,0.0135
1781,2025,0.0125
1782,2006,0.0164
1782,2007,0.0148
1782,2008,0.0155
1782,2009,0.0156
1782,2010,0.0137
1782,2011,0.0137
1782,2012,0.0149
1782,2013,0.016000001
1782,2014,0.0139
1782,2015,0.016100001
1782,2016,0.0156
1782,2017,0.0144
1782,2018,0.0122
1782,2019,0.0127
1782,2020,0.0149
1782,2021,0.0162
1782,2022,0.0136
1782,2023,0.0132
1782,2024,0.016100001
1782,2025,0.0135
1783,2006,0.0136
1783,2007,0.015900001
1783,2008,0.0152
1783,2009,0.017100001
1783,2010,0.0166
1783,2011,0.0151
1783,2012,0.0185
1783,2013,0.016000001
1783,2014,0.0162
1783,2015,0.0143
1783,2016,0.0134
1783,2017,0.0148
1783,2018,0.0155
1783,2019,0.0148
1783,2020,0.0164
1783,2021,0.0162
1783,2022,0.0147
1783,2023,0.0154
1783,2024,0.0135
1783,2025,0.0143
1784,2006,0.0133
1784,2007,0.0132
1784,2008,0.0133
1784,2009,0.0132
1784,2010,0.0126
1784,2011,0.0124
1784,2012,0.0117
1784,2013,0.0136
1784,2014,0.0127
1784,2015,0.0126
1784,2016,0.0122
1784,2017,0.0123
1784,2018,0.0112
1784,2019,0.0109
1784,2020,0.0128
1784,2021,0.0122
1784,2022,0.0128
1784,2023,0.013
1784,2024,0.0127
1784,2025,0.0115
1785,2006,0.0141
1785,2007,0.0123
1785,2008,0.0146
1785,2009,0.0134
1785,2010,0.012
1785,2011,0.012
1785,2012,0.0138
1785,2013,0.013
1785,2014,0.0121
1785,2015,0.0139
1785,2016,0.0128
1785,2017,0.0135
1785,2018,0.0124
1785,2019,0.012
1785,2020,0.0119
1785,2021,0.0145
1785,2022,0.0131
1785,2023,0.0145
1785,2024,0.0118
1785,2025,0.0146
1814,2006,0.0086000003
1814,2007,0.0107
1814,2008,0.0101
1814,2009,0.0093
1814,2010,0.0111
1814,2011,0.0080000004
1814,2012,0.0080000004
1814,2013,0.0116
1814,2014,0.0097000003
1814,2015,0.0114
1814,2016,0.0093999999
1814,2017,0.0109
1814,2018,0.0086000003
1814,2019,0.0093999999
1814,2020,0.0081000002
1814,2021,0.0082999999
1814,2022,0.0077999998
1814,2023,0.0106
1814,2024,0.0091000004
1814,2025,0.0074
1860,2006,0.0135
1860,2007,0.0149
1860,2008,0.0144
1860,2009,0.0126
1860,2010,0.015699999
1860,2011,0.0135
1860,2012,0.0139
1860,2013,0.0155
1860,2014,0.0113
1860,2015,0.0147
1860,2016,0.016100001
1860,2017,0.0142
1860,2018,0.0144
1860,2019,0.0133
1860,2020,0.0162
1860,2021,0.0127
1860,2022,0.017000001
1860,2023,0.0135
1860,2024,0.0135
1860,2025,0.0122
1861,2006,0.0114
1861,2007,0.0107
1861,2008,0.0117
1861,2009,0.0119
1861,2010,0.0097000003
1861,2011,0.0126
1861,2012,0.0108
1861,2013,0.0113
1861,2014,0.0117
1861,2015,0.0107
1861,2016,0.0115
1861,2017,0.0118
1861,2018,0.0114
1861,2019,0.0108
1861,2020,0.0119
1861,2021,0.0098000001
1861,2022,0.0103
1861,2023,0.0104
1861,2024,0.0101
1861,2025,0.0103
1862,2006,0.0135
1862,2007,0.0136
1862,2008,0.0129
1862,2009,0.0124
1862,2010,0.0146
1862,2011,0.0138
1862,2012,0.0149
1862,2013,0.0128
1862,2014,0.0124
1862,2015,0.0126
1862,2016,0.0144
1862,2017,0.0136
1862,2018,0.0109
1862,2019,0.0101
1862,2020,0.0132
1862,2021,0.0122
1862,2022,0.0129
1862,2023,0.017100001
1862,2024,0.0141
1862,2025,0.0132
1863,2006,0.0142
1863,2007,0.0131
1863,2008,0.0143
1863,2009,0.017100001
1863,2010,0.0124
1863,2011,0.0163
1863,2012,0.0164
1863,2013,0.0173
1863,2014,0.016899999
1863,2015,0.0137
1863,2016,0.0151
1863,2017,0.0147
1863,2018,0.0167
1863,2019,0.0145
1863,2020,0.0163
1863,2021,0.0175
1863,2022,0.0164
1863,2023,0.0143
1863,2024,0.0132
1863,2025,0.0149
1864,2006,0.0151
1864,2007,0.0143
1864,2008,0.0166
1864,2009,0.0176
1864,2010,0.018200001
1864,2011,0.018300001
1864,2012,0.0131
1864,2013,0.0221
1864,2014,0.0174
1864,2015,0.0177
1864,2016,0.0138
1864,2017,0.0142
1864,2018,0.0134
1864,2019,0.015699999
1864,2020,0.0143
1864,2021,0.017999999
1864,2022,0.0133
1864,2023,0.016799999
1864,2024,0.0188
1864,2025,0.0174
1880,2006,0.0092000002
1880,2007,0.0096000005
1880,2008,0.0093999999
1880,2009,0.0101
1880,2010,0.0089999996
1880,2011,0.0089999996
1880,2012,0.0087000001
1880,2013,0.0093
1880,2014,0.0081000002
1880,2015,0.0082
1880,2016,0.0085000005
1880,2017,0.0077999998
1880,2018,0.0083999997
1880,2019,0.0076000001
1880,2020,0.0082999999
1880,2021,0.0073000002
1880,2022,0.0082
1880,2023,0.0082
1880,2024,0.0074
1880,2025,0.0077
1881,2006,0.0108
1881,2007,0.0098999999
1881,2008,0.0103
1881,2009,0.0098999999
1881,2010,0.0098000001
1881,2011,0.0104
1881,2012,0.0101
1881,2013,0.0080000004
1881,2014,0.0082999999
1881,2015,0.0106
1881,2016,0.0087000001
1881,2017,0.0087000001
1881,2018,0.0085000005
1881,2019,0.0087000001
1881,2020,0.0092000002
1881,2021,0.0086000003
1881,2022,0.0078999996
1881,2023,0.0098000001
1881,2024,0.0081000002
1881,2025,0.0093
1882,2006,0.0128
1882,2007,0.0129
1882,2008,0.0114
1882,2009,0.0133
1882,2010,0.0115
1882,2011,0.014
1882,2012,0.0121
1882,2013,0.0133
1882,2014,0.0105
1882,2015,0.0131
1882,2016,0.0127
1882,2017,0.0136
1882,2018,0.0123
1882,2019,0.0111
1882,2020,0.0117
1882,2021,0.0112
1882,2022,0.0116
1882,2023,0.0134
1882,2024,0.0119
1882,2025,0.0139
1883,2006,0.0133
1883,2007,0.0129
1883,2008,0.0134
1883,2009,0.014
1883,2010,0.0116
1883,2011,0.0127
1883,2012,0.0141
1883,2013,0.013
1883,2014,0.0126
1883,2015,0.0129
1883,2016,0.0135
1883,2017,0.0121
1883,2018,0.0129
1883,2019,0.0119
1883,2020,0.0117
1883,2021,0.0122
1883,2022,0.012
1883,2023,0.0118
1883,2024,0.0108
1883,2025,0.012
1884,2006,0.0124
1884,2007,0.0112
1884,2008,0.0117
1884,2009,0.0112
1884,2010,0.0128
1884,2011,0.0122
1884,2012,0.0113
1884,2013,0.0108
1884,2014,0.0113
1884,2015,0.0114
1884,2016,0.0117
1884,2017,0.0116
1884,2018,0.0116
1884,2019,0.0117
1884,2020,0.012
1884,2021,0.0121
1884,2022,0.0113
1884,2023,0.012
1884,2024,0.0114
1884,2025,0.0101
1885,2006,0.0144
1885,2007,0.0115
1885,2008,0.0121
1885,2009,0.0127
1885,2010,0.012
1885,2011,0.0118
1885,2012,0.0132
1885,2013,0.0126
1885,2014,0.0112
1885,2015,0.0115
1885,2016,0.0111
1885,2017,0.0119
1885,2018,0.0099999998
1885,2019,0.0111
1885,2020,0.0106
1885,2021,0.0117
1885,2022,0.0119
1885,2023,0.0117
1885,2024,0.0106
1885,2025,0.0109
1904,2006,0.0122
1904,2007,0.0139
1904,2008,0.013
1904,2009,0.011
1904,2010,0.0142
1904,2011,0.0104
1904,2012,0.0134
1904,2013,0.0125
1904,2014,0.015
1904,2015,0.017100001
1904,2016,0.013
1904,2017,0.0142
1904,2018,0.014
1904,2019,0.015799999
1904,2020,0.0153
1904,2021,0.0103
1904,2022,0.016000001
1904,2023,0.0143
1904,2024,0.0184
1904,2025,0.0165
1907,2006,0.012
1907,2007,0.0109
1907,2008,0.0101
1907,2009,0.0096000005
1907,2010,0.0098000001
1907,2011,0.011
1907,2012,0.011
1907,2013,0.0114
1907,2014,0.0115
1907,2015,0.0133
1907,2016,0.0126
1907,2017,0.0104
1907,2018,0.0126
1907,2019,0.0108
1907,2020,0.0113
1907,2021,0.0118
1907,2022,0.0126
1907,2023,0.0122
1907,2024,0.0132
1907,2025,0.0118
1960,2006,0.0106
1960,2007,0.0099999998
1960,2008,0.0092000002
1960,2009,0.0092000002
1960,2010,0.0098999999
1960,2011,0.0104
1960,2012,0.0119
1960,2013,0.0111
1960,2014,0.0116
1960,2015,0.0093999999
1960,2016,0.0103
1960,2017,0.0088999998
1960,2018,0.0109
1960,2019,0.0109
1960,2020,0.0107
1960,2021,0.0105
1960,2022,0.0107
1960,2023,0.0112
1960,2024,0.0108
1960,2025,0.0112
1961,2006,0.0118
1961,2007,0.0124
1961,2008,0.0132
1961,2009,0.0114
1961,2010,0.011
1961,2011,0.0111
1961,2012,0.0113
1961,2013,0.0123
1961,2014,0.0115
1961,2015,0.0115
1961,2016,0.0099999998
1961,2017,0.0124
1961,2018,0.0121
1961,2019,0.0108
1961,2020,0.0106
1961,2021,0.0124
1961,2022,0.011
1961,2023,0.0119
1961,2024,0.0111
1961,2025,0.0116
1962,2006,0.0133
1962,2007,0.0127
1962,2008,0.0114
1962,2009,0.011
1962,2010,0.0115
1962,2011,0.0126
1962,2012,0.0134
1962,2013,0.011
1962,2014,0.0127
1962,2015,0.0129
1962,2016,0.0133
1962,2017,0.0124
1962,2018,0.0133
1962,2019,0.011
1962,2020,0.0127
1962,2021,0.0141
1962,2022,0.014
1962,2023,0.0132
1962,2024,0.0132
1962,2025,0.0165
1980,2006,0.0097000003
1980,2007,0.0094999997
1980,2008,0.0093999999
1980,2009,0.0088999998
1980,2010,0.0088
1980,2011,0.0087000001
1980,2012,0.0088999998
1980,2013,0.0085000005
1980,2014,0.0085000005
1980,2015,0.0085000005
1980,2016,0.0091000004
1980,2017,0.0087000001
1980,2018,0.0089999996
1980,2019,0.0085000005
1980,2020,0.0094999997
1980,2021,0.0086000003
1980,2022,0.0088999998
1980,2023,0.0085000005
1980,2024,0.0082999999
1980,2025,0.0086000003
1981,2006,0.0117
1981,2007,0.0114
1981,2008,0.0107
1981,2009,0.0108
1981,2010,0.011
1981,2011,0.0111
1981,2012,0.0112
1981,2013,0.0102
1981,2014,0.0113
1981,2015,0.0101
1981,2016,0.0116
1981,2017,0.0115
1981,2018,0.0121
1981,2019,0.0113
1981,2020,0.0122
1981,2021,0.0103
1981,2022,0.0109
1981,2023,0.0105
1981,2024,0.0108
1981,2025,0.0115
1982,2006,0.013
1982,2007,0.0125
1982,2008,0.014
1982,2009,0.0135
1982,2010,0.013
1982,2011,0.0138
1982,2012,0.0142
1982,2013,0.0129
1982,2014,0.0118
1982,2015,0.0124
1982,2016,0.0116
1982,2017,0.012
1982,2018,0.012
1982,2019,0.0111
1982,2020,0.0131
1982,2021,0.0114
1982,2022,0.0149
1982,2023,0.0125
1982,2024,0.0118
1982,2025,0.0117
1983,2006,0.0118
1983,2007,0.0122
1983,2008,0.0116
1983,2009,0.0124
1983,2010,0.0118
1983,2011,0.0122
1983,2012,0.0121
1983,2013,0.0107
1983,2014,0.0102
1983,2015,0.0116
1983,2016,0.012
1983,2017,0.0107
1983,2018,0.0119
1983,2019,0.0113
1983,2020,0.0122
1983,2021,0.0115
1983,2022,0.0114
1983,2023,0.0108
1983,2024,0.0117
1983,2025,0.0126
1984,2006,0.0107
1984,2007,0.0128
1984,2008,0.014
1984,2009,0.0119
1984,2010,0.0122
1984,2011,0.0137
1984,2012,0.0133
1984,2013,0.0121
1984,2014,0.0111
1984,2015,0.0125
1984,2016,0.0123
1984,2017,0.012
1984,2018,0.012
1984,2019,0.0096000005
1984,2020,0.0116
1984,2021,0.0125
1984,2022,0.0123
1984,2023,0.0116
1984,2024,0.011
1984,2025,0.013
2021,2006,0.0143
2021,2007,0.014
2021,2008,0.0141
2021,2009,0.0165
2021,2010,0.0151
2021,2011,0.0107
2021,2012,0.0151
2021,2013,0.015
2021,2014,0.0144
2021,2015,0.0148
2021,2016,0.0141
2021,2017,0.011
2021,2018,0.0133
2021,2019,0.0134
2021,2020,0.0162
2021,2021,0.0153
2021,2022,0.0124
2021,2023,0.0129
2021,2024,0.0114
2021,2025,0.0117
2023,2006,0.0132
2023,2007,0.0138
2023,2008,0.0148
2023,2009,0.0118
2023,2010,0.0136
2023,2011,0.0123
2023,2012,0.0138
2023,2013,0.0136
2023,2014,0.0113
2023,2015,0.0128
2023,2016,0.0137
2023,2017,0.0138
2023,2018,0.0132
2023,2019,0.0115
2023,2020,0.0117
2023,2021,0.0098000001
2023,2022,0.0114
2023,2023,0.0135
2023,2024,0.0128
2023,2025,0.0132
2026,2006,0.011
2026,2007,0.0104
2026,2008,0.0112
2026,2009,0.0119
2026,2010,0.0107
2026,2011,0.0112
2026,2012,0.0093
2026,2013,0.0098000001
2026,2014,0.0088999998
2026,2015,0.0102
2026,2016,0.0093999999
2026,2017,0.0115
2026,2018,0.0102
2026,2019,0.0088999998
2026,2020,0.0114
2026,2021,0.0098000001
2026,2022,0.0082
2026,2023,0.0092000002
2026,2024,0.0106
2026,2025,0.0106
2029,2006,0.0109
2029,2007,0.0108
2029,2008,0.0098999999
2029,2009,0.0132
2029,2010,0.0112
2029,2011,0.0127
2029,2012,0.0137
2029,2013,0.0126
2029,2014,0.0118
2029,2015,0.0116
2029,2016,0.011
2029,2017,0.0117
2029,2018,0.0109
2029,2019,0.0114
2029,2020,0.0118
2029,2021,0.011
2029,2022,0.0104
2029,2023,0.0124
2029,2024,0.0127
2029,2025,0.0106
2031,2006,0.016000001
2031,2007,0.0147
2031,2008,0.0147
2031,2009,0.016000001
2031,2010,0.0147
2031,2011,0.0135
2031,2012,0.0141
2031,2013,0.0131
2031,2014,0.0136
2031,2015,0.0148
2031,2016,0.016100001
2031,2017,0.012
2031,2018,0.016000001
2031,2019,0.0124
2031,2020,0.0141
2031,2021,0.0148
2031,2022,0.015699999
2031,2023,0.0134
2031,2024,0.0151
2031,2025,0.0129
2034,2006,0.0152
2034,2007,0.0111
2034,2008,0.012
2034,2009,0.0132
2034,2010,0.0118
2034,2011,0.0129
2034,2012,0.0154
2034,2013,0.0099999998
2034,2014,0.0127
2034,2015,0.0141
2034,2016,0.0147
2034,2017,0.0136
2034,2018,0.0103
2034,2019,0.0116
2034,2020,0.0143
2034,2021,0.0109
2034,2022,0.0113
2034,2023,0.0131
2034,2024,0.0139
2034,2025,0.0131
2039,2006,0.016000001
2039,2007,0.0152
2039,2008,0.018100001
2039,2009,0.017999999
2039,2010,0.017000001
2039,2011,0.0147
2039,2012,0.0132
2039,2013,0.0121
2039,2014,0.0133
2039,2015,0.014
2039,2016,0.0128
2039,2017,0.0138
2039,2018,0.0122
2039,2019,0.0128
2039,2020,0.0138
2039,2021,0.0128
2039,2022,0.0139
2039,2023,0.0115
2039,2024,0.0136
2039,2025,0.0134
2061,2006,0.0121
2061,2007,0.0121
2061,2008,0.0107
2061,2009,0.012
2061,2010,0.0122
2061,2011,0.011
2061,2012,0.0122
2061,2013,0.0121
2061,2014,0.0122
2061,2015,0.0096000005
2061,2016,0.0136
2061,2017,0.0116
2061,2018,0.0133
2061,2019,0.0101
2061,2020,0.0141
2061,2021,0.0112
2061,2022,0.012
2061,2023,0.0117
2061,2024,0.012
2061,2025,0.0119
2062,2006,0.0118
2062,2007,0.0109
2062,2008,0.0121
2062,2009,0.0116
2062,2010,0.0109
2062,2011,0.0098000001
2062,2012,0.0135
2062,2013,0.0122
2062,2014,0.0124
2062,2015,0.0106
2062,2016,0.0106
2062,2017,0.0104
2062,2018,0.0117
2062,2019,0.0112
2062,2020,0.0115
2062,2021,0.0114
2062,2022,0.0125
2062,2023,0.0133
2062,2024,0.0111
2062,2025,0.0118
2080,2006,0.0098999999
2080,2007,0.0092000002
2080,2008,0.0103
2080,2009,0.0088
2080,2010,0.0092000002
2080,2011,0.0092000002
2080,2012,0.0098000001
2080,2013,0.0093
2080,2014,0.0093
2080,2015,0.0098000001
2080,2016,0.0091000004
2080,2017,0.0088999998
2080,2018,0.0087000001
2080,2019,0.0093999999
2080,2020,0.0093999999
2080,2021,0.0087000001
2080,2022,0.0080000004
2080,2023,0.0093
2080,2024,0.0088999998
2080,2025,0.0086000003
2081,2006,0.0103
2081,2007,0.0103
2081,2008,0.0101
2081,2009,0.0101
2081,2010,0.0093999999
2081,2011,0.0094999997
2081,2012,0.0106
2081,2013,0.0093
2081,2014,0.0099999998
2081,2015,0.0092000002
2081,2016,0.0099999998
2081,2017,0.0097000003
2081,2018,0.0093
2081,2019,0.0093
2081,2020,0.0108
2081,2021,0.0088999998
2081,2022,0.0093999999
2081,2023,0.0094999997
2081,2024,0.0097000003
2081,2025,0.0092000002
2082,2006,0.0101
2082,2007,0.0111
2082,2008,0.0101
2082,2009,0.0116
2082,2010,0.0106
2082,2011,0.0104
2082,2012,0.011
2082,2013,0.0122
2082,2014,0.0097000003
2082,2015,0.0111
2082,2016,0.0096000005
2082,2017,0.0105
2082,2018,0.0107
2082,2019,0.0102
2082,2020,0.0126
2082,2021,0.0099999998
2082,2022,0.0101
2082,2023,0.0097000003
2082,2024,0.0092000002
2082,2025,0.0113
2083,2006,0.0123
2083,2007,0.0124
2083,2008,0.0122
2083,2009,0.0143
2083,2010,0.0126
2083,2011,0.0123
2083,2012,0.0125
2083,2013,0.0128
2083,2014,0.0117
2083,2015,0.0128
2083,2016,0.012
2083,2017,0.0115
2083,2018,0.0116
2083,2019,0.0122
2083,2020,0.0107
2083,2021,0.0123
2083,2022,0.012
2083,2023,0.0111
2083,2024,0.0122
2083,2025,0.0124
2084,2006,0.0131
2084,2007,0.0136
2084,2008,0.0108
2084,2009,0.0124
2084,2010,0.0139
2084,2011,0.0128
2084,2012,0.0142
2084,2013,0.0123
2084,2014,0.0115
2084,2015,0.0128
2084,2016,0.0119
2084,2017,0.0121
2084,2018,0.0121
2084,2019,0.0114
2084,2020,0.011
2084,2021,0.0121
2084,2022,0.0123
2084,2023,0.0118
2084,2024,0.0112
2084,2025,0.0133
2085,2006,0.0119
2085,2007,0.015699999
2085,2008,0.0133
2085,2009,0.0133
2085,2010,0.0131
2085,2011,0.0141
2085,2012,0.0128
2085,2013,0.0142
2085,2014,0.0117
2085,2015,0.0141
2085,2016,0.0129
2085,2017,0.0118
2085,2018,0.0123
2085,2019,0.0111
2085,2020,0.0127
2085,2021,0.0123
2085,2022,0.0126
2085,2023,0.0119
2085,2024,0.0116
2085,2025,0.0108
2101,2006,0.0152
2101,2007,0.0144
2101,2008,0.0135
2101,2009,0.0146
2101,2010,0.015699999
2101,2011,0.0138
2101,2012,0.0144
2101,2013,0.0123
2101,2014,0.016799999
2101,2015,0.0151
2101,2016,0.0116
2101,2017,0.0116
2101,2018,0.0132
2101,2019,0.0127
2101,2020,0.0127
2101,2021,0.0102
2101,2022,0.0147
2101,2023,0.0125
2101,2024,0.0132
2101,2025,0.0121
2104,2006,0.0165
2104,2007,0.0148
2104,2008,0.015699999
2104,2009,0.0151
2104,2010,0.0166
2104,2011,0.0144
2104,2012,0.0155
2104,2013,0.0138
2104,2014,0.0135
2104,2015,0.016000001
2104,2016,0.014
2104,2017,0.0124
2104,2018,0.0138
2104,2019,0.0142
2104,2020,0.0147
2104,2021,0.015799999
2104,2022,0.0137
2104,2023,0.012
2104,2024,0.0149
2104,2025,0.0119
2121,2006,0.0137
2121,2007,0.0112
2121,2008,0.0143
2121,2009,0.0141
2121,2010,0.0119
2121,2011,0.0138
2121,2012,0.0117
2121,2013,0.0125
2121,2014,0.0137
2121,2015,0.015699999
2121,2016,0.012
2121,2017,0.0128
2121,2018,0.0119
2121,2019,0.0114
2121,2020,0.0121
2121,2021,0.0134
2121,2022,0.0123
2121,2023,0.0137
2121,2024,0.0113
2121,2025,0.0133
2132,2006,0.0131
2132,2007,0.0149
2132,2008,0.0145
2132,2009,0.0109
2132,2010,0.0133
2132,2011,0.0132
2132,2012,0.0117
2132,2013,0.0122
2132,2014,0.012
2132,2015,0.0124
2132,2016,0.0128
2132,2017,0.0136
2132,2018,0.0129
2132,2019,0.0125
2132,2020,0.0147
2132,2021,0.0135
2132,2022,0.0114
2132,2023,0.0122
2132,2024,0.0115
2132,2025,0.0131
2161,2006,0.0135
2161,2007,0.0144
2161,2008,0.0147
2161,2009,0.0154
2161,2010,0.0135
2161,2011,0.0128
2161,2012,0.0156
2161,2013,0.0117
2161,2014,0.0144
2161,2015,0.0141
2161,2016,0.0128
2161,2017,0.014
2161,2018,0.0118
2161,2019,0.0125
2161,2020,0.0151
2161,2021,0.0129
2161,2022,0.0134
2161,2023,0.0132
2161,2024,0.0129
2161,2025,0.0126
2180,2006,0.0106
2180,2007,0.011
2180,2008,0.0106
2180,2009,0.0098999999
2180,2010,0.0099999998
2180,2011,0.0099999998
2180,2012,0.0104
2180,2013,0.0098000001
2180,2014,0.0093999999
2180,2015,0.0094999997
2180,2016,0.0093999999
2180,2017,0.0094999997
2180,2018,0.0088999998
2180,2019,0.0088999998
2180,2020,0.0093999999
2180,2021,0.0097000003
2180,2022,0.0096000005
2180,2023,0.0093
2180,2024,0.0094999997
2180,2025,0.0089999996
2181,2006,0.0124
2181,2007,0.0115
2181,2008,0.0127
2181,2009,0.0118
2181,2010,0.0118
2181,2011,0.0114
2181,2012,0.0127
2181,2013,0.0114
2181,2014,0.0111
2181,2015,0.0125
2181,2016,0.0115
2181,2017,0.0108
2181,2018,0.0114
2181,2019,0.0107
2181,2020,0.0111
2181,2021,0.0114
2181,2022,0.0118
2181,2023,0.0115
2181,2024,0.0113
2181,2025,0.0127
2182,2006,0.0144
2182,2007,0.014
2182,2008,0.0131
2182,2009,0.0135
2182,2010,0.013
2182,2011,0.0131
2182,2012,0.0132
2182,2013,0.0137
2182,2014,0.0131
2182,2015,0.0138
2182,2016,0.0129
2182,2017,0.0146
2182,2018,0.0125
2182,2019,0.0137
2182,2020,0.015699999
2182,2021,0.0128
2182,2022,0.0142
2182,2023,0.013
2182,2024,0.0122
2182,2025,0.0128
2183,2006,0.0129
2183,2007,0.0137
2183,2008,0.0123
2183,2009,0.0135
2183,2010,0.0123
2183,2011,0.0134
2183,2012,0.0122
2183,2013,0.0144
2183,2014,0.0134
2183,2015,0.0135
2183,2016,0.0122
2183,2017,0.0135
2183,2018,0.0113
2183,2019,0.0116
2183,2020,0.0126
2183,2021,0.0123
2183,2022,0.0139
2183,2023,0.0121
2183,2024,0.0131
2183,2025,0.0122
2184,2006,0.012
2184,2007,0.0123
2184,2008,0.0118
2184,2009,0.0125
2184,2010,0.0121
2184,2011,0.0122
2184,2012,0.0116
2184,2013,0.0115
2184,2014,0.0119
2184,2015,0.0118
2184,2016,0.0111
2184,2017,0.0111
2184,2018,0.0111
2184,2019,0.0109
2184,2020,0.013
2184,2021,0.0115
2184,2022,0.0123
2184,2023,0.0118
2184,2024,0.0119
2184,2025,0.0114
2260,2006,0.0154
2260,2007,0.0189
2260,2008,0.015799999
2260,2009,0.018100001
2260,2010,0.0156
2260,2011,0.0163
2260,2012,0.016000001
2260,2013,0.017000001
2260,2014,0.0173
2260,2015,0.0154
2260,2016,0.0146
2260,2017,0.0165
2260,2018,0.015799999
2260,2019,0.017000001
2260,2020,0.0154
2260,2021,0.0152
2260,2022,0.0148
2260,2023,0.0138
2260,2024,0.0152
2260,2025,0.0111
2262,2006,0.0113
2262,2007,0.0119
2262,2008,0.0115
2262,2009,0.011
2262,2010,0.0119
2262,2011,0.0108
2262,2012,0.0129
2262,2013,0.0109
2262,2014,0.0112
2262,2015,0.0136
2262,2016,0.0116
2262,2017,0.0122
2262,2018,0.011
2262,2019,0.0105
2262,2020,0.0114
2262,2021,0.0122
2262,2022,0.0126
2262,2023,0.0112
2262,2024,0.0125
2262,2025,0.0111
2280,2006,0.0129
2280,2007,0.0115
2280,2008,0.0128
2280,2009,0.0133
2280,2010,0.0112
2280,2011,0.0114
2280,2012,0.0122
2280,2013,0.0128
2280,2014,0.0123
2280,2015,0.0128
2280,2016,0.0132
2280,2017,0.0114
2280,2018,0.0117
2280,2019,0.0114
2280,2020,0.012
2280,2021,0.0128
2280,2022,0.0135
2280,2023,0.0131
2280,2024,0.0123
2280,2025,0.0115
2281,2006,0.0105
2281,2007,0.011
2281,2008,0.0109
2281,2009,0.011
2281,2010,0.0112
2281,2011,0.0108
2281,2012,0.0101
2281,2013,0.0101
2281,2014,0.0106
2281,2015,0.0107
2281,2016,0.0103
2281,2017,0.0104
2281,2018,0.0094999997
2281,2019,0.0093
2281,2020,0.0112
2281,2021,0.0098999999
2281,2022,0.0106
2281,2023,0.0098999999
2281,2024,0.0105
2281,2025,0.0105
2282,2006,0.018100001
2282,2007,0.0164
2282,2008,0.016100001
2282,2009,0.015799999
2282,2010,0.0173
2282,2011,0.0166
2282,2012,0.0147
2282,2013,0.0146
2282,2014,0.015699999
2282,2015,0.0166
2282,2016,0.0144
2282,2017,0.0155
2282,2018,0.0145
2282,2019,0.0138
2282,2020,0.017100001
2282,2021,0.0155
2282,2022,0.0143
2282,2023,0.0142
2282,2024,0.0163
2282,2025,0.0133
2283,2006,0.0163
2283,2007,0.015900001
2283,2008,0.014
2283,2009,0.0144
2283,2010,0.016899999
2283,2011,0.016100001
2283,2012,0.017200001
2283,2013,0.0165
2283,2014,0.0148
2283,2015,0.0146
2283,2016,0.0146
2283,2017,0.0155
2283,2018,0.0144
2283,2019,0.0148
2283,2020,0.0164
2283,2021,0.0153
2283,2022,0.0153
2283,2023,0.0141
2283,2024,0.0149
2283,2025,0.015699999
2284,2006,0.0117
2284,2007,0.0113
2284,2008,0.0117
2284,2009,0.013
2284,2010,0.0116
2284,2011,0.0119
2284,2012,0.0121
2284,2013,0.0119
2284,2014,0.0115
2284,2015,0.0122
2284,2016,0.0115
2284,2017,0.0115
2284,2018,0.0122
2284,2019,0.012
2284,2020,0.0124
2284,2021,0.0118
2284,2022,0.012
2284,2023,0.012
2284,2024,0.0109
2284,2025,0.0111
2303,2006,0.0147
2303,2007,0.0162
2303,2008,0.0136
2303,2009,0.0151
2303,2010,0.0175
2303,2011,0.0154
2303,2012,0.020500001
2303,2013,0.0135
2303,2014,0.017200001
2303,2015,0.0162
2303,2016,0.0189
2303,2017,0.015900001
2303,2018,0.0138
2303,2019,0.016100001
2303,2020,0.015900001
2303,2021,0.0177
2303,2022,0.0184
2303,2023,0.0135
2303,2024,0.0107
2303,2025,0.0105
2305,2006,0.0142
2305,2007,0.0131
2305,2008,0.0152
2305,2009,0.014
2305,2010,0.0141
2305,2011,0.0141
2305,2012,0.0123
2305,2013,0.0155
2305,2014,0.0149
2305,2015,0.016100001
2305,2016,0.0144
2305,2017,0.0139
2305,2018,0.015699999
2305,2019,0.0135
2305,2020,0.018100001
2305,2021,0.0126
2305,2022,0.0128
2305,2023,0.0114
2305,2024,0.0141
2305,2025,0.0162
2309,2006,0.0116
2309,2007,0.0099999998
2309,2008,0.0098000001
2309,2009,0.0115
2309,2010,0.0113
2309,2011,0.0103
2309,2012,0.0091000004
2309,2013,0.011
2309,2014,0.0104
2309,2015,0.0091000004
2309,2016,0.0102
2309,2017,0.0096000005
2309,2018,0.0082
2309,2019,0.0087000001
2309,2020,0.0106
2309,2021,0.0085000005
2309,2022,0.0107
2309,2023,0.0085000005
2309,2024,0.0099999998
2309,2025,0.0082
2313,2006,0.0163
2313,2007,0.017100001
2313,2008,0.0165
2313,2009,0.0163
2313,2010,0.0144
2313,2011,0.015799999
2313,2012,0.0141
2313,2013,0.0155
2313,2014,0.0163
2313,2015,0.0147
2313,2016,0.0145
2313,2017,0.0162
2313,2018,0.0154
2313,2019,0.0144
2313,2020,0.0154
2313,2021,0.015699999
2313,2022,0.0146
2313,2023,0.0162
2313,2024,0.014
2313,2025,0.0143
2321,2006,0.0119
2321,2007,0.0099999998
2321,2008,0.0107
2321,2009,0.0104
2321,2010,0.0101
2321,2011,0.0087000001
2321,2012,0.0081000002
2321,2013,0.0116
2321,2014,0.0092000002
2321,2015,0.0096000005
2321,2016,0.0089999996
2321,2017,0.0088
2321,2018,0.0082999999
2321,2019,0.0073000002
2321,2020,0.0081000002
2321,2021,0.0071
2321,2022,0.0062000002
2321,2023,0.0068000001
2321,2024,0.0082999999
2321,2025,0.0062000002
2326,2006,0.0164
2326,2007,0.0142
2326,2008,0.0129
2326,2009,0.0147
2326,2010,0.015
2326,2011,0.0147
2326,2012,0.015699999
2326,2013,0.0153
2326,2014,0.0143
2326,2015,0.015
2326,2016,0.0149
2326,2017,0.015
2326,2018,0.0122
2326,2019,0.012
2326,2020,0.0133
2326,2021,0.0149
2326,2022,0.0136
2326,2023,0.0142
2326,2024,0.014
2326,2025,0.0134
2361,2006,0.0141
2361,2007,0.0178
2361,2008,0.0137
2361,2009,0.0152
2361,2010,0.0149
2361,2011,0.0139
2361,2012,0.015699999
2361,2013,0.015900001
2361,2014,0.0133
2361,2015,0.0146
2361,2016,0.0155
2361,2017,0.016799999
2361,2018,0.0144
2361,2019,0.0151
2361,2020,0.0148
2361,2021,0.0131
2361,2022,0.0151
2361,2023,0.0141
2361,2024,0.0127
2361,2025,0.0142
2380,2006,0.0106
2380,2007,0.0105
2380,2008,0.0101
2380,2009,0.0098999999
2380,2010,0.0097000003
2380,2011,0.0113
2380,2012,0.0101
2380,2013,0.0099999998
2380,2014,0.0104
2380,2015,0.0105
2380,2016,0.0091000004
2380,2017,0.0094999997
2380,2018,0.0099999998
2380,2019,0.0097000003
2380,2020,0.0103
2380,2021,0.0093
2380,2022,0.0096000005
2380,2023,0.0103
2380,2024,0.0088999998
2380,2025,0.0096000005
2401,2006,0.0106
2401,2007,0.0105
2401,2008,0.0131
2401,2009,0.0103
2401,2010,0.0131
2401,2011,0.0138
2401,2012,0.0125
2401,2013,0.0148
2401,2014,0.0131
2401,2015,0.0151
2401,2016,0.0136
2401,2017,0.0128
2401,2018,0.0146
2401,2019,0.0115
2401,2020,0.0115
2401,2021,0.0131
2401,2022,0.0141
2401,2023,0.0146
2401,2024,0.0129
2401,2025,0.0137
2403,2006,0.0153
2403,2007,0.0134
2403,2008,0.0149
2403,2009,0.0155
2403,2010,0.0176
2403,2011,0.0155
2403,2012,0.0152
2403,2013,0.0186
2403,2014,0.0127
2403,2015,0.0143
2403,2016,0.0126
2403,2017,0.0147
2403,2018,0.017100001
2403,2019,0.0163
2403,2020,0.0141
2403,2021,0.016799999
2403,2022,0.0217
2403,2023,0.0173
2403,2024,0.0107
2403,2025,0.0119
2404,2006,0.0139
2404,2007,0.0139
2404,2008,0.018300001
2404,2009,0.0125
2404,2010,0.0147
2404,2011,0.0156
2404,2012,0.0156
2404,2013,0.0151
2404,2014,0.012
2404,2015,0.013
2404,2016,0.0115
2404,2017,0.0139
2404,2018,0.0118
2404,2019,0.0149
2404,2020,0.0151
2404,2021,0.0098000001
2404,2022,0.0162
2404,2023,0.0147
2404,2024,0.0137
2404,2025,0.0131
2409,2006,0.0125
2409,2007,0.0139
2409,2008,0.0113
2409,2009,0.0128
2409,2010,0.0135
2409,2011,0.0132
2409,2012,0.0143
2409,2013,0.0146
2409,2014,0.0117
2409,2015,0.0125
2409,2016,0.0123
2409,2017,0.0121
2409,2018,0.0114
2409,2019,0.0126
2409,2020,0.0138
2409,2021,0.0126
2409,2022,0.0136
2409,2023,0.0112
2409,2024,0.012
2409,2025,0.0124
2417,2006,0.0119
2417,2007,0.014
2417,2008,0.0135
2417,2009,0.0147
2417,2010,0.017000001
2417,2011,0.017000001
2417,2012,0.020300001
2417,2013,0.016100001
2417,2014,0.0151
2417,2015,0.0103
2417,2016,0.0146
2417,2017,0.0162
2417,2018,0.0152
2417,2019,0.0166
2417,2020,0.012
2417,2021,0.0139
2417,2022,0.016899999
2417,2023,0.0093999999
2417,2024,0.0138
2417,2025,0.0174
2418,2006,0.0155
2418,2007,0.0134
2418,2008,0.0114
2418,2009,0.0187
2418,2010,0.0099999998
2418,2011,0.0147
2418,2012,0.0167
2418,2013,0.0163
2418,2014,0.0143
2418,2015,0.0132
2418,2016,0.0138
2418,2017,0.0116
2418,2018,0.018200001
2418,2019,0.0147
2418,2020,0.0131
2418,2021,0.0132
2418,2022,0.0152
2418,2023,0.0129
2418,2024,0.0177
2418,2025,0.0128
2421,2006,0.0134
2421,2007,0.0132
2421,2008,0.0121
2421,2009,0.015900001
2421,2010,0.0149
2421,2011,0.0141
2421,2012,0.0118
2421,2013,0.015699999
2421,2014,0.0124
2421,2015,0.0151
2421,2016,0.0167
2421,2017,0.0142
2421,2018,0.0134
2421,2019,0.014
2421,2020,0.015699999
2421,2021,0.0143
2421,2022,0.0148
2421,2023,0.017100001
2421,2024,0.013
2421,2025,0.0138
2422,2006,0.018999999
2422,2007,0.0164
2422,2008,0.0142
2422,2009,0.016100001
2422,2010,0.0139
2422,2011,0.016100001
2422,2012,0.0209
2422,2013,0.0206
2422,2014,0.0174
2422,2015,0.016000001
2422,2016,0.0155
2422,2017,0.013
2422,2018,0.0123
2422,2019,0.0167
2422,2020,0.016100001
2422,2021,0.0147
2422,2022,0.0163
2422,2023,0.0185
2422,2024,0.0184
2422,2025,0.0153
2425,2006,0.0153
2425,2007,0.019200001
2425,2008,0.019099999
2425,2009,0.0151
2425,2010,0.0162
2425,2011,0.019099999
2425,2012,0.0164
2425,2013,0.0197
2425,2014,0.0167
2425,2015,0.0167
2425,2016,0.0197
2425,2017,0.021
2425,2018,0.017000001
2425,2019,0.0164
2425,2020,0.0176
2425,2021,0.0188
2425,2022,0.025599999
2425,2023,0.0199
2425,2024,0.017100001
2425,2025,0.018300001
2460,2006,0.0108
2460,2007,0.0127
2460,2008,0.0138
2460,2009,0.0097000003
2460,2010,0.0114
2460,2011,0.0105
2460,2012,0.0098000001
2460,2013,0.0107
2460,2014,0.0076000001
2460,2015,0.0101
2460,2016,0.0098999999
2460,2017,0.0098000001
2460,2018,0.0116
2460,2019,0.0089999996
2460,2020,0.0094999997
2460,2021,0.0082999999
2460,2022,0.0114
2460,2023,0.0107
2460,2024,0.0088999998
2460,2025,0.0093
2462,2006,0.0149
2462,2007,0.0147
2462,2008,0.0127
2462,2009,0.0136
2462,2010,0.015900001
2462,2011,0.0147
2462,2012,0.0166
2462,2013,0.0144
2462,2014,0.0103
2462,2015,0.0146
2462,2016,0.013
2462,2017,0.0141
2462,2018,0.0127
2462,2019,0.0142
2462,2020,0.0129
2462,2021,0.015
2462,2022,0.0151
2462,2023,0.0153
2462,2024,0.017100001
2462,2025,0.015900001
2463,2006,0.018100001
2463,2007,0.016799999
2463,2008,0.0175
2463,2009,0.0217
2463,2010,0.019200001
2463,2011,0.0175
2463,2012,0.021600001
2463,2013,0.020300001
2463,2014,0.020199999
2463,2015,0.018300001
2463,2016,0.0187
2463,2017,0.019200001
2463,2018,0.0178
2463,2019,0.019200001
2463,2020,0.017200001
2463,2021,0.0121
2463,2022,0.0164
2463,2023,0.0187
2463,2024,0.0151
2463,2025,0.016000001
2480,2006,0.0066999998
2480,2007,0.0066
2480,2008,0.0066
2480,2009,0.0073000002
2480,2010,0.0068999999
2480,2011,0.0066999998
2480,2012,0.0074999998
2480,2013,0.0070000002
2480,2014,0.0070000002
2480,2015,0.0071
2480,2016,0.0068000001
2480,2017,0.0068999999
2480,2018,0.0071999999
2480,2019,0.0071999999
2480,2020,0.0070000002
2480,2021,0.0074
2480,2022,0.0074
2480,2023,0.0070000002
2480,2024,0.0070000002
2480,2025,0.0071
2481,2006,0.0109
2481,2007,0.0128
2481,2008,0.0126
2481,2009,0.0123
2481,2010,0.0126
2481,2011,0.0104
2481,2012,0.0123
2481,2013,0.0121
2481,2014,0.0133
2481,2015,0.0132
2481,2016,0.0134
2481,2017,0.0128
2481,2018,0.014
2481,2019,0.0124
2481,2020,0.0118
2481,2021,0.0148
2481,2022,0.0153
2481,2023,0.0117
2481,2024,0.0143
2481,2025,0.0116
2482,2006,0.0115
2482,2007,0.0107
2482,2008,0.0117
2482,2009,0.0113
2482,2010,0.0111
2482,2011,0.0118
2482,2012,0.0112
2482,2013,0.0118
2482,2014,0.0118
2482,2015,0.0117
2482,2016,0.0114
2482,2017,0.0111
2482,2018,0.0119
2482,2019,0.0104
2482,2020,0.0108
2482,2021,0.0119
2482,2022,0.0115
2482,2023,0.0105
2482,2024,0.0119
2482,2025,0.0102
2505,2006,0.0163
2505,2007,0.017999999
2505,2008,0.015900001
2505,2009,0.0156
2505,2010,0.0162
2505,2011,0.0152
2505,2012,0.0128
2505,2013,0.0122
2505,2014,0.020099999
2505,2015,0.0148
2505,2016,0.015900001
2505,2017,0.014
2505,2018,0.016000001
2505,2019,0.017100001
2505,2020,0.0156
2505,2021,0.0127
2505,2022,0.0138
2505,2023,0.0152
2505,2024,0.016899999
2505,2025,0.0156
2506,2006,0.0149
2506,2007,0.013
2506,2008,0.0155
2506,2009,0.013
2506,2010,0.0166
2506,2011,0.0139
2506,2012,0.0138
2506,2013,0.0154
2506,2014,0.018100001
2506,2015,0.0155
2506,2016,0.017000001
2506,2017,0.0136
2506,2018,0.0163
2506,2019,0.0147
2506,2020,0.0147
2506,2021,0.0143
2506,2022,0.0144
2506,2023,0.017200001
2506,2024,0.0153
2506,2025,0.0189
2510,2006,0.0119
2510,2007,0.0129
2510,2008,0.016799999
2510,2009,0.0128
2510,2010,0.0111
2510,2011,0.0134
2510,2012,0.0133
2510,2013,0.015699999
2510,2014,0.0164
2510,2015,0.016899999
2510,2016,0.017000001
2510,2017,0.0127
2510,2018,0.0132
2510,2019,0.0134
2510,2020,0.0144
2510,2021,0.0163
2510,2022,0.0136
2510,2023,0.0132
2510,2024,0.0142
2510,2025,0.0117
2513,2006,0.0196
2513,2007,0.018100001
2513,2008,0.0198
2513,2009,0.015900001
2513,2010,0.017200001
2513,2011,0.0177
2513,2012,0.0211
2513,2013,0.0186
2513,2014,0.0184
2513,2015,0.017899999
2513,2016,0.015
2513,2017,0.018100001
2513,2018,0.0187
2513,2019,0.0151
2513,2020,0.0139
2513,2021,0.021600001
2513,2022,0.0255
2513,2023,0.0187
2513,2024,0.0165
2513,2025,0.018100001
2514,2006,0.0124
2514,2007,0.0122
2514,2008,0.0127
2514,2009,0.013
2514,2010,0.0124
2514,2011,0.0132
2514,2012,0.0132
2514,2013,0.0131
2514,2014,0.0132
2514,2015,0.0144
2514,2016,0.0134
2514,2017,0.0142
2514,2018,0.0145
2514,2019,0.0129
2514,2020,0.0142
2514,2021,0.0144
2514,2022,0.0154
2514,2023,0.0156
2514,2024,0.0141
2514,2025,0.015900001
2518,2006,0.017999999
2518,2007,0.019200001
2518,2008,0.0147
2518,2009,0.015699999
2518,2010,0.019099999
2518,2011,0.0139
2518,2012,0.0162
2518,2013,0.016100001
2518,2014,0.015900001
2518,2015,0.016799999
2518,2016,0.0178
2518,2017,0.0137
2518,2018,0.015699999
2518,2019,0.0152
2518,2020,0.0142
2518,2021,0.016100001
2518,2022,0.018100001
2518,2023,0.019200001
2518,2024,0.0154
2518,2025,0.0153
2521,2006,0.019300001
2521,2007,0.0196
2521,2008,0.0207
2521,2009,0.0232
2521,2010,0.015900001
2521,2011,0.0174
2521,2012,0.0164
2521,2013,0.020099999
2521,2014,0.017899999
2521,2015,0.015900001
2521,2016,0.019200001
2521,2017,0.0152
2521,2018,0.018200001
2521,2019,0.0187
2521,2020,0.0207
2521,2021,0.0156
2521,2022,0.019400001
2521,2023,0.0165
2521,2024,0.0165
2521,2025,0.017899999
2523,2006,0.012
2523,2007,0.0119
2523,2008,0.0111
2523,2009,0.011
2523,2010,0.0114
2523,2011,0.0119
2523,2012,0.0135
2523,2013,0.0124
2523,2014,0.0118
2523,2015,0.0129
2523,2016,0.0126
2523,2017,0.0137
2523,2018,0.0134
2523,2019,0.0121
2523,2020,0.0143
2523,2021,0.0135
2523,2022,0.0123
2523,2023,0.0143
2523,2024,0.013
2523,2025,0.013
2560,2006,0.0143
2560,2007,0.0124
2560,2008,0.0128
2560,2009,0.0102
2560,2010,0.0118
2560,2011,0.0139
2560,2012,0.0144
2560,2013,0.0128
2560,2014,0.0113
2560,2015,0.0133
2560,2016,0.0138
2560,2017,0.0131
2560,2018,0.014
2560,2019,0.0139
2560,2020,0.0118
2560,2021,0.0127
2560,2022,0.015
2560,2023,0.0124
2560,2024,0.0136
2560,2025,0.0152
2580,2006,0.0081000002
2580,2007,0.0081000002
2580,2008,0.0086000003
2580,2009,0.0076000001
2580,2010,0.0085000005
2580,2011,0.0088
2580,2012,0.0093999999
2580,2013,0.0085000005
2580,2014,0.0094999997
2580,2015,0.0087000001
2580,2016,0.0087000001
2580,2017,0.0094999997
2580,2018,0.0089999996
2580,2019,0.0088999998
2580,2020,0.0098999999
2580,2021,0.0093
2580,2022,0.0096000005
2580,2023,0.0101
2580,2024,0.0097000003
2580,2025,0.0097000003
2581,2006,0.0098999999
2581,2007,0.0102
2581,2008,0.0104
2581,2009,0.0097000003
2581,2010,0.0101
2581,2011,0.011
2581,2012,0.0103
2581,2013,0.0105
2581,2014,0.0106
2581,2015,0.0106
2581,2016,0.011
2581,2017,0.0109
2581,2018,0.0113
2581,2019,0.0114
2581,2020,0.0113
2581,2021,0.011
2581,2022,0.0102
2581,2023,0.0108
2581,2024,0.0105
2581,2025,0.0127
2582,2006,0.0112
2582,2007,0.0113
2582,2008,0.0125
2582,2009,0.0115
2582,2010,0.0104
2582,2011,0.0111
2582,2012,0.0111
2582,2013,0.0112
2582,2014,0.0097000003
2582,2015,0.0116
2582,2016,0.0101
2582,2017,0.0112
2582,2018,0.0103
2582,2019,0.011
2582,2020,0.0123
2582,2021,0.0115
2582,2022,0.0114
2582,2023,0.0124
2582,2024,0.0116
2582,2025,0.0131
2583,2006,0.0121
2583,2007,0.0144
2583,2008,0.0146
2583,2009,0.0135
2583,2010,0.0104
2583,2011,0.0137
2583,2012,0.0146
2583,2013,0.0118
2583,2014,0.0142
2583,2015,0.0123
2583,2016,0.0134
2583,2017,0.0112
2583,2018,0.0118
2583,2019,0.0124
2583,2020,0.0127
2583,2021,0.0155
2583,2022,0.015900001
2583,2023,0.0155
2583,2024,0.0131
2583,2025,0.0164
2584,2006,0.0088999998
2584,2007,0.0101
2584,2008,0.0102
2584,2009,0.0096000005
2584,2010,0.0112
2584,2011,0.0109
2584,2012,0.0106
2584,2013,0.0107
2584,2014,0.0094999997
2584,2015,0.0098999999
2584,2016,0.0103
2584,2017,0.0112
2584,2018,0.0096000005
2584,2019,0.0114
2584,2020,0.0122
2584,2021,0.0104
2584,2022,0.0122
2584,2023,0.0103
2584,2024,0.0109
2584,2025,0.0132
