kommun,year,andel_oppenvard_kvinnor
0114,2006,0.37079999
0114,2007,0.40900001
0114,2008,0.43399999
0114,2009,0.43000001
0114,2010,0.42519999
0114,2011,0.46399999
0114,2012,0.50319999
0114,2013,0.50220001
0114,2014,0.50470001
0114,2015,0.52520001
0114,2016,0.52649999
0114,2017,0.51880002
0114,2018,0.51859999
0114,2019,0.51340002
0114,2020,0.491
0114,2021,0.50709999
0114,2022,0.49700001
0114,2023,0.50389999
0114,2024,0.51770002
0114,2025,0.52410001
0115,2006,0.3854
0115,2007,0.3883
0115,2008,0.43759999
0115,2009,0.40630001
0115,2010,0.40200001
0115,2011,0.46180001
0115,2012,0.48890001
0115,2013,0.51490003
0115,2014,0.51969999
0115,2015,0.53079998
0115,2016,0.54900002
0115,2017,0.53789997
0115,2018,0.52270001
0115,2019,0.52749997
0115,2020,0.5007
0115,2021,0.5079
0115,2022,0.51179999
0115,2023,0.53839999
0115,2024,0.54439998
0115,2025,0.55119997
0117,2006,0.34169999
0117,2007,0.33309999
0117,2008,0.38870001
0117,2009,0.36059999
0117,2010,0.3556
0117,2011,0.40759999
0117,2012,0.463
0117,2013,0.4833
0117,2014,0.48879999
0117,2015,0.49180001
0117,2016,0.53600001
0117,2017,0.52759999
0117,2018,0.5237
0117,2019,0.5226
0117,2020,0.4928
0117,2021,0.50370002
0117,2022,0.49739999
0117,2023,0.51249999
0117,2024,0.53079998
0117,2025,0.53210002
0120,2006,0.4571
0120,2007,0.44170001
0120,2008,0.4614
0120,2009,0.45030001
0120,2010,0.45539999
0120,2011,0.4657
0120,2012,0.4905
0120,2013,0.45570001
0120,2014,0.4614
0120,2015,0.45899999
0120,2016,0.4709
0120,2017,0.48469999
0120,2018,0.48410001
0120,2019,0.4885
0120,2020,0.46610001
0120,2021,0.48069999
0120,2022,0.4892
0120,2023,0.49790001
0120,2024,0.51059997
0120,2025,0.523
0123,2006,0.36539999
0123,2007,0.36660001
0123,2008,0.40549999
0123,2009,0.42789999
0123,2010,0.4005
0123,2011,0.46540001
0123,2012,0.51109999
0123,2013,0.51130003
0123,2014,0.51889998
0123,2015,0.5352
0123,2016,0.53750002
0123,2017,0.53070003
0123,2018,0.51810002
0123,2019,0.5219
0123,2020,0.50400001
0123,2021,0.51849997
0123,2022,0.50690001
0123,2023,0.51480001
0123,2024,0.5194
0123,2025,0.52240002
0125,2006,0.3344
0125,2007,0.34209999
0125,2008,0.39809999
0125,2009,0.3892
0125,2010,0.38119999
0125,2011,0.42050001
0125,2012,0.45950001
0125,2013,0.47679999
0125,2014,0.49360001
0125,2015,0.48710001
0125,2016,0.48289999
0125,2017,0.491
0125,2018,0.48449999
0125,2019,0.49939999
0125,2020,0.48120001
0125,2021,0.50569999
0125,2022,0.5079
0125,2023,0.51700002
0125,2024,0.5237
0125,2025,0.53500003
0126,2006,0.40990001
0126,2007,0.40099999
0126,2008,0.42050001
0126,2009,0.4201
0126,2010,0.41119999
0126,2011,0.43149999
0126,2012,0.46540001
0126,2013,0.48460001
0126,2014,0.50330001
0126,2015,0.50819999
0126,2016,0.51410002
0126,2017,0.51740003
0126,2018,0.50309998
0126,2019,0.50779998
0126,2020,0.4824
0126,2021,0.50260001
0126,2022,0.4984
0126,2023,0.50660002
0126,2024,0.51279998
0126,2025,0.51389998
0127,2006,0.41370001
0127,2007,0.40889999
0127,2008,0.43329999
0127,2009,0.414
0127,2010,0.4082
0127,2011,0.4066
0127,2012,0.46700001
0127,2013,0.48879999
0127,2014,0.51770002
0127,2015,0.52520001
0127,2016,0.53049999
0127,2017,0.5363
0127,2018,0.52590001
0127,2019,0.52450001
0127,2020,0.50300002
0127,2021,0.52399999
0127,2022,0.51289999
0127,2023,0.52410001
0127,2024,0.52609998
0127,2025,0.53070003
0128,2006,0.42770001
0128,2007,0.4082
0128,2008,0.44890001
0128,2009,0.4262
0128,2010,0.43630001
0128,2011,0.4249
0128,2012,0.45140001
0128,2013,0.4876
0128,2014,0.51859999
0128,2015,0.51429999
0128,2016,0.51950002
0128,2017,0.53289998
0128,2018,0.51810002
0128,2019,0.5115
0128,2020,0.4912
0128,2021,0.50800002
0128,2022,0.51800001
0128,2023,0.53799999
0128,2024,0.54299998
0128,2025,0.55510002
0136,2006,0.45019999
0136,2007,0.43579999
0136,2008,0.44690001
0136,2009,0.4454
0136,2010,0.46349999
0136,2011,0.47549999
0136,2012,0.49630001
0136,2013,0.51410002
0136,2014,0.52289999
0136,2015,0.52569997
0136,2016,0.52450001
0136,2017,0.51740003
0136,2018,0.50779998
0136,2019,0.4989
0136,2020,0.48030001
0136,2021,0.49349999
0136,2022,0.50059998
0136,2023,0.50160003
0136,2024,0.51069999
0136,2025,0.50910002
0138,2006,0.39520001
0138,2007,0.39340001
0138,2008,0.41800001
0138,2009,0.4145
0138,2010,0.43759999
0138,2011,0.45289999
0138,2012,0.4885
0138,2013,0.50139999
0138,2014,0.51279998
0138,2015,0.51719999
0138,2016,0.52060002
0138,2017,0.52429998
0138,2018,0.51120001
0138,2019,0.5151
0138,2020,0.4883
0138,2021,0.50800002
0138,2022,0.50840002
0138,2023,0.51920003
0138,2024,0.5273
0138,2025,0.53130001
0139,2006,0.38209999
0139,2007,0.37509999
0139,2008,0.40650001
0139,2009,0.41999999
0139,2010,0.40509999
0139,2011,0.46219999
0139,2012,0.50050002
0139,2013,0.50269997
0139,2014,0.50800002
0139,2015,0.52880001
0139,2016,0.53560001
0139,2017,0.52719998
0139,2018,0.50819999
0139,2019,0.50639999
0139,2020,0.47999999
0139,2021,0.4955
0139,2022,0.48949999
0139,2023,0.4971
0139,2024,0.50770003
0139,2025,0.50849998
0140,2006,0.38890001
0140,2007,0.36739999
0140,2008,0.4346
0140,2009,0.41749999
0140,2010,0.43090001
0140,2011,0.417
0140,2012,0.43540001
0140,2013,0.4585
0140,2014,0.5176
0140,2015,0.52380002
0140,2016,0.52770001
0140,2017,0.53909999
0140,2018,0.51609999
0140,2019,0.52509999
0140,2020,0.51490003
0140,2021,0.52399999
0140,2022,0.5327
0140,2023,0.54369998
0140,2024,0.54500002
0140,2025,0.5388
0160,2006,0.33970001
0160,2007,0.3414
0160,2008,0.40580001
0160,2009,0.37040001
0160,2010,0.3653
0160,2011,0.44190001
0160,2012,0.51010001
0160,2013,0.5334
0160,2014,0.5345
0160,2015,0.53969997
0160,2016,0.54369998
0160,2017,0.542
0160,2018,0.52649999
0160,2019,0.5341
0160,2020,0.50340003
0160,2021,0.51679999
0160,2022,0.5165
0160,2023,0.5291
0160,2024,0.54470003
0160,2025,0.55729997
0162,2006,0.38679999
0162,2007,0.39680001
0162,2008,0.46090001
0162,2009,0.42539999
0162,2010,0.4113
0162,2011,0.4691
0162,2012,0.52039999
0162,2013,0.53109998
0162,2014,0.53179997
0162,2015,0.52939999
0162,2016,0.53909999
0162,2017,0.52899998
0162,2018,0.53100002
0162,2019,0.53140002
0162,2020,0.51310003
0162,2021,0.53310001
0162,2022,0.53179997
0162,2023,0.55010003
0162,2024,0.55479997
0162,2025,0.56690001
0163,2006,0.37670001
0163,2007,0.37810001
0163,2008,0.39919999
0163,2009,0.38859999
0163,2010,0.38699999
0163,2011,0.43520001
0163,2012,0.47589999
0163,2013,0.491
0163,2014,0.49509999
0163,2015,0.49849999
0163,2016,0.51370001
0163,2017,0.51270002
0163,2018,0.50929999
0163,2019,0.51130003
0163,2020,0.49860001
0163,2021,0.51169997
0163,2022,0.5043
0163,2023,0.51279998
0163,2024,0.52670002
0163,2025,0.53359997
0180,2006,0.3994
0180,2007,0.40310001
0180,2008,0.43599999
0180,2009,0.4197
0180,2010,0.42269999
0180,2011,0.4463
0180,2012,0.49860001
0180,2013,0.51169997
0180,2014,0.52340001
0180,2015,0.52829999
0180,2016,0.5363
0180,2017,0.53860003
0180,2018,0.53030002
0180,2019,0.53200001
0180,2020,0.50819999
0180,2021,0.52420002
0180,2022,0.52200001
0180,2023,0.5291
0180,2024,0.5327
0180,2025,0.53460002
0181,2006,0.4271
0181,2007,0.4064
0181,2008,0.47240001
0181,2009,0.46059999
0181,2010,0.45840001
0181,2011,0.44960001
0181,2012,0.47839999
0181,2013,0.50620002
0181,2014,0.53750002
0181,2015,0.55220002
0181,2016,0.5503
0181,2017,0.55489999
0181,2018,0.54229999
0181,2019,0.54460001
0181,2020,0.52569997
0181,2021,0.53680003
0181,2022,0.5399
0181,2023,0.55010003
0181,2024,0.54729998
0181,2025,0.55239999
0182,2006,0.4858
0182,2007,0.47760001
0182,2008,0.49129999
0182,2009,0.47479999
0182,2010,0.48019999
0182,2011,0.4937
0182,2012,0.52700001
0182,2013,0.49680001
0182,2014,0.50260001
0182,2015,0.49919999
0182,2016,0.50849998
0182,2017,0.50980002
0182,2018,0.5036
0182,2019,0.50400001
0182,2020,0.4894
0182,2021,0.50440001
0182,2022,0.50550002
0182,2023,0.51010001
0182,2024,0.523
0182,2025,0.52689999
0183,2006,0.40810001
0183,2007,0.41069999
0183,2008,0.43920001
0183,2009,0.42629999
0183,2010,0.42930001
0183,2011,0.45249999
0183,2012,0.50889999
0183,2013,0.51130003
0183,2014,0.51999998
0183,2015,0.53079998
0183,2016,0.53860003
0183,2017,0.53039998
0183,2018,0.5158
0183,2019,0.52569997
0183,2020,0.5097
0183,2021,0.52020001
0183,2022,0.5151
0183,2023,0.52710003
0183,2024,0.52399999
0183,2025,0.52850002
0184,2006,0.40630001
0184,2007,0.40549999
0184,2008,0.43799999
0184,2009,0.42390001
0184,2010,0.42399999
0184,2011,0.4612
0184,2012,0.50809997
0184,2013,0.5226
0184,2014,0.52939999
0184,2015,0.53680003
0184,2016,0.54460001
0184,2017,0.53740001
0184,2018,0.52240002
0184,2019,0.53619999
0184,2020,0.51239997
0184,2021,0.51929998
0184,2022,0.5158
0184,2023,0.52579999
0184,2024,0.52890003
0184,2025,0.52990001
0186,2006,0.3563
0186,2007,0.3527
0186,2008,0.43540001
0186,2009,0.42340001
0186,2010,0.42300001
0186,2011,0.44229999
0186,2012,0.49360001
0186,2013,0.52179998
0186,2014,0.5273
0186,2015,0.52600002
0186,2016,0.5341
0186,2017,0.54619998
0186,2018,0.53500003
0186,2019,0.54110003
0186,2020,0.51709998
0186,2021,0.52710003
0186,2022,0.53039998
0186,2023,0.54390001
0186,2024,0.5492
0186,2025,0.56489998
0187,2006,0.3495
0187,2007,0.35159999
0187,2008,0.42030001
0187,2009,0.3779
0187,2010,0.37720001
0187,2011,0.44159999
0187,2012,0.50080001
0187,2013,0.49599999
0187,2014,0.51429999
0187,2015,0.50660002
0187,2016,0.53609997
0187,2017,0.53460002
0187,2018,0.50410002
0187,2019,0.51719999
0187,2020,0.49169999
0187,2021,0.50800002
0187,2022,0.51429999
0187,2023,0.52829999
0187,2024,0.54189998
0187,2025,0.5564
0188,2006,0.495
0188,2007,0.47139999
0188,2008,0.50010002
0188,2009,0.50410002
0188,2010,0.50760001
0188,2011,0.52670002
0188,2012,0.53780001
0188,2013,0.54769999
0188,2014,0.55430001
0188,2015,0.56190002
0188,2016,0.56089997
0188,2017,0.56489998
0188,2018,0.56199998
0188,2019,0.55320001
0188,2020,0.486
0188,2021,0.50870001
0188,2022,0.52240002
0188,2023,0.52569997
0188,2024,0.53740001
0188,2025,0.56809998
0191,2006,0.3497
0191,2007,0.36579999
0191,2008,0.3863
0191,2009,0.38839999
0191,2010,0.3908
0191,2011,0.4578
0191,2012,0.47299999
0191,2013,0.4867
0191,2014,0.4912
0191,2015,0.49590001
0191,2016,0.4743
0191,2017,0.46599999
0191,2018,0.46070001
0191,2019,0.46169999
0191,2020,0.4497
0191,2021,0.46619999
0191,2022,0.46329999
0191,2023,0.46470001
0191,2024,0.47839999
0191,2025,0.48190001
0192,2006,0.4709
0192,2007,0.44960001
0192,2008,0.43239999
0192,2009,0.4391
0192,2010,0.44389999
0192,2011,0.47760001
0192,2012,0.50440001
0192,2013,0.51380002
0192,2014,0.53149998
0192,2015,0.53390002
0192,2016,0.5266
0192,2017,0.5097
0192,2018,0.51529998
0192,2019,0.514
0192,2020,0.47749999
0192,2021,0.4984
0192,2022,0.51370001
0192,2023,0.51920003
0192,2024,0.52920002
0192,2025,0.52859998
0305,2006,0.41589999
0305,2007,0.38479999
0305,2008,0.43810001
0305,2009,0.44400001
0305,2010,0.44139999
0305,2011,0.44870001
0305,2012,0.44569999
0305,2013,0.46939999
0305,2014,0.45460001
0305,2015,0.46000001
0305,2016,0.4483
0305,2017,0.4729
0305,2018,0.47389999
0305,2019,0.47589999
0305,2020,0.4465
0305,2021,0.45609999
0305,2022,0.4587
0305,2023,0.4734
0305,2024,0.4795
0305,2025,0.514
0319,2006,0.33750001
0319,2007,0.36480001
0319,2008,0.40529999
0319,2009,0.3777
0319,2010,0.40239999
0319,2011,0.39469999
0319,2012,0.37720001
0319,2013,0.3971
0319,2014,0.39969999
0319,2015,0.4136
0319,2016,0.41429999
0319,2017,0.41420001
0319,2018,0.41420001
0319,2019,0.42050001
0319,2020,0.39469999
0319,2021,0.39840001
0319,2022,0.4091
0319,2023,0.41729999
0319,2024,0.42930001
0319,2025,0.4425
0330,2006,0.36759999
0330,2007,0.36149999
0330,2008,0.3698
0330,2009,0.3689
0330,2010,0.37959999
0330,2011,0.4032
0330,2012,0.3987
0330,2013,0.40630001
0330,2014,0.42019999
0330,2015,0.42789999
0330,2016,0.43130001
0330,2017,0.4411
0330,2018,0.43700001
0330,2019,0.4332
0330,2020,0.41429999
0330,2021,0.42340001
0330,2022,0.4269
0330,2023,0.4443
0330,2024,0.47679999
0330,2025,0.479
0331,2006,0.37779999
0331,2007,0.3777
0331,2008,0.4005
0331,2009,0.38620001
0331,2010,0.3971
0331,2011,0.42199999
0331,2012,0.42480001
0331,2013,0.4465
0331,2014,0.4393
0331,2015,0.44690001
0331,2016,0.4425
0331,2017,0.45469999
0331,2018,0.42950001
0331,2019,0.41780001
0331,2020,0.41530001
0331,2021,0.43650001
0331,2022,0.4402
0331,2023,0.45109999
0331,2024,0.45280001
0331,2025,0.46880001
0360,2006,0.31200001
0360,2007,0.31690001
0360,2008,0.33199999
0360,2009,0.3215
0360,2010,0.35049999
0360,2011,0.36829999
0360,2012,0.36399999
0360,2013,0.39500001
0360,2014,0.38890001
0360,2015,0.4064
0360,2016,0.39399999
0360,2017,0.41510001
0360,2018,0.4075
0360,2019,0.4068
0360,2020,0.3786
0360,2021,0.38699999
0360,2022,0.4005
0360,2023,0.41100001
0360,2024,0.42629999
0360,2025,0.43110001
0380,2006,0.38789999
0380,2007,0.38299999
0380,2008,0.3849
0380,2009,0.38080001
0380,2010,0.39379999
0380,2011,0.4278
0380,2012,0.4208
0380,2013,0.41940001
0380,2014,0.42699999
0380,2015,0.44100001
0380,2016,0.43619999
0380,2017,0.46700001
0380,2018,0.46399999
0380,2019,0.45930001
0380,2020,0.4375
0380,2021,0.4474
0380,2022,0.4456
0380,2023,0.45809999
0380,2024,0.47
0380,2025,0.47530001
0381,2006,0.4601
0381,2007,0.42070001
0381,2008,0.4826
0381,2009,0.48050001
0381,2010,0.46869999
0381,2011,0.48590001
0381,2012,0.48899999
0381,2013,0.51810002
0381,2014,0.51069999
0381,2015,0.5205
0381,2016,0.51300001
0381,2017,0.51480001
0381,2018,0.52679998
0381,2019,0.51740003
0381,2020,0.49360001
0381,2021,0.50660002
0381,2022,0.5018
0381,2023,0.50840002
0381,2024,0.52090001
0381,2025,0.52960002
0382,2006,0.32460001
0382,2007,0.3202
0382,2008,0.3339
0382,2009,0.32730001
0382,2010,0.3565
0382,2011,0.37889999
0382,2012,0.36970001
0382,2013,0.3917
0382,2014,0.3915
0382,2015,0.4095
0382,2016,0.40630001
0382,2017,0.41749999
0382,2018,0.4156
0382,2019,0.4093
0382,2020,0.39820001
0382,2021,0.41350001
0382,2022,0.4206
0382,2023,0.4294
0382,2024,0.44949999
0382,2025,0.45609999
0428,2006,0.35280001
0428,2007,0.3696
0428,2008,0.38159999
0428,2009,0.39430001
0428,2010,0.39489999
0428,2011,0.4075
0428,2012,0.3955
0428,2013,0.4163
0428,2014,0.4073
0428,2015,0.41420001
0428,2016,0.4208
0428,2017,0.42390001
0428,2018,0.44620001
0428,2019,0.44859999
0428,2020,0.4012
0428,2021,0.43149999
0428,2022,0.4307
0428,2023,0.43290001
0428,2024,0.42399999
0428,2025,0.43259999
0461,2006,0.36919999
0461,2007,0.36860001
0461,2008,0.39399999
0461,2009,0.39120001
0461,2010,0.3985
0461,2011,0.39480001
0461,2012,0.40400001
0461,2013,0.412
0461,2014,0.42219999
0461,2015,0.43799999
0461,2016,0.44530001
0461,2017,0.45590001
0461,2018,0.45269999
0461,2019,0.44510001
0461,2020,0.40709999
0461,2021,0.43180001
0461,2022,0.4373
0461,2023,0.46110001
0461,2024,0.47310001
0461,2025,0.4664
0480,2006,0.38730001
0480,2007,0.3946
0480,2008,0.42649999
0480,2009,0.41980001
0480,2010,0.43579999
0480,2011,0.4456
0480,2012,0.45289999
0480,2013,0.43630001
0480,2014,0.44499999
0480,2015,0.44049999
0480,2016,0.44459999
0480,2017,0.447
0480,2018,0.44049999
0480,2019,0.43599999
0480,2020,0.4003
0480,2021,0.42210001
0480,2022,0.43509999
0480,2023,0.44659999
0480,2024,0.44600001
0480,2025,0.4463
0481,2006,0.3942
0481,2007,0.40099999
0481,2008,0.43599999
0481,2009,0.42899999
0481,2010,0.4321
0481,2011,0.46610001
0481,2012,0.47960001
0481,2013,0.46070001
0481,2014,0.45379999
0481,2015,0.449
0481,2016,0.45739999
0481,2017,0.45750001
0481,2018,0.45210001
0481,2019,0.44510001
0481,2020,0.3989
0481,2021,0.42789999
0481,2022,0.44260001
0481,2023,0.449
0481,2024,0.45339999
0481,2025,0.4506
0482,2006,0.361
0482,2007,0.37630001
0482,2008,0.3818
0482,2009,0.39199999
0482,2010,0.38479999
0482,2011,0.3971
0482,2012,0.38479999
0482,2013,0.405
0482,2014,0.41370001
0482,2015,0.42359999
0482,2016,0.4219
0482,2017,0.4316
0482,2018,0.4418
0482,2019,0.43270001
0482,2020,0.4156
0482,2021,0.43220001
0482,2022,0.42390001
0482,2023,0.43849999
0482,2024,0.42840001
0482,2025,0.43309999
0483,2006,0.38710001
0483,2007,0.3978
0483,2008,0.4068
0483,2009,0.40889999
0483,2010,0.40759999
0483,2011,0.41870001
0483,2012,0.41800001
0483,2013,0.42219999
0483,2014,0.4249
0483,2015,0.4305
0483,2016,0.43309999
0483,2017,0.44170001
0483,2018,0.45590001
0483,2019,0.45649999
0483,2020,0.41389999
0483,2021,0.44
0483,2022,0.43849999
0483,2023,0.45039999
0483,2024,0.45289999
0483,2025,0.4542
0484,2006,0.38299999
0484,2007,0.38890001
0484,2008,0.40540001
0484,2009,0.4104
0484,2010,0.41929999
0484,2011,0.43189999
0484,2012,0.4149
0484,2013,0.43040001
0484,2014,0.42770001
0484,2015,0.43169999
0484,2016,0.42519999
0484,2017,0.42989999
0484,2018,0.43849999
0484,2019,0.4411
0484,2020,0.41049999
0484,2021,0.43130001
0484,2022,0.42649999
0484,2023,0.44600001
0484,2024,0.43920001
0484,2025,0.44620001
0486,2006,0.31920001
0486,2007,0.3224
0486,2008,0.35319999
0486,2009,0.36480001
0486,2010,0.38010001
0486,2011,0.3845
0486,2012,0.37459999
0486,2013,0.39030001
0486,2014,0.39539999
0486,2015,0.40220001
0486,2016,0.4086
0486,2017,0.41159999
0486,2018,0.41670001
0486,2019,0.41420001
0486,2020,0.4129
0486,2021,0.43259999
0486,2022,0.42309999
0486,2023,0.4429
0486,2024,0.44209999
0486,2025,0.44679999
0488,2006,0.35969999
0488,2007,0.36719999
0488,2008,0.40020001
0488,2009,0.4003
0488,2010,0.43189999
0488,2011,0.4289
0488,2012,0.43790001
0488,2013,0.43220001
0488,2014,0.42829999
0488,2015,0.4355
0488,2016,0.44670001
0488,2017,0.45230001
0488,2018,0.43689999
0488,2019,0.4472
0488,2020,0.41280001
0488,2021,0.4165
0488,2022,0.42469999
0488,2023,0.4386
0488,2024,0.43720001
0488,2025,0.45410001
0509,2006,0.37220001
0509,2007,0.37090001
0509,2008,0.37400001
0509,2009,0.38659999
0509,2010,0.3883
0509,2011,0.39019999
0509,2012,0.41670001
0509,2013,0.41249999
0509,2014,0.39590001
0509,2015,0.40689999
0509,2016,0.40090001
0509,2017,0.3994
0509,2018,0.42199999
0509,2019,0.43090001
0509,2020,0.39649999
0509,2021,0.42070001
0509,2022,0.41339999
0509,2023,0.4382
0509,2024,0.45109999
0509,2025,0.46509999
0512,2006,0.3574
0512,2007,0.3994
0512,2008,0.3761
0512,2009,0.37549999
0512,2010,0.3809
0512,2011,0.3786
0512,2012,0.39539999
0512,2013,0.4032
0512,2014,0.4068
0512,2015,0.44800001
0512,2016,0.40599999
0512,2017,0.42039999
0512,2018,0.43560001
0512,2019,0.44069999
0512,2020,0.42070001
0512,2021,0.4269
0512,2022,0.42879999
0512,2023,0.4499
0512,2024,0.44260001
0512,2025,0.4675
0513,2006,0.37360001
0513,2007,0.3752
0513,2008,0.34450001
0513,2009,0.36320001
0513,2010,0.36210001
0513,2011,0.3635
0513,2012,0.39140001
0513,2013,0.37689999
0513,2014,0.40169999
0513,2015,0.4161
0513,2016,0.41780001
0513,2017,0.4075
0513,2018,0.41119999
0513,2019,0.40990001
0513,2020,0.40310001
0513,2021,0.4303
0513,2022,0.43360001
0513,2023,0.4366
0513,2024,0.428
0513,2025,0.4479
0560,2006,0.39680001
0560,2007,0.40400001
0560,2008,0.3874
0560,2009,0.42429999
0560,2010,0.4077
0560,2011,0.4197
0560,2012,0.4208
0560,2013,0.42629999
0560,2014,0.4215
0560,2015,0.42230001
0560,2016,0.43489999
0560,2017,0.40630001
0560,2018,0.41440001
0560,2019,0.41589999
0560,2020,0.38620001
0560,2021,0.40149999
0560,2022,0.41589999
0560,2023,0.4321
0560,2024,0.44780001
0560,2025,0.442
0561,2006,0.36750001
0561,2007,0.3624
0561,2008,0.3651
0561,2009,0.35780001
0561,2010,0.36320001
0561,2011,0.366
0561,2012,0.37310001
0561,2013,0.38069999
0561,2014,0.3901
0561,2015,0.39989999
0561,2016,0.39489999
0561,2017,0.39390001
0561,2018,0.39300001
0561,2019,0.4136
0561,2020,0.3757
0561,2021,0.4075
0561,2022,0.41409999
0561,2023,0.4368
0561,2024,0.4483
0561,2025,0.4483
0562,2006,0.32449999
0562,2007,0.31869999
0562,2008,0.64399999
0562,2009,0.34079999
0562,2010,0.35980001
0562,2011,0.3696
0562,2012,0.36649999
0562,2013,0.3854
0562,2014,0.3739
0562,2015,0.37979999
0562,2016,0.38319999
0562,2017,0.3854
0562,2018,0.38929999
0562,2019,0.403
0562,2020,0.38499999
0562,2021,0.39340001
0562,2022,0.38690001
0562,2023,0.3962
0562,2024,0.42140001
0562,2025,0.4337
0563,2006,0.30500001
0563,2007,0.30320001
0563,2008,0.3624
0563,2009,0.34079999
0563,2010,0.3619
0563,2011,0.36629999
0563,2012,0.37630001
0563,2013,0.3897
0563,2014,0.36989999
0563,2015,0.37619999
0563,2016,0.38229999
0563,2017,0.37130001
0563,2018,0.37110001
0563,2019,0.39030001
0563,2020,0.35589999
0563,2021,0.3757
0563,2022,0.4156
0563,2023,0.40630001
0563,2024,0.4316
0563,2025,0.4535
0580,2006,0.4118
0580,2007,0.40830001
0580,2008,0.398
0580,2009,0.40180001
0580,2010,0.4014
0580,2011,0.40380001
0580,2012,0.41839999
0580,2013,0.4226
0580,2014,0.41890001
0580,2015,0.42609999
0580,2016,0.41819999
0580,2017,0.41549999
0580,2018,0.42179999
0580,2019,0.42879999
0580,2020,0.4061
0580,2021,0.42300001
0580,2022,0.42860001
0580,2023,0.43849999
0580,2024,0.44080001
0580,2025,0.44080001
0581,2006,0.32030001
0581,2007,0.3308
0581,2008,0.3836
0581,2009,0.3741
0581,2010,0.39910001
0581,2011,0.40720001
0581,2012,0.40529999
0581,2013,0.43630001
0581,2014,0.40450001
0581,2015,0.4048
0581,2016,0.40450001
0581,2017,0.4052
0581,2018,0.4057
0581,2019,0.41069999
0581,2020,0.39019999
0581,2021,0.4059
0581,2022,0.4066
0581,2023,0.42460001
0581,2024,0.44549999
0581,2025,0.45719999
0582,2006,0.2861
0582,2007,0.29570001
0582,2008,0.34029999
0582,2009,0.33270001
0582,2010,0.366
0582,2011,0.38080001
0582,2012,0.3899
0582,2013,0.41069999
0582,2014,0.38999999
0582,2015,0.38690001
0582,2016,0.4075
0582,2017,0.40009999
0582,2018,0.4057
0582,2019,0.4095
0582,2020,0.3946
0582,2021,0.39430001
0582,2022,0.40259999
0582,2023,0.42030001
0582,2024,0.4375
0582,2025,0.45550001
0583,2006,0.4276
0583,2007,0.42550001
0583,2008,0.4251
0583,2009,0.43329999
0583,2010,0.44980001
0583,2011,0.44400001
0583,2012,0.44929999
0583,2013,0.44819999
0583,2014,0.44310001
0583,2015,0.4506
0583,2016,0.45030001
0583,2017,0.44389999
0583,2018,0.45230001
0583,2019,0.4585
0583,2020,0.4289
0583,2021,0.45539999
0583,2022,0.46470001
0583,2023,0.47369999
0583,2024,0.47279999
0583,2025,0.4817
0584,2006,0.3838
0584,2007,0.38159999
0584,2008,0.38909999
0584,2009,0.41080001
0584,2010,0.4111
0584,2011,0.4262
0584,2012,0.4287
0584,2013,0.43180001
0584,2014,0.4303
0584,2015,0.44929999
0584,2016,0.43200001
0584,2017,0.43939999
0584,2018,0.4562
0584,2019,0.45910001
0584,2020,0.4316
0584,2021,0.46180001
0584,2022,0.4799
0584,2023,0.49329999
0584,2024,0.4948
0584,2025,0.49200001
0586,2006,0.4188
0586,2007,0.43650001
0586,2008,0.41749999
0586,2009,0.42550001
0586,2010,0.4235
0586,2011,0.42969999
0586,2012,0.4323
0586,2013,0.42860001
0586,2014,0.42989999
0586,2015,0.44
0586,2016,0.4305
0586,2017,0.426
0586,2018,0.43099999
0586,2019,0.43380001
0586,2020,0.4154
0586,2021,0.43779999
0586,2022,0.4456
0586,2023,0.45460001
0586,2024,0.45210001
0586,2025,0.44819999
0604,2006,0.36160001
0604,2007,0.37310001
0604,2008,0.38229999
0604,2009,0.3707
0604,2010,0.37149999
0604,2011,0.37130001
0604,2012,0.42649999
0604,2013,0.41870001
0604,2014,0.4197
0604,2015,0.43630001
0604,2016,0.44600001
0604,2017,0.4413
0604,2018,0.4472
0604,2019,0.44760001
0604,2020,0.40130001
0604,2021,0.41620001
0604,2022,0.41420001
0604,2023,0.43939999
0604,2024,0.4208
0604,2025,0.43329999
0617,2006,0.34650001
0617,2007,0.36660001
0617,2008,0.3849
0617,2009,0.36739999
0617,2010,0.36880001
0617,2011,0.39680001
0617,2012,0.40380001
0617,2013,0.417
0617,2014,0.42649999
0617,2015,0.41150001
0617,2016,0.40290001
0617,2017,0.41389999
0617,2018,0.4149
0617,2019,0.4075
0617,2020,0.40259999
0617,2021,0.41999999
0617,2022,0.4122
0617,2023,0.4192
0617,2024,0.41549999
0617,2025,0.43079999
0642,2006,0.3188
0642,2007,0.3098
0642,2008,0.32949999
0642,2009,0.33590001
0642,2010,0.33050001
0642,2011,0.37169999
0642,2012,0.3987
0642,2013,0.40239999
0642,2014,0.4233
0642,2015,0.4215
0642,2016,0.412
0642,2017,0.4086
0642,2018,0.4244
0642,2019,0.43099999
0642,2020,0.4023
0642,2021,0.4149
0642,2022,0.43700001
0642,2023,0.43920001
0642,2024,0.4325
0642,2025,0.4305
0643,2006,0.29550001
0643,2007,0.31130001
0643,2008,0.32190001
0643,2009,0.32780001
0643,2010,0.33500001
0643,2011,0.35319999
0643,2012,0.3985
0643,2013,0.3874
0643,2014,0.3906
0643,2015,0.3935
0643,2016,0.40110001
0643,2017,0.3962
0643,2018,0.40669999
0643,2019,0.39879999
0643,2020,0.38850001
0643,2021,0.40939999
0643,2022,0.4064
0643,2023,0.4138
0643,2024,0.42129999
0643,2025,0.4152
0662,2006,0.35260001
0662,2007,0.36160001
0662,2008,0.42559999
0662,2009,0.3628
0662,2010,0.3619
0662,2011,0.36939999
0662,2012,0.40669999
0662,2013,0.41010001
0662,2014,0.42429999
0662,2015,0.42210001
0662,2016,0.3951
0662,2017,0.4217
0662,2018,0.42460001
0662,2019,0.4276
0662,2020,0.41
0662,2021,0.4224
0662,2022,0.42070001
0662,2023,0.4269
0662,2024,0.43020001
0662,2025,0.43099999
0665,2006,0.37310001
0665,2007,0.38069999
0665,2008,0.37419999
0665,2009,0.38150001
0665,2010,0.37220001
0665,2011,0.38069999
0665,2012,0.40700001
0665,2013,0.42320001
0665,2014,0.43610001
0665,2015,0.42919999
0665,2016,0.42250001
0665,2017,0.43329999
0665,2018,0.4339
0665,2019,0.43329999
0665,2020,0.41170001
0665,2021,0.43419999
0665,2022,0.43799999
0665,2023,0.42210001
0665,2024,0.43610001
0665,2025,0.4386
0680,2006,0.3531
0680,2007,0.3572
0680,2008,0.359
0680,2009,0.36070001
0680,2010,0.37259999
0680,2011,0.3901
0680,2012,0.4339
0680,2013,0.43599999
0680,2014,0.4411
0680,2015,0.428
0680,2016,0.41080001
0680,2017,0.41859999
0680,2018,0.4289
0680,2019,0.42050001
0680,2020,0.4032
0680,2021,0.41659999
0680,2022,0.4172
0680,2023,0.43020001
0680,2024,0.42570001
0680,2025,0.42919999
0682,2006,0.3872
0682,2007,0.4059
0682,2008,0.42269999
0682,2009,0.39789999
0682,2010,0.3829
0682,2011,0.39210001
0682,2012,0.44980001
0682,2013,0.45100001
0682,2014,0.43720001
0682,2015,0.45050001
0682,2016,0.43900001
0682,2017,0.4454
0682,2018,0.43610001
0682,2019,0.44350001
0682,2020,0.4242
0682,2021,0.4418
0682,2022,0.43309999
0682,2023,0.43470001
0682,2024,0.44190001
0682,2025,0.44780001
0683,2006,0.4332
0683,2007,0.42770001
0683,2008,0.435
0683,2009,0.43869999
0683,2010,0.43099999
0683,2011,0.4411
0683,2012,0.4533
0683,2013,0.45950001
0683,2014,0.47049999
0683,2015,0.4655
0683,2016,0.4594
0683,2017,0.4682
0683,2018,0.47
0683,2019,0.4698
0683,2020,0.44589999
0683,2021,0.4619
0683,2022,0.45879999
0683,2023,0.4646
0683,2024,0.4682
0683,2025,0.47260001
0684,2006,0.36320001
0684,2007,0.36759999
0684,2008,0.3682
0684,2009,0.3599
0684,2010,0.35319999
0684,2011,0.36430001
0684,2012,0.38749999
0684,2013,0.4012
0684,2014,0.40040001
0684,2015,0.40689999
0684,2016,0.38999999
0684,2017,0.4005
0684,2018,0.41479999
0684,2019,0.4165
0684,2020,0.41659999
0684,2021,0.43220001
0684,2022,0.42609999
0684,2023,0.44139999
0684,2024,0.4436
0684,2025,0.46309999
0685,2006,0.38780001
0685,2007,0.39120001
0685,2008,0.39039999
0685,2009,0.39739999
0685,2010,0.38319999
0685,2011,0.38730001
0685,2012,0.4215
0685,2013,0.4251
0685,2014,0.42460001
0685,2015,0.4307
0685,2016,0.43200001
0685,2017,0.4391
0685,2018,0.4375
0685,2019,0.4391
0685,2020,0.4181
0685,2021,0.43799999
0685,2022,0.42340001
0685,2023,0.42039999
0685,2024,0.42930001
0685,2025,0.43309999
0686,2006,0.42840001
0686,2007,0.4373
0686,2008,0.43959999
0686,2009,0.42300001
0686,2010,0.41549999
0686,2011,0.4276
0686,2012,0.46470001
0686,2013,0.45100001
0686,2014,0.4522
0686,2015,0.4571
0686,2016,0.44279999
0686,2017,0.4558
0686,2018,0.4637
0686,2019,0.4596
0686,2020,0.4553
0686,2021,0.46869999
0686,2022,0.45930001
0686,2023,0.4614
0686,2024,0.4752
0686,2025,0.48359999
0687,2006,0.35409999
0687,2007,0.352
0687,2008,0.3563
0687,2009,0.3646
0687,2010,0.3603
0687,2011,0.36430001
0687,2012,0.39809999
0687,2013,0.39449999
0687,2014,0.39559999
0687,2015,0.40439999
0687,2016,0.39089999
0687,2017,0.40000001
0687,2018,0.40079999
0687,2019,0.40720001
0687,2020,0.3946
0687,2021,0.41499999
0687,2022,0.41420001
0687,2023,0.40459999
0687,2024,0.42050001
0687,2025,0.43990001
0760,2006,0.3899
0760,2007,0.39809999
0760,2008,0.4061
0760,2009,0.42930001
0760,2010,0.38280001
0760,2011,0.41080001
0760,2012,0.42300001
0760,2013,0.39969999
0760,2014,0.42719999
0760,2015,0.41280001
0760,2016,0.39829999
0760,2017,0.41069999
0760,2018,0.4032
0760,2019,0.40110001
0760,2020,0.3617
0760,2021,0.38
0760,2022,0.37490001
0760,2023,0.39140001
0760,2024,0.3827
0760,2025,0.3962
0761,2006,0.3847
0761,2007,0.39469999
0761,2008,0.44580001
0761,2009,0.45379999
0761,2010,0.41330001
0761,2011,0.43360001
0761,2012,0.45860001
0761,2013,0.4136
0761,2014,0.4003
0761,2015,0.39520001
0761,2016,0.38139999
0761,2017,0.4032
0761,2018,0.40700001
0761,2019,0.412
0761,2020,0.38679999
0761,2021,0.3721
0761,2022,0.39269999
0761,2023,0.40009999
0761,2024,0.39120001
0761,2025,0.41639999
0763,2006,0.37400001
0763,2007,0.36950001
0763,2008,0.4113
0763,2009,0.42320001
0763,2010,0.37490001
0763,2011,0.3953
0763,2012,0.4145
0763,2013,0.38049999
0763,2014,0.4034
0763,2015,0.4016
0763,2016,0.38069999
0763,2017,0.39770001
0763,2018,0.3908
0763,2019,0.4005
0763,2020,0.3712
0763,2021,0.38600001
0763,2022,0.39179999
0763,2023,0.39489999
0763,2024,0.39590001
0763,2025,0.4039
0764,2006,0.3633
0764,2007,0.3732
0764,2008,0.42309999
0764,2009,0.4298
0764,2010,0.3926
0764,2011,0.41679999
0764,2012,0.44119999
0764,2013,0.414
0764,2014,0.4201
0764,2015,0.40349999
0764,2016,0.3822
0764,2017,0.4023
0764,2018,0.39750001
0764,2019,0.41710001
0764,2020,0.37470001
0764,2021,0.3768
0764,2022,0.39210001
0764,2023,0.38679999
0764,2024,0.39480001
0764,2025,0.40239999
0765,2006,0.37
0765,2007,0.35910001
0765,2008,0.37709999
0765,2009,0.39039999
0765,2010,0.36880001
0765,2011,0.39879999
0765,2012,0.40059999
0765,2013,0.39989999
0765,2014,0.4066
0765,2015,0.41
0765,2016,0.384
0765,2017,0.3942
0765,2018,0.3955
0765,2019,0.4039
0765,2020,0.37580001
0765,2021,0.37040001
0765,2022,0.36700001
0765,2023,0.389
0765,2024,0.38339999
0765,2025,0.39629999
0767,2006,0.3998
0767,2007,0.39019999
0767,2008,0.41330001
0767,2009,0.41569999
0767,2010,0.40279999
0767,2011,0.40009999
0767,2012,0.39269999
0767,2013,0.4016
0767,2014,0.39449999
0767,2015,0.39289999
0767,2016,0.38299999
0767,2017,0.3978
0767,2018,0.39219999
0767,2019,0.39840001
0767,2020,0.36809999
0767,2021,0.37020001
0767,2022,0.38190001
0767,2023,0.3944
0767,2024,0.3682
0767,2025,0.37079999
0780,2006,0.3827
0780,2007,0.38429999
0780,2008,0.45910001
0780,2009,0.46509999
0780,2010,0.38980001
0780,2011,0.4364
0780,2012,0.4641
0780,2013,0.4368
0780,2014,0.42609999
0780,2015,0.4208
0780,2016,0.40400001
0780,2017,0.40849999
0780,2018,0.40549999
0780,2019,0.41819999
0780,2020,0.3908
0780,2021,0.3874
0780,2022,0.38859999
0780,2023,0.39289999
0780,2024,0.39680001
0780,2025,0.40619999
0781,2006,0.4808
0781,2007,0.44589999
0781,2008,0.46169999
0781,2009,0.46799999
0781,2010,0.4544
0781,2011,0.46309999
0781,2012,0.4522
0781,2013,0.44229999
0781,2014,0.44139999
0781,2015,0.4404
0781,2016,0.43180001
0781,2017,0.4368
0781,2018,0.4382
0781,2019,0.45429999
0781,2020,0.41929999
0781,2021,0.42629999
0781,2022,0.4258
0781,2023,0.43560001
0781,2024,0.41870001
0781,2025,0.42399999
0821,2006,0.39579999
0821,2007,0.3759
0821,2008,0.38600001
0821,2009,0.3698
0821,2010,0.38209999
0821,2011,0.39770001
0821,2012,0.39230001
0821,2013,0.44119999
0821,2014,0.4571
0821,2015,0.4558
0821,2016,0.44459999
0821,2017,0.4445
0821,2018,0.4646
0821,2019,0.45460001
0821,2020,0.41769999
0821,2021,0.421
0821,2022,0.4348
0821,2023,0.4066
0821,2024,0.41940001
0821,2025,0.40979999
0834,2006,0.36379999
0834,2007,0.39969999
0834,2008,0.38060001
0834,2009,0.39219999
0834,2010,0.39950001
0834,2011,0.41150001
0834,2012,0.4032
0834,2013,0.41690001
0834,2014,0.41119999
0834,2015,0.43869999
0834,2016,0.43380001
0834,2017,0.43979999
0834,2018,0.4429
0834,2019,0.44690001
0834,2020,0.4163
0834,2021,0.4348
0834,2022,0.45050001
0834,2023,0.4526
0834,2024,0.4698
0834,2025,0.4725
0840,2006,0.3637
0840,2007,0.38299999
0840,2008,0.39899999
0840,2009,0.4111
0840,2010,0.428
0840,2011,0.42919999
0840,2012,0.4059
0840,2013,0.41049999
0840,2014,0.40889999
0840,2015,0.4066
0840,2016,0.41170001
0840,2017,0.4235
0840,2018,0.41729999
0840,2019,0.41429999
0840,2020,0.37990001
0840,2021,0.40580001
0840,2022,0.42649999
0840,2023,0.42950001
0840,2024,0.44119999
0840,2025,0.43970001
0860,2006,0.3883
0860,2007,0.38659999
0860,2008,0.40790001
0860,2009,0.41330001
0860,2010,0.4048
0860,2011,0.41420001
0860,2012,0.40509999
0860,2013,0.43009999
0860,2014,0.4183
0860,2015,0.44980001
0860,2016,0.4296
0860,2017,0.44350001
0860,2018,0.44859999
0860,2019,0.4619
0860,2020,0.42699999
0860,2021,0.42969999
0860,2022,0.44850001
0860,2023,0.44549999
0860,2024,0.43759999
0860,2025,0.4594
0861,2006,0.3849
0861,2007,0.4163
0861,2008,0.41339999
0861,2009,0.4413
0861,2010,0.43149999
0861,2011,0.44260001
0861,2012,0.4391
0861,2013,0.47839999
0861,2014,0.4637
0861,2015,0.47189999
0861,2016,0.47580001
0861,2017,0.47589999
0861,2018,0.4763
0861,2019,0.49059999
0861,2020,0.43700001
0861,2021,0.46520001
0861,2022,0.47819999
0861,2023,0.4668
0861,2024,0.4817
0861,2025,0.4813
0862,2006,0.34189999
0862,2007,0.37149999
0862,2008,0.37979999
0862,2009,0.39230001
0862,2010,0.38319999
0862,2011,0.40079999
0862,2012,0.3829
0862,2013,0.41839999
0862,2014,0.39910001
0862,2015,0.41
0862,2016,0.39660001
0862,2017,0.4082
0862,2018,0.4039
0862,2019,0.40369999
0862,2020,0.37529999
0862,2021,0.38530001
0862,2022,0.40599999
0862,2023,0.4152
0862,2024,0.42469999
0862,2025,0.41870001
0880,2006,0.4066
0880,2007,0.43709999
0880,2008,0.43529999
0880,2009,0.45179999
0880,2010,0.45449999
0880,2011,0.4594
0880,2012,0.4533
0880,2013,0.45449999
0880,2014,0.44620001
0880,2015,0.4553
0880,2016,0.4562
0880,2017,0.45140001
0880,2018,0.4461
0880,2019,0.45989999
0880,2020,0.42590001
0880,2021,0.44
0880,2022,0.45429999
0880,2023,0.46919999
0880,2024,0.46970001
0880,2025,0.46309999
0881,2006,0.38589999
0881,2007,0.4136
0881,2008,0.41960001
0881,2009,0.4314
0881,2010,0.4429
0881,2011,0.44420001
0881,2012,0.43099999
0881,2013,0.44190001
0881,2014,0.42230001
0881,2015,0.43279999
0881,2016,0.42289999
0881,2017,0.44420001
0881,2018,0.43979999
0881,2019,0.44069999
0881,2020,0.3955
0881,2021,0.42109999
0881,2022,0.4418
0881,2023,0.44580001
0881,2024,0.43979999
0881,2025,0.45109999
0882,2006,0.43110001
0882,2007,0.41780001
0882,2008,0.4219
0882,2009,0.41780001
0882,2010,0.40880001
0882,2011,0.43360001
0882,2012,0.41729999
0882,2013,0.4777
0882,2014,0.48559999
0882,2015,0.48660001
0882,2016,0.4779
0882,2017,0.4806
0882,2018,0.4862
0882,2019,0.48429999
0882,2020,0.4535
0882,2021,0.47209999
0882,2022,0.486
0882,2023,0.4501
0882,2024,0.45550001
0882,2025,0.47279999
0883,2006,0.45629999
0883,2007,0.44409999
0883,2008,0.44980001
0883,2009,0.4578
0883,2010,0.46360001
0883,2011,0.47749999
0883,2012,0.4677
0883,2013,0.4702
0883,2014,0.46959999
0883,2015,0.49419999
0883,2016,0.48649999
0883,2017,0.48500001
0883,2018,0.47999999
0883,2019,0.4795
0883,2020,0.45480001
0883,2021,0.48710001
0883,2022,0.49829999
0883,2023,0.51670003
0883,2024,0.50449997
0883,2025,0.53149998
0884,2006,0.3933
0884,2007,0.39879999
0884,2008,0.40090001
0884,2009,0.39089999
0884,2010,0.39570001
0884,2011,0.41980001
0884,2012,0.41370001
0884,2013,0.42570001
0884,2014,0.4156
0884,2015,0.42590001
0884,2016,0.42629999
0884,2017,0.4219
0884,2018,0.4242
0884,2019,0.4429
0884,2020,0.4181
0884,2021,0.44769999
0884,2022,0.4598
0884,2023,0.46450001
0884,2024,0.4454
0884,2025,0.4682
0885,2006,0.3549
0885,2007,0.37720001
0885,2008,0.39109999
0885,2009,0.412
0885,2010,0.41049999
0885,2011,0.43110001
0885,2012,0.42739999
0885,2013,0.43489999
0885,2014,0.42739999
0885,2015,0.40799999
0885,2016,0.42140001
0885,2017,0.42860001
0885,2018,0.41460001
0885,2019,0.43560001
0885,2020,0.40709999
0885,2021,0.4298
0885,2022,0.45370001
0885,2023,0.47009999
0885,2024,0.47119999
0885,2025,0.45480001
0980,2006,0.4201
0980,2007,0.4393
0980,2008,0.46180001
0980,2009,0.49200001
0980,2010,0.45770001
0980,2011,0.50669998
0980,2012,0.51480001
0980,2013,0.51969999
0980,2014,0.52560002
0980,2015,0.5165
0980,2016,0.50510001
0980,2017,0.51599997
0980,2018,0.51590002
0980,2019,0.53070003
0980,2020,0.51609999
0980,2021,0.50950003
0980,2022,0.53119999
0980,2023,0.52740002
0980,2024,0.53899997
0980,2025,0.54360002
1060,2006,0.36759999
1060,2007,0.3628
1060,2008,0.3892
1060,2009,0.38409999
1060,2010,0.3899
1060,2011,0.4104
1060,2012,0.41749999
1060,2013,0.4023
1060,2014,0.3955
1060,2015,0.4073
1060,2016,0.40040001
1060,2017,0.3944
1060,2018,0.40020001
1060,2019,0.40270001
1060,2020,0.38589999
1060,2021,0.39160001
1060,2022,0.40020001
1060,2023,0.41940001
1060,2024,0.4474
1060,2025,0.45789999
1080,2006,0.48010001
1080,2007,0.4788
1080,2008,0.4605
1080,2009,0.44749999
1080,2010,0.42660001
1080,2011,0.44260001
1080,2012,0.45159999
1080,2013,0.43740001
1080,2014,0.44659999
1080,2015,0.4377
1080,2016,0.4497
1080,2017,0.4515
1080,2018,0.43900001
1080,2019,0.4429
1080,2020,0.4163
1080,2021,0.43279999
1080,2022,0.4551
1080,2023,0.47279999
1080,2024,0.47459999
1080,2025,0.47679999
1081,2006,0.4242
1081,2007,0.42449999
1081,2008,0.4359
1081,2009,0.42820001
1081,2010,0.42039999
1081,2011,0.44459999
1081,2012,0.43560001
1081,2013,0.43669999
1081,2014,0.4413
1081,2015,0.42199999
1081,2016,0.43169999
1081,2017,0.43990001
1081,2018,0.43099999
1081,2019,0.43779999
1081,2020,0.4091
1081,2021,0.41659999
1081,2022,0.44499999
1081,2023,0.45550001
1081,2024,0.45480001
1081,2025,0.45739999
1082,2006,0.4395
1082,2007,0.41980001
1082,2008,0.45019999
1082,2009,0.45910001
1082,2010,0.447
1082,2011,0.46430001
1082,2012,0.46810001
1082,2013,0.45840001
1082,2014,0.4474
1082,2015,0.45320001
1082,2016,0.4425
1082,2017,0.4454
1082,2018,0.42340001
1082,2019,0.4339
1082,2020,0.4093
1082,2021,0.42590001
1082,2022,0.43529999
1082,2023,0.44549999
1082,2024,0.44659999
1082,2025,0.45300001
1083,2006,0.39230001
1083,2007,0.3976
1083,2008,0.41620001
1083,2009,0.41639999
1083,2010,0.4068
1083,2011,0.42390001
1083,2012,0.42879999
1083,2013,0.43329999
1083,2014,0.4249
1083,2015,0.4373
1083,2016,0.4278
1083,2017,0.42179999
1083,2018,0.4084
1083,2019,0.4154
1083,2020,0.3946
1083,2021,0.40540001
1083,2022,0.4294
1083,2023,0.43689999
1083,2024,0.44319999
1083,2025,0.44240001
1214,2006,0.3942
1214,2007,0.38850001
1214,2008,0.3944
1214,2009,0.3919
1214,2010,0.3973
1214,2011,0.45089999
1214,2012,0.45460001
1214,2013,0.4463
1214,2014,0.46360001
1214,2015,0.43700001
1214,2016,0.433
1214,2017,0.4262
1214,2018,0.39539999
1214,2019,0.40220001
1214,2020,0.40000001
1214,2021,0.4323
1214,2022,0.4296
1214,2023,0.42840001
1214,2024,0.4113
1214,2025,0.43349999
1230,2006,0.39430001
1230,2007,0.43939999
1230,2008,0.39379999
1230,2009,0.42719999
1230,2010,0.42160001
1230,2011,0.46990001
1230,2012,0.46000001
1230,2013,0.43979999
1230,2014,0.4483
1230,2015,0.41780001
1230,2016,0.4215
1230,2017,0.41679999
1230,2018,0.3962
1230,2019,0.38069999
1230,2020,0.3637
1230,2021,0.39930001
1230,2022,0.389
1230,2023,0.3874
1230,2024,0.3775
1230,2025,0.3883
1231,2006,0.4463
1231,2007,0.4499
1231,2008,0.44119999
1231,2009,0.4506
1231,2010,0.45379999
1231,2011,0.46309999
1231,2012,0.45919999
1231,2013,0.44819999
1231,2014,0.4386
1231,2015,0.40709999
1231,2016,0.41260001
1231,2017,0.41049999
1231,2018,0.3994
1231,2019,0.39950001
1231,2020,0.37920001
1231,2021,0.39019999
1231,2022,0.3953
1231,2023,0.38499999
1231,2024,0.3856
1231,2025,0.39089999
1233,2006,0.40259999
1233,2007,0.41049999
1233,2008,0.41870001
1233,2009,0.3994
1233,2010,0.3827
1233,2011,0.44769999
1233,2012,0.4542
1233,2013,0.42519999
1233,2014,0.4325
1233,2015,0.40959999
1233,2016,0.40279999
1233,2017,0.4206
1233,2018,0.40740001
1233,2019,0.40810001
1233,2020,0.38280001
1233,2021,0.39750001
1233,2022,0.3985
1233,2023,0.40540001
1233,2024,0.39160001
1233,2025,0.39219999
1256,2006,0.4091
1256,2007,0.41659999
1256,2008,0.4059
1256,2009,0.4183
1256,2010,0.42089999
1256,2011,0.435
1256,2012,0.43830001
1256,2013,0.44220001
1256,2014,0.4393
1256,2015,0.45039999
1256,2016,0.42160001
1256,2017,0.42429999
1256,2018,0.42629999
1256,2019,0.43880001
1256,2020,0.40540001
1256,2021,0.426
1256,2022,0.42989999
1256,2023,0.4314
1256,2024,0.43439999
1256,2025,0.43529999
1257,2006,0.42469999
1257,2007,0.41569999
1257,2008,0.40920001
1257,2009,0.38710001
1257,2010,0.39160001
1257,2011,0.39309999
1257,2012,0.40079999
1257,2013,0.42199999
1257,2014,0.4425
1257,2015,0.4321
1257,2016,0.42050001
1257,2017,0.40830001
1257,2018,0.39660001
1257,2019,0.39840001
1257,2020,0.38420001
1257,2021,0.3809
1257,2022,0.3827
1257,2023,0.3953
1257,2024,0.4129
1257,2025,0.42359999
1260,2006,0.37729999
1260,2007,0.39219999
1260,2008,0.41249999
1260,2009,0.42039999
1260,2010,0.41260001
1260,2011,0.4395
1260,2012,0.42770001
1260,2013,0.4384
1260,2014,0.44
1260,2015,0.43259999
1260,2016,0.4271
1260,2017,0.41319999
1260,2018,0.41429999
1260,2019,0.40790001
1260,2020,0.384
1260,2021,0.39120001
1260,2022,0.3985
1260,2023,0.40700001
1260,2024,0.42070001
1260,2025,0.43079999
1261,2006,0.38929999
1261,2007,0.42660001
1261,2008,0.39469999
1261,2009,0.41409999
1261,2010,0.41429999
1261,2011,0.4673
1261,2012,0.46990001
1261,2013,0.4632
1261,2014,0.46579999
1261,2015,0.43180001
1261,2016,0.43849999
1261,2017,0.4321
1261,2018,0.40169999
1261,2019,0.38839999
1261,2020,0.3863
1261,2021,0.4111
1261,2022,0.40459999
1261,2023,0.4102
1261,2024,0.3822
1261,2025,0.40560001
1262,2006,0.3942
1262,2007,0.4382
1262,2008,0.40349999
1262,2009,0.42250001
1262,2010,0.42210001
1262,2011,0.4562
1262,2012,0.44870001
1262,2013,0.4201
1262,2014,0.43830001
1262,2015,0.40459999
1262,2016,0.4016
1262,2017,0.4111
1262,2018,0.39030001
1262,2019,0.37689999
1262,2020,0.37509999
1262,2021,0.39449999
1262,2022,0.39629999
1262,2023,0.38960001
1262,2024,0.3818
1262,2025,0.40689999
1263,2006,0.41729999
1263,2007,0.4325
1263,2008,0.42289999
1263,2009,0.4007
1263,2010,0.40560001
1263,2011,0.44479999
1263,2012,0.44479999
1263,2013,0.42359999
1263,2014,0.4325
1263,2015,0.4061
1263,2016,0.3985
1263,2017,0.4068
1263,2018,0.40079999
1263,2019,0.4048
1263,2020,0.38769999
1263,2021,0.39570001
1263,2022,0.40979999
1263,2023,0.40470001
1263,2024,0.3804
1263,2025,0.37720001
1264,2006,0.4109
1264,2007,0.4095
1264,2008,0.4145
1264,2009,0.42050001
1264,2010,0.4294
1264,2011,0.44729999
1264,2012,0.4384
1264,2013,0.4418
1264,2014,0.44749999
1264,2015,0.4391
1264,2016,0.4418
1264,2017,0.43439999
1264,2018,0.42820001
1264,2019,0.41890001
1264,2020,0.4014
1264,2021,0.42879999
1264,2022,0.4269
1264,2023,0.41710001
1264,2024,0.41580001
1264,2025,0.41800001
1265,2006,0.40239999
1265,2007,0.412
1265,2008,0.41440001
1265,2009,0.41800001
1265,2010,0.44
1265,2011,0.4427
1265,2012,0.43610001
1265,2013,0.43290001
1265,2014,0.42609999
1265,2015,0.43939999
1265,2016,0.44310001
1265,2017,0.43099999
1265,2018,0.4298
1265,2019,0.43329999
1265,2020,0.40869999
1265,2021,0.43059999
1265,2022,0.4321
1265,2023,0.42399999
1265,2024,0.42640001
1265,2025,0.43340001
1266,2006,0.34830001
1266,2007,0.37360001
1266,2008,0.3612
1266,2009,0.36559999
1266,2010,0.3741
1266,2011,0.51029998
1266,2012,0.50580001
1266,2013,0.49739999
1266,2014,0.505
1266,2015,0.46200001
1266,2016,0.46160001
1266,2017,0.4603
1266,2018,0.39520001
1266,2019,0.40279999
1266,2020,0.42829999
1266,2021,0.45210001
1266,2022,0.44760001
1266,2023,0.43880001
1266,2024,0.39390001
1266,2025,0.4508
1267,2006,0.34999999
1267,2007,0.34259999
1267,2008,0.35049999
1267,2009,0.3547
1267,2010,0.36570001
1267,2011,0.51440001
1267,2012,0.52359998
1267,2013,0.51499999
1267,2014,0.51499999
1267,2015,0.47909999
1267,2016,0.45910001
1267,2017,0.44870001
1267,2018,0.3865
1267,2019,0.37670001
1267,2020,0.42699999
1267,2021,0.44800001
1267,2022,0.43799999
1267,2023,0.43349999
1267,2024,0.3795
1267,2025,0.4276
1270,2006,0.4677
1270,2007,0.48390001
1270,2008,0.4826
1270,2009,0.4849
1270,2010,0.47490001
1270,2011,0.4874
1270,2012,0.4822
1270,2013,0.49110001
1270,2014,0.48609999
1270,2015,0.47589999
1270,2016,0.48820001
1270,2017,0.47099999
1270,2018,0.47580001
1270,2019,0.4747
1270,2020,0.45460001
1270,2021,0.48019999
1270,2022,0.47029999
1270,2023,0.45249999
1270,2024,0.45879999
1270,2025,0.4623
1272,2006,0.38409999
1272,2007,0.38929999
1272,2008,0.39950001
1272,2009,0.4163
1272,2010,0.40970001
1272,2011,0.41729999
1272,2012,0.4219
1272,2013,0.4316
1272,2014,0.45500001
1272,2015,0.44890001
1272,2016,0.43200001
1272,2017,0.4237
1272,2018,0.4271
1272,2019,0.4454
1272,2020,0.40830001
1272,2021,0.4102
1272,2022,0.42559999
1272,2023,0.42969999
1272,2024,0.44170001
1272,2025,0.44279999
1273,2006,0.38699999
1273,2007,0.391
1273,2008,0.38569999
1273,2009,0.4095
1273,2010,0.41190001
1273,2011,0.44069999
1273,2012,0.44839999
1273,2013,0.4567
1273,2014,0.45039999
1273,2015,0.44369999
1273,2016,0.4429
1273,2017,0.4341
1273,2018,0.42719999
1273,2019,0.4332
1273,2020,0.40329999
1273,2021,0.4025
1273,2022,0.42070001
1273,2023,0.4267
1273,2024,0.433
1273,2025,0.43779999
1275,2006,0.42879999
1275,2007,0.41460001
1275,2008,0.4075
1275,2009,0.40200001
1275,2010,0.42399999
1275,2011,0.4418
1275,2012,0.44510001
1275,2013,0.4585
1275,2014,0.46509999
1275,2015,0.43340001
1275,2016,0.426
1275,2017,0.4219
1275,2018,0.41460001
1275,2019,0.42590001
1275,2020,0.40239999
1275,2021,0.40059999
1275,2022,0.4043
1275,2023,0.42140001
1275,2024,0.42250001
1275,2025,0.43220001
1276,2006,0.4095
1276,2007,0.41639999
1276,2008,0.41690001
1276,2009,0.42030001
1276,2010,0.43239999
1276,2011,0.43290001
1276,2012,0.42840001
1276,2013,0.44909999
1276,2014,0.46169999
1276,2015,0.43900001
1276,2016,0.4267
1276,2017,0.41460001
1276,2018,0.4149
1276,2019,0.40970001
1276,2020,0.3883
1276,2021,0.39449999
1276,2022,0.40279999
1276,2023,0.421
1276,2024,0.414
1276,2025,0.43880001
1277,2006,0.39399999
1277,2007,0.4084
1277,2008,0.40040001
1277,2009,0.42089999
1277,2010,0.43099999
1277,2011,0.43259999
1277,2012,0.43540001
1277,2013,0.447
1277,2014,0.46810001
1277,2015,0.43979999
1277,2016,0.42559999
1277,2017,0.40830001
1277,2018,0.41330001
1277,2019,0.3989
1277,2020,0.37580001
1277,2021,0.37970001
1277,2022,0.382
1277,2023,0.38499999
1277,2024,0.4034
1277,2025,0.41780001
1278,2006,0.4314
1278,2007,0.41929999
1278,2008,0.41209999
1278,2009,0.42789999
1278,2010,0.42629999
1278,2011,0.4253
1278,2012,0.41479999
1278,2013,0.4535
1278,2014,0.4578
1278,2015,0.4163
1278,2016,0.41229999
1278,2017,0.405
1278,2018,0.40810001
1278,2019,0.40709999
1278,2020,0.38769999
1278,2021,0.38190001
1278,2022,0.3822
1278,2023,0.3987
1278,2024,0.40200001
1278,2025,0.43669999
1280,2006,0.37979999
1280,2007,0.3955
1280,2008,0.40149999
1280,2009,0.38609999
1280,2010,0.3969
1280,2011,0.43259999
1280,2012,0.43430001
1280,2013,0.41839999
1280,2014,0.42219999
1280,2015,0.38909999
1280,2016,0.37670001
1280,2017,0.38510001
1280,2018,0.3743
1280,2019,0.36590001
1280,2020,0.35030001
1280,2021,0.36500001
1280,2022,0.3617
1280,2023,0.35749999
1280,2024,0.3409
1280,2025,0.33539999
1281,2006,0.40880001
1281,2007,0.44119999
1281,2008,0.40040001
1281,2009,0.4348
1281,2010,0.4323
1281,2011,0.46079999
1281,2012,0.44549999
1281,2013,0.4346
1281,2014,0.44170001
1281,2015,0.4102
1281,2016,0.41209999
1281,2017,0.4111
1281,2018,0.38940001
1281,2019,0.37509999
1281,2020,0.36829999
1281,2021,0.39219999
1281,2022,0.3906
1281,2023,0.3716
1281,2024,0.3576
1281,2025,0.37220001
1282,2006,0.45030001
1282,2007,0.4513
1282,2008,0.4447
1282,2009,0.43360001
1282,2010,0.43650001
1282,2011,0.45570001
1282,2012,0.46059999
1282,2013,0.4612
1282,2014,0.49880001
1282,2015,0.465
1282,2016,0.46149999
1282,2017,0.45379999
1282,2018,0.44119999
1282,2019,0.43529999
1282,2020,0.43329999
1282,2021,0.45280001
1282,2022,0.4562
1282,2023,0.45969999
1282,2024,0.4553
1282,2025,0.4675
1283,2006,0.38710001
1283,2007,0.398
1283,2008,0.44010001
1283,2009,0.45140001
1283,2010,0.4305
1283,2011,0.45100001
1283,2012,0.45950001
1283,2013,0.44690001
1283,2014,0.46720001
1283,2015,0.44319999
1283,2016,0.4307
1283,2017,0.41350001
1283,2018,0.405
1283,2019,0.40220001
1283,2020,0.3926
1283,2021,0.3971
1283,2022,0.40110001
1283,2023,0.4161
1283,2024,0.4219
1283,2025,0.41929999
1284,2006,0.37540001
1284,2007,0.38209999
1284,2008,0.3829
1284,2009,0.38769999
1284,2010,0.4091
1284,2011,0.42199999
1284,2012,0.4386
1284,2013,0.42649999
1284,2014,0.4454
1284,2015,0.42829999
1284,2016,0.4201
1284,2017,0.40380001
1284,2018,0.39520001
1284,2019,0.3926
1284,2020,0.39179999
1284,2021,0.3973
1284,2022,0.40189999
1284,2023,0.4057
1284,2024,0.41729999
1284,2025,0.42660001
1285,2006,0.34
1285,2007,0.3488
1285,2008,0.34290001
1285,2009,0.34819999
1285,2010,0.35780001
1285,2011,0.51749998
1285,2012,0.52270001
1285,2013,0.50480002
1285,2014,0.52569997
1285,2015,0.47889999
1285,2016,0.46349999
1285,2017,0.4531
1285,2018,0.37909999
1285,2019,0.37
1285,2020,0.4271
1285,2021,0.45100001
1285,2022,0.45199999
1285,2023,0.449
1285,2024,0.36680001
1285,2025,0.42829999
1286,2006,0.46810001
1286,2007,0.47009999
1286,2008,0.48100001
1286,2009,0.48280001
1286,2010,0.4932
1286,2011,0.50370002
1286,2012,0.48469999
1286,2013,0.4912
1286,2014,0.49020001
1286,2015,0.47819999
1286,2016,0.47729999
1286,2017,0.4725
1286,2018,0.45899999
1286,2019,0.4614
1286,2020,0.42390001
1286,2021,0.46630001
1286,2022,0.4637
1286,2023,0.4465
1286,2024,0.44710001
1286,2025,0.4524
1287,2006,0.4747
1287,2007,0.48190001
1287,2008,0.47279999
1287,2009,0.46509999
1287,2010,0.43920001
1287,2011,0.46430001
1287,2012,0.4736
1287,2013,0.46720001
1287,2014,0.46579999
1287,2015,0.4657
1287,2016,0.46959999
1287,2017,0.47479999
1287,2018,0.461
1287,2019,0.46489999
1287,2020,0.43799999
1287,2021,0.44980001
1287,2022,0.44510001
1287,2023,0.4447
1287,2024,0.4359
1287,2025,0.42469999
1290,2006,0.40540001
1290,2007,0.40450001
1290,2008,0.41
1290,2009,0.421
1290,2010,0.4163
1290,2011,0.44240001
1290,2012,0.4463
1290,2013,0.4472
1290,2014,0.46849999
1290,2015,0.46169999
1290,2016,0.44049999
1290,2017,0.43849999
1290,2018,0.43700001
1290,2019,0.43399999
1290,2020,0.4249
1290,2021,0.433
1290,2022,0.44299999
1290,2023,0.44940001
1290,2024,0.44890001
1290,2025,0.44800001
1291,2006,0.54259998
1291,2007,0.57499999
1291,2008,0.57740003
1291,2009,0.5485
1291,2010,0.5309
1291,2011,0.53439999
1291,2012,0.5456
1291,2013,0.5575
1291,2014,0.54970002
1291,2015,0.52200001
1291,2016,0.52109998
1291,2017,0.5262
1291,2018,0.51700002
1291,2019,0.51779997
1291,2020,0.48859999
1291,2021,0.51709998
1291,2022,0.5086
1291,2023,0.47549999
1291,2024,0.4711
1291,2025,0.48030001
1292,2006,0.43810001
1292,2007,0.44310001
1292,2008,0.4411
1292,2009,0.44980001
1292,2010,0.46689999
1292,2011,0.46149999
1292,2012,0.44459999
1292,2013,0.477
1292,2014,0.47850001
1292,2015,0.4429
1292,2016,0.43849999
1292,2017,0.4215
1292,2018,0.4233
1292,2019,0.42030001
1292,2020,0.39680001
1292,2021,0.39680001
1292,2022,0.3989
1292,2023,0.4095
1292,2024,0.41209999
1292,2025,0.45289999
1293,2006,0.41940001
1293,2007,0.41760001
1293,2008,0.40180001
1293,2009,0.40619999
1293,2010,0.43239999
1293,2011,0.47279999
1293,2012,0.47600001
1293,2013,0.48019999
1293,2014,0.44760001
1293,2015,0.4623
1293,2016,0.447
1293,2017,0.44580001
1293,2018,0.4402
1293,2019,0.4499
1293,2020,0.4224
1293,2021,0.42550001
1293,2022,0.43000001
1293,2023,0.43529999
1293,2024,0.43700001
1293,2025,0.43630001
1315,2006,0.3757
1315,2007,0.36880001
1315,2008,0.3524
1315,2009,0.35120001
1315,2010,0.3193
1315,2011,0.3407
1315,2012,0.3673
1315,2013,0.36039999
1315,2014,0.34110001
1315,2015,0.34709999
1315,2016,0.34330001
1315,2017,0.3538
1315,2018,0.37779999
1315,2019,0.3619
1315,2020,0.33770001
1315,2021,0.35319999
1315,2022,0.361
1315,2023,0.38150001
1315,2024,0.3786
1315,2025,0.40779999
1380,2006,0.45680001
1380,2007,0.4522
1380,2008,0.43799999
1380,2009,0.45320001
1380,2010,0.37979999
1380,2011,0.4043
1380,2012,0.41670001
1380,2013,0.41690001
1380,2014,0.40669999
1380,2015,0.41170001
1380,2016,0.39989999
1380,2017,0.4154
1380,2018,0.4262
1380,2019,0.44049999
1380,2020,0.39789999
1380,2021,0.4163
1380,2022,0.4154
1380,2023,0.43630001
1380,2024,0.43889999
1380,2025,0.47
1381,2006,0.42519999
1381,2007,0.4102
1381,2008,0.40779999
1381,2009,0.41440001
1381,2010,0.36039999
1381,2011,0.3858
1381,2012,0.412
1381,2013,0.4016
1381,2014,0.38949999
1381,2015,0.3874
1381,2016,0.38699999
1381,2017,0.40630001
1381,2018,0.40380001
1381,2019,0.3996
1381,2020,0.35960001
1381,2021,0.3802
1381,2022,0.37779999
1381,2023,0.39899999
1381,2024,0.40490001
1381,2025,0.44530001
1382,2006,0.45339999
1382,2007,0.43889999
1382,2008,0.428
1382,2009,0.4305
1382,2010,0.3761
1382,2011,0.38519999
1382,2012,0.3872
1382,2013,0.37450001
1382,2014,0.37090001
1382,2015,0.39039999
1382,2016,0.38940001
1382,2017,0.39930001
1382,2018,0.41190001
1382,2019,0.43290001
1382,2020,0.38699999
1382,2021,0.43439999
1382,2022,0.44400001
1382,2023,0.45159999
1382,2024,0.44479999
1382,2025,0.47580001
1383,2006,0.47929999
1383,2007,0.46610001
1383,2008,0.45829999
1383,2009,0.4621
1383,2010,0.41960001
1383,2011,0.43579999
1383,2012,0.4429
1383,2013,0.44310001
1383,2014,0.42410001
1383,2015,0.45289999
1383,2016,0.44980001
1383,2017,0.4601
1383,2018,0.4738
1383,2019,0.47009999
1383,2020,0.45210001
1383,2021,0.46919999
1383,2022,0.47549999
1383,2023,0.49329999
1383,2024,0.493
1383,2025,0.50510001
1384,2006,0.48750001
1384,2007,0.44929999
1384,2008,0.45809999
1384,2009,0.44240001
1384,2010,0.42039999
1384,2011,0.43270001
1384,2012,0.43630001
1384,2013,0.43399999
1384,2014,0.44190001
1384,2015,0.39469999
1384,2016,0.39610001
1384,2017,0.39649999
1384,2018,0.40290001
1384,2019,0.41499999
1384,2020,0.40349999
1384,2021,0.4149
1384,2022,0.4197
1384,2023,0.43889999
1384,2024,0.43900001
1384,2025,0.4718
1401,2006,0.42359999
1401,2007,0.3599
1401,2008,0.37819999
1401,2009,0.3547
1401,2010,0.35460001
1401,2011,0.38569999
1401,2012,0.38190001
1401,2013,0.3757
1401,2014,0.38589999
1401,2015,0.3554
1401,2016,0.35370001
1401,2017,0.35479999
1401,2018,0.35910001
1401,2019,0.36000001
1401,2020,0.32600001
1401,2021,0.3215
1401,2022,0.33489999
1401,2023,0.36750001
1401,2024,0.3705
1401,2025,0.38060001
1402,2006,0.46560001
1402,2007,0.3786
1402,2008,0.38780001
1402,2009,0.3637
1402,2010,0.36149999
1402,2011,0.39050001
1402,2012,0.38589999
1402,2013,0.3926
1402,2014,0.40079999
1402,2015,0.36649999
1402,2016,0.36289999
1402,2017,0.3784
1402,2018,0.38260001
1402,2019,0.3867
1402,2020,0.34830001
1402,2021,0.3436
1402,2022,0.34959999
1402,2023,0.38080001
1402,2024,0.3818
1402,2025,0.39649999
1407,2006,0.41620001
1407,2007,0.37200001
1407,2008,0.36930001
1407,2009,0.3075
1407,2010,0.3222
1407,2011,0.39269999
1407,2012,0.35980001
1407,2013,0.38949999
1407,2014,0.3971
1407,2015,0.33419999
1407,2016,0.32429999
1407,2017,0.3725
1407,2018,0.3883
1407,2019,0.39070001
1407,2020,0.34990001
1407,2021,0.3522
1407,2022,0.37670001
1407,2023,0.40000001
1407,2024,0.4075
1407,2025,0.4156
1415,2006,0.40790001
1415,2007,0.3418
1415,2008,0.35479999
1415,2009,0.34540001
1415,2010,0.33790001
1415,2011,0.3669
1415,2012,0.3757
1415,2013,0.37470001
1415,2014,0.38209999
1415,2015,0.37110001
1415,2016,0.36019999
1415,2017,0.3978
1415,2018,0.40270001
1415,2019,0.4007
1415,2020,0.38249999
1415,2021,0.38060001
1415,2022,0.3989
1415,2023,0.4129
1415,2024,0.4181
1415,2025,0.41800001
1419,2006,0.40759999
1419,2007,0.32229999
1419,2008,0.33270001
1419,2009,0.31690001
1419,2010,0.31670001
1419,2011,0.3382
1419,2012,0.35080001
1419,2013,0.3506
1419,2014,0.3585
1419,2015,0.3529
1419,2016,0.35699999
1419,2017,0.39089999
1419,2018,0.40180001
1419,2019,0.40310001
1419,2020,0.3723
1419,2021,0.38119999
1419,2022,0.40959999
1419,2023,0.41659999
1419,2024,0.428
1419,2025,0.4271
1421,2006,0.44479999
1421,2007,0.35339999
1421,2008,0.3646
1421,2009,0.37540001
1421,2010,0.35389999
1421,2011,0.4057
1421,2012,0.4093
1421,2013,0.41069999
1421,2014,0.40939999
1421,2015,0.3777
1421,2016,0.36359999
1421,2017,0.37810001
1421,2018,0.40650001
1421,2019,0.40169999
1421,2020,0.36480001
1421,2021,0.37009999
1421,2022,0.38749999
1421,2023,0.41549999
1421,2024,0.42660001
1421,2025,0.43489999
1427,2006,0.4237
1427,2007,0.38350001
1427,2008,0.39289999
1427,2009,0.36399999
1427,2010,0.35190001
1427,2011,0.36489999
1427,2012,0.36309999
1427,2013,0.35699999
1427,2014,0.38
1427,2015,0.35260001
1427,2016,0.3251
1427,2017,0.33849999
1427,2018,0.34369999
1427,2019,0.35120001
1427,2020,0.30989999
1427,2021,0.34220001
1427,2022,0.35890001
1427,2023,0.42860001
1427,2024,0.43779999
1427,2025,0.44949999
1430,2006,0.43259999
1430,2007,0.38999999
1430,2008,0.3946
1430,2009,0.37189999
1430,2010,0.36930001
1430,2011,0.39250001
1430,2012,0.38299999
1430,2013,0.39070001
1430,2014,0.382
1430,2015,0.37599999
1430,2016,0.35010001
1430,2017,0.36649999
1430,2018,0.36950001
1430,2019,0.37810001
1430,2020,0.3339
1430,2021,0.3364
1430,2022,0.34940001
1430,2023,0.40720001
1430,2024,0.43900001
1430,2025,0.4499
1435,2006,0.41859999
1435,2007,0.3662
1435,2008,0.38749999
1435,2009,0.3651
1435,2010,0.34760001
1435,2011,0.37349999
1435,2012,0.3581
1435,2013,0.36410001
1435,2014,0.3743
1435,2015,0.3732
1435,2016,0.3355
1435,2017,0.338
1435,2018,0.35229999
1435,2019,0.33950001
1435,2020,0.31189999
1435,2021,0.31819999
1435,2022,0.32789999
1435,2023,0.41569999
1435,2024,0.435
1435,2025,0.4382
1438,2006,0.39340001
1438,2007,0.38229999
1438,2008,0.40689999
1438,2009,0.39570001
1438,2010,0.37619999
1438,2011,0.3935
1438,2012,0.38510001
1438,2013,0.3836
1438,2014,0.37419999
1438,2015,0.35339999
1438,2016,0.32049999
1438,2017,0.31020001
1438,2018,0.35510001
1438,2019,0.33199999
1438,2020,0.29260001
1438,2021,0.30250001
1438,2022,0.33360001
1438,2023,0.43489999
1438,2024,0.4418
1438,2025,0.4621
1439,2006,0.38010001
1439,2007,0.35120001
1439,2008,0.39590001
1439,2009,0.36829999
1439,2010,0.3689
1439,2011,0.3759
1439,2012,0.3917
1439,2013,0.38249999
1439,2014,0.40709999
1439,2015,0.37290001
1439,2016,0.34729999
1439,2017,0.3274
1439,2018,0.34259999
1439,2019,0.3436
1439,2020,0.31740001
1439,2021,0.30950001
1439,2022,0.3545
1439,2023,0.39610001
1439,2024,0.42910001
1439,2025,0.42629999
1440,2006,0.42480001
1440,2007,0.3863
1440,2008,0.38010001
1440,2009,0.361
1440,2010,0.34920001
1440,2011,0.37920001
1440,2012,0.3822
1440,2013,0.3888
1440,2014,0.398
1440,2015,0.37819999
1440,2016,0.37639999
1440,2017,0.4059
1440,2018,0.40740001
1440,2019,0.40900001
1440,2020,0.37459999
1440,2021,0.3696
1440,2022,0.3838
1440,2023,0.39910001
1440,2024,0.3989
1440,2025,0.39520001
1441,2006,0.4289
1441,2007,0.37040001
1441,2008,0.36899999
1441,2009,0.36160001
1441,2010,0.37189999
1441,2011,0.39050001
1441,2012,0.37979999
1441,2013,0.40889999
1441,2014,0.41119999
1441,2015,0.3881
1441,2016,0.37540001
1441,2017,0.39230001
1441,2018,0.3976
1441,2019,0.40689999
1441,2020,0.37970001
1441,2021,0.35679999
1441,2022,0.37130001
1441,2023,0.39660001
1441,2024,0.39520001
1441,2025,0.40869999
1442,2006,0.41530001
1442,2007,0.366
1442,2008,0.36570001
1442,2009,0.37639999
1442,2010,0.3714
1442,2011,0.37310001
1442,2012,0.35499999
1442,2013,0.39019999
1442,2014,0.3908
1442,2015,0.39120001
1442,2016,0.37619999
1442,2017,0.39649999
1442,2018,0.39700001
1442,2019,0.3899
1442,2020,0.35319999
1442,2021,0.35429999
1442,2022,0.37709999
1442,2023,0.40790001
1442,2024,0.3964
1442,2025,0.40450001
1443,2006,0.4138
1443,2007,0.35620001
1443,2008,0.38870001
1443,2009,0.4025
1443,2010,0.36809999
1443,2011,0.39070001
1443,2012,0.39250001
1443,2013,0.38530001
1443,2014,0.3971
1443,2015,0.4057
1443,2016,0.40689999
1443,2017,0.3987
1443,2018,0.40000001
1443,2019,0.40220001
1443,2020,0.35510001
1443,2021,0.37630001
1443,2022,0.3779
1443,2023,0.389
1443,2024,0.38139999
1443,2025,0.4061
1444,2006,0.38730001
1444,2007,0.35190001
1444,2008,0.40849999
1444,2009,0.3867
1444,2010,0.3603
1444,2011,0.4048
1444,2012,0.41929999
1444,2013,0.38319999
1444,2014,0.3951
1444,2015,0.3721
1444,2016,0.3775
1444,2017,0.37110001
1444,2018,0.38370001
1444,2019,0.36660001
1444,2020,0.345
1444,2021,0.35299999
1444,2022,0.37959999
1444,2023,0.3827
1444,2024,0.38010001
1444,2025,0.40959999
1445,2006,0.3558
1445,2007,0.30250001
1445,2008,0.34369999
1445,2009,0.32530001
1445,2010,0.33539999
1445,2011,0.3739
1445,2012,0.35550001
1445,2013,0.3601
1445,2014,0.37959999
1445,2015,0.35749999
1445,2016,0.37920001
1445,2017,0.38850001
1445,2018,0.40270001
1445,2019,0.40779999
1445,2020,0.3734
1445,2021,0.3714
1445,2022,0.38850001
1445,2023,0.40830001
1445,2024,0.3865
1445,2025,0.39820001
1446,2006,0.3628
1446,2007,0.33149999
1446,2008,0.3468
1446,2009,0.35679999
1446,2010,0.3813
1446,2011,0.3863
1446,2012,0.36320001
1446,2013,0.38550001
1446,2014,0.38980001
1446,2015,0.4129
1446,2016,0.40040001
1446,2017,0.4113
1446,2018,0.3978
1446,2019,0.40849999
1446,2020,0.3768
1446,2021,0.4064
1446,2022,0.4023
1446,2023,0.40650001
1446,2024,0.40360001
1446,2025,0.38699999
1447,2006,0.37940001
1447,2007,0.3581
1447,2008,0.39160001
1447,2009,0.37369999
1447,2010,0.37380001
1447,2011,0.3664
1447,2012,0.3145
1447,2013,0.36300001
1447,2014,0.35820001
1447,2015,0.38100001
1447,2016,0.3732
1447,2017,0.3989
1447,2018,0.40149999
1447,2019,0.3908
1447,2020,0.35530001
1447,2021,0.38510001
1447,2022,0.39250001
1447,2023,0.39590001
1447,2024,0.41409999
1447,2025,0.3892
1452,2006,0.33250001
1452,2007,0.31189999
1452,2008,0.34689999
1452,2009,0.33759999
1452,2010,0.32170001
1452,2011,0.336
1452,2012,0.3326
1452,2013,0.33950001
1452,2014,0.3468
1452,2015,0.37130001
1452,2016,0.3739
1452,2017,0.3696
1452,2018,0.37220001
1452,2019,0.38429999
1452,2020,0.34599999
1452,2021,0.34009999
1452,2022,0.36559999
1452,2023,0.38
1452,2024,0.37639999
1452,2025,0.39390001
1460,2006,0.3867
1460,2007,0.36930001
1460,2008,0.3892
1460,2009,0.368
1460,2010,0.3687
1460,2011,0.37970001
1460,2012,0.3664
1460,2013,0.3565
1460,2014,0.3739
1460,2015,0.3351
1460,2016,0.2904
1460,2017,0.3008
1460,2018,0.2978
1460,2019,0.28749999
1460,2020,0.28
1460,2021,0.28049999
1460,2022,0.28510001
1460,2023,0.3944
1460,2024,0.41499999
1460,2025,0.40810001
1461,2006,0.39719999
1461,2007,0.36359999
1461,2008,0.3849
1461,2009,0.37419999
1461,2010,0.3407
1461,2011,0.37630001
1461,2012,0.37630001
1461,2013,0.36109999
1461,2014,0.35789999
1461,2015,0.34639999
1461,2016,0.3123
1461,2017,0.32269999
1461,2018,0.32390001
1461,2019,0.31760001
1461,2020,0.29300001
1461,2021,0.29660001
1461,2022,0.3163
1461,2023,0.3906
1461,2024,0.4226
1461,2025,0.417
1462,2006,0.4339
1462,2007,0.3978
1462,2008,0.4138
1462,2009,0.3978
1462,2010,0.39489999
1462,2011,0.39680001
1462,2012,0.3725
1462,2013,0.37639999
1462,2014,0.40669999
1462,2015,0.40380001
1462,2016,0.3964
1462,2017,0.3989
1462,2018,0.39919999
1462,2019,0.39820001
1462,2020,0.37419999
1462,2021,0.38170001
1462,2022,0.3906
1462,2023,0.3987
1462,2024,0.4075
1462,2025,0.40560001
1463,2006,0.3558
1463,2007,0.33809999
1463,2008,0.35460001
1463,2009,0.3556
1463,2010,0.347
1463,2011,0.3506
1463,2012,0.36489999
1463,2013,0.37830001
1463,2014,0.382
1463,2015,0.38620001
1463,2016,0.38049999
1463,2017,0.3831
1463,2018,0.40239999
1463,2019,0.40419999
1463,2020,0.3572
1463,2021,0.35530001
1463,2022,0.37380001
1463,2023,0.3867
1463,2024,0.38240001
1463,2025,0.3951
1465,2006,0.3488
1465,2007,0.3125
1465,2008,0.33410001
1465,2009,0.3705
1465,2010,0.3427
1465,2011,0.34850001
1465,2012,0.36140001
1465,2013,0.37
1465,2014,0.377
1465,2015,0.37439999
1465,2016,0.373
1465,2017,0.3818
1465,2018,0.38640001
1465,2019,0.3924
1465,2020,0.33970001
1465,2021,0.3563
1465,2022,0.37720001
1465,2023,0.39340001
1465,2024,0.3867
1465,2025,0.4075
1466,2006,0.37689999
1466,2007,0.35730001
1466,2008,0.3488
1466,2009,0.37259999
1466,2010,0.37180001
1466,2011,0.3863
1466,2012,0.3831
1466,2013,0.3777
1466,2014,0.39399999
1466,2015,0.39879999
1466,2016,0.39070001
1466,2017,0.40310001
1466,2018,0.38389999
1466,2019,0.39840001
1466,2020,0.35049999
1466,2021,0.35330001
1466,2022,0.37900001
1466,2023,0.3768
1466,2024,0.39359999
1466,2025,0.4039
1470,2006,0.3511
1470,2007,0.3163
1470,2008,0.3531
1470,2009,0.3515
1470,2010,0.359
1470,2011,0.37599999
1470,2012,0.32960001
1470,2013,0.3504
1470,2014,0.38519999
1470,2015,0.391
1470,2016,0.3813
1470,2017,0.3854
1470,2018,0.38890001
1470,2019,0.3969
1470,2020,0.3655
1470,2021,0.3804
1470,2022,0.39309999
1470,2023,0.39480001
1470,2024,0.39919999
1470,2025,0.39449999
1471,2006,0.3935
1471,2007,0.35330001
1471,2008,0.38949999
1471,2009,0.3953
1471,2010,0.39680001
1471,2011,0.4138
1471,2012,0.36019999
1471,2013,0.3743
1471,2014,0.3942
1471,2015,0.3732
1471,2016,0.38820001
1471,2017,0.3888
1471,2018,0.38940001
1471,2019,0.4136
1471,2020,0.3836
1471,2021,0.3928
1471,2022,0.41010001
1471,2023,0.40189999
1471,2024,0.3924
1471,2025,0.38859999
1472,2006,0.3739
1472,2007,0.3628
1472,2008,0.3743
1472,2009,0.37990001
1472,2010,0.40380001
1472,2011,0.40790001
1472,2012,0.37110001
1472,2013,0.40239999
1472,2014,0.39230001
1472,2015,0.40200001
1472,2016,0.39930001
1472,2017,0.3874
1472,2018,0.4122
1472,2019,0.40619999
1472,2020,0.3585
1472,2021,0.38850001
1472,2022,0.3996
1472,2023,0.41839999
1472,2024,0.4226
1472,2025,0.42219999
1473,2006,0.4032
1473,2007,0.36840001
1473,2008,0.39289999
1473,2009,0.37040001
1473,2010,0.3725
1473,2011,0.4032
1473,2012,0.36570001
1473,2013,0.38499999
1473,2014,0.37850001
1473,2015,0.4113
1473,2016,0.41280001
1473,2017,0.41600001
1473,2018,0.4192
1473,2019,0.4199
1473,2020,0.36849999
1473,2021,0.3973
1473,2022,0.41209999
1473,2023,0.4258
1473,2024,0.41749999
1473,2025,0.4165
1480,2006,0.50050002
1480,2007,0.4138
1480,2008,0.417
1480,2009,0.3766
1480,2010,0.35949999
1480,2011,0.41549999
1480,2012,0.4003
1480,2013,0.41960001
1480,2014,0.43279999
1480,2015,0.3784
1480,2016,0.3664
1480,2017,0.39230001
1480,2018,0.4064
1480,2019,0.40369999
1480,2020,0.3687
1480,2021,0.3635
1480,2022,0.36939999
1480,2023,0.3897
1480,2024,0.38710001
1480,2025,0.3915
1481,2006,0.46779999
1481,2007,0.38679999
1481,2008,0.39649999
1481,2009,0.38280001
1481,2010,0.37270001
1481,2011,0.39089999
1481,2012,0.39160001
1481,2013,0.38330001
1481,2014,0.39390001
1481,2015,0.3741
1481,2016,0.36129999
1481,2017,0.37639999
1481,2018,0.37689999
1481,2019,0.38229999
1481,2020,0.34999999
1481,2021,0.34200001
1481,2022,0.354
1481,2023,0.3786
1481,2024,0.37639999
1481,2025,0.38999999
1482,2006,0.42519999
1482,2007,0.3827
1482,2008,0.38229999
1482,2009,0.36759999
1482,2010,0.35249999
1482,2011,0.3836
1482,2012,0.38350001
1482,2013,0.38159999
1482,2014,0.38960001
1482,2015,0.36750001
1482,2016,0.36179999
1482,2017,0.40880001
1482,2018,0.4174
1482,2019,0.41850001
1482,2020,0.38029999
1482,2021,0.38319999
1482,2022,0.40110001
1482,2023,0.4156
1482,2024,0.41690001
1482,2025,0.43130001
1484,2006,0.4436
1484,2007,0.3874
1484,2008,0.38909999
1484,2009,0.3946
1484,2010,0.38029999
1484,2011,0.41980001
1484,2012,0.4145
1484,2013,0.4219
1484,2014,0.42550001
1484,2015,0.37279999
1484,2016,0.33129999
1484,2017,0.3484
1484,2018,0.34869999
1484,2019,0.3328
1484,2020,0.29789999
1484,2021,0.2983
1484,2022,0.33270001
1484,2023,0.43509999
1484,2024,0.45120001
1484,2025,0.47839999
1485,2006,0.46419999
1485,2007,0.41620001
1485,2008,0.4296
1485,2009,0.38330001
1485,2010,0.39250001
1485,2011,0.4147
1485,2012,0.40439999
1485,2013,0.40290001
1485,2014,0.40270001
1485,2015,0.41299999
1485,2016,0.4005
1485,2017,0.40650001
1485,2018,0.4082
1485,2019,0.41460001
1485,2020,0.37740001
1485,2021,0.38890001
1485,2022,0.38710001
1485,2023,0.40549999
1485,2024,0.42199999
1485,2025,0.4285
1486,2006,0.39129999
1486,2007,0.35679999
1486,2008,0.38299999
1486,2009,0.3752
1486,2010,0.35659999
1486,2011,0.37
1486,2012,0.35730001
1486,2013,0.347
1486,2014,0.3599
1486,2015,0.3256
1486,2016,0.30149999
1486,2017,0.30270001
1486,2018,0.3039
1486,2019,0.30739999
1486,2020,0.2845
1486,2021,0.2879
1486,2022,0.2947
1486,2023,0.3908
1486,2024,0.41659999
1486,2025,0.43169999
1487,2006,0.41350001
1487,2007,0.36629999
1487,2008,0.38229999
1487,2009,0.38859999
1487,2010,0.38499999
1487,2011,0.38370001
1487,2012,0.40180001
1487,2013,0.38850001
1487,2014,0.4061
1487,2015,0.40580001
1487,2016,0.39950001
1487,2017,0.40939999
1487,2018,0.4147
1487,2019,0.42019999
1487,2020,0.38060001
1487,2021,0.3944
1487,2022,0.4066
1487,2023,0.42429999
1487,2024,0.4359
1487,2025,0.42680001
1488,2006,0.41440001
1488,2007,0.3858
1488,2008,0.3926
1488,2009,0.3888
1488,2010,0.36399999
1488,2011,0.37990001
1488,2012,0.38550001
1488,2013,0.3752
1488,2014,0.38710001
1488,2015,0.3973
1488,2016,0.39559999
1488,2017,0.39820001
1488,2018,0.39030001
1488,2019,0.39789999
1488,2020,0.36520001
1488,2021,0.3653
1488,2022,0.36930001
1488,2023,0.38949999
1488,2024,0.4039
1488,2025,0.38909999
1489,2006,0.46129999
1489,2007,0.39019999
1489,2008,0.39210001
1489,2009,0.3924
1489,2010,0.40090001
1489,2011,0.41370001
1489,2012,0.3867
1489,2013,0.41859999
1489,2014,0.428
1489,2015,0.42660001
1489,2016,0.41209999
1489,2017,0.42070001
1489,2018,0.41150001
1489,2019,0.40790001
1489,2020,0.3739
1489,2021,0.37470001
1489,2022,0.39520001
1489,2023,0.4145
1489,2024,0.40779999
1489,2025,0.4237
1490,2006,0.456
1490,2007,0.37760001
1490,2008,0.39579999
1490,2009,0.41670001
1490,2010,0.38209999
1490,2011,0.3951
1490,2012,0.38999999
1490,2013,0.40560001
1490,2014,0.40619999
1490,2015,0.41409999
1490,2016,0.4152
1490,2017,0.42160001
1490,2018,0.412
1490,2019,0.4147
1490,2020,0.36790001
1490,2021,0.3802
1490,2022,0.38980001
1490,2023,0.40180001
1490,2024,0.38999999
1490,2025,0.39539999
1491,2006,0.32359999
1491,2007,0.31220001
1491,2008,0.31850001
1491,2009,0.3308
1491,2010,0.3353
1491,2011,0.34150001
1491,2012,0.3326
1491,2013,0.34959999
1491,2014,0.34240001
1491,2015,0.37130001
1491,2016,0.36989999
1491,2017,0.3752
1491,2018,0.3973
1491,2019,0.38780001
1491,2020,0.34799999
1491,2021,0.3531
1491,2022,0.373
1491,2023,0.39179999
1491,2024,0.36669999
1491,2025,0.37650001
1492,2006,0.37920001
1492,2007,0.3319
1492,2008,0.3689
1492,2009,0.3425
1492,2010,0.33559999
1492,2011,0.3644
1492,2012,0.36160001
1492,2013,0.3707
1492,2014,0.35620001
1492,2015,0.34979999
1492,2016,0.3048
1492,2017,0.30939999
1492,2018,0.30899999
1492,2019,0.31650001
1492,2020,0.29429999
1492,2021,0.28560001
1492,2022,0.3154
1492,2023,0.41589999
1492,2024,0.41690001
1492,2025,0.39570001
1493,2006,0.40759999
1493,2007,0.38080001
1493,2008,0.37200001
1493,2009,0.37810001
1493,2010,0.39820001
1493,2011,0.39809999
1493,2012,0.3655
1493,2013,0.3795
1493,2014,0.39669999
1493,2015,0.41080001
1493,2016,0.40310001
1493,2017,0.41150001
1493,2018,0.41510001
1493,2019,0.41150001
1493,2020,0.36970001
1493,2021,0.39399999
1493,2022,0.41330001
1493,2023,0.41679999
1493,2024,0.42199999
1493,2025,0.41100001
1494,2006,0.4445
1494,2007,0.3698
1494,2008,0.4075
1494,2009,0.42109999
1494,2010,0.4066
1494,2011,0.4411
1494,2012,0.38980001
1494,2013,0.38319999
1494,2014,0.4163
1494,2015,0.40189999
1494,2016,0.3976
1494,2017,0.40700001
1494,2018,0.4057
1494,2019,0.4122
1494,2020,0.3829
1494,2021,0.39160001
1494,2022,0.40849999
1494,2023,0.4161
1494,2024,0.39989999
1494,2025,0.3888
1495,2006,0.3946
1495,2007,0.35769999
1495,2008,0.3856
1495,2009,0.38370001
1495,2010,0.37889999
1495,2011,0.38249999
1495,2012,0.36590001
1495,2013,0.37369999
1495,2014,0.3998
1495,2015,0.4039
1495,2016,0.41679999
1495,2017,0.42320001
1495,2018,0.41060001
1495,2019,0.42070001
1495,2020,0.39539999
1495,2021,0.40779999
1495,2022,0.41960001
1495,2023,0.43329999
1495,2024,0.4181
1495,2025,0.4152
1496,2006,0.4109
1496,2007,0.3689
1496,2008,0.38190001
1496,2009,0.37830001
1496,2010,0.39320001
1496,2011,0.3996
1496,2012,0.35929999
1496,2013,0.39539999
1496,2014,0.40470001
1496,2015,0.4152
1496,2016,0.426
1496,2017,0.42230001
1496,2018,0.4332
1496,2019,0.42469999
1496,2020,0.38789999
1496,2021,0.41
1496,2022,0.41710001
1496,2023,0.4298
1496,2024,0.42919999
1496,2025,0.41960001
1497,2006,0.36719999
1497,2007,0.34349999
1497,2008,0.36840001
1497,2009,0.35440001
1497,2010,0.3653
1497,2011,0.37360001
1497,2012,0.3457
1497,2013,0.37369999
1497,2014,0.38170001
1497,2015,0.39129999
1497,2016,0.39070001
1497,2017,0.39789999
1497,2018,0.41980001
1497,2019,0.42519999
1497,2020,0.39449999
1497,2021,0.38940001
1497,2022,0.40450001
1497,2023,0.4262
1497,2024,0.43279999
1497,2025,0.419
1498,2006,0.36340001
1498,2007,0.3355
1498,2008,0.35530001
1498,2009,0.3524
1498,2010,0.36140001
1498,2011,0.37110001
1498,2012,0.34830001
1498,2013,0.37200001
1498,2014,0.3664
1498,2015,0.38800001
1498,2016,0.3854
1498,2017,0.39669999
1498,2018,0.40540001
1498,2019,0.40549999
1498,2020,0.36750001
1498,2021,0.414
1498,2022,0.40599999
1498,2023,0.4188
1498,2024,0.42469999
1498,2025,0.42989999
1499,2006,0.39019999
1499,2007,0.36219999
1499,2008,0.36590001
1499,2009,0.37259999
1499,2010,0.3664
1499,2011,0.38550001
1499,2012,0.35389999
1499,2013,0.3732
1499,2014,0.3788
1499,2015,0.39230001
1499,2016,0.39840001
1499,2017,0.40270001
1499,2018,0.39950001
1499,2019,0.39989999
1499,2020,0.36809999
1499,2021,0.38859999
1499,2022,0.38929999
1499,2023,0.40990001
1499,2024,0.39910001
1499,2025,0.3901
1715,2006,0.3635
1715,2007,0.37509999
1715,2008,0.40939999
1715,2009,0.38999999
1715,2010,0.4048
1715,2011,0.3978
1715,2012,0.4382
1715,2013,0.4303
1715,2014,0.43720001
1715,2015,0.4513
1715,2016,0.4619
1715,2017,0.4637
1715,2018,0.46090001
1715,2019,0.45019999
1715,2020,0.42379999
1715,2021,0.42590001
1715,2022,0.43349999
1715,2023,0.41940001
1715,2024,0.46329999
1715,2025,0.44580001
1730,2006,0.255
1730,2007,0.30669999
1730,2008,0.32749999
1730,2009,0.3585
1730,2010,0.39050001
1730,2011,0.38010001
1730,2012,0.3951
1730,2013,0.41580001
1730,2014,0.4183
1730,2015,0.4226
1730,2016,0.4165
1730,2017,0.41350001
1730,2018,0.41240001
1730,2019,0.42320001
1730,2020,0.37450001
1730,2021,0.39210001
1730,2022,0.40990001
1730,2023,0.43009999
1730,2024,0.4303
1730,2025,0.42160001
1737,2006,0.23909999
1737,2007,0.27489999
1737,2008,0.2969
1737,2009,0.39480001
1737,2010,0.4138
1737,2011,0.42070001
1737,2012,0.31009999
1737,2013,0.45969999
1737,2014,0.47749999
1737,2015,0.47760001
1737,2016,0.47209999
1737,2017,0.49959999
1737,2018,0.49950001
1737,2019,0.49169999
1737,2020,0.44639999
1737,2021,0.4576
1737,2022,0.4535
1737,2023,0.45460001
1737,2024,0.49360001
1737,2025,0.4892
1760,2006,0.31400001
1760,2007,0.3242
1760,2008,0.34599999
1760,2009,0.37619999
1760,2010,0.4183
1760,2011,0.43200001
1760,2012,0.42860001
1760,2013,0.4012
1760,2014,0.4393
1760,2015,0.44589999
1760,2016,0.4384
1760,2017,0.4526
1760,2018,0.43799999
1760,2019,0.442
1760,2020,0.40239999
1760,2021,0.42469999
1760,2022,0.4526
1760,2023,0.472
1760,2024,0.49720001
1760,2025,0.49149999
1761,2006,0.33950001
1761,2007,0.37599999
1761,2008,0.405
1761,2009,0.38800001
1761,2010,0.3892
1761,2011,0.373
1761,2012,0.41080001
1761,2013,0.40540001
1761,2014,0.40889999
1761,2015,0.4041
1761,2016,0.419
1761,2017,0.4357
1761,2018,0.4136
1761,2019,0.4156
1761,2020,0.3757
1761,2021,0.3858
1761,2022,0.40220001
1761,2023,0.41190001
1761,2024,0.41240001
1761,2025,0.41280001
1762,2006,0.308
1762,2007,0.3443
1762,2008,0.35980001
1762,2009,0.3788
1762,2010,0.4007
1762,2011,0.389
1762,2012,0.35969999
1762,2013,0.44479999
1762,2014,0.46720001
1762,2015,0.43990001
1762,2016,0.43669999
1762,2017,0.45320001
1762,2018,0.4427
1762,2019,0.43220001
1762,2020,0.39660001
1762,2021,0.3942
1762,2022,0.4165
1762,2023,0.41479999
1762,2024,0.41780001
1762,2025,0.4262
1763,2006,0.3468
1763,2007,0.37020001
1763,2008,0.41639999
1763,2009,0.39039999
1763,2010,0.3888
1763,2011,0.38
1763,2012,0.41859999
1763,2013,0.41350001
1763,2014,0.42359999
1763,2015,0.44119999
1763,2016,0.44499999
1763,2017,0.43309999
1763,2018,0.43610001
1763,2019,0.4483
1763,2020,0.4084
1763,2021,0.41749999
1763,2022,0.42019999
1763,2023,0.41280001
1763,2024,0.4578
1763,2025,0.46419999
1764,2006,0.37529999
1764,2007,0.35600001
1764,2008,0.4023
1764,2009,0.3716
1764,2010,0.4077
1764,2011,0.3872
1764,2012,0.4409
1764,2013,0.41729999
1764,2014,0.42500001
1764,2015,0.42750001
1764,2016,0.43259999
1764,2017,0.43790001
1764,2018,0.44299999
1764,2019,0.44710001
1764,2020,0.40709999
1764,2021,0.41080001
1764,2022,0.42300001
1764,2023,0.43439999
1764,2024,0.4549
1764,2025,0.4601
1765,2006,0.28940001
1765,2007,0.29640001
1765,2008,0.33970001
1765,2009,0.34689999
1765,2010,0.37830001
1765,2011,0.34999999
1765,2012,0.368
1765,2013,0.37189999
1765,2014,0.38929999
1765,2015,0.39840001
1765,2016,0.38999999
1765,2017,0.39480001
1765,2018,0.38890001
1765,2019,0.39379999
1765,2020,0.3655
1765,2021,0.3757
1765,2022,0.3716
1765,2023,0.39019999
1765,2024,0.3944
1765,2025,0.42070001
1766,2006,0.249
1766,2007,0.27610001
1766,2008,0.30180001
1766,2009,0.35640001
1766,2010,0.3644
1766,2011,0.3599
1766,2012,0.296
1766,2013,0.41260001
1766,2014,0.42379999
1766,2015,0.42469999
1766,2016,0.42989999
1766,2017,0.4425
1766,2018,0.45199999
1766,2019,0.45829999
1766,2020,0.4181
1766,2021,0.419
1766,2022,0.4233
1766,2023,0.43419999
1766,2024,0.45640001
1766,2025,0.45789999
1780,2006,0.37599999
1780,2007,0.3989
1780,2008,0.4305
1780,2009,0.4109
1780,2010,0.4228
1780,2011,0.4034
1780,2012,0.4472
1780,2013,0.44150001
1780,2014,0.44350001
1780,2015,0.44530001
1780,2016,0.45519999
1780,2017,0.45930001
1780,2018,0.44569999
1780,2019,0.44229999
1780,2020,0.4059
1780,2021,0.40490001
1780,2022,0.41800001
1780,2023,0.42449999
1780,2024,0.44139999
1780,2025,0.43889999
1781,2006,0.25889999
1781,2007,0.26539999
1781,2008,0.3134
1781,2009,0.3448
1781,2010,0.42930001
1781,2011,0.42289999
1781,2012,0.43740001
1781,2013,0.4298
1781,2014,0.44369999
1781,2015,0.4382
1781,2016,0.4456
1781,2017,0.44760001
1781,2018,0.4445
1781,2019,0.442
1781,2020,0.40650001
1781,2021,0.4228
1781,2022,0.43959999
1781,2023,0.44029999
1781,2024,0.46399999
1781,2025,0.45719999
1782,2006,0.2843
1782,2007,0.31349999
1782,2008,0.34200001
1782,2009,0.34830001
1782,2010,0.39390001
1782,2011,0.38
1782,2012,0.4023
1782,2013,0.40000001
1782,2014,0.4016
1782,2015,0.41729999
1782,2016,0.41420001
1782,2017,0.42300001
1782,2018,0.4145
1782,2019,0.42140001
1782,2020,0.39559999
1782,2021,0.39829999
1782,2022,0.4023
1782,2023,0.42320001
1782,2024,0.44940001
1782,2025,0.44580001
1783,2006,0.235
1783,2007,0.27149999
1783,2008,0.29879999
1783,2009,0.37009999
1783,2010,0.39629999
1783,2011,0.38980001
1783,2012,0.32929999
1783,2013,0.4456
1783,2014,0.4391
1783,2015,0.46489999
1783,2016,0.47260001
1783,2017,0.48410001
1783,2018,0.48019999
1783,2019,0.46059999
1783,2020,0.42609999
1783,2021,0.43900001
1783,2022,0.43509999
1783,2023,0.45410001
1783,2024,0.47659999
1783,2025,0.47330001
1784,2006,0.26499999
1784,2007,0.3301
1784,2008,0.3576
1784,2009,0.3795
1784,2010,0.41260001
1784,2011,0.38159999
1784,2012,0.4262
1784,2013,0.458
1784,2014,0.44440001
1784,2015,0.45249999
1784,2016,0.44549999
1784,2017,0.45070001
1784,2018,0.45280001
1784,2019,0.45230001
1784,2020,0.41159999
1784,2021,0.42860001
1784,2022,0.43889999
1784,2023,0.4402
1784,2024,0.4614
1784,2025,0.46619999
1785,2006,0.36880001
1785,2007,0.27880001
1785,2008,0.38749999
1785,2009,0.324
1785,2010,0.37
1785,2011,0.36520001
1785,2012,0.39539999
1785,2013,0.39480001
1785,2014,0.4075
1785,2015,0.40560001
1785,2016,0.40709999
1785,2017,0.40259999
1785,2018,0.40810001
1785,2019,0.40149999
1785,2020,0.37040001
1785,2021,0.3734
1785,2022,0.3849
1785,2023,0.39649999
1785,2024,0.4172
1785,2025,0.42480001
1814,2006,0.3757
1814,2007,0.3662
1814,2008,0.36700001
1814,2009,0.36649999
1814,2010,0.39669999
1814,2011,0.4073
1814,2012,0.44049999
1814,2013,0.41339999
1814,2014,0.43200001
1814,2015,0.42199999
1814,2016,0.42770001
1814,2017,0.40779999
1814,2018,0.37760001
1814,2019,0.4077
1814,2020,0.38409999
1814,2021,0.3937
1814,2022,0.4188
1814,2023,0.43520001
1814,2024,0.42750001
1814,2025,0.4355
1860,2006,0.3917
1860,2007,0.38429999
1860,2008,0.39739999
1860,2009,0.41299999
1860,2010,0.42660001
1860,2011,0.42359999
1860,2012,0.43380001
1860,2013,0.41960001
1860,2014,0.4192
1860,2015,0.4391
1860,2016,0.44139999
1860,2017,0.4549
1860,2018,0.42050001
1860,2019,0.43560001
1860,2020,0.4206
1860,2021,0.43560001
1860,2022,0.4316
1860,2023,0.44510001
1860,2024,0.4294
1860,2025,0.43099999
1861,2006,0.38100001
1861,2007,0.38980001
1861,2008,0.39039999
1861,2009,0.3924
1861,2010,0.40239999
1861,2011,0.40939999
1861,2012,0.43439999
1861,2013,0.42449999
1861,2014,0.43560001
1861,2015,0.43040001
1861,2016,0.43290001
1861,2017,0.4093
1861,2018,0.4064
1861,2019,0.4242
1861,2020,0.4075
1861,2021,0.4337
1861,2022,0.4305
1861,2023,0.44569999
1861,2024,0.44679999
1861,2025,0.4596
1862,2006,0.48559999
1862,2007,0.50319999
1862,2008,0.4869
1862,2009,0.50349998
1862,2010,0.51279998
1862,2011,0.4842
1862,2012,0.48280001
1862,2013,0.46529999
1862,2014,0.4736
1862,2015,0.4883
1862,2016,0.4826
1862,2017,0.50300002
1862,2018,0.46900001
1862,2019,0.48949999
1862,2020,0.45879999
1862,2021,0.46849999
1862,2022,0.48249999
1862,2023,0.51090002
1862,2024,0.51069999
1862,2025,0.4991
1863,2006,0.3858
1863,2007,0.38150001
1863,2008,0.40000001
1863,2009,0.4102
1863,2010,0.41729999
1863,2011,0.41800001
1863,2012,0.42390001
1863,2013,0.41510001
1863,2014,0.41839999
1863,2015,0.4161
1863,2016,0.4258
1863,2017,0.42500001
1863,2018,0.42550001
1863,2019,0.4368
1863,2020,0.41280001
1863,2021,0.4434
1863,2022,0.4497
1863,2023,0.45359999
1863,2024,0.46830001
1863,2025,0.46219999
1864,2006,0.39669999
1864,2007,0.40880001
1864,2008,0.43630001
1864,2009,0.43740001
1864,2010,0.4463
1864,2011,0.43709999
1864,2012,0.4483
1864,2013,0.44440001
1864,2014,0.43000001
1864,2015,0.46689999
1864,2016,0.45609999
1864,2017,0.43509999
1864,2018,0.44330001
1864,2019,0.43979999
1864,2020,0.40200001
1864,2021,0.4384
1864,2022,0.44949999
1864,2023,0.46939999
1864,2024,0.46399999
1864,2025,0.46790001
1880,2006,0.38640001
1880,2007,0.3836
1880,2008,0.38949999
1880,2009,0.39379999
1880,2010,0.40490001
1880,2011,0.4386
1880,2012,0.4517
1880,2013,0.4413
1880,2014,0.44620001
1880,2015,0.4384
1880,2016,0.44190001
1880,2017,0.4244
1880,2018,0.4237
1880,2019,0.4364
1880,2020,0.42179999
1880,2021,0.43939999
1880,2022,0.44859999
1880,2023,0.4506
1880,2024,0.4474
1880,2025,0.45739999
1881,2006,0.35690001
1881,2007,0.36770001
1881,2008,0.3712
1881,2009,0.38010001
1881,2010,0.39160001
1881,2011,0.4059
1881,2012,0.42559999
1881,2013,0.41080001
1881,2014,0.4325
1881,2015,0.4258
1881,2016,0.42809999
1881,2017,0.41190001
1881,2018,0.42269999
1881,2019,0.4289
1881,2020,0.41119999
1881,2021,0.42899999
1881,2022,0.43430001
1881,2023,0.4632
1881,2024,0.45249999
1881,2025,0.4589
1882,2006,0.35569999
1882,2007,0.35260001
1882,2008,0.359
1882,2009,0.375
1882,2010,0.3725
1882,2011,0.37909999
1882,2012,0.4161
1882,2013,0.40270001
1882,2014,0.40509999
1882,2015,0.3962
1882,2016,0.40689999
1882,2017,0.41209999
1882,2018,0.4152
1882,2019,0.42739999
1882,2020,0.40709999
1882,2021,0.42019999
1882,2022,0.42899999
1882,2023,0.45320001
1882,2024,0.45280001
1882,2025,0.46200001
1883,2006,0.49110001
1883,2007,0.4971
1883,2008,0.50379997
1883,2009,0.49779999
1883,2010,0.50580001
1883,2011,0.47799999
1883,2012,0.47999999
1883,2013,0.47440001
1883,2014,0.47929999
1883,2015,0.50040001
1883,2016,0.50010002
1883,2017,0.5011
1883,2018,0.48480001
1883,2019,0.48750001
1883,2020,0.4497
1883,2021,0.47319999
1883,2022,0.48030001
1883,2023,0.49849999
1883,2024,0.4885
1883,2025,0.4962
1884,2006,0.41330001
1884,2007,0.41819999
1884,2008,0.41350001
1884,2009,0.41429999
1884,2010,0.43079999
1884,2011,0.4233
1884,2012,0.43110001
1884,2013,0.43020001
1884,2014,0.44330001
1884,2015,0.44350001
1884,2016,0.4427
1884,2017,0.43709999
1884,2018,0.43439999
1884,2019,0.454
1884,2020,0.42840001
1884,2021,0.4508
1884,2022,0.4562
1884,2023,0.4754
1884,2024,0.46709999
1884,2025,0.47760001
1885,2006,0.44369999
1885,2007,0.45050001
1885,2008,0.46200001
1885,2009,0.4585
1885,2010,0.4648
1885,2011,0.45429999
1885,2012,0.45860001
1885,2013,0.4598
1885,2014,0.47229999
1885,2015,0.46000001
1885,2016,0.47639999
1885,2017,0.46959999
1885,2018,0.4711
1885,2019,0.47639999
1885,2020,0.4474
1885,2021,0.4779
1885,2022,0.48289999
1885,2023,0.49599999
1885,2024,0.4844
1885,2025,0.48500001
1904,2006,0.3581
1904,2007,0.3777
1904,2008,0.39520001
1904,2009,0.37819999
1904,2010,0.3897
1904,2011,0.42340001
1904,2012,0.4452
1904,2013,0.4386
1904,2014,0.4197
1904,2015,0.43169999
1904,2016,0.45989999
1904,2017,0.46630001
1904,2018,0.45190001
1904,2019,0.44569999
1904,2020,0.43419999
1904,2021,0.45320001
1904,2022,0.4677
1904,2023,0.47330001
1904,2024,0.47229999
1904,2025,0.4761
1907,2006,0.36660001
1907,2007,0.36930001
1907,2008,0.36880001
1907,2009,0.38159999
1907,2010,0.3831
1907,2011,0.41420001
1907,2012,0.43290001
1907,2013,0.4188
1907,2014,0.43489999
1907,2015,0.44240001
1907,2016,0.42860001
1907,2017,0.4269
1907,2018,0.4253
1907,2019,0.42879999
1907,2020,0.40990001
1907,2021,0.4553
1907,2022,0.47130001
1907,2023,0.48300001
1907,2024,0.48390001
1907,2025,0.48289999
1960,2006,0.39950001
1960,2007,0.40459999
1960,2008,0.44350001
1960,2009,0.42300001
1960,2010,0.39809999
1960,2011,0.42089999
1960,2012,0.44
1960,2013,0.43040001
1960,2014,0.40810001
1960,2015,0.42910001
1960,2016,0.43000001
1960,2017,0.43340001
1960,2018,0.44350001
1960,2019,0.4303
1960,2020,0.4109
1960,2021,0.4298
1960,2022,0.42629999
1960,2023,0.43689999
1960,2024,0.44150001
1960,2025,0.43939999
1961,2006,0.36149999
1961,2007,0.37439999
1961,2008,0.39050001
1961,2009,0.4016
1961,2010,0.3994
1961,2011,0.42449999
1961,2012,0.46900001
1961,2013,0.46349999
1961,2014,0.47729999
1961,2015,0.456
1961,2016,0.44409999
1961,2017,0.43900001
1961,2018,0.4278
1961,2019,0.42539999
1961,2020,0.43439999
1961,2021,0.45039999
1961,2022,0.46700001
1961,2023,0.4763
1961,2024,0.48010001
1961,2025,0.48140001
1962,2006,0.33849999
1962,2007,0.33939999
1962,2008,0.36359999
1962,2009,0.3653
1962,2010,0.3486
1962,2011,0.38049999
1962,2012,0.39039999
1962,2013,0.41119999
1962,2014,0.41460001
1962,2015,0.41710001
1962,2016,0.43180001
1962,2017,0.44749999
1962,2018,0.44530001
1962,2019,0.4562
1962,2020,0.43509999
1962,2021,0.43239999
1962,2022,0.46849999
1962,2023,0.4964
1962,2024,0.50419998
1962,2025,0.5133
1980,2006,0.38150001
1980,2007,0.39359999
1980,2008,0.3962
1980,2009,0.40149999
1980,2010,0.40349999
1980,2011,0.4535
1980,2012,0.47389999
1980,2013,0.46630001
1980,2014,0.46939999
1980,2015,0.46349999
1980,2016,0.44150001
1980,2017,0.43779999
1980,2018,0.43290001
1980,2019,0.433
1980,2020,0.44100001
1980,2021,0.4639
1980,2022,0.4761
1980,2023,0.47580001
1980,2024,0.48120001
1980,2025,0.48730001
1981,2006,0.39449999
1981,2007,0.4059
1981,2008,0.4228
1981,2009,0.42089999
1981,2010,0.42089999
1981,2011,0.44060001
1981,2012,0.44870001
1981,2013,0.442
1981,2014,0.45660001
1981,2015,0.44909999
1981,2016,0.44549999
1981,2017,0.43849999
1981,2018,0.42120001
1981,2019,0.43830001
1981,2020,0.42129999
1981,2021,0.4465
1981,2022,0.45770001
1981,2023,0.46000001
1981,2024,0.46090001
1981,2025,0.4806
1982,2006,0.35659999
1982,2007,0.3705
1982,2008,0.37329999
1982,2009,0.38429999
1982,2010,0.3669
1982,2011,0.391
1982,2012,0.3978
1982,2013,0.4161
1982,2014,0.42089999
1982,2015,0.4091
1982,2016,0.43619999
1982,2017,0.45039999
1982,2018,0.43430001
1982,2019,0.43830001
1982,2020,0.43529999
1982,2021,0.45429999
1982,2022,0.4533
1982,2023,0.45300001
1982,2024,0.46219999
1982,2025,0.45629999
1983,2006,0.42559999
1983,2007,0.4305
1983,2008,0.44319999
1983,2009,0.4149
1983,2010,0.40720001
1983,2011,0.4267
1983,2012,0.45390001
1983,2013,0.45989999
1983,2014,0.43470001
1983,2015,0.44980001
1983,2016,0.4571
1983,2017,0.44440001
1983,2018,0.44220001
1983,2019,0.43869999
1983,2020,0.41729999
1983,2021,0.44350001
1983,2022,0.4558
1983,2023,0.45410001
1983,2024,0.46169999
1983,2025,0.47040001
1984,2006,0.4152
1984,2007,0.4269
1984,2008,0.43669999
1984,2009,0.41850001
1984,2010,0.39910001
1984,2011,0.42519999
1984,2012,0.44060001
1984,2013,0.4395
1984,2014,0.4242
1984,2015,0.4384
1984,2016,0.44049999
1984,2017,0.4427
1984,2018,0.43669999
1984,2019,0.43329999
1984,2020,0.4294
1984,2021,0.44600001
1984,2022,0.4567
1984,2023,0.4589
1984,2024,0.4648
1984,2025,0.46219999
2021,2006,0.3427
2021,2007,0.37920001
2021,2008,0.36039999
2021,2009,0.37020001
2021,2010,0.375
2021,2011,0.38589999
2021,2012,0.38859999
2021,2013,0.39340001
2021,2014,0.3935
2021,2015,0.4183
2021,2016,0.4127
2021,2017,0.42030001
2021,2018,0.42199999
2021,2019,0.4217
2021,2020,0.37099999
2021,2021,0.40759999
2021,2022,0.42109999
2021,2023,0.43340001
2021,2024,0.43610001
2021,2025,0.4411
2023,2006,0.34220001
2023,2007,0.36489999
2023,2008,0.34909999
2023,2009,0.35299999
2023,2010,0.3486
2023,2011,0.3662
2023,2012,0.35839999
2023,2013,0.36399999
2023,2014,0.3759
2023,2015,0.4016
2023,2016,0.38690001
2023,2017,0.39179999
2023,2018,0.3955
2023,2019,0.3985
2023,2020,0.34799999
2023,2021,0.37670001
2023,2022,0.37419999
2023,2023,0.3899
2023,2024,0.37580001
2023,2025,0.38710001
2026,2006,0.38859999
2026,2007,0.3786
2026,2008,0.3897
2026,2009,0.40110001
2026,2010,0.4032
2026,2011,0.41139999
2026,2012,0.39050001
2026,2013,0.3987
2026,2014,0.41370001
2026,2015,0.42320001
2026,2016,0.42469999
2026,2017,0.4233
2026,2018,0.42719999
2026,2019,0.4249
2026,2020,0.39539999
2026,2021,0.40149999
2026,2022,0.4172
2026,2023,0.4228
2026,2024,0.4382
2026,2025,0.4393
2029,2006,0.3739
2029,2007,0.3917
2029,2008,0.39140001
2029,2009,0.40079999
2029,2010,0.40239999
2029,2011,0.40220001
2029,2012,0.4014
2029,2013,0.3942
2029,2014,0.40189999
2029,2015,0.421
2029,2016,0.40529999
2029,2017,0.41159999
2029,2018,0.41769999
2029,2019,0.41960001
2029,2020,0.37540001
2029,2021,0.40560001
2029,2022,0.41049999
2029,2023,0.42629999
2029,2024,0.4307
2029,2025,0.43720001
2031,2006,0.3748
2031,2007,0.38609999
2031,2008,0.38780001
2031,2009,0.40889999
2031,2010,0.41589999
2031,2011,0.44949999
2031,2012,0.44670001
2031,2013,0.45039999
2031,2014,0.4601
2031,2015,0.4729
2031,2016,0.4569
2031,2017,0.44780001
2031,2018,0.4569
2031,2019,0.45879999
2031,2020,0.4041
2031,2021,0.43720001
2031,2022,0.4366
2031,2023,0.45500001
2031,2024,0.45519999
2031,2025,0.47220001
2034,2006,0.41499999
2034,2007,0.45559999
2034,2008,0.4393
2034,2009,0.43470001
2034,2010,0.42820001
2034,2011,0.442
2034,2012,0.44530001
2034,2013,0.4465
2034,2014,0.4657
2034,2015,0.51459998
2034,2016,0.48719999
2034,2017,0.46869999
2034,2018,0.4862
2034,2019,0.47049999
2034,2020,0.4307
2034,2021,0.46619999
2034,2022,0.46329999
2034,2023,0.4553
2034,2024,0.4851
2034,2025,0.47999999
2039,2006,0.32539999
2039,2007,0.33000001
2039,2008,0.3475
2039,2009,0.35159999
2039,2010,0.3576
2039,2011,0.35800001
2039,2012,0.3608
2039,2013,0.37220001
2039,2014,0.3899
2039,2015,0.41769999
2039,2016,0.40369999
2039,2017,0.4014
2039,2018,0.3942
2039,2019,0.39840001
2039,2020,0.3522
2039,2021,0.38499999
2039,2022,0.38510001
2039,2023,0.40099999
2039,2024,0.40830001
2039,2025,0.42950001
2061,2006,0.3536
2061,2007,0.34540001
2061,2008,0.3757
2061,2009,0.37729999
2061,2010,0.3955
2061,2011,0.3969
2061,2012,0.39410001
2061,2013,0.39989999
2061,2014,0.4057
2061,2015,0.41240001
2061,2016,0.3964
2061,2017,0.4012
2061,2018,0.40979999
2061,2019,0.4082
2061,2020,0.37979999
2061,2021,0.3906
2061,2022,0.39410001
2061,2023,0.3953
2061,2024,0.37079999
2061,2025,0.38249999
2062,2006,0.4298
2062,2007,0.45320001
2062,2008,0.45379999
2062,2009,0.45269999
2062,2010,0.4501
2062,2011,0.45179999
2062,2012,0.44890001
2062,2013,0.47420001
2062,2014,0.48769999
2062,2015,0.50849998
2062,2016,0.49759999
2062,2017,0.4804
2062,2018,0.4822
2062,2019,0.4835
2062,2020,0.42629999
2062,2021,0.4413
2062,2022,0.44999999
2062,2023,0.4513
2062,2024,0.46070001
2062,2025,0.4693
2080,2006,0.42210001
2080,2007,0.41479999
2080,2008,0.42910001
2080,2009,0.4289
2080,2010,0.433
2080,2011,0.4522
2080,2012,0.4364
2080,2013,0.42789999
2080,2014,0.43220001
2080,2015,0.4501
2080,2016,0.44010001
2080,2017,0.4391
2080,2018,0.44310001
2080,2019,0.4492
2080,2020,0.4104
2080,2021,0.43000001
2080,2022,0.43599999
2080,2023,0.4463
2080,2024,0.442
2080,2025,0.45019999
2081,2006,0.41139999
2081,2007,0.4127
2081,2008,0.42140001
2081,2009,0.41819999
2081,2010,0.4161
2081,2011,0.426
2081,2012,0.40799999
2081,2013,0.41530001
2081,2014,0.4172
2081,2015,0.43689999
2081,2016,0.4172
2081,2017,0.4161
2081,2018,0.4199
2081,2019,0.43200001
2081,2020,0.39160001
2081,2021,0.41029999
2081,2022,0.4183
2081,2023,0.4271
2081,2024,0.42969999
2081,2025,0.43939999
2082,2006,0.3804
2082,2007,0.39879999
2082,2008,0.38850001
2082,2009,0.38980001
2082,2010,0.38060001
2082,2011,0.39489999
2082,2012,0.39770001
2082,2013,0.3856
2082,2014,0.38280001
2082,2015,0.40709999
2082,2016,0.40310001
2082,2017,0.40369999
2082,2018,0.41850001
2082,2019,0.4199
2082,2020,0.39610001
2082,2021,0.4113
2082,2022,0.41949999
2082,2023,0.42559999
2082,2024,0.42289999
2082,2025,0.43520001
2083,2006,0.39649999
2083,2007,0.39610001
2083,2008,0.3996
2083,2009,0.42230001
2083,2010,0.4152
2083,2011,0.4152
2083,2012,0.398
2083,2013,0.42570001
2083,2014,0.42770001
2083,2015,0.43000001
2083,2016,0.42680001
2083,2017,0.4235
2083,2018,0.43979999
2083,2019,0.43009999
2083,2020,0.39320001
2083,2021,0.41549999
2083,2022,0.43009999
2083,2023,0.44440001
2083,2024,0.45919999
2083,2025,0.46059999
2084,2006,0.43669999
2084,2007,0.42429999
2084,2008,0.42120001
2084,2009,0.435
2084,2010,0.4551
2084,2011,0.41510001
2084,2012,0.40439999
2084,2013,0.42559999
2084,2014,0.4355
2084,2015,0.43450001
2084,2016,0.42410001
2084,2017,0.4384
2084,2018,0.4382
2084,2019,0.44459999
2084,2020,0.38800001
2084,2021,0.42629999
2084,2022,0.44409999
2084,2023,0.46270001
2084,2024,0.46630001
2084,2025,0.4668
2085,2006,0.36539999
2085,2007,0.3698
2085,2008,0.35800001
2085,2009,0.38029999
2085,2010,0.38530001
2085,2011,0.39430001
2085,2012,0.38240001
2085,2013,0.3944
2085,2014,0.41
2085,2015,0.40979999
2085,2016,0.3901
2085,2017,0.4066
2085,2018,0.41029999
2085,2019,0.40799999
2085,2020,0.38299999
2085,2021,0.38150001
2085,2022,0.38389999
2085,2023,0.38350001
2085,2024,0.37529999
2085,2025,0.3836
2101,2006,0.26899999
2101,2007,0.32390001
2101,2008,0.34119999
2101,2009,0.32519999
2101,2010,0.32190001
2101,2011,0.35260001
2101,2012,0.34979999
2101,2013,0.36860001
2101,2014,0.35440001
2101,2015,0.39629999
2101,2016,0.37279999
2101,2017,0.36269999
2101,2018,0.38460001
2101,2019,0.38909999
2101,2020,0.3554
2101,2021,0.3655
2101,2022,0.39520001
2101,2023,0.4165
2101,2024,0.4341
2101,2025,0.4066
2104,2006,0.31709999
2104,2007,0.33059999
2104,2008,0.37400001
2104,2009,0.38060001
2104,2010,0.38170001
2104,2011,0.41229999
2104,2012,0.39860001
2104,2013,0.40630001
2104,2014,0.3955
2104,2015,0.45469999
2104,2016,0.42809999
2104,2017,0.4131
2104,2018,0.42930001
2104,2019,0.4269
2104,2020,0.38820001
2104,2021,0.38569999
2104,2022,0.3994
2104,2023,0.4104
2104,2024,0.41839999
2104,2025,0.4179
2121,2006,0.29800001
2121,2007,0.32929999
2121,2008,0.33059999
2121,2009,0.33360001
2121,2010,0.3558
2121,2011,0.3849
2121,2012,0.34799999
2121,2013,0.34650001
2121,2014,0.35339999
2121,2015,0.3779
2121,2016,0.391
2121,2017,0.3872
2121,2018,0.3969
2121,2019,0.3994
2121,2020,0.37270001
2121,2021,0.38569999
2121,2022,0.3994
2121,2023,0.42379999
2121,2024,0.43689999
2121,2025,0.45039999
2132,2006,0.35120001
2132,2007,0.35589999
2132,2008,0.38909999
2132,2009,0.40369999
2132,2010,0.41350001
2132,2011,0.41800001
2132,2012,0.43279999
2132,2013,0.4003
2132,2014,0.4077
2132,2015,0.44279999
2132,2016,0.447
2132,2017,0.43720001
2132,2018,0.43709999
2132,2019,0.4418
2132,2020,0.41499999
2132,2021,0.40790001
2132,2022,0.43130001
2132,2023,0.43000001
2132,2024,0.4571
2132,2025,0.43799999
2161,2006,0.33399999
2161,2007,0.32879999
2161,2008,0.33309999
2161,2009,0.3452
2161,2010,0.34850001
2161,2011,0.3554
2161,2012,0.35659999
2161,2013,0.36199999
2161,2014,0.3642
2161,2015,0.39809999
2161,2016,0.39050001
2161,2017,0.38159999
2161,2018,0.37920001
2161,2019,0.37369999
2161,2020,0.35910001
2161,2021,0.37020001
2161,2022,0.38530001
2161,2023,0.4066
2161,2024,0.4235
2161,2025,0.4003
2180,2006,0.3321
2180,2007,0.3743
2180,2008,0.4149
2180,2009,0.40709999
2180,2010,0.41010001
2180,2011,0.4312
2180,2012,0.41800001
2180,2013,0.41589999
2180,2014,0.41890001
2180,2015,0.44639999
2180,2016,0.4386
2180,2017,0.43180001
2180,2018,0.43399999
2180,2019,0.4409
2180,2020,0.40889999
2180,2021,0.41639999
2180,2022,0.4262
2180,2023,0.43220001
2180,2024,0.44299999
2180,2025,0.4298
2181,2006,0.3114
2181,2007,0.3382
2181,2008,0.36629999
2181,2009,0.37279999
2181,2010,0.3777
2181,2011,0.39309999
2181,2012,0.39199999
2181,2013,0.38080001
2181,2014,0.38080001
2181,2015,0.42129999
2181,2016,0.41530001
2181,2017,0.405
2181,2018,0.4048
2181,2019,0.41319999
2181,2020,0.38960001
2181,2021,0.39750001
2181,2022,0.40700001
2181,2023,0.419
2181,2024,0.42860001
2181,2025,0.4129
2182,2006,0.31670001
2182,2007,0.33939999
2182,2008,0.3867
2182,2009,0.56959999
2182,2010,0.56870002
2182,2011,0.4012
2182,2012,0.3888
2182,2013,0.40239999
2182,2014,0.39930001
2182,2015,0.42899999
2182,2016,0.41299999
2182,2017,0.39770001
2182,2018,0.4061
2182,2019,0.4052
2182,2020,0.37979999
2182,2021,0.39969999
2182,2022,0.41240001
2182,2023,0.42500001
2182,2024,0.43560001
2182,2025,0.42730001
2183,2006,0.3398
2183,2007,0.35350001
2183,2008,0.37189999
2183,2009,0.37380001
2183,2010,0.37180001
2183,2011,0.4136
2183,2012,0.3664
2183,2013,0.35730001
2183,2014,0.36899999
2183,2015,0.40349999
2183,2016,0.4136
2183,2017,0.3978
2183,2018,0.4066
2183,2019,0.42160001
2183,2020,0.37959999
2183,2021,0.39230001
2183,2022,0.40439999
2183,2023,0.43000001
2183,2024,0.44069999
2183,2025,0.4718
2184,2006,0.3951
2184,2007,0.39480001
2184,2008,0.42930001
2184,2009,0.43349999
2184,2010,0.44350001
2184,2011,0.4409
2184,2012,0.4508
2184,2013,0.42109999
2184,2014,0.43040001
2184,2015,0.46129999
2184,2016,0.4542
2184,2017,0.44080001
2184,2018,0.44400001
2184,2019,0.44580001
2184,2020,0.4165
2184,2021,0.4253
2184,2022,0.44060001
2184,2023,0.472
2184,2024,0.48500001
2184,2025,0.46149999
2260,2006,0.3387
2260,2007,0.33579999
2260,2008,0.31909999
2260,2009,0.3344
2260,2010,0.33829999
2260,2011,0.3353
2260,2012,0.354
2260,2013,0.373
2260,2014,0.39320001
2260,2015,0.39489999
2260,2016,0.38240001
2260,2017,0.39269999
2260,2018,0.3976
2260,2019,0.40090001
2260,2020,0.35120001
2260,2021,0.36019999
2260,2022,0.3594
2260,2023,0.39140001
2260,2024,0.39989999
2260,2025,0.40810001
2262,2006,0.34830001
2262,2007,0.33610001
2262,2008,0.3423
2262,2009,0.35569999
2262,2010,0.35600001
2262,2011,0.3529
2262,2012,0.37470001
2262,2013,0.37560001
2262,2014,0.4048
2262,2015,0.4181
2262,2016,0.42410001
2262,2017,0.42500001
2262,2018,0.4289
2262,2019,0.42469999
2262,2020,0.4005
2262,2021,0.41240001
2262,2022,0.41769999
2262,2023,0.42359999
2262,2024,0.43270001
2262,2025,0.43700001
2280,2006,0.38420001
2280,2007,0.375
2280,2008,0.3777
2280,2009,0.36809999
2280,2010,0.4235
2280,2011,0.3691
2280,2012,0.41549999
2280,2013,0.4118
2280,2014,0.43920001
2280,2015,0.44909999
2280,2016,0.38299999
2280,2017,0.38150001
2280,2018,0.38859999
2280,2019,0.3743
2280,2020,0.36019999
2280,2021,0.38
2280,2022,0.37729999
2280,2023,0.39219999
2280,2024,0.39300001
2280,2025,0.39649999
2281,2006,0.37130001
2281,2007,0.3687
2281,2008,0.36230001
2281,2009,0.36809999
2281,2010,0.3644
2281,2011,0.37380001
2281,2012,0.39719999
2281,2013,0.40329999
2281,2014,0.43259999
2281,2015,0.43830001
2281,2016,0.433
2281,2017,0.43810001
2281,2018,0.43149999
2281,2019,0.435
2281,2020,0.39480001
2281,2021,0.40459999
2281,2022,0.41240001
2281,2023,0.4228
2281,2024,0.433
2281,2025,0.43040001
2282,2006,0.3847
2282,2007,0.39289999
2282,2008,0.4084
2282,2009,0.38820001
2282,2010,0.40959999
2282,2011,0.414
2282,2012,0.42519999
2282,2013,0.4271
2282,2014,0.44420001
2282,2015,0.4585
2282,2016,0.44459999
2282,2017,0.46700001
2282,2018,0.46110001
2282,2019,0.44960001
2282,2020,0.41620001
2282,2021,0.43560001
2282,2022,0.44940001
2282,2023,0.47819999
2282,2024,0.48390001
2282,2025,0.46079999
2283,2006,0.47999999
2283,2007,0.48730001
2283,2008,0.49200001
2283,2009,0.4736
2283,2010,0.4752
2283,2011,0.48390001
2283,2012,0.48949999
2283,2013,0.49959999
2283,2014,0.498
2283,2015,0.52240002
2283,2016,0.50440001
2283,2017,0.51300001
2283,2018,0.49200001
2283,2019,0.50410002
2283,2020,0.46720001
2283,2021,0.4711
2283,2022,0.49959999
2283,2023,0.50749999
2283,2024,0.52749997
2283,2025,0.50150001
2284,2006,0.4068
2284,2007,0.40200001
2284,2008,0.40540001
2284,2009,0.39820001
2284,2010,0.38659999
2284,2011,0.40369999
2284,2012,0.41940001
2284,2013,0.42210001
2284,2014,0.42089999
2284,2015,0.44060001
2284,2016,0.44069999
2284,2017,0.44569999
2284,2018,0.4587
2284,2019,0.45289999
2284,2020,0.4323
2284,2021,0.43869999
2284,2022,0.44350001
2284,2023,0.46160001
2284,2024,0.46880001
2284,2025,0.45719999
2303,2006,0.31110001
2303,2007,0.36660001
2303,2008,0.39210001
2303,2009,0.3915
2303,2010,0.40200001
2303,2011,0.39840001
2303,2012,0.4219
2303,2013,0.405
2303,2014,0.41499999
2303,2015,0.4086
2303,2016,0.40180001
2303,2017,0.43430001
2303,2018,0.4355
2303,2019,0.4402
2303,2020,0.40090001
2303,2021,0.39919999
2303,2022,0.4271
2303,2023,0.4402
2303,2024,0.44319999
2303,2025,0.45039999
2305,2006,0.3123
2305,2007,0.35030001
2305,2008,0.3626
2305,2009,0.35949999
2305,2010,0.37009999
2305,2011,0.35569999
2305,2012,0.37959999
2305,2013,0.36579999
2305,2014,0.37709999
2305,2015,0.38519999
2305,2016,0.39449999
2305,2017,0.4012
2305,2018,0.39700001
2305,2019,0.41870001
2305,2020,0.3714
2305,2021,0.382
2305,2022,0.3998
2305,2023,0.43059999
2305,2024,0.42829999
2305,2025,0.435
2309,2006,0.30520001
2309,2007,0.3414
2309,2008,0.3531
2309,2009,0.34009999
2309,2010,0.3567
2309,2011,0.3389
2309,2012,0.3502
2309,2013,0.36019999
2309,2014,0.38659999
2309,2015,0.3849
2309,2016,0.38150001
2309,2017,0.38620001
2309,2018,0.3838
2309,2019,0.40540001
2309,2020,0.3883
2309,2021,0.3845
2309,2022,0.39469999
2309,2023,0.4109
2309,2024,0.41069999
2309,2025,0.42199999
2313,2006,0.29820001
2313,2007,0.3141
2313,2008,0.3193
2313,2009,0.3213
2313,2010,0.33320001
2313,2011,0.33860001
2313,2012,0.34639999
2313,2013,0.3292
2313,2014,0.33970001
2313,2015,0.47099999
2313,2016,0.36129999
2313,2017,0.37900001
2313,2018,0.3809
2313,2019,0.38510001
2313,2020,0.3628
2313,2021,0.37619999
2313,2022,0.377
2313,2023,0.39539999
2313,2024,0.412
2313,2025,0.4228
2321,2006,0.26840001
2321,2007,0.29890001
2321,2008,0.303
2321,2009,0.30160001
2321,2010,0.31619999
2321,2011,0.31169999
2321,2012,0.33230001
2321,2013,0.3247
2321,2014,0.3497
2321,2015,0.3326
2321,2016,0.3484
2321,2017,0.3624
2321,2018,0.34729999
2321,2019,0.36899999
2321,2020,0.3409
2321,2021,0.34450001
2321,2022,0.34290001
2321,2023,0.37200001
2321,2024,0.37540001
2321,2025,0.3804
2326,2006,0.2881
2326,2007,0.32730001
2326,2008,0.33660001
2326,2009,0.32460001
2326,2010,0.3556
2326,2011,0.34169999
2326,2012,0.38119999
2326,2013,0.35620001
2326,2014,0.37740001
2326,2015,0.35080001
2326,2016,0.37639999
2326,2017,0.3881
2326,2018,0.3768
2326,2019,0.39039999
2326,2020,0.37419999
2326,2021,0.37779999
2326,2022,0.39050001
2326,2023,0.39320001
2326,2024,0.42860001
2326,2025,0.42739999
2361,2006,0.28279999
2361,2007,0.3197
2361,2008,0.29980001
2361,2009,0.29620001
2361,2010,0.3222
2361,2011,0.31459999
2361,2012,0.35010001
2361,2013,0.3206
2361,2014,0.34009999
2361,2015,0.32969999
2361,2016,0.34529999
2361,2017,0.3506
2361,2018,0.34009999
2361,2019,0.3461
2361,2020,0.32789999
2361,2021,0.34779999
2361,2022,0.35859999
2361,2023,0.37850001
2361,2024,0.39019999
2361,2025,0.38100001
2380,2006,0.34349999
2380,2007,0.39449999
2380,2008,0.39969999
2380,2009,0.38170001
2380,2010,0.41280001
2380,2011,0.39230001
2380,2012,0.42789999
2380,2013,0.42140001
2380,2014,0.44679999
2380,2015,0.43090001
2380,2016,0.44569999
2380,2017,0.44479999
2380,2018,0.4323
2380,2019,0.44549999
2380,2020,0.42210001
2380,2021,0.42829999
2380,2022,0.4314
2380,2023,0.44980001
2380,2024,0.4551
2380,2025,0.45469999
2401,2006,0.35440001
2401,2007,0.38589999
2401,2008,0.40709999
2401,2009,0.4016
2401,2010,0.4064
2401,2011,0.37959999
2401,2012,0.3856
2401,2013,0.39820001
2401,2014,0.39179999
2401,2015,0.43309999
2401,2016,0.4249
2401,2017,0.4233
2401,2018,0.42109999
2401,2019,0.43900001
2401,2020,0.43579999
2401,2021,0.43470001
2401,2022,0.42559999
2401,2023,0.4445
2401,2024,0.4402
2401,2025,0.42559999
2403,2006,0.34779999
2403,2007,0.40580001
2403,2008,0.43130001
2403,2009,0.38749999
2403,2010,0.4007
2403,2011,0.38420001
2403,2012,0.38839999
2403,2013,0.39969999
2403,2014,0.4091
2403,2015,0.42969999
2403,2016,0.4224
2403,2017,0.43200001
2403,2018,0.4321
2403,2019,0.42539999
2403,2020,0.38730001
2403,2021,0.40549999
2403,2022,0.41749999
2403,2023,0.43099999
2403,2024,0.42030001
2403,2025,0.4059
2404,2006,0.3581
2404,2007,0.43009999
2404,2008,0.45100001
2404,2009,0.4262
2404,2010,0.41240001
2404,2011,0.3933
2404,2012,0.40130001
2404,2013,0.40380001
2404,2014,0.38049999
2404,2015,0.4174
2404,2016,0.41339999
2404,2017,0.40779999
2404,2018,0.41170001
2404,2019,0.40549999
2404,2020,0.40880001
2404,2021,0.4145
2404,2022,0.42089999
2404,2023,0.42179999
2404,2024,0.43599999
2404,2025,0.43149999
2409,2006,0.3206
2409,2007,0.38049999
2409,2008,0.39700001
2409,2009,0.3892
2409,2010,0.384
2409,2011,0.39129999
2409,2012,0.38190001
2409,2013,0.4059
2409,2014,0.41460001
2409,2015,0.43000001
2409,2016,0.43709999
2409,2017,0.43399999
2409,2018,0.44620001
2409,2019,0.4463
2409,2020,0.40130001
2409,2021,0.3946
2409,2022,0.41460001
2409,2023,0.4174
2409,2024,0.45109999
2409,2025,0.42739999
2417,2006,0.28470001
2417,2007,0.39289999
2417,2008,0.41159999
2417,2009,0.42480001
2417,2010,0.3858
2417,2011,0.38859999
2417,2012,0.36500001
2417,2013,0.39309999
2417,2014,0.37169999
2417,2015,0.38569999
2417,2016,0.39809999
2417,2017,0.4007
2417,2018,0.3928
2417,2019,0.40509999
2417,2020,0.38659999
2417,2021,0.3847
2417,2022,0.3811
2417,2023,0.40360001
2417,2024,0.42919999
2417,2025,0.41440001
2418,2006,0.27739999
2418,2007,0.3247
2418,2008,0.33070001
2418,2009,0.33759999
2418,2010,0.31889999
2418,2011,0.3714
2418,2012,0.36309999
2418,2013,0.37940001
2418,2014,0.38319999
2418,2015,0.40689999
2418,2016,0.3946
2418,2017,0.43669999
2418,2018,0.40830001
2418,2019,0.41150001
2418,2020,0.38280001
2418,2021,0.3651
2418,2022,0.39430001
2418,2023,0.3996
2418,2024,0.40130001
2418,2025,0.41049999
2421,2006,0.26429999
2421,2007,0.3114
2421,2008,0.32120001
2421,2009,0.3405
2421,2010,0.32190001
2421,2011,0.35620001
2421,2012,0.34279999
2421,2013,0.3418
2421,2014,0.36719999
2421,2015,0.3748
2421,2016,0.36250001
2421,2017,0.39070001
2421,2018,0.38370001
2421,2019,0.40810001
2421,2020,0.36750001
2421,2021,0.40040001
2421,2022,0.37810001
2421,2023,0.39789999
2421,2024,0.4077
2421,2025,0.3951
2422,2006,0.30140001
2422,2007,0.34720001
2422,2008,0.33180001
2422,2009,0.34580001
2422,2010,0.32210001
2422,2011,0.35330001
2422,2012,0.3581
2422,2013,0.37349999
2422,2014,0.39089999
2422,2015,0.4138
2422,2016,0.3951
2422,2017,0.40709999
2422,2018,0.39120001
2422,2019,0.42140001
2422,2020,0.3673
2422,2021,0.4014
2422,2022,0.38620001
2422,2023,0.39359999
2422,2024,0.41229999
2422,2025,0.39629999
2425,2006,0.2357
2425,2007,0.2974
2425,2008,0.31209999
2425,2009,0.34670001
2425,2010,0.34099999
2425,2011,0.35510001
2425,2012,0.34819999
2425,2013,0.35350001
2425,2014,0.3502
2425,2015,0.4077
2425,2016,0.41729999
2425,2017,0.41690001
2425,2018,0.3863
2425,2019,0.39579999
2425,2020,0.3646
2425,2021,0.37329999
2425,2022,0.41569999
2425,2023,0.40630001
2425,2024,0.43810001
2425,2025,0.40189999
2460,2006,0.3506
2460,2007,0.44710001
2460,2008,0.4472
2460,2009,0.426
2460,2010,0.40869999
2460,2011,0.39390001
2460,2012,0.38260001
2460,2013,0.3802
2460,2014,0.39579999
2460,2015,0.41940001
2460,2016,0.4152
2460,2017,0.43290001
2460,2018,0.42860001
2460,2019,0.4224
2460,2020,0.4034
2460,2021,0.40720001
2460,2022,0.41499999
2460,2023,0.43830001
2460,2024,0.4436
2460,2025,0.43020001
2462,2006,0.27630001
2462,2007,0.31130001
2462,2008,0.322
2462,2009,0.35139999
2462,2010,0.33419999
2462,2011,0.3414
2462,2012,0.35370001
2462,2013,0.35249999
2462,2014,0.37110001
2462,2015,0.3856
2462,2016,0.38789999
2462,2017,0.38640001
2462,2018,0.39160001
2462,2019,0.3935
2462,2020,0.36950001
2462,2021,0.37490001
2462,2022,0.40110001
2462,2023,0.391
2462,2024,0.39489999
2462,2025,0.39160001
2463,2006,0.29519999
2463,2007,0.34940001
2463,2008,0.366
2463,2009,0.35859999
2463,2010,0.38
2463,2011,0.3752
2463,2012,0.37850001
2463,2013,0.37850001
2463,2014,0.37099999
2463,2015,0.39489999
2463,2016,0.41150001
2463,2017,0.41859999
2463,2018,0.37900001
2463,2019,0.42030001
2463,2020,0.38499999
2463,2021,0.41240001
2463,2022,0.41350001
2463,2023,0.40720001
2463,2024,0.42910001
2463,2025,0.3955
2480,2006,0.3493
2480,2007,0.44190001
2480,2008,0.44980001
2480,2009,0.4456
2480,2010,0.42649999
2480,2011,0.40990001
2480,2012,0.40020001
2480,2013,0.40020001
2480,2014,0.40189999
2480,2015,0.4298
2480,2016,0.42480001
2480,2017,0.43169999
2480,2018,0.42410001
2480,2019,0.42140001
2480,2020,0.40419999
2480,2021,0.4025
2480,2022,0.41029999
2480,2023,0.4156
2480,2024,0.42460001
2480,2025,0.41580001
2481,2006,0.35120001
2481,2007,0.4251
2481,2008,0.43200001
2481,2009,0.44800001
2481,2010,0.43419999
2481,2011,0.44299999
2481,2012,0.4316
2481,2013,0.44229999
2481,2014,0.45390001
2481,2015,0.48840001
2481,2016,0.461
2481,2017,0.4628
2481,2018,0.44240001
2481,2019,0.46349999
2481,2020,0.45629999
2481,2021,0.4657
2481,2022,0.484
2481,2023,0.45789999
2481,2024,0.49090001
2481,2025,0.48539999
2482,2006,0.3017
2482,2007,0.41600001
2482,2008,0.41870001
2482,2009,0.41060001
2482,2010,0.4093
2482,2011,0.41190001
2482,2012,0.41760001
2482,2013,0.42649999
2482,2014,0.42340001
2482,2015,0.4075
2482,2016,0.40700001
2482,2017,0.41780001
2482,2018,0.4163
2482,2019,0.4111
2482,2020,0.40090001
2482,2021,0.40619999
2482,2022,0.4111
2482,2023,0.414
2482,2024,0.42379999
2482,2025,0.4271
2505,2006,0.33199999
2505,2007,0.315
2505,2008,0.32390001
2505,2009,0.3017
2505,2010,0.31799999
2505,2011,0.33840001
2505,2012,0.32769999
2505,2013,0.315
2505,2014,0.30419999
2505,2015,0.35339999
2505,2016,0.34990001
2505,2017,0.33610001
2505,2018,0.32390001
2505,2019,0.3303
2505,2020,0.3118
2505,2021,0.3256
2505,2022,0.32159999
2505,2023,0.3405
2505,2024,0.32350001
2505,2025,0.3154
2506,2006,0.36000001
2506,2007,0.34830001
2506,2008,0.3423
2506,2009,0.33289999
2506,2010,0.3549
2506,2011,0.3436
2506,2012,0.3391
2506,2013,0.34639999
2506,2014,0.32480001
2506,2015,0.36660001
2506,2016,0.34279999
2506,2017,0.35249999
2506,2018,0.35030001
2506,2019,0.3441
2506,2020,0.30860001
2506,2021,0.3251
2506,2022,0.33360001
2506,2023,0.33680001
2506,2024,0.34110001
2506,2025,0.33329999
2510,2006,0.3312
2510,2007,0.36340001
2510,2008,0.35179999
2510,2009,0.3378
2510,2010,0.3387
2510,2011,0.3576
2510,2012,0.359
2510,2013,0.33899999
2510,2014,0.31220001
2510,2015,0.32620001
2510,2016,0.33329999
2510,2017,0.3461
2510,2018,0.3486
2510,2019,0.35749999
2510,2020,0.3292
2510,2021,0.3522
2510,2022,0.39050001
2510,2023,0.41339999
2510,2024,0.40650001
2510,2025,0.38190001
2513,2006,0.30559999
2513,2007,0.3565
2513,2008,0.35330001
2513,2009,0.35879999
2513,2010,0.336
2513,2011,0.38620001
2513,2012,0.36849999
2513,2013,0.33939999
2513,2014,0.29539999
2513,2015,0.3432
2513,2016,0.34099999
2513,2017,0.3373
2513,2018,0.3486
2513,2019,0.3538
2513,2020,0.32539999
2513,2021,0.33180001
2513,2022,0.36059999
2513,2023,0.39300001
2513,2024,0.3777
2513,2025,0.4061
2514,2006,0.3836
2514,2007,0.41600001
2514,2008,0.4228
2514,2009,0.4075
2514,2010,0.4014
2514,2011,0.4298
2514,2012,0.4366
2514,2013,0.405
2514,2014,0.3391
2514,2015,0.39700001
2514,2016,0.38479999
2514,2017,0.37419999
2514,2018,0.36449999
2514,2019,0.3696
2514,2020,0.34920001
2514,2021,0.35769999
2514,2022,0.37169999
2514,2023,0.39660001
2514,2024,0.4016
2514,2025,0.45590001
2518,2006,0.3328
2518,2007,0.3409
2518,2008,0.33230001
2518,2009,0.30509999
2518,2010,0.33450001
2518,2011,0.3425
2518,2012,0.3389
2518,2013,0.31830001
2518,2014,0.28690001
2518,2015,0.34009999
2518,2016,0.3283
2518,2017,0.3321
2518,2018,0.32139999
2518,2019,0.3161
2518,2020,0.31079999
2518,2021,0.31869999
2518,2022,0.331
2518,2023,0.34540001
2518,2024,0.3337
2518,2025,0.35699999
2521,2006,0.34549999
2521,2007,0.3944
2521,2008,0.3484
2521,2009,0.36480001
2521,2010,0.36379999
2521,2011,0.37450001
2521,2012,0.36970001
2521,2013,0.31659999
2521,2014,0.31999999
2521,2015,0.3303
2521,2016,0.3321
2521,2017,0.3346
2521,2018,0.3294
2521,2019,0.35409999
2521,2020,0.347
2521,2021,0.3617
2521,2022,0.39289999
2521,2023,0.38999999
2521,2024,0.3716
2521,2025,0.36090001
2523,2006,0.42320001
2523,2007,0.5097
2523,2008,0.4267
2523,2009,0.4937
2523,2010,0.49959999
2523,2011,0.52020001
2523,2012,0.50929999
2523,2013,0.43340001
2523,2014,0.43509999
2523,2015,0.44310001
2523,2016,0.44800001
2523,2017,0.44049999
2523,2018,0.44260001
2523,2019,0.45829999
2523,2020,0.41010001
2523,2021,0.4267
2523,2022,0.43239999
2523,2023,0.44949999
2523,2024,0.45089999
2523,2025,0.4553
2560,2006,0.3556
2560,2007,0.3978
2560,2008,0.3973
2560,2009,0.3849
2560,2010,0.38499999
2560,2011,0.41510001
2560,2012,0.39559999
2560,2013,0.38620001
2560,2014,0.30559999
2560,2015,0.37540001
2560,2016,0.37090001
2560,2017,0.37349999
2560,2018,0.3678
2560,2019,0.3867
2560,2020,0.34009999
2560,2021,0.3696
2560,2022,0.3633
2560,2023,0.3786
2560,2024,0.37439999
2560,2025,0.3919
2580,2006,0.33059999
2580,2007,0.4452
2580,2008,0.43540001
2580,2009,0.38170001
2580,2010,0.3529
2580,2011,0.4474
2580,2012,0.44409999
2580,2013,0.36449999
2580,2014,0.29699999
2580,2015,0.37810001
2580,2016,0.3759
2580,2017,0.3748
2580,2018,0.38010001
2580,2019,0.38569999
2580,2020,0.3572
2580,2021,0.3678
2580,2022,0.3865
2580,2023,0.398
2580,2024,0.3928
2580,2025,0.3881
2581,2006,0.35530001
2581,2007,0.37180001
2581,2008,0.3739
2581,2009,0.36719999
2581,2010,0.36970001
2581,2011,0.3989
2581,2012,0.39469999
2581,2013,0.38100001
2581,2014,0.32460001
2581,2015,0.3867
2581,2016,0.37349999
2581,2017,0.3716
2581,2018,0.35389999
2581,2019,0.3687
2581,2020,0.34760001
2581,2021,0.35420001
2581,2022,0.37059999
2581,2023,0.38839999
2581,2024,0.37909999
2581,2025,0.38850001
2582,2006,0.3628
2582,2007,0.41980001
2582,2008,0.41119999
2582,2009,0.38150001
2582,2010,0.36480001
2582,2011,0.40540001
2582,2012,0.41159999
2582,2013,0.37630001
2582,2014,0.31240001
2582,2015,0.40509999
2582,2016,0.40189999
2582,2017,0.38980001
2582,2018,0.39300001
2582,2019,0.39320001
2582,2020,0.36300001
2582,2021,0.3682
2582,2022,0.38249999
2582,2023,0.38659999
2582,2024,0.39359999
2582,2025,0.3919
2583,2006,0.3055
2583,2007,0.33759999
2583,2008,0.34060001
2583,2009,0.33489999
2583,2010,0.32449999
2583,2011,0.3601
2583,2012,0.35839999
2583,2013,0.34009999
2583,2014,0.31389999
2583,2015,0.3459
2583,2016,0.35280001
2583,2017,0.34529999
2583,2018,0.32690001
2583,2019,0.3635
2583,2020,0.33140001
2583,2021,0.34110001
2583,2022,0.338
2583,2023,0.35710001
2583,2024,0.368
2583,2025,0.40310001
2584,2006,0.41589999
2584,2007,0.4118
2584,2008,0.4219
2584,2009,0.40540001
2584,2010,0.40939999
2584,2011,0.421
2584,2012,0.42219999
2584,2013,0.40110001
2584,2014,0.3391
2584,2015,0.39840001
2584,2016,0.40450001
2584,2017,0.39919999
2584,2018,0.42140001
2584,2019,0.43090001
2584,2020,0.40090001
2584,2021,0.41600001
2584,2022,0.43619999
2584,2023,0.44909999
2584,2024,0.4348
2584,2025,0.43560001
