kommun,year,andel_vaccinerade_50
0114,1,0.002
0114,2,0.01
0114,3,0.028
0114,4,0.029
0114,5,0.036
0114,6,0.04
0114,7,0.042
0114,8,0.052
0114,9,0.068
0114,10,0.094
0114,11,0.126
0114,12,0.16
0114,13,0.205
0114,14,0.254
0114,15,0.339
0114,16,0.423
0114,17,0.525
0114,18,0.587
0114,19,0.682
0114,20,0.752
0114,21,0.799
0114,22,0.818
0114,23,0.832
0114,24,0.842
0114,25,0.85
0114,26,0.854
0114,27,0.857
0114,28,0.86
0114,29,0.863
0114,30,0.867
0114,31,0.87
0114,32,0.872
0114,33,0.876
0114,34,0.878
0114,35,0.88
0114,36,0.882
0114,37,0.885
0114,38,0.887
0114,39,0.888
0114,40,0.889
0114,41,0.889
0114,42,0.89
0114,43,0.89
0114,44,0.891
0114,45,0.892
0114,46,0.893
0114,47,0.893
0114,48,0.894
0114,49,0.895
0114,50,0.896
0114,51,0.897
0114,52,0.897
0115,1,0.002
0115,2,0.011
0115,3,0.017
0115,4,0.021
0115,5,0.038
0115,6,0.039
0115,7,0.042
0115,8,0.052
0115,9,0.069
0115,10,0.088
0115,11,0.114
0115,12,0.139
0115,13,0.191
0115,14,0.248
0115,15,0.316
0115,16,0.408
0115,17,0.517
0115,18,0.587
0115,19,0.688
0115,20,0.783
0115,21,0.836
0115,22,0.854
0115,23,0.866
0115,24,0.876
0115,25,0.884
0115,26,0.887
0115,27,0.891
0115,28,0.894
0115,29,0.897
0115,30,0.9
0115,31,0.902
0115,32,0.904
0115,33,0.907
0115,34,0.909
0115,35,0.91
0115,36,0.913
0115,37,0.915
0115,38,0.916
0115,39,0.917
0115,40,0.918
0115,41,0.918
0115,42,0.92
0115,43,0.92
0115,44,0.921
0115,45,0.921
0115,46,0.921
0115,47,0.923
0115,48,0.923
0115,49,0.924
0115,50,0.925
0115,51,0.925
0115,52,0.925
0117,1,0.006
0117,2,0.013
0117,3,0.02
0117,4,0.03
0117,5,0.041
0117,6,0.042
0117,7,0.043
0117,8,0.051
0117,9,0.063
0117,10,0.083
0117,11,0.102
0117,12,0.125
0117,13,0.204
0117,14,0.248
0117,15,0.349
0117,16,0.442
0117,17,0.547
0117,18,0.621
0117,19,0.711
0117,20,0.796
0117,21,0.845
0117,22,0.863
0117,23,0.877
0117,24,0.887
0117,25,0.894
0117,26,0.899
0117,27,0.902
0117,28,0.905
0117,29,0.907
0117,30,0.91
0117,31,0.911
0117,32,0.913
0117,33,0.915
0117,34,0.917
0117,35,0.919
0117,36,0.92
0117,37,0.923
0117,38,0.924
0117,39,0.925
0117,40,0.926
0117,41,0.927
0117,42,0.927
0117,43,0.928
0117,44,0.928
0117,45,0.929
0117,46,0.929
0117,47,0.93
0117,48,0.931
0117,49,0.932
0117,50,0.933
0117,51,0.933
0117,52,0.933
0120,1,0.008
0120,2,0.017
0120,3,0.021
0120,4,0.032
0120,5,0.036
0120,6,0.037
0120,7,0.04
0120,8,0.056
0120,9,0.074
0120,10,0.096
0120,11,0.118
0120,12,0.134
0120,13,0.186
0120,14,0.275
0120,15,0.351
0120,16,0.435
0120,17,0.531
0120,18,0.61
0120,19,0.687
0120,20,0.784
0120,21,0.841
0120,22,0.86
0120,23,0.871
0120,24,0.879
0120,25,0.887
0120,26,0.892
0120,27,0.895
0120,28,0.899
0120,29,0.901
0120,30,0.904
0120,31,0.907
0120,32,0.911
0120,33,0.913
0120,34,0.915
0120,35,0.917
0120,36,0.919
0120,37,0.921
0120,38,0.923
0120,39,0.924
0120,40,0.924
0120,41,0.925
0120,42,0.926
0120,43,0.926
0120,44,0.926
0120,45,0.927
0120,46,0.928
0120,47,0.928
0120,48,0.928
0120,49,0.929
0120,50,0.931
0120,51,0.932
0120,52,0.932
0123,1,0.005
0123,2,0.012
0123,3,0.016
0123,4,0.018
0123,5,0.025
0123,6,0.037
0123,7,0.041
0123,8,0.051
0123,9,0.07
0123,10,0.09
0123,11,0.119
0123,12,0.142
0123,13,0.216
0123,14,0.266
0123,15,0.351
0123,16,0.44
0123,17,0.527
0123,18,0.602
0123,19,0.687
0123,20,0.753
0123,21,0.797
0123,22,0.816
0123,23,0.829
0123,24,0.838
0123,25,0.846
0123,26,0.85
0123,27,0.854
0123,28,0.857
0123,29,0.86
0123,30,0.864
0123,31,0.868
0123,32,0.871
0123,33,0.873
0123,34,0.875
0123,35,0.877
0123,36,0.879
0123,37,0.881
0123,38,0.883
0123,39,0.884
0123,40,0.885
0123,41,0.886
0123,42,0.888
0123,43,0.888
0123,44,0.889
0123,45,0.889
0123,46,0.89
0123,47,0.89
0123,48,0.891
0123,49,0.892
0123,50,0.893
0123,51,0.894
0123,52,0.894
0125,1,0.004
0125,2,0.013
0125,3,0.017
0125,4,0.038
0125,5,0.039
0125,6,0.04
0125,7,0.045
0125,8,0.06
0125,9,0.084
0125,10,0.112
0125,11,0.136
0125,12,0.163
0125,13,0.201
0125,14,0.261
0125,15,0.346
0125,16,0.431
0125,17,0.526
0125,18,0.602
0125,19,0.704
0125,20,0.787
0125,21,0.846
0125,22,0.865
0125,23,0.878
0125,24,0.888
0125,25,0.895
0125,26,0.898
0125,27,0.902
0125,28,0.905
0125,29,0.907
0125,30,0.909
0125,31,0.911
0125,32,0.914
0125,33,0.915
0125,34,0.917
0125,35,0.918
0125,36,0.92
0125,37,0.921
0125,38,0.922
0125,39,0.923
0125,40,0.923
0125,41,0.925
0125,42,0.925
0125,43,0.925
0125,44,0.926
0125,45,0.926
0125,46,0.927
0125,47,0.927
0125,48,0.928
0125,49,0.928
0125,50,0.929
0125,51,0.93
0125,52,0.93
0126,1,0.008
0126,2,0.012
0126,3,0.019
0126,4,0.027
0126,5,0.031
0126,6,0.036
0126,7,0.041
0126,8,0.074
0126,9,0.088
0126,10,0.105
0126,11,0.116
0126,12,0.147
0126,13,0.184
0126,14,0.219
0126,15,0.277
0126,16,0.364
0126,17,0.451
0126,18,0.524
0126,19,0.628
0126,20,0.717
0126,21,0.771
0126,22,0.796
0126,23,0.809
0126,24,0.82
0126,25,0.828
0126,26,0.833
0126,27,0.837
0126,28,0.84
0126,29,0.843
0126,30,0.846
0126,31,0.849
0126,32,0.852
0126,33,0.856
0126,34,0.858
0126,35,0.861
0126,36,0.863
0126,37,0.865
0126,38,0.868
0126,39,0.87
0126,40,0.871
0126,41,0.872
0126,42,0.873
0126,43,0.874
0126,44,0.876
0126,45,0.877
0126,46,0.877
0126,47,0.878
0126,48,0.879
0126,49,0.88
0126,50,0.881
0126,51,0.883
0126,52,0.883
0127,1,0.003
0127,2,0.011
0127,3,0.024
0127,4,0.037
0127,5,0.048
0127,6,0.063
0127,7,0.071
0127,8,0.077
0127,9,0.089
0127,10,0.109
0127,11,0.155
0127,12,0.172
0127,13,0.187
0127,14,0.206
0127,15,0.261
0127,16,0.331
0127,17,0.417
0127,18,0.482
0127,19,0.564
0127,20,0.636
0127,21,0.686
0127,22,0.719
0127,23,0.736
0127,24,0.748
0127,25,0.757
0127,26,0.762
0127,27,0.768
0127,28,0.773
0127,29,0.776
0127,30,0.78
0127,31,0.783
0127,32,0.787
0127,33,0.79
0127,34,0.793
0127,35,0.796
0127,36,0.799
0127,37,0.801
0127,38,0.804
0127,39,0.805
0127,40,0.806
0127,41,0.808
0127,42,0.808
0127,43,0.81
0127,44,0.812
0127,45,0.812
0127,46,0.814
0127,47,0.816
0127,48,0.817
0127,49,0.819
0127,50,0.821
0127,51,0.822
0127,52,0.823
0128,1,0.01
0128,2,0.013
0128,3,0.022
0128,4,0.027
0128,5,0.037
0128,6,0.066
0128,7,0.074
0128,8,0.077
0128,9,0.088
0128,10,0.093
0128,11,0.216
0128,12,0.221
0128,13,0.241
0128,14,0.278
0128,15,0.34
0128,16,0.44
0128,17,0.515
0128,18,0.575
0128,19,0.673
0128,20,0.769
0128,21,0.826
0128,22,0.848
0128,23,0.86
0128,24,0.868
0128,25,0.876
0128,26,0.882
0128,27,0.885
0128,28,0.887
0128,29,0.892
0128,30,0.894
0128,31,0.896
0128,32,0.898
0128,33,0.9
0128,34,0.901
0128,35,0.903
0128,36,0.904
0128,37,0.906
0128,38,0.908
0128,39,0.908
0128,40,0.909
0128,41,0.91
0128,42,0.911
0128,43,0.912
0128,44,0.913
0128,45,0.914
0128,46,0.915
0128,47,0.915
0128,48,0.916
0128,49,0.916
0128,50,0.917
0128,51,0.918
0128,52,0.918
0136,1,0.001
0136,2,0.011
0136,3,0.024
0136,4,0.03
0136,5,0.036
0136,6,0.04
0136,7,0.045
0136,8,0.058
0136,9,0.079
0136,10,0.101
0136,11,0.126
0136,12,0.149
0136,13,0.198
0136,14,0.237
0136,15,0.331
0136,16,0.415
0136,17,0.509
0136,18,0.575
0136,19,0.654
0136,20,0.72
0136,21,0.762
0136,22,0.791
0136,23,0.809
0136,24,0.819
0136,25,0.828
0136,26,0.833
0136,27,0.836
0136,28,0.84
0136,29,0.843
0136,30,0.847
0136,31,0.85
0136,32,0.852
0136,33,0.855
0136,34,0.858
0136,35,0.86
0136,36,0.862
0136,37,0.864
0136,38,0.866
0136,39,0.867
0136,40,0.868
0136,41,0.869
0136,42,0.87
0136,43,0.871
0136,44,0.872
0136,45,0.873
0136,46,0.873
0136,47,0.875
0136,48,0.875
0136,49,0.876
0136,50,0.878
0136,51,0.879
0136,52,0.879
0138,1,0.001
0138,2,0.011
0138,3,0.017
0138,4,0.02
0138,5,0.034
0138,6,0.035
0138,7,0.041
0138,8,0.051
0138,9,0.071
0138,10,0.096
0138,11,0.122
0138,12,0.148
0138,13,0.21
0138,14,0.259
0138,15,0.36
0138,16,0.434
0138,17,0.512
0138,18,0.58
0138,19,0.669
0138,20,0.766
0138,21,0.82
0138,22,0.846
0138,23,0.859
0138,24,0.869
0138,25,0.879
0138,26,0.883
0138,27,0.888
0138,28,0.89
0138,29,0.893
0138,30,0.895
0138,31,0.898
0138,32,0.9
0138,33,0.903
0138,34,0.905
0138,35,0.907
0138,36,0.909
0138,37,0.911
0138,38,0.912
0138,39,0.913
0138,40,0.913
0138,41,0.914
0138,42,0.915
0138,43,0.915
0138,44,0.916
0138,45,0.916
0138,46,0.916
0138,47,0.917
0138,48,0.918
0138,49,0.919
0138,50,0.921
0138,51,0.921
0138,52,0.922
0139,1,0.009
0139,2,0.014
0139,3,0.018
0139,4,0.02
0139,5,0.036
0139,6,0.041
0139,7,0.046
0139,8,0.058
0139,9,0.075
0139,10,0.094
0139,11,0.116
0139,12,0.135
0139,13,0.205
0139,14,0.242
0139,15,0.337
0139,16,0.413
0139,17,0.525
0139,18,0.596
0139,19,0.676
0139,20,0.736
0139,21,0.78
0139,22,0.801
0139,23,0.817
0139,24,0.831
0139,25,0.84
0139,26,0.845
0139,27,0.849
0139,28,0.853
0139,29,0.857
0139,30,0.86
0139,31,0.863
0139,32,0.866
0139,33,0.87
0139,34,0.874
0139,35,0.876
0139,36,0.879
0139,37,0.881
0139,38,0.883
0139,39,0.884
0139,40,0.885
0139,41,0.886
0139,42,0.886
0139,43,0.887
0139,44,0.888
0139,45,0.888
0139,46,0.889
0139,47,0.889
0139,48,0.89
0139,49,0.892
0139,50,0.893
0139,51,0.893
0139,52,0.894
0140,1,0.005
0140,2,0.008
0140,3,0.024
0140,4,0.029
0140,5,0.033
0140,6,0.036
0140,7,0.039
0140,8,0.055
0140,9,0.075
0140,10,0.08
0140,11,0.107
0140,12,0.121
0140,13,0.222
0140,14,0.266
0140,15,0.357
0140,16,0.437
0140,17,0.525
0140,18,0.597
0140,19,0.67
0140,20,0.766
0140,21,0.824
0140,22,0.856
0140,23,0.879
0140,24,0.893
0140,25,0.899
0140,26,0.903
0140,27,0.905
0140,28,0.909
0140,29,0.911
0140,30,0.912
0140,31,0.915
0140,32,0.917
0140,33,0.92
0140,34,0.922
0140,35,0.924
0140,36,0.926
0140,37,0.927
0140,38,0.928
0140,39,0.93
0140,40,0.93
0140,41,0.931
0140,42,0.932
0140,43,0.933
0140,44,0.933
0140,45,0.933
0140,46,0.933
0140,47,0.934
0140,48,0.934
0140,49,0.935
0140,50,0.936
0140,51,0.937
0140,52,0.937
0160,1,0.003
0160,2,0.013
0160,3,0.019
0160,4,0.023
0160,5,0.027
0160,6,0.029
0160,7,0.032
0160,8,0.043
0160,9,0.06
0160,10,0.079
0160,11,0.108
0160,12,0.138
0160,13,0.23
0160,14,0.277
0160,15,0.366
0160,16,0.449
0160,17,0.547
0160,18,0.616
0160,19,0.714
0160,20,0.821
0160,21,0.872
0160,22,0.885
0160,23,0.897
0160,24,0.904
0160,25,0.91
0160,26,0.913
0160,27,0.916
0160,28,0.919
0160,29,0.92
0160,30,0.923
0160,31,0.925
0160,32,0.926
0160,33,0.928
0160,34,0.93
0160,35,0.932
0160,36,0.933
0160,37,0.934
0160,38,0.935
0160,39,0.936
0160,40,0.937
0160,41,0.937
0160,42,0.938
0160,43,0.938
0160,44,0.939
0160,45,0.939
0160,46,0.939
0160,47,0.94
0160,48,0.94
0160,49,0.941
0160,50,0.942
0160,51,0.942
0160,52,0.942
0162,1,0.006
0162,2,0.012
0162,3,0.018
0162,4,0.02
0162,5,0.021
0162,6,0.024
0162,7,0.026
0162,8,0.04
0162,9,0.059
0162,10,0.085
0162,11,0.095
0162,12,0.179
0162,13,0.24
0162,14,0.288
0162,15,0.372
0162,16,0.462
0162,17,0.559
0162,18,0.625
0162,19,0.73
0162,20,0.834
0162,21,0.884
0162,22,0.895
0162,23,0.904
0162,24,0.91
0162,25,0.914
0162,26,0.917
0162,27,0.92
0162,28,0.921
0162,29,0.923
0162,30,0.925
0162,31,0.927
0162,32,0.929
0162,33,0.931
0162,34,0.932
0162,35,0.934
0162,36,0.935
0162,37,0.935
0162,38,0.936
0162,39,0.937
0162,40,0.937
0162,41,0.938
0162,42,0.938
0162,43,0.938
0162,44,0.939
0162,45,0.939
0162,46,0.94
0162,47,0.941
0162,48,0.941
0162,49,0.942
0162,50,0.943
0162,51,0.943
0162,52,0.944
0163,1,0.002
0163,2,0.012
0163,3,0.017
0163,4,0.019
0163,5,0.03
0163,6,0.032
0163,7,0.034
0163,8,0.047
0163,9,0.063
0163,10,0.085
0163,11,0.108
0163,12,0.131
0163,13,0.197
0163,14,0.242
0163,15,0.318
0163,16,0.414
0163,17,0.511
0163,18,0.587
0163,19,0.69
0163,20,0.782
0163,21,0.833
0163,22,0.85
0163,23,0.864
0163,24,0.872
0163,25,0.878
0163,26,0.881
0163,27,0.885
0163,28,0.888
0163,29,0.89
0163,30,0.894
0163,31,0.895
0163,32,0.898
0163,33,0.899
0163,34,0.901
0163,35,0.902
0163,36,0.904
0163,37,0.906
0163,38,0.907
0163,39,0.908
0163,40,0.909
0163,41,0.91
0163,42,0.91
0163,43,0.911
0163,44,0.911
0163,45,0.912
0163,46,0.912
0163,47,0.913
0163,48,0.914
0163,49,0.914
0163,50,0.915
0163,51,0.915
0163,52,0.916
0180,1,0.004
0180,2,0.012
0180,3,0.018
0180,4,0.024
0180,5,0.029
0180,6,0.033
0180,7,0.037
0180,8,0.05
0180,9,0.069
0180,10,0.093
0180,11,0.116
0180,12,0.142
0180,13,0.193
0180,14,0.229
0180,15,0.303
0180,16,0.387
0180,17,0.482
0180,18,0.555
0180,19,0.651
0180,20,0.741
0180,21,0.795
0180,22,0.813
0180,23,0.826
0180,24,0.837
0180,25,0.845
0180,26,0.849
0180,27,0.853
0180,28,0.856
0180,29,0.86
0180,30,0.863
0180,31,0.866
0180,32,0.869
0180,33,0.871
0180,34,0.874
0180,35,0.876
0180,36,0.878
0180,37,0.88
0180,38,0.882
0180,39,0.883
0180,40,0.884
0180,41,0.885
0180,42,0.886
0180,43,0.887
0180,44,0.887
0180,45,0.888
0180,46,0.889
0180,47,0.89
0180,48,0.891
0180,49,0.892
0180,50,0.893
0180,51,0.894
0180,52,0.895
0181,1,0.0
0181,2,0.01
0181,3,0.018
0181,4,0.029
0181,5,0.033
0181,6,0.034
0181,7,0.043
0181,8,0.057
0181,9,0.072
0181,10,0.09
0181,11,0.114
0181,12,0.135
0181,13,0.184
0181,14,0.219
0181,15,0.285
0181,16,0.352
0181,17,0.433
0181,18,0.503
0181,19,0.565
0181,20,0.634
0181,21,0.687
0181,22,0.727
0181,23,0.753
0181,24,0.765
0181,25,0.776
0181,26,0.781
0181,27,0.786
0181,28,0.79
0181,29,0.794
0181,30,0.798
0181,31,0.801
0181,32,0.805
0181,33,0.808
0181,34,0.811
0181,35,0.814
0181,36,0.817
0181,37,0.82
0181,38,0.823
0181,39,0.824
0181,40,0.826
0181,41,0.828
0181,42,0.829
0181,43,0.83
0181,44,0.831
0181,45,0.832
0181,46,0.833
0181,47,0.834
0181,48,0.836
0181,49,0.838
0181,50,0.84
0181,51,0.841
0181,52,0.842
0182,1,0.011
0182,2,0.017
0182,3,0.029
0182,4,0.034
0182,5,0.038
0182,6,0.04
0182,7,0.043
0182,8,0.055
0182,9,0.072
0182,10,0.1
0182,11,0.125
0182,12,0.144
0182,13,0.225
0182,14,0.261
0182,15,0.337
0182,16,0.43
0182,17,0.518
0182,18,0.59
0182,19,0.684
0182,20,0.785
0182,21,0.841
0182,22,0.857
0182,23,0.868
0182,24,0.877
0182,25,0.886
0182,26,0.89
0182,27,0.893
0182,28,0.896
0182,29,0.898
0182,30,0.901
0182,31,0.904
0182,32,0.906
0182,33,0.908
0182,34,0.91
0182,35,0.912
0182,36,0.913
0182,37,0.915
0182,38,0.916
0182,39,0.918
0182,40,0.918
0182,41,0.919
0182,42,0.92
0182,43,0.92
0182,44,0.921
0182,45,0.921
0182,46,0.922
0182,47,0.923
0182,48,0.923
0182,49,0.925
0182,50,0.926
0182,51,0.926
0182,52,0.927
0183,1,0.01
0183,2,0.014
0183,3,0.019
0183,4,0.023
0183,5,0.031
0183,6,0.036
0183,7,0.039
0183,8,0.051
0183,9,0.069
0183,10,0.091
0183,11,0.116
0183,12,0.133
0183,13,0.187
0183,14,0.218
0183,15,0.277
0183,16,0.368
0183,17,0.463
0183,18,0.549
0183,19,0.647
0183,20,0.721
0183,21,0.772
0183,22,0.792
0183,23,0.806
0183,24,0.816
0183,25,0.825
0183,26,0.83
0183,27,0.834
0183,28,0.838
0183,29,0.841
0183,30,0.845
0183,31,0.848
0183,32,0.85
0183,33,0.853
0183,34,0.855
0183,35,0.858
0183,36,0.859
0183,37,0.862
0183,38,0.864
0183,39,0.865
0183,40,0.866
0183,41,0.867
0183,42,0.868
0183,43,0.869
0183,44,0.87
0183,45,0.871
0183,46,0.872
0183,47,0.873
0183,48,0.874
0183,49,0.876
0183,50,0.878
0183,51,0.879
0183,52,0.879
0184,1,0.004
0184,2,0.013
0184,3,0.02
0184,4,0.024
0184,5,0.029
0184,6,0.031
0184,7,0.035
0184,8,0.047
0184,9,0.065
0184,10,0.085
0184,11,0.11
0184,12,0.133
0184,13,0.202
0184,14,0.246
0184,15,0.321
0184,16,0.413
0184,17,0.508
0184,18,0.585
0184,19,0.679
0184,20,0.759
0184,21,0.806
0184,22,0.822
0184,23,0.834
0184,24,0.843
0184,25,0.85
0184,26,0.853
0184,27,0.857
0184,28,0.861
0184,29,0.864
0184,30,0.867
0184,31,0.87
0184,32,0.873
0184,33,0.875
0184,34,0.877
0184,35,0.879
0184,36,0.881
0184,37,0.883
0184,38,0.884
0184,39,0.886
0184,40,0.887
0184,41,0.888
0184,42,0.889
0184,43,0.89
0184,44,0.89
0184,45,0.891
0184,46,0.891
0184,47,0.892
0184,48,0.893
0184,49,0.894
0184,50,0.896
0184,51,0.896
0184,52,0.897
0186,1,0.007
0186,2,0.015
0186,3,0.018
0186,4,0.023
0186,5,0.03
0186,6,0.031
0186,7,0.034
0186,8,0.051
0186,9,0.067
0186,10,0.094
0186,11,0.125
0186,12,0.156
0186,13,0.252
0186,14,0.304
0186,15,0.395
0186,16,0.479
0186,17,0.565
0186,18,0.635
0186,19,0.733
0186,20,0.814
0186,21,0.863
0186,22,0.878
0186,23,0.888
0186,24,0.897
0186,25,0.902
0186,26,0.905
0186,27,0.908
0186,28,0.91
0186,29,0.912
0186,30,0.914
0186,31,0.916
0186,32,0.918
0186,33,0.92
0186,34,0.921
0186,35,0.922
0186,36,0.923
0186,37,0.925
0186,38,0.926
0186,39,0.927
0186,40,0.927
0186,41,0.928
0186,42,0.929
0186,43,0.929
0186,44,0.93
0186,45,0.93
0186,46,0.931
0186,47,0.931
0186,48,0.932
0186,49,0.933
0186,50,0.934
0186,51,0.935
0186,52,0.935
0187,1,0.0
0187,2,0.008
0187,3,0.012
0187,4,0.017
0187,5,0.034
0187,6,0.034
0187,7,0.037
0187,8,0.04
0187,9,0.052
0187,10,0.069
0187,11,0.086
0187,12,0.105
0187,13,0.173
0187,14,0.245
0187,15,0.332
0187,16,0.459
0187,17,0.556
0187,18,0.622
0187,19,0.717
0187,20,0.815
0187,21,0.872
0187,22,0.886
0187,23,0.896
0187,24,0.902
0187,25,0.907
0187,26,0.91
0187,27,0.912
0187,28,0.915
0187,29,0.916
0187,30,0.92
0187,31,0.922
0187,32,0.924
0187,33,0.925
0187,34,0.926
0187,35,0.927
0187,36,0.928
0187,37,0.929
0187,38,0.93
0187,39,0.932
0187,40,0.933
0187,41,0.933
0187,42,0.933
0187,43,0.933
0187,44,0.933
0187,45,0.933
0187,46,0.934
0187,47,0.934
0187,48,0.935
0187,49,0.936
0187,50,0.936
0187,51,0.936
0187,52,0.936
0188,1,0.001
0188,2,0.011
0188,3,0.044
0188,4,0.046
0188,5,0.049
0188,6,0.057
0188,7,0.062
0188,8,0.086
0188,9,0.097
0188,10,0.118
0188,11,0.137
0188,12,0.191
0188,13,0.233
0188,14,0.275
0188,15,0.399
0188,16,0.538
0188,17,0.663
0188,18,0.727
0188,19,0.789
0188,20,0.837
0188,21,0.87
0188,22,0.886
0188,23,0.893
0188,24,0.9
0188,25,0.907
0188,26,0.91
0188,27,0.912
0188,28,0.914
0188,29,0.916
0188,30,0.919
0188,31,0.921
0188,32,0.923
0188,33,0.924
0188,34,0.926
0188,35,0.927
0188,36,0.929
0188,37,0.931
0188,38,0.932
0188,39,0.933
0188,40,0.934
0188,41,0.934
0188,42,0.935
0188,43,0.935
0188,44,0.936
0188,45,0.936
0188,46,0.937
0188,47,0.937
0188,48,0.937
0188,49,0.938
0188,50,0.939
0188,51,0.939
0188,52,0.94
0191,1,0.008
0191,2,0.012
0191,3,0.017
0191,4,0.027
0191,5,0.032
0191,6,0.033
0191,7,0.038
0191,8,0.05
0191,9,0.068
0191,10,0.094
0191,11,0.119
0191,12,0.142
0191,13,0.207
0191,14,0.247
0191,15,0.343
0191,16,0.397
0191,17,0.48
0191,18,0.563
0191,19,0.651
0191,20,0.72
0191,21,0.768
0191,22,0.789
0191,23,0.803
0191,24,0.817
0191,25,0.828
0191,26,0.833
0191,27,0.838
0191,28,0.842
0191,29,0.845
0191,30,0.848
0191,31,0.851
0191,32,0.853
0191,33,0.856
0191,34,0.858
0191,35,0.859
0191,36,0.861
0191,37,0.863
0191,38,0.866
0191,39,0.867
0191,40,0.868
0191,41,0.87
0191,42,0.871
0191,43,0.872
0191,44,0.872
0191,45,0.873
0191,46,0.874
0191,47,0.875
0191,48,0.876
0191,49,0.877
0191,50,0.879
0191,51,0.88
0191,52,0.88
0192,1,0.002
0192,2,0.011
0192,3,0.017
0192,4,0.04
0192,5,0.044
0192,6,0.047
0192,7,0.051
0192,8,0.063
0192,9,0.081
0192,10,0.106
0192,11,0.131
0192,12,0.172
0192,13,0.205
0192,14,0.25
0192,15,0.33
0192,16,0.439
0192,17,0.558
0192,18,0.632
0192,19,0.711
0192,20,0.773
0192,21,0.814
0192,22,0.841
0192,23,0.857
0192,24,0.866
0192,25,0.873
0192,26,0.878
0192,27,0.882
0192,28,0.885
0192,29,0.888
0192,30,0.891
0192,31,0.893
0192,32,0.896
0192,33,0.899
0192,34,0.901
0192,35,0.903
0192,36,0.905
0192,37,0.908
0192,38,0.909
0192,39,0.91
0192,40,0.911
0192,41,0.912
0192,42,0.913
0192,43,0.913
0192,44,0.913
0192,45,0.914
0192,46,0.914
0192,47,0.915
0192,48,0.916
0192,49,0.918
0192,50,0.919
0192,51,0.919
0192,52,0.921
0305,1,0.001
0305,2,0.015
0305,3,0.018
0305,4,0.025
0305,5,0.032
0305,6,0.046
0305,7,0.086
0305,8,0.094
0305,9,0.099
0305,10,0.104
0305,11,0.146
0305,12,0.149
0305,13,0.151
0305,14,0.214
0305,15,0.319
0305,16,0.354
0305,17,0.469
0305,18,0.591
0305,19,0.658
0305,20,0.689
0305,21,0.741
0305,22,0.894
0305,23,0.913
0305,24,0.916
0305,25,0.92
0305,26,0.921
0305,27,0.921
0305,28,0.924
0305,29,0.925
0305,30,0.926
0305,31,0.927
0305,32,0.928
0305,33,0.928
0305,34,0.929
0305,35,0.929
0305,36,0.93
0305,37,0.93
0305,38,0.931
0305,39,0.932
0305,40,0.932
0305,41,0.933
0305,42,0.933
0305,43,0.933
0305,44,0.934
0305,45,0.934
0305,46,0.934
0305,47,0.935
0305,48,0.935
0305,49,0.936
0305,50,0.936
0305,51,0.936
0305,52,0.936
0319,1,0.008
0319,2,0.022
0319,3,0.025
0319,4,0.047
0319,5,0.067
0319,6,0.083
0319,7,0.104
0319,8,0.116
0319,9,0.125
0319,10,0.128
0319,11,0.184
0319,12,0.185
0319,13,0.186
0319,14,0.298
0319,15,0.444
0319,16,0.517
0319,17,0.572
0319,18,0.654
0319,19,0.722
0319,20,0.758
0319,21,0.793
0319,22,0.846
0319,23,0.923
0319,24,0.926
0319,25,0.929
0319,26,0.931
0319,27,0.932
0319,28,0.933
0319,29,0.935
0319,30,0.935
0319,31,0.936
0319,32,0.937
0319,33,0.937
0319,34,0.939
0319,35,0.939
0319,36,0.941
0319,37,0.941
0319,38,0.941
0319,39,0.942
0319,40,0.942
0319,41,0.942
0319,42,0.942
0319,43,0.943
0319,44,0.943
0319,45,0.943
0319,46,0.943
0319,47,0.944
0319,48,0.944
0319,49,0.944
0319,50,0.945
0319,51,0.945
0319,52,0.945
0330,1,0.007
0330,2,0.023
0330,3,0.032
0330,4,0.035
0330,5,0.039
0330,6,0.061
0330,7,0.074
0330,8,0.078
0330,9,0.085
0330,10,0.098
0330,11,0.102
0330,12,0.139
0330,13,0.143
0330,14,0.187
0330,15,0.306
0330,16,0.4
0330,17,0.533
0330,18,0.608
0330,19,0.634
0330,20,0.679
0330,21,0.759
0330,22,0.906
0330,23,0.924
0330,24,0.928
0330,25,0.93
0330,26,0.932
0330,27,0.934
0330,28,0.936
0330,29,0.936
0330,30,0.937
0330,31,0.938
0330,32,0.939
0330,33,0.939
0330,34,0.94
0330,35,0.941
0330,36,0.942
0330,37,0.942
0330,38,0.944
0330,39,0.944
0330,40,0.944
0330,41,0.945
0330,42,0.945
0330,43,0.946
0330,44,0.946
0330,45,0.946
0330,46,0.946
0330,47,0.947
0330,48,0.947
0330,49,0.948
0330,50,0.948
0330,51,0.948
0330,52,0.949
0331,1,0.008
0331,2,0.02
0331,3,0.032
0331,4,0.06
0331,5,0.077
0331,6,0.086
0331,7,0.096
0331,8,0.109
0331,9,0.118
0331,10,0.124
0331,11,0.129
0331,12,0.193
0331,13,0.194
0331,14,0.196
0331,15,0.353
0331,16,0.437
0331,17,0.57
0331,18,0.627
0331,19,0.715
0331,20,0.72
0331,21,0.771
0331,22,0.896
0331,23,0.92
0331,24,0.923
0331,25,0.924
0331,26,0.926
0331,27,0.926
0331,28,0.928
0331,29,0.929
0331,30,0.929
0331,31,0.929
0331,32,0.93
0331,33,0.93
0331,34,0.931
0331,35,0.931
0331,36,0.932
0331,37,0.934
0331,38,0.934
0331,39,0.935
0331,40,0.935
0331,41,0.935
0331,42,0.936
0331,43,0.936
0331,44,0.936
0331,45,0.936
0331,46,0.936
0331,47,0.936
0331,48,0.937
0331,49,0.937
0331,50,0.938
0331,51,0.938
0331,52,0.938
0360,1,0.009
0360,2,0.022
0360,3,0.026
0360,4,0.032
0360,5,0.041
0360,6,0.047
0360,7,0.069
0360,8,0.096
0360,9,0.103
0360,10,0.112
0360,11,0.117
0360,12,0.165
0360,13,0.18
0360,14,0.213
0360,15,0.297
0360,16,0.381
0360,17,0.58
0360,18,0.654
0360,19,0.713
0360,20,0.728
0360,21,0.762
0360,22,0.891
0360,23,0.927
0360,24,0.928
0360,25,0.93
0360,26,0.931
0360,27,0.932
0360,28,0.933
0360,29,0.934
0360,30,0.934
0360,31,0.935
0360,32,0.935
0360,33,0.935
0360,34,0.937
0360,35,0.937
0360,36,0.938
0360,37,0.939
0360,38,0.939
0360,39,0.939
0360,40,0.939
0360,41,0.939
0360,42,0.94
0360,43,0.94
0360,44,0.94
0360,45,0.94
0360,46,0.941
0360,47,0.941
0360,48,0.941
0360,49,0.941
0360,50,0.942
0360,51,0.942
0360,52,0.942
0380,1,0.006
0380,2,0.017
0380,3,0.027
0380,4,0.034
0380,5,0.038
0380,6,0.044
0380,7,0.06
0380,8,0.074
0380,9,0.096
0380,10,0.12
0380,11,0.15
0380,12,0.168
0380,13,0.199
0380,14,0.243
0380,15,0.323
0380,16,0.397
0380,17,0.522
0380,18,0.611
0380,19,0.68
0380,20,0.714
0380,21,0.788
0380,22,0.893
0380,23,0.915
0380,24,0.92
0380,25,0.924
0380,26,0.925
0380,27,0.927
0380,28,0.928
0380,29,0.929
0380,30,0.93
0380,31,0.931
0380,32,0.931
0380,33,0.932
0380,34,0.933
0380,35,0.934
0380,36,0.934
0380,37,0.935
0380,38,0.936
0380,39,0.936
0380,40,0.937
0380,41,0.937
0380,42,0.937
0380,43,0.937
0380,44,0.938
0380,45,0.938
0380,46,0.938
0380,47,0.938
0380,48,0.939
0380,49,0.939
0380,50,0.94
0380,51,0.94
0380,52,0.94
0381,1,0.003
0381,2,0.02
0381,3,0.028
0381,4,0.041
0381,5,0.068
0381,6,0.078
0381,7,0.083
0381,8,0.096
0381,9,0.113
0381,10,0.121
0381,11,0.125
0381,12,0.172
0381,13,0.219
0381,14,0.3
0381,15,0.42
0381,16,0.466
0381,17,0.526
0381,18,0.597
0381,19,0.696
0381,20,0.713
0381,21,0.755
0381,22,0.854
0381,23,0.921
0381,24,0.924
0381,25,0.928
0381,26,0.93
0381,27,0.931
0381,28,0.932
0381,29,0.933
0381,30,0.934
0381,31,0.935
0381,32,0.935
0381,33,0.936
0381,34,0.937
0381,35,0.937
0381,36,0.938
0381,37,0.939
0381,38,0.939
0381,39,0.939
0381,40,0.94
0381,41,0.941
0381,42,0.941
0381,43,0.941
0381,44,0.942
0381,45,0.942
0381,46,0.942
0381,47,0.943
0381,48,0.943
0381,49,0.944
0381,50,0.944
0381,51,0.944
0381,52,0.945
0382,1,0.0
0382,2,0.02
0382,3,0.03
0382,4,0.05
0382,5,0.064
0382,6,0.079
0382,7,0.091
0382,8,0.102
0382,9,0.118
0382,10,0.125
0382,11,0.129
0382,12,0.173
0382,13,0.185
0382,14,0.221
0382,15,0.298
0382,16,0.447
0382,17,0.575
0382,18,0.681
0382,19,0.744
0382,20,0.764
0382,21,0.788
0382,22,0.915
0382,23,0.939
0382,24,0.942
0382,25,0.944
0382,26,0.946
0382,27,0.947
0382,28,0.949
0382,29,0.949
0382,30,0.95
0382,31,0.951
0382,32,0.951
0382,33,0.952
0382,34,0.952
0382,35,0.952
0382,36,0.953
0382,37,0.954
0382,38,0.954
0382,39,0.954
0382,40,0.954
0382,41,0.955
0382,42,0.955
0382,43,0.955
0382,44,0.955
0382,45,0.955
0382,46,0.955
0382,47,0.956
0382,48,0.956
0382,49,0.956
0382,50,0.956
0382,51,0.956
0382,52,0.957
0428,1,0.001
0428,2,0.036
0428,3,0.052
0428,4,0.053
0428,5,0.054
0428,6,0.056
0428,7,0.068
0428,8,0.1
0428,9,0.13
0428,10,0.157
0428,11,0.204
0428,12,0.22
0428,13,0.284
0428,14,0.327
0428,15,0.427
0428,16,0.534
0428,17,0.658
0428,18,0.696
0428,19,0.738
0428,20,0.8
0428,21,0.858
0428,22,0.882
0428,23,0.897
0428,24,0.908
0428,25,0.914
0428,26,0.915
0428,27,0.916
0428,28,0.918
0428,29,0.919
0428,30,0.921
0428,31,0.922
0428,32,0.922
0428,33,0.925
0428,34,0.926
0428,35,0.927
0428,36,0.929
0428,37,0.93
0428,38,0.931
0428,39,0.932
0428,40,0.932
0428,41,0.934
0428,42,0.935
0428,43,0.935
0428,44,0.936
0428,45,0.936
0428,46,0.937
0428,47,0.937
0428,48,0.937
0428,49,0.937
0428,50,0.938
0428,51,0.938
0428,52,0.938
0461,1,0.006
0461,2,0.014
0461,3,0.032
0461,4,0.042
0461,5,0.046
0461,6,0.047
0461,7,0.064
0461,8,0.078
0461,9,0.118
0461,10,0.161
0461,11,0.196
0461,12,0.218
0461,13,0.292
0461,14,0.307
0461,15,0.415
0461,16,0.483
0461,17,0.597
0461,18,0.638
0461,19,0.681
0461,20,0.729
0461,21,0.773
0461,22,0.823
0461,23,0.864
0461,24,0.874
0461,25,0.882
0461,26,0.884
0461,27,0.886
0461,28,0.891
0461,29,0.892
0461,30,0.894
0461,31,0.896
0461,32,0.898
0461,33,0.9
0461,34,0.904
0461,35,0.905
0461,36,0.906
0461,37,0.908
0461,38,0.91
0461,39,0.912
0461,40,0.912
0461,41,0.913
0461,42,0.913
0461,43,0.914
0461,44,0.915
0461,45,0.915
0461,46,0.915
0461,47,0.916
0461,48,0.916
0461,49,0.916
0461,50,0.916
0461,51,0.917
0461,52,0.917
0480,1,0.011
0480,2,0.022
0480,3,0.053
0480,4,0.062
0480,5,0.064
0480,6,0.069
0480,7,0.079
0480,8,0.098
0480,9,0.137
0480,10,0.173
0480,11,0.241
0480,12,0.281
0480,13,0.347
0480,14,0.364
0480,15,0.473
0480,16,0.564
0480,17,0.648
0480,18,0.694
0480,19,0.735
0480,20,0.772
0480,21,0.825
0480,22,0.866
0480,23,0.899
0480,24,0.909
0480,25,0.915
0480,26,0.918
0480,27,0.92
0480,28,0.922
0480,29,0.924
0480,30,0.926
0480,31,0.927
0480,32,0.929
0480,33,0.932
0480,34,0.934
0480,35,0.936
0480,36,0.937
0480,37,0.938
0480,38,0.939
0480,39,0.94
0480,40,0.941
0480,41,0.941
0480,42,0.941
0480,43,0.942
0480,44,0.942
0480,45,0.943
0480,46,0.943
0480,47,0.944
0480,48,0.944
0480,49,0.945
0480,50,0.946
0480,51,0.946
0480,52,0.947
0481,1,0.005
0481,2,0.033
0481,3,0.05
0481,4,0.053
0481,5,0.054
0481,6,0.06
0481,7,0.074
0481,8,0.093
0481,9,0.129
0481,10,0.165
0481,11,0.213
0481,12,0.234
0481,13,0.287
0481,14,0.323
0481,15,0.441
0481,16,0.567
0481,17,0.652
0481,18,0.708
0481,19,0.742
0481,20,0.785
0481,21,0.833
0481,22,0.873
0481,23,0.896
0481,24,0.904
0481,25,0.911
0481,26,0.912
0481,27,0.915
0481,28,0.916
0481,29,0.918
0481,30,0.92
0481,31,0.921
0481,32,0.922
0481,33,0.923
0481,34,0.926
0481,35,0.927
0481,36,0.929
0481,37,0.93
0481,38,0.93
0481,39,0.931
0481,40,0.932
0481,41,0.932
0481,42,0.933
0481,43,0.933
0481,44,0.933
0481,45,0.934
0481,46,0.935
0481,47,0.936
0481,48,0.937
0481,49,0.938
0481,50,0.939
0481,51,0.94
0481,52,0.941
0482,1,0.007
0482,2,0.021
0482,3,0.033
0482,4,0.039
0482,5,0.042
0482,6,0.044
0482,7,0.056
0482,8,0.093
0482,9,0.129
0482,10,0.162
0482,11,0.204
0482,12,0.232
0482,13,0.284
0482,14,0.327
0482,15,0.447
0482,16,0.561
0482,17,0.647
0482,18,0.678
0482,19,0.718
0482,20,0.756
0482,21,0.786
0482,22,0.816
0482,23,0.843
0482,24,0.881
0482,25,0.889
0482,26,0.894
0482,27,0.897
0482,28,0.9
0482,29,0.902
0482,30,0.904
0482,31,0.905
0482,32,0.907
0482,33,0.908
0482,34,0.91
0482,35,0.911
0482,36,0.913
0482,37,0.913
0482,38,0.915
0482,39,0.917
0482,40,0.917
0482,41,0.918
0482,42,0.918
0482,43,0.919
0482,44,0.92
0482,45,0.92
0482,46,0.92
0482,47,0.92
0482,48,0.921
0482,49,0.922
0482,50,0.923
0482,51,0.924
0482,52,0.924
0483,1,0.012
0483,2,0.046
0483,3,0.062
0483,4,0.066
0483,5,0.067
0483,6,0.07
0483,7,0.082
0483,8,0.115
0483,9,0.155
0483,10,0.185
0483,11,0.242
0483,12,0.277
0483,13,0.355
0483,14,0.374
0483,15,0.464
0483,16,0.547
0483,17,0.622
0483,18,0.689
0483,19,0.74
0483,20,0.801
0483,21,0.832
0483,22,0.847
0483,23,0.88
0483,24,0.907
0483,25,0.914
0483,26,0.915
0483,27,0.917
0483,28,0.919
0483,29,0.922
0483,30,0.924
0483,31,0.926
0483,32,0.927
0483,33,0.929
0483,34,0.93
0483,35,0.931
0483,36,0.932
0483,37,0.933
0483,38,0.935
0483,39,0.935
0483,40,0.936
0483,41,0.936
0483,42,0.937
0483,43,0.937
0483,44,0.937
0483,45,0.937
0483,46,0.938
0483,47,0.939
0483,48,0.94
0483,49,0.941
0483,50,0.941
0483,51,0.942
0483,52,0.942
0484,1,0.019
0484,2,0.032
0484,3,0.049
0484,4,0.056
0484,5,0.059
0484,6,0.061
0484,7,0.071
0484,8,0.093
0484,9,0.13
0484,10,0.151
0484,11,0.213
0484,12,0.236
0484,13,0.287
0484,14,0.319
0484,15,0.414
0484,16,0.487
0484,17,0.571
0484,18,0.615
0484,19,0.657
0484,20,0.71
0484,21,0.737
0484,22,0.795
0484,23,0.823
0484,24,0.86
0484,25,0.878
0484,26,0.886
0484,27,0.889
0484,28,0.894
0484,29,0.898
0484,30,0.902
0484,31,0.904
0484,32,0.905
0484,33,0.908
0484,34,0.91
0484,35,0.912
0484,36,0.915
0484,37,0.916
0484,38,0.917
0484,39,0.919
0484,40,0.92
0484,41,0.921
0484,42,0.922
0484,43,0.922
0484,44,0.923
0484,45,0.923
0484,46,0.924
0484,47,0.925
0484,48,0.926
0484,49,0.927
0484,50,0.927
0484,51,0.928
0484,52,0.929
0486,1,0.009
0486,2,0.024
0486,3,0.04
0486,4,0.054
0486,5,0.056
0486,6,0.058
0486,7,0.078
0486,8,0.1
0486,9,0.132
0486,10,0.154
0486,11,0.192
0486,12,0.212
0486,13,0.258
0486,14,0.295
0486,15,0.424
0486,16,0.491
0486,17,0.563
0486,18,0.613
0486,19,0.684
0486,20,0.753
0486,21,0.817
0486,22,0.84
0486,23,0.885
0486,24,0.892
0486,25,0.901
0486,26,0.906
0486,27,0.909
0486,28,0.913
0486,29,0.915
0486,30,0.917
0486,31,0.919
0486,32,0.92
0486,33,0.921
0486,34,0.922
0486,35,0.925
0486,36,0.926
0486,37,0.927
0486,38,0.928
0486,39,0.929
0486,40,0.93
0486,41,0.93
0486,42,0.93
0486,43,0.931
0486,44,0.931
0486,45,0.931
0486,46,0.932
0486,47,0.932
0486,48,0.933
0486,49,0.934
0486,50,0.934
0486,51,0.935
0486,52,0.935
0488,1,0.014
0488,2,0.036
0488,3,0.05
0488,4,0.057
0488,5,0.058
0488,6,0.061
0488,7,0.08
0488,8,0.09
0488,9,0.123
0488,10,0.155
0488,11,0.201
0488,12,0.237
0488,13,0.297
0488,14,0.314
0488,15,0.442
0488,16,0.528
0488,17,0.625
0488,18,0.668
0488,19,0.71
0488,20,0.759
0488,21,0.829
0488,22,0.868
0488,23,0.88
0488,24,0.908
0488,25,0.913
0488,26,0.914
0488,27,0.916
0488,28,0.919
0488,29,0.92
0488,30,0.922
0488,31,0.923
0488,32,0.924
0488,33,0.924
0488,34,0.926
0488,35,0.927
0488,36,0.928
0488,37,0.931
0488,38,0.932
0488,39,0.933
0488,40,0.934
0488,41,0.934
0488,42,0.935
0488,43,0.935
0488,44,0.935
0488,45,0.935
0488,46,0.936
0488,47,0.937
0488,48,0.938
0488,49,0.939
0488,50,0.939
0488,51,0.94
0488,52,0.94
0509,1,0.017
0509,2,0.023
0509,3,0.039
0509,4,0.045
0509,5,0.055
0509,6,0.056
0509,7,0.077
0509,8,0.103
0509,9,0.144
0509,10,0.164
0509,11,0.18
0509,12,0.186
0509,13,0.25
0509,14,0.327
0509,15,0.473
0509,16,0.577
0509,17,0.681
0509,18,0.734
0509,19,0.754
0509,20,0.768
0509,21,0.781
0509,22,0.817
0509,23,0.869
0509,24,0.895
0509,25,0.9
0509,26,0.901
0509,27,0.906
0509,28,0.908
0509,29,0.91
0509,30,0.91
0509,31,0.91
0509,32,0.911
0509,33,0.912
0509,34,0.915
0509,35,0.915
0509,36,0.918
0509,37,0.92
0509,38,0.926
0509,39,0.926
0509,40,0.927
0509,41,0.927
0509,42,0.927
0509,43,0.927
0509,44,0.927
0509,45,0.927
0509,46,0.927
0509,47,0.927
0509,48,0.928
0509,49,0.928
0509,50,0.928
0509,51,0.929
0509,52,0.929
0512,1,0.014
0512,2,0.025
0512,3,0.045
0512,4,0.054
0512,5,0.069
0512,6,0.072
0512,7,0.102
0512,8,0.134
0512,9,0.169
0512,10,0.198
0512,11,0.226
0512,12,0.26
0512,13,0.309
0512,14,0.366
0512,15,0.447
0512,16,0.534
0512,17,0.644
0512,18,0.719
0512,19,0.763
0512,20,0.779
0512,21,0.803
0512,22,0.851
0512,23,0.884
0512,24,0.902
0512,25,0.913
0512,26,0.916
0512,27,0.92
0512,28,0.922
0512,29,0.922
0512,30,0.924
0512,31,0.926
0512,32,0.926
0512,33,0.928
0512,34,0.929
0512,35,0.93
0512,36,0.931
0512,37,0.932
0512,38,0.936
0512,39,0.936
0512,40,0.936
0512,41,0.936
0512,42,0.937
0512,43,0.938
0512,44,0.938
0512,45,0.938
0512,46,0.939
0512,47,0.939
0512,48,0.939
0512,49,0.939
0512,50,0.94
0512,51,0.94
0512,52,0.94
0513,1,0.007
0513,2,0.017
0513,3,0.034
0513,4,0.039
0513,5,0.044
0513,6,0.047
0513,7,0.066
0513,8,0.091
0513,9,0.119
0513,10,0.146
0513,11,0.162
0513,12,0.22
0513,13,0.274
0513,14,0.345
0513,15,0.44
0513,16,0.566
0513,17,0.672
0513,18,0.758
0513,19,0.795
0513,20,0.805
0513,21,0.815
0513,22,0.847
0513,23,0.886
0513,24,0.917
0513,25,0.932
0513,26,0.935
0513,27,0.938
0513,28,0.94
0513,29,0.942
0513,30,0.944
0513,31,0.945
0513,32,0.946
0513,33,0.948
0513,34,0.949
0513,35,0.95
0513,36,0.951
0513,37,0.953
0513,38,0.956
0513,39,0.957
0513,40,0.957
0513,41,0.957
0513,42,0.957
0513,43,0.958
0513,44,0.958
0513,45,0.958
0513,46,0.958
0513,47,0.959
0513,48,0.959
0513,49,0.959
0513,50,0.96
0513,51,0.96
0513,52,0.96
0560,1,0.006
0560,2,0.016
0560,3,0.025
0560,4,0.041
0560,5,0.057
0560,6,0.058
0560,7,0.084
0560,8,0.109
0560,9,0.142
0560,10,0.162
0560,11,0.18
0560,12,0.205
0560,13,0.301
0560,14,0.373
0560,15,0.475
0560,16,0.593
0560,17,0.679
0560,18,0.737
0560,19,0.752
0560,20,0.76
0560,21,0.774
0560,22,0.807
0560,23,0.847
0560,24,0.897
0560,25,0.91
0560,26,0.913
0560,27,0.915
0560,28,0.92
0560,29,0.922
0560,30,0.925
0560,31,0.927
0560,32,0.928
0560,33,0.929
0560,34,0.932
0560,35,0.932
0560,36,0.934
0560,37,0.934
0560,38,0.938
0560,39,0.938
0560,40,0.939
0560,41,0.94
0560,42,0.941
0560,43,0.941
0560,44,0.942
0560,45,0.942
0560,46,0.942
0560,47,0.943
0560,48,0.943
0560,49,0.943
0560,50,0.944
0560,51,0.946
0560,52,0.946
0561,1,0.005
0561,2,0.014
0561,3,0.029
0561,4,0.046
0561,5,0.056
0561,6,0.059
0561,7,0.062
0561,8,0.089
0561,9,0.115
0561,10,0.159
0561,11,0.179
0561,12,0.219
0561,13,0.268
0561,14,0.31
0561,15,0.437
0561,16,0.553
0561,17,0.665
0561,18,0.745
0561,19,0.777
0561,20,0.783
0561,21,0.788
0561,22,0.819
0561,23,0.884
0561,24,0.914
0561,25,0.926
0561,26,0.93
0561,27,0.934
0561,28,0.937
0561,29,0.937
0561,30,0.939
0561,31,0.94
0561,32,0.941
0561,33,0.943
0561,34,0.946
0561,35,0.946
0561,36,0.947
0561,37,0.948
0561,38,0.952
0561,39,0.952
0561,40,0.953
0561,41,0.953
0561,42,0.953
0561,43,0.954
0561,44,0.954
0561,45,0.954
0561,46,0.954
0561,47,0.954
0561,48,0.955
0561,49,0.956
0561,50,0.956
0561,51,0.957
0561,52,0.957
0562,1,0.007
0562,2,0.015
0562,3,0.026
0562,4,0.038
0562,5,0.046
0562,6,0.049
0562,7,0.06
0562,8,0.068
0562,9,0.1
0562,10,0.131
0562,11,0.176
0562,12,0.237
0562,13,0.305
0562,14,0.355
0562,15,0.425
0562,16,0.524
0562,17,0.65
0562,18,0.716
0562,19,0.734
0562,20,0.755
0562,21,0.775
0562,22,0.8
0562,23,0.827
0562,24,0.875
0562,25,0.899
0562,26,0.905
0562,27,0.909
0562,28,0.912
0562,29,0.915
0562,30,0.917
0562,31,0.918
0562,32,0.92
0562,33,0.923
0562,34,0.924
0562,35,0.924
0562,36,0.926
0562,37,0.926
0562,38,0.93
0562,39,0.931
0562,40,0.932
0562,41,0.932
0562,42,0.932
0562,43,0.932
0562,44,0.932
0562,45,0.933
0562,46,0.933
0562,47,0.933
0562,48,0.934
0562,49,0.935
0562,50,0.936
0562,51,0.936
0562,52,0.937
0563,1,0.012
0563,2,0.015
0563,3,0.032
0563,4,0.038
0563,5,0.054
0563,6,0.056
0563,7,0.06
0563,8,0.087
0563,9,0.109
0563,10,0.138
0563,11,0.173
0563,12,0.201
0563,13,0.246
0563,14,0.321
0563,15,0.439
0563,16,0.552
0563,17,0.692
0563,18,0.766
0563,19,0.793
0563,20,0.801
0563,21,0.816
0563,22,0.844
0563,23,0.856
0563,24,0.905
0563,25,0.907
0563,26,0.916
0563,27,0.917
0563,28,0.921
0563,29,0.922
0563,30,0.923
0563,31,0.926
0563,32,0.928
0563,33,0.929
0563,34,0.929
0563,35,0.93
0563,36,0.932
0563,37,0.934
0563,38,0.938
0563,39,0.938
0563,40,0.938
0563,41,0.938
0563,42,0.938
0563,43,0.939
0563,44,0.939
0563,45,0.94
0563,46,0.94
0563,47,0.94
0563,48,0.941
0563,49,0.942
0563,50,0.942
0563,51,0.943
0563,52,0.943
0580,1,0.017
0580,2,0.024
0580,3,0.043
0580,4,0.054
0580,5,0.06
0580,6,0.066
0580,7,0.082
0580,8,0.102
0580,9,0.134
0580,10,0.171
0580,11,0.198
0580,12,0.234
0580,13,0.289
0580,14,0.348
0580,15,0.455
0580,16,0.552
0580,17,0.652
0580,18,0.709
0580,19,0.738
0580,20,0.75
0580,21,0.758
0580,22,0.781
0580,23,0.833
0580,24,0.893
0580,25,0.911
0580,26,0.917
0580,27,0.921
0580,28,0.922
0580,29,0.925
0580,30,0.927
0580,31,0.928
0580,32,0.929
0580,33,0.931
0580,34,0.932
0580,35,0.933
0580,36,0.935
0580,37,0.936
0580,38,0.939
0580,39,0.94
0580,40,0.941
0580,41,0.941
0580,42,0.941
0580,43,0.942
0580,44,0.942
0580,45,0.942
0580,46,0.942
0580,47,0.943
0580,48,0.944
0580,49,0.944
0580,50,0.945
0580,51,0.945
0580,52,0.945
0581,1,0.011
0581,2,0.019
0581,3,0.034
0581,4,0.044
0581,5,0.051
0581,6,0.057
0581,7,0.071
0581,8,0.088
0581,9,0.113
0581,10,0.143
0581,11,0.18
0581,12,0.216
0581,13,0.264
0581,14,0.312
0581,15,0.422
0581,16,0.508
0581,17,0.604
0581,18,0.667
0581,19,0.7
0581,20,0.716
0581,21,0.725
0581,22,0.753
0581,23,0.775
0581,24,0.866
0581,25,0.876
0581,26,0.886
0581,27,0.891
0581,28,0.894
0581,29,0.898
0581,30,0.901
0581,31,0.903
0581,32,0.904
0581,33,0.906
0581,34,0.907
0581,35,0.909
0581,36,0.911
0581,37,0.912
0581,38,0.916
0581,39,0.917
0581,40,0.918
0581,41,0.918
0581,42,0.918
0581,43,0.919
0581,44,0.919
0581,45,0.92
0581,46,0.92
0581,47,0.92
0581,48,0.921
0581,49,0.922
0581,50,0.923
0581,51,0.924
0581,52,0.924
0582,1,0.007
0582,2,0.018
0582,3,0.029
0582,4,0.041
0582,5,0.066
0582,6,0.082
0582,7,0.089
0582,8,0.097
0582,9,0.118
0582,10,0.146
0582,11,0.182
0582,12,0.242
0582,13,0.3
0582,14,0.361
0582,15,0.516
0582,16,0.615
0582,17,0.732
0582,18,0.772
0582,19,0.788
0582,20,0.794
0582,21,0.802
0582,22,0.827
0582,23,0.865
0582,24,0.917
0582,25,0.924
0582,26,0.93
0582,27,0.933
0582,28,0.934
0582,29,0.937
0582,30,0.94
0582,31,0.94
0582,32,0.942
0582,33,0.943
0582,34,0.944
0582,35,0.944
0582,36,0.946
0582,37,0.947
0582,38,0.95
0582,39,0.95
0582,40,0.951
0582,41,0.951
0582,42,0.952
0582,43,0.952
0582,44,0.953
0582,45,0.953
0582,46,0.953
0582,47,0.953
0582,48,0.954
0582,49,0.954
0582,50,0.954
0582,51,0.955
0582,52,0.955
0583,1,0.01
0583,2,0.015
0583,3,0.03
0583,4,0.039
0583,5,0.043
0583,6,0.056
0583,7,0.076
0583,8,0.097
0583,9,0.128
0583,10,0.156
0583,11,0.193
0583,12,0.234
0583,13,0.281
0583,14,0.341
0583,15,0.486
0583,16,0.607
0583,17,0.684
0583,18,0.737
0583,19,0.756
0583,20,0.771
0583,21,0.779
0583,22,0.794
0583,23,0.847
0583,24,0.892
0583,25,0.914
0583,26,0.919
0583,27,0.923
0583,28,0.926
0583,29,0.927
0583,30,0.929
0583,31,0.93
0583,32,0.931
0583,33,0.932
0583,34,0.933
0583,35,0.934
0583,36,0.935
0583,37,0.937
0583,38,0.94
0583,39,0.941
0583,40,0.941
0583,41,0.942
0583,42,0.942
0583,43,0.942
0583,44,0.942
0583,45,0.943
0583,46,0.943
0583,47,0.943
0583,48,0.944
0583,49,0.944
0583,50,0.945
0583,51,0.945
0583,52,0.946
0584,1,0.019
0584,2,0.021
0584,3,0.044
0584,4,0.066
0584,5,0.092
0584,6,0.098
0584,7,0.102
0584,8,0.111
0584,9,0.147
0584,10,0.181
0584,11,0.216
0584,12,0.258
0584,13,0.318
0584,14,0.411
0584,15,0.548
0584,16,0.67
0584,17,0.798
0584,18,0.828
0584,19,0.839
0584,20,0.843
0584,21,0.851
0584,22,0.864
0584,23,0.89
0584,24,0.914
0584,25,0.927
0584,26,0.93
0584,27,0.931
0584,28,0.933
0584,29,0.933
0584,30,0.935
0584,31,0.935
0584,32,0.937
0584,33,0.937
0584,34,0.937
0584,35,0.939
0584,36,0.94
0584,37,0.941
0584,38,0.944
0584,39,0.944
0584,40,0.945
0584,41,0.945
0584,42,0.946
0584,43,0.946
0584,44,0.946
0584,45,0.947
0584,46,0.947
0584,47,0.947
0584,48,0.947
0584,49,0.948
0584,50,0.949
0584,51,0.949
0584,52,0.949
0586,1,0.017
0586,2,0.022
0586,3,0.035
0586,4,0.05
0586,5,0.058
0586,6,0.063
0586,7,0.081
0586,8,0.098
0586,9,0.129
0586,10,0.154
0586,11,0.169
0586,12,0.207
0586,13,0.29
0586,14,0.355
0586,15,0.481
0586,16,0.61
0586,17,0.712
0586,18,0.745
0586,19,0.765
0586,20,0.781
0586,21,0.793
0586,22,0.809
0586,23,0.851
0586,24,0.91
0586,25,0.922
0586,26,0.926
0586,27,0.93
0586,28,0.932
0586,29,0.935
0586,30,0.936
0586,31,0.937
0586,32,0.938
0586,33,0.939
0586,34,0.94
0586,35,0.94
0586,36,0.941
0586,37,0.942
0586,38,0.945
0586,39,0.946
0586,40,0.946
0586,41,0.946
0586,42,0.946
0586,43,0.947
0586,44,0.947
0586,45,0.947
0586,46,0.947
0586,47,0.948
0586,48,0.949
0586,49,0.949
0586,50,0.95
0586,51,0.95
0586,52,0.951
0604,1,0.013
0604,2,0.038
0604,3,0.051
0604,4,0.06
0604,5,0.06
0604,6,0.065
0604,7,0.079
0604,8,0.096
0604,9,0.133
0604,10,0.169
0604,11,0.18
0604,12,0.199
0604,13,0.287
0604,14,0.378
0604,15,0.469
0604,16,0.561
0604,17,0.641
0604,18,0.711
0604,19,0.757
0604,20,0.77
0604,21,0.792
0604,22,0.849
0604,23,0.855
0604,24,0.874
0604,25,0.891
0604,26,0.903
0604,27,0.906
0604,28,0.907
0604,29,0.91
0604,30,0.911
0604,31,0.913
0604,32,0.915
0604,33,0.915
0604,34,0.919
0604,35,0.921
0604,36,0.924
0604,37,0.927
0604,38,0.928
0604,39,0.932
0604,40,0.932
0604,41,0.932
0604,42,0.933
0604,43,0.933
0604,44,0.933
0604,45,0.933
0604,46,0.936
0604,47,0.936
0604,48,0.936
0604,49,0.937
0604,50,0.938
0604,51,0.938
0604,52,0.938
0617,1,0.005
0617,2,0.021
0617,3,0.029
0617,4,0.04
0617,5,0.041
0617,6,0.047
0617,7,0.065
0617,8,0.113
0617,9,0.151
0617,10,0.187
0617,11,0.214
0617,12,0.222
0617,13,0.26
0617,14,0.366
0617,15,0.479
0617,16,0.54
0617,17,0.583
0617,18,0.633
0617,19,0.664
0617,20,0.691
0617,21,0.709
0617,22,0.766
0617,23,0.816
0617,24,0.86
0617,25,0.875
0617,26,0.887
0617,27,0.89
0617,28,0.893
0617,29,0.897
0617,30,0.899
0617,31,0.903
0617,32,0.903
0617,33,0.905
0617,34,0.909
0617,35,0.911
0617,36,0.914
0617,37,0.914
0617,38,0.917
0617,39,0.917
0617,40,0.918
0617,41,0.919
0617,42,0.919
0617,43,0.92
0617,44,0.92
0617,45,0.92
0617,46,0.924
0617,47,0.926
0617,48,0.927
0617,49,0.928
0617,50,0.928
0617,51,0.928
0617,52,0.928
0642,1,0.007
0642,2,0.033
0642,3,0.049
0642,4,0.062
0642,5,0.063
0642,6,0.069
0642,7,0.104
0642,8,0.133
0642,9,0.16
0642,10,0.211
0642,11,0.226
0642,12,0.246
0642,13,0.305
0642,14,0.345
0642,15,0.472
0642,16,0.56
0642,17,0.653
0642,18,0.703
0642,19,0.731
0642,20,0.755
0642,21,0.768
0642,22,0.819
0642,23,0.853
0642,24,0.875
0642,25,0.896
0642,26,0.904
0642,27,0.908
0642,28,0.91
0642,29,0.913
0642,30,0.916
0642,31,0.917
0642,32,0.917
0642,33,0.919
0642,34,0.92
0642,35,0.926
0642,36,0.928
0642,37,0.929
0642,38,0.929
0642,39,0.93
0642,40,0.93
0642,41,0.93
0642,42,0.931
0642,43,0.931
0642,44,0.932
0642,45,0.932
0642,46,0.933
0642,47,0.933
0642,48,0.933
0642,49,0.933
0642,50,0.933
0642,51,0.934
0642,52,0.934
0643,1,0.005
0643,2,0.02
0643,3,0.033
0643,4,0.048
0643,5,0.05
0643,6,0.063
0643,7,0.076
0643,8,0.108
0643,9,0.156
0643,10,0.187
0643,11,0.205
0643,12,0.231
0643,13,0.269
0643,14,0.33
0643,15,0.469
0643,16,0.559
0643,17,0.634
0643,18,0.687
0643,19,0.72
0643,20,0.733
0643,21,0.746
0643,22,0.809
0643,23,0.858
0643,24,0.883
0643,25,0.902
0643,26,0.909
0643,27,0.914
0643,28,0.916
0643,29,0.918
0643,30,0.92
0643,31,0.921
0643,32,0.923
0643,33,0.924
0643,34,0.926
0643,35,0.928
0643,36,0.928
0643,37,0.932
0643,38,0.934
0643,39,0.935
0643,40,0.936
0643,41,0.936
0643,42,0.937
0643,43,0.938
0643,44,0.938
0643,45,0.938
0643,46,0.941
0643,47,0.941
0643,48,0.942
0643,49,0.943
0643,50,0.943
0643,51,0.943
0643,52,0.944
0662,1,0.007
0662,2,0.027
0662,3,0.039
0662,4,0.054
0662,5,0.055
0662,6,0.061
0662,7,0.069
0662,8,0.098
0662,9,0.134
0662,10,0.165
0662,11,0.189
0662,12,0.204
0662,13,0.262
0662,14,0.339
0662,15,0.451
0662,16,0.513
0662,17,0.595
0662,18,0.645
0662,19,0.687
0662,20,0.714
0662,21,0.738
0662,22,0.781
0662,23,0.814
0662,24,0.85
0662,25,0.873
0662,26,0.881
0662,27,0.887
0662,28,0.888
0662,29,0.891
0662,30,0.895
0662,31,0.896
0662,32,0.899
0662,33,0.9
0662,34,0.903
0662,35,0.907
0662,36,0.91
0662,37,0.912
0662,38,0.913
0662,39,0.914
0662,40,0.915
0662,41,0.916
0662,42,0.917
0662,43,0.918
0662,44,0.918
0662,45,0.918
0662,46,0.921
0662,47,0.922
0662,48,0.923
0662,49,0.923
0662,50,0.924
0662,51,0.925
0662,52,0.925
0665,1,0.005
0665,2,0.015
0665,3,0.029
0665,4,0.039
0665,5,0.042
0665,6,0.045
0665,7,0.065
0665,8,0.092
0665,9,0.134
0665,10,0.166
0665,11,0.174
0665,12,0.195
0665,13,0.253
0665,14,0.325
0665,15,0.456
0665,16,0.536
0665,17,0.625
0665,18,0.679
0665,19,0.717
0665,20,0.727
0665,21,0.746
0665,22,0.803
0665,23,0.838
0665,24,0.862
0665,25,0.872
0665,26,0.884
0665,27,0.887
0665,28,0.887
0665,29,0.893
0665,30,0.894
0665,31,0.897
0665,32,0.898
0665,33,0.898
0665,34,0.902
0665,35,0.904
0665,36,0.907
0665,37,0.908
0665,38,0.909
0665,39,0.911
0665,40,0.911
0665,41,0.912
0665,42,0.912
0665,43,0.913
0665,44,0.914
0665,45,0.914
0665,46,0.917
0665,47,0.918
0665,48,0.919
0665,49,0.92
0665,50,0.922
0665,51,0.922
0665,52,0.922
0680,1,0.003
0680,2,0.022
0680,3,0.044
0680,4,0.058
0680,5,0.063
0680,6,0.069
0680,7,0.076
0680,8,0.097
0680,9,0.13
0680,10,0.162
0680,11,0.182
0680,12,0.198
0680,13,0.259
0680,14,0.322
0680,15,0.44
0680,16,0.529
0680,17,0.607
0680,18,0.665
0680,19,0.703
0680,20,0.721
0680,21,0.735
0680,22,0.782
0680,23,0.826
0680,24,0.864
0680,25,0.884
0680,26,0.892
0680,27,0.897
0680,28,0.899
0680,29,0.902
0680,30,0.903
0680,31,0.905
0680,32,0.907
0680,33,0.909
0680,34,0.912
0680,35,0.915
0680,36,0.918
0680,37,0.92
0680,38,0.922
0680,39,0.923
0680,40,0.924
0680,41,0.925
0680,42,0.925
0680,43,0.926
0680,44,0.927
0680,45,0.927
0680,46,0.929
0680,47,0.93
0680,48,0.931
0680,49,0.931
0680,50,0.932
0680,51,0.933
0680,52,0.933
0682,1,0.009
0682,2,0.034
0682,3,0.052
0682,4,0.06
0682,5,0.062
0682,6,0.067
0682,7,0.081
0682,8,0.118
0682,9,0.16
0682,10,0.197
0682,11,0.22
0682,12,0.236
0682,13,0.313
0682,14,0.393
0682,15,0.51
0682,16,0.562
0682,17,0.64
0682,18,0.706
0682,19,0.734
0682,20,0.749
0682,21,0.771
0682,22,0.809
0682,23,0.846
0682,24,0.866
0682,25,0.892
0682,26,0.899
0682,27,0.905
0682,28,0.906
0682,29,0.908
0682,30,0.912
0682,31,0.913
0682,32,0.915
0682,33,0.916
0682,34,0.917
0682,35,0.921
0682,36,0.923
0682,37,0.925
0682,38,0.926
0682,39,0.928
0682,40,0.928
0682,41,0.928
0682,42,0.929
0682,43,0.929
0682,44,0.93
0682,45,0.93
0682,46,0.933
0682,47,0.933
0682,48,0.934
0682,49,0.935
0682,50,0.935
0682,51,0.936
0682,52,0.936
0683,1,0.006
0683,2,0.022
0683,3,0.037
0683,4,0.048
0683,5,0.05
0683,6,0.053
0683,7,0.059
0683,8,0.079
0683,9,0.106
0683,10,0.14
0683,11,0.165
0683,12,0.178
0683,13,0.255
0683,14,0.332
0683,15,0.471
0683,16,0.54
0683,17,0.617
0683,18,0.672
0683,19,0.692
0683,20,0.731
0683,21,0.743
0683,22,0.803
0683,23,0.837
0683,24,0.872
0683,25,0.889
0683,26,0.899
0683,27,0.902
0683,28,0.904
0683,29,0.906
0683,30,0.909
0683,31,0.91
0683,32,0.911
0683,33,0.913
0683,34,0.915
0683,35,0.918
0683,36,0.92
0683,37,0.923
0683,38,0.924
0683,39,0.925
0683,40,0.925
0683,41,0.926
0683,42,0.926
0683,43,0.926
0683,44,0.927
0683,45,0.928
0683,46,0.93
0683,47,0.931
0683,48,0.932
0683,49,0.933
0683,50,0.934
0683,51,0.934
0683,52,0.935
0684,1,0.007
0684,2,0.024
0684,3,0.032
0684,4,0.04
0684,5,0.041
0684,6,0.047
0684,7,0.064
0684,8,0.097
0684,9,0.148
0684,10,0.187
0684,11,0.208
0684,12,0.221
0684,13,0.293
0684,14,0.335
0684,15,0.499
0684,16,0.579
0684,17,0.638
0684,18,0.691
0684,19,0.715
0684,20,0.739
0684,21,0.755
0684,22,0.803
0684,23,0.836
0684,24,0.837
0684,25,0.858
0684,26,0.868
0684,27,0.872
0684,28,0.875
0684,29,0.879
0684,30,0.881
0684,31,0.882
0684,32,0.882
0684,33,0.882
0684,34,0.887
0684,35,0.889
0684,36,0.892
0684,37,0.895
0684,38,0.896
0684,39,0.899
0684,40,0.9
0684,41,0.901
0684,42,0.903
0684,43,0.903
0684,44,0.904
0684,45,0.905
0684,46,0.908
0684,47,0.909
0684,48,0.91
0684,49,0.912
0684,50,0.915
0684,51,0.915
0684,52,0.915
0685,1,0.008
0685,2,0.024
0685,3,0.037
0685,4,0.054
0685,5,0.059
0685,6,0.066
0685,7,0.075
0685,8,0.088
0685,9,0.132
0685,10,0.157
0685,11,0.183
0685,12,0.195
0685,13,0.264
0685,14,0.324
0685,15,0.445
0685,16,0.551
0685,17,0.635
0685,18,0.705
0685,19,0.753
0685,20,0.786
0685,21,0.797
0685,22,0.837
0685,23,0.861
0685,24,0.883
0685,25,0.899
0685,26,0.907
0685,27,0.91
0685,28,0.912
0685,29,0.915
0685,30,0.917
0685,31,0.918
0685,32,0.919
0685,33,0.92
0685,34,0.922
0685,35,0.924
0685,36,0.926
0685,37,0.928
0685,38,0.93
0685,39,0.931
0685,40,0.932
0685,41,0.932
0685,42,0.933
0685,43,0.934
0685,44,0.934
0685,45,0.934
0685,46,0.936
0685,47,0.937
0685,48,0.937
0685,49,0.938
0685,50,0.938
0685,51,0.939
0685,52,0.939
0686,1,0.008
0686,2,0.03
0686,3,0.045
0686,4,0.061
0686,5,0.064
0686,6,0.073
0686,7,0.097
0686,8,0.113
0686,9,0.152
0686,10,0.187
0686,11,0.216
0686,12,0.229
0686,13,0.305
0686,14,0.392
0686,15,0.521
0686,16,0.6
0686,17,0.67
0686,18,0.72
0686,19,0.746
0686,20,0.762
0686,21,0.786
0686,22,0.819
0686,23,0.882
0686,24,0.887
0686,25,0.9
0686,26,0.906
0686,27,0.91
0686,28,0.912
0686,29,0.915
0686,30,0.917
0686,31,0.918
0686,32,0.918
0686,33,0.919
0686,34,0.922
0686,35,0.925
0686,36,0.927
0686,37,0.928
0686,38,0.929
0686,39,0.929
0686,40,0.93
0686,41,0.931
0686,42,0.931
0686,43,0.932
0686,44,0.932
0686,45,0.932
0686,46,0.934
0686,47,0.934
0686,48,0.935
0686,49,0.936
0686,50,0.937
0686,51,0.937
0686,52,0.937
0687,1,0.007
0687,2,0.022
0687,3,0.033
0687,4,0.041
0687,5,0.042
0687,6,0.047
0687,7,0.064
0687,8,0.074
0687,9,0.107
0687,10,0.16
0687,11,0.181
0687,12,0.188
0687,13,0.28
0687,14,0.36
0687,15,0.483
0687,16,0.561
0687,17,0.643
0687,18,0.687
0687,19,0.722
0687,20,0.736
0687,21,0.757
0687,22,0.813
0687,23,0.837
0687,24,0.893
0687,25,0.907
0687,26,0.918
0687,27,0.922
0687,28,0.923
0687,29,0.925
0687,30,0.925
0687,31,0.926
0687,32,0.928
0687,33,0.93
0687,34,0.932
0687,35,0.935
0687,36,0.937
0687,37,0.938
0687,38,0.94
0687,39,0.941
0687,40,0.941
0687,41,0.942
0687,42,0.942
0687,43,0.942
0687,44,0.942
0687,45,0.943
0687,46,0.944
0687,47,0.945
0687,48,0.946
0687,49,0.946
0687,50,0.946
0687,51,0.947
0687,52,0.947
0760,1,0.011
0760,2,0.017
0760,3,0.036
0760,4,0.044
0760,5,0.059
0760,6,0.066
0760,7,0.073
0760,8,0.079
0760,9,0.096
0760,10,0.115
0760,11,0.148
0760,12,0.189
0760,13,0.231
0760,14,0.276
0760,15,0.412
0760,16,0.492
0760,17,0.569
0760,18,0.597
0760,19,0.663
0760,20,0.71
0760,21,0.729
0760,22,0.743
0760,23,0.79
0760,24,0.842
0760,25,0.853
0760,26,0.862
0760,27,0.869
0760,28,0.87
0760,29,0.873
0760,30,0.876
0760,31,0.878
0760,32,0.879
0760,33,0.883
0760,34,0.885
0760,35,0.887
0760,36,0.888
0760,37,0.89
0760,38,0.893
0760,39,0.893
0760,40,0.897
0760,41,0.899
0760,42,0.901
0760,43,0.903
0760,44,0.903
0760,45,0.903
0760,46,0.905
0760,47,0.906
0760,48,0.908
0760,49,0.908
0760,50,0.908
0760,51,0.909
0760,52,0.909
0761,1,0.015
0761,2,0.027
0761,3,0.06
0761,4,0.072
0761,5,0.079
0761,6,0.081
0761,7,0.085
0761,8,0.091
0761,9,0.105
0761,10,0.116
0761,11,0.127
0761,12,0.16
0761,13,0.226
0761,14,0.299
0761,15,0.429
0761,16,0.541
0761,17,0.606
0761,18,0.647
0761,19,0.698
0761,20,0.754
0761,21,0.763
0761,22,0.776
0761,23,0.82
0761,24,0.867
0761,25,0.878
0761,26,0.884
0761,27,0.89
0761,28,0.893
0761,29,0.898
0761,30,0.9
0761,31,0.903
0761,32,0.906
0761,33,0.908
0761,34,0.909
0761,35,0.91
0761,36,0.913
0761,37,0.915
0761,38,0.918
0761,39,0.92
0761,40,0.924
0761,41,0.926
0761,42,0.927
0761,43,0.928
0761,44,0.928
0761,45,0.928
0761,46,0.928
0761,47,0.929
0761,48,0.93
0761,49,0.93
0761,50,0.931
0761,51,0.932
0761,52,0.932
0763,1,0.015
0763,2,0.023
0763,3,0.046
0763,4,0.057
0763,5,0.062
0763,6,0.069
0763,7,0.081
0763,8,0.103
0763,9,0.129
0763,10,0.15
0763,11,0.164
0763,12,0.183
0763,13,0.216
0763,14,0.305
0763,15,0.434
0763,16,0.546
0763,17,0.608
0763,18,0.657
0763,19,0.715
0763,20,0.755
0763,21,0.77
0763,22,0.783
0763,23,0.821
0763,24,0.865
0763,25,0.872
0763,26,0.875
0763,27,0.879
0763,28,0.882
0763,29,0.886
0763,30,0.889
0763,31,0.889
0763,32,0.891
0763,33,0.893
0763,34,0.894
0763,35,0.895
0763,36,0.896
0763,37,0.897
0763,38,0.9
0763,39,0.9
0763,40,0.903
0763,41,0.904
0763,42,0.905
0763,43,0.905
0763,44,0.906
0763,45,0.906
0763,46,0.906
0763,47,0.907
0763,48,0.908
0763,49,0.908
0763,50,0.909
0763,51,0.91
0763,52,0.91
0764,1,0.008
0764,2,0.017
0764,3,0.038
0764,4,0.044
0764,5,0.063
0764,6,0.066
0764,7,0.087
0764,8,0.097
0764,9,0.109
0764,10,0.121
0764,11,0.143
0764,12,0.186
0764,13,0.237
0764,14,0.279
0764,15,0.427
0764,16,0.53
0764,17,0.599
0764,18,0.662
0764,19,0.687
0764,20,0.728
0764,21,0.754
0764,22,0.767
0764,23,0.809
0764,24,0.855
0764,25,0.876
0764,26,0.882
0764,27,0.887
0764,28,0.888
0764,29,0.893
0764,30,0.895
0764,31,0.897
0764,32,0.898
0764,33,0.9
0764,34,0.902
0764,35,0.905
0764,36,0.907
0764,37,0.909
0764,38,0.911
0764,39,0.912
0764,40,0.915
0764,41,0.917
0764,42,0.918
0764,43,0.919
0764,44,0.919
0764,45,0.919
0764,46,0.919
0764,47,0.92
0764,48,0.921
0764,49,0.921
0764,50,0.922
0764,51,0.923
0764,52,0.923
0765,1,0.012
0765,2,0.021
0765,3,0.043
0765,4,0.048
0765,5,0.056
0765,6,0.061
0765,7,0.069
0765,8,0.085
0765,9,0.096
0765,10,0.105
0765,11,0.122
0765,12,0.143
0765,13,0.177
0765,14,0.208
0765,15,0.346
0765,16,0.468
0765,17,0.566
0765,18,0.636
0765,19,0.678
0765,20,0.709
0765,21,0.725
0765,22,0.735
0765,23,0.769
0765,24,0.834
0765,25,0.867
0765,26,0.872
0765,27,0.878
0765,28,0.88
0765,29,0.885
0765,30,0.887
0765,31,0.89
0765,32,0.893
0765,33,0.895
0765,34,0.897
0765,35,0.898
0765,36,0.9
0765,37,0.901
0765,38,0.902
0765,39,0.903
0765,40,0.905
0765,41,0.908
0765,42,0.909
0765,43,0.909
0765,44,0.91
0765,45,0.911
0765,46,0.911
0765,47,0.912
0765,48,0.912
0765,49,0.913
0765,50,0.914
0765,51,0.915
0765,52,0.915
0767,1,0.012
0767,2,0.021
0767,3,0.038
0767,4,0.041
0767,5,0.053
0767,6,0.057
0767,7,0.064
0767,8,0.074
0767,9,0.108
0767,10,0.126
0767,11,0.195
0767,12,0.226
0767,13,0.268
0767,14,0.308
0767,15,0.448
0767,16,0.523
0767,17,0.581
0767,18,0.629
0767,19,0.671
0767,20,0.703
0767,21,0.715
0767,22,0.729
0767,23,0.769
0767,24,0.816
0767,25,0.844
0767,26,0.853
0767,27,0.857
0767,28,0.86
0767,29,0.864
0767,30,0.867
0767,31,0.869
0767,32,0.871
0767,33,0.874
0767,34,0.875
0767,35,0.876
0767,36,0.881
0767,37,0.882
0767,38,0.883
0767,39,0.885
0767,40,0.885
0767,41,0.887
0767,42,0.889
0767,43,0.891
0767,44,0.892
0767,45,0.893
0767,46,0.893
0767,47,0.894
0767,48,0.894
0767,49,0.895
0767,50,0.896
0767,51,0.896
0767,52,0.897
0780,1,0.003
0780,2,0.01
0780,3,0.022
0780,4,0.029
0780,5,0.038
0780,6,0.044
0780,7,0.056
0780,8,0.067
0780,9,0.102
0780,10,0.124
0780,11,0.144
0780,12,0.175
0780,13,0.229
0780,14,0.301
0780,15,0.441
0780,16,0.528
0780,17,0.586
0780,18,0.622
0780,19,0.672
0780,20,0.73
0780,21,0.761
0780,22,0.777
0780,23,0.822
0780,24,0.872
0780,25,0.886
0780,26,0.892
0780,27,0.898
0780,28,0.901
0780,29,0.904
0780,30,0.907
0780,31,0.909
0780,32,0.911
0780,33,0.913
0780,34,0.914
0780,35,0.916
0780,36,0.917
0780,37,0.919
0780,38,0.921
0780,39,0.923
0780,40,0.925
0780,41,0.926
0780,42,0.927
0780,43,0.927
0780,44,0.928
0780,45,0.929
0780,46,0.929
0780,47,0.93
0780,48,0.93
0780,49,0.931
0780,50,0.932
0780,51,0.932
0780,52,0.932
0781,1,0.007
0781,2,0.013
0781,3,0.018
0781,4,0.03
0781,5,0.042
0781,6,0.048
0781,7,0.061
0781,8,0.074
0781,9,0.1
0781,10,0.122
0781,11,0.154
0781,12,0.187
0781,13,0.228
0781,14,0.242
0781,15,0.371
0781,16,0.501
0781,17,0.557
0781,18,0.627
0781,19,0.678
0781,20,0.711
0781,21,0.729
0781,22,0.745
0781,23,0.802
0781,24,0.856
0781,25,0.876
0781,26,0.882
0781,27,0.885
0781,28,0.889
0781,29,0.892
0781,30,0.894
0781,31,0.896
0781,32,0.899
0781,33,0.9
0781,34,0.903
0781,35,0.904
0781,36,0.906
0781,37,0.908
0781,38,0.909
0781,39,0.91
0781,40,0.911
0781,41,0.913
0781,42,0.913
0781,43,0.913
0781,44,0.914
0781,45,0.914
0781,46,0.915
0781,47,0.915
0781,48,0.916
0781,49,0.916
0781,50,0.917
0781,51,0.918
0781,52,0.918
0821,1,0.009
0821,2,0.024
0821,3,0.057
0821,4,0.084
0821,5,0.103
0821,6,0.105
0821,7,0.112
0821,8,0.119
0821,9,0.148
0821,10,0.176
0821,11,0.204
0821,12,0.233
0821,13,0.259
0821,14,0.302
0821,15,0.372
0821,16,0.467
0821,17,0.591
0821,18,0.679
0821,19,0.711
0821,20,0.744
0821,21,0.769
0821,22,0.789
0821,23,0.809
0821,24,0.831
0821,25,0.84
0821,26,0.848
0821,27,0.852
0821,28,0.86
0821,29,0.863
0821,30,0.867
0821,31,0.871
0821,32,0.873
0821,33,0.875
0821,34,0.875
0821,35,0.876
0821,36,0.878
0821,37,0.88
0821,38,0.884
0821,39,0.884
0821,40,0.885
0821,41,0.886
0821,42,0.888
0821,43,0.889
0821,44,0.889
0821,45,0.889
0821,46,0.889
0821,47,0.891
0821,48,0.893
0821,49,0.895
0821,50,0.896
0821,51,0.896
0821,52,0.896
0834,1,0.012
0834,2,0.025
0834,3,0.055
0834,4,0.071
0834,5,0.08
0834,6,0.085
0834,7,0.095
0834,8,0.103
0834,9,0.128
0834,10,0.177
0834,11,0.202
0834,12,0.236
0834,13,0.285
0834,14,0.304
0834,15,0.427
0834,16,0.533
0834,17,0.639
0834,18,0.696
0834,19,0.725
0834,20,0.763
0834,21,0.772
0834,22,0.803
0834,23,0.844
0834,24,0.868
0834,25,0.874
0834,26,0.88
0834,27,0.885
0834,28,0.888
0834,29,0.891
0834,30,0.893
0834,31,0.894
0834,32,0.894
0834,33,0.896
0834,34,0.897
0834,35,0.899
0834,36,0.9
0834,37,0.902
0834,38,0.905
0834,39,0.907
0834,40,0.907
0834,41,0.907
0834,42,0.908
0834,43,0.909
0834,44,0.909
0834,45,0.909
0834,46,0.91
0834,47,0.91
0834,48,0.911
0834,49,0.912
0834,50,0.912
0834,51,0.914
0834,52,0.914
0840,1,0.01
0840,2,0.041
0840,3,0.054
0840,4,0.073
0840,5,0.082
0840,6,0.087
0840,7,0.091
0840,8,0.103
0840,9,0.117
0840,10,0.152
0840,11,0.171
0840,12,0.202
0840,13,0.255
0840,14,0.304
0840,15,0.45
0840,16,0.604
0840,17,0.702
0840,18,0.761
0840,19,0.798
0840,20,0.833
0840,21,0.845
0840,22,0.874
0840,23,0.896
0840,24,0.913
0840,25,0.916
0840,26,0.92
0840,27,0.923
0840,28,0.925
0840,29,0.928
0840,30,0.93
0840,31,0.931
0840,32,0.932
0840,33,0.933
0840,34,0.933
0840,35,0.935
0840,36,0.938
0840,37,0.939
0840,38,0.94
0840,39,0.94
0840,40,0.941
0840,41,0.941
0840,42,0.943
0840,43,0.943
0840,44,0.944
0840,45,0.944
0840,46,0.944
0840,47,0.945
0840,48,0.945
0840,49,0.946
0840,50,0.947
0840,51,0.947
0840,52,0.948
0860,1,0.002
0860,2,0.011
0860,3,0.032
0860,4,0.059
0860,5,0.073
0860,6,0.076
0860,7,0.104
0860,8,0.116
0860,9,0.137
0860,10,0.184
0860,11,0.217
0860,12,0.255
0860,13,0.289
0860,14,0.345
0860,15,0.408
0860,16,0.482
0860,17,0.589
0860,18,0.678
0860,19,0.73
0860,20,0.762
0860,21,0.774
0860,22,0.809
0860,23,0.829
0860,24,0.854
0860,25,0.862
0860,26,0.869
0860,27,0.875
0860,28,0.88
0860,29,0.883
0860,30,0.887
0860,31,0.889
0860,32,0.89
0860,33,0.892
0860,34,0.892
0860,35,0.896
0860,36,0.899
0860,37,0.9
0860,38,0.902
0860,39,0.904
0860,40,0.906
0860,41,0.907
0860,42,0.91
0860,43,0.912
0860,44,0.912
0860,45,0.913
0860,46,0.913
0860,47,0.914
0860,48,0.914
0860,49,0.915
0860,50,0.915
0860,51,0.916
0860,52,0.916
0861,1,0.01
0861,2,0.03
0861,3,0.055
0861,4,0.074
0861,5,0.078
0861,6,0.083
0861,7,0.087
0861,8,0.103
0861,9,0.138
0861,10,0.172
0861,11,0.187
0861,12,0.23
0861,13,0.273
0861,14,0.322
0861,15,0.405
0861,16,0.508
0861,17,0.642
0861,18,0.681
0861,19,0.745
0861,20,0.784
0861,21,0.799
0861,22,0.828
0861,23,0.862
0861,24,0.887
0861,25,0.894
0861,26,0.899
0861,27,0.905
0861,28,0.907
0861,29,0.911
0861,30,0.912
0861,31,0.913
0861,32,0.914
0861,33,0.915
0861,34,0.917
0861,35,0.919
0861,36,0.919
0861,37,0.921
0861,38,0.922
0861,39,0.923
0861,40,0.924
0861,41,0.924
0861,42,0.927
0861,43,0.928
0861,44,0.929
0861,45,0.929
0861,46,0.93
0861,47,0.931
0861,48,0.932
0861,49,0.933
0861,50,0.934
0861,51,0.934
0861,52,0.934
0862,1,0.009
0862,2,0.028
0862,3,0.062
0862,4,0.078
0862,5,0.087
0862,6,0.103
0862,7,0.107
0862,8,0.109
0862,9,0.118
0862,10,0.147
0862,11,0.178
0862,12,0.192
0862,13,0.283
0862,14,0.298
0862,15,0.414
0862,16,0.493
0862,17,0.586
0862,18,0.696
0862,19,0.711
0862,20,0.758
0862,21,0.779
0862,22,0.813
0862,23,0.847
0862,24,0.878
0862,25,0.883
0862,26,0.888
0862,27,0.891
0862,28,0.895
0862,29,0.9
0862,30,0.901
0862,31,0.903
0862,32,0.905
0862,33,0.906
0862,34,0.906
0862,35,0.911
0862,36,0.913
0862,37,0.914
0862,38,0.915
0862,39,0.915
0862,40,0.916
0862,41,0.916
0862,42,0.917
0862,43,0.919
0862,44,0.92
0862,45,0.92
0862,46,0.92
0862,47,0.921
0862,48,0.921
0862,49,0.922
0862,50,0.924
0862,51,0.924
0862,52,0.924
0880,1,0.004
0880,2,0.013
0880,3,0.028
0880,4,0.056
0880,5,0.064
0880,6,0.076
0880,7,0.085
0880,8,0.097
0880,9,0.131
0880,10,0.17
0880,11,0.199
0880,12,0.238
0880,13,0.274
0880,14,0.306
0880,15,0.449
0880,16,0.58
0880,17,0.672
0880,18,0.718
0880,19,0.759
0880,20,0.793
0880,21,0.797
0880,22,0.846
0880,23,0.882
0880,24,0.902
0880,25,0.905
0880,26,0.913
0880,27,0.916
0880,28,0.919
0880,29,0.922
0880,30,0.924
0880,31,0.924
0880,32,0.926
0880,33,0.927
0880,34,0.928
0880,35,0.929
0880,36,0.931
0880,37,0.932
0880,38,0.934
0880,39,0.935
0880,40,0.936
0880,41,0.936
0880,42,0.938
0880,43,0.939
0880,44,0.939
0880,45,0.939
0880,46,0.94
0880,47,0.94
0880,48,0.941
0880,49,0.942
0880,50,0.943
0880,51,0.944
0880,52,0.944
0881,1,0.005
0881,2,0.014
0881,3,0.033
0881,4,0.047
0881,5,0.065
0881,6,0.069
0881,7,0.081
0881,8,0.098
0881,9,0.135
0881,10,0.17
0881,11,0.194
0881,12,0.229
0881,13,0.279
0881,14,0.327
0881,15,0.413
0881,16,0.511
0881,17,0.624
0881,18,0.693
0881,19,0.735
0881,20,0.772
0881,21,0.791
0881,22,0.824
0881,23,0.852
0881,24,0.876
0881,25,0.885
0881,26,0.892
0881,27,0.897
0881,28,0.902
0881,29,0.906
0881,30,0.908
0881,31,0.908
0881,32,0.91
0881,33,0.911
0881,34,0.911
0881,35,0.913
0881,36,0.914
0881,37,0.916
0881,38,0.918
0881,39,0.919
0881,40,0.92
0881,41,0.921
0881,42,0.923
0881,43,0.924
0881,44,0.924
0881,45,0.925
0881,46,0.925
0881,47,0.926
0881,48,0.926
0881,49,0.927
0881,50,0.928
0881,51,0.928
0881,52,0.928
0882,1,0.011
0882,2,0.023
0882,3,0.048
0882,4,0.06
0882,5,0.075
0882,6,0.079
0882,7,0.092
0882,8,0.105
0882,9,0.149
0882,10,0.189
0882,11,0.211
0882,12,0.257
0882,13,0.316
0882,14,0.348
0882,15,0.451
0882,16,0.525
0882,17,0.66
0882,18,0.712
0882,19,0.756
0882,20,0.806
0882,21,0.831
0882,22,0.852
0882,23,0.875
0882,24,0.898
0882,25,0.902
0882,26,0.909
0882,27,0.911
0882,28,0.915
0882,29,0.918
0882,30,0.919
0882,31,0.921
0882,32,0.922
0882,33,0.923
0882,34,0.923
0882,35,0.925
0882,36,0.926
0882,37,0.928
0882,38,0.929
0882,39,0.931
0882,40,0.931
0882,41,0.931
0882,42,0.933
0882,43,0.934
0882,44,0.934
0882,45,0.935
0882,46,0.935
0882,47,0.935
0882,48,0.936
0882,49,0.937
0882,50,0.938
0882,51,0.939
0882,52,0.939
0883,1,0.013
0883,2,0.024
0883,3,0.044
0883,4,0.062
0883,5,0.074
0883,6,0.079
0883,7,0.084
0883,8,0.101
0883,9,0.136
0883,10,0.186
0883,11,0.205
0883,12,0.248
0883,13,0.292
0883,14,0.331
0883,15,0.477
0883,16,0.604
0883,17,0.715
0883,18,0.772
0883,19,0.805
0883,20,0.833
0883,21,0.855
0883,22,0.87
0883,23,0.893
0883,24,0.909
0883,25,0.916
0883,26,0.921
0883,27,0.923
0883,28,0.926
0883,29,0.927
0883,30,0.928
0883,31,0.929
0883,32,0.93
0883,33,0.931
0883,34,0.932
0883,35,0.934
0883,36,0.935
0883,37,0.936
0883,38,0.937
0883,39,0.938
0883,40,0.939
0883,41,0.939
0883,42,0.94
0883,43,0.942
0883,44,0.942
0883,45,0.942
0883,46,0.942
0883,47,0.943
0883,48,0.943
0883,49,0.943
0883,50,0.945
0883,51,0.945
0883,52,0.945
0884,1,0.004
0884,2,0.01
0884,3,0.025
0884,4,0.043
0884,5,0.055
0884,6,0.057
0884,7,0.083
0884,8,0.096
0884,9,0.118
0884,10,0.156
0884,11,0.186
0884,12,0.229
0884,13,0.268
0884,14,0.324
0884,15,0.396
0884,16,0.496
0884,17,0.633
0884,18,0.691
0884,19,0.735
0884,20,0.789
0884,21,0.812
0884,22,0.846
0884,23,0.873
0884,24,0.895
0884,25,0.902
0884,26,0.909
0884,27,0.913
0884,28,0.917
0884,29,0.921
0884,30,0.923
0884,31,0.924
0884,32,0.924
0884,33,0.925
0884,34,0.928
0884,35,0.93
0884,36,0.931
0884,37,0.932
0884,38,0.934
0884,39,0.934
0884,40,0.935
0884,41,0.935
0884,42,0.936
0884,43,0.938
0884,44,0.938
0884,45,0.938
0884,46,0.939
0884,47,0.939
0884,48,0.94
0884,49,0.941
0884,50,0.942
0884,51,0.942
0884,52,0.942
0885,1,0.011
0885,2,0.04
0885,3,0.074
0885,4,0.099
0885,5,0.111
0885,6,0.118
0885,7,0.119
0885,8,0.131
0885,9,0.141
0885,10,0.188
0885,11,0.201
0885,12,0.229
0885,13,0.275
0885,14,0.297
0885,15,0.447
0885,16,0.625
0885,17,0.735
0885,18,0.762
0885,19,0.806
0885,20,0.835
0885,21,0.847
0885,22,0.873
0885,23,0.894
0885,24,0.907
0885,25,0.912
0885,26,0.915
0885,27,0.921
0885,28,0.923
0885,29,0.925
0885,30,0.927
0885,31,0.928
0885,32,0.93
0885,33,0.931
0885,34,0.931
0885,35,0.932
0885,36,0.934
0885,37,0.935
0885,38,0.938
0885,39,0.939
0885,40,0.939
0885,41,0.94
0885,42,0.94
0885,43,0.941
0885,44,0.941
0885,45,0.942
0885,46,0.943
0885,47,0.943
0885,48,0.943
0885,49,0.943
0885,50,0.944
0885,51,0.945
0885,52,0.945
0980,1,0.009
0980,2,0.023
0980,3,0.048
0980,4,0.099
0980,5,0.121
0980,6,0.13
0980,7,0.135
0980,8,0.143
0980,9,0.156
0980,10,0.212
0980,11,0.262
0980,12,0.276
0980,13,0.293
0980,14,0.357
0980,15,0.444
0980,16,0.492
0980,17,0.526
0980,18,0.582
0980,19,0.624
0980,20,0.659
0980,21,0.696
0980,22,0.742
0980,23,0.804
0980,24,0.846
0980,25,0.901
0980,26,0.907
0980,27,0.917
0980,28,0.919
0980,29,0.921
0980,30,0.924
0980,31,0.926
0980,32,0.927
0980,33,0.929
0980,34,0.932
0980,35,0.933
0980,36,0.936
0980,37,0.938
0980,38,0.94
0980,39,0.941
0980,40,0.942
0980,41,0.942
0980,42,0.943
0980,43,0.943
0980,44,0.944
0980,45,0.944
0980,46,0.944
0980,47,0.944
0980,48,0.945
0980,49,0.945
0980,50,0.946
0980,51,0.946
0980,52,0.946
1060,1,0.011
1060,2,0.019
1060,3,0.027
1060,4,0.038
1060,5,0.055
1060,6,0.067
1060,7,0.087
1060,8,0.112
1060,9,0.131
1060,10,0.155
1060,11,0.175
1060,12,0.19
1060,13,0.243
1060,14,0.293
1060,15,0.393
1060,16,0.477
1060,17,0.524
1060,18,0.591
1060,19,0.649
1060,20,0.711
1060,21,0.776
1060,22,0.845
1060,23,0.866
1060,24,0.871
1060,25,0.879
1060,26,0.881
1060,27,0.885
1060,28,0.888
1060,29,0.889
1060,30,0.891
1060,31,0.892
1060,32,0.895
1060,33,0.897
1060,34,0.899
1060,35,0.9
1060,36,0.902
1060,37,0.903
1060,38,0.904
1060,39,0.904
1060,40,0.907
1060,41,0.909
1060,42,0.91
1060,43,0.911
1060,44,0.911
1060,45,0.911
1060,46,0.912
1060,47,0.913
1060,48,0.915
1060,49,0.915
1060,50,0.917
1060,51,0.919
1060,52,0.919
1080,1,0.013
1080,2,0.02
1080,3,0.033
1080,4,0.046
1080,5,0.062
1080,6,0.079
1080,7,0.102
1080,8,0.118
1080,9,0.141
1080,10,0.171
1080,11,0.189
1080,12,0.205
1080,13,0.244
1080,14,0.308
1080,15,0.404
1080,16,0.505
1080,17,0.568
1080,18,0.627
1080,19,0.686
1080,20,0.74
1080,21,0.82
1080,22,0.879
1080,23,0.908
1080,24,0.911
1080,25,0.918
1080,26,0.92
1080,27,0.923
1080,28,0.925
1080,29,0.926
1080,30,0.928
1080,31,0.93
1080,32,0.932
1080,33,0.934
1080,34,0.935
1080,35,0.936
1080,36,0.937
1080,37,0.939
1080,38,0.94
1080,39,0.941
1080,40,0.941
1080,41,0.942
1080,42,0.942
1080,43,0.943
1080,44,0.943
1080,45,0.943
1080,46,0.944
1080,47,0.945
1080,48,0.945
1080,49,0.946
1080,50,0.946
1080,51,0.947
1080,52,0.947
1081,1,0.013
1081,2,0.02
1081,3,0.03
1081,4,0.037
1081,5,0.052
1081,6,0.068
1081,7,0.09
1081,8,0.107
1081,9,0.129
1081,10,0.155
1081,11,0.171
1081,12,0.19
1081,13,0.251
1081,14,0.318
1081,15,0.413
1081,16,0.509
1081,17,0.569
1081,18,0.636
1081,19,0.697
1081,20,0.753
1081,21,0.81
1081,22,0.867
1081,23,0.88
1081,24,0.885
1081,25,0.892
1081,26,0.896
1081,27,0.901
1081,28,0.903
1081,29,0.905
1081,30,0.907
1081,31,0.91
1081,32,0.913
1081,33,0.914
1081,34,0.915
1081,35,0.917
1081,36,0.919
1081,37,0.921
1081,38,0.922
1081,39,0.923
1081,40,0.925
1081,41,0.925
1081,42,0.925
1081,43,0.926
1081,44,0.927
1081,45,0.927
1081,46,0.927
1081,47,0.928
1081,48,0.929
1081,49,0.929
1081,50,0.93
1081,51,0.931
1081,52,0.931
1082,1,0.011
1082,2,0.019
1082,3,0.028
1082,4,0.037
1082,5,0.048
1082,6,0.059
1082,7,0.073
1082,8,0.09
1082,9,0.105
1082,10,0.136
1082,11,0.152
1082,12,0.169
1082,13,0.2
1082,14,0.256
1082,15,0.37
1082,16,0.478
1082,17,0.541
1082,18,0.604
1082,19,0.662
1082,20,0.714
1082,21,0.788
1082,22,0.853
1082,23,0.876
1082,24,0.88
1082,25,0.89
1082,26,0.893
1082,27,0.896
1082,28,0.898
1082,29,0.899
1082,30,0.902
1082,31,0.904
1082,32,0.908
1082,33,0.909
1082,34,0.91
1082,35,0.913
1082,36,0.913
1082,37,0.916
1082,38,0.918
1082,39,0.919
1082,40,0.921
1082,41,0.921
1082,42,0.923
1082,43,0.923
1082,44,0.924
1082,45,0.924
1082,46,0.925
1082,47,0.925
1082,48,0.926
1082,49,0.927
1082,50,0.928
1082,51,0.929
1082,52,0.929
1083,1,0.008
1083,2,0.021
1083,3,0.031
1083,4,0.043
1083,5,0.053
1083,6,0.069
1083,7,0.089
1083,8,0.102
1083,9,0.118
1083,10,0.132
1083,11,0.148
1083,12,0.166
1083,13,0.22
1083,14,0.286
1083,15,0.408
1083,16,0.499
1083,17,0.554
1083,18,0.611
1083,19,0.645
1083,20,0.696
1083,21,0.755
1083,22,0.825
1083,23,0.87
1083,24,0.877
1083,25,0.886
1083,26,0.891
1083,27,0.895
1083,28,0.899
1083,29,0.901
1083,30,0.902
1083,31,0.906
1083,32,0.908
1083,33,0.909
1083,34,0.91
1083,35,0.911
1083,36,0.913
1083,37,0.914
1083,38,0.915
1083,39,0.916
1083,40,0.918
1083,41,0.918
1083,42,0.92
1083,43,0.92
1083,44,0.921
1083,45,0.921
1083,46,0.921
1083,47,0.922
1083,48,0.922
1083,49,0.922
1083,50,0.924
1083,51,0.924
1083,52,0.924
1214,1,0.001
1214,2,0.01
1214,3,0.024
1214,4,0.037
1214,5,0.041
1214,6,0.045
1214,7,0.053
1214,8,0.071
1214,9,0.099
1214,10,0.119
1214,11,0.143
1214,12,0.153
1214,13,0.168
1214,14,0.225
1214,15,0.338
1214,16,0.458
1214,17,0.509
1214,18,0.581
1214,19,0.624
1214,20,0.672
1214,21,0.704
1214,22,0.738
1214,23,0.771
1214,24,0.821
1214,25,0.846
1214,26,0.854
1214,27,0.857
1214,28,0.864
1214,29,0.871
1214,30,0.875
1214,31,0.877
1214,32,0.881
1214,33,0.881
1214,34,0.884
1214,35,0.886
1214,36,0.888
1214,37,0.89
1214,38,0.891
1214,39,0.892
1214,40,0.892
1214,41,0.892
1214,42,0.894
1214,43,0.896
1214,44,0.896
1214,45,0.897
1214,46,0.898
1214,47,0.898
1214,48,0.899
1214,49,0.901
1214,50,0.902
1214,51,0.903
1214,52,0.903
1230,1,0.003
1230,2,0.021
1230,3,0.033
1230,4,0.042
1230,5,0.053
1230,6,0.054
1230,7,0.056
1230,8,0.059
1230,9,0.083
1230,10,0.119
1230,11,0.141
1230,12,0.175
1230,13,0.221
1230,14,0.259
1230,15,0.329
1230,16,0.457
1230,17,0.524
1230,18,0.583
1230,19,0.617
1230,20,0.692
1230,21,0.765
1230,22,0.82
1230,23,0.876
1230,24,0.9
1230,25,0.911
1230,26,0.916
1230,27,0.921
1230,28,0.925
1230,29,0.928
1230,30,0.929
1230,31,0.931
1230,32,0.932
1230,33,0.932
1230,34,0.933
1230,35,0.935
1230,36,0.937
1230,37,0.938
1230,38,0.938
1230,39,0.939
1230,40,0.939
1230,41,0.939
1230,42,0.941
1230,43,0.941
1230,44,0.941
1230,45,0.942
1230,46,0.942
1230,47,0.942
1230,48,0.943
1230,49,0.943
1230,50,0.944
1230,51,0.945
1230,52,0.945
1231,1,0.003
1231,2,0.02
1231,3,0.028
1231,4,0.035
1231,5,0.037
1231,6,0.04
1231,7,0.043
1231,8,0.052
1231,9,0.07
1231,10,0.099
1231,11,0.122
1231,12,0.137
1231,13,0.189
1231,14,0.216
1231,15,0.279
1231,16,0.391
1231,17,0.457
1231,18,0.5
1231,19,0.567
1231,20,0.639
1231,21,0.697
1231,22,0.737
1231,23,0.782
1231,24,0.801
1231,25,0.815
1231,26,0.819
1231,27,0.827
1231,28,0.833
1231,29,0.839
1231,30,0.84
1231,31,0.843
1231,32,0.846
1231,33,0.848
1231,34,0.85
1231,35,0.852
1231,36,0.853
1231,37,0.856
1231,38,0.858
1231,39,0.86
1231,40,0.86
1231,41,0.861
1231,42,0.863
1231,43,0.864
1231,44,0.865
1231,45,0.865
1231,46,0.866
1231,47,0.867
1231,48,0.868
1231,49,0.87
1231,50,0.872
1231,51,0.873
1231,52,0.873
1233,1,0.002
1233,2,0.01
1233,3,0.018
1233,4,0.025
1233,5,0.037
1233,6,0.045
1233,7,0.048
1233,8,0.061
1233,9,0.074
1233,10,0.122
1233,11,0.156
1233,12,0.175
1233,13,0.236
1233,14,0.27
1233,15,0.344
1233,16,0.461
1233,17,0.539
1233,18,0.607
1233,19,0.657
1233,20,0.729
1233,21,0.812
1233,22,0.849
1233,23,0.899
1233,24,0.909
1233,25,0.917
1233,26,0.92
1233,27,0.927
1233,28,0.929
1233,29,0.93
1233,30,0.932
1233,31,0.934
1233,32,0.935
1233,33,0.936
1233,34,0.937
1233,35,0.938
1233,36,0.939
1233,37,0.94
1233,38,0.941
1233,39,0.941
1233,40,0.942
1233,41,0.942
1233,42,0.943
1233,43,0.943
1233,44,0.943
1233,45,0.944
1233,46,0.944
1233,47,0.945
1233,48,0.946
1233,49,0.947
1233,50,0.947
1233,51,0.948
1233,52,0.949
1256,1,0.001
1256,2,0.022
1256,3,0.037
1256,4,0.047
1256,5,0.053
1256,6,0.058
1256,7,0.063
1256,8,0.076
1256,9,0.094
1256,10,0.131
1256,11,0.152
1256,12,0.161
1256,13,0.188
1256,14,0.247
1256,15,0.3
1256,16,0.399
1256,17,0.46
1256,18,0.568
1256,19,0.666
1256,20,0.706
1256,21,0.745
1256,22,0.769
1256,23,0.801
1256,24,0.845
1256,25,0.864
1256,26,0.876
1256,27,0.879
1256,28,0.882
1256,29,0.888
1256,30,0.891
1256,31,0.894
1256,32,0.897
1256,33,0.9
1256,34,0.901
1256,35,0.903
1256,36,0.904
1256,37,0.907
1256,38,0.909
1256,39,0.91
1256,40,0.911
1256,41,0.911
1256,42,0.914
1256,43,0.914
1256,44,0.915
1256,45,0.915
1256,46,0.915
1256,47,0.916
1256,48,0.917
1256,49,0.918
1256,50,0.919
1256,51,0.92
1256,52,0.92
1257,1,0.0
1257,2,0.017
1257,3,0.033
1257,4,0.062
1257,5,0.067
1257,6,0.073
1257,7,0.077
1257,8,0.084
1257,9,0.096
1257,10,0.127
1257,11,0.158
1257,12,0.182
1257,13,0.228
1257,14,0.258
1257,15,0.311
1257,16,0.398
1257,17,0.484
1257,18,0.554
1257,19,0.598
1257,20,0.665
1257,21,0.711
1257,22,0.74
1257,23,0.766
1257,24,0.813
1257,25,0.83
1257,26,0.838
1257,27,0.844
1257,28,0.849
1257,29,0.853
1257,30,0.856
1257,31,0.86
1257,32,0.863
1257,33,0.865
1257,34,0.868
1257,35,0.868
1257,36,0.871
1257,37,0.872
1257,38,0.874
1257,39,0.877
1257,40,0.877
1257,41,0.877
1257,42,0.879
1257,43,0.879
1257,44,0.879
1257,45,0.88
1257,46,0.88
1257,47,0.881
1257,48,0.881
1257,49,0.881
1257,50,0.882
1257,51,0.883
1257,52,0.883
1260,1,0.001
1260,2,0.007
1260,3,0.028
1260,4,0.043
1260,5,0.065
1260,6,0.069
1260,7,0.076
1260,8,0.083
1260,9,0.094
1260,10,0.112
1260,11,0.131
1260,12,0.157
1260,13,0.199
1260,14,0.234
1260,15,0.31
1260,16,0.417
1260,17,0.494
1260,18,0.562
1260,19,0.599
1260,20,0.664
1260,21,0.686
1260,22,0.72
1260,23,0.758
1260,24,0.791
1260,25,0.816
1260,26,0.821
1260,27,0.83
1260,28,0.834
1260,29,0.839
1260,30,0.843
1260,31,0.845
1260,32,0.849
1260,33,0.851
1260,34,0.854
1260,35,0.856
1260,36,0.857
1260,37,0.86
1260,38,0.861
1260,39,0.862
1260,40,0.863
1260,41,0.864
1260,42,0.866
1260,43,0.866
1260,44,0.866
1260,45,0.867
1260,46,0.868
1260,47,0.868
1260,48,0.87
1260,49,0.871
1260,50,0.871
1260,51,0.873
1260,52,0.873
1261,1,0.002
1261,2,0.013
1261,3,0.027
1261,4,0.034
1261,5,0.045
1261,6,0.049
1261,7,0.058
1261,8,0.066
1261,9,0.081
1261,10,0.106
1261,11,0.133
1261,12,0.153
1261,13,0.18
1261,14,0.211
1261,15,0.283
1261,16,0.398
1261,17,0.521
1261,18,0.576
1261,19,0.622
1261,20,0.686
1261,21,0.748
1261,22,0.809
1261,23,0.858
1261,24,0.887
1261,25,0.899
1261,26,0.908
1261,27,0.913
1261,28,0.918
1261,29,0.923
1261,30,0.924
1261,31,0.926
1261,32,0.928
1261,33,0.929
1261,34,0.93
1261,35,0.932
1261,36,0.933
1261,37,0.935
1261,38,0.936
1261,39,0.936
1261,40,0.936
1261,41,0.936
1261,42,0.937
1261,43,0.938
1261,44,0.938
1261,45,0.938
1261,46,0.939
1261,47,0.939
1261,48,0.94
1261,49,0.941
1261,50,0.941
1261,51,0.942
1261,52,0.942
1262,1,0.001
1262,2,0.012
1262,3,0.023
1262,4,0.03
1262,5,0.037
1262,6,0.043
1262,7,0.046
1262,8,0.051
1262,9,0.063
1262,10,0.09
1262,11,0.127
1262,12,0.157
1262,13,0.229
1262,14,0.245
1262,15,0.37
1262,16,0.49
1262,17,0.554
1262,18,0.599
1262,19,0.656
1262,20,0.729
1262,21,0.81
1262,22,0.867
1262,23,0.911
1262,24,0.93
1262,25,0.935
1262,26,0.94
1262,27,0.944
1262,28,0.946
1262,29,0.948
1262,30,0.949
1262,31,0.951
1262,32,0.951
1262,33,0.952
1262,34,0.953
1262,35,0.953
1262,36,0.954
1262,37,0.957
1262,38,0.957
1262,39,0.957
1262,40,0.957
1262,41,0.958
1262,42,0.959
1262,43,0.959
1262,44,0.96
1262,45,0.96
1262,46,0.961
1262,47,0.961
1262,48,0.962
1262,49,0.963
1262,50,0.963
1262,51,0.964
1262,52,0.964
1263,1,0.003
1263,2,0.022
1263,3,0.029
1263,4,0.04
1263,5,0.046
1263,6,0.047
1263,7,0.051
1263,8,0.065
1263,9,0.077
1263,10,0.105
1263,11,0.121
1263,12,0.132
1263,13,0.194
1263,14,0.266
1263,15,0.368
1263,16,0.482
1263,17,0.539
1263,18,0.588
1263,19,0.637
1263,20,0.694
1263,21,0.75
1263,22,0.806
1263,23,0.87
1263,24,0.886
1263,25,0.895
1263,26,0.903
1263,27,0.908
1263,28,0.912
1263,29,0.914
1263,30,0.915
1263,31,0.916
1263,32,0.917
1263,33,0.918
1263,34,0.919
1263,35,0.922
1263,36,0.923
1263,37,0.924
1263,38,0.925
1263,39,0.925
1263,40,0.926
1263,41,0.926
1263,42,0.929
1263,43,0.93
1263,44,0.93
1263,45,0.931
1263,46,0.931
1263,47,0.931
1263,48,0.932
1263,49,0.933
1263,50,0.935
1263,51,0.935
1263,52,0.936
1264,1,0.0
1264,2,0.01
1264,3,0.029
1264,4,0.036
1264,5,0.041
1264,6,0.05
1264,7,0.053
1264,8,0.065
1264,9,0.08
1264,10,0.101
1264,11,0.123
1264,12,0.147
1264,13,0.194
1264,14,0.216
1264,15,0.29
1264,16,0.386
1264,17,0.481
1264,18,0.559
1264,19,0.604
1264,20,0.666
1264,21,0.707
1264,22,0.738
1264,23,0.767
1264,24,0.804
1264,25,0.841
1264,26,0.848
1264,27,0.855
1264,28,0.863
1264,29,0.866
1264,30,0.869
1264,31,0.871
1264,32,0.873
1264,33,0.875
1264,34,0.877
1264,35,0.878
1264,36,0.879
1264,37,0.881
1264,38,0.883
1264,39,0.883
1264,40,0.884
1264,41,0.884
1264,42,0.888
1264,43,0.888
1264,44,0.888
1264,45,0.889
1264,46,0.89
1264,47,0.89
1264,48,0.893
1264,49,0.894
1264,50,0.895
1264,51,0.895
1264,52,0.896
1265,1,0.002
1265,2,0.005
1265,3,0.02
1265,4,0.033
1265,5,0.043
1265,6,0.05
1265,7,0.055
1265,8,0.07
1265,9,0.087
1265,10,0.105
1265,11,0.118
1265,12,0.16
1265,13,0.21
1265,14,0.252
1265,15,0.322
1265,16,0.425
1265,17,0.508
1265,18,0.554
1265,19,0.598
1265,20,0.668
1265,21,0.711
1265,22,0.738
1265,23,0.766
1265,24,0.817
1265,25,0.845
1265,26,0.854
1265,27,0.865
1265,28,0.872
1265,29,0.876
1265,30,0.879
1265,31,0.882
1265,32,0.882
1265,33,0.884
1265,34,0.885
1265,35,0.886
1265,36,0.886
1265,37,0.888
1265,38,0.889
1265,39,0.89
1265,40,0.891
1265,41,0.891
1265,42,0.894
1265,43,0.895
1265,44,0.895
1265,45,0.896
1265,46,0.897
1265,47,0.898
1265,48,0.899
1265,49,0.9
1265,50,0.901
1265,51,0.903
1265,52,0.903
1266,1,0.002
1266,2,0.004
1266,3,0.017
1266,4,0.034
1266,5,0.038
1266,6,0.047
1266,7,0.051
1266,8,0.06
1266,9,0.082
1266,10,0.111
1266,11,0.136
1266,12,0.16
1266,13,0.191
1266,14,0.212
1266,15,0.295
1266,16,0.413
1266,17,0.517
1266,18,0.587
1266,19,0.617
1266,20,0.668
1266,21,0.699
1266,22,0.734
1266,23,0.801
1266,24,0.833
1266,25,0.839
1266,26,0.856
1266,27,0.866
1266,28,0.87
1266,29,0.876
1266,30,0.878
1266,31,0.879
1266,32,0.882
1266,33,0.883
1266,34,0.885
1266,35,0.887
1266,36,0.89
1266,37,0.892
1266,38,0.893
1266,39,0.894
1266,40,0.894
1266,41,0.894
1266,42,0.897
1266,43,0.898
1266,44,0.898
1266,45,0.899
1266,46,0.899
1266,47,0.9
1266,48,0.901
1266,49,0.901
1266,50,0.903
1266,51,0.903
1266,52,0.903
1267,1,0.0
1267,2,0.005
1267,3,0.016
1267,4,0.032
1267,5,0.044
1267,6,0.05
1267,7,0.061
1267,8,0.067
1267,9,0.081
1267,10,0.119
1267,11,0.143
1267,12,0.174
1267,13,0.219
1267,14,0.253
1267,15,0.369
1267,16,0.452
1267,17,0.546
1267,18,0.613
1267,19,0.649
1267,20,0.683
1267,21,0.721
1267,22,0.773
1267,23,0.835
1267,24,0.861
1267,25,0.874
1267,26,0.884
1267,27,0.888
1267,28,0.894
1267,29,0.896
1267,30,0.897
1267,31,0.899
1267,32,0.901
1267,33,0.902
1267,34,0.904
1267,35,0.905
1267,36,0.907
1267,37,0.91
1267,38,0.911
1267,39,0.912
1267,40,0.913
1267,41,0.913
1267,42,0.914
1267,43,0.915
1267,44,0.915
1267,45,0.916
1267,46,0.916
1267,47,0.917
1267,48,0.918
1267,49,0.919
1267,50,0.92
1267,51,0.921
1267,52,0.921
1270,1,0.0
1270,2,0.003
1270,3,0.021
1270,4,0.039
1270,5,0.045
1270,6,0.061
1270,7,0.069
1270,8,0.093
1270,9,0.11
1270,10,0.143
1270,11,0.18
1270,12,0.208
1270,13,0.248
1270,14,0.282
1270,15,0.367
1270,16,0.484
1270,17,0.56
1270,18,0.643
1270,19,0.697
1270,20,0.743
1270,21,0.755
1270,22,0.772
1270,23,0.805
1270,24,0.833
1270,25,0.86
1270,26,0.871
1270,27,0.879
1270,28,0.883
1270,29,0.886
1270,30,0.888
1270,31,0.889
1270,32,0.892
1270,33,0.892
1270,34,0.894
1270,35,0.896
1270,36,0.898
1270,37,0.9
1270,38,0.901
1270,39,0.902
1270,40,0.903
1270,41,0.903
1270,42,0.905
1270,43,0.906
1270,44,0.906
1270,45,0.906
1270,46,0.907
1270,47,0.909
1270,48,0.909
1270,49,0.91
1270,50,0.911
1270,51,0.912
1270,52,0.912
1272,1,0.002
1272,2,0.02
1272,3,0.04
1272,4,0.063
1272,5,0.076
1272,6,0.081
1272,7,0.088
1272,8,0.092
1272,9,0.108
1272,10,0.139
1272,11,0.165
1272,12,0.194
1272,13,0.243
1272,14,0.296
1272,15,0.391
1272,16,0.468
1272,17,0.551
1272,18,0.616
1272,19,0.646
1272,20,0.708
1272,21,0.754
1272,22,0.787
1272,23,0.827
1272,24,0.86
1272,25,0.874
1272,26,0.885
1272,27,0.892
1272,28,0.896
1272,29,0.9
1272,30,0.901
1272,31,0.903
1272,32,0.905
1272,33,0.906
1272,34,0.908
1272,35,0.91
1272,36,0.911
1272,37,0.914
1272,38,0.914
1272,39,0.915
1272,40,0.915
1272,41,0.915
1272,42,0.916
1272,43,0.917
1272,44,0.918
1272,45,0.918
1272,46,0.918
1272,47,0.919
1272,48,0.92
1272,49,0.92
1272,50,0.921
1272,51,0.921
1272,52,0.922
1273,1,0.001
1273,2,0.005
1273,3,0.033
1273,4,0.044
1273,5,0.069
1273,6,0.069
1273,7,0.073
1273,8,0.079
1273,9,0.094
1273,10,0.145
1273,11,0.151
1273,12,0.173
1273,13,0.221
1273,14,0.257
1273,15,0.357
1273,16,0.496
1273,17,0.549
1273,18,0.631
1273,19,0.68
1273,20,0.727
1273,21,0.759
1273,22,0.776
1273,23,0.808
1273,24,0.849
1273,25,0.873
1273,26,0.882
1273,27,0.886
1273,28,0.89
1273,29,0.894
1273,30,0.895
1273,31,0.898
1273,32,0.902
1273,33,0.903
1273,34,0.906
1273,35,0.907
1273,36,0.908
1273,37,0.909
1273,38,0.91
1273,39,0.911
1273,40,0.911
1273,41,0.912
1273,42,0.915
1273,43,0.915
1273,44,0.916
1273,45,0.917
1273,46,0.918
1273,47,0.919
1273,48,0.92
1273,49,0.921
1273,50,0.921
1273,51,0.922
1273,52,0.923
1275,1,0.0
1275,2,0.003
1275,3,0.021
1275,4,0.037
1275,5,0.04
1275,6,0.044
1275,7,0.05
1275,8,0.055
1275,9,0.059
1275,10,0.089
1275,11,0.115
1275,12,0.17
1275,13,0.209
1275,14,0.272
1275,15,0.31
1275,16,0.399
1275,17,0.53
1275,18,0.595
1275,19,0.64
1275,20,0.674
1275,21,0.697
1275,22,0.726
1275,23,0.782
1275,24,0.815
1275,25,0.839
1275,26,0.842
1275,27,0.848
1275,28,0.854
1275,29,0.856
1275,30,0.861
1275,31,0.862
1275,32,0.866
1275,33,0.868
1275,34,0.871
1275,35,0.873
1275,36,0.875
1275,37,0.877
1275,38,0.877
1275,39,0.877
1275,40,0.878
1275,41,0.878
1275,42,0.883
1275,43,0.883
1275,44,0.884
1275,45,0.885
1275,46,0.886
1275,47,0.886
1275,48,0.886
1275,49,0.887
1275,50,0.887
1275,51,0.889
1275,52,0.889
1276,1,0.0
1276,2,0.004
1276,3,0.016
1276,4,0.038
1276,5,0.044
1276,6,0.049
1276,7,0.052
1276,8,0.06
1276,9,0.072
1276,10,0.092
1276,11,0.124
1276,12,0.158
1276,13,0.197
1276,14,0.225
1276,15,0.308
1276,16,0.418
1276,17,0.505
1276,18,0.565
1276,19,0.626
1276,20,0.674
1276,21,0.712
1276,22,0.746
1276,23,0.79
1276,24,0.819
1276,25,0.834
1276,26,0.838
1276,27,0.844
1276,28,0.85
1276,29,0.852
1276,30,0.854
1276,31,0.857
1276,32,0.86
1276,33,0.864
1276,34,0.866
1276,35,0.867
1276,36,0.87
1276,37,0.871
1276,38,0.873
1276,39,0.874
1276,40,0.875
1276,41,0.876
1276,42,0.88
1276,43,0.88
1276,44,0.88
1276,45,0.88
1276,46,0.882
1276,47,0.883
1276,48,0.884
1276,49,0.885
1276,50,0.887
1276,51,0.888
1276,52,0.888
1277,1,0.001
1277,2,0.002
1277,3,0.013
1277,4,0.032
1277,5,0.045
1277,6,0.048
1277,7,0.054
1277,8,0.063
1277,9,0.072
1277,10,0.1
1277,11,0.125
1277,12,0.162
1277,13,0.188
1277,14,0.201
1277,15,0.281
1277,16,0.389
1277,17,0.47
1277,18,0.543
1277,19,0.58
1277,20,0.652
1277,21,0.685
1277,22,0.723
1277,23,0.762
1277,24,0.793
1277,25,0.814
1277,26,0.824
1277,27,0.836
1277,28,0.842
1277,29,0.847
1277,30,0.851
1277,31,0.852
1277,32,0.856
1277,33,0.858
1277,34,0.861
1277,35,0.863
1277,36,0.865
1277,37,0.867
1277,38,0.868
1277,39,0.87
1277,40,0.871
1277,41,0.871
1277,42,0.873
1277,43,0.873
1277,44,0.873
1277,45,0.874
1277,46,0.875
1277,47,0.875
1277,48,0.877
1277,49,0.878
1277,50,0.881
1277,51,0.882
1277,52,0.882
1278,1,0.0
1278,2,0.005
1278,3,0.021
1278,4,0.042
1278,5,0.056
1278,6,0.059
1278,7,0.066
1278,8,0.075
1278,9,0.092
1278,10,0.122
1278,11,0.143
1278,12,0.166
1278,13,0.203
1278,14,0.26
1278,15,0.383
1278,16,0.538
1278,17,0.626
1278,18,0.697
1278,19,0.732
1278,20,0.759
1278,21,0.792
1278,22,0.821
1278,23,0.847
1278,24,0.886
1278,25,0.899
1278,26,0.902
1278,27,0.907
1278,28,0.91
1278,29,0.913
1278,30,0.916
1278,31,0.918
1278,32,0.92
1278,33,0.922
1278,34,0.924
1278,35,0.925
1278,36,0.926
1278,37,0.927
1278,38,0.928
1278,39,0.929
1278,40,0.929
1278,41,0.93
1278,42,0.932
1278,43,0.932
1278,44,0.932
1278,45,0.933
1278,46,0.933
1278,47,0.934
1278,48,0.934
1278,49,0.935
1278,50,0.935
1278,51,0.936
1278,52,0.937
1280,1,0.007
1280,2,0.016
1280,3,0.023
1280,4,0.029
1280,5,0.035
1280,6,0.04
1280,7,0.044
1280,8,0.054
1280,9,0.069
1280,10,0.1
1280,11,0.131
1280,12,0.159
1280,13,0.204
1280,14,0.227
1280,15,0.28
1280,16,0.369
1280,17,0.442
1280,18,0.505
1280,19,0.555
1280,20,0.617
1280,21,0.669
1280,22,0.724
1280,23,0.765
1280,24,0.783
1280,25,0.797
1280,26,0.804
1280,27,0.811
1280,28,0.818
1280,29,0.822
1280,30,0.826
1280,31,0.829
1280,32,0.831
1280,33,0.834
1280,34,0.836
1280,35,0.838
1280,36,0.84
1280,37,0.843
1280,38,0.845
1280,39,0.846
1280,40,0.846
1280,41,0.847
1280,42,0.85
1280,43,0.85
1280,44,0.851
1280,45,0.852
1280,46,0.853
1280,47,0.854
1280,48,0.856
1280,49,0.857
1280,50,0.859
1280,51,0.86
1280,52,0.861
1281,1,0.012
1281,2,0.023
1281,3,0.034
1281,4,0.043
1281,5,0.051
1281,6,0.056
1281,7,0.059
1281,8,0.075
1281,9,0.097
1281,10,0.134
1281,11,0.164
1281,12,0.196
1281,13,0.244
1281,14,0.269
1281,15,0.334
1281,16,0.441
1281,17,0.536
1281,18,0.603
1281,19,0.655
1281,20,0.712
1281,21,0.768
1281,22,0.825
1281,23,0.864
1281,24,0.882
1281,25,0.894
1281,26,0.901
1281,27,0.906
1281,28,0.909
1281,29,0.913
1281,30,0.915
1281,31,0.917
1281,32,0.919
1281,33,0.92
1281,34,0.922
1281,35,0.924
1281,36,0.925
1281,37,0.926
1281,38,0.927
1281,39,0.927
1281,40,0.928
1281,41,0.928
1281,42,0.93
1281,43,0.93
1281,44,0.931
1281,45,0.931
1281,46,0.932
1281,47,0.932
1281,48,0.933
1281,49,0.934
1281,50,0.934
1281,51,0.935
1281,52,0.935
1282,1,0.001
1282,2,0.008
1282,3,0.019
1282,4,0.033
1282,5,0.043
1282,6,0.049
1282,7,0.058
1282,8,0.063
1282,9,0.085
1282,10,0.114
1282,11,0.153
1282,12,0.175
1282,13,0.21
1282,14,0.252
1282,15,0.343
1282,16,0.457
1282,17,0.528
1282,18,0.594
1282,19,0.625
1282,20,0.693
1282,21,0.727
1282,22,0.765
1282,23,0.8
1282,24,0.826
1282,25,0.844
1282,26,0.851
1282,27,0.858
1282,28,0.863
1282,29,0.866
1282,30,0.869
1282,31,0.871
1282,32,0.873
1282,33,0.875
1282,34,0.877
1282,35,0.879
1282,36,0.88
1282,37,0.882
1282,38,0.884
1282,39,0.886
1282,40,0.886
1282,41,0.887
1282,42,0.889
1282,43,0.89
1282,44,0.891
1282,45,0.892
1282,46,0.893
1282,47,0.895
1282,48,0.895
1282,49,0.896
1282,50,0.897
1282,51,0.899
1282,52,0.899
1283,1,0.005
1283,2,0.009
1283,3,0.024
1283,4,0.038
1283,5,0.045
1283,6,0.048
1283,7,0.054
1283,8,0.066
1283,9,0.081
1283,10,0.107
1283,11,0.136
1283,12,0.169
1283,13,0.213
1283,14,0.238
1283,15,0.315
1283,16,0.404
1283,17,0.484
1283,18,0.548
1283,19,0.597
1283,20,0.656
1283,21,0.7
1283,22,0.752
1283,23,0.796
1283,24,0.816
1283,25,0.836
1283,26,0.844
1283,27,0.85
1283,28,0.855
1283,29,0.858
1283,30,0.862
1283,31,0.866
1283,32,0.868
1283,33,0.87
1283,34,0.873
1283,35,0.875
1283,36,0.877
1283,37,0.879
1283,38,0.88
1283,39,0.881
1283,40,0.881
1283,41,0.882
1283,42,0.884
1283,43,0.885
1283,44,0.886
1283,45,0.886
1283,46,0.887
1283,47,0.888
1283,48,0.889
1283,49,0.89
1283,50,0.891
1283,51,0.892
1283,52,0.893
1284,1,0.001
1284,2,0.012
1284,3,0.02
1284,4,0.033
1284,5,0.043
1284,6,0.048
1284,7,0.052
1284,8,0.062
1284,9,0.08
1284,10,0.101
1284,11,0.152
1284,12,0.196
1284,13,0.266
1284,14,0.304
1284,15,0.402
1284,16,0.525
1284,17,0.604
1284,18,0.671
1284,19,0.701
1284,20,0.742
1284,21,0.782
1284,22,0.817
1284,23,0.845
1284,24,0.862
1284,25,0.889
1284,26,0.896
1284,27,0.903
1284,28,0.907
1284,29,0.91
1284,30,0.912
1284,31,0.914
1284,32,0.916
1284,33,0.917
1284,34,0.919
1284,35,0.92
1284,36,0.922
1284,37,0.924
1284,38,0.925
1284,39,0.925
1284,40,0.926
1284,41,0.926
1284,42,0.928
1284,43,0.928
1284,44,0.928
1284,45,0.929
1284,46,0.929
1284,47,0.93
1284,48,0.931
1284,49,0.931
1284,50,0.932
1284,51,0.932
1284,52,0.932
1285,1,0.003
1285,2,0.008
1285,3,0.022
1285,4,0.041
1285,5,0.051
1285,6,0.058
1285,7,0.068
1285,8,0.081
1285,9,0.104
1285,10,0.138
1285,11,0.15
1285,12,0.169
1285,13,0.204
1285,14,0.239
1285,15,0.335
1285,16,0.452
1285,17,0.52
1285,18,0.601
1285,19,0.642
1285,20,0.674
1285,21,0.704
1285,22,0.749
1285,23,0.803
1285,24,0.845
1285,25,0.858
1285,26,0.866
1285,27,0.874
1285,28,0.879
1285,29,0.883
1285,30,0.884
1285,31,0.886
1285,32,0.889
1285,33,0.89
1285,34,0.892
1285,35,0.894
1285,36,0.896
1285,37,0.898
1285,38,0.9
1285,39,0.902
1285,40,0.902
1285,41,0.903
1285,42,0.906
1285,43,0.906
1285,44,0.906
1285,45,0.907
1285,46,0.908
1285,47,0.909
1285,48,0.91
1285,49,0.911
1285,50,0.912
1285,51,0.913
1285,52,0.913
1286,1,0.0
1286,2,0.005
1286,3,0.03
1286,4,0.035
1286,5,0.043
1286,6,0.052
1286,7,0.06
1286,8,0.075
1286,9,0.091
1286,10,0.105
1286,11,0.151
1286,12,0.192
1286,13,0.271
1286,14,0.304
1286,15,0.41
1286,16,0.542
1286,17,0.617
1286,18,0.698
1286,19,0.742
1286,20,0.772
1286,21,0.783
1286,22,0.798
1286,23,0.821
1286,24,0.846
1286,25,0.872
1286,26,0.885
1286,27,0.898
1286,28,0.903
1286,29,0.906
1286,30,0.908
1286,31,0.911
1286,32,0.913
1286,33,0.916
1286,34,0.916
1286,35,0.918
1286,36,0.919
1286,37,0.92
1286,38,0.923
1286,39,0.923
1286,40,0.923
1286,41,0.924
1286,42,0.925
1286,43,0.926
1286,44,0.926
1286,45,0.927
1286,46,0.927
1286,47,0.928
1286,48,0.929
1286,49,0.93
1286,50,0.931
1286,51,0.931
1286,52,0.932
1287,1,0.001
1287,2,0.009
1287,3,0.026
1287,4,0.037
1287,5,0.045
1287,6,0.049
1287,7,0.054
1287,8,0.069
1287,9,0.084
1287,10,0.115
1287,11,0.148
1287,12,0.172
1287,13,0.214
1287,14,0.255
1287,15,0.346
1287,16,0.455
1287,17,0.523
1287,18,0.579
1287,19,0.615
1287,20,0.677
1287,21,0.731
1287,22,0.767
1287,23,0.808
1287,24,0.83
1287,25,0.853
1287,26,0.866
1287,27,0.878
1287,28,0.882
1287,29,0.884
1287,30,0.886
1287,31,0.888
1287,32,0.89
1287,33,0.892
1287,34,0.893
1287,35,0.895
1287,36,0.897
1287,37,0.899
1287,38,0.9
1287,39,0.901
1287,40,0.901
1287,41,0.902
1287,42,0.904
1287,43,0.905
1287,44,0.906
1287,45,0.906
1287,46,0.907
1287,47,0.909
1287,48,0.91
1287,49,0.911
1287,50,0.912
1287,51,0.912
1287,52,0.913
1290,1,0.007
1290,2,0.027
1290,3,0.041
1290,4,0.047
1290,5,0.058
1290,6,0.062
1290,7,0.066
1290,8,0.076
1290,9,0.095
1290,10,0.133
1290,11,0.16
1290,12,0.184
1290,13,0.216
1290,14,0.251
1290,15,0.326
1290,16,0.422
1290,17,0.537
1290,18,0.609
1290,19,0.656
1290,20,0.716
1290,21,0.766
1290,22,0.805
1290,23,0.842
1290,24,0.862
1290,25,0.88
1290,26,0.888
1290,27,0.894
1290,28,0.897
1290,29,0.901
1290,30,0.903
1290,31,0.905
1290,32,0.908
1290,33,0.91
1290,34,0.911
1290,35,0.912
1290,36,0.914
1290,37,0.916
1290,38,0.917
1290,39,0.918
1290,40,0.919
1290,41,0.919
1290,42,0.921
1290,43,0.922
1290,44,0.922
1290,45,0.923
1290,46,0.923
1290,47,0.924
1290,48,0.925
1290,49,0.925
1290,50,0.926
1290,51,0.927
1290,52,0.927
1291,1,0.0
1291,2,0.012
1291,3,0.03
1291,4,0.047
1291,5,0.063
1291,6,0.07
1291,7,0.075
1291,8,0.092
1291,9,0.106
1291,10,0.135
1291,11,0.167
1291,12,0.199
1291,13,0.25
1291,14,0.28
1291,15,0.383
1291,16,0.521
1291,17,0.599
1291,18,0.677
1291,19,0.725
1291,20,0.765
1291,21,0.782
1291,22,0.802
1291,23,0.826
1291,24,0.848
1291,25,0.868
1291,26,0.885
1291,27,0.894
1291,28,0.898
1291,29,0.901
1291,30,0.902
1291,31,0.903
1291,32,0.904
1291,33,0.906
1291,34,0.908
1291,35,0.908
1291,36,0.911
1291,37,0.912
1291,38,0.913
1291,39,0.914
1291,40,0.915
1291,41,0.915
1291,42,0.917
1291,43,0.917
1291,44,0.918
1291,45,0.918
1291,46,0.919
1291,47,0.92
1291,48,0.921
1291,49,0.921
1291,50,0.922
1291,51,0.922
1291,52,0.922
1292,1,0.0
1292,2,0.007
1292,3,0.023
1292,4,0.042
1292,5,0.05
1292,6,0.053
1292,7,0.062
1292,8,0.075
1292,9,0.098
1292,10,0.128
1292,11,0.159
1292,12,0.189
1292,13,0.235
1292,14,0.274
1292,15,0.342
1292,16,0.446
1292,17,0.538
1292,18,0.612
1292,19,0.661
1292,20,0.725
1292,21,0.781
1292,22,0.821
1292,23,0.842
1292,24,0.867
1292,25,0.883
1292,26,0.89
1292,27,0.895
1292,28,0.898
1292,29,0.901
1292,30,0.903
1292,31,0.905
1292,32,0.906
1292,33,0.908
1292,34,0.909
1292,35,0.91
1292,36,0.912
1292,37,0.914
1292,38,0.915
1292,39,0.916
1292,40,0.916
1292,41,0.917
1292,42,0.918
1292,43,0.919
1292,44,0.919
1292,45,0.92
1292,46,0.92
1292,47,0.921
1292,48,0.922
1292,49,0.923
1292,50,0.923
1292,51,0.923
1292,52,0.924
1293,1,0.0
1293,2,0.024
1293,3,0.038
1293,4,0.048
1293,5,0.058
1293,6,0.062
1293,7,0.065
1293,8,0.077
1293,9,0.095
1293,10,0.135
1293,11,0.161
1293,12,0.19
1293,13,0.228
1293,14,0.276
1293,15,0.349
1293,16,0.456
1293,17,0.534
1293,18,0.599
1293,19,0.658
1293,20,0.706
1293,21,0.73
1293,22,0.754
1293,23,0.797
1293,24,0.847
1293,25,0.863
1293,26,0.874
1293,27,0.878
1293,28,0.882
1293,29,0.884
1293,30,0.887
1293,31,0.889
1293,32,0.892
1293,33,0.894
1293,34,0.895
1293,35,0.897
1293,36,0.898
1293,37,0.899
1293,38,0.901
1293,39,0.902
1293,40,0.902
1293,41,0.902
1293,42,0.905
1293,43,0.906
1293,44,0.907
1293,45,0.907
1293,46,0.908
1293,47,0.908
1293,48,0.909
1293,49,0.91
1293,50,0.911
1293,51,0.911
1293,52,0.912
1315,1,0.011
1315,2,0.039
1315,3,0.074
1315,4,0.092
1315,5,0.104
1315,6,0.111
1315,7,0.124
1315,8,0.144
1315,9,0.169
1315,10,0.195
1315,11,0.227
1315,12,0.261
1315,13,0.279
1315,14,0.295
1315,15,0.441
1315,16,0.493
1315,17,0.546
1315,18,0.602
1315,19,0.628
1315,20,0.66
1315,21,0.695
1315,22,0.736
1315,23,0.788
1315,24,0.831
1315,25,0.85
1315,26,0.858
1315,27,0.865
1315,28,0.868
1315,29,0.872
1315,30,0.873
1315,31,0.874
1315,32,0.876
1315,33,0.879
1315,34,0.881
1315,35,0.885
1315,36,0.885
1315,37,0.887
1315,38,0.891
1315,39,0.892
1315,40,0.894
1315,41,0.894
1315,42,0.895
1315,43,0.895
1315,44,0.895
1315,45,0.895
1315,46,0.896
1315,47,0.899
1315,48,0.901
1315,49,0.901
1315,50,0.902
1315,51,0.902
1315,52,0.903
1380,1,0.003
1380,2,0.01
1380,3,0.028
1380,4,0.045
1380,5,0.055
1380,6,0.068
1380,7,0.084
1380,8,0.096
1380,9,0.112
1380,10,0.15
1380,11,0.179
1380,12,0.221
1380,13,0.255
1380,14,0.31
1380,15,0.43
1380,16,0.506
1380,17,0.563
1380,18,0.633
1380,19,0.678
1380,20,0.712
1380,21,0.754
1380,22,0.793
1380,23,0.842
1380,24,0.872
1380,25,0.886
1380,26,0.892
1380,27,0.897
1380,28,0.901
1380,29,0.903
1380,30,0.905
1380,31,0.907
1380,32,0.908
1380,33,0.91
1380,34,0.912
1380,35,0.913
1380,36,0.914
1380,37,0.916
1380,38,0.917
1380,39,0.919
1380,40,0.919
1380,41,0.92
1380,42,0.921
1380,43,0.921
1380,44,0.921
1380,45,0.922
1380,46,0.922
1380,47,0.923
1380,48,0.923
1380,49,0.924
1380,50,0.925
1380,51,0.926
1380,52,0.926
1381,1,0.0
1381,2,0.002
1381,3,0.019
1381,4,0.042
1381,5,0.055
1381,6,0.071
1381,7,0.096
1381,8,0.113
1381,9,0.123
1381,10,0.143
1381,11,0.159
1381,12,0.217
1381,13,0.279
1381,14,0.352
1381,15,0.441
1381,16,0.538
1381,17,0.602
1381,18,0.676
1381,19,0.715
1381,20,0.731
1381,21,0.765
1381,22,0.806
1381,23,0.834
1381,24,0.861
1381,25,0.883
1381,26,0.888
1381,27,0.893
1381,28,0.896
1381,29,0.897
1381,30,0.901
1381,31,0.902
1381,32,0.903
1381,33,0.904
1381,34,0.906
1381,35,0.907
1381,36,0.908
1381,37,0.91
1381,38,0.911
1381,39,0.912
1381,40,0.912
1381,41,0.914
1381,42,0.914
1381,43,0.915
1381,44,0.915
1381,45,0.916
1381,46,0.917
1381,47,0.917
1381,48,0.918
1381,49,0.919
1381,50,0.92
1381,51,0.92
1381,52,0.921
1382,1,0.0
1382,2,0.01
1382,3,0.034
1382,4,0.055
1382,5,0.066
1382,6,0.082
1382,7,0.101
1382,8,0.119
1382,9,0.134
1382,10,0.167
1382,11,0.192
1382,12,0.236
1382,13,0.26
1382,14,0.303
1382,15,0.39
1382,16,0.494
1382,17,0.564
1382,18,0.6
1382,19,0.654
1382,20,0.707
1382,21,0.754
1382,22,0.802
1382,23,0.842
1382,24,0.877
1382,25,0.892
1382,26,0.897
1382,27,0.902
1382,28,0.905
1382,29,0.907
1382,30,0.908
1382,31,0.909
1382,32,0.91
1382,33,0.912
1382,34,0.913
1382,35,0.915
1382,36,0.916
1382,37,0.917
1382,38,0.919
1382,39,0.92
1382,40,0.921
1382,41,0.921
1382,42,0.921
1382,43,0.922
1382,44,0.922
1382,45,0.922
1382,46,0.923
1382,47,0.923
1382,48,0.924
1382,49,0.924
1382,50,0.926
1382,51,0.927
1382,52,0.927
1383,1,0.0
1383,2,0.01
1383,3,0.026
1383,4,0.039
1383,5,0.048
1383,6,0.062
1383,7,0.081
1383,8,0.098
1383,9,0.111
1383,10,0.148
1383,11,0.167
1383,12,0.215
1383,13,0.254
1383,14,0.321
1383,15,0.428
1383,16,0.528
1383,17,0.583
1383,18,0.617
1383,19,0.654
1383,20,0.688
1383,21,0.724
1383,22,0.777
1383,23,0.834
1383,24,0.885
1383,25,0.903
1383,26,0.908
1383,27,0.913
1383,28,0.916
1383,29,0.919
1383,30,0.92
1383,31,0.922
1383,32,0.923
1383,33,0.924
1383,34,0.926
1383,35,0.927
1383,36,0.929
1383,37,0.93
1383,38,0.932
1383,39,0.933
1383,40,0.934
1383,41,0.935
1383,42,0.935
1383,43,0.936
1383,44,0.936
1383,45,0.936
1383,46,0.936
1383,47,0.937
1383,48,0.937
1383,49,0.938
1383,50,0.939
1383,51,0.939
1383,52,0.94
1384,1,0.0
1384,2,0.009
1384,3,0.028
1384,4,0.043
1384,5,0.054
1384,6,0.073
1384,7,0.09
1384,8,0.106
1384,9,0.117
1384,10,0.151
1384,11,0.177
1384,12,0.222
1384,13,0.26
1384,14,0.307
1384,15,0.387
1384,16,0.462
1384,17,0.536
1384,18,0.574
1384,19,0.658
1384,20,0.714
1384,21,0.758
1384,22,0.822
1384,23,0.869
1384,24,0.897
1384,25,0.911
1384,26,0.917
1384,27,0.923
1384,28,0.924
1384,29,0.927
1384,30,0.929
1384,31,0.93
1384,32,0.931
1384,33,0.933
1384,34,0.935
1384,35,0.936
1384,36,0.937
1384,37,0.939
1384,38,0.94
1384,39,0.941
1384,40,0.941
1384,41,0.942
1384,42,0.942
1384,43,0.942
1384,44,0.943
1384,45,0.943
1384,46,0.943
1384,47,0.944
1384,48,0.945
1384,49,0.946
1384,50,0.946
1384,51,0.947
1384,52,0.947
1401,1,0.001
1401,2,0.018
1401,3,0.027
1401,4,0.041
1401,5,0.044
1401,6,0.05
1401,7,0.052
1401,8,0.057
1401,9,0.081
1401,10,0.111
1401,11,0.146
1401,12,0.161
1401,13,0.2
1401,14,0.213
1401,15,0.283
1401,16,0.354
1401,17,0.473
1401,18,0.532
1401,19,0.626
1401,20,0.718
1401,21,0.774
1401,22,0.809
1401,23,0.831
1401,24,0.854
1401,25,0.877
1401,26,0.886
1401,27,0.89
1401,28,0.897
1401,29,0.901
1401,30,0.906
1401,31,0.908
1401,32,0.911
1401,33,0.913
1401,34,0.915
1401,35,0.917
1401,36,0.92
1401,37,0.922
1401,38,0.923
1401,39,0.924
1401,40,0.925
1401,41,0.926
1401,42,0.927
1401,43,0.927
1401,44,0.927
1401,45,0.927
1401,46,0.928
1401,47,0.929
1401,48,0.93
1401,49,0.931
1401,50,0.931
1401,51,0.932
1401,52,0.933
1402,1,0.01
1402,2,0.018
1402,3,0.04
1402,4,0.046
1402,5,0.051
1402,6,0.055
1402,7,0.062
1402,8,0.07
1402,9,0.094
1402,10,0.129
1402,11,0.157
1402,12,0.187
1402,13,0.215
1402,14,0.236
1402,15,0.291
1402,16,0.395
1402,17,0.496
1402,18,0.562
1402,19,0.654
1402,20,0.733
1402,21,0.786
1402,22,0.816
1402,23,0.838
1402,24,0.851
1402,25,0.871
1402,26,0.88
1402,27,0.885
1402,28,0.891
1402,29,0.895
1402,30,0.9
1402,31,0.902
1402,32,0.904
1402,33,0.908
1402,34,0.91
1402,35,0.913
1402,36,0.916
1402,37,0.917
1402,38,0.919
1402,39,0.92
1402,40,0.921
1402,41,0.921
1402,42,0.922
1402,43,0.922
1402,44,0.923
1402,45,0.924
1402,46,0.924
1402,47,0.925
1402,48,0.926
1402,49,0.927
1402,50,0.928
1402,51,0.928
1402,52,0.929
1407,1,0.004
1407,2,0.024
1407,3,0.032
1407,4,0.065
1407,5,0.077
1407,6,0.085
1407,7,0.098
1407,8,0.141
1407,9,0.174
1407,10,0.219
1407,11,0.235
1407,12,0.266
1407,13,0.334
1407,14,0.368
1407,15,0.461
1407,16,0.532
1407,17,0.608
1407,18,0.667
1407,19,0.77
1407,20,0.816
1407,21,0.834
1407,22,0.848
1407,23,0.86
1407,24,0.871
1407,25,0.889
1407,26,0.908
1407,27,0.91
1407,28,0.915
1407,29,0.919
1407,30,0.92
1407,31,0.922
1407,32,0.923
1407,33,0.924
1407,34,0.925
1407,35,0.926
1407,36,0.928
1407,37,0.931
1407,38,0.933
1407,39,0.934
1407,40,0.936
1407,41,0.936
1407,42,0.936
1407,43,0.937
1407,44,0.937
1407,45,0.938
1407,46,0.938
1407,47,0.939
1407,48,0.94
1407,49,0.941
1407,50,0.942
1407,51,0.943
1407,52,0.943
1415,1,0.0
1415,2,0.007
1415,3,0.026
1415,4,0.031
1415,5,0.04
1415,6,0.048
1415,7,0.054
1415,8,0.066
1415,9,0.089
1415,10,0.115
1415,11,0.141
1415,12,0.164
1415,13,0.228
1415,14,0.249
1415,15,0.338
1415,16,0.426
1415,17,0.52
1415,18,0.596
1415,19,0.662
1415,20,0.704
1415,21,0.741
1415,22,0.785
1415,23,0.814
1415,24,0.843
1415,25,0.866
1415,26,0.874
1415,27,0.883
1415,28,0.889
1415,29,0.896
1415,30,0.899
1415,31,0.901
1415,32,0.903
1415,33,0.906
1415,34,0.909
1415,35,0.911
1415,36,0.913
1415,37,0.914
1415,38,0.915
1415,39,0.916
1415,40,0.917
1415,41,0.917
1415,42,0.922
1415,43,0.922
1415,44,0.923
1415,45,0.925
1415,46,0.926
1415,47,0.927
1415,48,0.928
1415,49,0.929
1415,50,0.93
1415,51,0.93
1415,52,0.931
1419,1,0.0
1419,2,0.007
1419,3,0.039
1419,4,0.045
1419,5,0.06
1419,6,0.069
1419,7,0.073
1419,8,0.083
1419,9,0.092
1419,10,0.117
1419,11,0.161
1419,12,0.194
1419,13,0.242
1419,14,0.32
1419,15,0.421
1419,16,0.532
1419,17,0.636
1419,18,0.754
1419,19,0.804
1419,20,0.817
1419,21,0.836
1419,22,0.858
1419,23,0.878
1419,24,0.905
1419,25,0.919
1419,26,0.924
1419,27,0.928
1419,28,0.932
1419,29,0.935
1419,30,0.937
1419,31,0.939
1419,32,0.94
1419,33,0.941
1419,34,0.942
1419,35,0.944
1419,36,0.945
1419,37,0.947
1419,38,0.947
1419,39,0.947
1419,40,0.948
1419,41,0.949
1419,42,0.949
1419,43,0.949
1419,44,0.949
1419,45,0.949
1419,46,0.949
1419,47,0.95
1419,48,0.95
1419,49,0.951
1419,50,0.951
1419,51,0.952
1419,52,0.952
1421,1,0.001
1421,2,0.011
1421,3,0.028
1421,4,0.038
1421,5,0.044
1421,6,0.074
1421,7,0.079
1421,8,0.086
1421,9,0.105
1421,10,0.132
1421,11,0.164
1421,12,0.201
1421,13,0.261
1421,14,0.287
1421,15,0.423
1421,16,0.528
1421,17,0.621
1421,18,0.676
1421,19,0.733
1421,20,0.769
1421,21,0.787
1421,22,0.82
1421,23,0.839
1421,24,0.862
1421,25,0.881
1421,26,0.889
1421,27,0.893
1421,28,0.897
1421,29,0.902
1421,30,0.906
1421,31,0.908
1421,32,0.909
1421,33,0.912
1421,34,0.914
1421,35,0.915
1421,36,0.918
1421,37,0.921
1421,38,0.922
1421,39,0.922
1421,40,0.924
1421,41,0.924
1421,42,0.924
1421,43,0.925
1421,44,0.926
1421,45,0.926
1421,46,0.926
1421,47,0.927
1421,48,0.928
1421,49,0.928
1421,50,0.929
1421,51,0.929
1421,52,0.93
1427,1,0.013
1427,2,0.024
1427,3,0.045
1427,4,0.054
1427,5,0.055
1427,6,0.057
1427,7,0.087
1427,8,0.089
1427,9,0.103
1427,10,0.146
1427,11,0.165
1427,12,0.188
1427,13,0.248
1427,14,0.269
1427,15,0.402
1427,16,0.56
1427,17,0.674
1427,18,0.75
1427,19,0.793
1427,20,0.86
1427,21,0.881
1427,22,0.906
1427,23,0.916
1427,24,0.925
1427,25,0.933
1427,26,0.935
1427,27,0.937
1427,28,0.939
1427,29,0.939
1427,30,0.941
1427,31,0.942
1427,32,0.945
1427,33,0.946
1427,34,0.946
1427,35,0.947
1427,36,0.948
1427,37,0.949
1427,38,0.949
1427,39,0.949
1427,40,0.95
1427,41,0.951
1427,42,0.951
1427,43,0.951
1427,44,0.952
1427,45,0.952
1427,46,0.952
1427,47,0.953
1427,48,0.953
1427,49,0.954
1427,50,0.955
1427,51,0.955
1427,52,0.955
1430,1,0.007
1430,2,0.028
1430,3,0.068
1430,4,0.079
1430,5,0.082
1430,6,0.093
1430,7,0.107
1430,8,0.119
1430,9,0.128
1430,10,0.157
1430,11,0.204
1430,12,0.232
1430,13,0.291
1430,14,0.317
1430,15,0.397
1430,16,0.508
1430,17,0.622
1430,18,0.693
1430,19,0.731
1430,20,0.808
1430,21,0.837
1430,22,0.861
1430,23,0.87
1430,24,0.88
1430,25,0.888
1430,26,0.89
1430,27,0.894
1430,28,0.897
1430,29,0.899
1430,30,0.905
1430,31,0.907
1430,32,0.908
1430,33,0.909
1430,34,0.91
1430,35,0.913
1430,36,0.915
1430,37,0.917
1430,38,0.92
1430,39,0.921
1430,40,0.922
1430,41,0.922
1430,42,0.922
1430,43,0.923
1430,44,0.924
1430,45,0.925
1430,46,0.925
1430,47,0.925
1430,48,0.925
1430,49,0.926
1430,50,0.927
1430,51,0.928
1430,52,0.929
1435,1,0.005
1435,2,0.014
1435,3,0.038
1435,4,0.061
1435,5,0.073
1435,6,0.074
1435,7,0.078
1435,8,0.082
1435,9,0.105
1435,10,0.138
1435,11,0.163
1435,12,0.193
1435,13,0.255
1435,14,0.29
1435,15,0.445
1435,16,0.553
1435,17,0.638
1435,18,0.714
1435,19,0.745
1435,20,0.823
1435,21,0.867
1435,22,0.88
1435,23,0.894
1435,24,0.904
1435,25,0.912
1435,26,0.914
1435,27,0.916
1435,28,0.918
1435,29,0.919
1435,30,0.921
1435,31,0.924
1435,32,0.925
1435,33,0.925
1435,34,0.928
1435,35,0.928
1435,36,0.93
1435,37,0.931
1435,38,0.932
1435,39,0.933
1435,40,0.934
1435,41,0.934
1435,42,0.934
1435,43,0.934
1435,44,0.934
1435,45,0.934
1435,46,0.936
1435,47,0.938
1435,48,0.938
1435,49,0.939
1435,50,0.94
1435,51,0.941
1435,52,0.941
1438,1,0.02
1438,2,0.024
1438,3,0.052
1438,4,0.052
1438,5,0.058
1438,6,0.062
1438,7,0.091
1438,8,0.111
1438,9,0.15
1438,10,0.247
1438,11,0.272
1438,12,0.301
1438,13,0.329
1438,14,0.362
1438,15,0.523
1438,16,0.586
1438,17,0.658
1438,18,0.717
1438,19,0.775
1438,20,0.832
1438,21,0.863
1438,22,0.876
1438,23,0.88
1438,24,0.891
1438,25,0.893
1438,26,0.895
1438,27,0.896
1438,28,0.912
1438,29,0.913
1438,30,0.913
1438,31,0.916
1438,32,0.916
1438,33,0.916
1438,34,0.917
1438,35,0.919
1438,36,0.919
1438,37,0.92
1438,38,0.921
1438,39,0.922
1438,40,0.923
1438,41,0.923
1438,42,0.923
1438,43,0.923
1438,44,0.923
1438,45,0.924
1438,46,0.924
1438,47,0.924
1438,48,0.924
1438,49,0.924
1438,50,0.924
1438,51,0.924
1438,52,0.924
1439,1,0.033
1439,2,0.036
1439,3,0.061
1439,4,0.071
1439,5,0.075
1439,6,0.077
1439,7,0.08
1439,8,0.097
1439,9,0.119
1439,10,0.174
1439,11,0.195
1439,12,0.233
1439,13,0.321
1439,14,0.351
1439,15,0.398
1439,16,0.552
1439,17,0.624
1439,18,0.704
1439,19,0.766
1439,20,0.84
1439,21,0.855
1439,22,0.87
1439,23,0.878
1439,24,0.882
1439,25,0.885
1439,26,0.89
1439,27,0.892
1439,28,0.897
1439,29,0.903
1439,30,0.905
1439,31,0.907
1439,32,0.908
1439,33,0.91
1439,34,0.912
1439,35,0.913
1439,36,0.915
1439,37,0.917
1439,38,0.918
1439,39,0.918
1439,40,0.922
1439,41,0.923
1439,42,0.923
1439,43,0.923
1439,44,0.923
1439,45,0.923
1439,46,0.923
1439,47,0.923
1439,48,0.923
1439,49,0.923
1439,50,0.923
1439,51,0.925
1439,52,0.925
1440,1,0.005
1440,2,0.015
1440,3,0.024
1440,4,0.029
1440,5,0.031
1440,6,0.042
1440,7,0.044
1440,8,0.05
1440,9,0.097
1440,10,0.132
1440,11,0.16
1440,12,0.17
1440,13,0.215
1440,14,0.233
1440,15,0.329
1440,16,0.431
1440,17,0.513
1440,18,0.583
1440,19,0.67
1440,20,0.698
1440,21,0.736
1440,22,0.787
1440,23,0.811
1440,24,0.847
1440,25,0.866
1440,26,0.877
1440,27,0.881
1440,28,0.887
1440,29,0.893
1440,30,0.898
1440,31,0.9
1440,32,0.902
1440,33,0.905
1440,34,0.909
1440,35,0.911
1440,36,0.913
1440,37,0.915
1440,38,0.916
1440,39,0.917
1440,40,0.919
1440,41,0.919
1440,42,0.92
1440,43,0.92
1440,44,0.921
1440,45,0.921
1440,46,0.922
1440,47,0.923
1440,48,0.924
1440,49,0.924
1440,50,0.925
1440,51,0.926
1440,52,0.927
1441,1,0.005
1441,2,0.013
1441,3,0.028
1441,4,0.033
1441,5,0.041
1441,6,0.047
1441,7,0.05
1441,8,0.061
1441,9,0.073
1441,10,0.093
1441,11,0.119
1441,12,0.142
1441,13,0.179
1441,14,0.223
1441,15,0.289
1441,16,0.396
1441,17,0.508
1441,18,0.591
1441,19,0.664
1441,20,0.734
1441,21,0.795
1441,22,0.832
1441,23,0.853
1441,24,0.871
1441,25,0.896
1441,26,0.903
1441,27,0.908
1441,28,0.912
1441,29,0.917
1441,30,0.919
1441,31,0.922
1441,32,0.923
1441,33,0.926
1441,34,0.928
1441,35,0.929
1441,36,0.932
1441,37,0.934
1441,38,0.935
1441,39,0.936
1441,40,0.938
1441,41,0.938
1441,42,0.939
1441,43,0.939
1441,44,0.939
1441,45,0.939
1441,46,0.94
1441,47,0.941
1441,48,0.942
1441,49,0.942
1441,50,0.943
1441,51,0.943
1441,52,0.944
1442,1,0.0
1442,2,0.013
1442,3,0.027
1442,4,0.044
1442,5,0.046
1442,6,0.056
1442,7,0.088
1442,8,0.099
1442,9,0.108
1442,10,0.122
1442,11,0.143
1442,12,0.167
1442,13,0.218
1442,14,0.231
1442,15,0.293
1442,16,0.414
1442,17,0.525
1442,18,0.596
1442,19,0.668
1442,20,0.736
1442,21,0.785
1442,22,0.804
1442,23,0.828
1442,24,0.854
1442,25,0.867
1442,26,0.875
1442,27,0.88
1442,28,0.885
1442,29,0.89
1442,30,0.892
1442,31,0.897
1442,32,0.899
1442,33,0.901
1442,34,0.902
1442,35,0.904
1442,36,0.908
1442,37,0.911
1442,38,0.913
1442,39,0.915
1442,40,0.919
1442,41,0.919
1442,42,0.919
1442,43,0.92
1442,44,0.921
1442,45,0.921
1442,46,0.922
1442,47,0.922
1442,48,0.922
1442,49,0.925
1442,50,0.925
1442,51,0.926
1442,52,0.926
1443,1,0.0
1443,2,0.0
1443,3,0.034
1443,4,0.05
1443,5,0.06
1443,6,0.065
1443,7,0.066
1443,8,0.073
1443,9,0.084
1443,10,0.109
1443,11,0.131
1443,12,0.148
1443,13,0.221
1443,14,0.248
1443,15,0.331
1443,16,0.486
1443,17,0.523
1443,18,0.589
1443,19,0.685
1443,20,0.771
1443,21,0.815
1443,22,0.848
1443,23,0.858
1443,24,0.869
1443,25,0.886
1443,26,0.891
1443,27,0.895
1443,28,0.899
1443,29,0.902
1443,30,0.907
1443,31,0.91
1443,32,0.914
1443,33,0.916
1443,34,0.917
1443,35,0.918
1443,36,0.92
1443,37,0.923
1443,38,0.924
1443,39,0.925
1443,40,0.928
1443,41,0.928
1443,42,0.928
1443,43,0.929
1443,44,0.929
1443,45,0.929
1443,46,0.93
1443,47,0.93
1443,48,0.931
1443,49,0.931
1443,50,0.933
1443,51,0.933
1443,52,0.934
1444,1,0.012
1444,2,0.027
1444,3,0.035
1444,4,0.081
1444,5,0.084
1444,6,0.09
1444,7,0.096
1444,8,0.124
1444,9,0.166
1444,10,0.206
1444,11,0.238
1444,12,0.302
1444,13,0.313
1444,14,0.379
1444,15,0.458
1444,16,0.581
1444,17,0.635
1444,18,0.676
1444,19,0.763
1444,20,0.811
1444,21,0.841
1444,22,0.864
1444,23,0.884
1444,24,0.895
1444,25,0.898
1444,26,0.906
1444,27,0.907
1444,28,0.909
1444,29,0.914
1444,30,0.915
1444,31,0.918
1444,32,0.92
1444,33,0.921
1444,34,0.921
1444,35,0.922
1444,36,0.925
1444,37,0.928
1444,38,0.929
1444,39,0.93
1444,40,0.932
1444,41,0.932
1444,42,0.933
1444,43,0.933
1444,44,0.933
1444,45,0.935
1444,46,0.935
1444,47,0.935
1444,48,0.935
1444,49,0.936
1444,50,0.937
1444,51,0.937
1444,52,0.937
1445,1,0.001
1445,2,0.015
1445,3,0.018
1445,4,0.025
1445,5,0.034
1445,6,0.079
1445,7,0.091
1445,8,0.096
1445,9,0.143
1445,10,0.214
1445,11,0.263
1445,12,0.314
1445,13,0.333
1445,14,0.376
1445,15,0.459
1445,16,0.559
1445,17,0.601
1445,18,0.641
1445,19,0.723
1445,20,0.754
1445,21,0.79
1445,22,0.81
1445,23,0.844
1445,24,0.86
1445,25,0.866
1445,26,0.878
1445,27,0.88
1445,28,0.884
1445,29,0.886
1445,30,0.889
1445,31,0.891
1445,32,0.894
1445,33,0.895
1445,34,0.898
1445,35,0.9
1445,36,0.901
1445,37,0.905
1445,38,0.906
1445,39,0.906
1445,40,0.91
1445,41,0.912
1445,42,0.912
1445,43,0.912
1445,44,0.912
1445,45,0.913
1445,46,0.913
1445,47,0.913
1445,48,0.913
1445,49,0.914
1445,50,0.914
1445,51,0.915
1445,52,0.916
1446,1,0.0
1446,2,0.021
1446,3,0.033
1446,4,0.035
1446,5,0.036
1446,6,0.057
1446,7,0.087
1446,8,0.088
1446,9,0.109
1446,10,0.162
1446,11,0.213
1446,12,0.254
1446,13,0.388
1446,14,0.414
1446,15,0.546
1446,16,0.598
1446,17,0.623
1446,18,0.688
1446,19,0.776
1446,20,0.851
1446,21,0.894
1446,22,0.91
1446,23,0.915
1446,24,0.915
1446,25,0.926
1446,26,0.927
1446,27,0.93
1446,28,0.93
1446,29,0.931
1446,30,0.931
1446,31,0.931
1446,32,0.931
1446,33,0.931
1446,34,0.932
1446,35,0.933
1446,36,0.933
1446,37,0.933
1446,38,0.935
1446,39,0.935
1446,40,0.937
1446,41,0.937
1446,42,0.937
1446,43,0.938
1446,44,0.938
1446,45,0.938
1446,46,0.938
1446,47,0.938
1446,48,0.938
1446,49,0.939
1446,50,0.939
1446,51,0.94
1446,52,0.94
1447,1,0.0
1447,2,0.012
1447,3,0.03
1447,4,0.035
1447,5,0.037
1447,6,0.04
1447,7,0.065
1447,8,0.081
1447,9,0.101
1447,10,0.128
1447,11,0.155
1447,12,0.189
1447,13,0.248
1447,14,0.29
1447,15,0.414
1447,16,0.504
1447,17,0.586
1447,18,0.631
1447,19,0.678
1447,20,0.704
1447,21,0.731
1447,22,0.782
1447,23,0.828
1447,24,0.85
1447,25,0.867
1447,26,0.873
1447,27,0.877
1447,28,0.88
1447,29,0.881
1447,30,0.884
1447,31,0.887
1447,32,0.89
1447,33,0.892
1447,34,0.896
1447,35,0.899
1447,36,0.901
1447,37,0.902
1447,38,0.905
1447,39,0.908
1447,40,0.913
1447,41,0.914
1447,42,0.915
1447,43,0.915
1447,44,0.916
1447,45,0.916
1447,46,0.916
1447,47,0.917
1447,48,0.918
1447,49,0.918
1447,50,0.921
1447,51,0.923
1447,52,0.924
1452,1,0.0
1452,2,0.018
1452,3,0.034
1452,4,0.038
1452,5,0.04
1452,6,0.043
1452,7,0.061
1452,8,0.094
1452,9,0.108
1452,10,0.131
1452,11,0.179
1452,12,0.209
1452,13,0.295
1452,14,0.323
1452,15,0.413
1452,16,0.501
1452,17,0.639
1452,18,0.672
1452,19,0.715
1452,20,0.762
1452,21,0.793
1452,22,0.824
1452,23,0.859
1452,24,0.885
1452,25,0.897
1452,26,0.903
1452,27,0.905
1452,28,0.907
1452,29,0.91
1452,30,0.913
1452,31,0.914
1452,32,0.916
1452,33,0.918
1452,34,0.921
1452,35,0.922
1452,36,0.924
1452,37,0.926
1452,38,0.926
1452,39,0.927
1452,40,0.93
1452,41,0.931
1452,42,0.932
1452,43,0.932
1452,44,0.933
1452,45,0.933
1452,46,0.934
1452,47,0.935
1452,48,0.936
1452,49,0.936
1452,50,0.937
1452,51,0.937
1452,52,0.938
1460,1,0.008
1460,2,0.02
1460,3,0.034
1460,4,0.035
1460,5,0.04
1460,6,0.053
1460,7,0.09
1460,8,0.113
1460,9,0.131
1460,10,0.157
1460,11,0.219
1460,12,0.242
1460,13,0.345
1460,14,0.368
1460,15,0.436
1460,16,0.548
1460,17,0.633
1460,18,0.703
1460,19,0.766
1460,20,0.82
1460,21,0.861
1460,22,0.873
1460,23,0.879
1460,24,0.883
1460,25,0.89
1460,26,0.89
1460,27,0.897
1460,28,0.901
1460,29,0.902
1460,30,0.903
1460,31,0.905
1460,32,0.905
1460,33,0.906
1460,34,0.91
1460,35,0.911
1460,36,0.913
1460,37,0.914
1460,38,0.916
1460,39,0.917
1460,40,0.918
1460,41,0.919
1460,42,0.919
1460,43,0.919
1460,44,0.92
1460,45,0.921
1460,46,0.921
1460,47,0.921
1460,48,0.922
1460,49,0.922
1460,50,0.922
1460,51,0.923
1460,52,0.924
1461,1,0.005
1461,2,0.016
1461,3,0.019
1461,4,0.031
1461,5,0.037
1461,6,0.038
1461,7,0.085
1461,8,0.102
1461,9,0.111
1461,10,0.149
1461,11,0.188
1461,12,0.224
1461,13,0.289
1461,14,0.312
1461,15,0.374
1461,16,0.518
1461,17,0.622
1461,18,0.689
1461,19,0.753
1461,20,0.808
1461,21,0.844
1461,22,0.86
1461,23,0.867
1461,24,0.874
1461,25,0.879
1461,26,0.881
1461,27,0.887
1461,28,0.893
1461,29,0.894
1461,30,0.895
1461,31,0.897
1461,32,0.897
1461,33,0.897
1461,34,0.901
1461,35,0.903
1461,36,0.905
1461,37,0.906
1461,38,0.909
1461,39,0.91
1461,40,0.912
1461,41,0.913
1461,42,0.913
1461,43,0.913
1461,44,0.913
1461,45,0.913
1461,46,0.914
1461,47,0.914
1461,48,0.914
1461,49,0.916
1461,50,0.917
1461,51,0.918
1461,52,0.918
1462,1,0.012
1462,2,0.019
1462,3,0.023
1462,4,0.026
1462,5,0.027
1462,6,0.04
1462,7,0.051
1462,8,0.061
1462,9,0.088
1462,10,0.104
1462,11,0.126
1462,12,0.148
1462,13,0.2
1462,14,0.229
1462,15,0.313
1462,16,0.415
1462,17,0.521
1462,18,0.598
1462,19,0.654
1462,20,0.708
1462,21,0.753
1462,22,0.808
1462,23,0.824
1462,24,0.842
1462,25,0.852
1462,26,0.859
1462,27,0.867
1462,28,0.873
1462,29,0.878
1462,30,0.882
1462,31,0.884
1462,32,0.887
1462,33,0.89
1462,34,0.892
1462,35,0.895
1462,36,0.897
1462,37,0.899
1462,38,0.9
1462,39,0.901
1462,40,0.902
1462,41,0.902
1462,42,0.903
1462,43,0.905
1462,44,0.905
1462,45,0.906
1462,46,0.906
1462,47,0.907
1462,48,0.908
1462,49,0.909
1462,50,0.909
1462,51,0.91
1462,52,0.911
1463,1,0.0
1463,2,0.003
1463,3,0.015
1463,4,0.018
1463,5,0.026
1463,6,0.036
1463,7,0.055
1463,8,0.078
1463,9,0.094
1463,10,0.114
1463,11,0.157
1463,12,0.167
1463,13,0.223
1463,14,0.249
1463,15,0.302
1463,16,0.405
1463,17,0.509
1463,18,0.57
1463,19,0.683
1463,20,0.748
1463,21,0.783
1463,22,0.808
1463,23,0.822
1463,24,0.844
1463,25,0.867
1463,26,0.873
1463,27,0.876
1463,28,0.883
1463,29,0.886
1463,30,0.889
1463,31,0.892
1463,32,0.896
1463,33,0.9
1463,34,0.903
1463,35,0.905
1463,36,0.908
1463,37,0.909
1463,38,0.911
1463,39,0.912
1463,40,0.915
1463,41,0.916
1463,42,0.917
1463,43,0.917
1463,44,0.917
1463,45,0.918
1463,46,0.918
1463,47,0.919
1463,48,0.92
1463,49,0.921
1463,50,0.922
1463,51,0.922
1463,52,0.922
1465,1,0.0
1465,2,0.011
1465,3,0.027
1465,4,0.031
1465,5,0.045
1465,6,0.06
1465,7,0.078
1465,8,0.1
1465,9,0.107
1465,10,0.127
1465,11,0.147
1465,12,0.17
1465,13,0.221
1465,14,0.25
1465,15,0.408
1465,16,0.526
1465,17,0.634
1465,18,0.662
1465,19,0.726
1465,20,0.76
1465,21,0.783
1465,22,0.814
1465,23,0.837
1465,24,0.866
1465,25,0.882
1465,26,0.887
1465,27,0.89
1465,28,0.893
1465,29,0.894
1465,30,0.897
1465,31,0.9
1465,32,0.901
1465,33,0.903
1465,34,0.906
1465,35,0.908
1465,36,0.908
1465,37,0.909
1465,38,0.909
1465,39,0.913
1465,40,0.916
1465,41,0.916
1465,42,0.916
1465,43,0.917
1465,44,0.917
1465,45,0.918
1465,46,0.919
1465,47,0.92
1465,48,0.92
1465,49,0.92
1465,50,0.921
1465,51,0.922
1465,52,0.922
1466,1,0.001
1466,2,0.009
1466,3,0.014
1466,4,0.019
1466,5,0.029
1466,6,0.067
1466,7,0.09
1466,8,0.104
1466,9,0.121
1466,10,0.153
1466,11,0.18
1466,12,0.212
1466,13,0.249
1466,14,0.264
1466,15,0.375
1466,16,0.489
1466,17,0.567
1466,18,0.65
1466,19,0.731
1466,20,0.783
1466,21,0.834
1466,22,0.853
1466,23,0.876
1466,24,0.886
1466,25,0.893
1466,26,0.897
1466,27,0.9
1466,28,0.903
1466,29,0.905
1466,30,0.907
1466,31,0.907
1466,32,0.909
1466,33,0.909
1466,34,0.91
1466,35,0.91
1466,36,0.912
1466,37,0.913
1466,38,0.915
1466,39,0.916
1466,40,0.917
1466,41,0.918
1466,42,0.918
1466,43,0.918
1466,44,0.918
1466,45,0.919
1466,46,0.919
1466,47,0.921
1466,48,0.921
1466,49,0.922
1466,50,0.923
1466,51,0.924
1466,52,0.924
1470,1,0.007
1470,2,0.008
1470,3,0.024
1470,4,0.03
1470,5,0.035
1470,6,0.054
1470,7,0.078
1470,8,0.098
1470,9,0.121
1470,10,0.15
1470,11,0.188
1470,12,0.221
1470,13,0.346
1470,14,0.353
1470,15,0.429
1470,16,0.534
1470,17,0.623
1470,18,0.711
1470,19,0.786
1470,20,0.806
1470,21,0.837
1470,22,0.855
1470,23,0.882
1470,24,0.89
1470,25,0.894
1470,26,0.9
1470,27,0.903
1470,28,0.907
1470,29,0.911
1470,30,0.912
1470,31,0.913
1470,32,0.914
1470,33,0.915
1470,34,0.917
1470,35,0.918
1470,36,0.92
1470,37,0.922
1470,38,0.924
1470,39,0.925
1470,40,0.927
1470,41,0.928
1470,42,0.929
1470,43,0.929
1470,44,0.93
1470,45,0.93
1470,46,0.931
1470,47,0.931
1470,48,0.931
1470,49,0.932
1470,50,0.932
1470,51,0.933
1470,52,0.933
1471,1,0.027
1471,2,0.029
1471,3,0.041
1471,4,0.054
1471,5,0.056
1471,6,0.064
1471,7,0.073
1471,8,0.086
1471,9,0.097
1471,10,0.132
1471,11,0.152
1471,12,0.197
1471,13,0.257
1471,14,0.28
1471,15,0.351
1471,16,0.477
1471,17,0.603
1471,18,0.685
1471,19,0.735
1471,20,0.778
1471,21,0.824
1471,22,0.862
1471,23,0.879
1471,24,0.89
1471,25,0.9
1471,26,0.904
1471,27,0.907
1471,28,0.909
1471,29,0.912
1471,30,0.914
1471,31,0.917
1471,32,0.921
1471,33,0.922
1471,34,0.924
1471,35,0.927
1471,36,0.93
1471,37,0.932
1471,38,0.934
1471,39,0.934
1471,40,0.936
1471,41,0.936
1471,42,0.937
1471,43,0.937
1471,44,0.94
1471,45,0.94
1471,46,0.94
1471,47,0.941
1471,48,0.941
1471,49,0.942
1471,50,0.943
1471,51,0.943
1471,52,0.944
1472,1,0.001
1472,2,0.012
1472,3,0.036
1472,4,0.049
1472,5,0.049
1472,6,0.059
1472,7,0.076
1472,8,0.091
1472,9,0.109
1472,10,0.147
1472,11,0.193
1472,12,0.252
1472,13,0.312
1472,14,0.337
1472,15,0.409
1472,16,0.522
1472,17,0.605
1472,18,0.674
1472,19,0.726
1472,20,0.78
1472,21,0.809
1472,22,0.843
1472,23,0.862
1472,24,0.873
1472,25,0.881
1472,26,0.887
1472,27,0.893
1472,28,0.894
1472,29,0.896
1472,30,0.899
1472,31,0.9
1472,32,0.903
1472,33,0.903
1472,34,0.907
1472,35,0.912
1472,36,0.915
1472,37,0.917
1472,38,0.919
1472,39,0.92
1472,40,0.924
1472,41,0.924
1472,42,0.926
1472,43,0.926
1472,44,0.926
1472,45,0.926
1472,46,0.926
1472,47,0.927
1472,48,0.928
1472,49,0.928
1472,50,0.929
1472,51,0.931
1472,52,0.931
1473,1,0.018
1473,2,0.031
1473,3,0.039
1473,4,0.05
1473,5,0.055
1473,6,0.063
1473,7,0.093
1473,8,0.105
1473,9,0.127
1473,10,0.178
1473,11,0.229
1473,12,0.257
1473,13,0.329
1473,14,0.344
1473,15,0.471
1473,16,0.581
1473,17,0.635
1473,18,0.698
1473,19,0.756
1473,20,0.786
1473,21,0.821
1473,22,0.856
1473,23,0.869
1473,24,0.876
1473,25,0.886
1473,26,0.891
1473,27,0.893
1473,28,0.895
1473,29,0.896
1473,30,0.898
1473,31,0.9
1473,32,0.901
1473,33,0.903
1473,34,0.905
1473,35,0.908
1473,36,0.909
1473,37,0.911
1473,38,0.914
1473,39,0.915
1473,40,0.917
1473,41,0.917
1473,42,0.918
1473,43,0.918
1473,44,0.918
1473,45,0.918
1473,46,0.919
1473,47,0.919
1473,48,0.92
1473,49,0.92
1473,50,0.921
1473,51,0.921
1473,52,0.922
1480,1,0.007
1480,2,0.011
1480,3,0.023
1480,4,0.029
1480,5,0.033
1480,6,0.037
1480,7,0.043
1480,8,0.051
1480,9,0.078
1480,10,0.117
1480,11,0.143
1480,12,0.165
1480,13,0.198
1480,14,0.218
1480,15,0.282
1480,16,0.364
1480,17,0.452
1480,18,0.522
1480,19,0.605
1480,20,0.666
1480,21,0.716
1480,22,0.75
1480,23,0.774
1480,24,0.791
1480,25,0.815
1480,26,0.826
1480,27,0.832
1480,28,0.839
1480,29,0.847
1480,30,0.852
1480,31,0.855
1480,32,0.858
1480,33,0.862
1480,34,0.865
1480,35,0.868
1480,36,0.871
1480,37,0.874
1480,38,0.876
1480,39,0.878
1480,40,0.88
1480,41,0.881
1480,42,0.882
1480,43,0.883
1480,44,0.884
1480,45,0.885
1480,46,0.886
1480,47,0.887
1480,48,0.888
1480,49,0.889
1480,50,0.891
1480,51,0.892
1480,52,0.892
1481,1,0.009
1481,2,0.017
1481,3,0.039
1481,4,0.054
1481,5,0.056
1481,6,0.059
1481,7,0.063
1481,8,0.075
1481,9,0.105
1481,10,0.133
1481,11,0.154
1481,12,0.169
1481,13,0.203
1481,14,0.217
1481,15,0.287
1481,16,0.377
1481,17,0.457
1481,18,0.54
1481,19,0.647
1481,20,0.717
1481,21,0.773
1481,22,0.811
1481,23,0.834
1481,24,0.851
1481,25,0.873
1481,26,0.884
1481,27,0.888
1481,28,0.892
1481,29,0.899
1481,30,0.902
1481,31,0.905
1481,32,0.908
1481,33,0.91
1481,34,0.912
1481,35,0.915
1481,36,0.917
1481,37,0.919
1481,38,0.92
1481,39,0.921
1481,40,0.923
1481,41,0.924
1481,42,0.924
1481,43,0.925
1481,44,0.926
1481,45,0.926
1481,46,0.926
1481,47,0.927
1481,48,0.928
1481,49,0.929
1481,50,0.93
1481,51,0.93
1481,52,0.931
1482,1,0.002
1482,2,0.008
1482,3,0.022
1482,4,0.036
1482,5,0.043
1482,6,0.052
1482,7,0.056
1482,8,0.07
1482,9,0.1
1482,10,0.127
1482,11,0.145
1482,12,0.168
1482,13,0.203
1482,14,0.243
1482,15,0.334
1482,16,0.432
1482,17,0.543
1482,18,0.603
1482,19,0.687
1482,20,0.734
1482,21,0.79
1482,22,0.825
1482,23,0.848
1482,24,0.868
1482,25,0.884
1482,26,0.891
1482,27,0.9
1482,28,0.903
1482,29,0.907
1482,30,0.911
1482,31,0.913
1482,32,0.915
1482,33,0.919
1482,34,0.921
1482,35,0.923
1482,36,0.926
1482,37,0.927
1482,38,0.929
1482,39,0.929
1482,40,0.93
1482,41,0.931
1482,42,0.931
1482,43,0.931
1482,44,0.932
1482,45,0.932
1482,46,0.932
1482,47,0.933
1482,48,0.934
1482,49,0.935
1482,50,0.936
1482,51,0.936
1482,52,0.936
1484,1,0.0
1484,2,0.013
1484,3,0.033
1484,4,0.039
1484,5,0.048
1484,6,0.052
1484,7,0.053
1484,8,0.086
1484,9,0.095
1484,10,0.131
1484,11,0.154
1484,12,0.196
1484,13,0.284
1484,14,0.314
1484,15,0.422
1484,16,0.536
1484,17,0.656
1484,18,0.731
1484,19,0.761
1484,20,0.87
1484,21,0.884
1484,22,0.902
1484,23,0.906
1484,24,0.914
1484,25,0.923
1484,26,0.924
1484,27,0.927
1484,28,0.929
1484,29,0.931
1484,30,0.933
1484,31,0.934
1484,32,0.935
1484,33,0.935
1484,34,0.936
1484,35,0.938
1484,36,0.939
1484,37,0.941
1484,38,0.943
1484,39,0.943
1484,40,0.946
1484,41,0.946
1484,42,0.946
1484,43,0.946
1484,44,0.947
1484,45,0.947
1484,46,0.948
1484,47,0.949
1484,48,0.949
1484,49,0.949
1484,50,0.951
1484,51,0.951
1484,52,0.951
1485,1,0.005
1485,2,0.012
1485,3,0.048
1485,4,0.072
1485,5,0.076
1485,6,0.083
1485,7,0.09
1485,8,0.107
1485,9,0.124
1485,10,0.167
1485,11,0.189
1485,12,0.219
1485,13,0.263
1485,14,0.287
1485,15,0.396
1485,16,0.493
1485,17,0.6
1485,18,0.676
1485,19,0.751
1485,20,0.79
1485,21,0.814
1485,22,0.837
1485,23,0.859
1485,24,0.879
1485,25,0.895
1485,26,0.901
1485,27,0.904
1485,28,0.907
1485,29,0.91
1485,30,0.914
1485,31,0.916
1485,32,0.919
1485,33,0.92
1485,34,0.922
1485,35,0.925
1485,36,0.926
1485,37,0.929
1485,38,0.93
1485,39,0.931
1485,40,0.933
1485,41,0.933
1485,42,0.934
1485,43,0.935
1485,44,0.936
1485,45,0.936
1485,46,0.937
1485,47,0.937
1485,48,0.938
1485,49,0.939
1485,50,0.939
1485,51,0.94
1485,52,0.941
1486,1,0.005
1486,2,0.011
1486,3,0.014
1486,4,0.017
1486,5,0.018
1486,6,0.022
1486,7,0.058
1486,8,0.074
1486,9,0.076
1486,10,0.117
1486,11,0.156
1486,12,0.198
1486,13,0.262
1486,14,0.278
1486,15,0.434
1486,16,0.525
1486,17,0.567
1486,18,0.644
1486,19,0.704
1486,20,0.752
1486,21,0.811
1486,22,0.838
1486,23,0.862
1486,24,0.879
1486,25,0.89
1486,26,0.893
1486,27,0.894
1486,28,0.896
1486,29,0.898
1486,30,0.9
1486,31,0.902
1486,32,0.905
1486,33,0.906
1486,34,0.908
1486,35,0.908
1486,36,0.909
1486,37,0.909
1486,38,0.911
1486,39,0.911
1486,40,0.913
1486,41,0.913
1486,42,0.913
1486,43,0.914
1486,44,0.914
1486,45,0.914
1486,46,0.915
1486,47,0.916
1486,48,0.916
1486,49,0.917
1486,50,0.917
1486,51,0.918
1486,52,0.918
1487,1,0.001
1487,2,0.01
1487,3,0.038
1487,4,0.045
1487,5,0.045
1487,6,0.048
1487,7,0.069
1487,8,0.092
1487,9,0.114
1487,10,0.142
1487,11,0.17
1487,12,0.183
1487,13,0.246
1487,14,0.258
1487,15,0.347
1487,16,0.48
1487,17,0.565
1487,18,0.703
1487,19,0.786
1487,20,0.843
1487,21,0.858
1487,22,0.878
1487,23,0.891
1487,24,0.894
1487,25,0.903
1487,26,0.909
1487,27,0.911
1487,28,0.914
1487,29,0.918
1487,30,0.921
1487,31,0.923
1487,32,0.925
1487,33,0.927
1487,34,0.929
1487,35,0.931
1487,36,0.932
1487,37,0.934
1487,38,0.935
1487,39,0.935
1487,40,0.937
1487,41,0.937
1487,42,0.938
1487,43,0.938
1487,44,0.939
1487,45,0.939
1487,46,0.939
1487,47,0.939
1487,48,0.94
1487,49,0.94
1487,50,0.942
1487,51,0.942
1487,52,0.943
1488,1,0.005
1488,2,0.009
1488,3,0.034
1488,4,0.046
1488,5,0.051
1488,6,0.056
1488,7,0.079
1488,8,0.089
1488,9,0.107
1488,10,0.131
1488,11,0.157
1488,12,0.186
1488,13,0.223
1488,14,0.235
1488,15,0.301
1488,16,0.446
1488,17,0.548
1488,18,0.641
1488,19,0.705
1488,20,0.783
1488,21,0.821
1488,22,0.836
1488,23,0.855
1488,24,0.861
1488,25,0.87
1488,26,0.879
1488,27,0.884
1488,28,0.887
1488,29,0.891
1488,30,0.894
1488,31,0.898
1488,32,0.901
1488,33,0.903
1488,34,0.906
1488,35,0.908
1488,36,0.91
1488,37,0.912
1488,38,0.913
1488,39,0.914
1488,40,0.917
1488,41,0.917
1488,42,0.918
1488,43,0.919
1488,44,0.919
1488,45,0.92
1488,46,0.92
1488,47,0.921
1488,48,0.922
1488,49,0.922
1488,50,0.923
1488,51,0.924
1488,52,0.924
1489,1,0.005
1489,2,0.021
1489,3,0.043
1489,4,0.06
1489,5,0.065
1489,6,0.069
1489,7,0.073
1489,8,0.083
1489,9,0.113
1489,10,0.151
1489,11,0.187
1489,12,0.206
1489,13,0.238
1489,14,0.277
1489,15,0.352
1489,16,0.457
1489,17,0.555
1489,18,0.651
1489,19,0.737
1489,20,0.782
1489,21,0.828
1489,22,0.844
1489,23,0.861
1489,24,0.876
1489,25,0.895
1489,26,0.9
1489,27,0.904
1489,28,0.908
1489,29,0.911
1489,30,0.913
1489,31,0.915
1489,32,0.917
1489,33,0.919
1489,34,0.92
1489,35,0.922
1489,36,0.924
1489,37,0.926
1489,38,0.928
1489,39,0.929
1489,40,0.931
1489,41,0.931
1489,42,0.932
1489,43,0.933
1489,44,0.933
1489,45,0.933
1489,46,0.934
1489,47,0.934
1489,48,0.935
1489,49,0.935
1489,50,0.936
1489,51,0.937
1489,52,0.937
1490,1,0.002
1490,2,0.006
1490,3,0.017
1490,4,0.028
1490,5,0.042
1490,6,0.051
1490,7,0.058
1490,8,0.072
1490,9,0.093
1490,10,0.131
1490,11,0.153
1490,12,0.165
1490,13,0.183
1490,14,0.203
1490,15,0.246
1490,16,0.37
1490,17,0.502
1490,18,0.621
1490,19,0.744
1490,20,0.82
1490,21,0.834
1490,22,0.852
1490,23,0.858
1490,24,0.864
1490,25,0.875
1490,26,0.878
1490,27,0.882
1490,28,0.885
1490,29,0.887
1490,30,0.891
1490,31,0.894
1490,32,0.896
1490,33,0.899
1490,34,0.901
1490,35,0.902
1490,36,0.905
1490,37,0.907
1490,38,0.908
1490,39,0.91
1490,40,0.911
1490,41,0.912
1490,42,0.912
1490,43,0.913
1490,44,0.913
1490,45,0.914
1490,46,0.914
1490,47,0.915
1490,48,0.916
1490,49,0.917
1490,50,0.918
1490,51,0.918
1490,52,0.919
1491,1,0.0
1491,2,0.006
1491,3,0.018
1491,4,0.031
1491,5,0.047
1491,6,0.06
1491,7,0.074
1491,8,0.091
1491,9,0.101
1491,10,0.129
1491,11,0.158
1491,12,0.182
1491,13,0.228
1491,14,0.26
1491,15,0.347
1491,16,0.46
1491,17,0.587
1491,18,0.625
1491,19,0.753
1491,20,0.775
1491,21,0.79
1491,22,0.809
1491,23,0.834
1491,24,0.864
1491,25,0.882
1491,26,0.889
1491,27,0.891
1491,28,0.894
1491,29,0.896
1491,30,0.9
1491,31,0.903
1491,32,0.906
1491,33,0.908
1491,34,0.91
1491,35,0.912
1491,36,0.913
1491,37,0.915
1491,38,0.917
1491,39,0.917
1491,40,0.919
1491,41,0.92
1491,42,0.92
1491,43,0.921
1491,44,0.921
1491,45,0.921
1491,46,0.922
1491,47,0.922
1491,48,0.923
1491,49,0.924
1491,50,0.924
1491,51,0.925
1491,52,0.925
1492,1,0.0
1492,2,0.018
1492,3,0.033
1492,4,0.042
1492,5,0.044
1492,6,0.059
1492,7,0.064
1492,8,0.111
1492,9,0.115
1492,10,0.157
1492,11,0.191
1492,12,0.207
1492,13,0.332
1492,14,0.358
1492,15,0.428
1492,16,0.522
1492,17,0.646
1492,18,0.715
1492,19,0.749
1492,20,0.783
1492,21,0.817
1492,22,0.849
1492,23,0.881
1492,24,0.895
1492,25,0.906
1492,26,0.911
1492,27,0.914
1492,28,0.917
1492,29,0.917
1492,30,0.921
1492,31,0.921
1492,32,0.922
1492,33,0.923
1492,34,0.924
1492,35,0.926
1492,36,0.926
1492,37,0.927
1492,38,0.927
1492,39,0.929
1492,40,0.929
1492,41,0.929
1492,42,0.93
1492,43,0.93
1492,44,0.931
1492,45,0.931
1492,46,0.932
1492,47,0.933
1492,48,0.933
1492,49,0.934
1492,50,0.935
1492,51,0.935
1492,52,0.936
1493,1,0.01
1493,2,0.024
1493,3,0.042
1493,4,0.046
1493,5,0.049
1493,6,0.064
1493,7,0.086
1493,8,0.103
1493,9,0.122
1493,10,0.142
1493,11,0.185
1493,12,0.21
1493,13,0.256
1493,14,0.286
1493,15,0.372
1493,16,0.537
1493,17,0.654
1493,18,0.731
1493,19,0.766
1493,20,0.813
1493,21,0.847
1493,22,0.88
1493,23,0.9
1493,24,0.908
1493,25,0.918
1493,26,0.921
1493,27,0.925
1493,28,0.927
1493,29,0.928
1493,30,0.929
1493,31,0.932
1493,32,0.933
1493,33,0.935
1493,34,0.937
1493,35,0.939
1493,36,0.941
1493,37,0.942
1493,38,0.944
1493,39,0.944
1493,40,0.946
1493,41,0.946
1493,42,0.946
1493,43,0.947
1493,44,0.947
1493,45,0.947
1493,46,0.947
1493,47,0.948
1493,48,0.948
1493,49,0.949
1493,50,0.949
1493,51,0.95
1493,52,0.95
1494,1,0.0
1494,2,0.009
1494,3,0.032
1494,4,0.049
1494,5,0.053
1494,6,0.064
1494,7,0.072
1494,8,0.093
1494,9,0.106
1494,10,0.136
1494,11,0.157
1494,12,0.181
1494,13,0.235
1494,14,0.251
1494,15,0.36
1494,16,0.481
1494,17,0.59
1494,18,0.677
1494,19,0.754
1494,20,0.789
1494,21,0.828
1494,22,0.856
1494,23,0.881
1494,24,0.893
1494,25,0.901
1494,26,0.907
1494,27,0.911
1494,28,0.915
1494,29,0.919
1494,30,0.921
1494,31,0.924
1494,32,0.927
1494,33,0.929
1494,34,0.932
1494,35,0.937
1494,36,0.938
1494,37,0.941
1494,38,0.943
1494,39,0.944
1494,40,0.945
1494,41,0.946
1494,42,0.946
1494,43,0.947
1494,44,0.947
1494,45,0.947
1494,46,0.948
1494,47,0.949
1494,48,0.949
1494,49,0.949
1494,50,0.95
1494,51,0.95
1494,52,0.95
1495,1,0.005
1495,2,0.01
1495,3,0.026
1495,4,0.029
1495,5,0.043
1495,6,0.05
1495,7,0.068
1495,8,0.09
1495,9,0.109
1495,10,0.118
1495,11,0.149
1495,12,0.18
1495,13,0.221
1495,14,0.278
1495,15,0.425
1495,16,0.501
1495,17,0.598
1495,18,0.664
1495,19,0.746
1495,20,0.778
1495,21,0.807
1495,22,0.845
1495,23,0.875
1495,24,0.879
1495,25,0.887
1495,26,0.894
1495,27,0.898
1495,28,0.9
1495,29,0.904
1495,30,0.906
1495,31,0.907
1495,32,0.912
1495,33,0.915
1495,34,0.918
1495,35,0.92
1495,36,0.92
1495,37,0.925
1495,38,0.925
1495,39,0.927
1495,40,0.929
1495,41,0.93
1495,42,0.93
1495,43,0.931
1495,44,0.932
1495,45,0.932
1495,46,0.932
1495,47,0.933
1495,48,0.933
1495,49,0.934
1495,50,0.935
1495,51,0.936
1495,52,0.936
1496,1,0.011
1496,2,0.02
1496,3,0.036
1496,4,0.04
1496,5,0.042
1496,6,0.048
1496,7,0.069
1496,8,0.087
1496,9,0.104
1496,10,0.139
1496,11,0.159
1496,12,0.19
1496,13,0.236
1496,14,0.277
1496,15,0.383
1496,16,0.494
1496,17,0.578
1496,18,0.641
1496,19,0.731
1496,20,0.814
1496,21,0.851
1496,22,0.884
1496,23,0.889
1496,24,0.893
1496,25,0.899
1496,26,0.903
1496,27,0.906
1496,28,0.909
1496,29,0.912
1496,30,0.913
1496,31,0.914
1496,32,0.916
1496,33,0.917
1496,34,0.919
1496,35,0.921
1496,36,0.923
1496,37,0.926
1496,38,0.929
1496,39,0.93
1496,40,0.934
1496,41,0.934
1496,42,0.935
1496,43,0.935
1496,44,0.936
1496,45,0.936
1496,46,0.937
1496,47,0.937
1496,48,0.938
1496,49,0.939
1496,50,0.939
1496,51,0.94
1496,52,0.94
1497,1,0.0
1497,2,0.013
1497,3,0.064
1497,4,0.079
1497,5,0.086
1497,6,0.092
1497,7,0.109
1497,8,0.115
1497,9,0.135
1497,10,0.162
1497,11,0.168
1497,12,0.217
1497,13,0.298
1497,14,0.321
1497,15,0.436
1497,16,0.547
1497,17,0.616
1497,18,0.665
1497,19,0.769
1497,20,0.792
1497,21,0.838
1497,22,0.868
1497,23,0.875
1497,24,0.888
1497,25,0.907
1497,26,0.912
1497,27,0.915
1497,28,0.917
1497,29,0.918
1497,30,0.921
1497,31,0.923
1497,32,0.926
1497,33,0.927
1497,34,0.928
1497,35,0.93
1497,36,0.932
1497,37,0.935
1497,38,0.935
1497,39,0.937
1497,40,0.938
1497,41,0.939
1497,42,0.94
1497,43,0.94
1497,44,0.94
1497,45,0.941
1497,46,0.941
1497,47,0.941
1497,48,0.941
1497,49,0.941
1497,50,0.942
1497,51,0.943
1497,52,0.943
1498,1,0.009
1498,2,0.019
1498,3,0.037
1498,4,0.05
1498,5,0.051
1498,6,0.067
1498,7,0.081
1498,8,0.097
1498,9,0.113
1498,10,0.18
1498,11,0.205
1498,12,0.262
1498,13,0.299
1498,14,0.36
1498,15,0.439
1498,16,0.542
1498,17,0.569
1498,18,0.652
1498,19,0.746
1498,20,0.794
1498,21,0.851
1498,22,0.867
1498,23,0.889
1498,24,0.896
1498,25,0.902
1498,26,0.905
1498,27,0.907
1498,28,0.909
1498,29,0.91
1498,30,0.912
1498,31,0.915
1498,32,0.917
1498,33,0.919
1498,34,0.923
1498,35,0.924
1498,36,0.925
1498,37,0.926
1498,38,0.928
1498,39,0.929
1498,40,0.93
1498,41,0.93
1498,42,0.93
1498,43,0.931
1498,44,0.931
1498,45,0.931
1498,46,0.932
1498,47,0.933
1498,48,0.934
1498,49,0.934
1498,50,0.935
1498,51,0.936
1498,52,0.936
1499,1,0.0
1499,2,0.014
1499,3,0.029
1499,4,0.039
1499,5,0.039
1499,6,0.054
1499,7,0.071
1499,8,0.086
1499,9,0.114
1499,10,0.168
1499,11,0.203
1499,12,0.238
1499,13,0.296
1499,14,0.318
1499,15,0.376
1499,16,0.47
1499,17,0.573
1499,18,0.639
1499,19,0.715
1499,20,0.793
1499,21,0.847
1499,22,0.86
1499,23,0.871
1499,24,0.881
1499,25,0.888
1499,26,0.891
1499,27,0.894
1499,28,0.897
1499,29,0.9
1499,30,0.904
1499,31,0.906
1499,32,0.908
1499,33,0.91
1499,34,0.912
1499,35,0.914
1499,36,0.916
1499,37,0.918
1499,38,0.92
1499,39,0.921
1499,40,0.922
1499,41,0.923
1499,42,0.923
1499,43,0.924
1499,44,0.924
1499,45,0.925
1499,46,0.926
1499,47,0.928
1499,48,0.928
1499,49,0.929
1499,50,0.931
1499,51,0.931
1499,52,0.931
1715,1,0.0
1715,2,0.001
1715,3,0.014
1715,4,0.033
1715,5,0.048
1715,6,0.051
1715,7,0.054
1715,8,0.065
1715,9,0.114
1715,10,0.141
1715,11,0.162
1715,12,0.206
1715,13,0.303
1715,14,0.39
1715,15,0.507
1715,16,0.583
1715,17,0.662
1715,18,0.715
1715,19,0.754
1715,20,0.778
1715,21,0.799
1715,22,0.815
1715,23,0.861
1715,24,0.88
1715,25,0.914
1715,26,0.935
1715,27,0.94
1715,28,0.942
1715,29,0.943
1715,30,0.944
1715,31,0.944
1715,32,0.944
1715,33,0.946
1715,34,0.946
1715,35,0.947
1715,36,0.948
1715,37,0.948
1715,38,0.949
1715,39,0.95
1715,40,0.951
1715,41,0.951
1715,42,0.951
1715,43,0.951
1715,44,0.951
1715,45,0.952
1715,46,0.952
1715,47,0.952
1715,48,0.953
1715,49,0.953
1715,50,0.954
1715,51,0.954
1715,52,0.954
1730,1,0.003
1730,2,0.014
1730,3,0.037
1730,4,0.06
1730,5,0.067
1730,6,0.077
1730,7,0.085
1730,8,0.087
1730,9,0.107
1730,10,0.133
1730,11,0.155
1730,12,0.17
1730,13,0.277
1730,14,0.341
1730,15,0.434
1730,16,0.496
1730,17,0.578
1730,18,0.653
1730,19,0.672
1730,20,0.711
1730,21,0.715
1730,22,0.756
1730,23,0.834
1730,24,0.843
1730,25,0.888
1730,26,0.892
1730,27,0.896
1730,28,0.899
1730,29,0.9
1730,30,0.9
1730,31,0.901
1730,32,0.901
1730,33,0.902
1730,34,0.903
1730,35,0.905
1730,36,0.905
1730,37,0.906
1730,38,0.906
1730,39,0.906
1730,40,0.906
1730,41,0.906
1730,42,0.906
1730,43,0.907
1730,44,0.907
1730,45,0.907
1730,46,0.908
1730,47,0.908
1730,48,0.908
1730,49,0.908
1730,50,0.909
1730,51,0.91
1730,52,0.91
1737,1,0.0
1737,2,0.0
1737,3,0.018
1737,4,0.067
1737,5,0.097
1737,6,0.113
1737,7,0.121
1737,8,0.135
1737,9,0.161
1737,10,0.203
1737,11,0.243
1737,12,0.276
1737,13,0.388
1737,14,0.43
1737,15,0.583
1737,16,0.651
1737,17,0.727
1737,18,0.766
1737,19,0.769
1737,20,0.811
1737,21,0.83
1737,22,0.857
1737,23,0.873
1737,24,0.878
1737,25,0.914
1737,26,0.916
1737,27,0.918
1737,28,0.919
1737,29,0.919
1737,30,0.92
1737,31,0.921
1737,32,0.922
1737,33,0.923
1737,34,0.925
1737,35,0.925
1737,36,0.926
1737,37,0.927
1737,38,0.927
1737,39,0.929
1737,40,0.93
1737,41,0.93
1737,42,0.93
1737,43,0.93
1737,44,0.93
1737,45,0.931
1737,46,0.931
1737,47,0.931
1737,48,0.932
1737,49,0.932
1737,50,0.933
1737,51,0.933
1737,52,0.933
1760,1,0.0
1760,2,0.0
1760,3,0.013
1760,4,0.031
1760,5,0.07
1760,6,0.072
1760,7,0.099
1760,8,0.109
1760,9,0.117
1760,10,0.141
1760,11,0.171
1760,12,0.197
1760,13,0.276
1760,14,0.338
1760,15,0.489
1760,16,0.573
1760,17,0.63
1760,18,0.686
1760,19,0.708
1760,20,0.748
1760,21,0.78
1760,22,0.789
1760,23,0.851
1760,24,0.878
1760,25,0.906
1760,26,0.915
1760,27,0.919
1760,28,0.921
1760,29,0.922
1760,30,0.923
1760,31,0.924
1760,32,0.925
1760,33,0.925
1760,34,0.926
1760,35,0.926
1760,36,0.928
1760,37,0.931
1760,38,0.932
1760,39,0.933
1760,40,0.934
1760,41,0.934
1760,42,0.934
1760,43,0.934
1760,44,0.935
1760,45,0.935
1760,46,0.935
1760,47,0.936
1760,48,0.936
1760,49,0.937
1760,50,0.937
1760,51,0.937
1760,52,0.937
1761,1,0.0
1761,2,0.008
1761,3,0.032
1761,4,0.049
1761,5,0.05
1761,6,0.052
1761,7,0.069
1761,8,0.077
1761,9,0.11
1761,10,0.14
1761,11,0.155
1761,12,0.193
1761,13,0.291
1761,14,0.363
1761,15,0.489
1761,16,0.566
1761,17,0.65
1761,18,0.714
1761,19,0.751
1761,20,0.779
1761,21,0.8
1761,22,0.816
1761,23,0.878
1761,24,0.903
1761,25,0.935
1761,26,0.954
1761,27,0.956
1761,28,0.957
1761,29,0.958
1761,30,0.959
1761,31,0.959
1761,32,0.96
1761,33,0.96
1761,34,0.961
1761,35,0.961
1761,36,0.962
1761,37,0.962
1761,38,0.963
1761,39,0.963
1761,40,0.963
1761,41,0.963
1761,42,0.963
1761,43,0.963
1761,44,0.963
1761,45,0.963
1761,46,0.963
1761,47,0.963
1761,48,0.964
1761,49,0.965
1761,50,0.965
1761,51,0.965
1761,52,0.965
1762,1,0.0
1762,2,0.011
1762,3,0.028
1762,4,0.081
1762,5,0.1
1762,6,0.108
1762,7,0.12
1762,8,0.131
1762,9,0.16
1762,10,0.204
1762,11,0.237
1762,12,0.259
1762,13,0.364
1762,14,0.394
1762,15,0.501
1762,16,0.555
1762,17,0.629
1762,18,0.693
1762,19,0.703
1762,20,0.731
1762,21,0.755
1762,22,0.786
1762,23,0.809
1762,24,0.835
1762,25,0.874
1762,26,0.882
1762,27,0.883
1762,28,0.884
1762,29,0.886
1762,30,0.887
1762,31,0.889
1762,32,0.889
1762,33,0.891
1762,34,0.892
1762,35,0.901
1762,36,0.902
1762,37,0.903
1762,38,0.907
1762,39,0.907
1762,40,0.907
1762,41,0.907
1762,42,0.908
1762,43,0.908
1762,44,0.908
1762,45,0.908
1762,46,0.908
1762,47,0.909
1762,48,0.913
1762,49,0.914
1762,50,0.914
1762,51,0.914
1762,52,0.914
1763,1,0.0
1763,2,0.002
1763,3,0.033
1763,4,0.051
1763,5,0.051
1763,6,0.052
1763,7,0.086
1763,8,0.096
1763,9,0.115
1763,10,0.15
1763,11,0.169
1763,12,0.212
1763,13,0.304
1763,14,0.38
1763,15,0.508
1763,16,0.576
1763,17,0.657
1763,18,0.713
1763,19,0.752
1763,20,0.783
1763,21,0.806
1763,22,0.82
1763,23,0.87
1763,24,0.886
1763,25,0.917
1763,26,0.938
1763,27,0.941
1763,28,0.943
1763,29,0.945
1763,30,0.946
1763,31,0.946
1763,32,0.947
1763,33,0.948
1763,34,0.949
1763,35,0.95
1763,36,0.951
1763,37,0.951
1763,38,0.952
1763,39,0.953
1763,40,0.954
1763,41,0.954
1763,42,0.954
1763,43,0.955
1763,44,0.955
1763,45,0.956
1763,46,0.956
1763,47,0.956
1763,48,0.957
1763,49,0.957
1763,50,0.958
1763,51,0.959
1763,52,0.959
1764,1,0.001
1764,2,0.025
1764,3,0.044
1764,4,0.059
1764,5,0.061
1764,6,0.084
1764,7,0.089
1764,8,0.096
1764,9,0.115
1764,10,0.142
1764,11,0.161
1764,12,0.196
1764,13,0.277
1764,14,0.356
1764,15,0.47
1764,16,0.543
1764,17,0.613
1764,18,0.668
1764,19,0.708
1764,20,0.736
1764,21,0.764
1764,22,0.785
1764,23,0.832
1764,24,0.852
1764,25,0.888
1764,26,0.907
1764,27,0.91
1764,28,0.913
1764,29,0.915
1764,30,0.916
1764,31,0.916
1764,32,0.917
1764,33,0.918
1764,34,0.919
1764,35,0.921
1764,36,0.922
1764,37,0.925
1764,38,0.925
1764,39,0.926
1764,40,0.932
1764,41,0.932
1764,42,0.933
1764,43,0.933
1764,44,0.933
1764,45,0.934
1764,46,0.934
1764,47,0.935
1764,48,0.935
1764,49,0.936
1764,50,0.936
1764,51,0.936
1764,52,0.936
1765,1,0.0
1765,2,0.014
1765,3,0.014
1765,4,0.037
1765,5,0.054
1765,6,0.061
1765,7,0.08
1765,8,0.087
1765,9,0.1
1765,10,0.145
1765,11,0.155
1765,12,0.199
1765,13,0.262
1765,14,0.309
1765,15,0.38
1765,16,0.503
1765,17,0.589
1765,18,0.633
1765,19,0.728
1765,20,0.734
1765,21,0.767
1765,22,0.798
1765,23,0.817
1765,24,0.849
1765,25,0.89
1765,26,0.896
1765,27,0.9
1765,28,0.902
1765,29,0.904
1765,30,0.904
1765,31,0.905
1765,32,0.906
1765,33,0.907
1765,34,0.909
1765,35,0.91
1765,36,0.911
1765,37,0.912
1765,38,0.912
1765,39,0.913
1765,40,0.913
1765,41,0.913
1765,42,0.914
1765,43,0.914
1765,44,0.915
1765,45,0.915
1765,46,0.916
1765,47,0.916
1765,48,0.917
1765,49,0.917
1765,50,0.917
1765,51,0.918
1765,52,0.918
1766,1,0.001
1766,2,0.012
1766,3,0.025
1766,4,0.044
1766,5,0.051
1766,6,0.065
1766,7,0.082
1766,8,0.101
1766,9,0.122
1766,10,0.164
1766,11,0.194
1766,12,0.239
1766,13,0.323
1766,14,0.365
1766,15,0.498
1766,16,0.553
1766,17,0.644
1766,18,0.71
1766,19,0.736
1766,20,0.764
1766,21,0.8
1766,22,0.832
1766,23,0.854
1766,24,0.877
1766,25,0.907
1766,26,0.921
1766,27,0.923
1766,28,0.925
1766,29,0.926
1766,30,0.927
1766,31,0.928
1766,32,0.929
1766,33,0.93
1766,34,0.93
1766,35,0.931
1766,36,0.932
1766,37,0.932
1766,38,0.932
1766,39,0.933
1766,40,0.933
1766,41,0.933
1766,42,0.934
1766,43,0.934
1766,44,0.934
1766,45,0.935
1766,46,0.935
1766,47,0.935
1766,48,0.936
1766,49,0.937
1766,50,0.937
1766,51,0.937
1766,52,0.937
1780,1,0.009
1780,2,0.013
1780,3,0.019
1780,4,0.027
1780,5,0.033
1780,6,0.041
1780,7,0.05
1780,8,0.063
1780,9,0.094
1780,10,0.126
1780,11,0.143
1780,12,0.182
1780,13,0.276
1780,14,0.355
1780,15,0.472
1780,16,0.553
1780,17,0.631
1780,18,0.694
1780,19,0.73
1780,20,0.765
1780,21,0.784
1780,22,0.804
1780,23,0.86
1780,24,0.883
1780,25,0.911
1780,26,0.931
1780,27,0.934
1780,28,0.936
1780,29,0.938
1780,30,0.939
1780,31,0.939
1780,32,0.94
1780,33,0.942
1780,34,0.942
1780,35,0.943
1780,36,0.944
1780,37,0.945
1780,38,0.946
1780,39,0.946
1780,40,0.946
1780,41,0.946
1780,42,0.947
1780,43,0.947
1780,44,0.947
1780,45,0.947
1780,46,0.948
1780,47,0.948
1780,48,0.949
1780,49,0.949
1780,50,0.95
1780,51,0.95
1780,52,0.95
1781,1,0.008
1781,2,0.016
1781,3,0.027
1781,4,0.041
1781,5,0.059
1781,6,0.073
1781,7,0.095
1781,8,0.102
1781,9,0.119
1781,10,0.165
1781,11,0.201
1781,12,0.246
1781,13,0.337
1781,14,0.4
1781,15,0.534
1781,16,0.62
1781,17,0.663
1781,18,0.713
1781,19,0.73
1781,20,0.756
1781,21,0.797
1781,22,0.801
1781,23,0.868
1781,24,0.895
1781,25,0.924
1781,26,0.93
1781,27,0.933
1781,28,0.935
1781,29,0.936
1781,30,0.936
1781,31,0.937
1781,32,0.939
1781,33,0.939
1781,34,0.94
1781,35,0.941
1781,36,0.942
1781,37,0.943
1781,38,0.944
1781,39,0.944
1781,40,0.944
1781,41,0.944
1781,42,0.945
1781,43,0.945
1781,44,0.945
1781,45,0.946
1781,46,0.946
1781,47,0.947
1781,48,0.947
1781,49,0.947
1781,50,0.947
1781,51,0.948
1781,52,0.948
1782,1,0.0
1782,2,0.003
1782,3,0.02
1782,4,0.07
1782,5,0.096
1782,6,0.108
1782,7,0.113
1782,8,0.124
1782,9,0.133
1782,10,0.152
1782,11,0.214
1782,12,0.238
1782,13,0.316
1782,14,0.359
1782,15,0.466
1782,16,0.54
1782,17,0.611
1782,18,0.654
1782,19,0.696
1782,20,0.739
1782,21,0.751
1782,22,0.775
1782,23,0.807
1782,24,0.862
1782,25,0.896
1782,26,0.906
1782,27,0.911
1782,28,0.912
1782,29,0.913
1782,30,0.914
1782,31,0.914
1782,32,0.916
1782,33,0.917
1782,34,0.919
1782,35,0.921
1782,36,0.922
1782,37,0.923
1782,38,0.923
1782,39,0.925
1782,40,0.925
1782,41,0.926
1782,42,0.926
1782,43,0.926
1782,44,0.927
1782,45,0.928
1782,46,0.928
1782,47,0.928
1782,48,0.928
1782,49,0.929
1782,50,0.929
1782,51,0.93
1782,52,0.93
1783,1,0.007
1783,2,0.024
1783,3,0.055
1783,4,0.094
1783,5,0.106
1783,6,0.114
1783,7,0.124
1783,8,0.135
1783,9,0.158
1783,10,0.189
1783,11,0.228
1783,12,0.25
1783,13,0.375
1783,14,0.397
1783,15,0.521
1783,16,0.585
1783,17,0.664
1783,18,0.712
1783,19,0.718
1783,20,0.75
1783,21,0.774
1783,22,0.807
1783,23,0.827
1783,24,0.853
1783,25,0.889
1783,26,0.893
1783,27,0.896
1783,28,0.899
1783,29,0.899
1783,30,0.9
1783,31,0.9
1783,32,0.902
1783,33,0.902
1783,34,0.903
1783,35,0.905
1783,36,0.906
1783,37,0.906
1783,38,0.909
1783,39,0.909
1783,40,0.91
1783,41,0.91
1783,42,0.91
1783,43,0.911
1783,44,0.912
1783,45,0.912
1783,46,0.912
1783,47,0.912
1783,48,0.913
1783,49,0.913
1783,50,0.913
1783,51,0.913
1783,52,0.913
1784,1,0.0
1784,2,0.01
1784,3,0.017
1784,4,0.054
1784,5,0.066
1784,6,0.067
1784,7,0.067
1784,8,0.095
1784,9,0.13
1784,10,0.169
1784,11,0.202
1784,12,0.228
1784,13,0.307
1784,14,0.409
1784,15,0.498
1784,16,0.607
1784,17,0.656
1784,18,0.701
1784,19,0.752
1784,20,0.762
1784,21,0.783
1784,22,0.794
1784,23,0.869
1784,24,0.881
1784,25,0.924
1784,26,0.927
1784,27,0.931
1784,28,0.933
1784,29,0.934
1784,30,0.934
1784,31,0.936
1784,32,0.936
1784,33,0.938
1784,34,0.938
1784,35,0.94
1784,36,0.941
1784,37,0.942
1784,38,0.943
1784,39,0.943
1784,40,0.943
1784,41,0.944
1784,42,0.944
1784,43,0.944
1784,44,0.944
1784,45,0.945
1784,46,0.945
1784,47,0.945
1784,48,0.945
1784,49,0.945
1784,50,0.946
1784,51,0.947
1784,52,0.947
1785,1,0.0
1785,2,0.002
1785,3,0.01
1785,4,0.038
1785,5,0.051
1785,6,0.062
1785,7,0.071
1785,8,0.094
1785,9,0.134
1785,10,0.167
1785,11,0.188
1785,12,0.225
1785,13,0.295
1785,14,0.384
1785,15,0.477
1785,16,0.549
1785,17,0.612
1785,18,0.679
1785,19,0.718
1785,20,0.738
1785,21,0.768
1785,22,0.803
1785,23,0.841
1785,24,0.859
1785,25,0.907
1785,26,0.915
1785,27,0.918
1785,28,0.92
1785,29,0.922
1785,30,0.923
1785,31,0.924
1785,32,0.925
1785,33,0.926
1785,34,0.929
1785,35,0.93
1785,36,0.931
1785,37,0.932
1785,38,0.932
1785,39,0.934
1785,40,0.934
1785,41,0.934
1785,42,0.935
1785,43,0.935
1785,44,0.936
1785,45,0.936
1785,46,0.937
1785,47,0.937
1785,48,0.938
1785,49,0.938
1785,50,0.938
1785,51,0.938
1785,52,0.938
1814,1,0.009
1814,2,0.036
1814,3,0.054
1814,4,0.061
1814,5,0.062
1814,6,0.078
1814,7,0.088
1814,8,0.103
1814,9,0.136
1814,10,0.173
1814,11,0.192
1814,12,0.213
1814,13,0.285
1814,14,0.346
1814,15,0.433
1814,16,0.528
1814,17,0.59
1814,18,0.643
1814,19,0.694
1814,20,0.733
1814,21,0.792
1814,22,0.833
1814,23,0.866
1814,24,0.879
1814,25,0.889
1814,26,0.893
1814,27,0.899
1814,28,0.901
1814,29,0.903
1814,30,0.905
1814,31,0.908
1814,32,0.91
1814,33,0.913
1814,34,0.914
1814,35,0.915
1814,36,0.916
1814,37,0.917
1814,38,0.918
1814,39,0.919
1814,40,0.92
1814,41,0.921
1814,42,0.921
1814,43,0.921
1814,44,0.921
1814,45,0.921
1814,46,0.922
1814,47,0.922
1814,48,0.923
1814,49,0.924
1814,50,0.925
1814,51,0.925
1814,52,0.925
1860,1,0.007
1860,2,0.021
1860,3,0.039
1860,4,0.051
1860,5,0.052
1860,6,0.068
1860,7,0.074
1860,8,0.094
1860,9,0.123
1860,10,0.158
1860,11,0.179
1860,12,0.203
1860,13,0.26
1860,14,0.334
1860,15,0.43
1860,16,0.518
1860,17,0.58
1860,18,0.632
1860,19,0.692
1860,20,0.726
1860,21,0.782
1860,22,0.827
1860,23,0.859
1860,24,0.873
1860,25,0.882
1860,26,0.886
1860,27,0.892
1860,28,0.895
1860,29,0.896
1860,30,0.898
1860,31,0.899
1860,32,0.899
1860,33,0.904
1860,34,0.908
1860,35,0.911
1860,36,0.914
1860,37,0.915
1860,38,0.916
1860,39,0.918
1860,40,0.919
1860,41,0.919
1860,42,0.92
1860,43,0.92
1860,44,0.921
1860,45,0.921
1860,46,0.923
1860,47,0.923
1860,48,0.923
1860,49,0.924
1860,50,0.924
1860,51,0.926
1860,52,0.926
1861,1,0.009
1861,2,0.014
1861,3,0.037
1861,4,0.049
1861,5,0.055
1861,6,0.076
1861,7,0.083
1861,8,0.103
1861,9,0.133
1861,10,0.163
1861,11,0.187
1861,12,0.203
1861,13,0.266
1861,14,0.326
1861,15,0.412
1861,16,0.51
1861,17,0.581
1861,18,0.64
1861,19,0.697
1861,20,0.725
1861,21,0.792
1861,22,0.842
1861,23,0.87
1861,24,0.887
1861,25,0.895
1861,26,0.9
1861,27,0.903
1861,28,0.906
1861,29,0.908
1861,30,0.909
1861,31,0.913
1861,32,0.915
1861,33,0.917
1861,34,0.919
1861,35,0.92
1861,36,0.922
1861,37,0.923
1861,38,0.924
1861,39,0.924
1861,40,0.925
1861,41,0.926
1861,42,0.926
1861,43,0.926
1861,44,0.926
1861,45,0.926
1861,46,0.926
1861,47,0.928
1861,48,0.929
1861,49,0.929
1861,50,0.931
1861,51,0.931
1861,52,0.931
1862,1,0.0
1862,2,0.01
1862,3,0.047
1862,4,0.057
1862,5,0.058
1862,6,0.069
1862,7,0.084
1862,8,0.115
1862,9,0.142
1862,10,0.167
1862,11,0.188
1862,12,0.21
1862,13,0.284
1862,14,0.36
1862,15,0.438
1862,16,0.557
1862,17,0.59
1862,18,0.651
1862,19,0.716
1862,20,0.754
1862,21,0.805
1862,22,0.81
1862,23,0.868
1862,24,0.88
1862,25,0.891
1862,26,0.894
1862,27,0.897
1862,28,0.903
1862,29,0.905
1862,30,0.907
1862,31,0.908
1862,32,0.909
1862,33,0.911
1862,34,0.913
1862,35,0.915
1862,36,0.917
1862,37,0.919
1862,38,0.922
1862,39,0.922
1862,40,0.922
1862,41,0.923
1862,42,0.923
1862,43,0.923
1862,44,0.923
1862,45,0.923
1862,46,0.923
1862,47,0.924
1862,48,0.924
1862,49,0.924
1862,50,0.925
1862,51,0.925
1862,52,0.925
1863,1,0.012
1863,2,0.024
1863,3,0.034
1863,4,0.044
1863,5,0.048
1863,6,0.057
1863,7,0.065
1863,8,0.087
1863,9,0.114
1863,10,0.141
1863,11,0.182
1863,12,0.212
1863,13,0.287
1863,14,0.333
1863,15,0.413
1863,16,0.502
1863,17,0.551
1863,18,0.607
1863,19,0.67
1863,20,0.714
1863,21,0.754
1863,22,0.775
1863,23,0.828
1863,24,0.851
1863,25,0.872
1863,26,0.878
1863,27,0.886
1863,28,0.891
1863,29,0.894
1863,30,0.897
1863,31,0.899
1863,32,0.901
1863,33,0.902
1863,34,0.907
1863,35,0.909
1863,36,0.911
1863,37,0.912
1863,38,0.915
1863,39,0.917
1863,40,0.923
1863,41,0.923
1863,42,0.923
1863,43,0.923
1863,44,0.924
1863,45,0.924
1863,46,0.925
1863,47,0.926
1863,48,0.927
1863,49,0.927
1863,50,0.927
1863,51,0.928
1863,52,0.929
1864,1,0.014
1864,2,0.038
1864,3,0.062
1864,4,0.066
1864,5,0.076
1864,6,0.085
1864,7,0.085
1864,8,0.113
1864,9,0.13
1864,10,0.149
1864,11,0.179
1864,12,0.209
1864,13,0.268
1864,14,0.3
1864,15,0.378
1864,16,0.476
1864,17,0.557
1864,18,0.615
1864,19,0.665
1864,20,0.705
1864,21,0.743
1864,22,0.761
1864,23,0.806
1864,24,0.818
1864,25,0.824
1864,26,0.833
1864,27,0.838
1864,28,0.845
1864,29,0.85
1864,30,0.855
1864,31,0.857
1864,32,0.858
1864,33,0.861
1864,34,0.864
1864,35,0.866
1864,36,0.867
1864,37,0.87
1864,38,0.872
1864,39,0.88
1864,40,0.88
1864,41,0.88
1864,42,0.881
1864,43,0.882
1864,44,0.882
1864,45,0.882
1864,46,0.884
1864,47,0.884
1864,48,0.885
1864,49,0.886
1864,50,0.887
1864,51,0.888
1864,52,0.889
1880,1,0.018
1880,2,0.032
1880,3,0.046
1880,4,0.052
1880,5,0.055
1880,6,0.068
1880,7,0.084
1880,8,0.106
1880,9,0.147
1880,10,0.181
1880,11,0.205
1880,12,0.23
1880,13,0.299
1880,14,0.358
1880,15,0.42
1880,16,0.503
1880,17,0.564
1880,18,0.625
1880,19,0.662
1880,20,0.715
1880,21,0.776
1880,22,0.822
1880,23,0.855
1880,24,0.867
1880,25,0.875
1880,26,0.881
1880,27,0.888
1880,28,0.893
1880,29,0.896
1880,30,0.899
1880,31,0.901
1880,32,0.903
1880,33,0.905
1880,34,0.908
1880,35,0.91
1880,36,0.912
1880,37,0.914
1880,38,0.915
1880,39,0.917
1880,40,0.918
1880,41,0.918
1880,42,0.919
1880,43,0.92
1880,44,0.92
1880,45,0.92
1880,46,0.921
1880,47,0.922
1880,48,0.923
1880,49,0.924
1880,50,0.925
1880,51,0.926
1880,52,0.926
1881,1,0.004
1881,2,0.009
1881,3,0.028
1881,4,0.038
1881,5,0.043
1881,6,0.062
1881,7,0.069
1881,8,0.088
1881,9,0.12
1881,10,0.16
1881,11,0.186
1881,12,0.209
1881,13,0.273
1881,14,0.338
1881,15,0.423
1881,16,0.508
1881,17,0.574
1881,18,0.626
1881,19,0.68
1881,20,0.719
1881,21,0.786
1881,22,0.846
1881,23,0.878
1881,24,0.892
1881,25,0.898
1881,26,0.902
1881,27,0.907
1881,28,0.911
1881,29,0.913
1881,30,0.917
1881,31,0.919
1881,32,0.92
1881,33,0.922
1881,34,0.923
1881,35,0.924
1881,36,0.926
1881,37,0.927
1881,38,0.929
1881,39,0.931
1881,40,0.931
1881,41,0.933
1881,42,0.934
1881,43,0.934
1881,44,0.934
1881,45,0.934
1881,46,0.934
1881,47,0.935
1881,48,0.936
1881,49,0.938
1881,50,0.939
1881,51,0.94
1881,52,0.94
1882,1,0.01
1882,2,0.025
1882,3,0.041
1882,4,0.046
1882,5,0.049
1882,6,0.069
1882,7,0.075
1882,8,0.094
1882,9,0.12
1882,10,0.154
1882,11,0.179
1882,12,0.21
1882,13,0.27
1882,14,0.335
1882,15,0.422
1882,16,0.524
1882,17,0.604
1882,18,0.661
1882,19,0.711
1882,20,0.742
1882,21,0.807
1882,22,0.848
1882,23,0.872
1882,24,0.885
1882,25,0.891
1882,26,0.894
1882,27,0.898
1882,28,0.9
1882,29,0.901
1882,30,0.903
1882,31,0.905
1882,32,0.907
1882,33,0.909
1882,34,0.911
1882,35,0.912
1882,36,0.914
1882,37,0.915
1882,38,0.917
1882,39,0.918
1882,40,0.919
1882,41,0.919
1882,42,0.92
1882,43,0.92
1882,44,0.92
1882,45,0.92
1882,46,0.921
1882,47,0.922
1882,48,0.923
1882,49,0.924
1882,50,0.925
1882,51,0.925
1882,52,0.925
1883,1,0.005
1883,2,0.015
1883,3,0.043
1883,4,0.054
1883,5,0.057
1883,6,0.075
1883,7,0.093
1883,8,0.13
1883,9,0.162
1883,10,0.186
1883,11,0.206
1883,12,0.229
1883,13,0.3
1883,14,0.378
1883,15,0.461
1883,16,0.573
1883,17,0.606
1883,18,0.659
1883,19,0.722
1883,20,0.773
1883,21,0.83
1883,22,0.836
1883,23,0.901
1883,24,0.914
1883,25,0.921
1883,26,0.925
1883,27,0.928
1883,28,0.931
1883,29,0.933
1883,30,0.934
1883,31,0.935
1883,32,0.936
1883,33,0.937
1883,34,0.939
1883,35,0.94
1883,36,0.941
1883,37,0.943
1883,38,0.944
1883,39,0.944
1883,40,0.945
1883,41,0.946
1883,42,0.946
1883,43,0.947
1883,44,0.947
1883,45,0.947
1883,46,0.948
1883,47,0.948
1883,48,0.949
1883,49,0.95
1883,50,0.951
1883,51,0.951
1883,52,0.951
1884,1,0.009
1884,2,0.015
1884,3,0.038
1884,4,0.068
1884,5,0.077
1884,6,0.111
1884,7,0.122
1884,8,0.145
1884,9,0.164
1884,10,0.188
1884,11,0.226
1884,12,0.25
1884,13,0.324
1884,14,0.379
1884,15,0.464
1884,16,0.564
1884,17,0.631
1884,18,0.687
1884,19,0.714
1884,20,0.764
1884,21,0.803
1884,22,0.838
1884,23,0.879
1884,24,0.891
1884,25,0.895
1884,26,0.9
1884,27,0.903
1884,28,0.904
1884,29,0.906
1884,30,0.908
1884,31,0.911
1884,32,0.913
1884,33,0.915
1884,34,0.918
1884,35,0.92
1884,36,0.923
1884,37,0.923
1884,38,0.925
1884,39,0.926
1884,40,0.927
1884,41,0.927
1884,42,0.929
1884,43,0.929
1884,44,0.93
1884,45,0.93
1884,46,0.93
1884,47,0.932
1884,48,0.933
1884,49,0.934
1884,50,0.936
1884,51,0.937
1884,52,0.937
1885,1,0.005
1885,2,0.015
1885,3,0.041
1885,4,0.054
1885,5,0.063
1885,6,0.083
1885,7,0.088
1885,8,0.114
1885,9,0.146
1885,10,0.174
1885,11,0.211
1885,12,0.232
1885,13,0.313
1885,14,0.362
1885,15,0.433
1885,16,0.531
1885,17,0.61
1885,18,0.666
1885,19,0.702
1885,20,0.757
1885,21,0.796
1885,22,0.83
1885,23,0.87
1885,24,0.881
1885,25,0.887
1885,26,0.893
1885,27,0.896
1885,28,0.9
1885,29,0.903
1885,30,0.904
1885,31,0.906
1885,32,0.909
1885,33,0.911
1885,34,0.912
1885,35,0.913
1885,36,0.915
1885,37,0.916
1885,38,0.917
1885,39,0.918
1885,40,0.919
1885,41,0.919
1885,42,0.919
1885,43,0.92
1885,44,0.92
1885,45,0.921
1885,46,0.921
1885,47,0.921
1885,48,0.922
1885,49,0.923
1885,50,0.924
1885,51,0.925
1885,52,0.925
1904,1,0.017
1904,2,0.029
1904,3,0.056
1904,4,0.074
1904,5,0.076
1904,6,0.083
1904,7,0.094
1904,8,0.106
1904,9,0.122
1904,10,0.148
1904,11,0.178
1904,12,0.206
1904,13,0.284
1904,14,0.291
1904,15,0.413
1904,16,0.56
1904,17,0.649
1904,18,0.753
1904,19,0.788
1904,20,0.814
1904,21,0.822
1904,22,0.846
1904,23,0.872
1904,24,0.89
1904,25,0.895
1904,26,0.898
1904,27,0.903
1904,28,0.908
1904,29,0.912
1904,30,0.914
1904,31,0.915
1904,32,0.915
1904,33,0.916
1904,34,0.917
1904,35,0.918
1904,36,0.919
1904,37,0.92
1904,38,0.921
1904,39,0.923
1904,40,0.924
1904,41,0.924
1904,42,0.924
1904,43,0.924
1904,44,0.924
1904,45,0.926
1904,46,0.926
1904,47,0.926
1904,48,0.927
1904,49,0.927
1904,50,0.928
1904,51,0.928
1904,52,0.928
1907,1,0.0
1907,2,0.012
1907,3,0.056
1907,4,0.061
1907,5,0.063
1907,6,0.069
1907,7,0.08
1907,8,0.103
1907,9,0.132
1907,10,0.161
1907,11,0.19
1907,12,0.206
1907,13,0.247
1907,14,0.276
1907,15,0.372
1907,16,0.496
1907,17,0.62
1907,18,0.697
1907,19,0.731
1907,20,0.763
1907,21,0.776
1907,22,0.803
1907,23,0.833
1907,24,0.858
1907,25,0.873
1907,26,0.887
1907,27,0.89
1907,28,0.894
1907,29,0.9
1907,30,0.902
1907,31,0.905
1907,32,0.905
1907,33,0.906
1907,34,0.909
1907,35,0.912
1907,36,0.914
1907,37,0.915
1907,38,0.918
1907,39,0.92
1907,40,0.921
1907,41,0.921
1907,42,0.921
1907,43,0.922
1907,44,0.922
1907,45,0.923
1907,46,0.923
1907,47,0.924
1907,48,0.925
1907,49,0.926
1907,50,0.927
1907,51,0.929
1907,52,0.929
1960,1,0.001
1960,2,0.019
1960,3,0.047
1960,4,0.06
1960,5,0.061
1960,6,0.066
1960,7,0.082
1960,8,0.111
1960,9,0.139
1960,10,0.17
1960,11,0.198
1960,12,0.229
1960,13,0.33
1960,14,0.336
1960,15,0.436
1960,16,0.588
1960,17,0.671
1960,18,0.756
1960,19,0.79
1960,20,0.81
1960,21,0.82
1960,22,0.847
1960,23,0.866
1960,24,0.882
1960,25,0.891
1960,26,0.897
1960,27,0.9
1960,28,0.904
1960,29,0.906
1960,30,0.909
1960,31,0.911
1960,32,0.912
1960,33,0.913
1960,34,0.915
1960,35,0.917
1960,36,0.918
1960,37,0.92
1960,38,0.921
1960,39,0.921
1960,40,0.922
1960,41,0.922
1960,42,0.923
1960,43,0.923
1960,44,0.923
1960,45,0.924
1960,46,0.925
1960,47,0.926
1960,48,0.928
1960,49,0.928
1960,50,0.929
1960,51,0.929
1960,52,0.929
1961,1,0.0
1961,2,0.027
1961,3,0.042
1961,4,0.049
1961,5,0.05
1961,6,0.053
1961,7,0.064
1961,8,0.085
1961,9,0.115
1961,10,0.148
1961,11,0.188
1961,12,0.215
1961,13,0.256
1961,14,0.287
1961,15,0.398
1961,16,0.521
1961,17,0.626
1961,18,0.698
1961,19,0.739
1961,20,0.786
1961,21,0.798
1961,22,0.823
1961,23,0.853
1961,24,0.872
1961,25,0.88
1961,26,0.888
1961,27,0.895
1961,28,0.9
1961,29,0.904
1961,30,0.907
1961,31,0.909
1961,32,0.91
1961,33,0.911
1961,34,0.913
1961,35,0.915
1961,36,0.916
1961,37,0.917
1961,38,0.919
1961,39,0.92
1961,40,0.922
1961,41,0.922
1961,42,0.922
1961,43,0.923
1961,44,0.923
1961,45,0.923
1961,46,0.924
1961,47,0.925
1961,48,0.925
1961,49,0.926
1961,50,0.928
1961,51,0.929
1961,52,0.929
1962,1,0.017
1962,2,0.025
1962,3,0.084
1962,4,0.09
1962,5,0.092
1962,6,0.098
1962,7,0.1
1962,8,0.122
1962,9,0.147
1962,10,0.181
1962,11,0.207
1962,12,0.239
1962,13,0.286
1962,14,0.329
1962,15,0.453
1962,16,0.592
1962,17,0.694
1962,18,0.77
1962,19,0.783
1962,20,0.801
1962,21,0.815
1962,22,0.851
1962,23,0.871
1962,24,0.887
1962,25,0.893
1962,26,0.902
1962,27,0.908
1962,28,0.91
1962,29,0.911
1962,30,0.911
1962,31,0.911
1962,32,0.913
1962,33,0.915
1962,34,0.916
1962,35,0.919
1962,36,0.92
1962,37,0.921
1962,38,0.922
1962,39,0.922
1962,40,0.923
1962,41,0.924
1962,42,0.925
1962,43,0.925
1962,44,0.925
1962,45,0.925
1962,46,0.925
1962,47,0.926
1962,48,0.927
1962,49,0.929
1962,50,0.93
1962,51,0.93
1962,52,0.93
1980,1,0.002
1980,2,0.023
1980,3,0.038
1980,4,0.046
1980,5,0.049
1980,6,0.052
1980,7,0.066
1980,8,0.083
1980,9,0.109
1980,10,0.145
1980,11,0.182
1980,12,0.206
1980,13,0.251
1980,14,0.269
1980,15,0.379
1980,16,0.491
1980,17,0.604
1980,18,0.682
1980,19,0.703
1980,20,0.774
1980,21,0.8
1980,22,0.84
1980,23,0.861
1980,24,0.878
1980,25,0.885
1980,26,0.893
1980,27,0.897
1980,28,0.902
1980,29,0.905
1980,30,0.907
1980,31,0.909
1980,32,0.911
1980,33,0.913
1980,34,0.915
1980,35,0.916
1980,36,0.918
1980,37,0.92
1980,38,0.921
1980,39,0.923
1980,40,0.924
1980,41,0.924
1980,42,0.925
1980,43,0.925
1980,44,0.926
1980,45,0.926
1980,46,0.927
1980,47,0.927
1980,48,0.928
1980,49,0.929
1980,50,0.93
1980,51,0.931
1980,52,0.931
1981,1,0.0
1981,2,0.016
1981,3,0.038
1981,4,0.049
1981,5,0.05
1981,6,0.054
1981,7,0.07
1981,8,0.089
1981,9,0.111
1981,10,0.142
1981,11,0.177
1981,12,0.21
1981,13,0.289
1981,14,0.314
1981,15,0.45
1981,16,0.575
1981,17,0.67
1981,18,0.737
1981,19,0.756
1981,20,0.806
1981,21,0.814
1981,22,0.854
1981,23,0.871
1981,24,0.886
1981,25,0.896
1981,26,0.904
1981,27,0.909
1981,28,0.911
1981,29,0.915
1981,30,0.917
1981,31,0.919
1981,32,0.921
1981,33,0.921
1981,34,0.923
1981,35,0.923
1981,36,0.924
1981,37,0.926
1981,38,0.927
1981,39,0.929
1981,40,0.929
1981,41,0.93
1981,42,0.93
1981,43,0.931
1981,44,0.931
1981,45,0.931
1981,46,0.932
1981,47,0.932
1981,48,0.932
1981,49,0.933
1981,50,0.933
1981,51,0.934
1981,52,0.934
1982,1,0.023
1982,2,0.033
1982,3,0.052
1982,4,0.057
1982,5,0.061
1982,6,0.068
1982,7,0.085
1982,8,0.107
1982,9,0.139
1982,10,0.163
1982,11,0.194
1982,12,0.222
1982,13,0.278
1982,14,0.318
1982,15,0.427
1982,16,0.527
1982,17,0.62
1982,18,0.71
1982,19,0.735
1982,20,0.771
1982,21,0.792
1982,22,0.81
1982,23,0.839
1982,24,0.857
1982,25,0.87
1982,26,0.877
1982,27,0.883
1982,28,0.886
1982,29,0.889
1982,30,0.893
1982,31,0.894
1982,32,0.896
1982,33,0.898
1982,34,0.9
1982,35,0.9
1982,36,0.902
1982,37,0.906
1982,38,0.907
1982,39,0.908
1982,40,0.909
1982,41,0.91
1982,42,0.911
1982,43,0.912
1982,44,0.912
1982,45,0.913
1982,46,0.913
1982,47,0.914
1982,48,0.914
1982,49,0.915
1982,50,0.915
1982,51,0.916
1982,52,0.916
1983,1,0.003
1983,2,0.027
1983,3,0.048
1983,4,0.064
1983,5,0.067
1983,6,0.076
1983,7,0.088
1983,8,0.098
1983,9,0.124
1983,10,0.157
1983,11,0.188
1983,12,0.215
1983,13,0.269
1983,14,0.306
1983,15,0.41
1983,16,0.553
1983,17,0.653
1983,18,0.723
1983,19,0.754
1983,20,0.796
1983,21,0.803
1983,22,0.834
1983,23,0.857
1983,24,0.872
1983,25,0.88
1983,26,0.889
1983,27,0.895
1983,28,0.899
1983,29,0.902
1983,30,0.904
1983,31,0.906
1983,32,0.907
1983,33,0.909
1983,34,0.911
1983,35,0.913
1983,36,0.915
1983,37,0.916
1983,38,0.918
1983,39,0.92
1983,40,0.922
1983,41,0.922
1983,42,0.922
1983,43,0.924
1983,44,0.924
1983,45,0.925
1983,46,0.925
1983,47,0.925
1983,48,0.926
1983,49,0.927
1983,50,0.928
1983,51,0.929
1983,52,0.929
1984,1,0.001
1984,2,0.02
1984,3,0.043
1984,4,0.049
1984,5,0.051
1984,6,0.056
1984,7,0.071
1984,8,0.084
1984,9,0.113
1984,10,0.141
1984,11,0.178
1984,12,0.218
1984,13,0.313
1984,14,0.316
1984,15,0.464
1984,16,0.593
1984,17,0.687
1984,18,0.748
1984,19,0.772
1984,20,0.822
1984,21,0.83
1984,22,0.856
1984,23,0.88
1984,24,0.893
1984,25,0.903
1984,26,0.91
1984,27,0.913
1984,28,0.917
1984,29,0.918
1984,30,0.921
1984,31,0.923
1984,32,0.924
1984,33,0.925
1984,34,0.927
1984,35,0.927
1984,36,0.929
1984,37,0.93
1984,38,0.933
1984,39,0.933
1984,40,0.934
1984,41,0.934
1984,42,0.935
1984,43,0.935
1984,44,0.936
1984,45,0.936
1984,46,0.937
1984,47,0.938
1984,48,0.938
1984,49,0.939
1984,50,0.94
1984,51,0.94
1984,52,0.94
2021,1,0.013
2021,2,0.018
2021,3,0.048
2021,4,0.054
2021,5,0.055
2021,6,0.055
2021,7,0.064
2021,8,0.093
2021,9,0.102
2021,10,0.12
2021,11,0.144
2021,12,0.204
2021,13,0.243
2021,14,0.335
2021,15,0.451
2021,16,0.56
2021,17,0.596
2021,18,0.662
2021,19,0.707
2021,20,0.739
2021,21,0.754
2021,22,0.813
2021,23,0.857
2021,24,0.867
2021,25,0.883
2021,26,0.891
2021,27,0.897
2021,28,0.899
2021,29,0.9
2021,30,0.901
2021,31,0.904
2021,32,0.905
2021,33,0.907
2021,34,0.909
2021,35,0.91
2021,36,0.911
2021,37,0.912
2021,38,0.914
2021,39,0.915
2021,40,0.915
2021,41,0.915
2021,42,0.916
2021,43,0.917
2021,44,0.917
2021,45,0.917
2021,46,0.918
2021,47,0.918
2021,48,0.918
2021,49,0.919
2021,50,0.92
2021,51,0.92
2021,52,0.92
2023,1,0.015
2023,2,0.016
2023,3,0.038
2023,4,0.05
2023,5,0.051
2023,6,0.052
2023,7,0.061
2023,8,0.084
2023,9,0.108
2023,10,0.136
2023,11,0.164
2023,12,0.194
2023,13,0.252
2023,14,0.321
2023,15,0.467
2023,16,0.529
2023,17,0.618
2023,18,0.701
2023,19,0.725
2023,20,0.737
2023,21,0.774
2023,22,0.784
2023,23,0.816
2023,24,0.852
2023,25,0.866
2023,26,0.879
2023,27,0.889
2023,28,0.894
2023,29,0.897
2023,30,0.9
2023,31,0.903
2023,32,0.904
2023,33,0.906
2023,34,0.907
2023,35,0.909
2023,36,0.911
2023,37,0.912
2023,38,0.912
2023,39,0.916
2023,40,0.917
2023,41,0.917
2023,42,0.918
2023,43,0.918
2023,44,0.918
2023,45,0.919
2023,46,0.92
2023,47,0.92
2023,48,0.921
2023,49,0.922
2023,50,0.923
2023,51,0.924
2023,52,0.924
2026,1,0.014
2026,2,0.014
2026,3,0.052
2026,4,0.054
2026,5,0.055
2026,6,0.056
2026,7,0.062
2026,8,0.083
2026,9,0.102
2026,10,0.135
2026,11,0.162
2026,12,0.184
2026,13,0.283
2026,14,0.342
2026,15,0.502
2026,16,0.53
2026,17,0.588
2026,18,0.646
2026,19,0.731
2026,20,0.743
2026,21,0.806
2026,22,0.833
2026,23,0.889
2026,24,0.902
2026,25,0.91
2026,26,0.919
2026,27,0.924
2026,28,0.931
2026,29,0.935
2026,30,0.937
2026,31,0.938
2026,32,0.938
2026,33,0.94
2026,34,0.94
2026,35,0.945
2026,36,0.946
2026,37,0.947
2026,38,0.948
2026,39,0.949
2026,40,0.95
2026,41,0.95
2026,42,0.95
2026,43,0.95
2026,44,0.95
2026,45,0.951
2026,46,0.951
2026,47,0.952
2026,48,0.952
2026,49,0.953
2026,50,0.954
2026,51,0.954
2026,52,0.954
2029,1,0.015
2029,2,0.015
2029,3,0.047
2029,4,0.054
2029,5,0.055
2029,6,0.056
2029,7,0.08
2029,8,0.098
2029,9,0.112
2029,10,0.138
2029,11,0.183
2029,12,0.199
2029,13,0.301
2029,14,0.344
2029,15,0.468
2029,16,0.55
2029,17,0.598
2029,18,0.663
2029,19,0.691
2029,20,0.718
2029,21,0.745
2029,22,0.789
2029,23,0.85
2029,24,0.894
2029,25,0.906
2029,26,0.915
2029,27,0.924
2029,28,0.925
2029,29,0.931
2029,30,0.932
2029,31,0.933
2029,32,0.934
2029,33,0.935
2029,34,0.938
2029,35,0.94
2029,36,0.941
2029,37,0.942
2029,38,0.942
2029,39,0.945
2029,40,0.946
2029,41,0.946
2029,42,0.946
2029,43,0.946
2029,44,0.947
2029,45,0.947
2029,46,0.947
2029,47,0.947
2029,48,0.948
2029,49,0.948
2029,50,0.95
2029,51,0.95
2029,52,0.95
2031,1,0.012
2031,2,0.013
2031,3,0.057
2031,4,0.059
2031,5,0.059
2031,6,0.06
2031,7,0.065
2031,8,0.103
2031,9,0.127
2031,10,0.146
2031,11,0.166
2031,12,0.184
2031,13,0.252
2031,14,0.352
2031,15,0.48
2031,16,0.569
2031,17,0.637
2031,18,0.694
2031,19,0.725
2031,20,0.741
2031,21,0.762
2031,22,0.797
2031,23,0.836
2031,24,0.873
2031,25,0.887
2031,26,0.897
2031,27,0.9
2031,28,0.906
2031,29,0.907
2031,30,0.909
2031,31,0.91
2031,32,0.91
2031,33,0.911
2031,34,0.913
2031,35,0.915
2031,36,0.916
2031,37,0.92
2031,38,0.921
2031,39,0.923
2031,40,0.923
2031,41,0.923
2031,42,0.925
2031,43,0.925
2031,44,0.925
2031,45,0.925
2031,46,0.926
2031,47,0.926
2031,48,0.926
2031,49,0.927
2031,50,0.929
2031,51,0.929
2031,52,0.929
2034,1,0.014
2034,2,0.014
2034,3,0.049
2034,4,0.053
2034,5,0.053
2034,6,0.053
2034,7,0.061
2034,8,0.08
2034,9,0.095
2034,10,0.128
2034,11,0.142
2034,12,0.181
2034,13,0.295
2034,14,0.357
2034,15,0.506
2034,16,0.602
2034,17,0.663
2034,18,0.729
2034,19,0.746
2034,20,0.75
2034,21,0.775
2034,22,0.78
2034,23,0.817
2034,24,0.857
2034,25,0.87
2034,26,0.879
2034,27,0.886
2034,28,0.895
2034,29,0.901
2034,30,0.903
2034,31,0.906
2034,32,0.907
2034,33,0.907
2034,34,0.909
2034,35,0.911
2034,36,0.912
2034,37,0.914
2034,38,0.915
2034,39,0.917
2034,40,0.917
2034,41,0.918
2034,42,0.918
2034,43,0.918
2034,44,0.918
2034,45,0.918
2034,46,0.919
2034,47,0.92
2034,48,0.92
2034,49,0.921
2034,50,0.924
2034,51,0.924
2034,52,0.924
2039,1,0.019
2039,2,0.019
2039,3,0.057
2039,4,0.061
2039,5,0.063
2039,6,0.071
2039,7,0.08
2039,8,0.129
2039,9,0.141
2039,10,0.159
2039,11,0.185
2039,12,0.224
2039,13,0.294
2039,14,0.367
2039,15,0.53
2039,16,0.597
2039,17,0.661
2039,18,0.722
2039,19,0.736
2039,20,0.74
2039,21,0.764
2039,22,0.794
2039,23,0.849
2039,24,0.867
2039,25,0.882
2039,26,0.892
2039,27,0.894
2039,28,0.898
2039,29,0.898
2039,30,0.899
2039,31,0.9
2039,32,0.9
2039,33,0.901
2039,34,0.901
2039,35,0.904
2039,36,0.905
2039,37,0.906
2039,38,0.907
2039,39,0.908
2039,40,0.908
2039,41,0.91
2039,42,0.91
2039,43,0.91
2039,44,0.911
2039,45,0.911
2039,46,0.911
2039,47,0.911
2039,48,0.912
2039,49,0.913
2039,50,0.913
2039,51,0.914
2039,52,0.914
2061,1,0.013
2061,2,0.014
2061,3,0.05
2061,4,0.052
2061,5,0.053
2061,6,0.056
2061,7,0.063
2061,8,0.086
2061,9,0.103
2061,10,0.132
2061,11,0.155
2061,12,0.174
2061,13,0.257
2061,14,0.312
2061,15,0.407
2061,16,0.523
2061,17,0.615
2061,18,0.71
2061,19,0.73
2061,20,0.747
2061,21,0.797
2061,22,0.81
2061,23,0.857
2061,24,0.872
2061,25,0.879
2061,26,0.889
2061,27,0.899
2061,28,0.905
2061,29,0.909
2061,30,0.911
2061,31,0.912
2061,32,0.913
2061,33,0.914
2061,34,0.916
2061,35,0.918
2061,36,0.92
2061,37,0.921
2061,38,0.921
2061,39,0.923
2061,40,0.924
2061,41,0.924
2061,42,0.925
2061,43,0.925
2061,44,0.925
2061,45,0.925
2061,46,0.925
2061,47,0.926
2061,48,0.927
2061,49,0.928
2061,50,0.929
2061,51,0.93
2061,52,0.93
2062,1,0.009
2062,2,0.009
2062,3,0.045
2062,4,0.052
2062,5,0.054
2062,6,0.054
2062,7,0.066
2062,8,0.097
2062,9,0.117
2062,10,0.151
2062,11,0.168
2062,12,0.185
2062,13,0.269
2062,14,0.345
2062,15,0.512
2062,16,0.58
2062,17,0.65
2062,18,0.719
2062,19,0.737
2062,20,0.747
2062,21,0.772
2062,22,0.783
2062,23,0.818
2062,24,0.866
2062,25,0.875
2062,26,0.884
2062,27,0.893
2062,28,0.899
2062,29,0.904
2062,30,0.907
2062,31,0.909
2062,32,0.911
2062,33,0.911
2062,34,0.913
2062,35,0.914
2062,36,0.916
2062,37,0.918
2062,38,0.92
2062,39,0.922
2062,40,0.922
2062,41,0.922
2062,42,0.923
2062,43,0.923
2062,44,0.923
2062,45,0.923
2062,46,0.923
2062,47,0.924
2062,48,0.926
2062,49,0.927
2062,50,0.927
2062,51,0.929
2062,52,0.929
2080,1,0.011
2080,2,0.012
2080,3,0.046
2080,4,0.05
2080,5,0.051
2080,6,0.055
2080,7,0.062
2080,8,0.081
2080,9,0.092
2080,10,0.123
2080,11,0.151
2080,12,0.18
2080,13,0.247
2080,14,0.347
2080,15,0.46
2080,16,0.559
2080,17,0.63
2080,18,0.704
2080,19,0.737
2080,20,0.758
2080,21,0.787
2080,22,0.821
2080,23,0.857
2080,24,0.896
2080,25,0.904
2080,26,0.911
2080,27,0.922
2080,28,0.926
2080,29,0.931
2080,30,0.933
2080,31,0.934
2080,32,0.935
2080,33,0.936
2080,34,0.937
2080,35,0.938
2080,36,0.939
2080,37,0.941
2080,38,0.942
2080,39,0.943
2080,40,0.943
2080,41,0.944
2080,42,0.944
2080,43,0.945
2080,44,0.945
2080,45,0.945
2080,46,0.946
2080,47,0.946
2080,48,0.946
2080,49,0.947
2080,50,0.948
2080,51,0.948
2080,52,0.948
2081,1,0.011
2081,2,0.011
2081,3,0.047
2081,4,0.051
2081,5,0.051
2081,6,0.052
2081,7,0.06
2081,8,0.078
2081,9,0.09
2081,10,0.12
2081,11,0.165
2081,12,0.192
2081,13,0.24
2081,14,0.302
2081,15,0.422
2081,16,0.506
2081,17,0.572
2081,18,0.645
2081,19,0.709
2081,20,0.747
2081,21,0.782
2081,22,0.813
2081,23,0.849
2081,24,0.877
2081,25,0.888
2081,26,0.898
2081,27,0.907
2081,28,0.915
2081,29,0.919
2081,30,0.921
2081,31,0.921
2081,32,0.923
2081,33,0.924
2081,34,0.926
2081,35,0.927
2081,36,0.927
2081,37,0.93
2081,38,0.932
2081,39,0.933
2081,40,0.934
2081,41,0.935
2081,42,0.935
2081,43,0.936
2081,44,0.936
2081,45,0.936
2081,46,0.937
2081,47,0.937
2081,48,0.938
2081,49,0.938
2081,50,0.939
2081,51,0.94
2081,52,0.941
2082,1,0.012
2082,2,0.012
2082,3,0.033
2082,4,0.045
2082,5,0.045
2082,6,0.046
2082,7,0.056
2082,8,0.082
2082,9,0.093
2082,10,0.12
2082,11,0.143
2082,12,0.167
2082,13,0.225
2082,14,0.243
2082,15,0.39
2082,16,0.536
2082,17,0.614
2082,18,0.687
2082,19,0.722
2082,20,0.739
2082,21,0.802
2082,22,0.826
2082,23,0.874
2082,24,0.899
2082,25,0.907
2082,26,0.916
2082,27,0.922
2082,28,0.927
2082,29,0.929
2082,30,0.931
2082,31,0.932
2082,32,0.934
2082,33,0.934
2082,34,0.937
2082,35,0.938
2082,36,0.939
2082,37,0.941
2082,38,0.943
2082,39,0.943
2082,40,0.943
2082,41,0.944
2082,42,0.944
2082,43,0.944
2082,44,0.944
2082,45,0.945
2082,46,0.945
2082,47,0.945
2082,48,0.945
2082,49,0.946
2082,50,0.946
2082,51,0.947
2082,52,0.948
2083,1,0.007
2083,2,0.013
2083,3,0.042
2083,4,0.05
2083,5,0.051
2083,6,0.053
2083,7,0.071
2083,8,0.086
2083,9,0.105
2083,10,0.129
2083,11,0.18
2083,12,0.199
2083,13,0.292
2083,14,0.363
2083,15,0.479
2083,16,0.571
2083,17,0.641
2083,18,0.728
2083,19,0.759
2083,20,0.775
2083,21,0.815
2083,22,0.839
2083,23,0.87
2083,24,0.878
2083,25,0.888
2083,26,0.897
2083,27,0.903
2083,28,0.905
2083,29,0.907
2083,30,0.908
2083,31,0.909
2083,32,0.91
2083,33,0.911
2083,34,0.914
2083,35,0.916
2083,36,0.918
2083,37,0.921
2083,38,0.922
2083,39,0.923
2083,40,0.924
2083,41,0.925
2083,42,0.925
2083,43,0.925
2083,44,0.925
2083,45,0.925
2083,46,0.926
2083,47,0.926
2083,48,0.927
2083,49,0.927
2083,50,0.929
2083,51,0.929
2083,52,0.929
2084,1,0.011
2084,2,0.013
2084,3,0.045
2084,4,0.049
2084,5,0.049
2084,6,0.052
2084,7,0.064
2084,8,0.097
2084,9,0.112
2084,10,0.132
2084,11,0.164
2084,12,0.202
2084,13,0.28
2084,14,0.324
2084,15,0.459
2084,16,0.558
2084,17,0.623
2084,18,0.714
2084,19,0.746
2084,20,0.766
2084,21,0.807
2084,22,0.833
2084,23,0.846
2084,24,0.878
2084,25,0.885
2084,26,0.892
2084,27,0.904
2084,28,0.911
2084,29,0.915
2084,30,0.918
2084,31,0.918
2084,32,0.92
2084,33,0.92
2084,34,0.922
2084,35,0.923
2084,36,0.926
2084,37,0.926
2084,38,0.928
2084,39,0.929
2084,40,0.931
2084,41,0.931
2084,42,0.931
2084,43,0.932
2084,44,0.932
2084,45,0.933
2084,46,0.933
2084,47,0.934
2084,48,0.935
2084,49,0.936
2084,50,0.936
2084,51,0.937
2084,52,0.937
2085,1,0.014
2085,2,0.017
2085,3,0.055
2085,4,0.056
2085,5,0.057
2085,6,0.06
2085,7,0.081
2085,8,0.098
2085,9,0.114
2085,10,0.139
2085,11,0.161
2085,12,0.191
2085,13,0.265
2085,14,0.33
2085,15,0.432
2085,16,0.533
2085,17,0.59
2085,18,0.674
2085,19,0.71
2085,20,0.735
2085,21,0.776
2085,22,0.805
2085,23,0.82
2085,24,0.866
2085,25,0.878
2085,26,0.887
2085,27,0.895
2085,28,0.901
2085,29,0.906
2085,30,0.909
2085,31,0.911
2085,32,0.911
2085,33,0.912
2085,34,0.913
2085,35,0.915
2085,36,0.918
2085,37,0.92
2085,38,0.921
2085,39,0.922
2085,40,0.922
2085,41,0.923
2085,42,0.924
2085,43,0.924
2085,44,0.925
2085,45,0.925
2085,46,0.925
2085,47,0.926
2085,48,0.927
2085,49,0.928
2085,50,0.929
2085,51,0.929
2085,52,0.93
2101,1,0.013
2101,2,0.033
2101,3,0.043
2101,4,0.058
2101,5,0.069
2101,6,0.071
2101,7,0.084
2101,8,0.098
2101,9,0.12
2101,10,0.128
2101,11,0.131
2101,12,0.16
2101,13,0.251
2101,14,0.275
2101,15,0.413
2101,16,0.498
2101,17,0.569
2101,18,0.636
2101,19,0.724
2101,20,0.787
2101,21,0.815
2101,22,0.852
2101,23,0.858
2101,24,0.865
2101,25,0.872
2101,26,0.874
2101,27,0.879
2101,28,0.885
2101,29,0.887
2101,30,0.889
2101,31,0.892
2101,32,0.897
2101,33,0.898
2101,34,0.898
2101,35,0.899
2101,36,0.902
2101,37,0.906
2101,38,0.908
2101,39,0.909
2101,40,0.91
2101,41,0.911
2101,42,0.911
2101,43,0.912
2101,44,0.912
2101,45,0.913
2101,46,0.913
2101,47,0.914
2101,48,0.914
2101,49,0.916
2101,50,0.917
2101,51,0.917
2101,52,0.917
2104,1,0.014
2104,2,0.015
2104,3,0.038
2104,4,0.053
2104,5,0.066
2104,6,0.081
2104,7,0.093
2104,8,0.111
2104,9,0.128
2104,10,0.138
2104,11,0.169
2104,12,0.198
2104,13,0.252
2104,14,0.309
2104,15,0.388
2104,16,0.466
2104,17,0.574
2104,18,0.673
2104,19,0.737
2104,20,0.816
2104,21,0.833
2104,22,0.847
2104,23,0.872
2104,24,0.88
2104,25,0.886
2104,26,0.89
2104,27,0.897
2104,28,0.903
2104,29,0.905
2104,30,0.907
2104,31,0.909
2104,32,0.911
2104,33,0.915
2104,34,0.916
2104,35,0.918
2104,36,0.919
2104,37,0.922
2104,38,0.923
2104,39,0.925
2104,40,0.926
2104,41,0.927
2104,42,0.927
2104,43,0.928
2104,44,0.928
2104,45,0.928
2104,46,0.929
2104,47,0.93
2104,48,0.931
2104,49,0.931
2104,50,0.932
2104,51,0.932
2104,52,0.932
2121,1,0.006
2121,2,0.014
2121,3,0.029
2121,4,0.044
2121,5,0.067
2121,6,0.084
2121,7,0.096
2121,8,0.11
2121,9,0.13
2121,10,0.15
2121,11,0.192
2121,12,0.228
2121,13,0.297
2121,14,0.323
2121,15,0.448
2121,16,0.54
2121,17,0.669
2121,18,0.754
2121,19,0.835
2121,20,0.876
2121,21,0.881
2121,22,0.893
2121,23,0.896
2121,24,0.902
2121,25,0.906
2121,26,0.911
2121,27,0.914
2121,28,0.916
2121,29,0.918
2121,30,0.919
2121,31,0.922
2121,32,0.925
2121,33,0.926
2121,34,0.928
2121,35,0.929
2121,36,0.931
2121,37,0.931
2121,38,0.933
2121,39,0.933
2121,40,0.934
2121,41,0.934
2121,42,0.935
2121,43,0.935
2121,44,0.935
2121,45,0.936
2121,46,0.936
2121,47,0.936
2121,48,0.937
2121,49,0.938
2121,50,0.938
2121,51,0.938
2121,52,0.938
2132,1,0.007
2132,2,0.017
2132,3,0.031
2132,4,0.046
2132,5,0.067
2132,6,0.084
2132,7,0.1
2132,8,0.117
2132,9,0.134
2132,10,0.144
2132,11,0.174
2132,12,0.212
2132,13,0.262
2132,14,0.299
2132,15,0.365
2132,16,0.445
2132,17,0.534
2132,18,0.635
2132,19,0.711
2132,20,0.774
2132,21,0.806
2132,22,0.829
2132,23,0.841
2132,24,0.854
2132,25,0.859
2132,26,0.866
2132,27,0.871
2132,28,0.874
2132,29,0.878
2132,30,0.88
2132,31,0.883
2132,32,0.885
2132,33,0.887
2132,34,0.89
2132,35,0.893
2132,36,0.896
2132,37,0.898
2132,38,0.901
2132,39,0.902
2132,40,0.903
2132,41,0.904
2132,42,0.905
2132,43,0.908
2132,44,0.908
2132,45,0.908
2132,46,0.91
2132,47,0.911
2132,48,0.911
2132,49,0.912
2132,50,0.912
2132,51,0.913
2132,52,0.913
2161,1,0.006
2161,2,0.021
2161,3,0.032
2161,4,0.043
2161,5,0.053
2161,6,0.073
2161,7,0.1
2161,8,0.131
2161,9,0.153
2161,10,0.172
2161,11,0.189
2161,12,0.226
2161,13,0.3
2161,14,0.337
2161,15,0.438
2161,16,0.503
2161,17,0.643
2161,18,0.713
2161,19,0.753
2161,20,0.814
2161,21,0.851
2161,22,0.866
2161,23,0.873
2161,24,0.88
2161,25,0.886
2161,26,0.892
2161,27,0.896
2161,28,0.899
2161,29,0.902
2161,30,0.903
2161,31,0.906
2161,32,0.909
2161,33,0.911
2161,34,0.912
2161,35,0.913
2161,36,0.914
2161,37,0.916
2161,38,0.917
2161,39,0.918
2161,40,0.919
2161,41,0.92
2161,42,0.92
2161,43,0.921
2161,44,0.921
2161,45,0.922
2161,46,0.923
2161,47,0.923
2161,48,0.923
2161,49,0.925
2161,50,0.926
2161,51,0.926
2161,52,0.926
2180,1,0.009
2180,2,0.019
2180,3,0.022
2180,4,0.034
2180,5,0.047
2180,6,0.06
2180,7,0.076
2180,8,0.102
2180,9,0.131
2180,10,0.17
2180,11,0.201
2180,12,0.232
2180,13,0.291
2180,14,0.326
2180,15,0.416
2180,16,0.503
2180,17,0.596
2180,18,0.676
2180,19,0.742
2180,20,0.795
2180,21,0.831
2180,22,0.863
2180,23,0.872
2180,24,0.882
2180,25,0.891
2180,26,0.894
2180,27,0.899
2180,28,0.902
2180,29,0.905
2180,30,0.908
2180,31,0.909
2180,32,0.911
2180,33,0.914
2180,34,0.915
2180,35,0.917
2180,36,0.918
2180,37,0.92
2180,38,0.921
2180,39,0.922
2180,40,0.923
2180,41,0.924
2180,42,0.925
2180,43,0.925
2180,44,0.925
2180,45,0.926
2180,46,0.926
2180,47,0.927
2180,48,0.928
2180,49,0.929
2180,50,0.93
2180,51,0.931
2180,52,0.931
2181,1,0.004
2181,2,0.016
2181,3,0.026
2181,4,0.04
2181,5,0.051
2181,6,0.066
2181,7,0.083
2181,8,0.107
2181,9,0.126
2181,10,0.156
2181,11,0.182
2181,12,0.227
2181,13,0.29
2181,14,0.338
2181,15,0.446
2181,16,0.52
2181,17,0.593
2181,18,0.685
2181,19,0.75
2181,20,0.829
2181,21,0.849
2181,22,0.875
2181,23,0.886
2181,24,0.892
2181,25,0.899
2181,26,0.903
2181,27,0.908
2181,28,0.912
2181,29,0.915
2181,30,0.916
2181,31,0.919
2181,32,0.922
2181,33,0.924
2181,34,0.925
2181,35,0.927
2181,36,0.928
2181,37,0.929
2181,38,0.931
2181,39,0.932
2181,40,0.933
2181,41,0.934
2181,42,0.935
2181,43,0.936
2181,44,0.937
2181,45,0.937
2181,46,0.937
2181,47,0.938
2181,48,0.938
2181,49,0.939
2181,50,0.939
2181,51,0.94
2181,52,0.94
2182,1,0.009
2182,2,0.023
2182,3,0.031
2182,4,0.046
2182,5,0.065
2182,6,0.078
2182,7,0.103
2182,8,0.129
2182,9,0.145
2182,10,0.169
2182,11,0.191
2182,12,0.236
2182,13,0.297
2182,14,0.323
2182,15,0.429
2182,16,0.524
2182,17,0.645
2182,18,0.711
2182,19,0.793
2182,20,0.837
2182,21,0.858
2182,22,0.867
2182,23,0.875
2182,24,0.883
2182,25,0.889
2182,26,0.893
2182,27,0.898
2182,28,0.899
2182,29,0.901
2182,30,0.902
2182,31,0.903
2182,32,0.906
2182,33,0.908
2182,34,0.91
2182,35,0.911
2182,36,0.913
2182,37,0.915
2182,38,0.916
2182,39,0.918
2182,40,0.919
2182,41,0.92
2182,42,0.92
2182,43,0.921
2182,44,0.921
2182,45,0.922
2182,46,0.922
2182,47,0.922
2182,48,0.923
2182,49,0.924
2182,50,0.925
2182,51,0.926
2182,52,0.926
2183,1,0.009
2183,2,0.024
2183,3,0.033
2183,4,0.044
2183,5,0.059
2183,6,0.073
2183,7,0.09
2183,8,0.111
2183,9,0.125
2183,10,0.155
2183,11,0.181
2183,12,0.211
2183,13,0.295
2183,14,0.33
2183,15,0.464
2183,16,0.567
2183,17,0.666
2183,18,0.74
2183,19,0.812
2183,20,0.855
2183,21,0.87
2183,22,0.883
2183,23,0.888
2183,24,0.896
2183,25,0.898
2183,26,0.903
2183,27,0.906
2183,28,0.908
2183,29,0.91
2183,30,0.912
2183,31,0.914
2183,32,0.916
2183,33,0.918
2183,34,0.919
2183,35,0.92
2183,36,0.921
2183,37,0.923
2183,38,0.924
2183,39,0.925
2183,40,0.926
2183,41,0.927
2183,42,0.927
2183,43,0.928
2183,44,0.928
2183,45,0.929
2183,46,0.929
2183,47,0.93
2183,48,0.93
2183,49,0.932
2183,50,0.932
2183,51,0.933
2183,52,0.933
2184,1,0.01
2184,2,0.033
2184,3,0.041
2184,4,0.059
2184,5,0.076
2184,6,0.09
2184,7,0.109
2184,8,0.134
2184,9,0.152
2184,10,0.192
2184,11,0.217
2184,12,0.26
2184,13,0.328
2184,14,0.35
2184,15,0.449
2184,16,0.546
2184,17,0.645
2184,18,0.711
2184,19,0.771
2184,20,0.826
2184,21,0.862
2184,22,0.879
2184,23,0.887
2184,24,0.895
2184,25,0.901
2184,26,0.905
2184,27,0.909
2184,28,0.911
2184,29,0.914
2184,30,0.916
2184,31,0.918
2184,32,0.92
2184,33,0.923
2184,34,0.924
2184,35,0.925
2184,36,0.926
2184,37,0.928
2184,38,0.929
2184,39,0.93
2184,40,0.93
2184,41,0.931
2184,42,0.932
2184,43,0.932
2184,44,0.932
2184,45,0.933
2184,46,0.933
2184,47,0.934
2184,48,0.935
2184,49,0.935
2184,50,0.936
2184,51,0.937
2184,52,0.937
2260,1,0.008
2260,2,0.028
2260,3,0.047
2260,4,0.049
2260,5,0.054
2260,6,0.06
2260,7,0.073
2260,8,0.086
2260,9,0.147
2260,10,0.222
2260,11,0.254
2260,12,0.259
2260,13,0.276
2260,14,0.317
2260,15,0.449
2260,16,0.533
2260,17,0.614
2260,18,0.696
2260,19,0.735
2260,20,0.747
2260,21,0.77
2260,22,0.801
2260,23,0.834
2260,24,0.858
2260,25,0.878
2260,26,0.891
2260,27,0.901
2260,28,0.907
2260,29,0.912
2260,30,0.914
2260,31,0.916
2260,32,0.918
2260,33,0.922
2260,34,0.925
2260,35,0.927
2260,36,0.927
2260,37,0.928
2260,38,0.929
2260,39,0.929
2260,40,0.929
2260,41,0.93
2260,42,0.93
2260,43,0.931
2260,44,0.931
2260,45,0.931
2260,46,0.931
2260,47,0.932
2260,48,0.933
2260,49,0.934
2260,50,0.934
2260,51,0.935
2260,52,0.935
2262,1,0.009
2262,2,0.025
2262,3,0.039
2262,4,0.044
2262,5,0.049
2262,6,0.051
2262,7,0.054
2262,8,0.085
2262,9,0.105
2262,10,0.145
2262,11,0.166
2262,12,0.174
2262,13,0.203
2262,14,0.261
2262,15,0.42
2262,16,0.491
2262,17,0.575
2262,18,0.67
2262,19,0.71
2262,20,0.725
2262,21,0.733
2262,22,0.759
2262,23,0.803
2262,24,0.834
2262,25,0.859
2262,26,0.872
2262,27,0.894
2262,28,0.898
2262,29,0.905
2262,30,0.909
2262,31,0.91
2262,32,0.912
2262,33,0.914
2262,34,0.916
2262,35,0.921
2262,36,0.922
2262,37,0.923
2262,38,0.924
2262,39,0.925
2262,40,0.926
2262,41,0.927
2262,42,0.927
2262,43,0.929
2262,44,0.929
2262,45,0.929
2262,46,0.93
2262,47,0.93
2262,48,0.932
2262,49,0.933
2262,50,0.934
2262,51,0.934
2262,52,0.934
2280,1,0.013
2280,2,0.026
2280,3,0.047
2280,4,0.059
2280,5,0.064
2280,6,0.064
2280,7,0.064
2280,8,0.082
2280,9,0.115
2280,10,0.192
2280,11,0.22
2280,12,0.232
2280,13,0.26
2280,14,0.313
2280,15,0.445
2280,16,0.535
2280,17,0.613
2280,18,0.689
2280,19,0.736
2280,20,0.755
2280,21,0.77
2280,22,0.795
2280,23,0.845
2280,24,0.871
2280,25,0.889
2280,26,0.898
2280,27,0.916
2280,28,0.921
2280,29,0.924
2280,30,0.925
2280,31,0.927
2280,32,0.929
2280,33,0.931
2280,34,0.932
2280,35,0.934
2280,36,0.935
2280,37,0.936
2280,38,0.937
2280,39,0.938
2280,40,0.938
2280,41,0.939
2280,42,0.939
2280,43,0.939
2280,44,0.94
2280,45,0.941
2280,46,0.941
2280,47,0.941
2280,48,0.942
2280,49,0.942
2280,50,0.943
2280,51,0.944
2280,52,0.944
2281,1,0.009
2281,2,0.024
2281,3,0.04
2281,4,0.046
2281,5,0.051
2281,6,0.055
2281,7,0.059
2281,8,0.074
2281,9,0.102
2281,10,0.156
2281,11,0.18
2281,12,0.185
2281,13,0.215
2281,14,0.279
2281,15,0.429
2281,16,0.521
2281,17,0.6
2281,18,0.682
2281,19,0.709
2281,20,0.721
2281,21,0.73
2281,22,0.76
2281,23,0.816
2281,24,0.844
2281,25,0.873
2281,26,0.887
2281,27,0.908
2281,28,0.912
2281,29,0.918
2281,30,0.92
2281,31,0.921
2281,32,0.923
2281,33,0.925
2281,34,0.926
2281,35,0.93
2281,36,0.932
2281,37,0.933
2281,38,0.934
2281,39,0.935
2281,40,0.935
2281,41,0.935
2281,42,0.936
2281,43,0.937
2281,44,0.937
2281,45,0.937
2281,46,0.938
2281,47,0.938
2281,48,0.939
2281,49,0.94
2281,50,0.941
2281,51,0.942
2281,52,0.942
2282,1,0.005
2282,2,0.018
2282,3,0.033
2282,4,0.036
2282,5,0.039
2282,6,0.045
2282,7,0.046
2282,8,0.058
2282,9,0.075
2282,10,0.108
2282,11,0.153
2282,12,0.161
2282,13,0.189
2282,14,0.235
2282,15,0.351
2282,16,0.5
2282,17,0.584
2282,18,0.664
2282,19,0.699
2282,20,0.716
2282,21,0.735
2282,22,0.757
2282,23,0.825
2282,24,0.854
2282,25,0.866
2282,26,0.879
2282,27,0.888
2282,28,0.895
2282,29,0.897
2282,30,0.9
2282,31,0.902
2282,32,0.903
2282,33,0.905
2282,34,0.909
2282,35,0.911
2282,36,0.912
2282,37,0.913
2282,38,0.914
2282,39,0.915
2282,40,0.916
2282,41,0.916
2282,42,0.916
2282,43,0.918
2282,44,0.919
2282,45,0.919
2282,46,0.92
2282,47,0.92
2282,48,0.921
2282,49,0.922
2282,50,0.923
2282,51,0.923
2282,52,0.923
2283,1,0.006
2283,2,0.022
2283,3,0.037
2283,4,0.039
2283,5,0.041
2283,6,0.05
2283,7,0.062
2283,8,0.076
2283,9,0.1
2283,10,0.134
2283,11,0.189
2283,12,0.205
2283,13,0.236
2283,14,0.282
2283,15,0.379
2283,16,0.486
2283,17,0.581
2283,18,0.659
2283,19,0.713
2283,20,0.736
2283,21,0.74
2283,22,0.752
2283,23,0.812
2283,24,0.838
2283,25,0.852
2283,26,0.874
2283,27,0.884
2283,28,0.895
2283,29,0.895
2283,30,0.898
2283,31,0.902
2283,32,0.903
2283,33,0.905
2283,34,0.907
2283,35,0.909
2283,36,0.911
2283,37,0.913
2283,38,0.914
2283,39,0.915
2283,40,0.916
2283,41,0.917
2283,42,0.917
2283,43,0.918
2283,44,0.918
2283,45,0.919
2283,46,0.919
2283,47,0.92
2283,48,0.921
2283,49,0.921
2283,50,0.922
2283,51,0.923
2283,52,0.923
2284,1,0.007
2284,2,0.021
2284,3,0.033
2284,4,0.041
2284,5,0.047
2284,6,0.054
2284,7,0.061
2284,8,0.069
2284,9,0.093
2284,10,0.142
2284,11,0.184
2284,12,0.194
2284,13,0.22
2284,14,0.277
2284,15,0.421
2284,16,0.554
2284,17,0.642
2284,18,0.707
2284,19,0.731
2284,20,0.75
2284,21,0.761
2284,22,0.779
2284,23,0.852
2284,24,0.888
2284,25,0.904
2284,26,0.917
2284,27,0.924
2284,28,0.929
2284,29,0.932
2284,30,0.934
2284,31,0.935
2284,32,0.937
2284,33,0.937
2284,34,0.939
2284,35,0.941
2284,36,0.942
2284,37,0.943
2284,38,0.944
2284,39,0.944
2284,40,0.945
2284,41,0.945
2284,42,0.945
2284,43,0.946
2284,44,0.946
2284,45,0.946
2284,46,0.947
2284,47,0.948
2284,48,0.948
2284,49,0.948
2284,50,0.949
2284,51,0.95
2284,52,0.95
2303,1,0.02
2303,2,0.024
2303,3,0.044
2303,4,0.05
2303,5,0.051
2303,6,0.057
2303,7,0.079
2303,8,0.117
2303,9,0.154
2303,10,0.19
2303,11,0.224
2303,12,0.23
2303,13,0.283
2303,14,0.354
2303,15,0.431
2303,16,0.478
2303,17,0.604
2303,18,0.658
2303,19,0.716
2303,20,0.732
2303,21,0.752
2303,22,0.753
2303,23,0.795
2303,24,0.818
2303,25,0.848
2303,26,0.85
2303,27,0.853
2303,28,0.873
2303,29,0.889
2303,30,0.891
2303,31,0.894
2303,32,0.895
2303,33,0.902
2303,34,0.904
2303,35,0.904
2303,36,0.907
2303,37,0.907
2303,38,0.914
2303,39,0.917
2303,40,0.918
2303,41,0.92
2303,42,0.92
2303,43,0.922
2303,44,0.922
2303,45,0.922
2303,46,0.923
2303,47,0.923
2303,48,0.924
2303,49,0.926
2303,50,0.927
2303,51,0.927
2303,52,0.927
2305,1,0.015
2305,2,0.023
2305,3,0.041
2305,4,0.045
2305,5,0.048
2305,6,0.067
2305,7,0.09
2305,8,0.093
2305,9,0.122
2305,10,0.189
2305,11,0.22
2305,12,0.226
2305,13,0.257
2305,14,0.302
2305,15,0.438
2305,16,0.51
2305,17,0.578
2305,18,0.688
2305,19,0.705
2305,20,0.752
2305,21,0.765
2305,22,0.769
2305,23,0.78
2305,24,0.821
2305,25,0.85
2305,26,0.867
2305,27,0.88
2305,28,0.884
2305,29,0.888
2305,30,0.888
2305,31,0.894
2305,32,0.9
2305,33,0.904
2305,34,0.907
2305,35,0.909
2305,36,0.91
2305,37,0.912
2305,38,0.914
2305,39,0.915
2305,40,0.915
2305,41,0.916
2305,42,0.917
2305,43,0.917
2305,44,0.917
2305,45,0.918
2305,46,0.918
2305,47,0.919
2305,48,0.919
2305,49,0.92
2305,50,0.922
2305,51,0.924
2305,52,0.924
2309,1,0.008
2309,2,0.015
2309,3,0.031
2309,4,0.037
2309,5,0.038
2309,6,0.056
2309,7,0.091
2309,8,0.11
2309,9,0.136
2309,10,0.172
2309,11,0.198
2309,12,0.224
2309,13,0.285
2309,14,0.346
2309,15,0.447
2309,16,0.514
2309,17,0.573
2309,18,0.653
2309,19,0.709
2309,20,0.741
2309,21,0.75
2309,22,0.791
2309,23,0.815
2309,24,0.833
2309,25,0.883
2309,26,0.9
2309,27,0.907
2309,28,0.908
2309,29,0.911
2309,30,0.912
2309,31,0.916
2309,32,0.918
2309,33,0.919
2309,34,0.921
2309,35,0.923
2309,36,0.924
2309,37,0.926
2309,38,0.927
2309,39,0.928
2309,40,0.929
2309,41,0.929
2309,42,0.929
2309,43,0.93
2309,44,0.93
2309,45,0.93
2309,46,0.93
2309,47,0.93
2309,48,0.931
2309,49,0.932
2309,50,0.932
2309,51,0.933
2309,52,0.933
2313,1,0.0
2313,2,0.029
2313,3,0.049
2313,4,0.051
2313,5,0.052
2313,6,0.053
2313,7,0.089
2313,8,0.12
2313,9,0.168
2313,10,0.204
2313,11,0.222
2313,12,0.246
2313,13,0.295
2313,14,0.346
2313,15,0.437
2313,16,0.515
2313,17,0.599
2313,18,0.654
2313,19,0.679
2313,20,0.734
2313,21,0.748
2313,22,0.763
2313,23,0.788
2313,24,0.81
2313,25,0.882
2313,26,0.898
2313,27,0.907
2313,28,0.909
2313,29,0.91
2313,30,0.91
2313,31,0.91
2313,32,0.913
2313,33,0.915
2313,34,0.916
2313,35,0.916
2313,36,0.918
2313,37,0.921
2313,38,0.923
2313,39,0.924
2313,40,0.924
2313,41,0.925
2313,42,0.926
2313,43,0.926
2313,44,0.926
2313,45,0.926
2313,46,0.927
2313,47,0.928
2313,48,0.929
2313,49,0.929
2313,50,0.93
2313,51,0.93
2313,52,0.93
2321,1,0.018
2321,2,0.023
2321,3,0.043
2321,4,0.05
2321,5,0.052
2321,6,0.053
2321,7,0.086
2321,8,0.103
2321,9,0.122
2321,10,0.163
2321,11,0.212
2321,12,0.234
2321,13,0.29
2321,14,0.292
2321,15,0.368
2321,16,0.463
2321,17,0.523
2321,18,0.578
2321,19,0.647
2321,20,0.688
2321,21,0.694
2321,22,0.749
2321,23,0.806
2321,24,0.812
2321,25,0.851
2321,26,0.882
2321,27,0.896
2321,28,0.9
2321,29,0.903
2321,30,0.904
2321,31,0.906
2321,32,0.91
2321,33,0.915
2321,34,0.917
2321,35,0.919
2321,36,0.92
2321,37,0.922
2321,38,0.924
2321,39,0.924
2321,40,0.925
2321,41,0.925
2321,42,0.926
2321,43,0.927
2321,44,0.927
2321,45,0.927
2321,46,0.928
2321,47,0.928
2321,48,0.928
2321,49,0.929
2321,50,0.929
2321,51,0.929
2321,52,0.93
2326,1,0.0
2326,2,0.023
2326,3,0.048
2326,4,0.051
2326,5,0.056
2326,6,0.059
2326,7,0.082
2326,8,0.102
2326,9,0.135
2326,10,0.191
2326,11,0.205
2326,12,0.238
2326,13,0.296
2326,14,0.358
2326,15,0.44
2326,16,0.548
2326,17,0.593
2326,18,0.655
2326,19,0.702
2326,20,0.73
2326,21,0.75
2326,22,0.771
2326,23,0.784
2326,24,0.795
2326,25,0.828
2326,26,0.835
2326,27,0.879
2326,28,0.882
2326,29,0.888
2326,30,0.888
2326,31,0.892
2326,32,0.892
2326,33,0.897
2326,34,0.9
2326,35,0.903
2326,36,0.906
2326,37,0.908
2326,38,0.911
2326,39,0.913
2326,40,0.913
2326,41,0.915
2326,42,0.915
2326,43,0.915
2326,44,0.917
2326,45,0.917
2326,46,0.919
2326,47,0.919
2326,48,0.919
2326,49,0.92
2326,50,0.921
2326,51,0.921
2326,52,0.921
2361,1,0.0
2361,2,0.022
2361,3,0.037
2361,4,0.041
2361,5,0.042
2361,6,0.043
2361,7,0.065
2361,8,0.101
2361,9,0.159
2361,10,0.216
2361,11,0.219
2361,12,0.236
2361,13,0.321
2361,14,0.374
2361,15,0.509
2361,16,0.569
2361,17,0.608
2361,18,0.677
2361,19,0.707
2361,20,0.725
2361,21,0.73
2361,22,0.79
2361,23,0.817
2361,24,0.835
2361,25,0.883
2361,26,0.904
2361,27,0.908
2361,28,0.911
2361,29,0.912
2361,30,0.915
2361,31,0.919
2361,32,0.922
2361,33,0.924
2361,34,0.925
2361,35,0.928
2361,36,0.928
2361,37,0.93
2361,38,0.931
2361,39,0.932
2361,40,0.934
2361,41,0.934
2361,42,0.935
2361,43,0.935
2361,44,0.936
2361,45,0.936
2361,46,0.936
2361,47,0.937
2361,48,0.938
2361,49,0.938
2361,50,0.939
2361,51,0.939
2361,52,0.939
2380,1,0.01
2380,2,0.015
2380,3,0.023
2380,4,0.029
2380,5,0.03
2380,6,0.044
2380,7,0.065
2380,8,0.085
2380,9,0.112
2380,10,0.159
2380,11,0.192
2380,12,0.223
2380,13,0.283
2380,14,0.327
2380,15,0.463
2380,16,0.538
2380,17,0.607
2380,18,0.671
2380,19,0.713
2380,20,0.752
2380,21,0.77
2380,22,0.801
2380,23,0.824
2380,24,0.847
2380,25,0.875
2380,26,0.895
2380,27,0.905
2380,28,0.91
2380,29,0.913
2380,30,0.915
2380,31,0.917
2380,32,0.919
2380,33,0.921
2380,34,0.922
2380,35,0.924
2380,36,0.926
2380,37,0.927
2380,38,0.929
2380,39,0.93
2380,40,0.931
2380,41,0.932
2380,42,0.933
2380,43,0.933
2380,44,0.934
2380,45,0.934
2380,46,0.934
2380,47,0.935
2380,48,0.936
2380,49,0.936
2380,50,0.938
2380,51,0.938
2380,52,0.938
2401,1,0.001
2401,2,0.002
2401,3,0.028
2401,4,0.053
2401,5,0.056
2401,6,0.074
2401,7,0.079
2401,8,0.1
2401,9,0.123
2401,10,0.148
2401,11,0.179
2401,12,0.19
2401,13,0.265
2401,14,0.289
2401,15,0.425
2401,16,0.53
2401,17,0.632
2401,18,0.686
2401,19,0.738
2401,20,0.773
2401,21,0.791
2401,22,0.798
2401,23,0.828
2401,24,0.878
2401,25,0.901
2401,26,0.914
2401,27,0.922
2401,28,0.927
2401,29,0.93
2401,30,0.934
2401,31,0.936
2401,32,0.937
2401,33,0.939
2401,34,0.941
2401,35,0.943
2401,36,0.943
2401,37,0.945
2401,38,0.945
2401,39,0.945
2401,40,0.946
2401,41,0.947
2401,42,0.948
2401,43,0.949
2401,44,0.949
2401,45,0.949
2401,46,0.949
2401,47,0.949
2401,48,0.95
2401,49,0.95
2401,50,0.95
2401,51,0.95
2401,52,0.95
2403,1,0.0
2403,2,0.0
2403,3,0.043
2403,4,0.047
2403,5,0.08
2403,6,0.086
2403,7,0.087
2403,8,0.097
2403,9,0.128
2403,10,0.207
2403,11,0.21
2403,12,0.221
2403,13,0.294
2403,14,0.305
2403,15,0.437
2403,16,0.535
2403,17,0.614
2403,18,0.67
2403,19,0.744
2403,20,0.77
2403,21,0.793
2403,22,0.823
2403,23,0.837
2403,24,0.868
2403,25,0.888
2403,26,0.896
2403,27,0.92
2403,28,0.931
2403,29,0.931
2403,30,0.935
2403,31,0.935
2403,32,0.936
2403,33,0.937
2403,34,0.937
2403,35,0.942
2403,36,0.944
2403,37,0.944
2403,38,0.944
2403,39,0.944
2403,40,0.948
2403,41,0.948
2403,42,0.948
2403,43,0.948
2403,44,0.948
2403,45,0.948
2403,46,0.949
2403,47,0.951
2403,48,0.951
2403,49,0.951
2403,50,0.951
2403,51,0.951
2403,52,0.951
2404,1,0.0
2404,2,0.027
2404,3,0.054
2404,4,0.075
2404,5,0.085
2404,6,0.086
2404,7,0.087
2404,8,0.096
2404,9,0.126
2404,10,0.163
2404,11,0.178
2404,12,0.19
2404,13,0.244
2404,14,0.292
2404,15,0.44
2404,16,0.554
2404,17,0.664
2404,18,0.701
2404,19,0.718
2404,20,0.737
2404,21,0.751
2404,22,0.762
2404,23,0.784
2404,24,0.835
2404,25,0.873
2404,26,0.88
2404,27,0.892
2404,28,0.896
2404,29,0.904
2404,30,0.904
2404,31,0.907
2404,32,0.908
2404,33,0.909
2404,34,0.912
2404,35,0.913
2404,36,0.916
2404,37,0.916
2404,38,0.917
2404,39,0.917
2404,40,0.918
2404,41,0.918
2404,42,0.919
2404,43,0.919
2404,44,0.919
2404,45,0.92
2404,46,0.92
2404,47,0.92
2404,48,0.92
2404,49,0.921
2404,50,0.922
2404,51,0.922
2404,52,0.923
2409,1,0.009
2409,2,0.022
2409,3,0.028
2409,4,0.029
2409,5,0.038
2409,6,0.045
2409,7,0.049
2409,8,0.057
2409,9,0.073
2409,10,0.097
2409,11,0.121
2409,12,0.134
2409,13,0.193
2409,14,0.235
2409,15,0.384
2409,16,0.529
2409,17,0.602
2409,18,0.674
2409,19,0.702
2409,20,0.765
2409,21,0.78
2409,22,0.799
2409,23,0.828
2409,24,0.89
2409,25,0.925
2409,26,0.93
2409,27,0.938
2409,28,0.941
2409,29,0.946
2409,30,0.947
2409,31,0.95
2409,32,0.951
2409,33,0.952
2409,34,0.954
2409,35,0.954
2409,36,0.955
2409,37,0.955
2409,38,0.955
2409,39,0.956
2409,40,0.956
2409,41,0.956
2409,42,0.957
2409,43,0.957
2409,44,0.957
2409,45,0.958
2409,46,0.958
2409,47,0.958
2409,48,0.958
2409,49,0.958
2409,50,0.959
2409,51,0.959
2409,52,0.959
2417,1,0.0
2417,2,0.049
2417,3,0.077
2417,4,0.095
2417,5,0.105
2417,6,0.107
2417,7,0.115
2417,8,0.128
2417,9,0.157
2417,10,0.186
2417,11,0.213
2417,12,0.218
2417,13,0.293
2417,14,0.317
2417,15,0.41
2417,16,0.493
2417,17,0.582
2417,18,0.61
2417,19,0.674
2417,20,0.751
2417,21,0.774
2417,22,0.801
2417,23,0.823
2417,24,0.853
2417,25,0.897
2417,26,0.902
2417,27,0.913
2417,28,0.929
2417,29,0.935
2417,30,0.936
2417,31,0.937
2417,32,0.938
2417,33,0.938
2417,34,0.939
2417,35,0.939
2417,36,0.941
2417,37,0.942
2417,38,0.944
2417,39,0.945
2417,40,0.945
2417,41,0.946
2417,42,0.947
2417,43,0.947
2417,44,0.947
2417,45,0.947
2417,46,0.947
2417,47,0.947
2417,48,0.947
2417,49,0.947
2417,50,0.948
2417,51,0.949
2417,52,0.949
2418,1,0.0
2418,2,0.072
2418,3,0.125
2418,4,0.187
2418,5,0.187
2418,6,0.188
2418,7,0.192
2418,8,0.209
2418,9,0.226
2418,10,0.275
2418,11,0.323
2418,12,0.324
2418,13,0.346
2418,14,0.35
2418,15,0.417
2418,16,0.526
2418,17,0.617
2418,18,0.689
2418,19,0.778
2418,20,0.811
2418,21,0.835
2418,22,0.854
2418,23,0.871
2418,24,0.906
2418,25,0.932
2418,26,0.936
2418,27,0.938
2418,28,0.94
2418,29,0.942
2418,30,0.944
2418,31,0.944
2418,32,0.945
2418,33,0.946
2418,34,0.947
2418,35,0.948
2418,36,0.949
2418,37,0.949
2418,38,0.949
2418,39,0.951
2418,40,0.951
2418,41,0.951
2418,42,0.951
2418,43,0.951
2418,44,0.951
2418,45,0.951
2418,46,0.951
2418,47,0.953
2418,48,0.953
2418,49,0.953
2418,50,0.954
2418,51,0.955
2418,52,0.956
2421,1,0.0
2421,2,0.026
2421,3,0.037
2421,4,0.061
2421,5,0.088
2421,6,0.101
2421,7,0.111
2421,8,0.123
2421,9,0.146
2421,10,0.198
2421,11,0.233
2421,12,0.25
2421,13,0.318
2421,14,0.32
2421,15,0.427
2421,16,0.54
2421,17,0.612
2421,18,0.67
2421,19,0.737
2421,20,0.809
2421,21,0.829
2421,22,0.835
2421,23,0.848
2421,24,0.892
2421,25,0.894
2421,26,0.908
2421,27,0.927
2421,28,0.931
2421,29,0.933
2421,30,0.934
2421,31,0.934
2421,32,0.934
2421,33,0.937
2421,34,0.939
2421,35,0.939
2421,36,0.94
2421,37,0.94
2421,38,0.941
2421,39,0.941
2421,40,0.943
2421,41,0.943
2421,42,0.943
2421,43,0.943
2421,44,0.943
2421,45,0.943
2421,46,0.943
2421,47,0.945
2421,48,0.946
2421,49,0.946
2421,50,0.947
2421,51,0.947
2421,52,0.947
2422,1,0.0
2422,2,0.001
2422,3,0.033
2422,4,0.077
2422,5,0.077
2422,6,0.113
2422,7,0.137
2422,8,0.179
2422,9,0.203
2422,10,0.239
2422,11,0.276
2422,12,0.28
2422,13,0.302
2422,14,0.318
2422,15,0.37
2422,16,0.52
2422,17,0.585
2422,18,0.667
2422,19,0.733
2422,20,0.776
2422,21,0.8
2422,22,0.862
2422,23,0.869
2422,24,0.905
2422,25,0.91
2422,26,0.912
2422,27,0.914
2422,28,0.914
2422,29,0.916
2422,30,0.918
2422,31,0.918
2422,32,0.919
2422,33,0.92
2422,34,0.92
2422,35,0.921
2422,36,0.921
2422,37,0.922
2422,38,0.922
2422,39,0.922
2422,40,0.923
2422,41,0.923
2422,42,0.924
2422,43,0.924
2422,44,0.924
2422,45,0.925
2422,46,0.927
2422,47,0.929
2422,48,0.929
2422,49,0.93
2422,50,0.93
2422,51,0.93
2422,52,0.93
2425,1,0.021
2425,2,0.03
2425,3,0.051
2425,4,0.076
2425,5,0.083
2425,6,0.087
2425,7,0.087
2425,8,0.094
2425,9,0.118
2425,10,0.14
2425,11,0.15
2425,12,0.155
2425,13,0.211
2425,14,0.23
2425,15,0.255
2425,16,0.493
2425,17,0.663
2425,18,0.76
2425,19,0.776
2425,20,0.802
2425,21,0.831
2425,22,0.865
2425,23,0.898
2425,24,0.934
2425,25,0.94
2425,26,0.946
2425,27,0.948
2425,28,0.949
2425,29,0.949
2425,30,0.949
2425,31,0.949
2425,32,0.951
2425,33,0.951
2425,34,0.951
2425,35,0.954
2425,36,0.954
2425,37,0.954
2425,38,0.954
2425,39,0.954
2425,40,0.954
2425,41,0.954
2425,42,0.954
2425,43,0.955
2425,44,0.955
2425,45,0.955
2425,46,0.955
2425,47,0.955
2425,48,0.955
2425,49,0.955
2425,50,0.955
2425,51,0.955
2425,52,0.955
2460,1,0.0
2460,2,0.024
2460,3,0.032
2460,4,0.033
2460,5,0.034
2460,6,0.035
2460,7,0.037
2460,8,0.043
2460,9,0.058
2460,10,0.11
2460,11,0.132
2460,12,0.165
2460,13,0.239
2460,14,0.293
2460,15,0.429
2460,16,0.504
2460,17,0.604
2460,18,0.648
2460,19,0.684
2460,20,0.742
2460,21,0.763
2460,22,0.784
2460,23,0.821
2460,24,0.885
2460,25,0.915
2460,26,0.925
2460,27,0.932
2460,28,0.937
2460,29,0.939
2460,30,0.939
2460,31,0.94
2460,32,0.941
2460,33,0.943
2460,34,0.944
2460,35,0.945
2460,36,0.947
2460,37,0.948
2460,38,0.95
2460,39,0.95
2460,40,0.951
2460,41,0.951
2460,42,0.952
2460,43,0.952
2460,44,0.952
2460,45,0.952
2460,46,0.953
2460,47,0.953
2460,48,0.954
2460,49,0.954
2460,50,0.955
2460,51,0.955
2460,52,0.955
2462,1,0.001
2462,2,0.027
2462,3,0.061
2462,4,0.073
2462,5,0.073
2462,6,0.074
2462,7,0.074
2462,8,0.097
2462,9,0.115
2462,10,0.142
2462,11,0.157
2462,12,0.169
2462,13,0.209
2462,14,0.264
2462,15,0.318
2462,16,0.458
2462,17,0.576
2462,18,0.616
2462,19,0.7
2462,20,0.767
2462,21,0.785
2462,22,0.803
2462,23,0.831
2462,24,0.857
2462,25,0.876
2462,26,0.893
2462,27,0.898
2462,28,0.901
2462,29,0.903
2462,30,0.906
2462,31,0.908
2462,32,0.913
2462,33,0.918
2462,34,0.921
2462,35,0.923
2462,36,0.925
2462,37,0.925
2462,38,0.925
2462,39,0.927
2462,40,0.927
2462,41,0.928
2462,42,0.928
2462,43,0.929
2462,44,0.929
2462,45,0.93
2462,46,0.93
2462,47,0.93
2462,48,0.93
2462,49,0.93
2462,50,0.931
2462,51,0.931
2462,52,0.931
2463,1,0.001
2463,2,0.001
2463,3,0.035
2463,4,0.081
2463,5,0.1
2463,6,0.1
2463,7,0.102
2463,8,0.121
2463,9,0.16
2463,10,0.208
2463,11,0.248
2463,12,0.277
2463,13,0.336
2463,14,0.339
2463,15,0.382
2463,16,0.532
2463,17,0.64
2463,18,0.7
2463,19,0.742
2463,20,0.84
2463,21,0.883
2463,22,0.901
2463,23,0.905
2463,24,0.914
2463,25,0.919
2463,26,0.92
2463,27,0.921
2463,28,0.922
2463,29,0.922
2463,30,0.923
2463,31,0.925
2463,32,0.925
2463,33,0.925
2463,34,0.925
2463,35,0.925
2463,36,0.926
2463,37,0.926
2463,38,0.926
2463,39,0.927
2463,40,0.927
2463,41,0.928
2463,42,0.928
2463,43,0.928
2463,44,0.928
2463,45,0.928
2463,46,0.929
2463,47,0.929
2463,48,0.929
2463,49,0.929
2463,50,0.93
2463,51,0.93
2463,52,0.93
2480,1,0.005
2480,2,0.011
2480,3,0.017
2480,4,0.024
2480,5,0.028
2480,6,0.033
2480,7,0.039
2480,8,0.049
2480,9,0.073
2480,10,0.117
2480,11,0.156
2480,12,0.187
2480,13,0.236
2480,14,0.28
2480,15,0.382
2480,16,0.483
2480,17,0.581
2480,18,0.635
2480,19,0.671
2480,20,0.727
2480,21,0.742
2480,22,0.769
2480,23,0.806
2480,24,0.894
2480,25,0.923
2480,26,0.931
2480,27,0.935
2480,28,0.938
2480,29,0.941
2480,30,0.943
2480,31,0.945
2480,32,0.947
2480,33,0.948
2480,34,0.95
2480,35,0.95
2480,36,0.951
2480,37,0.952
2480,38,0.953
2480,39,0.954
2480,40,0.954
2480,41,0.954
2480,42,0.955
2480,43,0.955
2480,44,0.955
2480,45,0.955
2480,46,0.956
2480,47,0.956
2480,48,0.957
2480,49,0.957
2480,50,0.958
2480,51,0.958
2480,52,0.958
2481,1,0.008
2481,2,0.014
2481,3,0.038
2481,4,0.058
2481,5,0.071
2481,6,0.082
2481,7,0.086
2481,8,0.113
2481,9,0.165
2481,10,0.233
2481,11,0.274
2481,12,0.326
2481,13,0.379
2481,14,0.395
2481,15,0.484
2481,16,0.575
2481,17,0.657
2481,18,0.731
2481,19,0.782
2481,20,0.82
2481,21,0.845
2481,22,0.867
2481,23,0.899
2481,24,0.917
2481,25,0.926
2481,26,0.929
2481,27,0.938
2481,28,0.942
2481,29,0.943
2481,30,0.944
2481,31,0.946
2481,32,0.947
2481,33,0.947
2481,34,0.95
2481,35,0.95
2481,36,0.951
2481,37,0.952
2481,38,0.953
2481,39,0.954
2481,40,0.955
2481,41,0.955
2481,42,0.955
2481,43,0.956
2481,44,0.956
2481,45,0.956
2481,46,0.956
2481,47,0.956
2481,48,0.957
2481,49,0.957
2481,50,0.958
2481,51,0.959
2481,52,0.959
2482,1,0.002
2482,2,0.009
2482,3,0.015
2482,4,0.022
2482,5,0.033
2482,6,0.046
2482,7,0.051
2482,8,0.062
2482,9,0.084
2482,10,0.126
2482,11,0.152
2482,12,0.18
2482,13,0.224
2482,14,0.258
2482,15,0.36
2482,16,0.467
2482,17,0.557
2482,18,0.602
2482,19,0.668
2482,20,0.723
2482,21,0.751
2482,22,0.778
2482,23,0.827
2482,24,0.889
2482,25,0.913
2482,26,0.918
2482,27,0.923
2482,28,0.928
2482,29,0.932
2482,30,0.936
2482,31,0.937
2482,32,0.939
2482,33,0.942
2482,34,0.945
2482,35,0.947
2482,36,0.949
2482,37,0.95
2482,38,0.951
2482,39,0.952
2482,40,0.952
2482,41,0.953
2482,42,0.953
2482,43,0.954
2482,44,0.954
2482,45,0.954
2482,46,0.955
2482,47,0.955
2482,48,0.955
2482,49,0.956
2482,50,0.956
2482,51,0.956
2482,52,0.957
2505,1,0.016
2505,2,0.016
2505,3,0.068
2505,4,0.131
2505,5,0.133
2505,6,0.137
2505,7,0.139
2505,8,0.157
2505,9,0.158
2505,10,0.177
2505,11,0.177
2505,12,0.199
2505,13,0.262
2505,14,0.263
2505,15,0.42
2505,16,0.589
2505,17,0.663
2505,18,0.723
2505,19,0.777
2505,20,0.823
2505,21,0.826
2505,22,0.829
2505,23,0.882
2505,24,0.919
2505,25,0.928
2505,26,0.932
2505,27,0.934
2505,28,0.935
2505,29,0.939
2505,30,0.94
2505,31,0.941
2505,32,0.942
2505,33,0.944
2505,34,0.944
2505,35,0.945
2505,36,0.945
2505,37,0.945
2505,38,0.948
2505,39,0.948
2505,40,0.948
2505,41,0.949
2505,42,0.949
2505,43,0.949
2505,44,0.949
2505,45,0.949
2505,46,0.95
2505,47,0.95
2505,48,0.951
2505,49,0.951
2505,50,0.951
2505,51,0.951
2505,52,0.951
2506,1,0.036
2506,2,0.038
2506,3,0.083
2506,4,0.135
2506,5,0.155
2506,6,0.156
2506,7,0.158
2506,8,0.19
2506,9,0.196
2506,10,0.199
2506,11,0.2
2506,12,0.219
2506,13,0.266
2506,14,0.325
2506,15,0.502
2506,16,0.598
2506,17,0.66
2506,18,0.709
2506,19,0.738
2506,20,0.769
2506,21,0.772
2506,22,0.774
2506,23,0.835
2506,24,0.883
2506,25,0.892
2506,26,0.901
2506,27,0.91
2506,28,0.915
2506,29,0.915
2506,30,0.915
2506,31,0.915
2506,32,0.916
2506,33,0.917
2506,34,0.917
2506,35,0.921
2506,36,0.921
2506,37,0.921
2506,38,0.922
2506,39,0.922
2506,40,0.922
2506,41,0.923
2506,42,0.923
2506,43,0.923
2506,44,0.923
2506,45,0.923
2506,46,0.923
2506,47,0.924
2506,48,0.924
2506,49,0.925
2506,50,0.926
2506,51,0.926
2506,52,0.926
2510,1,0.0
2510,2,0.018
2510,3,0.043
2510,4,0.055
2510,5,0.066
2510,6,0.068
2510,7,0.079
2510,8,0.087
2510,9,0.108
2510,10,0.139
2510,11,0.142
2510,12,0.169
2510,13,0.254
2510,14,0.329
2510,15,0.486
2510,16,0.581
2510,17,0.646
2510,18,0.652
2510,19,0.703
2510,20,0.727
2510,21,0.73
2510,22,0.735
2510,23,0.765
2510,24,0.823
2510,25,0.897
2510,26,0.906
2510,27,0.913
2510,28,0.916
2510,29,0.919
2510,30,0.919
2510,31,0.92
2510,32,0.92
2510,33,0.921
2510,34,0.922
2510,35,0.923
2510,36,0.924
2510,37,0.925
2510,38,0.926
2510,39,0.927
2510,40,0.928
2510,41,0.929
2510,42,0.929
2510,43,0.93
2510,44,0.931
2510,45,0.931
2510,46,0.931
2510,47,0.932
2510,48,0.932
2510,49,0.933
2510,50,0.933
2510,51,0.933
2510,52,0.933
2513,1,0.0
2513,2,0.023
2513,3,0.066
2513,4,0.095
2513,5,0.099
2513,6,0.104
2513,7,0.105
2513,8,0.128
2513,9,0.153
2513,10,0.202
2513,11,0.202
2513,12,0.253
2513,13,0.272
2513,14,0.322
2513,15,0.468
2513,16,0.554
2513,17,0.726
2513,18,0.731
2513,19,0.745
2513,20,0.783
2513,21,0.795
2513,22,0.795
2513,23,0.827
2513,24,0.867
2513,25,0.897
2513,26,0.913
2513,27,0.918
2513,28,0.922
2513,29,0.924
2513,30,0.927
2513,31,0.929
2513,32,0.93
2513,33,0.931
2513,34,0.934
2513,35,0.934
2513,36,0.936
2513,37,0.937
2513,38,0.938
2513,39,0.939
2513,40,0.939
2513,41,0.94
2513,42,0.941
2513,43,0.942
2513,44,0.942
2513,45,0.942
2513,46,0.942
2513,47,0.942
2513,48,0.942
2513,49,0.943
2513,50,0.943
2513,51,0.943
2513,52,0.943
2514,1,0.0
2514,2,0.012
2514,3,0.032
2514,4,0.046
2514,5,0.053
2514,6,0.069
2514,7,0.073
2514,8,0.1
2514,9,0.117
2514,10,0.166
2514,11,0.168
2514,12,0.199
2514,13,0.24
2514,14,0.311
2514,15,0.423
2514,16,0.574
2514,17,0.664
2514,18,0.705
2514,19,0.734
2514,20,0.765
2514,21,0.769
2514,22,0.77
2514,23,0.804
2514,24,0.867
2514,25,0.907
2514,26,0.915
2514,27,0.919
2514,28,0.922
2514,29,0.926
2514,30,0.927
2514,31,0.928
2514,32,0.93
2514,33,0.931
2514,34,0.931
2514,35,0.933
2514,36,0.934
2514,37,0.936
2514,38,0.936
2514,39,0.938
2514,40,0.939
2514,41,0.94
2514,42,0.941
2514,43,0.942
2514,44,0.942
2514,45,0.942
2514,46,0.943
2514,47,0.943
2514,48,0.943
2514,49,0.943
2514,50,0.944
2514,51,0.944
2514,52,0.944
2518,1,0.0
2518,2,0.012
2518,3,0.036
2518,4,0.055
2518,5,0.062
2518,6,0.088
2518,7,0.101
2518,8,0.127
2518,9,0.138
2518,10,0.202
2518,11,0.214
2518,12,0.248
2518,13,0.29
2518,14,0.331
2518,15,0.546
2518,16,0.612
2518,17,0.689
2518,18,0.729
2518,19,0.767
2518,20,0.821
2518,21,0.822
2518,22,0.823
2518,23,0.855
2518,24,0.899
2518,25,0.917
2518,26,0.924
2518,27,0.928
2518,28,0.928
2518,29,0.933
2518,30,0.935
2518,31,0.936
2518,32,0.936
2518,33,0.936
2518,34,0.94
2518,35,0.941
2518,36,0.942
2518,37,0.942
2518,38,0.943
2518,39,0.945
2518,40,0.945
2518,41,0.945
2518,42,0.945
2518,43,0.945
2518,44,0.946
2518,45,0.946
2518,46,0.947
2518,47,0.948
2518,48,0.949
2518,49,0.949
2518,50,0.951
2518,51,0.951
2518,52,0.951
2521,1,0.0
2521,2,0.015
2521,3,0.029
2521,4,0.059
2521,5,0.065
2521,6,0.082
2521,7,0.109
2521,8,0.126
2521,9,0.139
2521,10,0.188
2521,11,0.191
2521,12,0.218
2521,13,0.343
2521,14,0.397
2521,15,0.56
2521,16,0.617
2521,17,0.678
2521,18,0.713
2521,19,0.739
2521,20,0.794
2521,21,0.796
2521,22,0.798
2521,23,0.817
2521,24,0.857
2521,25,0.884
2521,26,0.907
2521,27,0.909
2521,28,0.913
2521,29,0.916
2521,30,0.916
2521,31,0.917
2521,32,0.919
2521,33,0.92
2521,34,0.922
2521,35,0.923
2521,36,0.923
2521,37,0.924
2521,38,0.926
2521,39,0.926
2521,40,0.928
2521,41,0.928
2521,42,0.928
2521,43,0.929
2521,44,0.929
2521,45,0.929
2521,46,0.93
2521,47,0.932
2521,48,0.932
2521,49,0.932
2521,50,0.932
2521,51,0.933
2521,52,0.933
2523,1,0.006
2523,2,0.018
2523,3,0.035
2523,4,0.039
2523,5,0.042
2523,6,0.065
2523,7,0.083
2523,8,0.105
2523,9,0.127
2523,10,0.189
2523,11,0.194
2523,12,0.231
2523,13,0.284
2523,14,0.325
2523,15,0.418
2523,16,0.545
2523,17,0.634
2523,18,0.685
2523,19,0.716
2523,20,0.749
2523,21,0.764
2523,22,0.776
2523,23,0.793
2523,24,0.831
2523,25,0.886
2523,26,0.91
2523,27,0.918
2523,28,0.921
2523,29,0.926
2523,30,0.927
2523,31,0.929
2523,32,0.93
2523,33,0.932
2523,34,0.933
2523,35,0.933
2523,36,0.934
2523,37,0.936
2523,38,0.937
2523,39,0.937
2523,40,0.937
2523,41,0.938
2523,42,0.939
2523,43,0.939
2523,44,0.94
2523,45,0.94
2523,46,0.94
2523,47,0.941
2523,48,0.941
2523,49,0.941
2523,50,0.942
2523,51,0.942
2523,52,0.942
2560,1,0.0
2560,2,0.015
2560,3,0.041
2560,4,0.08
2560,5,0.083
2560,6,0.088
2560,7,0.1
2560,8,0.105
2560,9,0.121
2560,10,0.157
2560,11,0.158
2560,12,0.2
2560,13,0.275
2560,14,0.339
2560,15,0.478
2560,16,0.605
2560,17,0.662
2560,18,0.712
2560,19,0.754
2560,20,0.782
2560,21,0.799
2560,22,0.804
2560,23,0.835
2560,24,0.862
2560,25,0.909
2560,26,0.917
2560,27,0.92
2560,28,0.924
2560,29,0.927
2560,30,0.929
2560,31,0.93
2560,32,0.931
2560,33,0.934
2560,34,0.935
2560,35,0.936
2560,36,0.937
2560,37,0.938
2560,38,0.94
2560,39,0.941
2560,40,0.941
2560,41,0.942
2560,42,0.942
2560,43,0.943
2560,44,0.944
2560,45,0.944
2560,46,0.944
2560,47,0.945
2560,48,0.945
2560,49,0.946
2560,50,0.946
2560,51,0.947
2560,52,0.947
2580,1,0.001
2580,2,0.012
2580,3,0.025
2580,4,0.037
2580,5,0.041
2580,6,0.054
2580,7,0.064
2580,8,0.08
2580,9,0.092
2580,10,0.117
2580,11,0.134
2580,12,0.158
2580,13,0.227
2580,14,0.311
2580,15,0.43
2580,16,0.528
2580,17,0.594
2580,18,0.653
2580,19,0.688
2580,20,0.716
2580,21,0.719
2580,22,0.721
2580,23,0.749
2580,24,0.834
2580,25,0.892
2580,26,0.92
2580,27,0.926
2580,28,0.93
2580,29,0.935
2580,30,0.938
2580,31,0.939
2580,32,0.941
2580,33,0.943
2580,34,0.944
2580,35,0.944
2580,36,0.945
2580,37,0.946
2580,38,0.947
2580,39,0.947
2580,40,0.947
2580,41,0.948
2580,42,0.949
2580,43,0.949
2580,44,0.949
2580,45,0.949
2580,46,0.95
2580,47,0.95
2580,48,0.951
2580,49,0.951
2580,50,0.952
2580,51,0.952
2580,52,0.952
2581,1,0.004
2581,2,0.015
2581,3,0.019
2581,4,0.029
2581,5,0.034
2581,6,0.044
2581,7,0.05
2581,8,0.067
2581,9,0.076
2581,10,0.107
2581,11,0.116
2581,12,0.152
2581,13,0.187
2581,14,0.253
2581,15,0.359
2581,16,0.5
2581,17,0.592
2581,18,0.667
2581,19,0.692
2581,20,0.736
2581,21,0.738
2581,22,0.741
2581,23,0.778
2581,24,0.8
2581,25,0.878
2581,26,0.923
2581,27,0.932
2581,28,0.938
2581,29,0.94
2581,30,0.943
2581,31,0.944
2581,32,0.946
2581,33,0.947
2581,34,0.948
2581,35,0.95
2581,36,0.951
2581,37,0.952
2581,38,0.953
2581,39,0.953
2581,40,0.953
2581,41,0.954
2581,42,0.954
2581,43,0.955
2581,44,0.955
2581,45,0.955
2581,46,0.955
2581,47,0.956
2581,48,0.956
2581,49,0.957
2581,50,0.957
2581,51,0.957
2581,52,0.957
2582,1,0.022
2582,2,0.033
2582,3,0.048
2582,4,0.053
2582,5,0.059
2582,6,0.068
2582,7,0.08
2582,8,0.097
2582,9,0.119
2582,10,0.142
2582,11,0.173
2582,12,0.213
2582,13,0.281
2582,14,0.355
2582,15,0.426
2582,16,0.57
2582,17,0.641
2582,18,0.693
2582,19,0.724
2582,20,0.757
2582,21,0.764
2582,22,0.766
2582,23,0.789
2582,24,0.813
2582,25,0.896
2582,26,0.916
2582,27,0.924
2582,28,0.929
2582,29,0.932
2582,30,0.934
2582,31,0.937
2582,32,0.937
2582,33,0.938
2582,34,0.938
2582,35,0.939
2582,36,0.94
2582,37,0.941
2582,38,0.943
2582,39,0.944
2582,40,0.944
2582,41,0.944
2582,42,0.945
2582,43,0.945
2582,44,0.945
2582,45,0.945
2582,46,0.946
2582,47,0.947
2582,48,0.947
2582,49,0.948
2582,50,0.949
2582,51,0.949
2582,52,0.949
2583,1,0.0
2583,2,0.01
2583,3,0.03
2583,4,0.058
2583,5,0.063
2583,6,0.064
2583,7,0.075
2583,8,0.082
2583,9,0.088
2583,10,0.125
2583,11,0.135
2583,12,0.174
2583,13,0.256
2583,14,0.327
2583,15,0.379
2583,16,0.523
2583,17,0.637
2583,18,0.677
2583,19,0.729
2583,20,0.776
2583,21,0.777
2583,22,0.778
2583,23,0.78
2583,24,0.831
2583,25,0.855
2583,26,0.859
2583,27,0.862
2583,28,0.865
2583,29,0.874
2583,30,0.88
2583,31,0.88
2583,32,0.88
2583,33,0.88
2583,34,0.882
2583,35,0.885
2583,36,0.886
2583,37,0.889
2583,38,0.889
2583,39,0.89
2583,40,0.891
2583,41,0.892
2583,42,0.894
2583,43,0.896
2583,44,0.897
2583,45,0.897
2583,46,0.898
2583,47,0.9
2583,48,0.9
2583,49,0.901
2583,50,0.902
2583,51,0.903
2583,52,0.903
2584,1,0.003
2584,2,0.016
2584,3,0.035
2584,4,0.051
2584,5,0.053
2584,6,0.064
2584,7,0.089
2584,8,0.103
2584,9,0.114
2584,10,0.136
2584,11,0.141
2584,12,0.178
2584,13,0.237
2584,14,0.297
2584,15,0.375
2584,16,0.485
2584,17,0.559
2584,18,0.63
2584,19,0.674
2584,20,0.719
2584,21,0.723
2584,22,0.75
2584,23,0.772
2584,24,0.837
2584,25,0.861
2584,26,0.89
2584,27,0.917
2584,28,0.923
2584,29,0.928
2584,30,0.93
2584,31,0.933
2584,32,0.936
2584,33,0.937
2584,34,0.939
2584,35,0.94
2584,36,0.941
2584,37,0.941
2584,38,0.943
2584,39,0.944
2584,40,0.944
2584,41,0.945
2584,42,0.945
2584,43,0.945
2584,44,0.945
2584,45,0.946
2584,46,0.946
2584,47,0.947
2584,48,0.947
2584,49,0.947
2584,50,0.948
2584,51,0.948
2584,52,0.949
