kommun,year,andel_0_17
0114,2006,0.23019999
0114,2007,0.229
0114,2008,0.2277
0114,2009,0.2254
0114,2010,0.2226
0114,2011,0.21969999
0114,2012,0.21789999
0114,2013,0.2185
0114,2014,0.2182
0114,2015,0.2209
0114,2016,0.22229999
0114,2017,0.22660001
0114,2018,0.22750001
0114,2019,0.2274
0114,2020,0.22939999
0114,2021,0.2287
0114,2022,0.2289
0114,2023,0.22759999
0114,2024,0.22589999
0114,2025,0.223
0115,2006,0.27110001
0115,2007,0.27039999
0115,2008,0.26899999
0115,2009,0.26620001
0115,2010,0.264
0115,2011,0.2608
0115,2012,0.25929999
0115,2013,0.25920001
0115,2014,0.2588
0115,2015,0.257
0115,2016,0.2561
0115,2017,0.25819999
0115,2018,0.25729999
0115,2019,0.25549999
0115,2020,0.25260001
0115,2021,0.25049999
0115,2022,0.2467
0115,2023,0.23989999
0115,2024,0.23720001
0115,2025,0.23190001
0117,2006,0.26230001
0117,2007,0.2613
0117,2008,0.2577
0117,2009,0.2559
0117,2010,0.2527
0117,2011,0.2483
0117,2012,0.2448
0117,2013,0.24330001
0117,2014,0.24160001
0117,2015,0.2419
0117,2016,0.24169999
0117,2017,0.2447
0117,2018,0.2437
0117,2019,0.23989999
0117,2020,0.2387
0117,2021,0.2377
0117,2022,0.2352
0117,2023,0.23199999
0117,2024,0.2289
0117,2025,0.2251
0120,2006,0.27790001
0120,2007,0.2764
0120,2008,0.27219999
0120,2009,0.26820001
0120,2010,0.26390001
0120,2011,0.26179999
0120,2012,0.25819999
0120,2013,0.25619999
0120,2014,0.2536
0120,2015,0.25229999
0120,2016,0.2507
0120,2017,0.24959999
0120,2018,0.2474
0120,2019,0.2437
0120,2020,0.2397
0120,2021,0.2369
0120,2022,0.23370001
0120,2023,0.23010001
0120,2024,0.22409999
0120,2025,0.22040001
0123,2006,0.2305
0123,2007,0.2322
0123,2008,0.2305
0123,2009,0.2291
0123,2010,0.2288
0123,2011,0.2272
0123,2012,0.2254
0123,2013,0.2265
0123,2014,0.2281
0123,2015,0.2299
0123,2016,0.2307
0123,2017,0.2318
0123,2018,0.23289999
0123,2019,0.2324
0123,2020,0.23109999
0123,2021,0.2297
0123,2022,0.2264
0123,2023,0.2237
0123,2024,0.21960001
0123,2025,0.21610001
0125,2006,0.2811
0125,2007,0.28
0125,2008,0.2753
0125,2009,0.27379999
0125,2010,0.26840001
0125,2011,0.26289999
0125,2012,0.2617
0125,2013,0.26159999
0125,2014,0.26300001
0125,2015,0.26699999
0125,2016,0.26769999
0125,2017,0.2714
0125,2018,0.27160001
0125,2019,0.26890001
0125,2020,0.26589999
0125,2021,0.26589999
0125,2022,0.26289999
0125,2023,0.2581
0125,2024,0.2545
0125,2025,0.25080001
0126,2006,0.25330001
0126,2007,0.2527
0126,2008,0.2507
0126,2009,0.2475
0126,2010,0.2475
0126,2011,0.2465
0126,2012,0.2456
0126,2013,0.2467
0126,2014,0.2481
0126,2015,0.2493
0126,2016,0.2491
0126,2017,0.2498
0126,2018,0.248
0126,2019,0.24699999
0126,2020,0.24590001
0126,2021,0.2441
0126,2022,0.2411
0126,2023,0.237
0126,2024,0.2349
0126,2025,0.2317
0127,2006,0.24969999
0127,2007,0.2484
0127,2008,0.24680001
0127,2009,0.2447
0127,2010,0.242
0127,2011,0.2395
0127,2012,0.23989999
0127,2013,0.2397
0127,2014,0.2397
0127,2015,0.2402
0127,2016,0.2402
0127,2017,0.24169999
0127,2018,0.24150001
0127,2019,0.2412
0127,2020,0.2404
0127,2021,0.23899999
0127,2022,0.2352
0127,2023,0.2315
0127,2024,0.2289
0127,2025,0.2254
0128,2006,0.28420001
0128,2007,0.28099999
0128,2008,0.27950001
0128,2009,0.2728
0128,2010,0.26620001
0128,2011,0.26370001
0128,2012,0.26100001
0128,2013,0.2595
0128,2014,0.26289999
0128,2015,0.2647
0128,2016,0.26300001
0128,2017,0.26120001
0128,2018,0.26249999
0128,2019,0.26190001
0128,2020,0.2599
0128,2021,0.26030001
0128,2022,0.259
0128,2023,0.25240001
0128,2024,0.2483
0128,2025,0.2457
0136,2006,0.242
0136,2007,0.2403
0136,2008,0.2374
0136,2009,0.2348
0136,2010,0.23289999
0136,2011,0.2297
0136,2012,0.2277
0136,2013,0.22750001
0136,2014,0.229
0136,2015,0.23
0136,2016,0.23190001
0136,2017,0.2331
0136,2018,0.2358
0136,2019,0.2367
0136,2020,0.2375
0136,2021,0.23639999
0136,2022,0.2349
0136,2023,0.2316
0136,2024,0.2291
0136,2025,0.2269
0138,2006,0.26910001
0138,2007,0.2667
0138,2008,0.26179999
0138,2009,0.25920001
0138,2010,0.255
0138,2011,0.25170001
0138,2012,0.24789999
0138,2013,0.24609999
0138,2014,0.2464
0138,2015,0.2458
0138,2016,0.245
0138,2017,0.24420001
0138,2018,0.2439
0138,2019,0.2414
0138,2020,0.24089999
0138,2021,0.2406
0138,2022,0.23819999
0138,2023,0.2339
0138,2024,0.2299
0138,2025,0.2253
0139,2006,0.24070001
0139,2007,0.2414
0139,2008,0.2394
0139,2009,0.237
0139,2010,0.2341
0139,2011,0.23360001
0139,2012,0.2321
0139,2013,0.233
0139,2014,0.2361
0139,2015,0.2392
0139,2016,0.24169999
0139,2017,0.2448
0139,2018,0.2481
0139,2019,0.2491
0139,2020,0.2494
0139,2021,0.2483
0139,2022,0.2457
0139,2023,0.24680001
0139,2024,0.2446
0139,2025,0.242
0140,2006,0.273
0140,2007,0.27289999
0140,2008,0.26949999
0140,2009,0.27039999
0140,2010,0.26719999
0140,2011,0.2647
0140,2012,0.25960001
0140,2013,0.25650001
0140,2014,0.2538
0140,2015,0.25650001
0140,2016,0.25909999
0140,2017,0.26050001
0140,2018,0.259
0140,2019,0.25709999
0140,2020,0.25549999
0140,2021,0.25529999
0140,2022,0.25220001
0140,2023,0.2465
0140,2024,0.2423
0140,2025,0.23899999
0160,2006,0.2491
0160,2007,0.2492
0160,2008,0.2475
0160,2009,0.2463
0160,2010,0.2448
0160,2011,0.2438
0160,2012,0.2423
0160,2013,0.2428
0160,2014,0.24330001
0160,2015,0.2437
0160,2016,0.2445
0160,2017,0.2446
0160,2018,0.243
0160,2019,0.241
0160,2020,0.2401
0160,2021,0.2375
0160,2022,0.2334
0160,2023,0.229
0160,2024,0.2262
0160,2025,0.2228
0162,2006,0.2613
0162,2007,0.2631
0162,2008,0.26199999
0162,2009,0.2615
0162,2010,0.2617
0162,2011,0.26159999
0162,2012,0.2581
0162,2013,0.25510001
0162,2014,0.25619999
0162,2015,0.25470001
0162,2016,0.2543
0162,2017,0.25279999
0162,2018,0.25220001
0162,2019,0.25130001
0162,2020,0.24860001
0162,2021,0.24680001
0162,2022,0.2422
0162,2023,0.2357
0162,2024,0.2271
0162,2025,0.22319999
0163,2006,0.2595
0163,2007,0.2599
0163,2008,0.2595
0163,2009,0.2577
0163,2010,0.2554
0163,2011,0.25220001
0163,2012,0.25009999
0163,2013,0.24959999
0163,2014,0.2493
0163,2015,0.2492
0163,2016,0.2485
0163,2017,0.2483
0163,2018,0.2476
0163,2019,0.24779999
0163,2020,0.2455
0163,2021,0.24439999
0163,2022,0.2384
0163,2023,0.2348
0163,2024,0.23029999
0163,2025,0.2262
0180,2006,0.18960001
0180,2007,0.1895
0180,2008,0.18979999
0180,2009,0.19059999
0180,2010,0.1917
0180,2011,0.19230001
0180,2012,0.1928
0180,2013,0.1943
0180,2014,0.1955
0180,2015,0.1971
0180,2016,0.1981
0180,2017,0.1988
0180,2018,0.1992
0180,2019,0.19939999
0180,2020,0.1988
0180,2021,0.197
0180,2022,0.19400001
0180,2023,0.1919
0180,2024,0.1892
0180,2025,0.18610001
0181,2006,0.2281
0181,2007,0.22750001
0181,2008,0.2256
0181,2009,0.22400001
0181,2010,0.2227
0181,2011,0.2218
0181,2012,0.2208
0181,2013,0.2208
0181,2014,0.2209
0181,2015,0.22149999
0181,2016,0.221
0181,2017,0.221
0181,2018,0.2203
0181,2019,0.2209
0181,2020,0.2225
0181,2021,0.22220001
0181,2022,0.2192
0181,2023,0.2173
0181,2024,0.2139
0181,2025,0.212
0182,2006,0.2552
0182,2007,0.25389999
0182,2008,0.25299999
0182,2009,0.25229999
0182,2010,0.2518
0182,2011,0.25049999
0182,2012,0.2493
0182,2013,0.2489
0182,2014,0.25040001
0182,2015,0.2518
0182,2016,0.25240001
0182,2017,0.25330001
0182,2018,0.25080001
0182,2019,0.25119999
0182,2020,0.2492
0182,2021,0.2473
0182,2022,0.24349999
0182,2023,0.2392
0182,2024,0.2358
0182,2025,0.2333
0183,2006,0.1833
0183,2007,0.18350001
0183,2008,0.18359999
0183,2009,0.1841
0183,2010,0.18619999
0183,2011,0.1874
0183,2012,0.1925
0183,2013,0.1955
0183,2014,0.1955
0183,2015,0.19660001
0183,2016,0.1987
0183,2017,0.19949999
0183,2018,0.2009
0183,2019,0.2006
0183,2020,0.2006
0183,2021,0.199
0183,2022,0.19750001
0183,2023,0.1962
0183,2024,0.19490001
0183,2025,0.19220001
0184,2006,0.1561
0184,2007,0.1564
0184,2008,0.1574
0184,2009,0.1584
0184,2010,0.15979999
0184,2011,0.16150001
0184,2012,0.1654
0184,2013,0.16580001
0184,2014,0.1674
0184,2015,0.16850001
0184,2016,0.1717
0184,2017,0.1726
0184,2018,0.1734
0184,2019,0.1749
0184,2020,0.1754
0184,2021,0.1732
0184,2022,0.17129999
0184,2023,0.1725
0184,2024,0.17120001
0184,2025,0.16859999
0186,2006,0.2376
0186,2007,0.2393
0186,2008,0.23810001
0186,2009,0.2384
0186,2010,0.23899999
0186,2011,0.23909999
0186,2012,0.2378
0186,2013,0.2369
0186,2014,0.2376
0186,2015,0.2392
0186,2016,0.2387
0186,2017,0.2392
0186,2018,0.2385
0186,2019,0.2388
0186,2020,0.23630001
0186,2021,0.23360001
0186,2022,0.2296
0186,2023,0.2261
0186,2024,0.22220001
0186,2025,0.22040001
0187,2006,0.2694
0187,2007,0.26969999
0187,2008,0.26840001
0187,2009,0.26809999
0187,2010,0.26539999
0187,2011,0.26339999
0187,2012,0.25929999
0187,2013,0.25690001
0187,2014,0.2538
0187,2015,0.2554
0187,2016,0.25279999
0187,2017,0.2484
0187,2018,0.24250001
0187,2019,0.23999999
0187,2020,0.2341
0187,2021,0.2298
0187,2022,0.2235
0187,2023,0.2147
0187,2024,0.2066
0187,2025,0.2009
0188,2006,0.2096
0188,2007,0.2051
0188,2008,0.1989
0188,2009,0.1935
0188,2010,0.1881
0188,2011,0.18430001
0188,2012,0.18080001
0188,2013,0.1781
0188,2014,0.1776
0188,2015,0.1777
0188,2016,0.18009999
0188,2017,0.18179999
0188,2018,0.183
0188,2019,0.18279999
0188,2020,0.1833
0188,2021,0.18269999
0188,2022,0.1821
0188,2023,0.1803
0188,2024,0.178
0188,2025,0.1753
0191,2006,0.24089999
0191,2007,0.23909999
0191,2008,0.23649999
0191,2009,0.2335
0191,2010,0.2325
0191,2011,0.2299
0191,2012,0.22849999
0191,2013,0.2291
0191,2014,0.2306
0191,2015,0.2332
0191,2016,0.23720001
0191,2017,0.23899999
0191,2018,0.2414
0191,2019,0.2432
0191,2020,0.2437
0191,2021,0.2429
0191,2022,0.2428
0191,2023,0.2384
0191,2024,0.2366
0191,2025,0.2342
0192,2006,0.2273
0192,2007,0.22400001
0192,2008,0.2184
0192,2009,0.2137
0192,2010,0.20919999
0192,2011,0.20649999
0192,2012,0.20209999
0192,2013,0.2023
0192,2014,0.20110001
0192,2015,0.2023
0192,2016,0.2034
0192,2017,0.2052
0192,2018,0.20819999
0192,2019,0.20900001
0192,2020,0.20919999
0192,2021,0.2071
0192,2022,0.20640001
0192,2023,0.20739999
0192,2024,0.206
0192,2025,0.2034
0305,2006,0.2687
0305,2007,0.26390001
0305,2008,0.26089999
0305,2009,0.25659999
0305,2010,0.2502
0305,2011,0.2457
0305,2012,0.24160001
0305,2013,0.2379
0305,2014,0.2376
0305,2015,0.23980001
0305,2016,0.2445
0305,2017,0.244
0305,2018,0.2455
0305,2019,0.244
0305,2020,0.2421
0305,2021,0.2395
0305,2022,0.236
0305,2023,0.23289999
0305,2024,0.22840001
0305,2025,0.2255
0319,2006,0.2147
0319,2007,0.2132
0319,2008,0.20720001
0319,2009,0.1974
0319,2010,0.1963
0319,2011,0.19599999
0319,2012,0.19410001
0319,2013,0.1929
0319,2014,0.1936
0319,2015,0.19760001
0319,2016,0.19859999
0319,2017,0.2027
0319,2018,0.2058
0319,2019,0.208
0319,2020,0.21160001
0319,2021,0.2106
0319,2022,0.20819999
0319,2023,0.2042
0319,2024,0.2052
0319,2025,0.20280001
0330,2006,0.28549999
0330,2007,0.28619999
0330,2008,0.28459999
0330,2009,0.2843
0330,2010,0.28119999
0330,2011,0.2793
0330,2012,0.2807
0330,2013,0.2809
0330,2014,0.27970001
0330,2015,0.2823
0330,2016,0.2852
0330,2017,0.28839999
0330,2018,0.2868
0330,2019,0.28549999
0330,2020,0.28150001
0330,2021,0.2764
0330,2022,0.27320001
0330,2023,0.26609999
0330,2024,0.26089999
0330,2025,0.25299999
0331,2006,0.22149999
0331,2007,0.2176
0331,2008,0.20990001
0331,2009,0.20379999
0331,2010,0.19840001
0331,2011,0.1947
0331,2012,0.1911
0331,2013,0.1901
0331,2014,0.1918
0331,2015,0.1927
0331,2016,0.1969
0331,2017,0.19840001
0331,2018,0.1973
0331,2019,0.1962
0331,2020,0.199
0331,2021,0.2032
0331,2022,0.20029999
0331,2023,0.2025
0331,2024,0.2014
0331,2025,0.1982
0360,2006,0.2147
0360,2007,0.2112
0360,2008,0.2078
0360,2009,0.2023
0360,2010,0.1979
0360,2011,0.1964
0360,2012,0.1927
0360,2013,0.1911
0360,2014,0.19220001
0360,2015,0.1946
0360,2016,0.19769999
0360,2017,0.199
0360,2018,0.2034
0360,2019,0.20469999
0360,2020,0.207
0360,2021,0.20909999
0360,2022,0.20730001
0360,2023,0.20379999
0360,2024,0.20039999
0360,2025,0.1996
0380,2006,0.2078
0380,2007,0.2053
0380,2008,0.20370001
0380,2009,0.20100001
0380,2010,0.19859999
0380,2011,0.1972
0380,2012,0.1957
0380,2013,0.1955
0380,2014,0.19670001
0380,2015,0.19939999
0380,2016,0.20100001
0380,2017,0.2036
0380,2018,0.2042
0380,2019,0.2044
0380,2020,0.2036
0380,2021,0.2022
0380,2022,0.2
0380,2023,0.19769999
0380,2024,0.1954
0380,2025,0.19140001
0381,2006,0.226
0381,2007,0.2219
0381,2008,0.2181
0381,2009,0.2142
0381,2010,0.2111
0381,2011,0.2094
0381,2012,0.2088
0381,2013,0.20730001
0381,2014,0.2077
0381,2015,0.208
0381,2016,0.2123
0381,2017,0.21510001
0381,2018,0.21799999
0381,2019,0.2207
0381,2020,0.2218
0381,2021,0.2243
0381,2022,0.2235
0381,2023,0.22139999
0381,2024,0.21879999
0381,2025,0.21619999
0382,2006,0.2123
0382,2007,0.2087
0382,2008,0.20370001
0382,2009,0.198
0382,2010,0.1946
0382,2011,0.19050001
0382,2012,0.1882
0382,2013,0.1857
0382,2014,0.1841
0382,2015,0.18629999
0382,2016,0.18970001
0382,2017,0.1904
0382,2018,0.1917
0382,2019,0.19239999
0382,2020,0.19220001
0382,2021,0.1925
0382,2022,0.1921
0382,2023,0.1911
0382,2024,0.1901
0382,2025,0.1884
0428,2006,0.22920001
0428,2007,0.22409999
0428,2008,0.2165
0428,2009,0.2079
0428,2010,0.2015
0428,2011,0.1987
0428,2012,0.1964
0428,2013,0.1983
0428,2014,0.1991
0428,2015,0.1992
0428,2016,0.2023
0428,2017,0.21070001
0428,2018,0.21340001
0428,2019,0.2084
0428,2020,0.208
0428,2021,0.2045
0428,2022,0.1988
0428,2023,0.19939999
0428,2024,0.1918
0428,2025,0.1869
0461,2006,0.2335
0461,2007,0.2289
0461,2008,0.2244
0461,2009,0.22059999
0461,2010,0.2173
0461,2011,0.2119
0461,2012,0.211
0461,2013,0.2097
0461,2014,0.2095
0461,2015,0.211
0461,2016,0.2168
0461,2017,0.2212
0461,2018,0.2225
0461,2019,0.22229999
0461,2020,0.22040001
0461,2021,0.2186
0461,2022,0.2174
0461,2023,0.2145
0461,2024,0.215
0461,2025,0.2114
0480,2006,0.2087
0480,2007,0.206
0480,2008,0.2033
0480,2009,0.2014
0480,2010,0.20039999
0480,2011,0.1981
0480,2012,0.19840001
0480,2013,0.1996
0480,2014,0.20039999
0480,2015,0.2031
0480,2016,0.2067
0480,2017,0.20990001
0480,2018,0.2114
0480,2019,0.2124
0480,2020,0.21439999
0480,2021,0.2139
0480,2022,0.2132
0480,2023,0.20990001
0480,2024,0.20739999
0480,2025,0.2051
0481,2006,0.18440001
0481,2007,0.182
0481,2008,0.17839999
0481,2009,0.1751
0481,2010,0.1707
0481,2011,0.16949999
0481,2012,0.169
0481,2013,0.17020001
0481,2014,0.17299999
0481,2015,0.1754
0481,2016,0.18359999
0481,2017,0.1895
0481,2018,0.19490001
0481,2019,0.1987
0481,2020,0.2031
0481,2021,0.20280001
0481,2022,0.2032
0481,2023,0.19939999
0481,2024,0.19589999
0481,2025,0.1917
0482,2006,0.2132
0482,2007,0.2104
0482,2008,0.2071
0482,2009,0.2034
0482,2010,0.199
0482,2011,0.1991
0482,2012,0.19400001
0482,2013,0.19679999
0482,2014,0.1987
0482,2015,0.1996
0482,2016,0.2034
0482,2017,0.20649999
0482,2018,0.2076
0482,2019,0.20469999
0482,2020,0.20280001
0482,2021,0.1996
0482,2022,0.1981
0482,2023,0.19239999
0482,2024,0.1894
0482,2025,0.18440001
0483,2006,0.2119
0483,2007,0.2113
0483,2008,0.20720001
0483,2009,0.206
0483,2010,0.2025
0483,2011,0.1992
0483,2012,0.199
0483,2013,0.20290001
0483,2014,0.20649999
0483,2015,0.20990001
0483,2016,0.21259999
0483,2017,0.215
0483,2018,0.2176
0483,2019,0.2208
0483,2020,0.21780001
0483,2021,0.2159
0483,2022,0.2132
0483,2023,0.2079
0483,2024,0.2058
0483,2025,0.20200001
0484,2006,0.2093
0484,2007,0.2078
0484,2008,0.2076
0484,2009,0.20739999
0484,2010,0.2066
0484,2011,0.2058
0484,2012,0.20720001
0484,2013,0.2093
0484,2014,0.2124
0484,2015,0.21510001
0484,2016,0.2183
0484,2017,0.221
0484,2018,0.223
0484,2019,0.2234
0484,2020,0.2237
0484,2021,0.2225
0484,2022,0.2208
0484,2023,0.2174
0484,2024,0.214
0484,2025,0.21080001
0486,2006,0.2313
0486,2007,0.2272
0486,2008,0.22390001
0486,2009,0.2225
0486,2010,0.2192
0486,2011,0.2176
0486,2012,0.2165
0486,2013,0.2173
0486,2014,0.2175
0486,2015,0.219
0486,2016,0.21950001
0486,2017,0.2202
0486,2018,0.2212
0486,2019,0.223
0486,2020,0.222
0486,2021,0.2244
0486,2022,0.22239999
0486,2023,0.2181
0486,2024,0.2121
0486,2025,0.20990001
0488,2006,0.2406
0488,2007,0.23549999
0488,2008,0.2332
0488,2009,0.22759999
0488,2010,0.2233
0488,2011,0.2183
0488,2012,0.2137
0488,2013,0.21269999
0488,2014,0.2128
0488,2015,0.21089999
0488,2016,0.2132
0488,2017,0.21529999
0488,2018,0.2159
0488,2019,0.21690001
0488,2020,0.2175
0488,2021,0.2175
0488,2022,0.21699999
0488,2023,0.2157
0488,2024,0.2129
0488,2025,0.20900001
0509,2006,0.2212
0509,2007,0.213
0509,2008,0.20900001
0509,2009,0.2008
0509,2010,0.19679999
0509,2011,0.1952
0509,2012,0.1894
0509,2013,0.1857
0509,2014,0.1855
0509,2015,0.186
0509,2016,0.19509999
0509,2017,0.1965
0509,2018,0.19410001
0509,2019,0.19660001
0509,2020,0.20100001
0509,2021,0.19930001
0509,2022,0.19149999
0509,2023,0.1885
0509,2024,0.1858
0509,2025,0.1869
0512,2006,0.207
0512,2007,0.2032
0512,2008,0.1973
0512,2009,0.1928
0512,2010,0.18870001
0512,2011,0.1795
0512,2012,0.17829999
0512,2013,0.18520001
0512,2014,0.18719999
0512,2015,0.1919
0512,2016,0.1927
0512,2017,0.1939
0512,2018,0.1886
0512,2019,0.1876
0512,2020,0.1865
0512,2021,0.18700001
0512,2022,0.18709999
0512,2023,0.1795
0512,2024,0.18089999
0512,2025,0.1777
0513,2006,0.2218
0513,2007,0.2173
0513,2008,0.2133
0513,2009,0.20909999
0513,2010,0.2023
0513,2011,0.2006
0513,2012,0.1981
0513,2013,0.1989
0513,2014,0.19850001
0513,2015,0.1988
0513,2016,0.2023
0513,2017,0.2036
0513,2018,0.2013
0513,2019,0.20100001
0513,2020,0.2024
0513,2021,0.20190001
0513,2022,0.2022
0513,2023,0.2001
0513,2024,0.19939999
0513,2025,0.1955
0560,2006,0.2103
0560,2007,0.2077
0560,2008,0.20379999
0560,2009,0.19760001
0560,2010,0.1921
0560,2011,0.1919
0560,2012,0.18960001
0560,2013,0.19329999
0560,2014,0.1945
0560,2015,0.18960001
0560,2016,0.19499999
0560,2017,0.1913
0560,2018,0.19159999
0560,2019,0.1899
0560,2020,0.1864
0560,2021,0.18799999
0560,2022,0.1928
0560,2023,0.1928
0560,2024,0.19159999
0560,2025,0.1912
0561,2006,0.22679999
0561,2007,0.2226
0561,2008,0.215
0561,2009,0.2119
0561,2010,0.2067
0561,2011,0.2041
0561,2012,0.1969
0561,2013,0.19490001
0561,2014,0.1936
0561,2015,0.1948
0561,2016,0.19509999
0561,2017,0.19410001
0561,2018,0.1969
0561,2019,0.1979
0561,2020,0.1956
0561,2021,0.19490001
0561,2022,0.1963
0561,2023,0.1955
0561,2024,0.1939
0561,2025,0.1948
0562,2006,0.2035
0562,2007,0.2001
0562,2008,0.1953
0562,2009,0.1965
0562,2010,0.193
0562,2011,0.1913
0562,2012,0.1883
0562,2013,0.1904
0562,2014,0.1921
0562,2015,0.1936
0562,2016,0.1988
0562,2017,0.1989
0562,2018,0.2008
0562,2019,0.2017
0562,2020,0.20020001
0562,2021,0.2
0562,2022,0.2013
0562,2023,0.2009
0562,2024,0.1983
0562,2025,0.1972
0563,2006,0.1956
0563,2007,0.1912
0563,2008,0.18430001
0563,2009,0.1797
0563,2010,0.17309999
0563,2011,0.1671
0563,2012,0.1648
0563,2013,0.1611
0563,2014,0.1601
0563,2015,0.16590001
0563,2016,0.1699
0563,2017,0.1744
0563,2018,0.1758
0563,2019,0.17990001
0563,2020,0.175
0563,2021,0.1751
0563,2022,0.1701
0563,2023,0.1688
0563,2024,0.167
0563,2025,0.16410001
0580,2006,0.2061
0580,2007,0.2052
0580,2008,0.20460001
0580,2009,0.20190001
0580,2010,0.20020001
0580,2011,0.1992
0580,2012,0.1991
0580,2013,0.1997
0580,2014,0.2007
0580,2015,0.20299999
0580,2016,0.2044
0580,2017,0.20559999
0580,2018,0.2061
0580,2019,0.206
0580,2020,0.2054
0580,2021,0.2054
0580,2022,0.2032
0580,2023,0.2
0580,2024,0.1964
0580,2025,0.19220001
0581,2006,0.21170001
0581,2007,0.2105
0581,2008,0.2085
0581,2009,0.2075
0581,2010,0.206
0581,2011,0.20379999
0581,2012,0.2041
0581,2013,0.2067
0581,2014,0.208
0581,2015,0.2105
0581,2016,0.2124
0581,2017,0.21349999
0581,2018,0.2141
0581,2019,0.21510001
0581,2020,0.21529999
0581,2021,0.2159
0581,2022,0.2141
0581,2023,0.2106
0581,2024,0.2078
0581,2025,0.20479999
0582,2006,0.2289
0582,2007,0.2238
0582,2008,0.21960001
0582,2009,0.2149
0582,2010,0.2096
0582,2011,0.2089
0582,2012,0.2078
0582,2013,0.2043
0582,2014,0.2068
0582,2015,0.2088
0582,2016,0.2101
0582,2017,0.2141
0582,2018,0.2156
0582,2019,0.21610001
0582,2020,0.2155
0582,2021,0.2173
0582,2022,0.2163
0582,2023,0.21600001
0582,2024,0.2133
0582,2025,0.21070001
0583,2006,0.2148
0583,2007,0.21170001
0583,2008,0.2069
0583,2009,0.20299999
0583,2010,0.2022
0583,2011,0.1979
0583,2012,0.1961
0583,2013,0.19589999
0583,2014,0.19670001
0583,2015,0.1989
0583,2016,0.20280001
0583,2017,0.2059
0583,2018,0.20739999
0583,2019,0.20739999
0583,2020,0.20739999
0583,2021,0.2069
0583,2022,0.2049
0583,2023,0.204
0583,2024,0.20110001
0583,2025,0.1983
0584,2006,0.19939999
0584,2007,0.1953
0584,2008,0.1885
0584,2009,0.1821
0584,2010,0.17640001
0584,2011,0.1706
0584,2012,0.1682
0584,2013,0.1639
0584,2014,0.16429999
0584,2015,0.16339999
0584,2016,0.16429999
0584,2017,0.1671
0584,2018,0.17020001
0584,2019,0.1671
0584,2020,0.1675
0584,2021,0.1627
0584,2022,0.16249999
0584,2023,0.1613
0584,2024,0.16249999
0584,2025,0.1602
0586,2006,0.219
0586,2007,0.2176
0586,2008,0.2155
0586,2009,0.21170001
0586,2010,0.20730001
0586,2011,0.2026
0586,2012,0.20020001
0586,2013,0.2023
0586,2014,0.2023
0586,2015,0.205
0586,2016,0.2089
0586,2017,0.21349999
0586,2018,0.21359999
0586,2019,0.2158
0586,2020,0.2167
0586,2021,0.21690001
0586,2022,0.2173
0586,2023,0.2155
0586,2024,0.2132
0586,2025,0.2139
0604,2006,0.22750001
0604,2007,0.2212
0604,2008,0.214
0604,2009,0.2049
0604,2010,0.1952
0604,2011,0.1935
0604,2012,0.1937
0604,2013,0.1885
0604,2014,0.18880001
0604,2015,0.1987
0604,2016,0.2066
0604,2017,0.2146
0604,2018,0.2156
0604,2019,0.2192
0604,2020,0.2183
0604,2021,0.21969999
0604,2022,0.2192
0604,2023,0.21799999
0604,2024,0.2172
0604,2025,0.2183
0617,2006,0.2419
0617,2007,0.2394
0617,2008,0.2313
0617,2009,0.22750001
0617,2010,0.2201
0617,2011,0.2168
0617,2012,0.2132
0617,2013,0.2173
0617,2014,0.2199
0617,2015,0.2209
0617,2016,0.2193
0617,2017,0.2227
0617,2018,0.2234
0617,2019,0.2245
0617,2020,0.22400001
0617,2021,0.21960001
0617,2022,0.2137
0617,2023,0.2079
0617,2024,0.205
0617,2025,0.1998
0642,2006,0.23800001
0642,2007,0.2352
0642,2008,0.23540001
0642,2009,0.2288
0642,2010,0.2235
0642,2011,0.2228
0642,2012,0.2212
0642,2013,0.2199
0642,2014,0.2176
0642,2015,0.2227
0642,2016,0.2265
0642,2017,0.2253
0642,2018,0.2265
0642,2019,0.2247
0642,2020,0.2238
0642,2021,0.2226
0642,2022,0.2237
0642,2023,0.2237
0642,2024,0.2237
0642,2025,0.21789999
0643,2006,0.26159999
0643,2007,0.2622
0643,2008,0.26140001
0643,2009,0.259
0643,2010,0.2608
0643,2011,0.26269999
0643,2012,0.26289999
0643,2013,0.26440001
0643,2014,0.26809999
0643,2015,0.2726
0643,2016,0.27559999
0643,2017,0.27970001
0643,2018,0.28049999
0643,2019,0.28299999
0643,2020,0.28459999
0643,2021,0.28549999
0643,2022,0.27919999
0643,2023,0.27649999
0643,2024,0.27270001
0643,2025,0.27129999
0662,2006,0.2369
0662,2007,0.2343
0662,2008,0.22939999
0662,2009,0.2256
0662,2010,0.22050001
0662,2011,0.21439999
0662,2012,0.2114
0662,2013,0.21439999
0662,2014,0.21359999
0662,2015,0.2172
0662,2016,0.2194
0662,2017,0.222
0662,2018,0.2229
0662,2019,0.2236
0662,2020,0.2219
0662,2021,0.2208
0662,2022,0.21950001
0662,2023,0.2122
0662,2024,0.2112
0662,2025,0.2058
0665,2006,0.23360001
0665,2007,0.2326
0665,2008,0.23
0665,2009,0.22669999
0665,2010,0.2237
0665,2011,0.22239999
0665,2012,0.2209
0665,2013,0.22400001
0665,2014,0.2271
0665,2015,0.2279
0665,2016,0.23109999
0665,2017,0.2313
0665,2018,0.2344
0665,2019,0.23639999
0665,2020,0.236
0665,2021,0.2374
0665,2022,0.2366
0665,2023,0.23559999
0665,2024,0.235
0665,2025,0.22840001
0680,2006,0.2147
0680,2007,0.213
0680,2008,0.20999999
0680,2009,0.2075
0680,2010,0.206
0680,2011,0.2053
0680,2012,0.20550001
0680,2013,0.2058
0680,2014,0.2071
0680,2015,0.2094
0680,2016,0.2098
0680,2017,0.2113
0680,2018,0.212
0680,2019,0.2124
0680,2020,0.2123
0680,2021,0.21170001
0680,2022,0.2106
0680,2023,0.2095
0680,2024,0.2069
0680,2025,0.20479999
0682,2006,0.21780001
0682,2007,0.21699999
0682,2008,0.214
0682,2009,0.20999999
0682,2010,0.2076
0682,2011,0.2045
0682,2012,0.20280001
0682,2013,0.2067
0682,2014,0.2093
0682,2015,0.2132
0682,2016,0.21610001
0682,2017,0.22149999
0682,2018,0.2252
0682,2019,0.2247
0682,2020,0.22660001
0682,2021,0.2255
0682,2022,0.2256
0682,2023,0.2202
0682,2024,0.2184
0682,2025,0.2145
0683,2006,0.2251
0683,2007,0.2218
0683,2008,0.21879999
0683,2009,0.21520001
0683,2010,0.211
0683,2011,0.2085
0683,2012,0.20739999
0683,2013,0.20739999
0683,2014,0.2075
0683,2015,0.20919999
0683,2016,0.2101
0683,2017,0.2119
0683,2018,0.21349999
0683,2019,0.214
0683,2020,0.2124
0683,2021,0.2122
0683,2022,0.2097
0683,2023,0.2084
0683,2024,0.2076
0683,2025,0.2054
0684,2006,0.23019999
0684,2007,0.22409999
0684,2008,0.21619999
0684,2009,0.2163
0684,2010,0.21089999
0684,2011,0.2079
0684,2012,0.20730001
0684,2013,0.2078
0684,2014,0.214
0684,2015,0.21520001
0684,2016,0.2174
0684,2017,0.2238
0684,2018,0.2274
0684,2019,0.23190001
0684,2020,0.2308
0684,2021,0.2289
0684,2022,0.23029999
0684,2023,0.2305
0684,2024,0.22679999
0684,2025,0.22490001
0685,2006,0.21789999
0685,2007,0.2168
0685,2008,0.2142
0685,2009,0.2095
0685,2010,0.2059
0685,2011,0.20460001
0685,2012,0.20200001
0685,2013,0.20100001
0685,2014,0.2043
0685,2015,0.207
0685,2016,0.20990001
0685,2017,0.21170001
0685,2018,0.2131
0685,2019,0.21160001
0685,2020,0.2137
0685,2021,0.21709999
0685,2022,0.2142
0685,2023,0.2123
0685,2024,0.2115
0685,2025,0.2096
0686,2006,0.20829999
0686,2007,0.2032
0686,2008,0.19499999
0686,2009,0.19149999
0686,2010,0.1869
0686,2011,0.1869
0686,2012,0.1859
0686,2013,0.18529999
0686,2014,0.1876
0686,2015,0.1899
0686,2016,0.1954
0686,2017,0.2033
0686,2018,0.2053
0686,2019,0.2052
0686,2020,0.2051
0686,2021,0.20469999
0686,2022,0.20649999
0686,2023,0.2066
0686,2024,0.2035
0686,2025,0.1996
0687,2006,0.2158
0687,2007,0.2159
0687,2008,0.2115
0687,2009,0.2071
0687,2010,0.20479999
0687,2011,0.20209999
0687,2012,0.2014
0687,2013,0.2005
0687,2014,0.2016
0687,2015,0.2017
0687,2016,0.20389999
0687,2017,0.2077
0687,2018,0.2086
0687,2019,0.211
0687,2020,0.2104
0687,2021,0.2079
0687,2022,0.2066
0687,2023,0.2036
0687,2024,0.1999
0687,2025,0.198
0760,2006,0.20999999
0760,2007,0.20909999
0760,2008,0.2054
0760,2009,0.2007
0760,2010,0.19769999
0760,2011,0.1948
0760,2012,0.1921
0760,2013,0.1955
0760,2014,0.1962
0760,2015,0.19580001
0760,2016,0.2001
0760,2017,0.2027
0760,2018,0.2096
0760,2019,0.20990001
0760,2020,0.2113
0760,2021,0.20720001
0760,2022,0.2098
0760,2023,0.2041
0760,2024,0.20119999
0760,2025,0.19769999
0761,2006,0.2225
0761,2007,0.22139999
0761,2008,0.21969999
0761,2009,0.2183
0761,2010,0.20990001
0761,2011,0.205
0761,2012,0.2013
0761,2013,0.2049
0761,2014,0.2139
0761,2015,0.22669999
0761,2016,0.2348
0761,2017,0.2387
0761,2018,0.2431
0761,2019,0.241
0761,2020,0.23559999
0761,2021,0.23559999
0761,2022,0.2288
0761,2023,0.22679999
0761,2024,0.2219
0761,2025,0.2159
0763,2006,0.1969
0763,2007,0.19069999
0763,2008,0.18889999
0763,2009,0.1814
0763,2010,0.177
0763,2011,0.1725
0763,2012,0.17290001
0763,2013,0.1718
0763,2014,0.1759
0763,2015,0.17910001
0763,2016,0.18520001
0763,2017,0.18709999
0763,2018,0.1886
0763,2019,0.1891
0763,2020,0.18979999
0763,2021,0.1884
0763,2022,0.1886
0763,2023,0.1864
0763,2024,0.1786
0763,2025,0.1749
0764,2006,0.2189
0764,2007,0.2166
0764,2008,0.21259999
0764,2009,0.2103
0764,2010,0.208
0764,2011,0.20649999
0764,2012,0.2078
0764,2013,0.21269999
0764,2014,0.22040001
0764,2015,0.2238
0764,2016,0.2288
0764,2017,0.2322
0764,2018,0.23370001
0764,2019,0.23649999
0764,2020,0.23729999
0764,2021,0.2361
0764,2022,0.2326
0764,2023,0.2261
0764,2024,0.2229
0764,2025,0.2184
0765,2006,0.2132
0765,2007,0.214
0765,2008,0.21170001
0765,2009,0.20990001
0765,2010,0.2089
0765,2011,0.2103
0765,2012,0.20909999
0765,2013,0.20900001
0765,2014,0.21170001
0765,2015,0.2155
0765,2016,0.21969999
0765,2017,0.2296
0765,2018,0.23450001
0765,2019,0.237
0765,2020,0.2403
0765,2021,0.23899999
0765,2022,0.2387
0765,2023,0.2361
0765,2024,0.23370001
0765,2025,0.229
0767,2006,0.19760001
0767,2007,0.1974
0767,2008,0.1972
0767,2009,0.1925
0767,2010,0.1911
0767,2011,0.1868
0767,2012,0.1846
0767,2013,0.1846
0767,2014,0.186
0767,2015,0.1902
0767,2016,0.1969
0767,2017,0.204
0767,2018,0.20829999
0767,2019,0.20900001
0767,2020,0.21170001
0767,2021,0.2085
0767,2022,0.2014
0767,2023,0.19760001
0767,2024,0.19859999
0767,2025,0.1961
0780,2006,0.20829999
0780,2007,0.20819999
0780,2008,0.2079
0780,2009,0.2085
0780,2010,0.2071
0780,2011,0.2066
0780,2012,0.20739999
0780,2013,0.2103
0780,2014,0.21160001
0780,2015,0.2132
0780,2016,0.2155
0780,2017,0.2159
0780,2018,0.2173
0780,2019,0.21789999
0780,2020,0.2183
0780,2021,0.2185
0780,2022,0.2168
0780,2023,0.2155
0780,2024,0.212
0780,2025,0.2096
0781,2006,0.2133
0781,2007,0.2095
0781,2008,0.2049
0781,2009,0.20110001
0781,2010,0.1972
0781,2011,0.1948
0781,2012,0.1921
0781,2013,0.18979999
0781,2014,0.1908
0781,2015,0.1936
0781,2016,0.19490001
0781,2017,0.1987
0781,2018,0.2007
0781,2019,0.20100001
0781,2020,0.20100001
0781,2021,0.20110001
0781,2022,0.1988
0781,2023,0.1962
0781,2024,0.193
0781,2025,0.19050001
0821,2006,0.1996
0821,2007,0.19490001
0821,2008,0.1884
0821,2009,0.183
0821,2010,0.1785
0821,2011,0.1777
0821,2012,0.1778
0821,2013,0.1786
0821,2014,0.18189999
0821,2015,0.1875
0821,2016,0.2036
0821,2017,0.2078
0821,2018,0.21179999
0821,2019,0.2087
0821,2020,0.2022
0821,2021,0.2018
0821,2022,0.1999
0821,2023,0.1911
0821,2024,0.1825
0821,2025,0.17910001
0834,2006,0.2031
0834,2007,0.2036
0834,2008,0.1957
0834,2009,0.1945
0834,2010,0.1883
0834,2011,0.18170001
0834,2012,0.17910001
0834,2013,0.1752
0834,2014,0.1772
0834,2015,0.17900001
0834,2016,0.1857
0834,2017,0.1901
0834,2018,0.19059999
0834,2019,0.1899
0834,2020,0.19220001
0834,2021,0.18979999
0834,2022,0.1823
0834,2023,0.1788
0834,2024,0.1761
0834,2025,0.1732
0840,2006,0.22
0840,2007,0.2146
0840,2008,0.2089
0840,2009,0.207
0840,2010,0.2058
0840,2011,0.20479999
0840,2012,0.2051
0840,2013,0.2044
0840,2014,0.206
0840,2015,0.2062
0840,2016,0.2115
0840,2017,0.2157
0840,2018,0.2166
0840,2019,0.2148
0840,2020,0.2137
0840,2021,0.21430001
0840,2022,0.2138
0840,2023,0.21179999
0840,2024,0.20640001
0840,2025,0.2057
0860,2006,0.1971
0860,2007,0.1926
0860,2008,0.185
0860,2009,0.17829999
0860,2010,0.17299999
0860,2011,0.1691
0860,2012,0.1675
0860,2013,0.1683
0860,2014,0.17120001
0860,2015,0.1805
0860,2016,0.1962
0860,2017,0.20119999
0860,2018,0.19949999
0860,2019,0.2016
0860,2020,0.2001
0860,2021,0.1999
0860,2022,0.2034
0860,2023,0.1992
0860,2024,0.198
0860,2025,0.19419999
0861,2006,0.21430001
0861,2007,0.2059
0861,2008,0.2014
0861,2009,0.1945
0861,2010,0.18880001
0861,2011,0.186
0861,2012,0.1846
0861,2013,0.1877
0861,2014,0.1899
0861,2015,0.1936
0861,2016,0.19490001
0861,2017,0.2
0861,2018,0.2016
0861,2019,0.199
0861,2020,0.1981
0861,2021,0.1978
0861,2022,0.19769999
0861,2023,0.19419999
0861,2024,0.1892
0861,2025,0.18539999
0862,2006,0.19850001
0862,2007,0.19410001
0862,2008,0.1883
0862,2009,0.17910001
0862,2010,0.17200001
0862,2011,0.17129999
0862,2012,0.1646
0862,2013,0.1682
0862,2014,0.1723
0862,2015,0.1785
0862,2016,0.1839
0862,2017,0.1899
0862,2018,0.1904
0862,2019,0.1963
0862,2020,0.1936
0862,2021,0.1891
0862,2022,0.1869
0862,2023,0.1815
0862,2024,0.1794
0862,2025,0.1767
0880,2006,0.1983
0880,2007,0.1969
0880,2008,0.1944
0880,2009,0.19320001
0880,2010,0.1917
0880,2011,0.1901
0880,2012,0.1895
0880,2013,0.1912
0880,2014,0.19230001
0880,2015,0.19679999
0880,2016,0.1999
0880,2017,0.20200001
0880,2018,0.2031
0880,2019,0.20469999
0880,2020,0.2057
0880,2021,0.2057
0880,2022,0.2057
0880,2023,0.20550001
0880,2024,0.2041
0880,2025,0.20209999
0881,2006,0.19850001
0881,2007,0.1929
0881,2008,0.18870001
0881,2009,0.1832
0881,2010,0.182
0881,2011,0.1825
0881,2012,0.1794
0881,2013,0.17820001
0881,2014,0.1806
0881,2015,0.1856
0881,2016,0.19490001
0881,2017,0.2007
0881,2018,0.2035
0881,2019,0.20209999
0881,2020,0.20379999
0881,2021,0.20479999
0881,2022,0.20460001
0881,2023,0.2032
0881,2024,0.2022
0881,2025,0.1983
0882,2006,0.2067
0882,2007,0.2052
0882,2008,0.1997
0882,2009,0.1962
0882,2010,0.1946
0882,2011,0.1929
0882,2012,0.1908
0882,2013,0.1913
0882,2014,0.19239999
0882,2015,0.19419999
0882,2016,0.19859999
0882,2017,0.1989
0882,2018,0.20290001
0882,2019,0.2036
0882,2020,0.20290001
0882,2021,0.2031
0882,2022,0.2005
0882,2023,0.19760001
0882,2024,0.19499999
0882,2025,0.1917
0883,2006,0.1956
0883,2007,0.1928
0883,2008,0.18880001
0883,2009,0.186
0883,2010,0.1814
0883,2011,0.1768
0883,2012,0.1753
0883,2013,0.175
0883,2014,0.1761
0883,2015,0.178
0883,2016,0.1811
0883,2017,0.18269999
0883,2018,0.1848
0883,2019,0.185
0883,2020,0.1846
0883,2021,0.1839
0883,2022,0.1831
0883,2023,0.1832
0883,2024,0.18260001
0883,2025,0.17990001
0884,2006,0.21610001
0884,2007,0.21089999
0884,2008,0.20640001
0884,2009,0.20290001
0884,2010,0.1963
0884,2011,0.19159999
0884,2012,0.1891
0884,2013,0.1873
0884,2014,0.1876
0884,2015,0.19159999
0884,2016,0.1965
0884,2017,0.1963
0884,2018,0.198
0884,2019,0.1979
0884,2020,0.2001
0884,2021,0.19850001
0884,2022,0.19670001
0884,2023,0.19580001
0884,2024,0.1944
0884,2025,0.19239999
0885,2006,0.1824
0885,2007,0.1787
0885,2008,0.17460001
0885,2009,0.1698
0885,2010,0.164
0885,2011,0.1591
0885,2012,0.1621
0885,2013,0.15360001
0885,2014,0.1541
0885,2015,0.1525
0885,2016,0.15970001
0885,2017,0.1584
0885,2018,0.1574
0885,2019,0.1522
0885,2020,0.1488
0885,2021,0.1488
0885,2022,0.1444
0885,2023,0.1415
0885,2024,0.14
0885,2025,0.1354
0980,2006,0.2053
0980,2007,0.1996
0980,2008,0.193
0980,2009,0.1892
0980,2010,0.1858
0980,2011,0.18170001
0980,2012,0.17990001
0980,2013,0.17919999
0980,2014,0.1794
0980,2015,0.1797
0980,2016,0.18260001
0980,2017,0.184
0980,2018,0.1857
0980,2019,0.1859
0980,2020,0.18430001
0980,2021,0.1841
0980,2022,0.184
0980,2023,0.183
0980,2024,0.18189999
0980,2025,0.18089999
1060,2006,0.205
1060,2007,0.1982
1060,2008,0.1918
1060,2009,0.1838
1060,2010,0.17649999
1060,2011,0.1714
1060,2012,0.16940001
1060,2013,0.169
1060,2014,0.17020001
1060,2015,0.1761
1060,2016,0.1829
1060,2017,0.1881
1060,2018,0.1913
1060,2019,0.19050001
1060,2020,0.1883
1060,2021,0.1859
1060,2022,0.184
1060,2023,0.17919999
1060,2024,0.177
1060,2025,0.17659999
1080,2006,0.20810001
1080,2007,0.207
1080,2008,0.20640001
1080,2009,0.2043
1080,2010,0.2018
1080,2011,0.20020001
1080,2012,0.2006
1080,2013,0.20200001
1080,2014,0.2045
1080,2015,0.2058
1080,2016,0.2067
1080,2017,0.2077
1080,2018,0.20730001
1080,2019,0.2077
1080,2020,0.20559999
1080,2021,0.2045
1080,2022,0.20190001
1080,2023,0.1983
1080,2024,0.19419999
1080,2025,0.1899
1081,2006,0.1948
1081,2007,0.1934
1081,2008,0.18880001
1081,2009,0.1869
1081,2010,0.1848
1081,2011,0.1846
1081,2012,0.1857
1081,2013,0.18780001
1081,2014,0.19320001
1081,2015,0.1996
1081,2016,0.20630001
1081,2017,0.2106
1081,2018,0.2145
1081,2019,0.2173
1081,2020,0.2155
1081,2021,0.21529999
1081,2022,0.21349999
1081,2023,0.21259999
1081,2024,0.20640001
1081,2025,0.20209999
1082,2006,0.1953
1082,2007,0.19329999
1082,2008,0.1901
1082,2009,0.1883
1082,2010,0.1851
1082,2011,0.18359999
1082,2012,0.183
1082,2013,0.18440001
1082,2014,0.1869
1082,2015,0.1891
1082,2016,0.192
1082,2017,0.1946
1082,2018,0.1957
1082,2019,0.1969
1082,2020,0.1964
1082,2021,0.1954
1082,2022,0.19509999
1082,2023,0.1928
1082,2024,0.19159999
1082,2025,0.1892
1083,2006,0.1998
1083,2007,0.1979
1083,2008,0.19490001
1083,2009,0.1904
1083,2010,0.1874
1083,2011,0.18700001
1083,2012,0.18629999
1083,2013,0.18780001
1083,2014,0.18799999
1083,2015,0.1893
1083,2016,0.19310001
1083,2017,0.1946
1083,2018,0.192
1083,2019,0.1901
1083,2020,0.1874
1083,2021,0.18610001
1083,2022,0.1848
1083,2023,0.1807
1083,2024,0.1787
1083,2025,0.1762
1214,2006,0.2367
1214,2007,0.23190001
1214,2008,0.2291
1214,2009,0.22750001
1214,2010,0.2236
1214,2011,0.21799999
1214,2012,0.21359999
1214,2013,0.21179999
1214,2014,0.2173
1214,2015,0.2184
1214,2016,0.2262
1214,2017,0.2278
1214,2018,0.2308
1214,2019,0.2342
1214,2020,0.2335
1214,2021,0.23289999
1214,2022,0.2334
1214,2023,0.2304
1214,2024,0.2271
1214,2025,0.2247
1230,2006,0.2561
1230,2007,0.25299999
1230,2008,0.25279999
1230,2009,0.25139999
1230,2010,0.2491
1230,2011,0.2476
1230,2012,0.2471
1230,2013,0.2466
1230,2014,0.24950001
1230,2015,0.25170001
1230,2016,0.25650001
1230,2017,0.25889999
1230,2018,0.2608
1230,2019,0.26499999
1230,2020,0.2647
1230,2021,0.264
1230,2022,0.26370001
1230,2023,0.2606
1230,2024,0.25960001
1230,2025,0.2581
1231,2006,0.23
1231,2007,0.2279
1231,2008,0.22490001
1231,2009,0.2238
1231,2010,0.2238
1231,2011,0.2265
1231,2012,0.2256
1231,2013,0.22570001
1231,2014,0.2289
1231,2015,0.2324
1231,2016,0.23540001
1231,2017,0.2403
1231,2018,0.2406
1231,2019,0.24259999
1231,2020,0.23989999
1231,2021,0.2404
1231,2022,0.23729999
1231,2023,0.23630001
1231,2024,0.2368
1231,2025,0.2342
1233,2006,0.2467
1233,2007,0.24600001
1233,2008,0.2422
1233,2009,0.241
1233,2010,0.2383
1233,2011,0.2352
1233,2012,0.2324
1233,2013,0.2314
1233,2014,0.23100001
1233,2015,0.2322
1233,2016,0.23379999
1233,2017,0.2357
1233,2018,0.2383
1233,2019,0.2367
1233,2020,0.237
1233,2021,0.2357
1233,2022,0.23540001
1233,2023,0.23289999
1233,2024,0.2315
1233,2025,0.2308
1256,2006,0.2261
1256,2007,0.2164
1256,2008,0.2111
1256,2009,0.2044
1256,2010,0.20039999
1256,2011,0.1972
1256,2012,0.19419999
1256,2013,0.1971
1256,2014,0.2009
1256,2015,0.2058
1256,2016,0.2111
1256,2017,0.2208
1256,2018,0.2286
1256,2019,0.2332
1256,2020,0.234
1256,2021,0.2326
1256,2022,0.2226
1256,2023,0.2199
1256,2024,0.2129
1256,2025,0.20630001
1257,2006,0.21359999
1257,2007,0.2054
1257,2008,0.20370001
1257,2009,0.2007
1257,2010,0.1979
1257,2011,0.1962
1257,2012,0.1921
1257,2013,0.1909
1257,2014,0.19140001
1257,2015,0.192
1257,2016,0.19419999
1257,2017,0.1979
1257,2018,0.2018
1257,2019,0.2044
1257,2020,0.20550001
1257,2021,0.2042
1257,2022,0.2031
1257,2023,0.2025
1257,2024,0.19769999
1257,2025,0.19419999
1260,2006,0.2376
1260,2007,0.2341
1260,2008,0.2333
1260,2009,0.2291
1260,2010,0.22679999
1260,2011,0.22390001
1260,2012,0.2244
1260,2013,0.2208
1260,2014,0.22130001
1260,2015,0.22130001
1260,2016,0.2274
1260,2017,0.2306
1260,2018,0.2326
1260,2019,0.23710001
1260,2020,0.2353
1260,2021,0.2344
1260,2022,0.2322
1260,2023,0.2298
1260,2024,0.22589999
1260,2025,0.22409999
1261,2006,0.2492
1261,2007,0.24869999
1261,2008,0.2471
1261,2009,0.2464
1261,2010,0.2466
1261,2011,0.2463
1261,2012,0.2456
1261,2013,0.2476
1261,2014,0.2491
1261,2015,0.2493
1261,2016,0.2509
1261,2017,0.2529
1261,2018,0.25479999
1261,2019,0.2554
1261,2020,0.25529999
1261,2021,0.25279999
1261,2022,0.2493
1261,2023,0.24510001
1261,2024,0.2404
1261,2025,0.23720001
1262,2006,0.25009999
1262,2007,0.2525
1262,2008,0.25389999
1262,2009,0.25389999
1262,2010,0.25279999
1262,2011,0.25389999
1262,2012,0.25409999
1262,2013,0.25479999
1262,2014,0.25799999
1262,2015,0.2595
1262,2016,0.2642
1262,2017,0.26570001
1262,2018,0.26640001
1262,2019,0.26820001
1262,2020,0.26570001
1262,2021,0.26370001
1262,2022,0.25999999
1262,2023,0.2572
1262,2024,0.2489
1262,2025,0.244
1263,2006,0.2518
1263,2007,0.25240001
1263,2008,0.25099999
1263,2009,0.2484
1263,2010,0.24770001
1263,2011,0.2441
1263,2012,0.2455
1263,2013,0.2467
1263,2014,0.24869999
1263,2015,0.25189999
1263,2016,0.25600001
1263,2017,0.25870001
1263,2018,0.26010001
1263,2019,0.26350001
1263,2020,0.2651
1263,2021,0.26609999
1263,2022,0.26769999
1263,2023,0.26710001
1263,2024,0.26429999
1263,2025,0.26300001
1264,2006,0.23630001
1264,2007,0.23469999
1264,2008,0.23010001
1264,2009,0.22409999
1264,2010,0.2219
1264,2011,0.21960001
1264,2012,0.2164
1264,2013,0.2157
1264,2014,0.2157
1264,2015,0.2149
1264,2016,0.21690001
1264,2017,0.2201
1264,2018,0.2198
1264,2019,0.21799999
1264,2020,0.2176
1264,2021,0.21789999
1264,2022,0.2198
1264,2023,0.22040001
1264,2024,0.2193
1264,2025,0.21619999
1265,2006,0.2129
1265,2007,0.20900001
1265,2008,0.2041
1265,2009,0.2005
1265,2010,0.19580001
1265,2011,0.1925
1265,2012,0.1938
1265,2013,0.19159999
1265,2014,0.19320001
1265,2015,0.1948
1265,2016,0.1961
1265,2017,0.2006
1265,2018,0.20190001
1265,2019,0.2006
1265,2020,0.2026
1265,2021,0.2013
1265,2022,0.20020001
1265,2023,0.2001
1265,2024,0.1971
1265,2025,0.1947
1266,2006,0.2128
1266,2007,0.2098
1266,2008,0.2075
1266,2009,0.2013
1266,2010,0.1983
1266,2011,0.1965
1266,2012,0.19499999
1266,2013,0.19580001
1266,2014,0.1943
1266,2015,0.1983
1266,2016,0.2009
1266,2017,0.2076
1266,2018,0.2069
1266,2019,0.20720001
1266,2020,0.2071
1266,2021,0.207
1266,2022,0.20550001
1266,2023,0.20029999
1266,2024,0.1981
1266,2025,0.1962
1267,2006,0.2313
1267,2007,0.22759999
1267,2008,0.22229999
1267,2009,0.2194
1267,2010,0.219
1267,2011,0.21619999
1267,2012,0.21690001
1267,2013,0.2177
1267,2014,0.2177
1267,2015,0.2174
1267,2016,0.2194
1267,2017,0.22319999
1267,2018,0.2252
1267,2019,0.22400001
1267,2020,0.2242
1267,2021,0.2245
1267,2022,0.2233
1267,2023,0.2242
1267,2024,0.2245
1267,2025,0.2247
1270,2006,0.1992
1270,2007,0.19859999
1270,2008,0.19769999
1270,2009,0.1937
1270,2010,0.19490001
1270,2011,0.19310001
1270,2012,0.19230001
1270,2013,0.1946
1270,2014,0.1979
1270,2015,0.1999
1270,2016,0.2009
1270,2017,0.1998
1270,2018,0.2025
1270,2019,0.20119999
1270,2020,0.20110001
1270,2021,0.2035
1270,2022,0.2016
1270,2023,0.1974
1270,2024,0.19230001
1270,2025,0.1891
1272,2006,0.2142
1272,2007,0.21089999
1272,2008,0.2089
1272,2009,0.205
1272,2010,0.2025
1272,2011,0.2027
1272,2012,0.1989
1272,2013,0.2023
1272,2014,0.2035
1272,2015,0.2059
1272,2016,0.20900001
1272,2017,0.2122
1272,2018,0.21600001
1272,2019,0.2155
1272,2020,0.2124
1272,2021,0.2123
1272,2022,0.2097
1272,2023,0.2032
1272,2024,0.1974
1272,2025,0.1956
1273,2006,0.2105
1273,2007,0.2087
1273,2008,0.2058
1273,2009,0.20190001
1273,2010,0.2017
1273,2011,0.1992
1273,2012,0.1954
1273,2013,0.1965
1273,2014,0.1989
1273,2015,0.20020001
1273,2016,0.20299999
1273,2017,0.2034
1273,2018,0.2069
1273,2019,0.2094
1273,2020,0.2085
1273,2021,0.2078
1273,2022,0.2085
1273,2023,0.2052
1273,2024,0.2032
1273,2025,0.1996
1275,2006,0.2194
1275,2007,0.2155
1275,2008,0.2115
1275,2009,0.21089999
1275,2010,0.2023
1275,2011,0.208
1275,2012,0.20039999
1275,2013,0.20119999
1275,2014,0.2059
1275,2015,0.208
1275,2016,0.2168
1275,2017,0.21799999
1275,2018,0.22400001
1275,2019,0.2228
1275,2020,0.2237
1275,2021,0.2332
1275,2022,0.2323
1275,2023,0.2306
1275,2024,0.2245
1275,2025,0.2139
1276,2006,0.2121
1276,2007,0.2103
1276,2008,0.2059
1276,2009,0.2016
1276,2010,0.20119999
1276,2011,0.1999
1276,2012,0.199
1276,2013,0.1983
1276,2014,0.197
1276,2015,0.19750001
1276,2016,0.1999
1276,2017,0.2042
1276,2018,0.20290001
1276,2019,0.204
1276,2020,0.2043
1276,2021,0.2035
1276,2022,0.2051
1276,2023,0.20209999
1276,2024,0.1982
1276,2025,0.19509999
1277,2006,0.2436
1277,2007,0.24250001
1277,2008,0.2403
1277,2009,0.23720001
1277,2010,0.2352
1277,2011,0.2342
1277,2012,0.23010001
1277,2013,0.23010001
1277,2014,0.2308
1277,2015,0.2362
1277,2016,0.2403
1277,2017,0.2475
1277,2018,0.24529999
1277,2019,0.24680001
1277,2020,0.252
1277,2021,0.25440001
1277,2022,0.24879999
1277,2023,0.2458
1277,2024,0.24089999
1277,2025,0.2384
1278,2006,0.1859
1278,2007,0.18269999
1278,2008,0.1794
1278,2009,0.1752
1278,2010,0.171
1278,2011,0.16949999
1278,2012,0.17
1278,2013,0.16760001
1278,2014,0.1693
1278,2015,0.1716
1278,2016,0.17290001
1278,2017,0.17649999
1278,2018,0.1752
1278,2019,0.178
1278,2020,0.1771
1278,2021,0.1779
1278,2022,0.1798
1278,2023,0.18000001
1278,2024,0.178
1278,2025,0.1761
1280,2006,0.1912
1280,2007,0.19050001
1280,2008,0.191
1280,2009,0.19140001
1280,2010,0.1929
1280,2011,0.1945
1280,2012,0.19670001
1280,2013,0.19930001
1280,2014,0.2022
1280,2015,0.2053
1280,2016,0.20810001
1280,2017,0.2105
1280,2018,0.21269999
1280,2019,0.2138
1280,2020,0.2141
1280,2021,0.2138
1280,2022,0.2121
1280,2023,0.2094
1280,2024,0.2069
1280,2025,0.20379999
1281,2006,0.19410001
1281,2007,0.19310001
1281,2008,0.191
1281,2009,0.189
1281,2010,0.18880001
1281,2011,0.18870001
1281,2012,0.19
1281,2013,0.1909
1281,2014,0.19220001
1281,2015,0.19419999
1281,2016,0.19670001
1281,2017,0.1992
1281,2018,0.20119999
1281,2019,0.2
1281,2020,0.197
1281,2021,0.19509999
1281,2022,0.19220001
1281,2023,0.1891
1281,2024,0.18440001
1281,2025,0.1794
1282,2006,0.205
1282,2007,0.2041
1282,2008,0.20190001
1282,2009,0.2022
1282,2010,0.20280001
1282,2011,0.20479999
1282,2012,0.2062
1282,2013,0.2084
1282,2014,0.2103
1282,2015,0.213
1282,2016,0.21529999
1282,2017,0.2191
1282,2018,0.2192
1282,2019,0.21950001
1282,2020,0.2199
1282,2021,0.2199
1282,2022,0.21799999
1282,2023,0.2156
1282,2024,0.21430001
1282,2025,0.2112
1283,2006,0.20370001
1283,2007,0.2026
1283,2008,0.2022
1283,2009,0.2007
1283,2010,0.1992
1283,2011,0.1979
1283,2012,0.19859999
1283,2013,0.1999
1283,2014,0.20209999
1283,2015,0.2053
1283,2016,0.20739999
1283,2017,0.2103
1283,2018,0.21179999
1283,2019,0.2131
1283,2020,0.2137
1283,2021,0.2138
1283,2022,0.2128
1283,2023,0.2113
1283,2024,0.2096
1283,2025,0.2075
1284,2006,0.21780001
1284,2007,0.2174
1284,2008,0.215
1284,2009,0.2113
1284,2010,0.21080001
1284,2011,0.2102
1284,2012,0.2104
1284,2013,0.2103
1284,2014,0.2098
1284,2015,0.2097
1284,2016,0.2104
1284,2017,0.2113
1284,2018,0.211
1284,2019,0.21089999
1284,2020,0.2101
1284,2021,0.2079
1284,2022,0.2089
1284,2023,0.2061
1284,2024,0.2015
1284,2025,0.2001
1285,2006,0.2317
1285,2007,0.2298
1285,2008,0.22660001
1285,2009,0.2254
1285,2010,0.2234
1285,2011,0.2212
1285,2012,0.2175
1285,2013,0.2189
1285,2014,0.2191
1285,2015,0.2219
1285,2016,0.22490001
1285,2017,0.22589999
1285,2018,0.2282
1285,2019,0.2306
1285,2020,0.23019999
1285,2021,0.2307
1285,2022,0.2291
1285,2023,0.227
1285,2024,0.22400001
1285,2025,0.2209
1286,2006,0.1885
1286,2007,0.18629999
1286,2008,0.1833
1286,2009,0.1802
1286,2010,0.1772
1286,2011,0.17550001
1286,2012,0.17479999
1286,2013,0.1762
1286,2014,0.1752
1286,2015,0.1776
1286,2016,0.1812
1286,2017,0.18440001
1286,2018,0.18449999
1286,2019,0.1851
1286,2020,0.185
1286,2021,0.186
1286,2022,0.18610001
1286,2023,0.1849
1286,2024,0.184
1286,2025,0.1821
1287,2006,0.2156
1287,2007,0.2129
1287,2008,0.2115
1287,2009,0.2085
1287,2010,0.2062
1287,2011,0.2035
1287,2012,0.20280001
1287,2013,0.2033
1287,2014,0.2034
1287,2015,0.20460001
1287,2016,0.2066
1287,2017,0.2101
1287,2018,0.21070001
1287,2019,0.21179999
1287,2020,0.21340001
1287,2021,0.21439999
1287,2022,0.21250001
1287,2023,0.2106
1287,2024,0.20900001
1287,2025,0.2071
1290,2006,0.21089999
1290,2007,0.20900001
1290,2008,0.2077
1290,2009,0.2053
1290,2010,0.2035
1290,2011,0.20280001
1290,2012,0.2027
1290,2013,0.2031
1290,2014,0.20469999
1290,2015,0.2058
1290,2016,0.20739999
1290,2017,0.2098
1290,2018,0.2112
1290,2019,0.21089999
1290,2020,0.2121
1290,2021,0.2132
1290,2022,0.2119
1290,2023,0.2096
1290,2024,0.2069
1290,2025,0.2024
1291,2006,0.18709999
1291,2007,0.18170001
1291,2008,0.1776
1291,2009,0.1727
1291,2010,0.1663
1291,2011,0.1617
1291,2012,0.15700001
1291,2013,0.15360001
1291,2014,0.1533
1291,2015,0.1557
1291,2016,0.1601
1291,2017,0.1612
1291,2018,0.1604
1291,2019,0.1595
1291,2020,0.1582
1291,2021,0.1573
1291,2022,0.1561
1291,2023,0.15459999
1291,2024,0.1551
1291,2025,0.1516
1292,2006,0.2078
1292,2007,0.20550001
1292,2008,0.2027
1292,2009,0.20039999
1292,2010,0.1972
1292,2011,0.1944
1292,2012,0.1928
1292,2013,0.1919
1292,2014,0.1926
1292,2015,0.1944
1292,2016,0.1981
1292,2017,0.20200001
1292,2018,0.2044
1292,2019,0.20550001
1292,2020,0.208
1292,2021,0.2067
1292,2022,0.20630001
1292,2023,0.2034
1292,2024,0.20200001
1292,2025,0.1987
1293,2006,0.21080001
1293,2007,0.20900001
1293,2008,0.2054
1293,2009,0.2025
1293,2010,0.19750001
1293,2011,0.19509999
1293,2012,0.19509999
1293,2013,0.19320001
1293,2014,0.1938
1293,2015,0.1974
1293,2016,0.1998
1293,2017,0.20100001
1293,2018,0.2016
1293,2019,0.2025
1293,2020,0.2031
1293,2021,0.204
1293,2022,0.20389999
1293,2023,0.2024
1293,2024,0.2008
1293,2025,0.1992
1315,2006,0.2308
1315,2007,0.2265
1315,2008,0.221
1315,2009,0.21789999
1315,2010,0.2095
1315,2011,0.20630001
1315,2012,0.206
1315,2013,0.20379999
1315,2014,0.2113
1315,2015,0.219
1315,2016,0.2332
1315,2017,0.2339
1315,2018,0.2333
1315,2019,0.2313
1315,2020,0.2291
1315,2021,0.22669999
1315,2022,0.22480001
1315,2023,0.22040001
1315,2024,0.21349999
1315,2025,0.2088
1380,2006,0.2061
1380,2007,0.20370001
1380,2008,0.20110001
1380,2009,0.1978
1380,2010,0.19660001
1380,2011,0.1945
1380,2012,0.19410001
1380,2013,0.1943
1380,2014,0.19670001
1380,2015,0.1997
1380,2016,0.2026
1380,2017,0.2049
1380,2018,0.2066
1380,2019,0.20819999
1380,2020,0.2095
1380,2021,0.2101
1380,2022,0.20909999
1380,2023,0.20720001
1380,2024,0.20550001
1380,2025,0.20290001
1381,2006,0.2142
1381,2007,0.2088
1381,2008,0.2044
1381,2009,0.2001
1381,2010,0.19679999
1381,2011,0.1928
1381,2012,0.1911
1381,2013,0.1926
1381,2014,0.1944
1381,2015,0.1979
1381,2016,0.2027
1381,2017,0.2051
1381,2018,0.20739999
1381,2019,0.2086
1381,2020,0.2049
1381,2021,0.2052
1381,2022,0.20460001
1381,2023,0.2024
1381,2024,0.2014
1381,2025,0.20110001
1382,2006,0.21969999
1382,2007,0.21610001
1382,2008,0.2123
1382,2009,0.2086
1382,2010,0.20550001
1382,2011,0.20200001
1382,2012,0.1996
1382,2013,0.19840001
1382,2014,0.198
1382,2015,0.1992
1382,2016,0.20209999
1382,2017,0.2032
1382,2018,0.2053
1382,2019,0.2057
1382,2020,0.20630001
1382,2021,0.2075
1382,2022,0.20739999
1382,2023,0.20730001
1382,2024,0.2058
1382,2025,0.2044
1383,2006,0.21780001
1383,2007,0.2142
1383,2008,0.2104
1383,2009,0.2079
1383,2010,0.2059
1383,2011,0.2044
1383,2012,0.20209999
1383,2013,0.2017
1383,2014,0.2016
1383,2015,0.2015
1383,2016,0.20460001
1383,2017,0.20640001
1383,2018,0.2077
1383,2019,0.2087
1383,2020,0.2086
1383,2021,0.2076
1383,2022,0.20739999
1383,2023,0.2058
1383,2024,0.20370001
1383,2025,0.2022
1384,2006,0.2615
1384,2007,0.2586
1384,2008,0.25400001
1384,2009,0.2509
1384,2010,0.2481
1384,2011,0.2447
1384,2012,0.24250001
1384,2013,0.2414
1384,2014,0.2428
1384,2015,0.242
1384,2016,0.242
1384,2017,0.2429
1384,2018,0.243
1384,2019,0.2422
1384,2020,0.2401
1384,2021,0.23890001
1384,2022,0.23729999
1384,2023,0.2332
1384,2024,0.2289
1384,2025,0.2245
1401,2006,0.26969999
1401,2007,0.26679999
1401,2008,0.2656
1401,2009,0.2626
1401,2010,0.26190001
1401,2011,0.2599
1401,2012,0.25850001
1401,2013,0.2595
1401,2014,0.25850001
1401,2015,0.25920001
1401,2016,0.26179999
1401,2017,0.26100001
1401,2018,0.2617
1401,2019,0.26269999
1401,2020,0.2622
1401,2021,0.26050001
1401,2022,0.25639999
1401,2023,0.2525
1401,2024,0.2489
1401,2025,0.2437
1402,2006,0.2536
1402,2007,0.2499
1402,2008,0.2455
1402,2009,0.24160001
1402,2010,0.2396
1402,2011,0.2374
1402,2012,0.23639999
1402,2013,0.2377
1402,2014,0.2383
1402,2015,0.2397
1402,2016,0.2414
1402,2017,0.2419
1402,2018,0.2419
1402,2019,0.24089999
1402,2020,0.24240001
1402,2021,0.24339999
1402,2022,0.2432
1402,2023,0.24259999
1402,2024,0.2402
1402,2025,0.2392
1407,2006,0.2438
1407,2007,0.2394
1407,2008,0.2357
1407,2009,0.2315
1407,2010,0.2269
1407,2011,0.2237
1407,2012,0.21879999
1407,2013,0.2163
1407,2014,0.2138
1407,2015,0.2137
1407,2016,0.2129
1407,2017,0.2113
1407,2018,0.2114
1407,2019,0.2085
1407,2020,0.204
1407,2021,0.2005
1407,2022,0.19589999
1407,2023,0.193
1407,2024,0.18889999
1407,2025,0.1856
1415,2006,0.2481
1415,2007,0.2458
1415,2008,0.2414
1415,2009,0.2359
1415,2010,0.23379999
1415,2011,0.2323
1415,2012,0.2315
1415,2013,0.23119999
1415,2014,0.2314
1415,2015,0.2297
1415,2016,0.2286
1415,2017,0.2298
1415,2018,0.2299
1415,2019,0.23010001
1415,2020,0.2291
1415,2021,0.2271
1415,2022,0.2277
1415,2023,0.2229
1415,2024,0.2194
1415,2025,0.2166
1419,2006,0.21430001
1419,2007,0.20990001
1419,2008,0.2034
1419,2009,0.1991
1419,2010,0.1928
1419,2011,0.1883
1419,2012,0.1837
1419,2013,0.18189999
1419,2014,0.18350001
1419,2015,0.1867
1419,2016,0.1891
1419,2017,0.1918
1419,2018,0.1945
1419,2019,0.1947
1419,2020,0.1955
1419,2021,0.1957
1419,2022,0.1938
1419,2023,0.19140001
1419,2024,0.1866
1419,2025,0.1847
1421,2006,0.2043
1421,2007,0.1983
1421,2008,0.19310001
1421,2009,0.189
1421,2010,0.1839
1421,2011,0.1802
1421,2012,0.17919999
1421,2013,0.1761
1421,2014,0.17560001
1421,2015,0.1737
1421,2016,0.1737
1421,2017,0.17309999
1421,2018,0.1728
1421,2019,0.1733
1421,2020,0.1718
1421,2021,0.1751
1421,2022,0.1741
1421,2023,0.17290001
1421,2024,0.1715
1421,2025,0.17129999
1427,2006,0.1803
1427,2007,0.1771
1427,2008,0.1741
1427,2009,0.17110001
1427,2010,0.16419999
1427,2011,0.16140001
1427,2012,0.1576
1427,2013,0.153
1427,2014,0.1495
1427,2015,0.14820001
1427,2016,0.148
1427,2017,0.1463
1427,2018,0.1451
1427,2019,0.1468
1427,2020,0.1437
1427,2021,0.1417
1427,2022,0.13950001
1427,2023,0.139
1427,2024,0.1399
1427,2025,0.1366
1430,2006,0.20810001
1430,2007,0.2069
1430,2008,0.20630001
1430,2009,0.2016
1430,2010,0.1987
1430,2011,0.1953
1430,2012,0.1961
1430,2013,0.19509999
1430,2014,0.1944
1430,2015,0.1944
1430,2016,0.1989
1430,2017,0.20550001
1430,2018,0.2061
1430,2019,0.20640001
1430,2020,0.207
1430,2021,0.2045
1430,2022,0.20299999
1430,2023,0.2023
1430,2024,0.19850001
1430,2025,0.1956
1435,2006,0.1987
1435,2007,0.1899
1435,2008,0.1856
1435,2009,0.1831
1435,2010,0.1798
1435,2011,0.17569999
1435,2012,0.1736
1435,2013,0.17200001
1435,2014,0.17219999
1435,2015,0.1753
1435,2016,0.1798
1435,2017,0.1851
1435,2018,0.18619999
1435,2019,0.1865
1435,2020,0.1832
1435,2021,0.183
1435,2022,0.1822
1435,2023,0.1788
1435,2024,0.17470001
1435,2025,0.1705
1438,2006,0.2111
1438,2007,0.2071
1438,2008,0.1936
1438,2009,0.1882
1438,2010,0.1812
1438,2011,0.18189999
1438,2012,0.1797
1438,2013,0.1855
1438,2014,0.186
1438,2015,0.1909
1438,2016,0.18970001
1438,2017,0.1883
1438,2018,0.19159999
1438,2019,0.19140001
1438,2020,0.1909
1438,2021,0.18709999
1438,2022,0.18520001
1438,2023,0.18000001
1438,2024,0.17820001
1438,2025,0.1779
1439,2006,0.21600001
1439,2007,0.2119
1439,2008,0.20819999
1439,2009,0.2057
1439,2010,0.1971
1439,2011,0.1935
1439,2012,0.1903
1439,2013,0.1904
1439,2014,0.1909
1439,2015,0.19509999
1439,2016,0.197
1439,2017,0.1965
1439,2018,0.1956
1439,2019,0.19769999
1439,2020,0.1997
1439,2021,0.1982
1439,2022,0.19509999
1439,2023,0.18979999
1439,2024,0.1902
1439,2025,0.18870001
1440,2006,0.2494
1440,2007,0.2467
1440,2008,0.2412
1440,2009,0.23810001
1440,2010,0.2352
1440,2011,0.2326
1440,2012,0.2307
1440,2013,0.22930001
1440,2014,0.23029999
1440,2015,0.23010001
1440,2016,0.233
1440,2017,0.2374
1440,2018,0.2385
1440,2019,0.2429
1440,2020,0.2428
1440,2021,0.2464
1440,2022,0.2454
1440,2023,0.243
1440,2024,0.24070001
1440,2025,0.23989999
1441,2006,0.26789999
1441,2007,0.26640001
1441,2008,0.26390001
1441,2009,0.25909999
1441,2010,0.25510001
1441,2011,0.25229999
1441,2012,0.25060001
1441,2013,0.2498
1441,2014,0.25209999
1441,2015,0.2543
1441,2016,0.25639999
1441,2017,0.25830001
1441,2018,0.2606
1441,2019,0.2615
1441,2020,0.26300001
1441,2021,0.2638
1441,2022,0.26100001
1441,2023,0.2572
1441,2024,0.2543
1441,2025,0.25310001
1442,2006,0.2394
1442,2007,0.2386
1442,2008,0.23459999
1442,2009,0.22849999
1442,2010,0.2233
1442,2011,0.22050001
1442,2012,0.21950001
1442,2013,0.2166
1442,2014,0.2192
1442,2015,0.21610001
1442,2016,0.2185
1442,2017,0.2227
1442,2018,0.2234
1442,2019,0.22579999
1442,2020,0.2264
1442,2021,0.23019999
1442,2022,0.2299
1442,2023,0.2286
1442,2024,0.22570001
1442,2025,0.2247
1443,2006,0.23800001
1443,2007,0.2377
1443,2008,0.23280001
1443,2009,0.2318
1443,2010,0.2279
1443,2011,0.2263
1443,2012,0.2226
1443,2013,0.2247
1443,2014,0.22849999
1443,2015,0.2288
1443,2016,0.23100001
1443,2017,0.2344
1443,2018,0.2362
1443,2019,0.23289999
1443,2020,0.2352
1443,2021,0.2348
1443,2022,0.2309
1443,2023,0.22750001
1443,2024,0.2261
1443,2025,0.223
1444,2006,0.2166
1444,2007,0.2176
1444,2008,0.2173
1444,2009,0.2129
1444,2010,0.2042
1444,2011,0.1969
1444,2012,0.1965
1444,2013,0.1904
1444,2014,0.19059999
1444,2015,0.1953
1444,2016,0.1963
1444,2017,0.1962
1444,2018,0.1926
1444,2019,0.1881
1444,2020,0.18889999
1444,2021,0.1894
1444,2022,0.1885
1444,2023,0.18610001
1444,2024,0.1824
1444,2025,0.18099999
1445,2006,0.2138
1445,2007,0.2113
1445,2008,0.2071
1445,2009,0.2035
1445,2010,0.2006
1445,2011,0.1979
1445,2012,0.19230001
1445,2013,0.1937
1445,2014,0.1952
1445,2015,0.2001
1445,2016,0.2031
1445,2017,0.2051
1445,2018,0.20649999
1445,2019,0.2067
1445,2020,0.2068
1445,2021,0.2069
1445,2022,0.2076
1445,2023,0.20479999
1445,2024,0.2057
1445,2025,0.20370001
1446,2006,0.1913
1446,2007,0.1866
1446,2008,0.1825
1446,2009,0.17820001
1446,2010,0.1725
1446,2011,0.1636
1446,2012,0.1611
1446,2013,0.1647
1446,2014,0.1652
1446,2015,0.1682
1446,2016,0.1719
1446,2017,0.17640001
1446,2018,0.17839999
1446,2019,0.1788
1446,2020,0.17900001
1446,2021,0.1786
1446,2022,0.1771
1446,2023,0.17380001
1446,2024,0.17020001
1446,2025,0.1661
1447,2006,0.18960001
1447,2007,0.1892
1447,2008,0.1769
1447,2009,0.1706
1447,2010,0.16140001
1447,2011,0.1628
1447,2012,0.16410001
1447,2013,0.16240001
1447,2014,0.16680001
1447,2015,0.167
1447,2016,0.1734
1447,2017,0.16760001
1447,2018,0.1716
1447,2019,0.1718
1447,2020,0.1666
1447,2021,0.171
1447,2022,0.1701
1447,2023,0.1715
1447,2024,0.1646
1447,2025,0.1556
1452,2006,0.2221
1452,2007,0.2181
1452,2008,0.2141
1452,2009,0.2095
1452,2010,0.20900001
1452,2011,0.20389999
1452,2012,0.20039999
1452,2013,0.2001
1452,2014,0.2034
1452,2015,0.2026
1452,2016,0.2034
1452,2017,0.20460001
1452,2018,0.20630001
1452,2019,0.20630001
1452,2020,0.204
1452,2021,0.20469999
1452,2022,0.2066
1452,2023,0.2042
1452,2024,0.2022
1452,2025,0.2017
1460,2006,0.1851
1460,2007,0.18080001
1460,2008,0.17560001
1460,2009,0.17
1460,2010,0.16580001
1460,2011,0.1652
1460,2012,0.16249999
1460,2013,0.16429999
1460,2014,0.16140001
1460,2015,0.16779999
1460,2016,0.1772
1460,2017,0.18009999
1460,2018,0.18009999
1460,2019,0.184
1460,2020,0.18089999
1460,2021,0.1737
1460,2022,0.1735
1460,2023,0.1706
1460,2024,0.1697
1460,2025,0.1681
1461,2006,0.2009
1461,2007,0.1956
1461,2008,0.18960001
1461,2009,0.18279999
1461,2010,0.1797
1461,2011,0.176
1461,2012,0.171
1461,2013,0.1714
1461,2014,0.1736
1461,2015,0.1796
1461,2016,0.1831
1461,2017,0.1943
1461,2018,0.1969
1461,2019,0.1927
1461,2020,0.1934
1461,2021,0.1917
1461,2022,0.19220001
1461,2023,0.19230001
1461,2024,0.1894
1461,2025,0.189
1462,2006,0.2281
1462,2007,0.22390001
1462,2008,0.21969999
1462,2009,0.2121
1462,2010,0.20280001
1462,2011,0.1996
1462,2012,0.1999
1462,2013,0.1997
1462,2014,0.2024
1462,2015,0.2034
1462,2016,0.20909999
1462,2017,0.2113
1462,2018,0.21340001
1462,2019,0.2147
1462,2020,0.21709999
1462,2021,0.219
1462,2022,0.2199
1462,2023,0.2226
1462,2024,0.2202
1462,2025,0.2173
1463,2006,0.2277
1463,2007,0.22589999
1463,2008,0.2229
1463,2009,0.21870001
1463,2010,0.2155
1463,2011,0.21160001
1463,2012,0.20999999
1463,2013,0.2086
1463,2014,0.2095
1463,2015,0.20909999
1463,2016,0.2103
1463,2017,0.21170001
1463,2018,0.21250001
1463,2019,0.21259999
1463,2020,0.21349999
1463,2021,0.21340001
1463,2022,0.2131
1463,2023,0.21070001
1463,2024,0.2098
1463,2025,0.2067
1465,2006,0.2203
1465,2007,0.21529999
1465,2008,0.2094
1465,2009,0.2059
1465,2010,0.20190001
1465,2011,0.19750001
1465,2012,0.1944
1465,2013,0.1937
1465,2014,0.19769999
1465,2015,0.1992
1465,2016,0.2026
1465,2017,0.2016
1465,2018,0.2026
1465,2019,0.2009
1465,2020,0.20379999
1465,2021,0.2052
1465,2022,0.207
1465,2023,0.2094
1465,2024,0.20370001
1465,2025,0.1989
1466,2006,0.21709999
1466,2007,0.214
1466,2008,0.2075
1466,2009,0.2027
1466,2010,0.2005
1466,2011,0.1972
1466,2012,0.19859999
1466,2013,0.1962
1466,2014,0.1978
1466,2015,0.1987
1466,2016,0.2031
1466,2017,0.2009
1466,2018,0.20029999
1466,2019,0.19850001
1466,2020,0.1956
1466,2021,0.1973
1466,2022,0.1997
1466,2023,0.1972
1466,2024,0.1957
1466,2025,0.1911
1470,2006,0.20990001
1470,2007,0.20649999
1470,2008,0.2008
1470,2009,0.1973
1470,2010,0.1952
1470,2011,0.1919
1470,2012,0.1908
1470,2013,0.1919
1470,2014,0.193
1470,2015,0.1954
1470,2016,0.1982
1470,2017,0.1996
1470,2018,0.20190001
1470,2019,0.2024
1470,2020,0.2013
1470,2021,0.2025
1470,2022,0.1992
1470,2023,0.20020001
1470,2024,0.19760001
1470,2025,0.1937
1471,2006,0.2277
1471,2007,0.22499999
1471,2008,0.22220001
1471,2009,0.21619999
1471,2010,0.2124
1471,2011,0.208
1471,2012,0.20469999
1471,2013,0.2042
1471,2014,0.2057
1471,2015,0.20379999
1471,2016,0.20379999
1471,2017,0.2027
1471,2018,0.2018
1471,2019,0.2027
1471,2020,0.2015
1471,2021,0.2
1471,2022,0.19949999
1471,2023,0.1992
1471,2024,0.1989
1471,2025,0.19760001
1472,2006,0.2181
1472,2007,0.2133
1472,2008,0.2114
1472,2009,0.2071
1472,2010,0.20379999
1472,2011,0.2015
1472,2012,0.19499999
1472,2013,0.1943
1472,2014,0.1997
1472,2015,0.2015
1472,2016,0.1989
1472,2017,0.2018
1472,2018,0.2016
1472,2019,0.2051
1472,2020,0.206
1472,2021,0.20640001
1472,2022,0.2058
1472,2023,0.2053
1472,2024,0.2005
1472,2025,0.199
1473,2006,0.2115
1473,2007,0.20469999
1473,2008,0.197
1473,2009,0.1938
1473,2010,0.18870001
1473,2011,0.1833
1473,2012,0.1838
1473,2013,0.1794
1473,2014,0.18359999
1473,2015,0.18970001
1473,2016,0.1954
1473,2017,0.19660001
1473,2018,0.1919
1473,2019,0.19149999
1473,2020,0.19149999
1473,2021,0.1925
1473,2022,0.1903
1473,2023,0.1882
1473,2024,0.18610001
1473,2025,0.18359999
1480,2006,0.1909
1480,2007,0.19059999
1480,2008,0.1893
1480,2009,0.18880001
1480,2010,0.1892
1480,2011,0.18889999
1480,2012,0.18970001
1480,2013,0.19149999
1480,2014,0.193
1480,2015,0.1947
1480,2016,0.19589999
1480,2017,0.1971
1480,2018,0.1982
1480,2019,0.1983
1480,2020,0.198
1480,2021,0.1971
1480,2022,0.1948
1480,2023,0.19239999
1480,2024,0.1892
1480,2025,0.1868
1481,2006,0.2343
1481,2007,0.2332
1481,2008,0.2297
1481,2009,0.2287
1481,2010,0.2298
1481,2011,0.2274
1481,2012,0.2262
1481,2013,0.2262
1481,2014,0.2277
1481,2015,0.2273
1481,2016,0.22660001
1481,2017,0.22589999
1481,2018,0.2246
1481,2019,0.2242
1481,2020,0.2246
1481,2021,0.22390001
1481,2022,0.2217
1481,2023,0.2192
1481,2024,0.21610001
1481,2025,0.2123
1482,2006,0.233
1482,2007,0.2295
1482,2008,0.22579999
1482,2009,0.2237
1482,2010,0.22050001
1482,2011,0.21780001
1482,2012,0.2158
1482,2013,0.2163
1482,2014,0.2173
1482,2015,0.2184
1482,2016,0.2211
1482,2017,0.2229
1482,2018,0.2227
1482,2019,0.22229999
1482,2020,0.2234
1482,2021,0.2226
1482,2022,0.222
1482,2023,0.221
1482,2024,0.2194
1482,2025,0.2174
1484,2006,0.19400001
1484,2007,0.18970001
1484,2008,0.1899
1484,2009,0.1837
1484,2010,0.1789
1484,2011,0.1753
1484,2012,0.17389999
1484,2013,0.17389999
1484,2014,0.17219999
1484,2015,0.1734
1484,2016,0.1753
1484,2017,0.17649999
1484,2018,0.17739999
1484,2019,0.17649999
1484,2020,0.1762
1484,2021,0.1778
1484,2022,0.17399999
1484,2023,0.1716
1484,2024,0.17
1484,2025,0.1657
1485,2006,0.2141
1485,2007,0.2122
1485,2008,0.20909999
1485,2009,0.2062
1485,2010,0.2043
1485,2011,0.20190001
1485,2012,0.2017
1485,2013,0.20299999
1485,2014,0.2051
1485,2015,0.2069
1485,2016,0.2104
1485,2017,0.21259999
1485,2018,0.2139
1485,2019,0.2157
1485,2020,0.2168
1485,2021,0.2167
1485,2022,0.2159
1485,2023,0.2139
1485,2024,0.2114
1485,2025,0.2079
1486,2006,0.20190001
1486,2007,0.1954
1486,2008,0.18960001
1486,2009,0.18629999
1486,2010,0.18529999
1486,2011,0.1869
1486,2012,0.1882
1486,2013,0.19159999
1486,2014,0.1943
1486,2015,0.1982
1486,2016,0.2042
1486,2017,0.2079
1486,2018,0.2076
1486,2019,0.2059
1486,2020,0.2062
1486,2021,0.2061
1486,2022,0.2066
1486,2023,0.2067
1486,2024,0.2058
1486,2025,0.2051
1487,2006,0.2173
1487,2007,0.21340001
1487,2008,0.211
1487,2009,0.2085
1487,2010,0.2085
1487,2011,0.206
1487,2012,0.20460001
1487,2013,0.2053
1487,2014,0.208
1487,2015,0.21080001
1487,2016,0.2147
1487,2017,0.21619999
1487,2018,0.21690001
1487,2019,0.21510001
1487,2020,0.2156
1487,2021,0.21269999
1487,2022,0.2124
1487,2023,0.2096
1487,2024,0.207
1487,2025,0.2033
1488,2006,0.2219
1488,2007,0.22
1488,2008,0.2165
1488,2009,0.2142
1488,2010,0.21250001
1488,2011,0.20999999
1488,2012,0.2087
1488,2013,0.2112
1488,2014,0.2114
1488,2015,0.2133
1488,2016,0.2163
1488,2017,0.2167
1488,2018,0.2189
1488,2019,0.2182
1488,2020,0.2174
1488,2021,0.2158
1488,2022,0.21510001
1488,2023,0.2106
1488,2024,0.20739999
1488,2025,0.2054
1489,2006,0.222
1489,2007,0.21960001
1489,2008,0.2167
1489,2009,0.2158
1489,2010,0.2132
1489,2011,0.2115
1489,2012,0.211
1489,2013,0.2097
1489,2014,0.2111
1489,2015,0.2137
1489,2016,0.2157
1489,2017,0.21699999
1489,2018,0.2182
1489,2019,0.2198
1489,2020,0.2219
1489,2021,0.22139999
1489,2022,0.2212
1489,2023,0.221
1489,2024,0.2181
1489,2025,0.2149
1490,2006,0.21170001
1490,2007,0.20990001
1490,2008,0.2076
1490,2009,0.2054
1490,2010,0.2025
1490,2011,0.2015
1490,2012,0.20190001
1490,2013,0.204
1490,2014,0.2059
1490,2015,0.2087
1490,2016,0.2115
1490,2017,0.21340001
1490,2018,0.2148
1490,2019,0.215
1490,2020,0.2156
1490,2021,0.2156
1490,2022,0.2139
1490,2023,0.21179999
1490,2024,0.20999999
1490,2025,0.207
1491,2006,0.2194
1491,2007,0.2159
1491,2008,0.2124
1491,2009,0.2086
1491,2010,0.20559999
1491,2011,0.20379999
1491,2012,0.2031
1491,2013,0.2026
1491,2014,0.20280001
1491,2015,0.2023
1491,2016,0.20559999
1491,2017,0.2069
1491,2018,0.2058
1491,2019,0.20810001
1491,2020,0.20640001
1491,2021,0.20720001
1491,2022,0.2077
1491,2023,0.2066
1491,2024,0.20550001
1491,2025,0.2026
1492,2006,0.2053
1492,2007,0.2013
1492,2008,0.1962
1492,2009,0.19
1492,2010,0.1864
1492,2011,0.1829
1492,2012,0.18099999
1492,2013,0.18099999
1492,2014,0.1847
1492,2015,0.1947
1492,2016,0.2001
1492,2017,0.2008
1492,2018,0.2017
1492,2019,0.19850001
1492,2020,0.19660001
1492,2021,0.1946
1492,2022,0.19159999
1492,2023,0.189
1492,2024,0.1886
1492,2025,0.18170001
1493,2006,0.2077
1493,2007,0.2034
1493,2008,0.1979
1493,2009,0.1927
1493,2010,0.1886
1493,2011,0.18440001
1493,2012,0.1832
1493,2013,0.1847
1493,2014,0.1837
1493,2015,0.1858
1493,2016,0.18780001
1493,2017,0.19069999
1493,2018,0.193
1493,2019,0.1939
1493,2020,0.1926
1493,2021,0.1904
1493,2022,0.19
1493,2023,0.18780001
1493,2024,0.1868
1493,2025,0.1849
1494,2006,0.2174
1494,2007,0.2147
1494,2008,0.20990001
1494,2009,0.2076
1494,2010,0.20280001
1494,2011,0.19930001
1494,2012,0.1961
1494,2013,0.1953
1494,2014,0.19580001
1494,2015,0.1965
1494,2016,0.1982
1494,2017,0.2005
1494,2018,0.20190001
1494,2019,0.20290001
1494,2020,0.2031
1494,2021,0.20190001
1494,2022,0.20020001
1494,2023,0.20020001
1494,2024,0.19760001
1494,2025,0.1926
1495,2006,0.2174
1495,2007,0.215
1495,2008,0.20999999
1495,2009,0.2041
1495,2010,0.20039999
1495,2011,0.1965
1495,2012,0.1944
1495,2013,0.19599999
1495,2014,0.1982
1495,2015,0.1998
1495,2016,0.2042
1495,2017,0.20479999
1495,2018,0.2068
1495,2019,0.2059
1495,2020,0.2053
1495,2021,0.2049
1495,2022,0.2031
1495,2023,0.20119999
1495,2024,0.1999
1495,2025,0.1978
1496,2006,0.20649999
1496,2007,0.2034
1496,2008,0.2
1496,2009,0.198
1496,2010,0.1952
1496,2011,0.1946
1496,2012,0.1928
1496,2013,0.193
1496,2014,0.1935
1496,2015,0.1961
1496,2016,0.1971
1496,2017,0.19930001
1496,2018,0.2007
1496,2019,0.2027
1496,2020,0.2044
1496,2021,0.20469999
1496,2022,0.20550001
1496,2023,0.2034
1496,2024,0.2024
1496,2025,0.20029999
1497,2006,0.2103
1497,2007,0.2105
1497,2008,0.2044
1497,2009,0.1981
1497,2010,0.1939
1497,2011,0.1919
1497,2012,0.19159999
1497,2013,0.19230001
1497,2014,0.19320001
1497,2015,0.197
1497,2016,0.1946
1497,2017,0.1955
1497,2018,0.1983
1497,2019,0.198
1497,2020,0.1962
1497,2021,0.1974
1497,2022,0.1965
1497,2023,0.1978
1497,2024,0.1987
1497,2025,0.1963
1498,2006,0.2184
1498,2007,0.21439999
1498,2008,0.2085
1498,2009,0.1999
1498,2010,0.1946
1498,2011,0.1908
1498,2012,0.18960001
1498,2013,0.1891
1498,2014,0.19159999
1498,2015,0.19419999
1498,2016,0.19760001
1498,2017,0.1981
1498,2018,0.2001
1498,2019,0.1997
1498,2020,0.2016
1498,2021,0.1998
1498,2022,0.2
1498,2023,0.2018
1498,2024,0.2014
1498,2025,0.19939999
1499,2006,0.2156
1499,2007,0.21430001
1499,2008,0.2106
1499,2009,0.2069
1499,2010,0.2043
1499,2011,0.2031
1499,2012,0.2045
1499,2013,0.2084
1499,2014,0.21080001
1499,2015,0.2145
1499,2016,0.2167
1499,2017,0.2207
1499,2018,0.222
1499,2019,0.2244
1499,2020,0.2227
1499,2021,0.22059999
1499,2022,0.2182
1499,2023,0.2155
1499,2024,0.21080001
1499,2025,0.20720001
1715,2006,0.2341
1715,2007,0.2273
1715,2008,0.22
1715,2009,0.2167
1715,2010,0.2123
1715,2011,0.21080001
1715,2012,0.212
1715,2013,0.2098
1715,2014,0.21089999
1715,2015,0.20999999
1715,2016,0.21089999
1715,2017,0.21439999
1715,2018,0.2164
1715,2019,0.2156
1715,2020,0.2174
1715,2021,0.2198
1715,2022,0.2184
1715,2023,0.2186
1715,2024,0.21359999
1715,2025,0.2131
1730,2006,0.19760001
1730,2007,0.1946
1730,2008,0.18970001
1730,2009,0.1833
1730,2010,0.1788
1730,2011,0.17839999
1730,2012,0.17919999
1730,2013,0.1776
1730,2014,0.17919999
1730,2015,0.18269999
1730,2016,0.1899
1730,2017,0.1935
1730,2018,0.1956
1730,2019,0.1973
1730,2020,0.1973
1730,2021,0.19410001
1730,2022,0.1921
1730,2023,0.1919
1730,2024,0.19149999
1730,2025,0.1909
1737,2006,0.18449999
1737,2007,0.1793
1737,2008,0.17380001
1737,2009,0.1724
1737,2010,0.1697
1737,2011,0.1697
1737,2012,0.1674
1737,2013,0.1647
1737,2014,0.16320001
1737,2015,0.1635
1737,2016,0.1709
1737,2017,0.16769999
1737,2018,0.1657
1737,2019,0.16580001
1737,2020,0.1654
1737,2021,0.1671
1737,2022,0.1728
1737,2023,0.1706
1737,2024,0.1705
1737,2025,0.1701
1760,2006,0.20739999
1760,2007,0.2035
1760,2008,0.1973
1760,2009,0.1944
1760,2010,0.1917
1760,2011,0.1847
1760,2012,0.1824
1760,2013,0.1832
1760,2014,0.1829
1760,2015,0.1815
1760,2016,0.178
1760,2017,0.18719999
1760,2018,0.1867
1760,2019,0.18009999
1760,2020,0.1777
1760,2021,0.1771
1760,2022,0.1705
1760,2023,0.1644
1760,2024,0.1629
1760,2025,0.1647
1761,2006,0.25170001
1761,2007,0.249
1761,2008,0.245
1761,2009,0.24250001
1761,2010,0.2402
1761,2011,0.2362
1761,2012,0.2377
1761,2013,0.2374
1761,2014,0.2413
1761,2015,0.24330001
1761,2016,0.24779999
1761,2017,0.2502
1761,2018,0.25170001
1761,2019,0.255
1761,2020,0.2577
1761,2021,0.25819999
1761,2022,0.25960001
1761,2023,0.25749999
1761,2024,0.2545
1761,2025,0.25130001
1762,2006,0.18269999
1762,2007,0.1804
1762,2008,0.1751
1762,2009,0.1732
1762,2010,0.1718
1762,2011,0.16500001
1762,2012,0.16060001
1762,2013,0.1567
1762,2014,0.1595
1762,2015,0.16419999
1762,2016,0.1697
1762,2017,0.17649999
1762,2018,0.1787
1762,2019,0.17739999
1762,2020,0.1824
1762,2021,0.18279999
1762,2022,0.17910001
1762,2023,0.17460001
1762,2024,0.176
1762,2025,0.1742
1763,2006,0.23729999
1763,2007,0.2332
1763,2008,0.2286
1763,2009,0.2207
1763,2010,0.2155
1763,2011,0.21170001
1763,2012,0.21089999
1763,2013,0.20999999
1763,2014,0.21089999
1763,2015,0.2102
1763,2016,0.2148
1763,2017,0.2189
1763,2018,0.2221
1763,2019,0.22499999
1763,2020,0.2236
1763,2021,0.2227
1763,2022,0.2225
1763,2023,0.22400001
1763,2024,0.22239999
1763,2025,0.2227
1764,2006,0.20550001
1764,2007,0.20299999
1764,2008,0.1981
1764,2009,0.1918
1764,2010,0.1824
1764,2011,0.1778
1764,2012,0.1769
1764,2013,0.1733
1764,2014,0.1759
1764,2015,0.17919999
1764,2016,0.1883
1764,2017,0.18889999
1764,2018,0.1911
1764,2019,0.1938
1764,2020,0.1927
1764,2021,0.1936
1764,2022,0.19220001
1764,2023,0.1929
1764,2024,0.1902
1764,2025,0.18610001
1765,2006,0.2076
1765,2007,0.2085
1765,2008,0.20200001
1765,2009,0.19930001
1765,2010,0.19679999
1765,2011,0.19400001
1765,2012,0.1927
1765,2013,0.1929
1765,2014,0.19329999
1765,2015,0.1929
1765,2016,0.1947
1765,2017,0.19230001
1765,2018,0.19310001
1765,2019,0.1927
1765,2020,0.1885
1765,2021,0.1903
1765,2022,0.1877
1765,2023,0.18449999
1765,2024,0.18430001
1765,2025,0.18279999
1766,2006,0.21510001
1766,2007,0.2105
1766,2008,0.20550001
1766,2009,0.1978
1766,2010,0.19149999
1766,2011,0.1873
1766,2012,0.1842
1766,2013,0.1793
1766,2014,0.17739999
1766,2015,0.1803
1766,2016,0.18619999
1766,2017,0.1846
1766,2018,0.1869
1766,2019,0.1865
1766,2020,0.1891
1766,2021,0.1873
1766,2022,0.1866
1766,2023,0.1864
1766,2024,0.1846
1766,2025,0.1855
1780,2006,0.19220001
1780,2007,0.1904
1780,2008,0.1877
1780,2009,0.18520001
1780,2010,0.1833
1780,2011,0.18279999
1780,2012,0.182
1780,2013,0.1825
1780,2014,0.18340001
1780,2015,0.1855
1780,2016,0.18719999
1780,2017,0.18979999
1780,2018,0.191
1780,2019,0.1908
1780,2020,0.19220001
1780,2021,0.192
1780,2022,0.1904
1780,2023,0.1875
1780,2024,0.18529999
1780,2025,0.1816
1781,2006,0.19400001
1781,2007,0.1908
1781,2008,0.1891
1781,2009,0.1851
1781,2010,0.1815
1781,2011,0.1759
1781,2012,0.17659999
1781,2013,0.1786
1781,2014,0.1786
1781,2015,0.1823
1781,2016,0.185
1781,2017,0.18889999
1781,2018,0.186
1781,2019,0.1877
1781,2020,0.18719999
1781,2021,0.1857
1781,2022,0.1846
1781,2023,0.1815
1781,2024,0.18009999
1781,2025,0.17640001
1782,2006,0.1895
1782,2007,0.1839
1782,2008,0.1803
1782,2009,0.1744
1782,2010,0.17200001
1782,2011,0.1708
1782,2012,0.1736
1782,2013,0.17820001
1782,2014,0.1806
1782,2015,0.1807
1782,2016,0.189
1782,2017,0.1901
1782,2018,0.1971
1782,2019,0.1937
1782,2020,0.1918
1782,2021,0.1876
1782,2022,0.18700001
1782,2023,0.1846
1782,2024,0.18009999
1782,2025,0.1745
1783,2006,0.17730001
1783,2007,0.17560001
1783,2008,0.17110001
1783,2009,0.16779999
1783,2010,0.1627
1783,2011,0.16060001
1783,2012,0.15989999
1783,2013,0.1568
1783,2014,0.1549
1783,2015,0.15360001
1783,2016,0.1547
1783,2017,0.15790001
1783,2018,0.1584
1783,2019,0.1604
1783,2020,0.1591
1783,2021,0.15989999
1783,2022,0.1635
1783,2023,0.1648
1783,2024,0.1647
1783,2025,0.1619
1784,2006,0.19760001
1784,2007,0.1947
1784,2008,0.1911
1784,2009,0.18700001
1784,2010,0.1848
1784,2011,0.18179999
1784,2012,0.1811
1784,2013,0.18189999
1784,2014,0.1832
1784,2015,0.1847
1784,2016,0.1882
1784,2017,0.1894
1784,2018,0.1917
1784,2019,0.1913
1784,2020,0.191
1784,2021,0.1904
1784,2022,0.1908
1784,2023,0.18880001
1784,2024,0.18780001
1784,2025,0.1856
1785,2006,0.2027
1785,2007,0.20119999
1785,2008,0.19760001
1785,2009,0.19159999
1785,2010,0.1881
1785,2011,0.18260001
1785,2012,0.17839999
1785,2013,0.1815
1785,2014,0.1797
1785,2015,0.1815
1785,2016,0.1876
1785,2017,0.1909
1785,2018,0.1937
1785,2019,0.1917
1785,2020,0.1904
1785,2021,0.1892
1785,2022,0.1859
1785,2023,0.1821
1785,2024,0.1806
1785,2025,0.17820001
1814,2006,0.2217
1814,2007,0.22
1814,2008,0.2177
1814,2009,0.21690001
1814,2010,0.2168
1814,2011,0.21780001
1814,2012,0.2181
1814,2013,0.2191
1814,2014,0.221
1814,2015,0.2278
1814,2016,0.2323
1814,2017,0.2369
1814,2018,0.2449
1814,2019,0.2471
1814,2020,0.24789999
1814,2021,0.249
1814,2022,0.25049999
1814,2023,0.25099999
1814,2024,0.2485
1814,2025,0.2441
1860,2006,0.1917
1860,2007,0.18700001
1860,2008,0.182
1860,2009,0.1768
1860,2010,0.169
1860,2011,0.16509999
1860,2012,0.16500001
1860,2013,0.16580001
1860,2014,0.169
1860,2015,0.169
1860,2016,0.17659999
1860,2017,0.17299999
1860,2018,0.1794
1860,2019,0.1855
1860,2020,0.1857
1860,2021,0.1831
1860,2022,0.1833
1860,2023,0.1803
1860,2024,0.18000001
1860,2025,0.17640001
1861,2006,0.21709999
1861,2007,0.2112
1861,2008,0.20900001
1861,2009,0.20479999
1861,2010,0.2032
1861,2011,0.20200001
1861,2012,0.2007
1861,2013,0.1969
1861,2014,0.1979
1861,2015,0.1979
1861,2016,0.2017
1861,2017,0.20999999
1861,2018,0.2137
1861,2019,0.21709999
1861,2020,0.2193
1861,2021,0.2207
1861,2022,0.2201
1861,2023,0.2194
1861,2024,0.2156
1861,2025,0.2129
1862,2006,0.2049
1862,2007,0.1999
1862,2008,0.1964
1862,2009,0.18790001
1862,2010,0.1841
1862,2011,0.1794
1862,2012,0.177
1862,2013,0.1749
1862,2014,0.1736
1862,2015,0.17460001
1862,2016,0.17739999
1862,2017,0.1785
1862,2018,0.1812
1862,2019,0.18269999
1862,2020,0.1833
1862,2021,0.1795
1862,2022,0.183
1862,2023,0.18000001
1862,2024,0.18080001
1862,2025,0.1777
1863,2006,0.1848
1863,2007,0.1821
1863,2008,0.1797
1863,2009,0.1742
1863,2010,0.1693
1863,2011,0.16779999
1863,2012,0.1618
1863,2013,0.1613
1863,2014,0.1628
1863,2015,0.1674
1863,2016,0.1758
1863,2017,0.18080001
1863,2018,0.1807
1863,2019,0.1894
1863,2020,0.18790001
1863,2021,0.18880001
1863,2022,0.18629999
1863,2023,0.17919999
1863,2024,0.1769
1863,2025,0.1708
1864,2006,0.1892
1864,2007,0.18089999
1864,2008,0.1726
1864,2009,0.16429999
1864,2010,0.1617
1864,2011,0.16140001
1864,2012,0.15270001
1864,2013,0.1541
1864,2014,0.1612
1864,2015,0.1603
1864,2016,0.1698
1864,2017,0.171
1864,2018,0.1665
1864,2019,0.162
1864,2020,0.1566
1864,2021,0.15880001
1864,2022,0.1547
1864,2023,0.14820001
1864,2024,0.14830001
1864,2025,0.14030001
1880,2006,0.21089999
1880,2007,0.2102
1880,2008,0.2101
1880,2009,0.2089
1880,2010,0.2079
1880,2011,0.2077
1880,2012,0.208
1880,2013,0.2095
1880,2014,0.20999999
1880,2015,0.2113
1880,2016,0.2124
1880,2017,0.2129
1880,2018,0.21340001
1880,2019,0.2139
1880,2020,0.2141
1880,2021,0.213
1880,2022,0.2111
1880,2023,0.20829999
1880,2024,0.2061
1880,2025,0.2025
1881,2006,0.2395
1881,2007,0.23720001
1881,2008,0.2367
1881,2009,0.233
1881,2010,0.2317
1881,2011,0.2326
1881,2012,0.2313
1881,2013,0.2316
1881,2014,0.23190001
1881,2015,0.2342
1881,2016,0.2335
1881,2017,0.2342
1881,2018,0.236
1881,2019,0.2357
1881,2020,0.2374
1881,2021,0.23549999
1881,2022,0.2361
1881,2023,0.2349
1881,2024,0.23459999
1881,2025,0.23119999
1882,2006,0.20039999
1882,2007,0.19769999
1882,2008,0.1929
1882,2009,0.1884
1882,2010,0.18359999
1882,2011,0.1806
1882,2012,0.1803
1882,2013,0.18080001
1882,2014,0.1811
1882,2015,0.18089999
1882,2016,0.182
1882,2017,0.182
1882,2018,0.18260001
1882,2019,0.1847
1882,2020,0.1858
1882,2021,0.18440001
1882,2022,0.1821
1882,2023,0.17829999
1882,2024,0.1777
1882,2025,0.1758
1883,2006,0.1963
1883,2007,0.1945
1883,2008,0.19149999
1883,2009,0.189
1883,2010,0.18799999
1883,2011,0.1881
1883,2012,0.1866
1883,2013,0.1886
1883,2014,0.19050001
1883,2015,0.1928
1883,2016,0.1944
1883,2017,0.19490001
1883,2018,0.1961
1883,2019,0.1954
1883,2020,0.19329999
1883,2021,0.19419999
1883,2022,0.19320001
1883,2023,0.1934
1883,2024,0.1893
1883,2025,0.1865
1884,2006,0.2184
1884,2007,0.21600001
1884,2008,0.20990001
1884,2009,0.2058
1884,2010,0.2022
1884,2011,0.1988
1884,2012,0.1965
1884,2013,0.1944
1884,2014,0.1952
1884,2015,0.1948
1884,2016,0.1955
1884,2017,0.20389999
1884,2018,0.2049
1884,2019,0.205
1884,2020,0.20290001
1884,2021,0.2018
1884,2022,0.2034
1884,2023,0.20020001
1884,2024,0.19949999
1884,2025,0.1952
1885,2006,0.2095
1885,2007,0.20649999
1885,2008,0.20200001
1885,2009,0.1987
1885,2010,0.1953
1885,2011,0.19239999
1885,2012,0.1913
1885,2013,0.1947
1885,2014,0.1961
1885,2015,0.19939999
1885,2016,0.1997
1885,2017,0.2025
1885,2018,0.2034
1885,2019,0.2027
1885,2020,0.2031
1885,2021,0.2027
1885,2022,0.20020001
1885,2023,0.2007
1885,2024,0.19840001
1885,2025,0.1944
1904,2006,0.1987
1904,2007,0.1901
1904,2008,0.1856
1904,2009,0.1769
1904,2010,0.16760001
1904,2011,0.1602
1904,2012,0.1628
1904,2013,0.1662
1904,2014,0.1714
1904,2015,0.17730001
1904,2016,0.1823
1904,2017,0.1803
1904,2018,0.1768
1904,2019,0.1762
1904,2020,0.1759
1904,2021,0.17460001
1904,2022,0.17649999
1904,2023,0.17
1904,2024,0.1654
1904,2025,0.16580001
1907,2006,0.227
1907,2007,0.2194
1907,2008,0.2121
1907,2009,0.2052
1907,2010,0.1978
1907,2011,0.19310001
1907,2012,0.19580001
1907,2013,0.19589999
1907,2014,0.1944
1907,2015,0.2005
1907,2016,0.2053
1907,2017,0.20819999
1907,2018,0.2089
1907,2019,0.2085
1907,2020,0.2096
1907,2021,0.21179999
1907,2022,0.213
1907,2023,0.2113
1907,2024,0.20810001
1907,2025,0.20649999
1960,2006,0.2181
1960,2007,0.2183
1960,2008,0.2137
1960,2009,0.20810001
1960,2010,0.20290001
1960,2011,0.2015
1960,2012,0.1969
1960,2013,0.20119999
1960,2014,0.20379999
1960,2015,0.2035
1960,2016,0.2066
1960,2017,0.214
1960,2018,0.2185
1960,2019,0.21600001
1960,2020,0.2174
1960,2021,0.21510001
1960,2022,0.2158
1960,2023,0.2122
1960,2024,0.2138
1960,2025,0.2086
1961,2006,0.212
1961,2007,0.2095
1961,2008,0.206
1961,2009,0.20460001
1961,2010,0.20029999
1961,2011,0.19750001
1961,2012,0.1969
1961,2013,0.19850001
1961,2014,0.1982
1961,2015,0.2033
1961,2016,0.2052
1961,2017,0.2059
1961,2018,0.20819999
1961,2019,0.2111
1961,2020,0.21179999
1961,2021,0.2137
1961,2022,0.2159
1961,2023,0.2137
1961,2024,0.21340001
1961,2025,0.21340001
1962,2006,0.20640001
1962,2007,0.1999
1962,2008,0.1969
1962,2009,0.1918
1962,2010,0.18799999
1962,2011,0.1864
1962,2012,0.17990001
1962,2013,0.1803
1962,2014,0.182
1962,2015,0.1883
1962,2016,0.1886
1962,2017,0.191
1962,2018,0.1948
1962,2019,0.1913
1962,2020,0.19589999
1962,2021,0.1954
1962,2022,0.1919
1962,2023,0.1895
1962,2024,0.1846
1962,2025,0.1842
1980,2006,0.2132
1980,2007,0.2123
1980,2008,0.2093
1980,2009,0.2075
1980,2010,0.20550001
1980,2011,0.20280001
1980,2012,0.2015
1980,2013,0.20200001
1980,2014,0.20379999
1980,2015,0.2057
1980,2016,0.2077
1980,2017,0.21089999
1980,2018,0.2129
1980,2019,0.21340001
1980,2020,0.2145
1980,2021,0.2137
1980,2022,0.2132
1980,2023,0.21080001
1980,2024,0.2088
1980,2025,0.2069
1981,2006,0.207
1981,2007,0.2054
1981,2008,0.2007
1981,2009,0.1955
1981,2010,0.1935
1981,2011,0.193
1981,2012,0.1913
1981,2013,0.1911
1981,2014,0.1935
1981,2015,0.1963
1981,2016,0.199
1981,2017,0.2017
1981,2018,0.20370001
1981,2019,0.2031
1981,2020,0.2031
1981,2021,0.2035
1981,2022,0.2053
1981,2023,0.20379999
1981,2024,0.2036
1981,2025,0.1998
1982,2006,0.19149999
1982,2007,0.189
1982,2008,0.1869
1982,2009,0.18539999
1982,2010,0.1849
1982,2011,0.18790001
1982,2012,0.19149999
1982,2013,0.1997
1982,2014,0.2043
1982,2015,0.2079
1982,2016,0.21259999
1982,2017,0.2124
1982,2018,0.2138
1982,2019,0.2158
1982,2020,0.2148
1982,2021,0.2192
1982,2022,0.219
1982,2023,0.2156
1982,2024,0.21080001
1982,2025,0.2071
1983,2006,0.1992
1983,2007,0.1947
1983,2008,0.1929
1983,2009,0.19410001
1983,2010,0.1925
1983,2011,0.1903
1983,2012,0.1895
1983,2013,0.19410001
1983,2014,0.19589999
1983,2015,0.19760001
1983,2016,0.2013
1983,2017,0.20379999
1983,2018,0.20640001
1983,2019,0.20810001
1983,2020,0.20829999
1983,2021,0.20730001
1983,2022,0.2058
1983,2023,0.2035
1983,2024,0.19930001
1983,2025,0.1972
1984,2006,0.2089
1984,2007,0.2035
1984,2008,0.2006
1984,2009,0.1989
1984,2010,0.1943
1984,2011,0.19220001
1984,2012,0.19
1984,2013,0.18880001
1984,2014,0.1869
1984,2015,0.19159999
1984,2016,0.1918
1984,2017,0.1928
1984,2018,0.1943
1984,2019,0.19400001
1984,2020,0.1911
1984,2021,0.1919
1984,2022,0.1895
1984,2023,0.19
1984,2024,0.18719999
1984,2025,0.1866
2021,2006,0.2031
2021,2007,0.1989
2021,2008,0.1953
2021,2009,0.19490001
2021,2010,0.18870001
2021,2011,0.1869
2021,2012,0.1856
2021,2013,0.18529999
2021,2014,0.1855
2021,2015,0.1891
2021,2016,0.19220001
2021,2017,0.1894
2021,2018,0.18790001
2021,2019,0.18430001
2021,2020,0.1851
2021,2021,0.1855
2021,2022,0.1875
2021,2023,0.18529999
2021,2024,0.185
2021,2025,0.177
2023,2006,0.1943
2023,2007,0.18979999
2023,2008,0.1877
2023,2009,0.18529999
2023,2010,0.1856
2023,2011,0.18000001
2023,2012,0.1796
2023,2013,0.1771
2023,2014,0.1737
2023,2015,0.17569999
2023,2016,0.1776
2023,2017,0.1786
2023,2018,0.1762
2023,2019,0.17829999
2023,2020,0.178
2023,2021,0.1752
2023,2022,0.1726
2023,2023,0.1717
2023,2024,0.16850001
2023,2025,0.1637
2026,2006,0.2366
2026,2007,0.2305
2026,2008,0.22660001
2026,2009,0.22130001
2026,2010,0.2168
2026,2011,0.2158
2026,2012,0.2138
2026,2013,0.21510001
2026,2014,0.2128
2026,2015,0.2181
2026,2016,0.21789999
2026,2017,0.21950001
2026,2018,0.2209
2026,2019,0.2198
2026,2020,0.2254
2026,2021,0.2237
2026,2022,0.22220001
2026,2023,0.2238
2026,2024,0.2207
2026,2025,0.2182
2029,2006,0.2089
2029,2007,0.2001
2029,2008,0.1964
2029,2009,0.19220001
2029,2010,0.1882
2029,2011,0.1846
2029,2012,0.1832
2029,2013,0.1837
2029,2014,0.1821
2029,2015,0.1829
2029,2016,0.1856
2029,2017,0.18529999
2029,2018,0.18709999
2029,2019,0.1875
2029,2020,0.1883
2029,2021,0.1866
2029,2022,0.1857
2029,2023,0.1859
2029,2024,0.186
2029,2025,0.18619999
2031,2006,0.1904
2031,2007,0.1886
2031,2008,0.18170001
2031,2009,0.17560001
2031,2010,0.1698
2031,2011,0.1692
2031,2012,0.1661
2031,2013,0.163
2031,2014,0.1602
2031,2015,0.1573
2031,2016,0.1628
2031,2017,0.1636
2031,2018,0.1637
2031,2019,0.163
2031,2020,0.162
2031,2021,0.1619
2031,2022,0.162
2031,2023,0.1574
2031,2024,0.1578
2031,2025,0.1556
2034,2006,0.20829999
2034,2007,0.2052
2034,2008,0.1973
2034,2009,0.19149999
2034,2010,0.18430001
2034,2011,0.1807
2034,2012,0.17640001
2034,2013,0.1733
2034,2014,0.177
2034,2015,0.1742
2034,2016,0.17649999
2034,2017,0.17659999
2034,2018,0.17399999
2034,2019,0.17380001
2034,2020,0.1735
2034,2021,0.17290001
2034,2022,0.171
2034,2023,0.1715
2034,2024,0.1717
2034,2025,0.1683
2039,2006,0.19320001
2039,2007,0.1903
2039,2008,0.19059999
2039,2009,0.1858
2039,2010,0.18269999
2039,2011,0.1846
2039,2012,0.18089999
2039,2013,0.1797
2039,2014,0.1851
2039,2015,0.1841
2039,2016,0.18279999
2039,2017,0.18340001
2039,2018,0.18539999
2039,2019,0.1838
2039,2020,0.18189999
2039,2021,0.18279999
2039,2022,0.1793
2039,2023,0.1742
2039,2024,0.1709
2039,2025,0.16429999
2061,2006,0.19230001
2061,2007,0.19149999
2061,2008,0.1875
2061,2009,0.18440001
2061,2010,0.1807
2061,2011,0.1771
2061,2012,0.17460001
2061,2013,0.178
2061,2014,0.1778
2061,2015,0.1796
2061,2016,0.18529999
2061,2017,0.18539999
2061,2018,0.18629999
2061,2019,0.189
2061,2020,0.1885
2061,2021,0.18970001
2061,2022,0.18870001
2061,2023,0.18520001
2061,2024,0.183
2061,2025,0.17829999
2062,2006,0.2052
2062,2007,0.20100001
2062,2008,0.1954
2062,2009,0.1917
2062,2010,0.1857
2062,2011,0.18430001
2062,2012,0.1821
2062,2013,0.1806
2062,2014,0.1823
2062,2015,0.1831
2062,2016,0.1864
2062,2017,0.1883
2062,2018,0.18870001
2062,2019,0.1891
2062,2020,0.1876
2062,2021,0.18790001
2062,2022,0.18709999
2062,2023,0.184
2062,2024,0.18089999
2062,2025,0.1786
2080,2006,0.2164
2080,2007,0.2137
2080,2008,0.2096
2080,2009,0.2061
2080,2010,0.2035
2080,2011,0.20039999
2080,2012,0.2006
2080,2013,0.1999
2080,2014,0.2022
2080,2015,0.20479999
2080,2016,0.2071
2080,2017,0.2098
2080,2018,0.2112
2080,2019,0.21259999
2080,2020,0.21340001
2080,2021,0.21340001
2080,2022,0.2129
2080,2023,0.2106
2080,2024,0.2086
2080,2025,0.2059
2081,2006,0.20999999
2081,2007,0.20999999
2081,2008,0.2102
2081,2009,0.20909999
2081,2010,0.2061
2081,2011,0.2067
2081,2012,0.20640001
2081,2013,0.21080001
2081,2014,0.2138
2081,2015,0.21789999
2081,2016,0.2199
2081,2017,0.22239999
2081,2018,0.22490001
2081,2019,0.22679999
2081,2020,0.2243
2081,2021,0.2217
2081,2022,0.2183
2081,2023,0.21269999
2081,2024,0.2085
2081,2025,0.20379999
2082,2006,0.21789999
2082,2007,0.2101
2082,2008,0.2033
2082,2009,0.19769999
2082,2010,0.19230001
2082,2011,0.19230001
2082,2012,0.1901
2082,2013,0.1909
2082,2014,0.19050001
2082,2015,0.1926
2082,2016,0.19670001
2082,2017,0.2007
2082,2018,0.1999
2082,2019,0.2008
2082,2020,0.20280001
2082,2021,0.2044
2082,2022,0.2035
2082,2023,0.20299999
2082,2024,0.2014
2082,2025,0.2017
2083,2006,0.2042
2083,2007,0.1998
2083,2008,0.19419999
2083,2009,0.1883
2083,2010,0.18619999
2083,2011,0.183
2083,2012,0.18430001
2083,2013,0.18089999
2083,2014,0.18080001
2083,2015,0.1838
2083,2016,0.18960001
2083,2017,0.19400001
2083,2018,0.19509999
2083,2019,0.19410001
2083,2020,0.1946
2083,2021,0.19580001
2083,2022,0.19499999
2083,2023,0.1929
2083,2024,0.1913
2083,2025,0.18719999
2084,2006,0.18799999
2084,2007,0.1865
2084,2008,0.18359999
2084,2009,0.17919999
2084,2010,0.17560001
2084,2011,0.1728
2084,2012,0.17389999
2084,2013,0.1768
2084,2014,0.1794
2084,2015,0.18449999
2084,2016,0.1904
2084,2017,0.1938
2084,2018,0.1978
2084,2019,0.20029999
2084,2020,0.20119999
2084,2021,0.2017
2084,2022,0.2007
2084,2023,0.1989
2084,2024,0.1944
2084,2025,0.1928
2085,2006,0.19149999
2085,2007,0.1899
2085,2008,0.18719999
2085,2009,0.185
2085,2010,0.1811
2085,2011,0.1793
2085,2012,0.18179999
2085,2013,0.18440001
2085,2014,0.18799999
2085,2015,0.19239999
2085,2016,0.1991
2085,2017,0.2025
2085,2018,0.2069
2085,2019,0.21089999
2085,2020,0.2095
2085,2021,0.20810001
2085,2022,0.2068
2085,2023,0.20460001
2085,2024,0.20379999
2085,2025,0.20110001
2101,2006,0.1981
2101,2007,0.19050001
2101,2008,0.1917
2101,2009,0.1866
2101,2010,0.1776
2101,2011,0.1742
2101,2012,0.1708
2101,2013,0.168
2101,2014,0.167
2101,2015,0.16580001
2101,2016,0.1646
2101,2017,0.1696
2101,2018,0.17460001
2101,2019,0.1825
2101,2020,0.1839
2101,2021,0.1822
2101,2022,0.1777
2101,2023,0.1759
2101,2024,0.1725
2101,2025,0.1728
2104,2006,0.1988
2104,2007,0.1953
2104,2008,0.1936
2104,2009,0.18979999
2104,2010,0.18610001
2104,2011,0.18170001
2104,2012,0.1811
2104,2013,0.1813
2104,2014,0.18009999
2104,2015,0.18099999
2104,2016,0.18440001
2104,2017,0.18520001
2104,2018,0.18269999
2104,2019,0.1859
2104,2020,0.1882
2104,2021,0.1908
2104,2022,0.1886
2104,2023,0.18629999
2104,2024,0.18189999
2104,2025,0.1805
2121,2006,0.199
2121,2007,0.19509999
2121,2008,0.1892
2121,2009,0.1868
2121,2010,0.1831
2121,2011,0.1815
2121,2012,0.1803
2121,2013,0.18009999
2121,2014,0.1805
2121,2015,0.1831
2121,2016,0.1846
2121,2017,0.1865
2121,2018,0.1881
2121,2019,0.1911
2121,2020,0.1944
2121,2021,0.1991
2121,2022,0.19859999
2121,2023,0.1997
2121,2024,0.1965
2121,2025,0.19220001
2132,2006,0.2043
2132,2007,0.2045
2132,2008,0.19760001
2132,2009,0.19149999
2132,2010,0.1908
2132,2011,0.1892
2132,2012,0.1882
2132,2013,0.189
2132,2014,0.1886
2132,2015,0.189
2132,2016,0.1909
2132,2017,0.1947
2132,2018,0.1996
2132,2019,0.2023
2132,2020,0.2023
2132,2021,0.1982
2132,2022,0.2008
2132,2023,0.1991
2132,2024,0.19670001
2132,2025,0.1961
2161,2006,0.19419999
2161,2007,0.1929
2161,2008,0.1895
2161,2009,0.1877
2161,2010,0.1849
2161,2011,0.18350001
2161,2012,0.1851
2161,2013,0.1874
2161,2014,0.1868
2161,2015,0.1885
2161,2016,0.1895
2161,2017,0.1904
2161,2018,0.191
2161,2019,0.1908
2161,2020,0.1904
2161,2021,0.1881
2161,2022,0.18709999
2161,2023,0.18279999
2161,2024,0.18000001
2161,2025,0.17659999
2180,2006,0.2036
2180,2007,0.2017
2180,2008,0.2006
2180,2009,0.1988
2180,2010,0.1964
2180,2011,0.1947
2180,2012,0.1955
2180,2013,0.1978
2180,2014,0.2008
2180,2015,0.20280001
2180,2016,0.20389999
2180,2017,0.2061
2180,2018,0.2075
2180,2019,0.208
2180,2020,0.207
2180,2021,0.2059
2180,2022,0.20290001
2180,2023,0.20119999
2180,2024,0.1981
2180,2025,0.19490001
2181,2006,0.2031
2181,2007,0.20100001
2181,2008,0.19599999
2181,2009,0.1952
2181,2010,0.19069999
2181,2011,0.1881
2181,2012,0.1859
2181,2013,0.18790001
2181,2014,0.19149999
2181,2015,0.1947
2181,2016,0.19949999
2181,2017,0.2018
2181,2018,0.20280001
2181,2019,0.204
2181,2020,0.20370001
2181,2021,0.20209999
2181,2022,0.2008
2181,2023,0.1963
2181,2024,0.19149999
2181,2025,0.18629999
2182,2006,0.1957
2182,2007,0.19159999
2182,2008,0.18709999
2182,2009,0.1805
2182,2010,0.1778
2182,2011,0.1728
2182,2012,0.17020001
2182,2013,0.1742
2182,2014,0.176
2182,2015,0.1802
2182,2016,0.1846
2182,2017,0.18719999
2182,2018,0.1886
2182,2019,0.1909
2182,2020,0.1908
2182,2021,0.1911
2182,2022,0.1909
2182,2023,0.1864
2182,2024,0.1822
2182,2025,0.1795
2183,2006,0.19859999
2183,2007,0.19580001
2183,2008,0.1918
2183,2009,0.18719999
2183,2010,0.1874
2183,2011,0.1855
2183,2012,0.18340001
2183,2013,0.185
2183,2014,0.1856
2183,2015,0.18880001
2183,2016,0.1917
2183,2017,0.1962
2183,2018,0.19949999
2183,2019,0.2016
2183,2020,0.2008
2183,2021,0.1991
2183,2022,0.19750001
2183,2023,0.1944
2183,2024,0.1926
2183,2025,0.191
2184,2006,0.207
2184,2007,0.20379999
2184,2008,0.20039999
2184,2009,0.19750001
2184,2010,0.1939
2184,2011,0.1925
2184,2012,0.1929
2184,2013,0.1918
2184,2014,0.1919
2184,2015,0.19400001
2184,2016,0.1955
2184,2017,0.1962
2184,2018,0.1962
2184,2019,0.1965
2184,2020,0.1955
2184,2021,0.1952
2184,2022,0.1928
2184,2023,0.191
2184,2024,0.18719999
2184,2025,0.1833
2260,2006,0.19930001
2260,2007,0.19580001
2260,2008,0.19320001
2260,2009,0.1877
2260,2010,0.1823
2260,2011,0.1772
2260,2012,0.1714
2260,2013,0.1683
2260,2014,0.1674
2260,2015,0.1693
2260,2016,0.1724
2260,2017,0.17120001
2260,2018,0.1749
2260,2019,0.1754
2260,2020,0.17460001
2260,2021,0.17749999
2260,2022,0.1749
2260,2023,0.1727
2260,2024,0.1714
2260,2025,0.16580001
2262,2006,0.2233
2262,2007,0.21780001
2262,2008,0.2186
2262,2009,0.21520001
2262,2010,0.2139
2262,2011,0.21259999
2262,2012,0.20990001
2262,2013,0.20919999
2262,2014,0.2094
2262,2015,0.20730001
2262,2016,0.20640001
2262,2017,0.20630001
2262,2018,0.20469999
2262,2019,0.2035
2262,2020,0.2016
2262,2021,0.1996
2262,2022,0.19750001
2262,2023,0.1944
2262,2024,0.19140001
2262,2025,0.1892
2280,2006,0.2007
2280,2007,0.1992
2280,2008,0.19490001
2280,2009,0.1939
2280,2010,0.18979999
2280,2011,0.18799999
2280,2012,0.1868
2280,2013,0.18780001
2280,2014,0.1882
2280,2015,0.1921
2280,2016,0.19580001
2280,2017,0.1991
2280,2018,0.1988
2280,2019,0.2018
2280,2020,0.20029999
2280,2021,0.20020001
2280,2022,0.19930001
2280,2023,0.1957
2280,2024,0.19509999
2280,2025,0.19159999
2281,2006,0.20379999
2281,2007,0.2026
2281,2008,0.2009
2281,2009,0.2001
2281,2010,0.1979
2281,2011,0.19760001
2281,2012,0.197
2281,2013,0.198
2281,2014,0.19850001
2281,2015,0.2009
2281,2016,0.20299999
2281,2017,0.2054
2281,2018,0.2061
2281,2019,0.2066
2281,2020,0.2059
2281,2021,0.20389999
2281,2022,0.2009
2281,2023,0.198
2281,2024,0.19499999
2281,2025,0.19140001
2282,2006,0.1867
2282,2007,0.1831
2282,2008,0.1796
2282,2009,0.1728
2282,2010,0.16779999
2282,2011,0.1657
2282,2012,0.16599999
2282,2013,0.16599999
2282,2014,0.1655
2282,2015,0.1663
2282,2016,0.1706
2282,2017,0.1744
2282,2018,0.1772
2282,2019,0.17829999
2282,2020,0.1772
2282,2021,0.175
2282,2022,0.1724
2282,2023,0.17020001
2282,2024,0.16779999
2282,2025,0.1663
2283,2006,0.1869
2283,2007,0.1846
2283,2008,0.1833
2283,2009,0.1789
2283,2010,0.1776
2283,2011,0.17839999
2283,2012,0.17649999
2283,2013,0.1758
2283,2014,0.17919999
2283,2015,0.1811
2283,2016,0.1857
2283,2017,0.1895
2283,2018,0.1908
2283,2019,0.1891
2283,2020,0.1866
2283,2021,0.18629999
2283,2022,0.18629999
2283,2023,0.185
2283,2024,0.1823
2283,2025,0.1805
2284,2006,0.2052
2284,2007,0.2031
2284,2008,0.20119999
2284,2009,0.1988
2284,2010,0.1971
2284,2011,0.1956
2284,2012,0.19490001
2284,2013,0.19419999
2284,2014,0.1957
2284,2015,0.1983
2284,2016,0.2008
2284,2017,0.2035
2284,2018,0.2053
2284,2019,0.20739999
2284,2020,0.20730001
2284,2021,0.20730001
2284,2022,0.2051
2284,2023,0.2041
2284,2024,0.2013
2284,2025,0.19859999
2303,2006,0.19320001
2303,2007,0.18970001
2303,2008,0.1848
2303,2009,0.17900001
2303,2010,0.17659999
2303,2011,0.1723
2303,2012,0.1716
2303,2013,0.1719
2303,2014,0.1741
2303,2015,0.1736
2303,2016,0.1823
2303,2017,0.18700001
2303,2018,0.18529999
2303,2019,0.1858
2303,2020,0.1838
2303,2021,0.186
2303,2022,0.1867
2303,2023,0.1873
2303,2024,0.1821
2303,2025,0.178
2305,2006,0.2102
2305,2007,0.205
2305,2008,0.20190001
2305,2009,0.1952
2305,2010,0.1904
2305,2011,0.1846
2305,2012,0.183
2305,2013,0.18009999
2305,2014,0.17550001
2305,2015,0.17470001
2305,2016,0.17900001
2305,2017,0.1832
2305,2018,0.1823
2305,2019,0.178
2305,2020,0.17820001
2305,2021,0.1811
2305,2022,0.18009999
2305,2023,0.17460001
2305,2024,0.17030001
2305,2025,0.1682
2309,2006,0.23540001
2309,2007,0.2344
2309,2008,0.2322
2309,2009,0.2321
2309,2010,0.23459999
2309,2011,0.23379999
2309,2012,0.2344
2309,2013,0.2353
2309,2014,0.23549999
2309,2015,0.2395
2309,2016,0.2427
2309,2017,0.2454
2309,2018,0.2472
2309,2019,0.2471
2309,2020,0.24609999
2309,2021,0.2474
2309,2022,0.2466
2309,2023,0.2422
2309,2024,0.2387
2309,2025,0.2367
2313,2006,0.18960001
2313,2007,0.18619999
2313,2008,0.18080001
2313,2009,0.1724
2313,2010,0.17110001
2313,2011,0.17219999
2313,2012,0.1727
2313,2013,0.17219999
2313,2014,0.1719
2313,2015,0.1692
2313,2016,0.1743
2313,2017,0.17900001
2313,2018,0.1788
2313,2019,0.18089999
2313,2020,0.18340001
2313,2021,0.18269999
2313,2022,0.1824
2313,2023,0.17550001
2313,2024,0.17569999
2313,2025,0.1736
2321,2006,0.2146
2321,2007,0.2113
2321,2008,0.2071
2321,2009,0.20379999
2321,2010,0.2024
2321,2011,0.2009
2321,2012,0.2005
2321,2013,0.1996
2321,2014,0.197
2321,2015,0.19930001
2321,2016,0.2036
2321,2017,0.2053
2321,2018,0.21179999
2321,2019,0.21359999
2321,2020,0.214
2321,2021,0.2132
2321,2022,0.21179999
2321,2023,0.2102
2321,2024,0.2097
2321,2025,0.2069
2326,2006,0.2068
2326,2007,0.2033
2326,2008,0.19329999
2326,2009,0.1881
2326,2010,0.1848
2326,2011,0.183
2326,2012,0.178
2326,2013,0.1803
2326,2014,0.1811
2326,2015,0.1816
2326,2016,0.18780001
2326,2017,0.1904
2326,2018,0.19220001
2326,2019,0.19400001
2326,2020,0.1956
2326,2021,0.1965
2326,2022,0.1961
2326,2023,0.19410001
2326,2024,0.18870001
2326,2025,0.18539999
2361,2006,0.1868
2361,2007,0.1816
2361,2008,0.1754
2361,2009,0.17
2361,2010,0.1647
2361,2011,0.16339999
2361,2012,0.164
2361,2013,0.1644
2361,2014,0.1587
2361,2015,0.1603
2361,2016,0.16
2361,2017,0.1629
2361,2018,0.1636
2361,2019,0.16339999
2361,2020,0.1628
2361,2021,0.16
2361,2022,0.15979999
2361,2023,0.1593
2361,2024,0.15989999
2361,2025,0.1601
2380,2006,0.1972
2380,2007,0.19679999
2380,2008,0.1952
2380,2009,0.1928
2380,2010,0.1913
2380,2011,0.1902
2380,2012,0.18870001
2380,2013,0.18979999
2380,2014,0.1927
2380,2015,0.1965
2380,2016,0.19840001
2380,2017,0.2016
2380,2018,0.2035
2380,2019,0.2043
2380,2020,0.20479999
2380,2021,0.2042
2380,2022,0.20209999
2380,2023,0.20100001
2380,2024,0.1992
2380,2025,0.1964
2401,2006,0.2095
2401,2007,0.2018
2401,2008,0.197
2401,2009,0.1938
2401,2010,0.18880001
2401,2011,0.1876
2401,2012,0.18709999
2401,2013,0.1856
2401,2014,0.189
2401,2015,0.1901
2401,2016,0.1955
2401,2017,0.1936
2401,2018,0.1937
2401,2019,0.19220001
2401,2020,0.19149999
2401,2021,0.19069999
2401,2022,0.1919
2401,2023,0.1893
2401,2024,0.18520001
2401,2025,0.185
2403,2006,0.20819999
2403,2007,0.206
2403,2008,0.2015
2403,2009,0.1944
2403,2010,0.19069999
2403,2011,0.18719999
2403,2012,0.1859
2403,2013,0.186
2403,2014,0.184
2403,2015,0.183
2403,2016,0.1911
2403,2017,0.1918
2403,2018,0.1902
2403,2019,0.186
2403,2020,0.1877
2403,2021,0.1883
2403,2022,0.19599999
2403,2023,0.1934
2403,2024,0.1971
2403,2025,0.19220001
2404,2006,0.19419999
2404,2007,0.1945
2404,2008,0.1919
2404,2009,0.18350001
2404,2010,0.1798
2404,2011,0.18179999
2404,2012,0.1825
2404,2013,0.18709999
2404,2014,0.1869
2404,2015,0.1908
2404,2016,0.1918
2404,2017,0.19599999
2404,2018,0.2018
2404,2019,0.2014
2404,2020,0.2058
2404,2021,0.2067
2404,2022,0.2059
2404,2023,0.2088
2404,2024,0.2077
2404,2025,0.2071
2409,2006,0.2157
2409,2007,0.2105
2409,2008,0.2042
2409,2009,0.2006
2409,2010,0.1997
2409,2011,0.19859999
2409,2012,0.19760001
2409,2013,0.1926
2409,2014,0.19050001
2409,2015,0.19850001
2409,2016,0.1999
2409,2017,0.1997
2409,2018,0.19949999
2409,2019,0.20100001
2409,2020,0.2015
2409,2021,0.20280001
2409,2022,0.2031
2409,2023,0.1999
2409,2024,0.1946
2409,2025,0.1911
2417,2006,0.2033
2417,2007,0.2018
2417,2008,0.1978
2417,2009,0.1956
2417,2010,0.19400001
2417,2011,0.19159999
2417,2012,0.19220001
2417,2013,0.1962
2417,2014,0.1978
2417,2015,0.1964
2417,2016,0.1983
2417,2017,0.20039999
2417,2018,0.1983
2417,2019,0.19419999
2417,2020,0.1911
2417,2021,0.19490001
2417,2022,0.19509999
2417,2023,0.1937
2417,2024,0.19859999
2417,2025,0.1892
2418,2006,0.2052
2418,2007,0.20370001
2418,2008,0.2033
2418,2009,0.1991
2418,2010,0.1918
2418,2011,0.18889999
2418,2012,0.18619999
2418,2013,0.1838
2418,2014,0.182
2418,2015,0.1882
2418,2016,0.1903
2418,2017,0.2017
2418,2018,0.2018
2418,2019,0.1998
2418,2020,0.1961
2418,2021,0.1974
2418,2022,0.19679999
2418,2023,0.1997
2418,2024,0.1989
2418,2025,0.19059999
2421,2006,0.18799999
2421,2007,0.1867
2421,2008,0.1856
2421,2009,0.18189999
2421,2010,0.17550001
2421,2011,0.1742
2421,2012,0.1708
2421,2013,0.17
2421,2014,0.1691
2421,2015,0.1683
2421,2016,0.169
2421,2017,0.1727
2421,2018,0.1771
2421,2019,0.17479999
2421,2020,0.1772
2421,2021,0.1781
2421,2022,0.17839999
2421,2023,0.17919999
2421,2024,0.17640001
2421,2025,0.1724
2422,2006,0.1908
2422,2007,0.1786
2422,2008,0.17640001
2422,2009,0.18009999
2422,2010,0.1831
2422,2011,0.1865
2422,2012,0.1856
2422,2013,0.1796
2422,2014,0.1895
2422,2015,0.18440001
2422,2016,0.1877
2422,2017,0.1824
2422,2018,0.1753
2422,2019,0.1679
2422,2020,0.1753
2422,2021,0.17560001
2422,2022,0.1802
2422,2023,0.178
2422,2024,0.1735
2422,2025,0.1734
2425,2006,0.18099999
2425,2007,0.1732
2425,2008,0.1734
2425,2009,0.17110001
2425,2010,0.1716
2425,2011,0.16769999
2425,2012,0.16500001
2425,2013,0.1661
2425,2014,0.1683
2425,2015,0.1723
2425,2016,0.178
2425,2017,0.1735
2425,2018,0.1706
2425,2019,0.17290001
2425,2020,0.16850001
2425,2021,0.1769
2425,2022,0.1803
2425,2023,0.1706
2425,2024,0.1639
2425,2025,0.1652
2460,2006,0.2413
2460,2007,0.2343
2460,2008,0.2291
2460,2009,0.2233
2460,2010,0.2186
2460,2011,0.2183
2460,2012,0.21690001
2460,2013,0.21879999
2460,2014,0.2226
2460,2015,0.2252
2460,2016,0.2274
2460,2017,0.22840001
2460,2018,0.2265
2460,2019,0.2305
2460,2020,0.2296
2460,2021,0.2315
2460,2022,0.22920001
2460,2023,0.23199999
2460,2024,0.229
2460,2025,0.2304
2462,2006,0.2132
2462,2007,0.2097
2462,2008,0.2054
2462,2009,0.20370001
2462,2010,0.20389999
2462,2011,0.19930001
2462,2012,0.20100001
2462,2013,0.1981
2462,2014,0.1952
2462,2015,0.1965
2462,2016,0.1981
2462,2017,0.1971
2462,2018,0.1934
2462,2019,0.19
2462,2020,0.1866
2462,2021,0.18269999
2462,2022,0.18350001
2462,2023,0.1807
2462,2024,0.17900001
2462,2025,0.1767
2463,2006,0.1926
2463,2007,0.1926
2463,2008,0.1893
2463,2009,0.1851
2463,2010,0.17640001
2463,2011,0.1719
2463,2012,0.1758
2463,2013,0.16869999
2463,2014,0.1681
2463,2015,0.17129999
2463,2016,0.1715
2463,2017,0.1727
2463,2018,0.17200001
2463,2019,0.1736
2463,2020,0.17749999
2463,2021,0.1714
2463,2022,0.1743
2463,2023,0.17659999
2463,2024,0.1778
2463,2025,0.1734
2480,2006,0.2041
2480,2007,0.2026
2480,2008,0.2008
2480,2009,0.198
2480,2010,0.1955
2480,2011,0.1943
2480,2012,0.1937
2480,2013,0.19410001
2480,2014,0.1943
2480,2015,0.1956
2480,2016,0.1982
2480,2017,0.20029999
2480,2018,0.20119999
2480,2019,0.2022
2480,2020,0.2025
2480,2021,0.2014
2480,2022,0.19939999
2480,2023,0.1974
2480,2024,0.19400001
2480,2025,0.19059999
2481,2006,0.2031
2481,2007,0.2
2481,2008,0.1974
2481,2009,0.1927
2481,2010,0.19239999
2481,2011,0.1912
2481,2012,0.19050001
2481,2013,0.1911
2481,2014,0.1929
2481,2015,0.1937
2481,2016,0.1991
2481,2017,0.2023
2481,2018,0.206
2481,2019,0.2069
2481,2020,0.2061
2481,2021,0.2097
2481,2022,0.212
2481,2023,0.2094
2481,2024,0.206
2481,2025,0.20280001
2482,2006,0.2104
2482,2007,0.2077
2482,2008,0.2044
2482,2009,0.1999
2482,2010,0.19660001
2482,2011,0.19419999
2482,2012,0.1925
2482,2013,0.1926
2482,2014,0.1929
2482,2015,0.19320001
2482,2016,0.19589999
2482,2017,0.199
2482,2018,0.1992
2482,2019,0.19930001
2482,2020,0.199
2482,2021,0.1988
2482,2022,0.1982
2482,2023,0.1947
2482,2024,0.1938
2482,2025,0.1935
2505,2006,0.1869
2505,2007,0.1841
2505,2008,0.1807
2505,2009,0.1786
2505,2010,0.176
2505,2011,0.1777
2505,2012,0.1762
2505,2013,0.17649999
2505,2014,0.1823
2505,2015,0.1804
2505,2016,0.18009999
2505,2017,0.18089999
2505,2018,0.17910001
2505,2019,0.17990001
2505,2020,0.18179999
2505,2021,0.18279999
2505,2022,0.17900001
2505,2023,0.1778
2505,2024,0.17839999
2505,2025,0.1718
2506,2006,0.17550001
2506,2007,0.1693
2506,2008,0.1675
2506,2009,0.1664
2506,2010,0.16230001
2506,2011,0.16150001
2506,2012,0.1637
2506,2013,0.1644
2506,2014,0.1613
2506,2015,0.15970001
2506,2016,0.16419999
2506,2017,0.16419999
2506,2018,0.1654
2506,2019,0.1706
2506,2020,0.1637
2506,2021,0.1636
2506,2022,0.1627
2506,2023,0.16140001
2506,2024,0.1585
2506,2025,0.154
2510,2006,0.18700001
2510,2007,0.18000001
2510,2008,0.1742
2510,2009,0.1697
2510,2010,0.1652
2510,2011,0.15899999
2510,2012,0.15459999
2510,2013,0.15549999
2510,2014,0.15790001
2510,2015,0.1587
2510,2016,0.16419999
2510,2017,0.163
2510,2018,0.1628
2510,2019,0.1603
2510,2020,0.1585
2510,2021,0.15790001
2510,2022,0.1605
2510,2023,0.1622
2510,2024,0.16509999
2510,2025,0.16509999
2513,2006,0.1715
2513,2007,0.1663
2513,2008,0.15800001
2513,2009,0.15449999
2513,2010,0.15090001
2513,2011,0.1451
2513,2012,0.1436
2513,2013,0.1444
2513,2014,0.14489999
2513,2015,0.1505
2513,2016,0.14480001
2513,2017,0.1488
2513,2018,0.14569999
2513,2019,0.14839999
2513,2020,0.14470001
2513,2021,0.14300001
2513,2022,0.1402
2513,2023,0.1433
2513,2024,0.1425
2513,2025,0.1505
2514,2006,0.197
2514,2007,0.1934
2514,2008,0.1904
2514,2009,0.1849
2514,2010,0.1821
2514,2011,0.1804
2514,2012,0.1796
2514,2013,0.17730001
2514,2014,0.17550001
2514,2015,0.1754
2514,2016,0.1737
2514,2017,0.1733
2514,2018,0.1732
2514,2019,0.1707
2514,2020,0.1727
2514,2021,0.1744
2514,2022,0.1734
2514,2023,0.1727
2514,2024,0.1692
2514,2025,0.1672
2518,2006,0.19230001
2518,2007,0.1885
2518,2008,0.1883
2518,2009,0.1876
2518,2010,0.18179999
2518,2011,0.17749999
2518,2012,0.1691
2518,2013,0.1673
2518,2014,0.1696
2518,2015,0.16069999
2518,2016,0.15459999
2518,2017,0.1547
2518,2018,0.15459999
2518,2019,0.15099999
2518,2020,0.1494
2518,2021,0.1487
2518,2022,0.1476
2518,2023,0.1495
2518,2024,0.1499
2518,2025,0.1469
2521,2006,0.18179999
2521,2007,0.1786
2521,2008,0.1745
2521,2009,0.1723
2521,2010,0.1718
2521,2011,0.1684
2521,2012,0.16869999
2521,2013,0.1672
2521,2014,0.16859999
2521,2015,0.16779999
2521,2016,0.1718
2521,2017,0.1769
2521,2018,0.176
2521,2019,0.1778
2521,2020,0.17209999
2521,2021,0.17309999
2521,2022,0.17
2521,2023,0.1737
2521,2024,0.1742
2521,2025,0.176
2523,2006,0.1926
2523,2007,0.18709999
2523,2008,0.1816
2523,2009,0.1763
2523,2010,0.17
2523,2011,0.16680001
2523,2012,0.1646
2523,2013,0.1656
2523,2014,0.1662
2523,2015,0.1693
2523,2016,0.17209999
2523,2017,0.1732
2523,2018,0.1741
2523,2019,0.17730001
2523,2020,0.1794
2523,2021,0.183
2523,2022,0.1822
2523,2023,0.184
2523,2024,0.182
2523,2025,0.1811
2560,2006,0.2076
2560,2007,0.2033
2560,2008,0.1991
2560,2009,0.1926
2560,2010,0.1884
2560,2011,0.1883
2560,2012,0.1885
2560,2013,0.18619999
2560,2014,0.18790001
2560,2015,0.1882
2560,2016,0.1937
2560,2017,0.19239999
2560,2018,0.1902
2560,2019,0.1903
2560,2020,0.1893
2560,2021,0.18529999
2560,2022,0.1839
2560,2023,0.1848
2560,2024,0.18449999
2560,2025,0.1846
2580,2006,0.2007
2580,2007,0.1981
2580,2008,0.19589999
2580,2009,0.1912
2580,2010,0.18870001
2580,2011,0.1868
2580,2012,0.18520001
2580,2013,0.1841
2580,2014,0.1846
2580,2015,0.18449999
2580,2016,0.1855
2580,2017,0.18790001
2580,2018,0.1881
2580,2019,0.1881
2580,2020,0.1877
2580,2021,0.1881
2580,2022,0.1874
2580,2023,0.1847
2580,2024,0.18179999
2580,2025,0.1794
2581,2006,0.2121
2581,2007,0.208
2581,2008,0.2041
2581,2009,0.199
2581,2010,0.19580001
2581,2011,0.1939
2581,2012,0.191
2581,2013,0.1912
2581,2014,0.19050001
2581,2015,0.1925
2581,2016,0.19499999
2581,2017,0.1971
2581,2018,0.1946
2581,2019,0.1953
2581,2020,0.1955
2581,2021,0.19509999
2581,2022,0.1937
2581,2023,0.19320001
2581,2024,0.192
2581,2025,0.19050001
2582,2006,0.2084
2582,2007,0.2053
2582,2008,0.1988
2582,2009,0.1938
2582,2010,0.189
2582,2011,0.18719999
2582,2012,0.1832
2582,2013,0.18260001
2582,2014,0.1796
2582,2015,0.18080001
2582,2016,0.1842
2582,2017,0.1841
2582,2018,0.1842
2582,2019,0.184
2582,2020,0.18359999
2582,2021,0.184
2582,2022,0.18189999
2582,2023,0.182
2582,2024,0.1812
2582,2025,0.17900001
2583,2006,0.19859999
2583,2007,0.1947
2583,2008,0.1918
2583,2009,0.1874
2583,2010,0.1856
2583,2011,0.1849
2583,2012,0.18529999
2583,2013,0.1838
2583,2014,0.1824
2583,2015,0.18709999
2583,2016,0.1881
2583,2017,0.1881
2583,2018,0.1882
2583,2019,0.1902
2583,2020,0.1891
2583,2021,0.18880001
2583,2022,0.1866
2583,2023,0.1807
2583,2024,0.1777
2583,2025,0.1743
2584,2006,0.21520001
2584,2007,0.21089999
2584,2008,0.2043
2584,2009,0.2001
2584,2010,0.19840001
2584,2011,0.1963
2584,2012,0.1954
2584,2013,0.19580001
2584,2014,0.1962
2584,2015,0.1961
2584,2016,0.19589999
2584,2017,0.1969
2584,2018,0.1972
2584,2019,0.1969
2584,2020,0.19660001
2584,2021,0.1969
2584,2022,0.19499999
2584,2023,0.1917
2584,2024,0.18700001
2584,2025,0.1873
