kommun,year,andel_vaccinerade_18
0114,1,0.001
0114,2,0.006
0114,3,0.019
0114,4,0.021
0114,5,0.027
0114,6,0.031
0114,7,0.032
0114,8,0.037
0114,9,0.048
0114,10,0.064
0114,11,0.08
0114,12,0.095
0114,13,0.114
0114,14,0.135
0114,15,0.172
0114,16,0.208
0114,17,0.257
0114,18,0.29
0114,19,0.336
0114,20,0.373
0114,21,0.407
0114,22,0.436
0114,23,0.469
0114,24,0.504
0114,25,0.537
0114,26,0.558
0114,27,0.583
0114,28,0.616
0114,29,0.651
0114,30,0.677
0114,31,0.688
0114,32,0.699
0114,33,0.711
0114,34,0.72
0114,35,0.727
0114,36,0.735
0114,37,0.743
0114,38,0.748
0114,39,0.753
0114,40,0.755
0114,41,0.758
0114,42,0.76
0114,43,0.762
0114,44,0.763
0114,45,0.765
0114,46,0.766
0114,47,0.769
0114,48,0.772
0114,49,0.776
0114,50,0.779
0114,51,0.782
0114,52,0.783
0115,1,0.001
0115,2,0.007
0115,3,0.012
0115,4,0.015
0115,5,0.031
0115,6,0.032
0115,7,0.034
0115,8,0.04
0115,9,0.053
0115,10,0.068
0115,11,0.081
0115,12,0.093
0115,13,0.117
0115,14,0.144
0115,15,0.175
0115,16,0.218
0115,17,0.271
0115,18,0.31
0115,19,0.363
0115,20,0.413
0115,21,0.456
0115,22,0.491
0115,23,0.536
0115,24,0.58
0115,25,0.628
0115,26,0.65
0115,27,0.678
0115,28,0.714
0115,29,0.748
0115,30,0.779
0115,31,0.789
0115,32,0.797
0115,33,0.807
0115,34,0.816
0115,35,0.823
0115,36,0.831
0115,37,0.837
0115,38,0.841
0115,39,0.844
0115,40,0.846
0115,41,0.848
0115,42,0.85
0115,43,0.851
0115,44,0.852
0115,45,0.853
0115,46,0.854
0115,47,0.856
0115,48,0.858
0115,49,0.864
0115,50,0.866
0115,51,0.868
0115,52,0.868
0117,1,0.003
0117,2,0.008
0117,3,0.015
0117,4,0.024
0117,5,0.034
0117,6,0.035
0117,7,0.036
0117,8,0.043
0117,9,0.051
0117,10,0.065
0117,11,0.076
0117,12,0.088
0117,13,0.127
0117,14,0.148
0117,15,0.196
0117,16,0.242
0117,17,0.296
0117,18,0.337
0117,19,0.39
0117,20,0.436
0117,21,0.473
0117,22,0.505
0117,23,0.545
0117,24,0.586
0117,25,0.627
0117,26,0.652
0117,27,0.679
0117,28,0.714
0117,29,0.748
0117,30,0.778
0117,31,0.787
0117,32,0.796
0117,33,0.808
0117,34,0.818
0117,35,0.825
0117,36,0.831
0117,37,0.838
0117,38,0.842
0117,39,0.845
0117,40,0.847
0117,41,0.85
0117,42,0.852
0117,43,0.853
0117,44,0.854
0117,45,0.856
0117,46,0.856
0117,47,0.858
0117,48,0.861
0117,49,0.865
0117,50,0.868
0117,51,0.87
0117,52,0.871
0120,1,0.005
0120,2,0.013
0120,3,0.017
0120,4,0.026
0120,5,0.03
0120,6,0.031
0120,7,0.032
0120,8,0.042
0120,9,0.055
0120,10,0.069
0120,11,0.081
0120,12,0.089
0120,13,0.115
0120,14,0.158
0120,15,0.195
0120,16,0.235
0120,17,0.284
0120,18,0.327
0120,19,0.371
0120,20,0.426
0120,21,0.469
0120,22,0.506
0120,23,0.54
0120,24,0.579
0120,25,0.621
0120,26,0.646
0120,27,0.669
0120,28,0.703
0120,29,0.741
0120,30,0.769
0120,31,0.782
0120,32,0.799
0120,33,0.811
0120,34,0.82
0120,35,0.829
0120,36,0.837
0120,37,0.842
0120,38,0.847
0120,39,0.85
0120,40,0.853
0120,41,0.855
0120,42,0.856
0120,43,0.857
0120,44,0.859
0120,45,0.86
0120,46,0.861
0120,47,0.863
0120,48,0.865
0120,49,0.869
0120,50,0.873
0120,51,0.875
0120,52,0.875
0123,1,0.002
0123,2,0.007
0123,3,0.01
0123,4,0.012
0123,5,0.017
0123,6,0.026
0123,7,0.029
0123,8,0.034
0123,9,0.046
0123,10,0.059
0123,11,0.072
0123,12,0.082
0123,13,0.113
0123,14,0.134
0123,15,0.169
0123,16,0.206
0123,17,0.246
0123,18,0.284
0123,19,0.328
0123,20,0.36
0123,21,0.389
0123,22,0.417
0123,23,0.451
0123,24,0.482
0123,25,0.518
0123,26,0.538
0123,27,0.562
0123,28,0.6
0123,29,0.637
0123,30,0.66
0123,31,0.677
0123,32,0.689
0123,33,0.7
0123,34,0.709
0123,35,0.716
0123,36,0.723
0123,37,0.73
0123,38,0.735
0123,39,0.74
0123,40,0.744
0123,41,0.747
0123,42,0.749
0123,43,0.751
0123,44,0.753
0123,45,0.755
0123,46,0.757
0123,47,0.759
0123,48,0.763
0123,49,0.767
0123,50,0.772
0123,51,0.775
0123,52,0.776
0125,1,0.002
0125,2,0.008
0125,3,0.011
0125,4,0.028
0125,5,0.029
0125,6,0.03
0125,7,0.034
0125,8,0.043
0125,9,0.057
0125,10,0.075
0125,11,0.089
0125,12,0.103
0125,13,0.122
0125,14,0.152
0125,15,0.194
0125,16,0.237
0125,17,0.288
0125,18,0.331
0125,19,0.388
0125,20,0.435
0125,21,0.485
0125,22,0.526
0125,23,0.57
0125,24,0.621
0125,25,0.658
0125,26,0.678
0125,27,0.701
0125,28,0.73
0125,29,0.757
0125,30,0.776
0125,31,0.785
0125,32,0.799
0125,33,0.811
0125,34,0.821
0125,35,0.829
0125,36,0.835
0125,37,0.84
0125,38,0.844
0125,39,0.848
0125,40,0.85
0125,41,0.853
0125,42,0.854
0125,43,0.855
0125,44,0.856
0125,45,0.857
0125,46,0.857
0125,47,0.859
0125,48,0.862
0125,49,0.864
0125,50,0.866
0125,51,0.868
0125,52,0.869
0126,1,0.003
0126,2,0.007
0126,3,0.013
0126,4,0.019
0126,5,0.022
0126,6,0.024
0126,7,0.028
0126,8,0.044
0126,9,0.054
0126,10,0.065
0126,11,0.071
0126,12,0.084
0126,13,0.099
0126,14,0.114
0126,15,0.137
0126,16,0.172
0126,17,0.209
0126,18,0.244
0126,19,0.295
0126,20,0.336
0126,21,0.375
0126,22,0.411
0126,23,0.447
0126,24,0.485
0126,25,0.519
0126,26,0.54
0126,27,0.564
0126,28,0.599
0126,29,0.634
0126,30,0.662
0126,31,0.677
0126,32,0.689
0126,33,0.701
0126,34,0.71
0126,35,0.718
0126,36,0.725
0126,37,0.732
0126,38,0.737
0126,39,0.741
0126,40,0.744
0126,41,0.747
0126,42,0.749
0126,43,0.751
0126,44,0.753
0126,45,0.754
0126,46,0.756
0126,47,0.759
0126,48,0.762
0126,49,0.766
0126,50,0.771
0126,51,0.774
0126,52,0.776
0127,1,0.001
0127,2,0.006
0127,3,0.016
0127,4,0.023
0127,5,0.029
0127,6,0.038
0127,7,0.044
0127,8,0.047
0127,9,0.056
0127,10,0.067
0127,11,0.087
0127,12,0.094
0127,13,0.1
0127,14,0.108
0127,15,0.131
0127,16,0.159
0127,17,0.195
0127,18,0.225
0127,19,0.268
0127,20,0.303
0127,21,0.336
0127,22,0.368
0127,23,0.395
0127,24,0.42
0127,25,0.443
0127,26,0.459
0127,27,0.476
0127,28,0.503
0127,29,0.526
0127,30,0.548
0127,31,0.56
0127,32,0.571
0127,33,0.584
0127,34,0.592
0127,35,0.601
0127,36,0.609
0127,37,0.617
0127,38,0.624
0127,39,0.628
0127,40,0.632
0127,41,0.636
0127,42,0.639
0127,43,0.641
0127,44,0.644
0127,45,0.646
0127,46,0.649
0127,47,0.653
0127,48,0.658
0127,49,0.662
0127,50,0.667
0127,51,0.671
0127,52,0.673
0128,1,0.005
0128,2,0.008
0128,3,0.015
0128,4,0.021
0128,5,0.03
0128,6,0.048
0128,7,0.052
0128,8,0.055
0128,9,0.065
0128,10,0.071
0128,11,0.13
0128,12,0.132
0128,13,0.142
0128,14,0.16
0128,15,0.189
0128,16,0.235
0128,17,0.272
0128,18,0.303
0128,19,0.359
0128,20,0.411
0128,21,0.457
0128,22,0.501
0128,23,0.536
0128,24,0.57
0128,25,0.599
0128,26,0.618
0128,27,0.635
0128,28,0.666
0128,29,0.696
0128,30,0.722
0128,31,0.736
0128,32,0.746
0128,33,0.759
0128,34,0.767
0128,35,0.774
0128,36,0.781
0128,37,0.787
0128,38,0.793
0128,39,0.796
0128,40,0.798
0128,41,0.801
0128,42,0.803
0128,43,0.805
0128,44,0.807
0128,45,0.809
0128,46,0.811
0128,47,0.816
0128,48,0.819
0128,49,0.823
0128,50,0.826
0128,51,0.829
0128,52,0.83
0136,1,0.001
0136,2,0.006
0136,3,0.016
0136,4,0.021
0136,5,0.025
0136,6,0.029
0136,7,0.032
0136,8,0.039
0136,9,0.052
0136,10,0.064
0136,11,0.075
0136,12,0.085
0136,13,0.106
0136,14,0.121
0136,15,0.159
0136,16,0.194
0136,17,0.234
0136,18,0.269
0136,19,0.307
0136,20,0.338
0136,21,0.368
0136,22,0.397
0136,23,0.428
0136,24,0.459
0136,25,0.493
0136,26,0.516
0136,27,0.54
0136,28,0.576
0136,29,0.615
0136,30,0.643
0136,31,0.66
0136,32,0.671
0136,33,0.684
0136,34,0.694
0136,35,0.702
0136,36,0.71
0136,37,0.716
0136,38,0.722
0136,39,0.726
0136,40,0.729
0136,41,0.731
0136,42,0.734
0136,43,0.735
0136,44,0.737
0136,45,0.739
0136,46,0.741
0136,47,0.744
0136,48,0.748
0136,49,0.753
0136,50,0.758
0136,51,0.761
0136,52,0.763
0138,1,0.001
0138,2,0.007
0138,3,0.012
0138,4,0.016
0138,5,0.029
0138,6,0.03
0138,7,0.034
0138,8,0.04
0138,9,0.054
0138,10,0.07
0138,11,0.083
0138,12,0.096
0138,13,0.126
0138,14,0.149
0138,15,0.197
0138,16,0.233
0138,17,0.272
0138,18,0.312
0138,19,0.358
0138,20,0.408
0138,21,0.448
0138,22,0.488
0138,23,0.527
0138,24,0.564
0138,25,0.605
0138,26,0.626
0138,27,0.65
0138,28,0.687
0138,29,0.725
0138,30,0.75
0138,31,0.764
0138,32,0.779
0138,33,0.791
0138,34,0.799
0138,35,0.807
0138,36,0.813
0138,37,0.819
0138,38,0.823
0138,39,0.827
0138,40,0.828
0138,41,0.83
0138,42,0.832
0138,43,0.833
0138,44,0.835
0138,45,0.836
0138,46,0.837
0138,47,0.839
0138,48,0.842
0138,49,0.846
0138,50,0.849
0138,51,0.852
0138,52,0.853
0139,1,0.004
0139,2,0.008
0139,3,0.011
0139,4,0.013
0139,5,0.026
0139,6,0.03
0139,7,0.034
0139,8,0.04
0139,9,0.05
0139,10,0.062
0139,11,0.072
0139,12,0.08
0139,13,0.109
0139,14,0.124
0139,15,0.163
0139,16,0.195
0139,17,0.244
0139,18,0.284
0139,19,0.322
0139,20,0.351
0139,21,0.378
0139,22,0.404
0139,23,0.434
0139,24,0.472
0139,25,0.507
0139,26,0.528
0139,27,0.554
0139,28,0.59
0139,29,0.624
0139,30,0.649
0139,31,0.664
0139,32,0.678
0139,33,0.69
0139,34,0.701
0139,35,0.71
0139,36,0.719
0139,37,0.726
0139,38,0.731
0139,39,0.735
0139,40,0.739
0139,41,0.742
0139,42,0.744
0139,43,0.746
0139,44,0.748
0139,45,0.751
0139,46,0.753
0139,47,0.756
0139,48,0.759
0139,49,0.763
0139,50,0.768
0139,51,0.771
0139,52,0.772
0140,1,0.003
0140,2,0.005
0140,3,0.02
0140,4,0.025
0140,5,0.028
0140,6,0.03
0140,7,0.034
0140,8,0.043
0140,9,0.057
0140,10,0.062
0140,11,0.076
0140,12,0.083
0140,13,0.13
0140,14,0.151
0140,15,0.194
0140,16,0.233
0140,17,0.276
0140,18,0.324
0140,19,0.364
0140,20,0.422
0140,21,0.472
0140,22,0.523
0140,23,0.571
0140,24,0.615
0140,25,0.651
0140,26,0.671
0140,27,0.694
0140,28,0.727
0140,29,0.756
0140,30,0.776
0140,31,0.789
0140,32,0.802
0140,33,0.812
0140,34,0.82
0140,35,0.828
0140,36,0.835
0140,37,0.841
0140,38,0.844
0140,39,0.848
0140,40,0.851
0140,41,0.853
0140,42,0.856
0140,43,0.858
0140,44,0.859
0140,45,0.86
0140,46,0.861
0140,47,0.863
0140,48,0.867
0140,49,0.871
0140,50,0.875
0140,51,0.877
0140,52,0.878
0160,1,0.002
0160,2,0.008
0160,3,0.013
0160,4,0.017
0160,5,0.02
0160,6,0.022
0160,7,0.024
0160,8,0.03
0160,9,0.042
0160,10,0.056
0160,11,0.072
0160,12,0.087
0160,13,0.131
0160,14,0.154
0160,15,0.197
0160,16,0.238
0160,17,0.289
0160,18,0.328
0160,19,0.38
0160,20,0.438
0160,21,0.484
0160,22,0.522
0160,23,0.565
0160,24,0.608
0160,25,0.652
0160,26,0.673
0160,27,0.701
0160,28,0.74
0160,29,0.778
0160,30,0.806
0160,31,0.817
0160,32,0.826
0160,33,0.837
0160,34,0.845
0160,35,0.853
0160,36,0.857
0160,37,0.863
0160,38,0.866
0160,39,0.869
0160,40,0.871
0160,41,0.873
0160,42,0.874
0160,43,0.875
0160,44,0.876
0160,45,0.877
0160,46,0.878
0160,47,0.879
0160,48,0.882
0160,49,0.884
0160,50,0.886
0160,51,0.887
0160,52,0.888
0162,1,0.003
0162,2,0.007
0162,3,0.012
0162,4,0.014
0162,5,0.015
0162,6,0.018
0162,7,0.019
0162,8,0.027
0162,9,0.04
0162,10,0.057
0162,11,0.064
0162,12,0.107
0162,13,0.138
0162,14,0.162
0162,15,0.206
0162,16,0.252
0162,17,0.306
0162,18,0.344
0162,19,0.403
0162,20,0.466
0162,21,0.516
0162,22,0.556
0162,23,0.599
0162,24,0.637
0162,25,0.669
0162,26,0.689
0162,27,0.711
0162,28,0.748
0162,29,0.784
0162,30,0.807
0162,31,0.817
0162,32,0.83
0162,33,0.842
0162,34,0.849
0162,35,0.856
0162,36,0.86
0162,37,0.864
0162,38,0.867
0162,39,0.869
0162,40,0.87
0162,41,0.872
0162,42,0.873
0162,43,0.874
0162,44,0.875
0162,45,0.876
0162,46,0.877
0162,47,0.879
0162,48,0.88
0162,49,0.882
0162,50,0.884
0162,51,0.886
0162,52,0.886
0163,1,0.001
0163,2,0.007
0163,3,0.011
0163,4,0.013
0163,5,0.022
0163,6,0.024
0163,7,0.025
0163,8,0.033
0163,9,0.043
0163,10,0.057
0163,11,0.068
0163,12,0.079
0163,13,0.109
0163,14,0.129
0163,15,0.163
0163,16,0.206
0163,17,0.252
0163,18,0.293
0163,19,0.344
0163,20,0.391
0163,21,0.435
0163,22,0.472
0163,23,0.513
0163,24,0.555
0163,25,0.59
0163,26,0.613
0163,27,0.641
0163,28,0.678
0163,29,0.714
0163,30,0.738
0163,31,0.749
0163,32,0.761
0163,33,0.772
0163,34,0.78
0163,35,0.786
0163,36,0.792
0163,37,0.797
0163,38,0.801
0163,39,0.805
0163,40,0.807
0163,41,0.809
0163,42,0.81
0163,43,0.812
0163,44,0.813
0163,45,0.814
0163,46,0.815
0163,47,0.817
0163,48,0.82
0163,49,0.822
0163,50,0.825
0163,51,0.827
0163,52,0.828
0180,1,0.002
0180,2,0.006
0180,3,0.012
0180,4,0.016
0180,5,0.02
0180,6,0.022
0180,7,0.025
0180,8,0.032
0180,9,0.043
0180,10,0.057
0180,11,0.067
0180,12,0.077
0180,13,0.097
0180,14,0.111
0180,15,0.14
0180,16,0.172
0180,17,0.211
0180,18,0.246
0180,19,0.289
0180,20,0.329
0180,21,0.364
0180,22,0.396
0180,23,0.433
0180,24,0.472
0180,25,0.515
0180,26,0.543
0180,27,0.584
0180,28,0.637
0180,29,0.681
0180,30,0.71
0180,31,0.725
0180,32,0.739
0180,33,0.75
0180,34,0.759
0180,35,0.766
0180,36,0.772
0180,37,0.778
0180,38,0.783
0180,39,0.786
0180,40,0.788
0180,41,0.79
0180,42,0.792
0180,43,0.794
0180,44,0.796
0180,45,0.797
0180,46,0.799
0180,47,0.801
0180,48,0.804
0180,49,0.807
0180,50,0.811
0180,51,0.813
0180,52,0.814
0181,1,0.0
0181,2,0.005
0181,3,0.011
0181,4,0.02
0181,5,0.023
0181,6,0.024
0181,7,0.031
0181,8,0.038
0181,9,0.049
0181,10,0.06
0181,11,0.071
0181,12,0.08
0181,13,0.101
0181,14,0.116
0181,15,0.144
0181,16,0.173
0181,17,0.209
0181,18,0.245
0181,19,0.278
0181,20,0.315
0181,21,0.348
0181,22,0.383
0181,23,0.414
0181,24,0.439
0181,25,0.462
0181,26,0.477
0181,27,0.494
0181,28,0.519
0181,29,0.545
0181,30,0.565
0181,31,0.576
0181,32,0.587
0181,33,0.596
0181,34,0.606
0181,35,0.616
0181,36,0.623
0181,37,0.631
0181,38,0.638
0181,39,0.644
0181,40,0.648
0181,41,0.651
0181,42,0.655
0181,43,0.657
0181,44,0.66
0181,45,0.662
0181,46,0.665
0181,47,0.67
0181,48,0.676
0181,49,0.682
0181,50,0.688
0181,51,0.691
0181,52,0.692
0182,1,0.005
0182,2,0.01
0182,3,0.018
0182,4,0.022
0182,5,0.025
0182,6,0.027
0182,7,0.029
0182,8,0.035
0182,9,0.047
0182,10,0.063
0182,11,0.076
0182,12,0.085
0182,13,0.121
0182,14,0.137
0182,15,0.171
0182,16,0.213
0182,17,0.254
0182,18,0.293
0182,19,0.34
0182,20,0.391
0182,21,0.434
0182,22,0.474
0182,23,0.514
0182,24,0.56
0182,25,0.606
0182,26,0.63
0182,27,0.657
0182,28,0.695
0182,29,0.737
0182,30,0.766
0182,31,0.779
0182,32,0.792
0182,33,0.804
0182,34,0.812
0182,35,0.82
0182,36,0.827
0182,37,0.832
0182,38,0.836
0182,39,0.839
0182,40,0.841
0182,41,0.843
0182,42,0.845
0182,43,0.846
0182,44,0.847
0182,45,0.849
0182,46,0.85
0182,47,0.852
0182,48,0.854
0182,49,0.858
0182,50,0.861
0182,51,0.864
0182,52,0.864
0183,1,0.003
0183,2,0.006
0183,3,0.01
0183,4,0.013
0183,5,0.018
0183,6,0.021
0183,7,0.023
0183,8,0.029
0183,9,0.04
0183,10,0.052
0183,11,0.061
0183,12,0.067
0183,13,0.085
0183,14,0.096
0183,15,0.115
0183,16,0.146
0183,17,0.179
0183,18,0.215
0183,19,0.255
0183,20,0.286
0183,21,0.315
0183,22,0.341
0183,23,0.372
0183,24,0.407
0183,25,0.448
0183,26,0.479
0183,27,0.525
0183,28,0.584
0183,29,0.63
0183,30,0.656
0183,31,0.671
0183,32,0.685
0183,33,0.696
0183,34,0.705
0183,35,0.714
0183,36,0.722
0183,37,0.73
0183,38,0.735
0183,39,0.738
0183,40,0.741
0183,41,0.743
0183,42,0.745
0183,43,0.748
0183,44,0.75
0183,45,0.751
0183,46,0.754
0183,47,0.757
0183,48,0.76
0183,49,0.765
0183,50,0.769
0183,51,0.773
0183,52,0.774
0184,1,0.002
0184,2,0.006
0184,3,0.011
0184,4,0.015
0184,5,0.018
0184,6,0.02
0184,7,0.021
0184,8,0.027
0184,9,0.038
0184,10,0.05
0184,11,0.06
0184,12,0.068
0184,13,0.091
0184,14,0.106
0184,15,0.132
0184,16,0.164
0184,17,0.199
0184,18,0.234
0184,19,0.273
0184,20,0.307
0184,21,0.336
0184,22,0.362
0184,23,0.394
0184,24,0.432
0184,25,0.476
0184,26,0.507
0184,27,0.552
0184,28,0.612
0184,29,0.658
0184,30,0.684
0184,31,0.698
0184,32,0.709
0184,33,0.719
0184,34,0.728
0184,35,0.735
0184,36,0.741
0184,37,0.747
0184,38,0.751
0184,39,0.754
0184,40,0.756
0184,41,0.758
0184,42,0.76
0184,43,0.762
0184,44,0.763
0184,45,0.765
0184,46,0.766
0184,47,0.768
0184,48,0.771
0184,49,0.774
0184,50,0.778
0184,51,0.78
0184,52,0.781
0186,1,0.003
0186,2,0.008
0186,3,0.012
0186,4,0.016
0186,5,0.022
0186,6,0.023
0186,7,0.024
0186,8,0.035
0186,9,0.046
0186,10,0.063
0186,11,0.08
0186,12,0.096
0186,13,0.143
0186,14,0.169
0186,15,0.214
0186,16,0.256
0186,17,0.301
0186,18,0.342
0186,19,0.396
0186,20,0.443
0186,21,0.487
0186,22,0.523
0186,23,0.568
0186,24,0.608
0186,25,0.643
0186,26,0.663
0186,27,0.69
0186,28,0.724
0186,29,0.76
0186,30,0.784
0186,31,0.799
0186,32,0.812
0186,33,0.822
0186,34,0.83
0186,35,0.838
0186,36,0.843
0186,37,0.847
0186,38,0.851
0186,39,0.854
0186,40,0.855
0186,41,0.857
0186,42,0.859
0186,43,0.861
0186,44,0.862
0186,45,0.863
0186,46,0.863
0186,47,0.865
0186,48,0.867
0186,49,0.871
0186,50,0.873
0186,51,0.875
0186,52,0.876
0187,1,0.0
0187,2,0.005
0187,3,0.01
0187,4,0.014
0187,5,0.029
0187,6,0.029
0187,7,0.031
0187,8,0.033
0187,9,0.042
0187,10,0.055
0187,11,0.067
0187,12,0.078
0187,13,0.116
0187,14,0.157
0187,15,0.205
0187,16,0.276
0187,17,0.333
0187,18,0.373
0187,19,0.432
0187,20,0.492
0187,21,0.542
0187,22,0.577
0187,23,0.623
0187,24,0.662
0187,25,0.693
0187,26,0.712
0187,27,0.731
0187,28,0.759
0187,29,0.792
0187,30,0.82
0187,31,0.83
0187,32,0.839
0187,33,0.851
0187,34,0.858
0187,35,0.866
0187,36,0.87
0187,37,0.877
0187,38,0.881
0187,39,0.883
0187,40,0.885
0187,41,0.887
0187,42,0.888
0187,43,0.889
0187,44,0.89
0187,45,0.89
0187,46,0.891
0187,47,0.893
0187,48,0.896
0187,49,0.898
0187,50,0.899
0187,51,0.9
0187,52,0.901
0188,1,0.001
0188,2,0.008
0188,3,0.043
0188,4,0.045
0188,5,0.048
0188,6,0.056
0188,7,0.061
0188,8,0.077
0188,9,0.086
0188,10,0.101
0188,11,0.112
0188,12,0.143
0188,13,0.167
0188,14,0.191
0188,15,0.26
0188,16,0.339
0188,17,0.418
0188,18,0.458
0188,19,0.499
0188,20,0.53
0188,21,0.555
0188,22,0.573
0188,23,0.595
0188,24,0.624
0188,25,0.656
0188,26,0.677
0188,27,0.697
0188,28,0.723
0188,29,0.754
0188,30,0.788
0188,31,0.799
0188,32,0.809
0188,33,0.818
0188,34,0.824
0188,35,0.832
0188,36,0.839
0188,37,0.846
0188,38,0.85
0188,39,0.853
0188,40,0.855
0188,41,0.858
0188,42,0.86
0188,43,0.861
0188,44,0.862
0188,45,0.863
0188,46,0.864
0188,47,0.866
0188,48,0.869
0188,49,0.873
0188,50,0.875
0188,51,0.877
0188,52,0.878
0191,1,0.003
0191,2,0.006
0191,3,0.01
0191,4,0.018
0191,5,0.021
0191,6,0.024
0191,7,0.027
0191,8,0.033
0191,9,0.044
0191,10,0.058
0191,11,0.069
0191,12,0.079
0191,13,0.106
0191,14,0.123
0191,15,0.163
0191,16,0.186
0191,17,0.223
0191,18,0.263
0191,19,0.308
0191,20,0.343
0191,21,0.375
0191,22,0.401
0191,23,0.432
0191,24,0.463
0191,25,0.495
0191,26,0.514
0191,27,0.536
0191,28,0.564
0191,29,0.595
0191,30,0.622
0191,31,0.636
0191,32,0.65
0191,33,0.662
0191,34,0.67
0191,35,0.675
0191,36,0.684
0191,37,0.691
0191,38,0.698
0191,39,0.701
0191,40,0.705
0191,41,0.708
0191,42,0.712
0191,43,0.714
0191,44,0.717
0191,45,0.719
0191,46,0.72
0191,47,0.723
0191,48,0.727
0191,49,0.731
0191,50,0.735
0191,51,0.739
0191,52,0.74
0192,1,0.001
0192,2,0.006
0192,3,0.013
0192,4,0.036
0192,5,0.04
0192,6,0.042
0192,7,0.045
0192,8,0.055
0192,9,0.067
0192,10,0.082
0192,11,0.096
0192,12,0.117
0192,13,0.134
0192,14,0.157
0192,15,0.197
0192,16,0.253
0192,17,0.316
0192,18,0.36
0192,19,0.406
0192,20,0.446
0192,21,0.474
0192,22,0.505
0192,23,0.535
0192,24,0.561
0192,25,0.587
0192,26,0.605
0192,27,0.623
0192,28,0.654
0192,29,0.684
0192,30,0.711
0192,31,0.729
0192,32,0.743
0192,33,0.753
0192,34,0.762
0192,35,0.769
0192,36,0.776
0192,37,0.784
0192,38,0.79
0192,39,0.794
0192,40,0.796
0192,41,0.799
0192,42,0.801
0192,43,0.803
0192,44,0.804
0192,45,0.804
0192,46,0.805
0192,47,0.807
0192,48,0.81
0192,49,0.814
0192,50,0.818
0192,51,0.821
0192,52,0.823
0305,1,0.0
0305,2,0.012
0305,3,0.015
0305,4,0.02
0305,5,0.025
0305,6,0.033
0305,7,0.056
0305,8,0.06
0305,9,0.065
0305,10,0.07
0305,11,0.091
0305,12,0.092
0305,13,0.094
0305,14,0.126
0305,15,0.177
0305,16,0.194
0305,17,0.251
0305,18,0.315
0305,19,0.36
0305,20,0.389
0305,21,0.431
0305,22,0.524
0305,23,0.565
0305,24,0.606
0305,25,0.661
0305,26,0.711
0305,27,0.719
0305,28,0.751
0305,29,0.779
0305,30,0.798
0305,31,0.808
0305,32,0.814
0305,33,0.823
0305,34,0.832
0305,35,0.837
0305,36,0.843
0305,37,0.845
0305,38,0.851
0305,39,0.853
0305,40,0.856
0305,41,0.857
0305,42,0.859
0305,43,0.86
0305,44,0.861
0305,45,0.862
0305,46,0.863
0305,47,0.865
0305,48,0.867
0305,49,0.869
0305,50,0.871
0305,51,0.873
0305,52,0.873
0319,1,0.005
0319,2,0.019
0319,3,0.022
0319,4,0.035
0319,5,0.053
0319,6,0.064
0319,7,0.079
0319,8,0.09
0319,9,0.097
0319,10,0.102
0319,11,0.134
0319,12,0.134
0319,13,0.135
0319,14,0.197
0319,15,0.276
0319,16,0.316
0319,17,0.347
0319,18,0.395
0319,19,0.448
0319,20,0.479
0319,21,0.509
0319,22,0.544
0319,23,0.626
0319,24,0.657
0319,25,0.719
0319,26,0.762
0319,27,0.773
0319,28,0.785
0319,29,0.817
0319,30,0.825
0319,31,0.827
0319,32,0.839
0319,33,0.841
0319,34,0.854
0319,35,0.855
0319,36,0.865
0319,37,0.866
0319,38,0.872
0319,39,0.875
0319,40,0.877
0319,41,0.878
0319,42,0.879
0319,43,0.88
0319,44,0.881
0319,45,0.881
0319,46,0.883
0319,47,0.884
0319,48,0.885
0319,49,0.888
0319,50,0.889
0319,51,0.889
0319,52,0.89
0330,1,0.004
0330,2,0.014
0330,3,0.021
0330,4,0.025
0330,5,0.028
0330,6,0.038
0330,7,0.044
0330,8,0.047
0330,9,0.053
0330,10,0.063
0330,11,0.066
0330,12,0.081
0330,13,0.084
0330,14,0.101
0330,15,0.148
0330,16,0.187
0330,17,0.244
0330,18,0.28
0330,19,0.316
0330,20,0.348
0330,21,0.392
0330,22,0.473
0330,23,0.531
0330,24,0.584
0330,25,0.659
0330,26,0.718
0330,27,0.743
0330,28,0.765
0330,29,0.803
0330,30,0.817
0330,31,0.829
0330,32,0.837
0330,33,0.843
0330,34,0.85
0330,35,0.855
0330,36,0.86
0330,37,0.862
0330,38,0.868
0330,39,0.871
0330,40,0.873
0330,41,0.874
0330,42,0.875
0330,43,0.877
0330,44,0.878
0330,45,0.878
0330,46,0.88
0330,47,0.881
0330,48,0.882
0330,49,0.884
0330,50,0.886
0330,51,0.886
0330,52,0.887
0331,1,0.005
0331,2,0.017
0331,3,0.028
0331,4,0.046
0331,5,0.057
0331,6,0.062
0331,7,0.068
0331,8,0.079
0331,9,0.087
0331,10,0.093
0331,11,0.096
0331,12,0.132
0331,13,0.132
0331,14,0.134
0331,15,0.219
0331,16,0.264
0331,17,0.34
0331,18,0.378
0331,19,0.449
0331,20,0.453
0331,21,0.495
0331,22,0.579
0331,23,0.621
0331,24,0.659
0331,25,0.699
0331,26,0.746
0331,27,0.756
0331,28,0.779
0331,29,0.808
0331,30,0.819
0331,31,0.825
0331,32,0.832
0331,33,0.837
0331,34,0.844
0331,35,0.849
0331,36,0.855
0331,37,0.858
0331,38,0.861
0331,39,0.863
0331,40,0.866
0331,41,0.868
0331,42,0.869
0331,43,0.87
0331,44,0.87
0331,45,0.871
0331,46,0.871
0331,47,0.873
0331,48,0.873
0331,49,0.876
0331,50,0.877
0331,51,0.878
0331,52,0.878
0360,1,0.005
0360,2,0.019
0360,3,0.024
0360,4,0.03
0360,5,0.042
0360,6,0.046
0360,7,0.058
0360,8,0.073
0360,9,0.083
0360,10,0.09
0360,11,0.094
0360,12,0.12
0360,13,0.128
0360,14,0.146
0360,15,0.192
0360,16,0.237
0360,17,0.344
0360,18,0.389
0360,19,0.438
0360,20,0.465
0360,21,0.494
0360,22,0.575
0360,23,0.629
0360,24,0.657
0360,25,0.705
0360,26,0.752
0360,27,0.758
0360,28,0.776
0360,29,0.806
0360,30,0.821
0360,31,0.829
0360,32,0.836
0360,33,0.839
0360,34,0.848
0360,35,0.855
0360,36,0.861
0360,37,0.866
0360,38,0.87
0360,39,0.872
0360,40,0.873
0360,41,0.874
0360,42,0.876
0360,43,0.877
0360,44,0.878
0360,45,0.878
0360,46,0.879
0360,47,0.879
0360,48,0.881
0360,49,0.883
0360,50,0.885
0360,51,0.886
0360,52,0.886
0380,1,0.003
0380,2,0.01
0380,3,0.019
0380,4,0.025
0380,5,0.029
0380,6,0.033
0380,7,0.039
0380,8,0.047
0380,9,0.061
0380,10,0.078
0380,11,0.092
0380,12,0.099
0380,13,0.113
0380,14,0.13
0380,15,0.161
0380,16,0.19
0380,17,0.243
0380,18,0.285
0380,19,0.329
0380,20,0.355
0380,21,0.398
0380,22,0.454
0380,23,0.497
0380,24,0.538
0380,25,0.6
0380,26,0.651
0380,27,0.692
0380,28,0.727
0380,29,0.768
0380,30,0.792
0380,31,0.805
0380,32,0.811
0380,33,0.817
0380,34,0.824
0380,35,0.833
0380,36,0.838
0380,37,0.842
0380,38,0.845
0380,39,0.847
0380,40,0.849
0380,41,0.85
0380,42,0.852
0380,43,0.853
0380,44,0.854
0380,45,0.854
0380,46,0.856
0380,47,0.857
0380,48,0.859
0380,49,0.861
0380,50,0.864
0380,51,0.865
0380,52,0.865
0381,1,0.002
0381,2,0.014
0381,3,0.021
0381,4,0.031
0381,5,0.047
0381,6,0.053
0381,7,0.056
0381,8,0.063
0381,9,0.078
0381,10,0.085
0381,11,0.088
0381,12,0.112
0381,13,0.136
0381,14,0.176
0381,15,0.235
0381,16,0.258
0381,17,0.29
0381,18,0.332
0381,19,0.388
0381,20,0.412
0381,21,0.444
0381,22,0.509
0381,23,0.578
0381,24,0.603
0381,25,0.663
0381,26,0.712
0381,27,0.731
0381,28,0.761
0381,29,0.794
0381,30,0.811
0381,31,0.818
0381,32,0.827
0381,33,0.836
0381,34,0.844
0381,35,0.849
0381,36,0.853
0381,37,0.857
0381,38,0.86
0381,39,0.862
0381,40,0.865
0381,41,0.866
0381,42,0.867
0381,43,0.869
0381,44,0.87
0381,45,0.87
0381,46,0.872
0381,47,0.873
0381,48,0.874
0381,49,0.878
0381,50,0.88
0381,51,0.881
0381,52,0.881
0382,1,0.0
0382,2,0.017
0382,3,0.027
0382,4,0.046
0382,5,0.056
0382,6,0.066
0382,7,0.074
0382,8,0.082
0382,9,0.093
0382,10,0.099
0382,11,0.103
0382,12,0.129
0382,13,0.136
0382,14,0.156
0382,15,0.2
0382,16,0.286
0382,17,0.362
0382,18,0.426
0382,19,0.475
0382,20,0.489
0382,21,0.529
0382,22,0.613
0382,23,0.656
0382,24,0.687
0382,25,0.754
0382,26,0.783
0382,27,0.802
0382,28,0.818
0382,29,0.845
0382,30,0.856
0382,31,0.863
0382,32,0.869
0382,33,0.873
0382,34,0.881
0382,35,0.887
0382,36,0.892
0382,37,0.896
0382,38,0.899
0382,39,0.9
0382,40,0.901
0382,41,0.902
0382,42,0.903
0382,43,0.904
0382,44,0.904
0382,45,0.905
0382,46,0.905
0382,47,0.907
0382,48,0.907
0382,49,0.908
0382,50,0.91
0382,51,0.91
0382,52,0.911
0428,1,0.001
0428,2,0.03
0428,3,0.04
0428,4,0.041
0428,5,0.043
0428,6,0.046
0428,7,0.053
0428,8,0.086
0428,9,0.107
0428,10,0.124
0428,11,0.15
0428,12,0.16
0428,13,0.196
0428,14,0.22
0428,15,0.277
0428,16,0.341
0428,17,0.425
0428,18,0.453
0428,19,0.491
0428,20,0.536
0428,21,0.571
0428,22,0.599
0428,23,0.635
0428,24,0.67
0428,25,0.709
0428,26,0.723
0428,27,0.743
0428,28,0.767
0428,29,0.794
0428,30,0.802
0428,31,0.813
0428,32,0.822
0428,33,0.831
0428,34,0.84
0428,35,0.847
0428,36,0.854
0428,37,0.86
0428,38,0.864
0428,39,0.871
0428,40,0.872
0428,41,0.874
0428,42,0.875
0428,43,0.877
0428,44,0.878
0428,45,0.878
0428,46,0.879
0428,47,0.881
0428,48,0.883
0428,49,0.886
0428,50,0.89
0428,51,0.891
0428,52,0.891
0461,1,0.004
0461,2,0.011
0461,3,0.024
0461,4,0.032
0461,5,0.035
0461,6,0.036
0461,7,0.052
0461,8,0.061
0461,9,0.089
0461,10,0.113
0461,11,0.132
0461,12,0.144
0461,13,0.183
0461,14,0.191
0461,15,0.251
0461,16,0.289
0461,17,0.354
0461,18,0.379
0461,19,0.41
0461,20,0.442
0461,21,0.472
0461,22,0.51
0461,23,0.556
0461,24,0.591
0461,25,0.647
0461,26,0.677
0461,27,0.692
0461,28,0.735
0461,29,0.749
0461,30,0.769
0461,31,0.782
0461,32,0.792
0461,33,0.798
0461,34,0.812
0461,35,0.816
0461,36,0.821
0461,37,0.829
0461,38,0.834
0461,39,0.838
0461,40,0.84
0461,41,0.842
0461,42,0.842
0461,43,0.844
0461,44,0.845
0461,45,0.846
0461,46,0.848
0461,47,0.849
0461,48,0.85
0461,49,0.853
0461,50,0.855
0461,51,0.857
0461,52,0.858
0480,1,0.007
0480,2,0.014
0480,3,0.032
0480,4,0.038
0480,5,0.039
0480,6,0.045
0480,7,0.05
0480,8,0.067
0480,9,0.097
0480,10,0.12
0480,11,0.155
0480,12,0.176
0480,13,0.21
0480,14,0.219
0480,15,0.275
0480,16,0.326
0480,17,0.376
0480,18,0.407
0480,19,0.44
0480,20,0.466
0480,21,0.5
0480,22,0.532
0480,23,0.582
0480,24,0.621
0480,25,0.672
0480,26,0.699
0480,27,0.727
0480,28,0.756
0480,29,0.779
0480,30,0.794
0480,31,0.801
0480,32,0.808
0480,33,0.824
0480,34,0.838
0480,35,0.846
0480,36,0.851
0480,37,0.856
0480,38,0.86
0480,39,0.864
0480,40,0.866
0480,41,0.868
0480,42,0.868
0480,43,0.87
0480,44,0.871
0480,45,0.872
0480,46,0.873
0480,47,0.875
0480,48,0.877
0480,49,0.88
0480,50,0.883
0480,51,0.885
0480,52,0.886
0481,1,0.004
0481,2,0.026
0481,3,0.037
0481,4,0.039
0481,5,0.04
0481,6,0.045
0481,7,0.053
0481,8,0.068
0481,9,0.093
0481,10,0.115
0481,11,0.142
0481,12,0.154
0481,13,0.183
0481,14,0.203
0481,15,0.269
0481,16,0.342
0481,17,0.398
0481,18,0.437
0481,19,0.466
0481,20,0.5
0481,21,0.536
0481,22,0.568
0481,23,0.608
0481,24,0.644
0481,25,0.698
0481,26,0.712
0481,27,0.733
0481,28,0.756
0481,29,0.78
0481,30,0.797
0481,31,0.806
0481,32,0.812
0481,33,0.822
0481,34,0.835
0481,35,0.838
0481,36,0.844
0481,37,0.849
0481,38,0.853
0481,39,0.857
0481,40,0.859
0481,41,0.86
0481,42,0.862
0481,43,0.865
0481,44,0.865
0481,45,0.866
0481,46,0.869
0481,47,0.871
0481,48,0.873
0481,49,0.876
0481,50,0.879
0481,51,0.882
0481,52,0.883
0482,1,0.005
0482,2,0.015
0482,3,0.023
0482,4,0.027
0482,5,0.028
0482,6,0.03
0482,7,0.038
0482,8,0.073
0482,9,0.096
0482,10,0.117
0482,11,0.141
0482,12,0.157
0482,13,0.188
0482,14,0.213
0482,15,0.286
0482,16,0.355
0482,17,0.41
0482,18,0.43
0482,19,0.462
0482,20,0.494
0482,21,0.513
0482,22,0.545
0482,23,0.573
0482,24,0.63
0482,25,0.662
0482,26,0.686
0482,27,0.708
0482,28,0.737
0482,29,0.753
0482,30,0.763
0482,31,0.768
0482,32,0.78
0482,33,0.785
0482,34,0.796
0482,35,0.8
0482,36,0.805
0482,37,0.809
0482,38,0.814
0482,39,0.819
0482,40,0.823
0482,41,0.824
0482,42,0.825
0482,43,0.826
0482,44,0.828
0482,45,0.829
0482,46,0.83
0482,47,0.831
0482,48,0.834
0482,49,0.837
0482,50,0.841
0482,51,0.844
0482,52,0.845
0483,1,0.007
0483,2,0.038
0483,3,0.047
0483,4,0.05
0483,5,0.052
0483,6,0.055
0483,7,0.061
0483,8,0.087
0483,9,0.113
0483,10,0.132
0483,11,0.162
0483,12,0.18
0483,13,0.22
0483,14,0.229
0483,15,0.277
0483,16,0.326
0483,17,0.374
0483,18,0.416
0483,19,0.461
0483,20,0.508
0483,21,0.526
0483,22,0.55
0483,23,0.588
0483,24,0.635
0483,25,0.684
0483,26,0.702
0483,27,0.728
0483,28,0.761
0483,29,0.79
0483,30,0.805
0483,31,0.815
0483,32,0.82
0483,33,0.831
0483,34,0.84
0483,35,0.846
0483,36,0.849
0483,37,0.853
0483,38,0.857
0483,39,0.861
0483,40,0.863
0483,41,0.864
0483,42,0.866
0483,43,0.868
0483,44,0.869
0483,45,0.87
0483,46,0.872
0483,47,0.874
0483,48,0.876
0483,49,0.88
0483,50,0.882
0483,51,0.885
0483,52,0.886
0484,1,0.012
0484,2,0.02
0484,3,0.032
0484,4,0.036
0484,5,0.038
0484,6,0.039
0484,7,0.045
0484,8,0.06
0484,9,0.085
0484,10,0.098
0484,11,0.128
0484,12,0.139
0484,13,0.163
0484,14,0.178
0484,15,0.224
0484,16,0.26
0484,17,0.308
0484,18,0.334
0484,19,0.365
0484,20,0.397
0484,21,0.414
0484,22,0.453
0484,23,0.478
0484,24,0.52
0484,25,0.572
0484,26,0.615
0484,27,0.644
0484,28,0.687
0484,29,0.724
0484,30,0.748
0484,31,0.758
0484,32,0.769
0484,33,0.777
0484,34,0.787
0484,35,0.796
0484,36,0.804
0484,37,0.81
0484,38,0.816
0484,39,0.82
0484,40,0.823
0484,41,0.826
0484,42,0.828
0484,43,0.83
0484,44,0.832
0484,45,0.833
0484,46,0.835
0484,47,0.839
0484,48,0.843
0484,49,0.847
0484,50,0.849
0484,51,0.853
0484,52,0.854
0486,1,0.006
0486,2,0.017
0486,3,0.028
0486,4,0.04
0486,5,0.042
0486,6,0.043
0486,7,0.058
0486,8,0.076
0486,9,0.1
0486,10,0.113
0486,11,0.133
0486,12,0.144
0486,13,0.168
0486,14,0.187
0486,15,0.255
0486,16,0.291
0486,17,0.332
0486,18,0.363
0486,19,0.409
0486,20,0.456
0486,21,0.501
0486,22,0.522
0486,23,0.57
0486,24,0.606
0486,25,0.66
0486,26,0.687
0486,27,0.719
0486,28,0.752
0486,29,0.773
0486,30,0.786
0486,31,0.794
0486,32,0.8
0486,33,0.807
0486,34,0.819
0486,35,0.83
0486,36,0.834
0486,37,0.839
0486,38,0.843
0486,39,0.847
0486,40,0.848
0486,41,0.849
0486,42,0.851
0486,43,0.853
0486,44,0.854
0486,45,0.855
0486,46,0.856
0486,47,0.858
0486,48,0.86
0486,49,0.863
0486,50,0.867
0486,51,0.869
0486,52,0.869
0488,1,0.009
0488,2,0.028
0488,3,0.04
0488,4,0.046
0488,5,0.047
0488,6,0.049
0488,7,0.062
0488,8,0.069
0488,9,0.091
0488,10,0.111
0488,11,0.136
0488,12,0.156
0488,13,0.189
0488,14,0.198
0488,15,0.268
0488,16,0.316
0488,17,0.374
0488,18,0.403
0488,19,0.436
0488,20,0.468
0488,21,0.519
0488,22,0.554
0488,23,0.596
0488,24,0.635
0488,25,0.674
0488,26,0.708
0488,27,0.728
0488,28,0.756
0488,29,0.776
0488,30,0.794
0488,31,0.8
0488,32,0.808
0488,33,0.815
0488,34,0.826
0488,35,0.834
0488,36,0.842
0488,37,0.849
0488,38,0.854
0488,39,0.857
0488,40,0.858
0488,41,0.859
0488,42,0.861
0488,43,0.862
0488,44,0.862
0488,45,0.863
0488,46,0.864
0488,47,0.866
0488,48,0.869
0488,49,0.872
0488,50,0.875
0488,51,0.876
0488,52,0.877
0509,1,0.012
0509,2,0.016
0509,3,0.027
0509,4,0.03
0509,5,0.037
0509,6,0.039
0509,7,0.052
0509,8,0.077
0509,9,0.108
0509,10,0.124
0509,11,0.134
0509,12,0.137
0509,13,0.174
0509,14,0.218
0509,15,0.301
0509,16,0.362
0509,17,0.424
0509,18,0.464
0509,19,0.486
0509,20,0.505
0509,21,0.523
0509,22,0.555
0509,23,0.594
0509,24,0.632
0509,25,0.662
0509,26,0.696
0509,27,0.754
0509,28,0.772
0509,29,0.79
0509,30,0.796
0509,31,0.801
0509,32,0.807
0509,33,0.814
0509,34,0.83
0509,35,0.834
0509,36,0.841
0509,37,0.847
0509,38,0.857
0509,39,0.858
0509,40,0.859
0509,41,0.861
0509,42,0.862
0509,43,0.863
0509,44,0.863
0509,45,0.863
0509,46,0.864
0509,47,0.865
0509,48,0.868
0509,49,0.871
0509,50,0.873
0509,51,0.875
0509,52,0.875
0512,1,0.008
0512,2,0.016
0512,3,0.029
0512,4,0.036
0512,5,0.046
0512,6,0.05
0512,7,0.078
0512,8,0.107
0512,9,0.129
0512,10,0.15
0512,11,0.167
0512,12,0.189
0512,13,0.219
0512,14,0.254
0512,15,0.305
0512,16,0.361
0512,17,0.431
0512,18,0.487
0512,19,0.523
0512,20,0.545
0512,21,0.573
0512,22,0.608
0512,23,0.639
0512,24,0.676
0512,25,0.706
0512,26,0.748
0512,27,0.785
0512,28,0.809
0512,29,0.822
0512,30,0.835
0512,31,0.843
0512,32,0.847
0512,33,0.852
0512,34,0.861
0512,35,0.866
0512,36,0.871
0512,37,0.875
0512,38,0.883
0512,39,0.883
0512,40,0.886
0512,41,0.886
0512,42,0.887
0512,43,0.889
0512,44,0.89
0512,45,0.891
0512,46,0.892
0512,47,0.894
0512,48,0.895
0512,49,0.897
0512,50,0.9
0512,51,0.9
0512,52,0.901
0513,1,0.005
0513,2,0.013
0513,3,0.023
0513,4,0.026
0513,5,0.029
0513,6,0.031
0513,7,0.044
0513,8,0.065
0513,9,0.084
0513,10,0.104
0513,11,0.117
0513,12,0.152
0513,13,0.184
0513,14,0.224
0513,15,0.278
0513,16,0.35
0513,17,0.418
0513,18,0.483
0513,19,0.523
0513,20,0.544
0513,21,0.561
0513,22,0.585
0513,23,0.614
0513,24,0.649
0513,25,0.687
0513,26,0.722
0513,27,0.775
0513,28,0.802
0513,29,0.823
0513,30,0.837
0513,31,0.848
0513,32,0.852
0513,33,0.865
0513,34,0.87
0513,35,0.875
0513,36,0.881
0513,37,0.888
0513,38,0.895
0513,39,0.9
0513,40,0.902
0513,41,0.902
0513,42,0.902
0513,43,0.904
0513,44,0.905
0513,45,0.906
0513,46,0.907
0513,47,0.909
0513,48,0.911
0513,49,0.914
0513,50,0.916
0513,51,0.917
0513,52,0.917
0560,1,0.005
0560,2,0.012
0560,3,0.018
0560,4,0.031
0560,5,0.041
0560,6,0.042
0560,7,0.059
0560,8,0.08
0560,9,0.105
0560,10,0.123
0560,11,0.135
0560,12,0.149
0560,13,0.206
0560,14,0.247
0560,15,0.305
0560,16,0.376
0560,17,0.427
0560,18,0.482
0560,19,0.505
0560,20,0.519
0560,21,0.54
0560,22,0.564
0560,23,0.592
0560,24,0.636
0560,25,0.674
0560,26,0.717
0560,27,0.752
0560,28,0.797
0560,29,0.813
0560,30,0.827
0560,31,0.831
0560,32,0.836
0560,33,0.846
0560,34,0.861
0560,35,0.868
0560,36,0.875
0560,37,0.88
0560,38,0.888
0560,39,0.889
0560,40,0.891
0560,41,0.891
0560,42,0.893
0560,43,0.896
0560,44,0.896
0560,45,0.897
0560,46,0.898
0560,47,0.9
0560,48,0.9
0560,49,0.903
0560,50,0.905
0560,51,0.906
0560,52,0.907
0561,1,0.004
0561,2,0.009
0561,3,0.019
0561,4,0.03
0561,5,0.038
0561,6,0.039
0561,7,0.042
0561,8,0.065
0561,9,0.089
0561,10,0.122
0561,11,0.134
0561,12,0.156
0561,13,0.184
0561,14,0.208
0561,15,0.279
0561,16,0.344
0561,17,0.409
0561,18,0.467
0561,19,0.505
0561,20,0.523
0561,21,0.536
0561,22,0.564
0561,23,0.608
0561,24,0.643
0561,25,0.689
0561,26,0.717
0561,27,0.784
0561,28,0.816
0561,29,0.834
0561,30,0.851
0561,31,0.858
0561,32,0.865
0561,33,0.874
0561,34,0.88
0561,35,0.883
0561,36,0.888
0561,37,0.891
0561,38,0.899
0561,39,0.9
0561,40,0.902
0561,41,0.903
0561,42,0.904
0561,43,0.905
0561,44,0.905
0561,45,0.905
0561,46,0.906
0561,47,0.908
0561,48,0.911
0561,49,0.914
0561,50,0.916
0561,51,0.917
0561,52,0.918
0562,1,0.004
0562,2,0.01
0562,3,0.018
0562,4,0.025
0562,5,0.03
0562,6,0.033
0562,7,0.042
0562,8,0.047
0562,9,0.069
0562,10,0.09
0562,11,0.117
0562,12,0.151
0562,13,0.187
0562,14,0.214
0562,15,0.252
0562,16,0.307
0562,17,0.383
0562,18,0.428
0562,19,0.448
0562,20,0.481
0562,21,0.512
0562,22,0.533
0562,23,0.553
0562,24,0.588
0562,25,0.632
0562,26,0.665
0562,27,0.708
0562,28,0.741
0562,29,0.773
0562,30,0.785
0562,31,0.792
0562,32,0.81
0562,33,0.82
0562,34,0.831
0562,35,0.834
0562,36,0.838
0562,37,0.842
0562,38,0.849
0562,39,0.853
0562,40,0.855
0562,41,0.856
0562,42,0.857
0562,43,0.859
0562,44,0.859
0562,45,0.86
0562,46,0.861
0562,47,0.864
0562,48,0.866
0562,49,0.869
0562,50,0.872
0562,51,0.874
0562,52,0.875
0563,1,0.009
0563,2,0.012
0563,3,0.023
0563,4,0.027
0563,5,0.04
0563,6,0.042
0563,7,0.046
0563,8,0.07
0563,9,0.085
0563,10,0.114
0563,11,0.141
0563,12,0.162
0563,13,0.19
0563,14,0.236
0563,15,0.31
0563,16,0.381
0563,17,0.475
0563,18,0.538
0563,19,0.573
0563,20,0.589
0563,21,0.608
0563,22,0.629
0563,23,0.641
0563,24,0.68
0563,25,0.691
0563,26,0.719
0563,27,0.732
0563,28,0.774
0563,29,0.789
0563,30,0.807
0563,31,0.818
0563,32,0.842
0563,33,0.852
0563,34,0.855
0563,35,0.861
0563,36,0.867
0563,37,0.871
0563,38,0.879
0563,39,0.882
0563,40,0.883
0563,41,0.884
0563,42,0.885
0563,43,0.886
0563,44,0.887
0563,45,0.887
0563,46,0.888
0563,47,0.889
0563,48,0.89
0563,49,0.893
0563,50,0.894
0563,51,0.896
0563,52,0.896
0580,1,0.009
0580,2,0.013
0580,3,0.023
0580,4,0.03
0580,5,0.035
0580,6,0.038
0580,7,0.05
0580,8,0.061
0580,9,0.084
0580,10,0.106
0580,11,0.119
0580,12,0.134
0580,13,0.157
0580,14,0.182
0580,15,0.225
0580,16,0.266
0580,17,0.311
0580,18,0.344
0580,19,0.377
0580,20,0.398
0580,21,0.419
0580,22,0.442
0580,23,0.471
0580,24,0.513
0580,25,0.558
0580,26,0.618
0580,27,0.699
0580,28,0.75
0580,29,0.785
0580,30,0.804
0580,31,0.814
0580,32,0.821
0580,33,0.83
0580,34,0.838
0580,35,0.842
0580,36,0.849
0580,37,0.855
0580,38,0.862
0580,39,0.865
0580,40,0.866
0580,41,0.868
0580,42,0.869
0580,43,0.87
0580,44,0.87
0580,45,0.871
0580,46,0.873
0580,47,0.875
0580,48,0.878
0580,49,0.881
0580,50,0.883
0580,51,0.884
0580,52,0.884
0581,1,0.006
0581,2,0.01
0581,3,0.019
0581,4,0.025
0581,5,0.03
0581,6,0.034
0581,7,0.043
0581,8,0.055
0581,9,0.072
0581,10,0.09
0581,11,0.11
0581,12,0.127
0581,13,0.149
0581,14,0.171
0581,15,0.221
0581,16,0.261
0581,17,0.309
0581,18,0.346
0581,19,0.381
0581,20,0.408
0581,21,0.426
0581,22,0.448
0581,23,0.464
0581,24,0.522
0581,25,0.549
0581,26,0.599
0581,27,0.659
0581,28,0.704
0581,29,0.746
0581,30,0.763
0581,31,0.772
0581,32,0.78
0581,33,0.788
0581,34,0.796
0581,35,0.802
0581,36,0.809
0581,37,0.813
0581,38,0.821
0581,39,0.825
0581,40,0.828
0581,41,0.829
0581,42,0.831
0581,43,0.832
0581,44,0.833
0581,45,0.834
0581,46,0.836
0581,47,0.838
0581,48,0.843
0581,49,0.847
0581,50,0.85
0581,51,0.852
0581,52,0.853
0582,1,0.004
0582,2,0.011
0582,3,0.019
0582,4,0.028
0582,5,0.049
0582,6,0.06
0582,7,0.067
0582,8,0.074
0582,9,0.09
0582,10,0.111
0582,11,0.134
0582,12,0.169
0582,13,0.202
0582,14,0.237
0582,15,0.323
0582,16,0.381
0582,17,0.451
0582,18,0.491
0582,19,0.526
0582,20,0.54
0582,21,0.556
0582,22,0.578
0582,23,0.606
0582,24,0.65
0582,25,0.674
0582,26,0.714
0582,27,0.764
0582,28,0.796
0582,29,0.83
0582,30,0.843
0582,31,0.85
0582,32,0.857
0582,33,0.867
0582,34,0.872
0582,35,0.878
0582,36,0.883
0582,37,0.887
0582,38,0.894
0582,39,0.897
0582,40,0.899
0582,41,0.9
0582,42,0.901
0582,43,0.902
0582,44,0.902
0582,45,0.903
0582,46,0.903
0582,47,0.904
0582,48,0.906
0582,49,0.909
0582,50,0.911
0582,51,0.913
0582,52,0.913
0583,1,0.007
0583,2,0.011
0583,3,0.021
0583,4,0.028
0583,5,0.031
0583,6,0.04
0583,7,0.054
0583,8,0.069
0583,9,0.092
0583,10,0.117
0583,11,0.139
0583,12,0.162
0583,13,0.187
0583,14,0.22
0583,15,0.297
0583,16,0.365
0583,17,0.411
0583,18,0.449
0583,19,0.472
0583,20,0.491
0583,21,0.505
0583,22,0.527
0583,23,0.569
0583,24,0.608
0583,25,0.66
0583,26,0.711
0583,27,0.771
0583,28,0.802
0583,29,0.814
0583,30,0.824
0583,31,0.831
0583,32,0.84
0583,33,0.845
0583,34,0.851
0583,35,0.858
0583,36,0.862
0583,37,0.867
0583,38,0.874
0583,39,0.876
0583,40,0.879
0583,41,0.88
0583,42,0.881
0583,43,0.882
0583,44,0.883
0583,45,0.884
0583,46,0.885
0583,47,0.887
0583,48,0.89
0583,49,0.892
0583,50,0.895
0583,51,0.896
0583,52,0.897
0584,1,0.013
0584,2,0.015
0584,3,0.032
0584,4,0.047
0584,5,0.067
0584,6,0.072
0584,7,0.077
0584,8,0.089
0584,9,0.116
0584,10,0.141
0584,11,0.166
0584,12,0.194
0584,13,0.231
0584,14,0.289
0584,15,0.377
0584,16,0.461
0584,17,0.558
0584,18,0.591
0584,19,0.608
0584,20,0.617
0584,21,0.633
0584,22,0.65
0584,23,0.676
0584,24,0.709
0584,25,0.755
0584,26,0.794
0584,27,0.817
0584,28,0.849
0584,29,0.859
0584,30,0.868
0584,31,0.874
0584,32,0.881
0584,33,0.884
0584,34,0.886
0584,35,0.892
0584,36,0.896
0584,37,0.9
0584,38,0.905
0584,39,0.906
0584,40,0.909
0584,41,0.91
0584,42,0.911
0584,43,0.912
0584,44,0.913
0584,45,0.913
0584,46,0.914
0584,47,0.915
0584,48,0.915
0584,49,0.917
0584,50,0.92
0584,51,0.92
0584,52,0.921
0586,1,0.011
0586,2,0.014
0586,3,0.022
0586,4,0.031
0586,5,0.036
0586,6,0.039
0586,7,0.051
0586,8,0.064
0586,9,0.089
0586,10,0.107
0586,11,0.116
0586,12,0.136
0586,13,0.177
0586,14,0.209
0586,15,0.271
0586,16,0.337
0586,17,0.393
0586,18,0.417
0586,19,0.443
0586,20,0.466
0586,21,0.491
0586,22,0.514
0586,23,0.541
0586,24,0.588
0586,25,0.636
0586,26,0.702
0586,27,0.775
0586,28,0.798
0586,29,0.821
0586,30,0.828
0586,31,0.836
0586,32,0.841
0586,33,0.849
0586,34,0.858
0586,35,0.865
0586,36,0.871
0586,37,0.874
0586,38,0.881
0586,39,0.883
0586,40,0.884
0586,41,0.885
0586,42,0.886
0586,43,0.887
0586,44,0.887
0586,45,0.888
0586,46,0.889
0586,47,0.89
0586,48,0.893
0586,49,0.896
0586,50,0.898
0586,51,0.9
0586,52,0.901
0604,1,0.007
0604,2,0.024
0604,3,0.035
0604,4,0.041
0604,5,0.041
0604,6,0.044
0604,7,0.055
0604,8,0.071
0604,9,0.097
0604,10,0.123
0604,11,0.131
0604,12,0.141
0604,13,0.187
0604,14,0.235
0604,15,0.282
0604,16,0.333
0604,17,0.381
0604,18,0.428
0604,19,0.457
0604,20,0.466
0604,21,0.48
0604,22,0.514
0604,23,0.522
0604,24,0.563
0604,25,0.64
0604,26,0.703
0604,27,0.737
0604,28,0.753
0604,29,0.776
0604,30,0.784
0604,31,0.796
0604,32,0.804
0604,33,0.806
0604,34,0.818
0604,35,0.828
0604,36,0.837
0604,37,0.844
0604,38,0.849
0604,39,0.854
0604,40,0.857
0604,41,0.858
0604,42,0.859
0604,43,0.861
0604,44,0.861
0604,45,0.863
0604,46,0.868
0604,47,0.871
0604,48,0.875
0604,49,0.879
0604,50,0.882
0604,51,0.884
0604,52,0.884
0617,1,0.003
0617,2,0.013
0617,3,0.019
0617,4,0.027
0617,5,0.028
0617,6,0.032
0617,7,0.049
0617,8,0.076
0617,9,0.096
0617,10,0.119
0617,11,0.134
0617,12,0.138
0617,13,0.158
0617,14,0.212
0617,15,0.271
0617,16,0.302
0617,17,0.328
0617,18,0.363
0617,19,0.38
0617,20,0.396
0617,21,0.408
0617,22,0.446
0617,23,0.474
0617,24,0.502
0617,25,0.571
0617,26,0.638
0617,27,0.685
0617,28,0.7
0617,29,0.723
0617,30,0.742
0617,31,0.753
0617,32,0.758
0617,33,0.765
0617,34,0.781
0617,35,0.791
0617,36,0.803
0617,37,0.807
0617,38,0.813
0617,39,0.815
0617,40,0.819
0617,41,0.822
0617,42,0.824
0617,43,0.826
0617,44,0.827
0617,45,0.828
0617,46,0.834
0617,47,0.838
0617,48,0.84
0617,49,0.844
0617,50,0.846
0617,51,0.847
0617,52,0.847
0642,1,0.004
0642,2,0.026
0642,3,0.038
0642,4,0.046
0642,5,0.046
0642,6,0.051
0642,7,0.074
0642,8,0.097
0642,9,0.116
0642,10,0.146
0642,11,0.154
0642,12,0.165
0642,13,0.197
0642,14,0.217
0642,15,0.284
0642,16,0.33
0642,17,0.385
0642,18,0.422
0642,19,0.443
0642,20,0.461
0642,21,0.47
0642,22,0.505
0642,23,0.534
0642,24,0.558
0642,25,0.616
0642,26,0.673
0642,27,0.709
0642,28,0.725
0642,29,0.747
0642,30,0.771
0642,31,0.776
0642,32,0.786
0642,33,0.798
0642,34,0.802
0642,35,0.829
0642,36,0.84
0642,37,0.847
0642,38,0.848
0642,39,0.851
0642,40,0.854
0642,41,0.856
0642,42,0.858
0642,43,0.859
0642,44,0.86
0642,45,0.861
0642,46,0.863
0642,47,0.865
0642,48,0.868
0642,49,0.872
0642,50,0.874
0642,51,0.877
0642,52,0.878
0643,1,0.002
0643,2,0.013
0643,3,0.022
0643,4,0.032
0643,5,0.033
0643,6,0.041
0643,7,0.05
0643,8,0.071
0643,9,0.099
0643,10,0.118
0643,11,0.127
0643,12,0.14
0643,13,0.158
0643,14,0.186
0643,15,0.251
0643,16,0.294
0643,17,0.336
0643,18,0.372
0643,19,0.391
0643,20,0.399
0643,21,0.409
0643,22,0.447
0643,23,0.484
0643,24,0.526
0643,25,0.615
0643,26,0.688
0643,27,0.743
0643,28,0.76
0643,29,0.784
0643,30,0.803
0643,31,0.809
0643,32,0.821
0643,33,0.829
0643,34,0.841
0643,35,0.857
0643,36,0.862
0643,37,0.87
0643,38,0.874
0643,39,0.877
0643,40,0.88
0643,41,0.881
0643,42,0.882
0643,43,0.884
0643,44,0.884
0643,45,0.886
0643,46,0.889
0643,47,0.892
0643,48,0.896
0643,49,0.898
0643,50,0.901
0643,51,0.902
0643,52,0.904
0662,1,0.004
0662,2,0.015
0662,3,0.023
0662,4,0.031
0662,5,0.032
0662,6,0.035
0662,7,0.042
0662,8,0.064
0662,9,0.086
0662,10,0.107
0662,11,0.12
0662,12,0.129
0662,13,0.159
0662,14,0.199
0662,15,0.257
0662,16,0.289
0662,17,0.336
0662,18,0.372
0662,19,0.396
0662,20,0.414
0662,21,0.431
0662,22,0.459
0662,23,0.48
0662,24,0.512
0662,25,0.594
0662,26,0.644
0662,27,0.686
0662,28,0.703
0662,29,0.72
0662,30,0.737
0662,31,0.742
0662,32,0.751
0662,33,0.756
0662,34,0.773
0662,35,0.784
0662,36,0.794
0662,37,0.801
0662,38,0.806
0662,39,0.809
0662,40,0.815
0662,41,0.816
0662,42,0.819
0662,43,0.821
0662,44,0.822
0662,45,0.823
0662,46,0.827
0662,47,0.83
0662,48,0.835
0662,49,0.839
0662,50,0.843
0662,51,0.847
0662,52,0.847
0665,1,0.002
0665,2,0.009
0665,3,0.017
0665,4,0.024
0665,5,0.026
0665,6,0.028
0665,7,0.04
0665,8,0.058
0665,9,0.084
0665,10,0.102
0665,11,0.109
0665,12,0.12
0665,13,0.148
0665,14,0.183
0665,15,0.246
0665,16,0.285
0665,17,0.339
0665,18,0.375
0665,19,0.396
0665,20,0.403
0665,21,0.416
0665,22,0.45
0665,23,0.482
0665,24,0.512
0665,25,0.585
0665,26,0.653
0665,27,0.698
0665,28,0.709
0665,29,0.731
0665,30,0.74
0665,31,0.756
0665,32,0.76
0665,33,0.762
0665,34,0.776
0665,35,0.789
0665,36,0.798
0665,37,0.804
0665,38,0.811
0665,39,0.815
0665,40,0.817
0665,41,0.818
0665,42,0.818
0665,43,0.821
0665,44,0.823
0665,45,0.824
0665,46,0.83
0665,47,0.834
0665,48,0.838
0665,49,0.842
0665,50,0.847
0665,51,0.85
0665,52,0.85
0680,1,0.001
0680,2,0.014
0680,3,0.029
0680,4,0.037
0680,5,0.04
0680,6,0.045
0680,7,0.05
0680,8,0.063
0680,9,0.081
0680,10,0.101
0680,11,0.113
0680,12,0.121
0680,13,0.148
0680,14,0.176
0680,15,0.228
0680,16,0.268
0680,17,0.31
0680,18,0.344
0680,19,0.365
0680,20,0.376
0680,21,0.386
0680,22,0.413
0680,23,0.447
0680,24,0.485
0680,25,0.553
0680,26,0.614
0680,27,0.675
0680,28,0.697
0680,29,0.721
0680,30,0.732
0680,31,0.745
0680,32,0.758
0680,33,0.77
0680,34,0.782
0680,35,0.795
0680,36,0.805
0680,37,0.812
0680,38,0.818
0680,39,0.822
0680,40,0.825
0680,41,0.827
0680,42,0.829
0680,43,0.83
0680,44,0.832
0680,45,0.833
0680,46,0.837
0680,47,0.84
0680,48,0.845
0680,49,0.848
0680,50,0.852
0680,51,0.854
0680,52,0.855
0682,1,0.005
0682,2,0.023
0682,3,0.036
0682,4,0.041
0682,5,0.042
0682,6,0.045
0682,7,0.056
0682,8,0.078
0682,9,0.103
0682,10,0.127
0682,11,0.142
0682,12,0.15
0682,13,0.189
0682,14,0.228
0682,15,0.289
0682,16,0.316
0682,17,0.363
0682,18,0.407
0682,19,0.427
0682,20,0.437
0682,21,0.451
0682,22,0.478
0682,23,0.507
0682,24,0.532
0682,25,0.603
0682,26,0.653
0682,27,0.701
0682,28,0.714
0682,29,0.738
0682,30,0.755
0682,31,0.763
0682,32,0.767
0682,33,0.773
0682,34,0.782
0682,35,0.799
0682,36,0.808
0682,37,0.812
0682,38,0.821
0682,39,0.825
0682,40,0.828
0682,41,0.831
0682,42,0.833
0682,43,0.835
0682,44,0.837
0682,45,0.838
0682,46,0.844
0682,47,0.846
0682,48,0.849
0682,49,0.853
0682,50,0.856
0682,51,0.858
0682,52,0.859
0683,1,0.003
0683,2,0.015
0683,3,0.027
0683,4,0.034
0683,5,0.035
0683,6,0.038
0683,7,0.042
0683,8,0.064
0683,9,0.08
0683,10,0.101
0683,11,0.114
0683,12,0.121
0683,13,0.162
0683,14,0.201
0683,15,0.272
0683,16,0.309
0683,17,0.353
0683,18,0.393
0683,19,0.406
0683,20,0.43
0683,21,0.438
0683,22,0.476
0683,23,0.502
0683,24,0.532
0683,25,0.605
0683,26,0.671
0683,27,0.718
0683,28,0.734
0683,29,0.757
0683,30,0.775
0683,31,0.784
0683,32,0.791
0683,33,0.798
0683,34,0.807
0683,35,0.819
0683,36,0.826
0683,37,0.832
0683,38,0.836
0683,39,0.839
0683,40,0.841
0683,41,0.842
0683,42,0.844
0683,43,0.845
0683,44,0.846
0683,45,0.848
0683,46,0.852
0683,47,0.856
0683,48,0.859
0683,49,0.863
0683,50,0.867
0683,51,0.869
0683,52,0.871
0684,1,0.003
0684,2,0.016
0684,3,0.022
0684,4,0.026
0684,5,0.027
0684,6,0.03
0684,7,0.04
0684,8,0.058
0684,9,0.103
0684,10,0.125
0684,11,0.14
0684,12,0.147
0684,13,0.185
0684,14,0.207
0684,15,0.293
0684,16,0.335
0684,17,0.372
0684,18,0.406
0684,19,0.42
0684,20,0.435
0684,21,0.447
0684,22,0.479
0684,23,0.5
0684,24,0.503
0684,25,0.589
0684,26,0.64
0684,27,0.68
0684,28,0.698
0684,29,0.715
0684,30,0.729
0684,31,0.737
0684,32,0.741
0684,33,0.742
0684,34,0.756
0684,35,0.767
0684,36,0.78
0684,37,0.789
0684,38,0.793
0684,39,0.8
0684,40,0.802
0684,41,0.805
0684,42,0.807
0684,43,0.808
0684,44,0.81
0684,45,0.811
0684,46,0.817
0684,47,0.822
0684,48,0.827
0684,49,0.831
0684,50,0.835
0684,51,0.837
0684,52,0.838
0685,1,0.004
0685,2,0.015
0685,3,0.025
0685,4,0.035
0685,5,0.038
0685,6,0.041
0685,7,0.049
0685,8,0.058
0685,9,0.093
0685,10,0.112
0685,11,0.128
0685,12,0.134
0685,13,0.172
0685,14,0.203
0685,15,0.268
0685,16,0.325
0685,17,0.375
0685,18,0.424
0685,19,0.455
0685,20,0.479
0685,21,0.487
0685,22,0.516
0685,23,0.539
0685,24,0.565
0685,25,0.63
0685,26,0.699
0685,27,0.737
0685,28,0.754
0685,29,0.775
0685,30,0.787
0685,31,0.794
0685,32,0.803
0685,33,0.812
0685,34,0.819
0685,35,0.828
0685,36,0.836
0685,37,0.843
0685,38,0.849
0685,39,0.852
0685,40,0.854
0685,41,0.856
0685,42,0.858
0685,43,0.859
0685,44,0.861
0685,45,0.862
0685,46,0.865
0685,47,0.869
0685,48,0.872
0685,49,0.875
0685,50,0.878
0685,51,0.879
0685,52,0.88
0686,1,0.004
0686,2,0.019
0686,3,0.032
0686,4,0.041
0686,5,0.044
0686,6,0.05
0686,7,0.076
0686,8,0.095
0686,9,0.123
0686,10,0.149
0686,11,0.167
0686,12,0.174
0686,13,0.215
0686,14,0.261
0686,15,0.329
0686,16,0.375
0686,17,0.417
0686,18,0.455
0686,19,0.473
0686,20,0.484
0686,21,0.5
0686,22,0.525
0686,23,0.567
0686,24,0.598
0686,25,0.65
0686,26,0.698
0686,27,0.747
0686,28,0.764
0686,29,0.789
0686,30,0.8
0686,31,0.808
0686,32,0.809
0686,33,0.815
0686,34,0.826
0686,35,0.838
0686,36,0.846
0686,37,0.851
0686,38,0.855
0686,39,0.858
0686,40,0.862
0686,41,0.864
0686,42,0.865
0686,43,0.867
0686,44,0.868
0686,45,0.869
0686,46,0.873
0686,47,0.874
0686,48,0.877
0686,49,0.88
0686,50,0.883
0686,51,0.885
0686,52,0.886
0687,1,0.004
0687,2,0.013
0687,3,0.021
0687,4,0.026
0687,5,0.027
0687,6,0.029
0687,7,0.045
0687,8,0.057
0687,9,0.08
0687,10,0.11
0687,11,0.121
0687,12,0.124
0687,13,0.174
0687,14,0.215
0687,15,0.28
0687,16,0.331
0687,17,0.378
0687,18,0.41
0687,19,0.433
0687,20,0.446
0687,21,0.46
0687,22,0.499
0687,23,0.515
0687,24,0.555
0687,25,0.619
0687,26,0.689
0687,27,0.733
0687,28,0.752
0687,29,0.779
0687,30,0.794
0687,31,0.797
0687,32,0.814
0687,33,0.822
0687,34,0.834
0687,35,0.847
0687,36,0.854
0687,37,0.859
0687,38,0.865
0687,39,0.866
0687,40,0.869
0687,41,0.87
0687,42,0.872
0687,43,0.873
0687,44,0.874
0687,45,0.875
0687,46,0.878
0687,47,0.883
0687,48,0.886
0687,49,0.888
0687,50,0.89
0687,51,0.891
0687,52,0.892
0760,1,0.007
0760,2,0.01
0760,3,0.024
0760,4,0.028
0760,5,0.038
0760,6,0.042
0760,7,0.049
0760,8,0.055
0760,9,0.068
0760,10,0.083
0760,11,0.102
0760,12,0.125
0760,13,0.148
0760,14,0.172
0760,15,0.243
0760,16,0.287
0760,17,0.334
0760,18,0.355
0760,19,0.402
0760,20,0.441
0760,21,0.453
0760,22,0.463
0760,23,0.499
0760,24,0.537
0760,25,0.553
0760,26,0.583
0760,27,0.633
0760,28,0.677
0760,29,0.699
0760,30,0.716
0760,31,0.726
0760,32,0.737
0760,33,0.749
0760,34,0.754
0760,35,0.761
0760,36,0.768
0760,37,0.774
0760,38,0.784
0760,39,0.786
0760,40,0.794
0760,41,0.799
0760,42,0.806
0760,43,0.81
0760,44,0.812
0760,45,0.813
0760,46,0.815
0760,47,0.817
0760,48,0.823
0760,49,0.826
0760,50,0.828
0760,51,0.83
0760,52,0.83
0761,1,0.008
0761,2,0.018
0761,3,0.041
0761,4,0.05
0761,5,0.055
0761,6,0.057
0761,7,0.062
0761,8,0.065
0761,9,0.084
0761,10,0.094
0761,11,0.102
0761,12,0.12
0761,13,0.157
0761,14,0.197
0761,15,0.269
0761,16,0.331
0761,17,0.37
0761,18,0.4
0761,19,0.438
0761,20,0.477
0761,21,0.483
0761,22,0.493
0761,23,0.524
0761,24,0.562
0761,25,0.589
0761,26,0.609
0761,27,0.661
0761,28,0.706
0761,29,0.737
0761,30,0.755
0761,31,0.767
0761,32,0.779
0761,33,0.79
0761,34,0.798
0761,35,0.804
0761,36,0.811
0761,37,0.818
0761,38,0.823
0761,39,0.827
0761,40,0.833
0761,41,0.839
0761,42,0.841
0761,43,0.844
0761,44,0.848
0761,45,0.849
0761,46,0.85
0761,47,0.853
0761,48,0.855
0761,49,0.858
0761,50,0.862
0761,51,0.864
0761,52,0.864
0763,1,0.013
0763,2,0.019
0763,3,0.039
0763,4,0.046
0763,5,0.05
0763,6,0.055
0763,7,0.066
0763,8,0.08
0763,9,0.103
0763,10,0.119
0763,11,0.129
0763,12,0.145
0763,13,0.166
0763,14,0.218
0763,15,0.299
0763,16,0.368
0763,17,0.406
0763,18,0.446
0763,19,0.488
0763,20,0.515
0763,21,0.525
0763,22,0.535
0763,23,0.565
0763,24,0.602
0763,25,0.627
0763,26,0.648
0763,27,0.687
0763,28,0.732
0763,29,0.764
0763,30,0.775
0763,31,0.781
0763,32,0.79
0763,33,0.797
0763,34,0.802
0763,35,0.807
0763,36,0.814
0763,37,0.817
0763,38,0.823
0763,39,0.825
0763,40,0.83
0763,41,0.833
0763,42,0.836
0763,43,0.838
0763,44,0.84
0763,45,0.841
0763,46,0.842
0763,47,0.845
0763,48,0.849
0763,49,0.851
0763,50,0.853
0763,51,0.857
0763,52,0.858
0764,1,0.006
0764,2,0.012
0764,3,0.026
0764,4,0.029
0764,5,0.039
0764,6,0.042
0764,7,0.056
0764,8,0.065
0764,9,0.075
0764,10,0.086
0764,11,0.1
0764,12,0.123
0764,13,0.151
0764,14,0.173
0764,15,0.25
0764,16,0.307
0764,17,0.346
0764,18,0.393
0764,19,0.412
0764,20,0.437
0764,21,0.453
0764,22,0.462
0764,23,0.489
0764,24,0.522
0764,25,0.56
0764,26,0.584
0764,27,0.637
0764,28,0.678
0764,29,0.723
0764,30,0.744
0764,31,0.756
0764,32,0.766
0764,33,0.776
0764,34,0.782
0764,35,0.792
0764,36,0.798
0764,37,0.806
0764,38,0.81
0764,39,0.814
0764,40,0.82
0764,41,0.824
0764,42,0.826
0764,43,0.828
0764,44,0.829
0764,45,0.83
0764,46,0.831
0764,47,0.834
0764,48,0.836
0764,49,0.84
0764,50,0.843
0764,51,0.845
0764,52,0.846
0765,1,0.008
0765,2,0.014
0765,3,0.03
0765,4,0.033
0765,5,0.037
0765,6,0.04
0765,7,0.044
0765,8,0.052
0765,9,0.064
0765,10,0.071
0765,11,0.079
0765,12,0.09
0765,13,0.107
0765,14,0.121
0765,15,0.187
0765,16,0.246
0765,17,0.299
0765,18,0.348
0765,19,0.379
0765,20,0.398
0765,21,0.406
0765,22,0.412
0765,23,0.432
0765,24,0.471
0765,25,0.528
0765,26,0.553
0765,27,0.615
0765,28,0.659
0765,29,0.7
0765,30,0.719
0765,31,0.733
0765,32,0.744
0765,33,0.758
0765,34,0.765
0765,35,0.772
0765,36,0.778
0765,37,0.782
0765,38,0.786
0765,39,0.789
0765,40,0.795
0765,41,0.8
0765,42,0.802
0765,43,0.803
0765,44,0.806
0765,45,0.806
0765,46,0.807
0765,47,0.811
0765,48,0.813
0765,49,0.816
0765,50,0.818
0765,51,0.82
0765,52,0.821
0767,1,0.009
0767,2,0.016
0767,3,0.031
0767,4,0.033
0767,5,0.041
0767,6,0.044
0767,7,0.049
0767,8,0.055
0767,9,0.075
0767,10,0.087
0767,11,0.127
0767,12,0.144
0767,13,0.168
0767,14,0.189
0767,15,0.263
0767,16,0.305
0767,17,0.341
0767,18,0.374
0767,19,0.406
0767,20,0.431
0767,21,0.439
0767,22,0.447
0767,23,0.472
0767,24,0.505
0767,25,0.539
0767,26,0.571
0767,27,0.609
0767,28,0.649
0767,29,0.684
0767,30,0.696
0767,31,0.705
0767,32,0.715
0767,33,0.723
0767,34,0.73
0767,35,0.735
0767,36,0.747
0767,37,0.753
0767,38,0.759
0767,39,0.765
0767,40,0.766
0767,41,0.771
0767,42,0.776
0767,43,0.78
0767,44,0.781
0767,45,0.783
0767,46,0.785
0767,47,0.792
0767,48,0.795
0767,49,0.798
0767,50,0.803
0767,51,0.804
0767,52,0.806
0780,1,0.003
0780,2,0.006
0780,3,0.016
0780,4,0.02
0780,5,0.026
0780,6,0.032
0780,7,0.039
0780,8,0.046
0780,9,0.069
0780,10,0.085
0780,11,0.098
0780,12,0.113
0780,13,0.138
0780,14,0.17
0780,15,0.232
0780,16,0.276
0780,17,0.307
0780,18,0.332
0780,19,0.363
0780,20,0.397
0780,21,0.414
0780,22,0.423
0780,23,0.448
0780,24,0.482
0780,25,0.515
0780,26,0.539
0780,27,0.597
0780,28,0.664
0780,29,0.712
0780,30,0.744
0780,31,0.764
0780,32,0.777
0780,33,0.788
0780,34,0.797
0780,35,0.803
0780,36,0.811
0780,37,0.817
0780,38,0.823
0780,39,0.827
0780,40,0.834
0780,41,0.837
0780,42,0.839
0780,43,0.841
0780,44,0.843
0780,45,0.844
0780,46,0.846
0780,47,0.849
0780,48,0.853
0780,49,0.856
0780,50,0.858
0780,51,0.86
0780,52,0.861
0781,1,0.004
0781,2,0.007
0781,3,0.01
0781,4,0.02
0781,5,0.03
0781,6,0.035
0781,7,0.045
0781,8,0.055
0781,9,0.077
0781,10,0.094
0781,11,0.113
0781,12,0.131
0781,13,0.154
0781,14,0.162
0781,15,0.231
0781,16,0.302
0781,17,0.335
0781,18,0.384
0781,19,0.421
0781,20,0.442
0781,21,0.453
0781,22,0.464
0781,23,0.501
0781,24,0.539
0781,25,0.583
0781,26,0.612
0781,27,0.658
0781,28,0.702
0781,29,0.73
0781,30,0.744
0781,31,0.756
0781,32,0.764
0781,33,0.774
0781,34,0.783
0781,35,0.788
0781,36,0.795
0781,37,0.801
0781,38,0.806
0781,39,0.807
0781,40,0.812
0781,41,0.815
0781,42,0.817
0781,43,0.818
0781,44,0.82
0781,45,0.821
0781,46,0.823
0781,47,0.826
0781,48,0.828
0781,49,0.83
0781,50,0.834
0781,51,0.836
0781,52,0.836
0821,1,0.006
0821,2,0.016
0821,3,0.039
0821,4,0.061
0821,5,0.078
0821,6,0.079
0821,7,0.089
0821,8,0.1
0821,9,0.12
0821,10,0.137
0821,11,0.153
0821,12,0.17
0821,13,0.186
0821,14,0.211
0821,15,0.25
0821,16,0.305
0821,17,0.379
0821,18,0.441
0821,19,0.463
0821,20,0.484
0821,21,0.5
0821,22,0.513
0821,23,0.527
0821,24,0.547
0821,25,0.582
0821,26,0.615
0821,27,0.647
0821,28,0.686
0821,29,0.708
0821,30,0.724
0821,31,0.734
0821,32,0.739
0821,33,0.743
0821,34,0.745
0821,35,0.748
0821,36,0.766
0821,37,0.773
0821,38,0.781
0821,39,0.784
0821,40,0.786
0821,41,0.79
0821,42,0.795
0821,43,0.797
0821,44,0.798
0821,45,0.799
0821,46,0.8
0821,47,0.804
0821,48,0.814
0821,49,0.819
0821,50,0.82
0821,51,0.822
0821,52,0.823
0834,1,0.008
0834,2,0.016
0834,3,0.039
0834,4,0.053
0834,5,0.062
0834,6,0.066
0834,7,0.081
0834,8,0.088
0834,9,0.107
0834,10,0.139
0834,11,0.155
0834,12,0.176
0834,13,0.206
0834,14,0.217
0834,15,0.291
0834,16,0.355
0834,17,0.424
0834,18,0.464
0834,19,0.486
0834,20,0.51
0834,21,0.516
0834,22,0.538
0834,23,0.567
0834,24,0.598
0834,25,0.635
0834,26,0.679
0834,27,0.716
0834,28,0.753
0834,29,0.778
0834,30,0.788
0834,31,0.79
0834,32,0.794
0834,33,0.802
0834,34,0.804
0834,35,0.813
0834,36,0.818
0834,37,0.823
0834,38,0.834
0834,39,0.838
0834,40,0.839
0834,41,0.841
0834,42,0.844
0834,43,0.846
0834,44,0.847
0834,45,0.847
0834,46,0.848
0834,47,0.852
0834,48,0.854
0834,49,0.857
0834,50,0.861
0834,51,0.862
0834,52,0.863
0840,1,0.007
0840,2,0.035
0840,3,0.047
0840,4,0.063
0840,5,0.071
0840,6,0.077
0840,7,0.081
0840,8,0.091
0840,9,0.103
0840,10,0.127
0840,11,0.139
0840,12,0.157
0840,13,0.188
0840,14,0.216
0840,15,0.301
0840,16,0.391
0840,17,0.456
0840,18,0.504
0840,19,0.527
0840,20,0.548
0840,21,0.556
0840,22,0.576
0840,23,0.594
0840,24,0.634
0840,25,0.673
0840,26,0.742
0840,27,0.788
0840,28,0.823
0840,29,0.844
0840,30,0.853
0840,31,0.858
0840,32,0.865
0840,33,0.869
0840,34,0.87
0840,35,0.876
0840,36,0.884
0840,37,0.887
0840,38,0.89
0840,39,0.893
0840,40,0.894
0840,41,0.896
0840,42,0.898
0840,43,0.9
0840,44,0.901
0840,45,0.902
0840,46,0.903
0840,47,0.904
0840,48,0.906
0840,49,0.908
0840,50,0.91
0840,51,0.912
0840,52,0.912
0860,1,0.001
0860,2,0.007
0860,3,0.022
0860,4,0.04
0860,5,0.05
0860,6,0.052
0860,7,0.075
0860,8,0.087
0860,9,0.103
0860,10,0.135
0860,11,0.154
0860,12,0.177
0860,13,0.198
0860,14,0.231
0860,15,0.267
0860,16,0.311
0860,17,0.377
0860,18,0.434
0860,19,0.47
0860,20,0.49
0860,21,0.5
0860,22,0.522
0860,23,0.535
0860,24,0.563
0860,25,0.601
0860,26,0.649
0860,27,0.693
0860,28,0.724
0860,29,0.742
0860,30,0.762
0860,31,0.77
0860,32,0.773
0860,33,0.778
0860,34,0.781
0860,35,0.795
0860,36,0.803
0860,37,0.808
0860,38,0.812
0860,39,0.82
0860,40,0.823
0860,41,0.825
0860,42,0.829
0860,43,0.833
0860,44,0.834
0860,45,0.835
0860,46,0.837
0860,47,0.842
0860,48,0.844
0860,49,0.847
0860,50,0.85
0860,51,0.851
0860,52,0.851
0861,1,0.007
0861,2,0.02
0861,3,0.038
0861,4,0.054
0861,5,0.057
0861,6,0.062
0861,7,0.067
0861,8,0.087
0861,9,0.113
0861,10,0.135
0861,11,0.144
0861,12,0.169
0861,13,0.193
0861,14,0.221
0861,15,0.267
0861,16,0.325
0861,17,0.406
0861,18,0.436
0861,19,0.481
0861,20,0.505
0861,21,0.516
0861,22,0.534
0861,23,0.558
0861,24,0.58
0861,25,0.62
0861,26,0.666
0861,27,0.705
0861,28,0.753
0861,29,0.771
0861,30,0.78
0861,31,0.785
0861,32,0.793
0861,33,0.799
0861,34,0.805
0861,35,0.813
0861,36,0.815
0861,37,0.82
0861,38,0.825
0861,39,0.828
0861,40,0.832
0861,41,0.833
0861,42,0.837
0861,43,0.841
0861,44,0.842
0861,45,0.843
0861,46,0.844
0861,47,0.847
0861,48,0.849
0861,49,0.854
0861,50,0.857
0861,51,0.858
0861,52,0.86
0862,1,0.008
0862,2,0.019
0862,3,0.044
0862,4,0.058
0862,5,0.066
0862,6,0.08
0862,7,0.091
0862,8,0.093
0862,9,0.101
0862,10,0.121
0862,11,0.141
0862,12,0.149
0862,13,0.203
0862,14,0.212
0862,15,0.278
0862,16,0.323
0862,17,0.38
0862,18,0.45
0862,19,0.461
0862,20,0.489
0862,21,0.502
0862,22,0.525
0862,23,0.55
0862,24,0.583
0862,25,0.613
0862,26,0.654
0862,27,0.678
0862,28,0.714
0862,29,0.752
0862,30,0.759
0862,31,0.774
0862,32,0.779
0862,33,0.785
0862,34,0.786
0862,35,0.803
0862,36,0.809
0862,37,0.817
0862,38,0.819
0862,39,0.825
0862,40,0.83
0862,41,0.833
0862,42,0.836
0862,43,0.84
0862,44,0.842
0862,45,0.842
0862,46,0.843
0862,47,0.844
0862,48,0.846
0862,49,0.85
0862,50,0.853
0862,51,0.855
0862,52,0.856
0880,1,0.002
0880,2,0.008
0880,3,0.02
0880,4,0.039
0880,5,0.046
0880,6,0.057
0880,7,0.063
0880,8,0.074
0880,9,0.1
0880,10,0.125
0880,11,0.14
0880,12,0.16
0880,13,0.177
0880,14,0.191
0880,15,0.256
0880,16,0.316
0880,17,0.369
0880,18,0.405
0880,19,0.426
0880,20,0.444
0880,21,0.446
0880,22,0.475
0880,23,0.5
0880,24,0.53
0880,25,0.561
0880,26,0.644
0880,27,0.707
0880,28,0.766
0880,29,0.798
0880,30,0.807
0880,31,0.815
0880,32,0.827
0880,33,0.833
0880,34,0.834
0880,35,0.84
0880,36,0.846
0880,37,0.852
0880,38,0.857
0880,39,0.861
0880,40,0.865
0880,41,0.867
0880,42,0.87
0880,43,0.872
0880,44,0.872
0880,45,0.873
0880,46,0.874
0880,47,0.876
0880,48,0.88
0880,49,0.883
0880,50,0.887
0880,51,0.889
0880,52,0.89
0881,1,0.003
0881,2,0.008
0881,3,0.023
0881,4,0.035
0881,5,0.047
0881,6,0.051
0881,7,0.061
0881,8,0.075
0881,9,0.102
0881,10,0.125
0881,11,0.143
0881,12,0.163
0881,13,0.191
0881,14,0.217
0881,15,0.264
0881,16,0.317
0881,17,0.387
0881,18,0.439
0881,19,0.469
0881,20,0.491
0881,21,0.503
0881,22,0.527
0881,23,0.548
0881,24,0.579
0881,25,0.61
0881,26,0.666
0881,27,0.711
0881,28,0.753
0881,29,0.775
0881,30,0.787
0881,31,0.793
0881,32,0.802
0881,33,0.804
0881,34,0.806
0881,35,0.816
0881,36,0.82
0881,37,0.829
0881,38,0.836
0881,39,0.838
0881,40,0.843
0881,41,0.844
0881,42,0.848
0881,43,0.851
0881,44,0.852
0881,45,0.853
0881,46,0.854
0881,47,0.856
0881,48,0.859
0881,49,0.863
0881,50,0.865
0881,51,0.867
0881,52,0.867
0882,1,0.006
0882,2,0.014
0882,3,0.031
0882,4,0.04
0882,5,0.049
0882,6,0.054
0882,7,0.065
0882,8,0.078
0882,9,0.112
0882,10,0.139
0882,11,0.152
0882,12,0.177
0882,13,0.208
0882,14,0.226
0882,15,0.281
0882,16,0.32
0882,17,0.397
0882,18,0.435
0882,19,0.459
0882,20,0.49
0882,21,0.507
0882,22,0.521
0882,23,0.537
0882,24,0.557
0882,25,0.609
0882,26,0.652
0882,27,0.705
0882,28,0.766
0882,29,0.785
0882,30,0.796
0882,31,0.803
0882,32,0.81
0882,33,0.817
0882,34,0.819
0882,35,0.827
0882,36,0.832
0882,37,0.839
0882,38,0.845
0882,39,0.848
0882,40,0.851
0882,41,0.853
0882,42,0.855
0882,43,0.858
0882,44,0.859
0882,45,0.859
0882,46,0.86
0882,47,0.863
0882,48,0.865
0882,49,0.87
0882,50,0.874
0882,51,0.876
0882,52,0.877
0883,1,0.008
0883,2,0.017
0883,3,0.033
0883,4,0.047
0883,5,0.056
0883,6,0.063
0883,7,0.067
0883,8,0.083
0883,9,0.116
0883,10,0.157
0883,11,0.171
0883,12,0.197
0883,13,0.225
0883,14,0.248
0883,15,0.333
0883,16,0.409
0883,17,0.484
0883,18,0.527
0883,19,0.548
0883,20,0.566
0883,21,0.585
0883,22,0.595
0883,23,0.613
0883,24,0.645
0883,25,0.69
0883,26,0.74
0883,27,0.782
0883,28,0.82
0883,29,0.831
0883,30,0.836
0883,31,0.845
0883,32,0.847
0883,33,0.854
0883,34,0.859
0883,35,0.863
0883,36,0.867
0883,37,0.871
0883,38,0.875
0883,39,0.879
0883,40,0.881
0883,41,0.882
0883,42,0.885
0883,43,0.887
0883,44,0.888
0883,45,0.888
0883,46,0.889
0883,47,0.89
0883,48,0.892
0883,49,0.895
0883,50,0.899
0883,51,0.9
0883,52,0.901
0884,1,0.002
0884,2,0.007
0884,3,0.018
0884,4,0.03
0884,5,0.04
0884,6,0.041
0884,7,0.061
0884,8,0.073
0884,9,0.088
0884,10,0.118
0884,11,0.136
0884,12,0.16
0884,13,0.182
0884,14,0.212
0884,15,0.252
0884,16,0.306
0884,17,0.385
0884,18,0.42
0884,19,0.449
0884,20,0.483
0884,21,0.499
0884,22,0.52
0884,23,0.537
0884,24,0.565
0884,25,0.616
0884,26,0.67
0884,27,0.721
0884,28,0.761
0884,29,0.781
0884,30,0.802
0884,31,0.809
0884,32,0.812
0884,33,0.818
0884,34,0.831
0884,35,0.843
0884,36,0.845
0884,37,0.851
0884,38,0.86
0884,39,0.863
0884,40,0.866
0884,41,0.867
0884,42,0.87
0884,43,0.873
0884,44,0.873
0884,45,0.874
0884,46,0.874
0884,47,0.876
0884,48,0.879
0884,49,0.882
0884,50,0.884
0884,51,0.885
0884,52,0.886
0885,1,0.008
0885,2,0.036
0885,3,0.064
0885,4,0.086
0885,5,0.097
0885,6,0.105
0885,7,0.106
0885,8,0.115
0885,9,0.123
0885,10,0.158
0885,11,0.167
0885,12,0.187
0885,13,0.218
0885,14,0.232
0885,15,0.332
0885,16,0.45
0885,17,0.531
0885,18,0.554
0885,19,0.586
0885,20,0.608
0885,21,0.616
0885,22,0.636
0885,23,0.653
0885,24,0.674
0885,25,0.707
0885,26,0.74
0885,27,0.787
0885,28,0.825
0885,29,0.836
0885,30,0.843
0885,31,0.851
0885,32,0.856
0885,33,0.86
0885,34,0.86
0885,35,0.863
0885,36,0.868
0885,37,0.873
0885,38,0.879
0885,39,0.883
0885,40,0.885
0885,41,0.886
0885,42,0.888
0885,43,0.89
0885,44,0.891
0885,45,0.891
0885,46,0.892
0885,47,0.893
0885,48,0.895
0885,49,0.897
0885,50,0.899
0885,51,0.9
0885,52,0.901
0980,1,0.005
0980,2,0.018
0980,3,0.035
0980,4,0.066
0980,5,0.084
0980,6,0.089
0980,7,0.093
0980,8,0.101
0980,9,0.115
0980,10,0.152
0980,11,0.181
0980,12,0.189
0980,13,0.198
0980,14,0.234
0980,15,0.282
0980,16,0.308
0980,17,0.327
0980,18,0.36
0980,19,0.387
0980,20,0.41
0980,21,0.433
0980,22,0.465
0980,23,0.506
0980,24,0.536
0980,25,0.585
0980,26,0.641
0980,27,0.705
0980,28,0.743
0980,29,0.761
0980,30,0.809
0980,31,0.823
0980,32,0.828
0980,33,0.842
0980,34,0.854
0980,35,0.861
0980,36,0.869
0980,37,0.876
0980,38,0.881
0980,39,0.883
0980,40,0.885
0980,41,0.887
0980,42,0.887
0980,43,0.888
0980,44,0.889
0980,45,0.89
0980,46,0.89
0980,47,0.892
0980,48,0.894
0980,49,0.896
0980,50,0.898
0980,51,0.899
0980,52,0.9
1060,1,0.007
1060,2,0.016
1060,3,0.026
1060,4,0.033
1060,5,0.043
1060,6,0.05
1060,7,0.065
1060,8,0.083
1060,9,0.094
1060,10,0.112
1060,11,0.126
1060,12,0.134
1060,13,0.165
1060,14,0.192
1060,15,0.249
1060,16,0.296
1060,17,0.328
1060,18,0.37
1060,19,0.408
1060,20,0.452
1060,21,0.492
1060,22,0.535
1060,23,0.571
1060,24,0.596
1060,25,0.628
1060,26,0.657
1060,27,0.684
1060,28,0.722
1060,29,0.746
1060,30,0.762
1060,31,0.768
1060,32,0.774
1060,33,0.785
1060,34,0.793
1060,35,0.799
1060,36,0.804
1060,37,0.809
1060,38,0.817
1060,39,0.818
1060,40,0.822
1060,41,0.827
1060,42,0.829
1060,43,0.83
1060,44,0.831
1060,45,0.833
1060,46,0.835
1060,47,0.836
1060,48,0.84
1060,49,0.843
1060,50,0.847
1060,51,0.85
1060,52,0.851
1080,1,0.007
1080,2,0.014
1080,3,0.026
1080,4,0.035
1080,5,0.046
1080,6,0.054
1080,7,0.072
1080,8,0.083
1080,9,0.101
1080,10,0.126
1080,11,0.137
1080,12,0.146
1080,13,0.166
1080,14,0.196
1080,15,0.242
1080,16,0.291
1080,17,0.327
1080,18,0.36
1080,19,0.397
1080,20,0.433
1080,21,0.474
1080,22,0.513
1080,23,0.557
1080,24,0.596
1080,25,0.639
1080,26,0.685
1080,27,0.728
1080,28,0.767
1080,29,0.797
1080,30,0.815
1080,31,0.825
1080,32,0.834
1080,33,0.842
1080,34,0.849
1080,35,0.854
1080,36,0.859
1080,37,0.863
1080,38,0.867
1080,39,0.87
1080,40,0.873
1080,41,0.874
1080,42,0.876
1080,43,0.877
1080,44,0.878
1080,45,0.879
1080,46,0.88
1080,47,0.882
1080,48,0.885
1080,49,0.887
1080,50,0.89
1080,51,0.891
1080,52,0.892
1081,1,0.008
1081,2,0.016
1081,3,0.026
1081,4,0.032
1081,5,0.042
1081,6,0.051
1081,7,0.068
1081,8,0.079
1081,9,0.1
1081,10,0.123
1081,11,0.134
1081,12,0.145
1081,13,0.178
1081,14,0.215
1081,15,0.266
1081,16,0.318
1081,17,0.356
1081,18,0.394
1081,19,0.437
1081,20,0.474
1081,21,0.515
1081,22,0.562
1081,23,0.601
1081,24,0.634
1081,25,0.666
1081,26,0.7
1081,27,0.736
1081,28,0.762
1081,29,0.785
1081,30,0.797
1081,31,0.805
1081,32,0.812
1081,33,0.817
1081,34,0.823
1081,35,0.83
1081,36,0.835
1081,37,0.84
1081,38,0.844
1081,39,0.846
1081,40,0.85
1081,41,0.852
1081,42,0.853
1081,43,0.855
1081,44,0.856
1081,45,0.857
1081,46,0.859
1081,47,0.861
1081,48,0.865
1081,49,0.866
1081,50,0.871
1081,51,0.873
1081,52,0.874
1082,1,0.006
1082,2,0.016
1082,3,0.027
1082,4,0.033
1082,5,0.04
1082,6,0.047
1082,7,0.058
1082,8,0.069
1082,9,0.084
1082,10,0.109
1082,11,0.119
1082,12,0.129
1082,13,0.147
1082,14,0.177
1082,15,0.239
1082,16,0.298
1082,17,0.336
1082,18,0.376
1082,19,0.413
1082,20,0.45
1082,21,0.493
1082,22,0.535
1082,23,0.576
1082,24,0.589
1082,25,0.636
1082,26,0.664
1082,27,0.703
1082,28,0.736
1082,29,0.767
1082,30,0.798
1082,31,0.806
1082,32,0.815
1082,33,0.822
1082,34,0.829
1082,35,0.834
1082,36,0.837
1082,37,0.845
1082,38,0.849
1082,39,0.852
1082,40,0.856
1082,41,0.857
1082,42,0.86
1082,43,0.861
1082,44,0.863
1082,45,0.863
1082,46,0.864
1082,47,0.866
1082,48,0.868
1082,49,0.871
1082,50,0.875
1082,51,0.877
1082,52,0.879
1083,1,0.005
1083,2,0.019
1083,3,0.028
1083,4,0.036
1083,5,0.043
1083,6,0.052
1083,7,0.066
1083,8,0.078
1083,9,0.088
1083,10,0.102
1083,11,0.114
1083,12,0.124
1083,13,0.155
1083,14,0.192
1083,15,0.259
1083,16,0.311
1083,17,0.346
1083,18,0.383
1083,19,0.406
1083,20,0.443
1083,21,0.477
1083,22,0.52
1083,23,0.557
1083,24,0.584
1083,25,0.635
1083,26,0.674
1083,27,0.71
1083,28,0.743
1083,29,0.775
1083,30,0.786
1083,31,0.807
1083,32,0.815
1083,33,0.823
1083,34,0.828
1083,35,0.835
1083,36,0.84
1083,37,0.844
1083,38,0.847
1083,39,0.852
1083,40,0.854
1083,41,0.856
1083,42,0.858
1083,43,0.86
1083,44,0.861
1083,45,0.862
1083,46,0.862
1083,47,0.865
1083,48,0.867
1083,49,0.869
1083,50,0.872
1083,51,0.874
1083,52,0.874
1214,1,0.001
1214,2,0.007
1214,3,0.017
1214,4,0.03
1214,5,0.033
1214,6,0.036
1214,7,0.043
1214,8,0.052
1214,9,0.07
1214,10,0.084
1214,11,0.097
1214,12,0.103
1214,13,0.11
1214,14,0.137
1214,15,0.193
1214,16,0.255
1214,17,0.283
1214,18,0.322
1214,19,0.347
1214,20,0.383
1214,21,0.403
1214,22,0.421
1214,23,0.44
1214,24,0.492
1214,25,0.533
1214,26,0.569
1214,27,0.593
1214,28,0.648
1214,29,0.689
1214,30,0.708
1214,31,0.726
1214,32,0.736
1214,33,0.74
1214,34,0.747
1214,35,0.756
1214,36,0.764
1214,37,0.773
1214,38,0.776
1214,39,0.777
1214,40,0.778
1214,41,0.778
1214,42,0.787
1214,43,0.788
1214,44,0.789
1214,45,0.79
1214,46,0.792
1214,47,0.795
1214,48,0.797
1214,49,0.8
1214,50,0.805
1214,51,0.807
1214,52,0.808
1230,1,0.002
1230,2,0.016
1230,3,0.025
1230,4,0.033
1230,5,0.04
1230,6,0.041
1230,7,0.043
1230,8,0.046
1230,9,0.063
1230,10,0.086
1230,11,0.099
1230,12,0.116
1230,13,0.138
1230,14,0.155
1230,15,0.189
1230,16,0.254
1230,17,0.29
1230,18,0.324
1230,19,0.345
1230,20,0.39
1230,21,0.431
1230,22,0.458
1230,23,0.505
1230,24,0.561
1230,25,0.622
1230,26,0.666
1230,27,0.719
1230,28,0.774
1230,29,0.805
1230,30,0.82
1230,31,0.831
1230,32,0.837
1230,33,0.843
1230,34,0.849
1230,35,0.854
1230,36,0.859
1230,37,0.863
1230,38,0.865
1230,39,0.867
1230,40,0.868
1230,41,0.868
1230,42,0.873
1230,43,0.874
1230,44,0.875
1230,45,0.876
1230,46,0.877
1230,47,0.879
1230,48,0.88
1230,49,0.883
1230,50,0.886
1230,51,0.887
1230,52,0.888
1231,1,0.003
1231,2,0.014
1231,3,0.021
1231,4,0.028
1231,5,0.029
1231,6,0.031
1231,7,0.034
1231,8,0.041
1231,9,0.052
1231,10,0.069
1231,11,0.081
1231,12,0.088
1231,13,0.11
1231,14,0.123
1231,15,0.152
1231,16,0.204
1231,17,0.237
1231,18,0.261
1231,19,0.293
1231,20,0.334
1231,21,0.363
1231,22,0.381
1231,23,0.412
1231,24,0.446
1231,25,0.492
1231,26,0.521
1231,27,0.56
1231,28,0.608
1231,29,0.64
1231,30,0.652
1231,31,0.665
1231,32,0.675
1231,33,0.684
1231,34,0.691
1231,35,0.699
1231,36,0.706
1231,37,0.712
1231,38,0.717
1231,39,0.722
1231,40,0.723
1231,41,0.724
1231,42,0.728
1231,43,0.729
1231,44,0.731
1231,45,0.732
1231,46,0.734
1231,47,0.736
1231,48,0.74
1231,49,0.743
1231,50,0.748
1231,51,0.751
1231,52,0.752
1233,1,0.001
1233,2,0.008
1233,3,0.015
1233,4,0.02
1233,5,0.028
1233,6,0.032
1233,7,0.036
1233,8,0.044
1233,9,0.054
1233,10,0.085
1233,11,0.106
1233,12,0.116
1233,13,0.15
1233,14,0.17
1233,15,0.211
1233,16,0.28
1233,17,0.326
1233,18,0.368
1233,19,0.401
1233,20,0.453
1233,21,0.506
1233,22,0.531
1233,23,0.578
1233,24,0.625
1233,25,0.673
1233,26,0.702
1233,27,0.773
1233,28,0.812
1233,29,0.83
1233,30,0.84
1233,31,0.853
1233,32,0.86
1233,33,0.864
1233,34,0.869
1233,35,0.876
1233,36,0.88
1233,37,0.884
1233,38,0.887
1233,39,0.888
1233,40,0.889
1233,41,0.889
1233,42,0.892
1233,43,0.893
1233,44,0.894
1233,45,0.895
1233,46,0.896
1233,47,0.898
1233,48,0.9
1233,49,0.902
1233,50,0.904
1233,51,0.906
1233,52,0.906
1256,1,0.0
1256,2,0.02
1256,3,0.032
1256,4,0.039
1256,5,0.043
1256,6,0.048
1256,7,0.052
1256,8,0.06
1256,9,0.072
1256,10,0.097
1256,11,0.111
1256,12,0.116
1256,13,0.13
1256,14,0.16
1256,15,0.19
1256,16,0.244
1256,17,0.281
1256,18,0.343
1256,19,0.406
1256,20,0.436
1256,21,0.462
1256,22,0.476
1256,23,0.495
1256,24,0.532
1256,25,0.572
1256,26,0.598
1256,27,0.632
1256,28,0.654
1256,29,0.699
1256,30,0.72
1256,31,0.74
1256,32,0.756
1256,33,0.765
1256,34,0.77
1256,35,0.778
1256,36,0.787
1256,37,0.799
1256,38,0.805
1256,39,0.81
1256,40,0.811
1256,41,0.811
1256,42,0.823
1256,43,0.825
1256,44,0.826
1256,45,0.827
1256,46,0.828
1256,47,0.831
1256,48,0.834
1256,49,0.837
1256,50,0.841
1256,51,0.843
1256,52,0.845
1257,1,0.0
1257,2,0.014
1257,3,0.026
1257,4,0.045
1257,5,0.048
1257,6,0.052
1257,7,0.056
1257,8,0.062
1257,9,0.071
1257,10,0.09
1257,11,0.107
1257,12,0.122
1257,13,0.146
1257,14,0.161
1257,15,0.189
1257,16,0.237
1257,17,0.288
1257,18,0.328
1257,19,0.354
1257,20,0.392
1257,21,0.422
1257,22,0.439
1257,23,0.456
1257,24,0.498
1257,25,0.539
1257,26,0.563
1257,27,0.601
1257,28,0.64
1257,29,0.663
1257,30,0.683
1257,31,0.7
1257,32,0.706
1257,33,0.713
1257,34,0.727
1257,35,0.73
1257,36,0.742
1257,37,0.745
1257,38,0.75
1257,39,0.755
1257,40,0.755
1257,41,0.756
1257,42,0.763
1257,43,0.764
1257,44,0.765
1257,45,0.766
1257,46,0.768
1257,47,0.772
1257,48,0.775
1257,49,0.778
1257,50,0.78
1257,51,0.782
1257,52,0.784
1260,1,0.001
1260,2,0.006
1260,3,0.024
1260,4,0.034
1260,5,0.046
1260,6,0.048
1260,7,0.053
1260,8,0.059
1260,9,0.066
1260,10,0.078
1260,11,0.089
1260,12,0.103
1260,13,0.123
1260,14,0.139
1260,15,0.177
1260,16,0.231
1260,17,0.274
1260,18,0.313
1260,19,0.334
1260,20,0.377
1260,21,0.391
1260,22,0.409
1260,23,0.429
1260,24,0.466
1260,25,0.499
1260,26,0.524
1260,27,0.57
1260,28,0.607
1260,29,0.637
1260,30,0.655
1260,31,0.661
1260,32,0.674
1260,33,0.678
1260,34,0.689
1260,35,0.696
1260,36,0.702
1260,37,0.711
1260,38,0.716
1260,39,0.718
1260,40,0.719
1260,41,0.72
1260,42,0.727
1260,43,0.728
1260,44,0.729
1260,45,0.73
1260,46,0.732
1260,47,0.736
1260,48,0.74
1260,49,0.743
1260,50,0.746
1260,51,0.748
1260,52,0.75
1261,1,0.002
1261,2,0.01
1261,3,0.021
1261,4,0.027
1261,5,0.033
1261,6,0.036
1261,7,0.042
1261,8,0.049
1261,9,0.061
1261,10,0.077
1261,11,0.092
1261,12,0.102
1261,13,0.115
1261,14,0.131
1261,15,0.169
1261,16,0.229
1261,17,0.292
1261,18,0.325
1261,19,0.352
1261,20,0.394
1261,21,0.428
1261,22,0.458
1261,23,0.498
1261,24,0.559
1261,25,0.621
1261,26,0.672
1261,27,0.726
1261,28,0.772
1261,29,0.806
1261,30,0.822
1261,31,0.834
1261,32,0.843
1261,33,0.853
1261,34,0.859
1261,35,0.864
1261,36,0.869
1261,37,0.875
1261,38,0.878
1261,39,0.88
1261,40,0.88
1261,41,0.881
1261,42,0.887
1261,43,0.888
1261,44,0.888
1261,45,0.889
1261,46,0.89
1261,47,0.893
1261,48,0.895
1261,49,0.897
1261,50,0.9
1261,51,0.902
1261,52,0.903
1262,1,0.001
1262,2,0.01
1262,3,0.019
1262,4,0.025
1262,5,0.03
1262,6,0.034
1262,7,0.035
1262,8,0.04
1262,9,0.05
1262,10,0.07
1262,11,0.091
1262,12,0.108
1262,13,0.146
1262,14,0.155
1262,15,0.224
1262,16,0.292
1262,17,0.331
1262,18,0.36
1262,19,0.396
1262,20,0.446
1262,21,0.493
1262,22,0.525
1262,23,0.58
1262,24,0.651
1262,25,0.707
1262,26,0.754
1262,27,0.795
1262,28,0.832
1262,29,0.858
1262,30,0.872
1262,31,0.881
1262,32,0.887
1262,33,0.893
1262,34,0.898
1262,35,0.902
1262,36,0.905
1262,37,0.909
1262,38,0.911
1262,39,0.911
1262,40,0.912
1262,41,0.912
1262,42,0.916
1262,43,0.917
1262,44,0.917
1262,45,0.918
1262,46,0.919
1262,47,0.92
1262,48,0.922
1262,49,0.923
1262,50,0.925
1262,51,0.926
1262,52,0.926
1263,1,0.002
1263,2,0.018
1263,3,0.026
1263,4,0.034
1263,5,0.038
1263,6,0.038
1263,7,0.042
1263,8,0.051
1263,9,0.06
1263,10,0.078
1263,11,0.088
1263,12,0.094
1263,13,0.122
1263,14,0.154
1263,15,0.201
1263,16,0.257
1263,17,0.288
1263,18,0.316
1263,19,0.344
1263,20,0.384
1263,21,0.416
1263,22,0.444
1263,23,0.49
1263,24,0.534
1263,25,0.589
1263,26,0.637
1263,27,0.696
1263,28,0.75
1263,29,0.778
1263,30,0.789
1263,31,0.798
1263,32,0.806
1263,33,0.813
1263,34,0.819
1263,35,0.828
1263,36,0.835
1263,37,0.841
1263,38,0.843
1263,39,0.845
1263,40,0.846
1263,41,0.848
1263,42,0.855
1263,43,0.856
1263,44,0.857
1263,45,0.858
1263,46,0.86
1263,47,0.862
1263,48,0.865
1263,49,0.869
1263,50,0.872
1263,51,0.874
1263,52,0.875
1264,1,0.0
1264,2,0.01
1264,3,0.026
1264,4,0.03
1264,5,0.034
1264,6,0.04
1264,7,0.043
1264,8,0.053
1264,9,0.063
1264,10,0.079
1264,11,0.092
1264,12,0.105
1264,13,0.128
1264,14,0.14
1264,15,0.178
1264,16,0.231
1264,17,0.282
1264,18,0.327
1264,19,0.354
1264,20,0.394
1264,21,0.419
1264,22,0.438
1264,23,0.459
1264,24,0.494
1264,25,0.554
1264,26,0.585
1264,27,0.638
1264,28,0.688
1264,29,0.719
1264,30,0.731
1264,31,0.746
1264,32,0.75
1264,33,0.764
1264,34,0.771
1264,35,0.776
1264,36,0.783
1264,37,0.79
1264,38,0.794
1264,39,0.797
1264,40,0.798
1264,41,0.798
1264,42,0.809
1264,43,0.809
1264,44,0.81
1264,45,0.811
1264,46,0.813
1264,47,0.815
1264,48,0.819
1264,49,0.823
1264,50,0.826
1264,51,0.828
1264,52,0.829
1265,1,0.002
1265,2,0.005
1265,3,0.017
1265,4,0.028
1265,5,0.036
1265,6,0.041
1265,7,0.045
1265,8,0.059
1265,9,0.071
1265,10,0.087
1265,11,0.096
1265,12,0.119
1265,13,0.146
1265,14,0.169
1265,15,0.208
1265,16,0.268
1265,17,0.316
1265,18,0.346
1265,19,0.374
1265,20,0.416
1265,21,0.443
1265,22,0.459
1265,23,0.477
1265,24,0.531
1265,25,0.576
1265,26,0.604
1265,27,0.658
1265,28,0.704
1265,29,0.731
1265,30,0.748
1265,31,0.761
1265,32,0.765
1265,33,0.772
1265,34,0.777
1265,35,0.782
1265,36,0.788
1265,37,0.796
1265,38,0.799
1265,39,0.8
1265,40,0.802
1265,41,0.802
1265,42,0.809
1265,43,0.809
1265,44,0.81
1265,45,0.811
1265,46,0.812
1265,47,0.815
1265,48,0.817
1265,49,0.82
1265,50,0.823
1265,51,0.827
1265,52,0.828
1266,1,0.002
1266,2,0.005
1266,3,0.016
1266,4,0.031
1266,5,0.034
1266,6,0.041
1266,7,0.044
1266,8,0.053
1266,9,0.067
1266,10,0.087
1266,11,0.102
1266,12,0.115
1266,13,0.132
1266,14,0.142
1266,15,0.187
1266,16,0.255
1266,17,0.313
1266,18,0.354
1266,19,0.375
1266,20,0.406
1266,21,0.425
1266,22,0.443
1266,23,0.485
1266,24,0.535
1266,25,0.546
1266,26,0.614
1266,27,0.659
1266,28,0.699
1266,29,0.738
1266,30,0.753
1266,31,0.754
1266,32,0.768
1266,33,0.773
1266,34,0.782
1266,35,0.788
1266,36,0.796
1266,37,0.8
1266,38,0.802
1266,39,0.805
1266,40,0.805
1266,41,0.805
1266,42,0.813
1266,43,0.814
1266,44,0.815
1266,45,0.816
1266,46,0.817
1266,47,0.819
1266,48,0.823
1266,49,0.825
1266,50,0.83
1266,51,0.832
1266,52,0.833
1267,1,0.0
1267,2,0.005
1267,3,0.014
1267,4,0.03
1267,5,0.037
1267,6,0.042
1267,7,0.05
1267,8,0.055
1267,9,0.066
1267,10,0.093
1267,11,0.108
1267,12,0.124
1267,13,0.148
1267,14,0.167
1267,15,0.229
1267,16,0.279
1267,17,0.334
1267,18,0.374
1267,19,0.399
1267,20,0.422
1267,21,0.447
1267,22,0.477
1267,23,0.515
1267,24,0.567
1267,25,0.598
1267,26,0.652
1267,27,0.697
1267,28,0.738
1267,29,0.767
1267,30,0.78
1267,31,0.787
1267,32,0.8
1267,33,0.805
1267,34,0.817
1267,35,0.825
1267,36,0.83
1267,37,0.837
1267,38,0.838
1267,39,0.839
1267,40,0.841
1267,41,0.841
1267,42,0.847
1267,43,0.848
1267,44,0.848
1267,45,0.85
1267,46,0.851
1267,47,0.853
1267,48,0.854
1267,49,0.858
1267,50,0.86
1267,51,0.861
1267,52,0.862
1270,1,0.0
1270,2,0.003
1270,3,0.019
1270,4,0.035
1270,5,0.039
1270,6,0.049
1270,7,0.055
1270,8,0.076
1270,9,0.087
1270,10,0.107
1270,11,0.13
1270,12,0.146
1270,13,0.167
1270,14,0.187
1270,15,0.234
1270,16,0.302
1270,17,0.348
1270,18,0.398
1270,19,0.44
1270,20,0.479
1270,21,0.487
1270,22,0.498
1270,23,0.519
1270,24,0.554
1270,25,0.605
1270,26,0.636
1270,27,0.672
1270,28,0.706
1270,29,0.734
1270,30,0.743
1270,31,0.749
1270,32,0.766
1270,33,0.774
1270,34,0.78
1270,35,0.787
1270,36,0.796
1270,37,0.802
1270,38,0.804
1270,39,0.808
1270,40,0.808
1270,41,0.809
1270,42,0.818
1270,43,0.819
1270,44,0.82
1270,45,0.821
1270,46,0.823
1270,47,0.827
1270,48,0.829
1270,49,0.833
1270,50,0.835
1270,51,0.838
1270,52,0.84
1272,1,0.001
1272,2,0.018
1272,3,0.033
1272,4,0.048
1272,5,0.056
1272,6,0.061
1272,7,0.067
1272,8,0.071
1272,9,0.081
1272,10,0.107
1272,11,0.124
1272,12,0.139
1272,13,0.166
1272,14,0.195
1272,15,0.248
1272,16,0.292
1272,17,0.34
1272,18,0.379
1272,19,0.402
1272,20,0.443
1272,21,0.473
1272,22,0.494
1272,23,0.522
1272,24,0.56
1272,25,0.607
1272,26,0.65
1272,27,0.687
1272,28,0.717
1272,29,0.746
1272,30,0.759
1272,31,0.772
1272,32,0.784
1272,33,0.791
1272,34,0.797
1272,35,0.804
1272,36,0.811
1272,37,0.818
1272,38,0.823
1272,39,0.825
1272,40,0.825
1272,41,0.827
1272,42,0.835
1272,43,0.837
1272,44,0.838
1272,45,0.839
1272,46,0.84
1272,47,0.843
1272,48,0.845
1272,49,0.848
1272,50,0.851
1272,51,0.854
1272,52,0.856
1273,1,0.001
1273,2,0.006
1273,3,0.029
1273,4,0.039
1273,5,0.055
1273,6,0.056
1273,7,0.059
1273,8,0.063
1273,9,0.072
1273,10,0.109
1273,11,0.113
1273,12,0.129
1273,13,0.155
1273,14,0.174
1273,15,0.229
1273,16,0.305
1273,17,0.337
1273,18,0.387
1273,19,0.423
1273,20,0.455
1273,21,0.48
1273,22,0.489
1273,23,0.511
1273,24,0.542
1273,25,0.58
1273,26,0.616
1273,27,0.656
1273,28,0.7
1273,29,0.735
1273,30,0.749
1273,31,0.767
1273,32,0.781
1273,33,0.789
1273,34,0.798
1273,35,0.803
1273,36,0.81
1273,37,0.817
1273,38,0.821
1273,39,0.823
1273,40,0.824
1273,41,0.824
1273,42,0.833
1273,43,0.834
1273,44,0.835
1273,45,0.837
1273,46,0.838
1273,47,0.842
1273,48,0.844
1273,49,0.848
1273,50,0.851
1273,51,0.853
1273,52,0.854
1275,1,0.0
1275,2,0.002
1275,3,0.018
1275,4,0.031
1275,5,0.034
1275,6,0.036
1275,7,0.04
1275,8,0.045
1275,9,0.047
1275,10,0.065
1275,11,0.084
1275,12,0.115
1275,13,0.135
1275,14,0.167
1275,15,0.186
1275,16,0.233
1275,17,0.303
1275,18,0.342
1275,19,0.373
1275,20,0.395
1275,21,0.411
1275,22,0.427
1275,23,0.463
1275,24,0.501
1275,25,0.539
1275,26,0.558
1275,27,0.598
1275,28,0.658
1275,29,0.677
1275,30,0.692
1275,31,0.7
1275,32,0.712
1275,33,0.72
1275,34,0.728
1275,35,0.734
1275,36,0.74
1275,37,0.745
1275,38,0.748
1275,39,0.75
1275,40,0.751
1275,41,0.751
1275,42,0.766
1275,43,0.767
1275,44,0.769
1275,45,0.771
1275,46,0.775
1275,47,0.776
1275,48,0.778
1275,49,0.781
1275,50,0.784
1275,51,0.785
1275,52,0.787
1276,1,0.0
1276,2,0.003
1276,3,0.015
1276,4,0.031
1276,5,0.036
1276,6,0.04
1276,7,0.043
1276,8,0.05
1276,9,0.058
1276,10,0.07
1276,11,0.088
1276,12,0.106
1276,13,0.127
1276,14,0.141
1276,15,0.182
1276,16,0.24
1276,17,0.29
1276,18,0.327
1276,19,0.363
1276,20,0.394
1276,21,0.417
1276,22,0.435
1276,23,0.464
1276,24,0.506
1276,25,0.537
1276,26,0.562
1276,27,0.598
1276,28,0.653
1276,29,0.674
1276,30,0.682
1276,31,0.696
1276,32,0.708
1276,33,0.724
1276,34,0.73
1276,35,0.737
1276,36,0.744
1276,37,0.749
1276,38,0.754
1276,39,0.757
1276,40,0.758
1276,41,0.759
1276,42,0.768
1276,43,0.769
1276,44,0.769
1276,45,0.77
1276,46,0.772
1276,47,0.775
1276,48,0.779
1276,49,0.782
1276,50,0.786
1276,51,0.788
1276,52,0.789
1277,1,0.001
1277,2,0.003
1277,3,0.012
1277,4,0.025
1277,5,0.032
1277,6,0.034
1277,7,0.038
1277,8,0.045
1277,9,0.051
1277,10,0.067
1277,11,0.08
1277,12,0.098
1277,13,0.11
1277,14,0.116
1277,15,0.153
1277,16,0.205
1277,17,0.248
1277,18,0.288
1277,19,0.309
1277,20,0.354
1277,21,0.373
1277,22,0.392
1277,23,0.413
1277,24,0.45
1277,25,0.488
1277,26,0.524
1277,27,0.57
1277,28,0.609
1277,29,0.64
1277,30,0.657
1277,31,0.668
1277,32,0.681
1277,33,0.69
1277,34,0.699
1277,35,0.707
1277,36,0.714
1277,37,0.721
1277,38,0.725
1277,39,0.728
1277,40,0.73
1277,41,0.731
1277,42,0.74
1277,43,0.742
1277,44,0.742
1277,45,0.743
1277,46,0.746
1277,47,0.748
1277,48,0.751
1277,49,0.757
1277,50,0.762
1277,51,0.765
1277,52,0.766
1278,1,0.0
1278,2,0.005
1278,3,0.018
1278,4,0.033
1278,5,0.044
1278,6,0.046
1278,7,0.052
1278,8,0.059
1278,9,0.072
1278,10,0.093
1278,11,0.107
1278,12,0.122
1278,13,0.144
1278,14,0.178
1278,15,0.252
1278,16,0.349
1278,17,0.406
1278,18,0.456
1278,19,0.484
1278,20,0.504
1278,21,0.526
1278,22,0.544
1278,23,0.566
1278,24,0.619
1278,25,0.664
1278,26,0.691
1278,27,0.732
1278,28,0.765
1278,29,0.793
1278,30,0.803
1278,31,0.81
1278,32,0.818
1278,33,0.825
1278,34,0.833
1278,35,0.839
1278,36,0.843
1278,37,0.848
1278,38,0.851
1278,39,0.854
1278,40,0.854
1278,41,0.856
1278,42,0.861
1278,43,0.862
1278,44,0.862
1278,45,0.864
1278,46,0.865
1278,47,0.867
1278,48,0.869
1278,49,0.872
1278,50,0.874
1278,51,0.875
1278,52,0.875
1280,1,0.004
1280,2,0.01
1280,3,0.016
1280,4,0.021
1280,5,0.023
1280,6,0.026
1280,7,0.028
1280,8,0.035
1280,9,0.045
1280,10,0.062
1280,11,0.076
1280,12,0.087
1280,13,0.103
1280,14,0.113
1280,15,0.134
1280,16,0.171
1280,17,0.203
1280,18,0.232
1280,19,0.257
1280,20,0.288
1280,21,0.312
1280,22,0.335
1280,23,0.364
1280,24,0.398
1280,25,0.44
1280,26,0.481
1280,27,0.542
1280,28,0.599
1280,29,0.634
1280,30,0.649
1280,31,0.66
1280,32,0.67
1280,33,0.679
1280,34,0.686
1280,35,0.693
1280,36,0.7
1280,37,0.706
1280,38,0.711
1280,39,0.713
1280,40,0.715
1280,41,0.716
1280,42,0.722
1280,43,0.724
1280,44,0.725
1280,45,0.727
1280,46,0.729
1280,47,0.732
1280,48,0.736
1280,49,0.739
1280,50,0.743
1280,51,0.746
1280,52,0.747
1281,1,0.007
1281,2,0.014
1281,3,0.022
1281,4,0.029
1281,5,0.034
1281,6,0.036
1281,7,0.039
1281,8,0.047
1281,9,0.062
1281,10,0.085
1281,11,0.1
1281,12,0.113
1281,13,0.132
1281,14,0.143
1281,15,0.171
1281,16,0.217
1281,17,0.26
1281,18,0.293
1281,19,0.32
1281,20,0.349
1281,21,0.374
1281,22,0.398
1281,23,0.426
1281,24,0.466
1281,25,0.513
1281,26,0.557
1281,27,0.628
1281,28,0.705
1281,29,0.749
1281,30,0.769
1281,31,0.783
1281,32,0.793
1281,33,0.801
1281,34,0.808
1281,35,0.815
1281,36,0.82
1281,37,0.824
1281,38,0.826
1281,39,0.828
1281,40,0.828
1281,41,0.829
1281,42,0.834
1281,43,0.835
1281,44,0.835
1281,45,0.836
1281,46,0.838
1281,47,0.839
1281,48,0.841
1281,49,0.843
1281,50,0.845
1281,51,0.846
1281,52,0.847
1282,1,0.001
1282,2,0.005
1282,3,0.014
1282,4,0.025
1282,5,0.03
1282,6,0.035
1282,7,0.043
1282,8,0.047
1282,9,0.061
1282,10,0.078
1282,11,0.099
1282,12,0.11
1282,13,0.127
1282,14,0.147
1282,15,0.194
1282,16,0.252
1282,17,0.293
1282,18,0.329
1282,19,0.351
1282,20,0.399
1282,21,0.419
1282,22,0.441
1282,23,0.465
1282,24,0.499
1282,25,0.535
1282,26,0.566
1282,27,0.602
1282,28,0.641
1282,29,0.67
1282,30,0.686
1282,31,0.699
1282,32,0.709
1282,33,0.718
1282,34,0.726
1282,35,0.733
1282,36,0.741
1282,37,0.75
1282,38,0.754
1282,39,0.758
1282,40,0.761
1282,41,0.762
1282,42,0.769
1282,43,0.771
1282,44,0.772
1282,45,0.774
1282,46,0.777
1282,47,0.781
1282,48,0.784
1282,49,0.787
1282,50,0.791
1282,51,0.795
1282,52,0.795
1283,1,0.003
1283,2,0.007
1283,3,0.019
1283,4,0.029
1283,5,0.033
1283,6,0.035
1283,7,0.039
1283,8,0.046
1283,9,0.057
1283,10,0.075
1283,11,0.09
1283,12,0.105
1283,13,0.125
1283,14,0.137
1283,15,0.173
1283,16,0.217
1283,17,0.258
1283,18,0.293
1283,19,0.319
1283,20,0.355
1283,21,0.379
1283,22,0.405
1283,23,0.428
1283,24,0.459
1283,25,0.507
1283,26,0.55
1283,27,0.603
1283,28,0.642
1283,29,0.667
1283,30,0.69
1283,31,0.703
1283,32,0.714
1283,33,0.721
1283,34,0.729
1283,35,0.737
1283,36,0.744
1283,37,0.751
1283,38,0.754
1283,39,0.756
1283,40,0.757
1283,41,0.758
1283,42,0.766
1283,43,0.767
1283,44,0.768
1283,45,0.77
1283,46,0.773
1283,47,0.775
1283,48,0.779
1283,49,0.782
1283,50,0.786
1283,51,0.789
1283,52,0.79
1284,1,0.001
1284,2,0.011
1284,3,0.019
1284,4,0.031
1284,5,0.037
1284,6,0.04
1284,7,0.044
1284,8,0.052
1284,9,0.064
1284,10,0.08
1284,11,0.111
1284,12,0.138
1284,13,0.178
1284,14,0.199
1284,15,0.256
1284,16,0.33
1284,17,0.381
1284,18,0.426
1284,19,0.449
1284,20,0.478
1284,21,0.503
1284,22,0.525
1284,23,0.543
1284,24,0.579
1284,25,0.634
1284,26,0.675
1284,27,0.718
1284,28,0.752
1284,29,0.778
1284,30,0.792
1284,31,0.805
1284,32,0.815
1284,33,0.822
1284,34,0.83
1284,35,0.835
1284,36,0.841
1284,37,0.848
1284,38,0.85
1284,39,0.852
1284,40,0.853
1284,41,0.854
1284,42,0.86
1284,43,0.86
1284,44,0.861
1284,45,0.863
1284,46,0.865
1284,47,0.867
1284,48,0.869
1284,49,0.871
1284,50,0.873
1284,51,0.874
1284,52,0.875
1285,1,0.003
1285,2,0.007
1285,3,0.019
1285,4,0.032
1285,5,0.038
1285,6,0.043
1285,7,0.051
1285,8,0.059
1285,9,0.075
1285,10,0.095
1285,11,0.103
1285,12,0.113
1285,13,0.13
1285,14,0.149
1285,15,0.196
1285,16,0.258
1285,17,0.296
1285,18,0.341
1285,19,0.368
1285,20,0.391
1285,21,0.408
1285,22,0.43
1285,23,0.463
1285,24,0.516
1285,25,0.556
1285,26,0.595
1285,27,0.643
1285,28,0.689
1285,29,0.718
1285,30,0.727
1285,31,0.74
1285,32,0.759
1285,33,0.767
1285,34,0.775
1285,35,0.783
1285,36,0.793
1285,37,0.798
1285,38,0.803
1285,39,0.807
1285,40,0.808
1285,41,0.809
1285,42,0.817
1285,43,0.819
1285,44,0.82
1285,45,0.821
1285,46,0.822
1285,47,0.825
1285,48,0.828
1285,49,0.831
1285,50,0.835
1285,51,0.837
1285,52,0.838
1286,1,0.0
1286,2,0.006
1286,3,0.028
1286,4,0.032
1286,5,0.039
1286,6,0.047
1286,7,0.055
1286,8,0.071
1286,9,0.083
1286,10,0.093
1286,11,0.121
1286,12,0.145
1286,13,0.19
1286,14,0.209
1286,15,0.27
1286,16,0.349
1286,17,0.396
1286,18,0.452
1286,19,0.485
1286,20,0.51
1286,21,0.519
1286,22,0.528
1286,23,0.546
1286,24,0.579
1286,25,0.637
1286,26,0.673
1286,27,0.726
1286,28,0.775
1286,29,0.8
1286,30,0.812
1286,31,0.824
1286,32,0.832
1286,33,0.84
1286,34,0.843
1286,35,0.849
1286,36,0.855
1286,37,0.859
1286,38,0.864
1286,39,0.865
1286,40,0.865
1286,41,0.866
1286,42,0.871
1286,43,0.872
1286,44,0.872
1286,45,0.874
1286,46,0.874
1286,47,0.876
1286,48,0.879
1286,49,0.882
1286,50,0.885
1286,51,0.887
1286,52,0.888
1287,1,0.001
1287,2,0.008
1287,3,0.021
1287,4,0.03
1287,5,0.035
1287,6,0.037
1287,7,0.041
1287,8,0.054
1287,9,0.064
1287,10,0.085
1287,11,0.103
1287,12,0.115
1287,13,0.137
1287,14,0.158
1287,15,0.205
1287,16,0.264
1287,17,0.304
1287,18,0.339
1287,19,0.362
1287,20,0.404
1287,21,0.441
1287,22,0.461
1287,23,0.492
1287,24,0.526
1287,25,0.576
1287,26,0.617
1287,27,0.674
1287,28,0.717
1287,29,0.737
1287,30,0.75
1287,31,0.759
1287,32,0.77
1287,33,0.777
1287,34,0.783
1287,35,0.789
1287,36,0.796
1287,37,0.803
1287,38,0.807
1287,39,0.807
1287,40,0.809
1287,41,0.81
1287,42,0.816
1287,43,0.818
1287,44,0.819
1287,45,0.82
1287,46,0.822
1287,47,0.825
1287,48,0.828
1287,49,0.831
1287,50,0.834
1287,51,0.836
1287,52,0.837
1290,1,0.005
1290,2,0.026
1290,3,0.038
1290,4,0.043
1290,5,0.051
1290,6,0.053
1290,7,0.056
1290,8,0.063
1290,9,0.075
1290,10,0.099
1290,11,0.115
1290,12,0.126
1290,13,0.143
1290,14,0.16
1290,15,0.199
1290,16,0.252
1290,17,0.315
1290,18,0.358
1290,19,0.392
1290,20,0.431
1290,21,0.461
1290,22,0.484
1290,23,0.511
1290,24,0.54
1290,25,0.586
1290,26,0.623
1290,27,0.668
1290,28,0.712
1290,29,0.739
1290,30,0.761
1290,31,0.771
1290,32,0.789
1290,33,0.798
1290,34,0.804
1290,35,0.811
1290,36,0.818
1290,37,0.824
1290,38,0.828
1290,39,0.831
1290,40,0.832
1290,41,0.834
1290,42,0.842
1290,43,0.843
1290,44,0.844
1290,45,0.845
1290,46,0.848
1290,47,0.849
1290,48,0.853
1290,49,0.856
1290,50,0.859
1290,51,0.861
1290,52,0.863
1291,1,0.0
1291,2,0.01
1291,3,0.029
1291,4,0.046
1291,5,0.058
1291,6,0.063
1291,7,0.069
1291,8,0.085
1291,9,0.095
1291,10,0.118
1291,11,0.139
1291,12,0.16
1291,13,0.192
1291,14,0.212
1291,15,0.279
1291,16,0.372
1291,17,0.424
1291,18,0.477
1291,19,0.516
1291,20,0.549
1291,21,0.563
1291,22,0.577
1291,23,0.595
1291,24,0.623
1291,25,0.663
1291,26,0.703
1291,27,0.734
1291,28,0.759
1291,29,0.783
1291,30,0.794
1291,31,0.8
1291,32,0.808
1291,33,0.816
1291,34,0.823
1291,35,0.827
1291,36,0.832
1291,37,0.836
1291,38,0.837
1291,39,0.84
1291,40,0.841
1291,41,0.842
1291,42,0.849
1291,43,0.849
1291,44,0.85
1291,45,0.851
1291,46,0.853
1291,47,0.854
1291,48,0.857
1291,49,0.858
1291,50,0.861
1291,51,0.862
1291,52,0.862
1292,1,0.0
1292,2,0.006
1292,3,0.021
1292,4,0.036
1292,5,0.041
1292,6,0.043
1292,7,0.049
1292,8,0.059
1292,9,0.075
1292,10,0.097
1292,11,0.116
1292,12,0.133
1292,13,0.157
1292,14,0.178
1292,15,0.214
1292,16,0.272
1292,17,0.328
1292,18,0.372
1292,19,0.402
1292,20,0.444
1292,21,0.477
1292,22,0.501
1292,23,0.518
1292,24,0.556
1292,25,0.601
1292,26,0.637
1292,27,0.696
1292,28,0.742
1292,29,0.774
1292,30,0.784
1292,31,0.8
1292,32,0.808
1292,33,0.814
1292,34,0.819
1292,35,0.824
1292,36,0.83
1292,37,0.838
1292,38,0.841
1292,39,0.843
1292,40,0.844
1292,41,0.845
1292,42,0.849
1292,43,0.85
1292,44,0.851
1292,45,0.852
1292,46,0.853
1292,47,0.855
1292,48,0.857
1292,49,0.86
1292,50,0.863
1292,51,0.865
1292,52,0.866
1293,1,0.0
1293,2,0.023
1293,3,0.035
1293,4,0.043
1293,5,0.048
1293,6,0.052
1293,7,0.055
1293,8,0.063
1293,9,0.076
1293,10,0.1
1293,11,0.115
1293,12,0.13
1293,13,0.149
1293,14,0.174
1293,15,0.214
1293,16,0.277
1293,17,0.324
1293,18,0.362
1293,19,0.401
1293,20,0.436
1293,21,0.451
1293,22,0.465
1293,23,0.49
1293,24,0.536
1293,25,0.574
1293,26,0.609
1293,27,0.65
1293,28,0.693
1293,29,0.719
1293,30,0.735
1293,31,0.75
1293,32,0.766
1293,33,0.776
1293,34,0.783
1293,35,0.789
1293,36,0.796
1293,37,0.798
1293,38,0.805
1293,39,0.808
1293,40,0.809
1293,41,0.809
1293,42,0.819
1293,43,0.82
1293,44,0.821
1293,45,0.822
1293,46,0.824
1293,47,0.826
1293,48,0.829
1293,49,0.832
1293,50,0.835
1293,51,0.837
1293,52,0.838
1315,1,0.008
1315,2,0.028
1315,3,0.054
1315,4,0.066
1315,5,0.076
1315,6,0.083
1315,7,0.091
1315,8,0.102
1315,9,0.117
1315,10,0.131
1315,11,0.149
1315,12,0.166
1315,13,0.176
1315,14,0.185
1315,15,0.262
1315,16,0.293
1315,17,0.323
1315,18,0.354
1315,19,0.372
1315,20,0.391
1315,21,0.413
1315,22,0.444
1315,23,0.479
1315,24,0.524
1315,25,0.568
1315,26,0.602
1315,27,0.642
1315,28,0.674
1315,29,0.699
1315,30,0.711
1315,31,0.724
1315,32,0.736
1315,33,0.749
1315,34,0.763
1315,35,0.773
1315,36,0.779
1315,37,0.786
1315,38,0.797
1315,39,0.801
1315,40,0.804
1315,41,0.805
1315,42,0.808
1315,43,0.809
1315,44,0.811
1315,45,0.812
1315,46,0.814
1315,47,0.82
1315,48,0.822
1315,49,0.825
1315,50,0.828
1315,51,0.83
1315,52,0.83
1380,1,0.002
1380,2,0.005
1380,3,0.016
1380,4,0.026
1380,5,0.033
1380,6,0.04
1380,7,0.05
1380,8,0.057
1380,9,0.071
1380,10,0.097
1380,11,0.113
1380,12,0.133
1380,13,0.149
1380,14,0.175
1380,15,0.232
1380,16,0.274
1380,17,0.306
1380,18,0.345
1380,19,0.378
1380,20,0.399
1380,21,0.423
1380,22,0.45
1380,23,0.484
1380,24,0.527
1380,25,0.574
1380,26,0.621
1380,27,0.687
1380,28,0.729
1380,29,0.761
1380,30,0.773
1380,31,0.783
1380,32,0.789
1380,33,0.799
1380,34,0.806
1380,35,0.811
1380,36,0.816
1380,37,0.82
1380,38,0.826
1380,39,0.831
1380,40,0.834
1380,41,0.836
1380,42,0.838
1380,43,0.839
1380,44,0.84
1380,45,0.841
1380,46,0.843
1380,47,0.845
1380,48,0.847
1380,49,0.85
1380,50,0.854
1380,51,0.857
1380,52,0.858
1381,1,0.0
1381,2,0.002
1381,3,0.014
1381,4,0.029
1381,5,0.039
1381,6,0.051
1381,7,0.068
1381,8,0.08
1381,9,0.089
1381,10,0.103
1381,11,0.114
1381,12,0.147
1381,13,0.18
1381,14,0.221
1381,15,0.27
1381,16,0.327
1381,17,0.367
1381,18,0.416
1381,19,0.447
1381,20,0.459
1381,21,0.481
1381,22,0.509
1381,23,0.529
1381,24,0.566
1381,25,0.614
1381,26,0.645
1381,27,0.698
1381,28,0.723
1381,29,0.744
1381,30,0.779
1381,31,0.785
1381,32,0.792
1381,33,0.798
1381,34,0.805
1381,35,0.811
1381,36,0.816
1381,37,0.822
1381,38,0.825
1381,39,0.829
1381,40,0.832
1381,41,0.835
1381,42,0.837
1381,43,0.838
1381,44,0.84
1381,45,0.841
1381,46,0.843
1381,47,0.845
1381,48,0.847
1381,49,0.85
1381,50,0.852
1381,51,0.855
1381,52,0.856
1382,1,0.0
1382,2,0.005
1382,3,0.02
1382,4,0.033
1382,5,0.04
1382,6,0.05
1382,7,0.065
1382,8,0.079
1382,9,0.089
1382,10,0.111
1382,11,0.126
1382,12,0.149
1382,13,0.162
1382,14,0.184
1382,15,0.23
1382,16,0.289
1382,17,0.331
1382,18,0.352
1382,19,0.386
1382,20,0.424
1382,21,0.451
1382,22,0.485
1382,23,0.517
1382,24,0.563
1382,25,0.623
1382,26,0.665
1382,27,0.726
1382,28,0.767
1382,29,0.782
1382,30,0.792
1382,31,0.797
1382,32,0.804
1382,33,0.809
1382,34,0.816
1382,35,0.821
1382,36,0.827
1382,37,0.831
1382,38,0.835
1382,39,0.84
1382,40,0.843
1382,41,0.844
1382,42,0.846
1382,43,0.847
1382,44,0.848
1382,45,0.849
1382,46,0.85
1382,47,0.852
1382,48,0.854
1382,49,0.856
1382,50,0.861
1382,51,0.864
1382,52,0.864
1383,1,0.0
1383,2,0.006
1383,3,0.017
1383,4,0.026
1383,5,0.032
1383,6,0.041
1383,7,0.055
1383,8,0.069
1383,9,0.083
1383,10,0.108
1383,11,0.119
1383,12,0.145
1383,13,0.165
1383,14,0.2
1383,15,0.256
1383,16,0.314
1383,17,0.349
1383,18,0.369
1383,19,0.392
1383,20,0.413
1383,21,0.436
1383,22,0.476
1383,23,0.513
1383,24,0.568
1383,25,0.634
1383,26,0.692
1383,27,0.754
1383,28,0.793
1383,29,0.813
1383,30,0.824
1383,31,0.83
1383,32,0.837
1383,33,0.84
1383,34,0.851
1383,35,0.855
1383,36,0.86
1383,37,0.864
1383,38,0.869
1383,39,0.871
1383,40,0.874
1383,41,0.876
1383,42,0.877
1383,43,0.878
1383,44,0.879
1383,45,0.88
1383,46,0.882
1383,47,0.883
1383,48,0.885
1383,49,0.887
1383,50,0.89
1383,51,0.893
1383,52,0.894
1384,1,0.0
1384,2,0.005
1384,3,0.018
1384,4,0.029
1384,5,0.036
1384,6,0.047
1384,7,0.058
1384,8,0.071
1384,9,0.08
1384,10,0.102
1384,11,0.116
1384,12,0.14
1384,13,0.16
1384,14,0.184
1384,15,0.226
1384,16,0.268
1384,17,0.311
1384,18,0.334
1384,19,0.383
1384,20,0.422
1384,21,0.448
1384,22,0.492
1384,23,0.53
1384,24,0.584
1384,25,0.661
1384,26,0.721
1384,27,0.782
1384,28,0.811
1384,29,0.828
1384,30,0.838
1384,31,0.842
1384,32,0.851
1384,33,0.86
1384,34,0.866
1384,35,0.871
1384,36,0.874
1384,37,0.879
1384,38,0.883
1384,39,0.886
1384,40,0.888
1384,41,0.889
1384,42,0.89
1384,43,0.891
1384,44,0.892
1384,45,0.893
1384,46,0.894
1384,47,0.896
1384,48,0.898
1384,49,0.9
1384,50,0.904
1384,51,0.906
1384,52,0.906
1401,1,0.0
1401,2,0.009
1401,3,0.017
1401,4,0.032
1401,5,0.035
1401,6,0.038
1401,7,0.039
1401,8,0.042
1401,9,0.058
1401,10,0.076
1401,11,0.094
1401,12,0.102
1401,13,0.12
1401,14,0.127
1401,15,0.16
1401,16,0.194
1401,17,0.251
1401,18,0.281
1401,19,0.329
1401,20,0.376
1401,21,0.406
1401,22,0.426
1401,23,0.455
1401,24,0.505
1401,25,0.558
1401,26,0.611
1401,27,0.667
1401,28,0.728
1401,29,0.764
1401,30,0.786
1401,31,0.797
1401,32,0.807
1401,33,0.819
1401,34,0.83
1401,35,0.837
1401,36,0.845
1401,37,0.853
1401,38,0.858
1401,39,0.861
1401,40,0.864
1401,41,0.866
1401,42,0.867
1401,43,0.868
1401,44,0.87
1401,45,0.871
1401,46,0.872
1401,47,0.875
1401,48,0.877
1401,49,0.88
1401,50,0.882
1401,51,0.884
1401,52,0.885
1402,1,0.005
1402,2,0.009
1402,3,0.026
1402,4,0.031
1402,5,0.035
1402,6,0.037
1402,7,0.041
1402,8,0.046
1402,9,0.063
1402,10,0.084
1402,11,0.098
1402,12,0.113
1402,13,0.126
1402,14,0.136
1402,15,0.161
1402,16,0.209
1402,17,0.257
1402,18,0.289
1402,19,0.337
1402,20,0.375
1402,21,0.404
1402,22,0.422
1402,23,0.446
1402,24,0.486
1402,25,0.536
1402,26,0.578
1402,27,0.638
1402,28,0.696
1402,29,0.731
1402,30,0.753
1402,31,0.763
1402,32,0.772
1402,33,0.785
1402,34,0.797
1402,35,0.806
1402,36,0.815
1402,37,0.822
1402,38,0.827
1402,39,0.831
1402,40,0.835
1402,41,0.836
1402,42,0.838
1402,43,0.84
1402,44,0.841
1402,45,0.842
1402,46,0.844
1402,47,0.846
1402,48,0.849
1402,49,0.852
1402,50,0.855
1402,51,0.857
1402,52,0.858
1407,1,0.003
1407,2,0.015
1407,3,0.024
1407,4,0.055
1407,5,0.063
1407,6,0.068
1407,7,0.077
1407,8,0.108
1407,9,0.129
1407,10,0.161
1407,11,0.171
1407,12,0.19
1407,13,0.231
1407,14,0.252
1407,15,0.308
1407,16,0.351
1407,17,0.398
1407,18,0.434
1407,19,0.497
1407,20,0.525
1407,21,0.538
1407,22,0.548
1407,23,0.565
1407,24,0.596
1407,25,0.633
1407,26,0.681
1407,27,0.727
1407,28,0.774
1407,29,0.802
1407,30,0.813
1407,31,0.819
1407,32,0.823
1407,33,0.831
1407,34,0.84
1407,35,0.847
1407,36,0.857
1407,37,0.869
1407,38,0.877
1407,39,0.88
1407,40,0.884
1407,41,0.885
1407,42,0.886
1407,43,0.887
1407,44,0.888
1407,45,0.889
1407,46,0.89
1407,47,0.892
1407,48,0.895
1407,49,0.898
1407,50,0.901
1407,51,0.903
1407,52,0.903
1415,1,0.0
1415,2,0.004
1415,3,0.017
1415,4,0.022
1415,5,0.03
1415,6,0.035
1415,7,0.039
1415,8,0.049
1415,9,0.067
1415,10,0.084
1415,11,0.1
1415,12,0.111
1415,13,0.144
1415,14,0.154
1415,15,0.199
1415,16,0.243
1415,17,0.291
1415,18,0.335
1415,19,0.372
1415,20,0.394
1415,21,0.415
1415,22,0.438
1415,23,0.468
1415,24,0.515
1415,25,0.556
1415,26,0.595
1415,27,0.655
1415,28,0.715
1415,29,0.749
1415,30,0.768
1415,31,0.779
1415,32,0.787
1415,33,0.8
1415,34,0.813
1415,35,0.823
1415,36,0.832
1415,37,0.841
1415,38,0.845
1415,39,0.848
1415,40,0.851
1415,41,0.853
1415,42,0.856
1415,43,0.857
1415,44,0.859
1415,45,0.862
1415,46,0.864
1415,47,0.866
1415,48,0.87
1415,49,0.873
1415,50,0.876
1415,51,0.878
1415,52,0.879
1419,1,0.0
1419,2,0.004
1419,3,0.031
1419,4,0.036
1419,5,0.051
1419,6,0.058
1419,7,0.061
1419,8,0.068
1419,9,0.076
1419,10,0.098
1419,11,0.125
1419,12,0.145
1419,13,0.173
1419,14,0.22
1419,15,0.28
1419,16,0.346
1419,17,0.409
1419,18,0.484
1419,19,0.515
1419,20,0.524
1419,21,0.538
1419,22,0.556
1419,23,0.582
1419,24,0.627
1419,25,0.66
1419,26,0.69
1419,27,0.742
1419,28,0.785
1419,29,0.806
1419,30,0.822
1419,31,0.834
1419,32,0.84
1419,33,0.848
1419,34,0.858
1419,35,0.865
1419,36,0.871
1419,37,0.877
1419,38,0.88
1419,39,0.882
1419,40,0.884
1419,41,0.885
1419,42,0.886
1419,43,0.887
1419,44,0.889
1419,45,0.89
1419,46,0.89
1419,47,0.891
1419,48,0.894
1419,49,0.897
1419,50,0.898
1419,51,0.9
1419,52,0.901
1421,1,0.0
1421,2,0.007
1421,3,0.021
1421,4,0.03
1421,5,0.036
1421,6,0.069
1421,7,0.075
1421,8,0.081
1421,9,0.095
1421,10,0.114
1421,11,0.135
1421,12,0.158
1421,13,0.195
1421,14,0.211
1421,15,0.296
1421,16,0.361
1421,17,0.419
1421,18,0.457
1421,19,0.495
1421,20,0.519
1421,21,0.532
1421,22,0.553
1421,23,0.576
1421,24,0.616
1421,25,0.651
1421,26,0.678
1421,27,0.714
1421,28,0.75
1421,29,0.775
1421,30,0.792
1421,31,0.802
1421,32,0.808
1421,33,0.819
1421,34,0.826
1421,35,0.837
1421,36,0.845
1421,37,0.855
1421,38,0.86
1421,39,0.861
1421,40,0.866
1421,41,0.867
1421,42,0.869
1421,43,0.87
1421,44,0.871
1421,45,0.871
1421,46,0.873
1421,47,0.875
1421,48,0.877
1421,49,0.88
1421,50,0.884
1421,51,0.885
1421,52,0.886
1427,1,0.008
1427,2,0.016
1427,3,0.031
1427,4,0.039
1427,5,0.04
1427,6,0.042
1427,7,0.076
1427,8,0.079
1427,9,0.09
1427,10,0.119
1427,11,0.137
1427,12,0.152
1427,13,0.191
1427,14,0.204
1427,15,0.289
1427,16,0.39
1427,17,0.463
1427,18,0.516
1427,19,0.545
1427,20,0.59
1427,21,0.605
1427,22,0.622
1427,23,0.645
1427,24,0.676
1427,25,0.712
1427,26,0.745
1427,27,0.78
1427,28,0.8
1427,29,0.808
1427,30,0.821
1427,31,0.832
1427,32,0.839
1427,33,0.844
1427,34,0.853
1427,35,0.86
1427,36,0.869
1427,37,0.873
1427,38,0.878
1427,39,0.879
1427,40,0.883
1427,41,0.885
1427,42,0.886
1427,43,0.887
1427,44,0.888
1427,45,0.888
1427,46,0.889
1427,47,0.891
1427,48,0.894
1427,49,0.896
1427,50,0.899
1427,51,0.9
1427,52,0.9
1430,1,0.004
1430,2,0.017
1430,3,0.059
1430,4,0.068
1430,5,0.072
1430,6,0.078
1430,7,0.091
1430,8,0.098
1430,9,0.107
1430,10,0.126
1430,11,0.153
1430,12,0.168
1430,13,0.2
1430,14,0.214
1430,15,0.257
1430,16,0.317
1430,17,0.379
1430,18,0.424
1430,19,0.447
1430,20,0.491
1430,21,0.509
1430,22,0.525
1430,23,0.555
1430,24,0.587
1430,25,0.63
1430,26,0.667
1430,27,0.706
1430,28,0.74
1430,29,0.753
1430,30,0.773
1430,31,0.785
1430,32,0.791
1430,33,0.796
1430,34,0.804
1430,35,0.814
1430,36,0.823
1430,37,0.833
1430,38,0.839
1430,39,0.841
1430,40,0.846
1430,41,0.847
1430,42,0.849
1430,43,0.85
1430,44,0.853
1430,45,0.853
1430,46,0.854
1430,47,0.855
1430,48,0.859
1430,49,0.862
1430,50,0.865
1430,51,0.869
1430,52,0.871
1435,1,0.003
1435,2,0.008
1435,3,0.029
1435,4,0.054
1435,5,0.067
1435,6,0.068
1435,7,0.073
1435,8,0.077
1435,9,0.092
1435,10,0.116
1435,11,0.132
1435,12,0.15
1435,13,0.186
1435,14,0.207
1435,15,0.297
1435,16,0.361
1435,17,0.412
1435,18,0.461
1435,19,0.483
1435,20,0.53
1435,21,0.558
1435,22,0.569
1435,23,0.608
1435,24,0.661
1435,25,0.704
1435,26,0.735
1435,27,0.764
1435,28,0.784
1435,29,0.796
1435,30,0.808
1435,31,0.821
1435,32,0.831
1435,33,0.835
1435,34,0.843
1435,35,0.853
1435,36,0.86
1435,37,0.864
1435,38,0.868
1435,39,0.871
1435,40,0.874
1435,41,0.875
1435,42,0.877
1435,43,0.877
1435,44,0.878
1435,45,0.878
1435,46,0.882
1435,47,0.886
1435,48,0.888
1435,49,0.89
1435,50,0.892
1435,51,0.894
1435,52,0.894
1438,1,0.011
1438,2,0.013
1438,3,0.035
1438,4,0.037
1438,5,0.041
1438,6,0.044
1438,7,0.076
1438,8,0.087
1438,9,0.112
1438,10,0.167
1438,11,0.182
1438,12,0.197
1438,13,0.213
1438,14,0.231
1438,15,0.319
1438,16,0.359
1438,17,0.4
1438,18,0.435
1438,19,0.47
1438,20,0.501
1438,21,0.527
1438,22,0.543
1438,23,0.548
1438,24,0.623
1438,25,0.653
1438,26,0.677
1438,27,0.704
1438,28,0.795
1438,29,0.8
1438,30,0.805
1438,31,0.819
1438,32,0.82
1438,33,0.822
1438,34,0.826
1438,35,0.842
1438,36,0.844
1438,37,0.845
1438,38,0.854
1438,39,0.855
1438,40,0.857
1438,41,0.858
1438,42,0.858
1438,43,0.859
1438,44,0.859
1438,45,0.86
1438,46,0.86
1438,47,0.86
1438,48,0.861
1438,49,0.862
1438,50,0.863
1438,51,0.863
1438,52,0.864
1439,1,0.02
1439,2,0.023
1439,3,0.05
1439,4,0.059
1439,5,0.063
1439,6,0.065
1439,7,0.069
1439,8,0.08
1439,9,0.099
1439,10,0.132
1439,11,0.144
1439,12,0.165
1439,13,0.214
1439,14,0.231
1439,15,0.257
1439,16,0.342
1439,17,0.383
1439,18,0.433
1439,19,0.472
1439,20,0.517
1439,21,0.527
1439,22,0.541
1439,23,0.56
1439,24,0.584
1439,25,0.601
1439,26,0.665
1439,27,0.704
1439,28,0.73
1439,29,0.77
1439,30,0.78
1439,31,0.791
1439,32,0.795
1439,33,0.814
1439,34,0.821
1439,35,0.827
1439,36,0.834
1439,37,0.838
1439,38,0.841
1439,39,0.843
1439,40,0.852
1439,41,0.852
1439,42,0.853
1439,43,0.854
1439,44,0.855
1439,45,0.856
1439,46,0.857
1439,47,0.859
1439,48,0.86
1439,49,0.861
1439,50,0.863
1439,51,0.866
1439,52,0.867
1440,1,0.002
1440,2,0.008
1440,3,0.017
1440,4,0.022
1440,5,0.024
1440,6,0.035
1440,7,0.036
1440,8,0.04
1440,9,0.067
1440,10,0.089
1440,11,0.102
1440,12,0.107
1440,13,0.127
1440,14,0.136
1440,15,0.179
1440,16,0.225
1440,17,0.264
1440,18,0.299
1440,19,0.344
1440,20,0.359
1440,21,0.378
1440,22,0.403
1440,23,0.425
1440,24,0.478
1440,25,0.52
1440,26,0.566
1440,27,0.619
1440,28,0.677
1440,29,0.715
1440,30,0.736
1440,31,0.749
1440,32,0.759
1440,33,0.772
1440,34,0.782
1440,35,0.791
1440,36,0.801
1440,37,0.81
1440,38,0.816
1440,39,0.82
1440,40,0.825
1440,41,0.827
1440,42,0.829
1440,43,0.83
1440,44,0.831
1440,45,0.833
1440,46,0.835
1440,47,0.838
1440,48,0.841
1440,49,0.845
1440,50,0.848
1440,51,0.85
1440,52,0.851
1441,1,0.002
1441,2,0.007
1441,3,0.019
1441,4,0.024
1441,5,0.031
1441,6,0.036
1441,7,0.038
1441,8,0.046
1441,9,0.057
1441,10,0.07
1441,11,0.084
1441,12,0.095
1441,13,0.113
1441,14,0.134
1441,15,0.167
1441,16,0.218
1441,17,0.273
1441,18,0.319
1441,19,0.362
1441,20,0.4
1441,21,0.434
1441,22,0.456
1441,23,0.48
1441,24,0.519
1441,25,0.575
1441,26,0.623
1441,27,0.68
1441,28,0.737
1441,29,0.779
1441,30,0.797
1441,31,0.808
1441,32,0.817
1441,33,0.829
1441,34,0.84
1441,35,0.848
1441,36,0.858
1441,37,0.864
1441,38,0.868
1441,39,0.872
1441,40,0.876
1441,41,0.877
1441,42,0.878
1441,43,0.879
1441,44,0.88
1441,45,0.881
1441,46,0.883
1441,47,0.885
1441,48,0.888
1441,49,0.89
1441,50,0.892
1441,51,0.894
1441,52,0.895
1442,1,0.0
1442,2,0.007
1442,3,0.021
1442,4,0.032
1442,5,0.034
1442,6,0.041
1442,7,0.075
1442,8,0.081
1442,9,0.09
1442,10,0.101
1442,11,0.114
1442,12,0.126
1442,13,0.151
1442,14,0.157
1442,15,0.188
1442,16,0.248
1442,17,0.302
1442,18,0.34
1442,19,0.383
1442,20,0.424
1442,21,0.455
1442,22,0.466
1442,23,0.5
1442,24,0.533
1442,25,0.565
1442,26,0.601
1442,27,0.657
1442,28,0.709
1442,29,0.723
1442,30,0.738
1442,31,0.758
1442,32,0.769
1442,33,0.776
1442,34,0.786
1442,35,0.801
1442,36,0.811
1442,37,0.821
1442,38,0.829
1442,39,0.834
1442,40,0.845
1442,41,0.847
1442,42,0.849
1442,43,0.851
1442,44,0.853
1442,45,0.854
1442,46,0.856
1442,47,0.857
1442,48,0.86
1442,49,0.865
1442,50,0.868
1442,51,0.869
1442,52,0.87
1443,1,0.0
1443,2,0.001
1443,3,0.019
1443,4,0.033
1443,5,0.043
1443,6,0.049
1443,7,0.05
1443,8,0.056
1443,9,0.064
1443,10,0.084
1443,11,0.097
1443,12,0.106
1443,13,0.142
1443,14,0.156
1443,15,0.199
1443,16,0.278
1443,17,0.297
1443,18,0.332
1443,19,0.386
1443,20,0.434
1443,21,0.463
1443,22,0.484
1443,23,0.504
1443,24,0.531
1443,25,0.567
1443,26,0.598
1443,27,0.65
1443,28,0.716
1443,29,0.75
1443,30,0.772
1443,31,0.792
1443,32,0.809
1443,33,0.819
1443,34,0.827
1443,35,0.838
1443,36,0.847
1443,37,0.853
1443,38,0.858
1443,39,0.86
1443,40,0.866
1443,41,0.868
1443,42,0.868
1443,43,0.87
1443,44,0.871
1443,45,0.871
1443,46,0.873
1443,47,0.875
1443,48,0.877
1443,49,0.88
1443,50,0.884
1443,51,0.884
1443,52,0.885
1444,1,0.007
1444,2,0.015
1444,3,0.024
1444,4,0.075
1444,5,0.077
1444,6,0.085
1444,7,0.091
1444,8,0.11
1444,9,0.139
1444,10,0.168
1444,11,0.187
1444,12,0.223
1444,13,0.23
1444,14,0.266
1444,15,0.311
1444,16,0.38
1444,17,0.411
1444,18,0.439
1444,19,0.495
1444,20,0.524
1444,21,0.543
1444,22,0.559
1444,23,0.59
1444,24,0.618
1444,25,0.633
1444,26,0.667
1444,27,0.714
1444,28,0.752
1444,29,0.783
1444,30,0.8
1444,31,0.811
1444,32,0.824
1444,33,0.831
1444,34,0.842
1444,35,0.847
1444,36,0.861
1444,37,0.869
1444,38,0.876
1444,39,0.88
1444,40,0.885
1444,41,0.887
1444,42,0.888
1444,43,0.889
1444,44,0.889
1444,45,0.89
1444,46,0.89
1444,47,0.892
1444,48,0.894
1444,49,0.896
1444,50,0.899
1444,51,0.901
1444,52,0.902
1445,1,0.0
1445,2,0.008
1445,3,0.012
1445,4,0.018
1445,5,0.024
1445,6,0.074
1445,7,0.087
1445,8,0.094
1445,9,0.123
1445,10,0.165
1445,11,0.194
1445,12,0.223
1445,13,0.234
1445,14,0.258
1445,15,0.305
1445,16,0.363
1445,17,0.387
1445,18,0.413
1445,19,0.463
1445,20,0.484
1445,21,0.506
1445,22,0.52
1445,23,0.561
1445,24,0.587
1445,25,0.606
1445,26,0.639
1445,27,0.674
1445,28,0.72
1445,29,0.755
1445,30,0.772
1445,31,0.78
1445,32,0.788
1445,33,0.793
1445,34,0.804
1445,35,0.811
1445,36,0.819
1445,37,0.83
1445,38,0.836
1445,39,0.838
1445,40,0.848
1445,41,0.85
1445,42,0.851
1445,43,0.852
1445,44,0.852
1445,45,0.853
1445,46,0.854
1445,47,0.855
1445,48,0.858
1445,49,0.86
1445,50,0.865
1445,51,0.867
1445,52,0.868
1446,1,0.0
1446,2,0.016
1446,3,0.026
1446,4,0.028
1446,5,0.028
1446,6,0.047
1446,7,0.073
1446,8,0.076
1446,9,0.094
1446,10,0.128
1446,11,0.158
1446,12,0.182
1446,13,0.259
1446,14,0.274
1446,15,0.351
1446,16,0.381
1446,17,0.396
1446,18,0.437
1446,19,0.493
1446,20,0.538
1446,21,0.574
1446,22,0.605
1446,23,0.625
1446,24,0.633
1446,25,0.721
1446,26,0.729
1446,27,0.755
1446,28,0.761
1446,29,0.799
1446,30,0.803
1446,31,0.822
1446,32,0.831
1446,33,0.833
1446,34,0.835
1446,35,0.863
1446,36,0.866
1446,37,0.871
1446,38,0.878
1446,39,0.879
1446,40,0.887
1446,41,0.887
1446,42,0.889
1446,43,0.889
1446,44,0.891
1446,45,0.891
1446,46,0.892
1446,47,0.893
1446,48,0.894
1446,49,0.897
1446,50,0.899
1446,51,0.901
1446,52,0.901
1447,1,0.0
1447,2,0.007
1447,3,0.02
1447,4,0.025
1447,5,0.027
1447,6,0.03
1447,7,0.056
1447,8,0.075
1447,9,0.097
1447,10,0.118
1447,11,0.138
1447,12,0.16
1447,13,0.197
1447,14,0.224
1447,15,0.303
1447,16,0.36
1447,17,0.412
1447,18,0.442
1447,19,0.477
1447,20,0.496
1447,21,0.514
1447,22,0.549
1447,23,0.588
1447,24,0.619
1447,25,0.651
1447,26,0.669
1447,27,0.694
1447,28,0.717
1447,29,0.731
1447,30,0.744
1447,31,0.753
1447,32,0.764
1447,33,0.775
1447,34,0.786
1447,35,0.799
1447,36,0.805
1447,37,0.814
1447,38,0.822
1447,39,0.83
1447,40,0.839
1447,41,0.842
1447,42,0.844
1447,43,0.846
1447,44,0.847
1447,45,0.848
1447,46,0.848
1447,47,0.852
1447,48,0.856
1447,49,0.857
1447,50,0.861
1447,51,0.864
1447,52,0.865
1452,1,0.0
1452,2,0.01
1452,3,0.024
1452,4,0.028
1452,5,0.029
1452,6,0.031
1452,7,0.043
1452,8,0.076
1452,9,0.084
1452,10,0.099
1452,11,0.126
1452,12,0.144
1452,13,0.191
1452,14,0.206
1452,15,0.255
1452,16,0.304
1452,17,0.379
1452,18,0.398
1452,19,0.424
1452,20,0.453
1452,21,0.474
1452,22,0.497
1452,23,0.538
1452,24,0.576
1452,25,0.609
1452,26,0.653
1452,27,0.687
1452,28,0.719
1452,29,0.742
1452,30,0.763
1452,31,0.772
1452,32,0.779
1452,33,0.79
1452,34,0.803
1452,35,0.812
1452,36,0.819
1452,37,0.824
1452,38,0.827
1452,39,0.83
1452,40,0.839
1452,41,0.842
1452,42,0.844
1452,43,0.845
1452,44,0.846
1452,45,0.848
1452,46,0.849
1452,47,0.852
1452,48,0.854
1452,49,0.856
1452,50,0.859
1452,51,0.86
1452,52,0.861
1460,1,0.004
1460,2,0.012
1460,3,0.021
1460,4,0.022
1460,5,0.026
1460,6,0.034
1460,7,0.073
1460,8,0.096
1460,9,0.109
1460,10,0.128
1460,11,0.165
1460,12,0.178
1460,13,0.239
1460,14,0.253
1460,15,0.293
1460,16,0.359
1460,17,0.411
1460,18,0.454
1460,19,0.494
1460,20,0.526
1460,21,0.559
1460,22,0.571
1460,23,0.588
1460,24,0.621
1460,25,0.644
1460,26,0.662
1460,27,0.74
1460,28,0.768
1460,29,0.777
1460,30,0.789
1460,31,0.801
1460,32,0.804
1460,33,0.807
1460,34,0.829
1460,35,0.837
1460,36,0.84
1460,37,0.843
1460,38,0.848
1460,39,0.855
1460,40,0.857
1460,41,0.86
1460,42,0.861
1460,43,0.862
1460,44,0.862
1460,45,0.864
1460,46,0.864
1460,47,0.865
1460,48,0.868
1460,49,0.868
1460,50,0.869
1460,51,0.872
1460,52,0.873
1461,1,0.003
1461,2,0.009
1461,3,0.011
1461,4,0.018
1461,5,0.022
1461,6,0.024
1461,7,0.068
1461,8,0.088
1461,9,0.098
1461,10,0.125
1461,11,0.149
1461,12,0.17
1461,13,0.206
1461,14,0.219
1461,15,0.254
1461,16,0.336
1461,17,0.396
1461,18,0.436
1461,19,0.475
1461,20,0.507
1461,21,0.53
1461,22,0.544
1461,23,0.558
1461,24,0.586
1461,25,0.608
1461,26,0.628
1461,27,0.72
1461,28,0.746
1461,29,0.755
1461,30,0.763
1461,31,0.771
1461,32,0.773
1461,33,0.775
1461,34,0.8
1461,35,0.808
1461,36,0.81
1461,37,0.812
1461,38,0.824
1461,39,0.826
1461,40,0.831
1461,41,0.833
1461,42,0.833
1461,43,0.834
1461,44,0.836
1461,45,0.836
1461,46,0.836
1461,47,0.838
1461,48,0.841
1461,49,0.843
1461,50,0.846
1461,51,0.851
1461,52,0.853
1462,1,0.006
1462,2,0.01
1462,3,0.014
1462,4,0.017
1462,5,0.018
1462,6,0.032
1462,7,0.042
1462,8,0.049
1462,9,0.066
1462,10,0.078
1462,11,0.089
1462,12,0.1
1462,13,0.126
1462,14,0.14
1462,15,0.181
1462,16,0.231
1462,17,0.284
1462,18,0.328
1462,19,0.359
1462,20,0.388
1462,21,0.416
1462,22,0.446
1462,23,0.465
1462,24,0.502
1462,25,0.537
1462,26,0.567
1462,27,0.625
1462,28,0.665
1462,29,0.7
1462,30,0.714
1462,31,0.72
1462,32,0.732
1462,33,0.745
1462,34,0.752
1462,35,0.759
1462,36,0.766
1462,37,0.774
1462,38,0.778
1462,39,0.782
1462,40,0.785
1462,41,0.786
1462,42,0.789
1462,43,0.791
1462,44,0.793
1462,45,0.795
1462,46,0.796
1462,47,0.799
1462,48,0.804
1462,49,0.808
1462,50,0.811
1462,51,0.815
1462,52,0.817
1463,1,0.0
1463,2,0.002
1463,3,0.01
1463,4,0.013
1463,5,0.018
1463,6,0.024
1463,7,0.039
1463,8,0.059
1463,9,0.073
1463,10,0.087
1463,11,0.114
1463,12,0.12
1463,13,0.15
1463,14,0.163
1463,15,0.192
1463,16,0.246
1463,17,0.302
1463,18,0.335
1463,19,0.399
1463,20,0.438
1463,21,0.461
1463,22,0.478
1463,23,0.498
1463,24,0.53
1463,25,0.57
1463,26,0.592
1463,27,0.627
1463,28,0.682
1463,29,0.712
1463,30,0.729
1463,31,0.747
1463,32,0.762
1463,33,0.778
1463,34,0.791
1463,35,0.797
1463,36,0.805
1463,37,0.812
1463,38,0.818
1463,39,0.822
1463,40,0.831
1463,41,0.833
1463,42,0.835
1463,43,0.836
1463,44,0.837
1463,45,0.838
1463,46,0.84
1463,47,0.843
1463,48,0.847
1463,49,0.85
1463,50,0.854
1463,51,0.855
1463,52,0.856
1465,1,0.0
1465,2,0.006
1465,3,0.018
1465,4,0.021
1465,5,0.031
1465,6,0.04
1465,7,0.057
1465,8,0.073
1465,9,0.078
1465,10,0.092
1465,11,0.105
1465,12,0.119
1465,13,0.148
1465,14,0.164
1465,15,0.252
1465,16,0.317
1465,17,0.379
1465,18,0.396
1465,19,0.435
1465,20,0.459
1465,21,0.477
1465,22,0.497
1465,23,0.529
1465,24,0.57
1465,25,0.612
1465,26,0.627
1465,27,0.658
1465,28,0.696
1465,29,0.712
1465,30,0.735
1465,31,0.754
1465,32,0.758
1465,33,0.766
1465,34,0.777
1465,35,0.791
1465,36,0.796
1465,37,0.8
1465,38,0.804
1465,39,0.816
1465,40,0.825
1465,41,0.827
1465,42,0.828
1465,43,0.828
1465,44,0.83
1465,45,0.831
1465,46,0.832
1465,47,0.836
1465,48,0.84
1465,49,0.842
1465,50,0.844
1465,51,0.846
1465,52,0.847
1466,1,0.001
1466,2,0.005
1466,3,0.01
1466,4,0.015
1466,5,0.021
1466,6,0.053
1466,7,0.069
1466,8,0.078
1466,9,0.09
1466,10,0.108
1466,11,0.125
1466,12,0.143
1466,13,0.163
1466,14,0.171
1466,15,0.231
1466,16,0.293
1466,17,0.336
1466,18,0.384
1466,19,0.432
1466,20,0.466
1466,21,0.499
1466,22,0.511
1466,23,0.551
1466,24,0.571
1466,25,0.611
1466,26,0.653
1466,27,0.706
1466,28,0.748
1466,29,0.759
1466,30,0.773
1466,31,0.78
1466,32,0.788
1466,33,0.793
1466,34,0.8
1466,35,0.807
1466,36,0.815
1466,37,0.824
1466,38,0.832
1466,39,0.835
1466,40,0.842
1466,41,0.843
1466,42,0.843
1466,43,0.844
1466,44,0.845
1466,45,0.847
1466,46,0.848
1466,47,0.851
1466,48,0.853
1466,49,0.857
1466,50,0.859
1466,51,0.861
1466,52,0.861
1470,1,0.004
1470,2,0.005
1470,3,0.015
1470,4,0.02
1470,5,0.022
1470,6,0.035
1470,7,0.058
1470,8,0.075
1470,9,0.09
1470,10,0.108
1470,11,0.133
1470,12,0.15
1470,13,0.218
1470,14,0.222
1470,15,0.262
1470,16,0.318
1470,17,0.365
1470,18,0.414
1470,19,0.46
1470,20,0.473
1470,21,0.494
1470,22,0.509
1470,23,0.556
1470,24,0.581
1470,25,0.597
1470,26,0.641
1470,27,0.688
1470,28,0.734
1470,29,0.763
1470,30,0.777
1470,31,0.783
1470,32,0.789
1470,33,0.797
1470,34,0.809
1470,35,0.817
1470,36,0.823
1470,37,0.832
1470,38,0.84
1470,39,0.843
1470,40,0.848
1470,41,0.85
1470,42,0.851
1470,43,0.852
1470,44,0.854
1470,45,0.855
1470,46,0.855
1470,47,0.857
1470,48,0.859
1470,49,0.861
1470,50,0.864
1470,51,0.865
1470,52,0.866
1471,1,0.016
1471,2,0.017
1471,3,0.029
1471,4,0.044
1471,5,0.048
1471,6,0.053
1471,7,0.06
1471,8,0.071
1471,9,0.084
1471,10,0.109
1471,11,0.122
1471,12,0.149
1471,13,0.183
1471,14,0.197
1471,15,0.238
1471,16,0.31
1471,17,0.382
1471,18,0.431
1471,19,0.465
1471,20,0.491
1471,21,0.521
1471,22,0.549
1471,23,0.57
1471,24,0.595
1471,25,0.623
1471,26,0.648
1471,27,0.687
1471,28,0.73
1471,29,0.758
1471,30,0.77
1471,31,0.784
1471,32,0.799
1471,33,0.811
1471,34,0.823
1471,35,0.839
1471,36,0.85
1471,37,0.859
1471,38,0.866
1471,39,0.871
1471,40,0.875
1471,41,0.877
1471,42,0.879
1471,43,0.881
1471,44,0.884
1471,45,0.885
1471,46,0.886
1471,47,0.887
1471,48,0.89
1471,49,0.891
1471,50,0.892
1471,51,0.893
1471,52,0.895
1472,1,0.001
1472,2,0.007
1472,3,0.025
1472,4,0.039
1472,5,0.039
1472,6,0.046
1472,7,0.059
1472,8,0.07
1472,9,0.083
1472,10,0.11
1472,11,0.134
1472,12,0.167
1472,13,0.199
1472,14,0.212
1472,15,0.251
1472,16,0.312
1472,17,0.358
1472,18,0.399
1472,19,0.432
1472,20,0.465
1472,21,0.483
1472,22,0.506
1472,23,0.532
1472,24,0.551
1472,25,0.58
1472,26,0.612
1472,27,0.66
1472,28,0.683
1472,29,0.71
1472,30,0.725
1472,31,0.738
1472,32,0.755
1472,33,0.761
1472,34,0.776
1472,35,0.796
1472,36,0.802
1472,37,0.816
1472,38,0.822
1472,39,0.824
1472,40,0.833
1472,41,0.835
1472,42,0.837
1472,43,0.838
1472,44,0.839
1472,45,0.84
1472,46,0.841
1472,47,0.843
1472,48,0.847
1472,49,0.85
1472,50,0.852
1472,51,0.856
1472,52,0.856
1473,1,0.011
1473,2,0.019
1473,3,0.029
1473,4,0.039
1473,5,0.045
1473,6,0.052
1473,7,0.071
1473,8,0.08
1473,9,0.103
1473,10,0.144
1473,11,0.175
1473,12,0.191
1473,13,0.231
1473,14,0.24
1473,15,0.311
1473,16,0.373
1473,17,0.404
1473,18,0.442
1473,19,0.482
1473,20,0.501
1473,21,0.523
1473,22,0.547
1473,23,0.565
1473,24,0.586
1473,25,0.618
1473,26,0.638
1473,27,0.67
1473,28,0.701
1473,29,0.725
1473,30,0.734
1473,31,0.75
1473,32,0.763
1473,33,0.774
1473,34,0.785
1473,35,0.802
1473,36,0.81
1473,37,0.82
1473,38,0.83
1473,39,0.833
1473,40,0.843
1473,41,0.845
1473,42,0.847
1473,43,0.849
1473,44,0.85
1473,45,0.851
1473,46,0.852
1473,47,0.855
1473,48,0.858
1473,49,0.862
1473,50,0.865
1473,51,0.867
1473,52,0.868
1480,1,0.003
1480,2,0.005
1480,3,0.013
1480,4,0.017
1480,5,0.02
1480,6,0.022
1480,7,0.025
1480,8,0.03
1480,9,0.044
1480,10,0.065
1480,11,0.076
1480,12,0.085
1480,13,0.098
1480,14,0.106
1480,15,0.132
1480,16,0.164
1480,17,0.199
1480,18,0.229
1480,19,0.264
1480,20,0.291
1480,21,0.314
1480,22,0.33
1480,23,0.351
1480,24,0.382
1480,25,0.424
1480,26,0.466
1480,27,0.541
1480,28,0.609
1480,29,0.654
1480,30,0.677
1480,31,0.691
1480,32,0.701
1480,33,0.714
1480,34,0.726
1480,35,0.735
1480,36,0.745
1480,37,0.753
1480,38,0.76
1480,39,0.765
1480,40,0.769
1480,41,0.772
1480,42,0.774
1480,43,0.775
1480,44,0.777
1480,45,0.779
1480,46,0.781
1480,47,0.785
1480,48,0.789
1480,49,0.793
1480,50,0.796
1480,51,0.799
1480,52,0.8
1481,1,0.004
1481,2,0.008
1481,3,0.024
1481,4,0.034
1481,5,0.036
1481,6,0.038
1481,7,0.041
1481,8,0.047
1481,9,0.064
1481,10,0.082
1481,11,0.092
1481,12,0.099
1481,13,0.114
1481,14,0.121
1481,15,0.151
1481,16,0.191
1481,17,0.227
1481,18,0.265
1481,19,0.313
1481,20,0.347
1481,21,0.373
1481,22,0.392
1481,23,0.419
1481,24,0.46
1481,25,0.508
1481,26,0.562
1481,27,0.639
1481,28,0.703
1481,29,0.746
1481,30,0.768
1481,31,0.781
1481,32,0.792
1481,33,0.803
1481,34,0.813
1481,35,0.821
1481,36,0.828
1481,37,0.835
1481,38,0.839
1481,39,0.843
1481,40,0.847
1481,41,0.849
1481,42,0.85
1481,43,0.851
1481,44,0.853
1481,45,0.854
1481,46,0.856
1481,47,0.858
1481,48,0.861
1481,49,0.864
1481,50,0.867
1481,51,0.869
1481,52,0.87
1482,1,0.001
1482,2,0.004
1482,3,0.017
1482,4,0.031
1482,5,0.035
1482,6,0.041
1482,7,0.043
1482,8,0.054
1482,9,0.074
1482,10,0.092
1482,11,0.103
1482,12,0.114
1482,13,0.132
1482,14,0.151
1482,15,0.196
1482,16,0.246
1482,17,0.301
1482,18,0.338
1482,19,0.384
1482,20,0.411
1482,21,0.441
1482,22,0.461
1482,23,0.486
1482,24,0.525
1482,25,0.56
1482,26,0.593
1482,27,0.659
1482,28,0.711
1482,29,0.743
1482,30,0.768
1482,31,0.783
1482,32,0.794
1482,33,0.81
1482,34,0.822
1482,35,0.832
1482,36,0.84
1482,37,0.847
1482,38,0.853
1482,39,0.856
1482,40,0.859
1482,41,0.861
1482,42,0.862
1482,43,0.863
1482,44,0.864
1482,45,0.865
1482,46,0.867
1482,47,0.869
1482,48,0.872
1482,49,0.875
1482,50,0.879
1482,51,0.881
1482,52,0.881
1484,1,0.0
1484,2,0.008
1484,3,0.025
1484,4,0.03
1484,5,0.037
1484,6,0.04
1484,7,0.042
1484,8,0.073
1484,9,0.081
1484,10,0.109
1484,11,0.125
1484,12,0.15
1484,13,0.204
1484,14,0.223
1484,15,0.29
1484,16,0.359
1484,17,0.435
1484,18,0.485
1484,19,0.505
1484,20,0.58
1484,21,0.593
1484,22,0.607
1484,23,0.623
1484,24,0.655
1484,25,0.699
1484,26,0.719
1484,27,0.762
1484,28,0.797
1484,29,0.814
1484,30,0.826
1484,31,0.833
1484,32,0.837
1484,33,0.84
1484,34,0.85
1484,35,0.859
1484,36,0.868
1484,37,0.874
1484,38,0.879
1484,39,0.879
1484,40,0.884
1484,41,0.884
1484,42,0.886
1484,43,0.888
1484,44,0.889
1484,45,0.89
1484,46,0.89
1484,47,0.892
1484,48,0.893
1484,49,0.896
1484,50,0.9
1484,51,0.902
1484,52,0.903
1485,1,0.003
1485,2,0.006
1485,3,0.037
1485,4,0.062
1485,5,0.067
1485,6,0.071
1485,7,0.077
1485,8,0.088
1485,9,0.105
1485,10,0.131
1485,11,0.143
1485,12,0.16
1485,13,0.182
1485,14,0.194
1485,15,0.248
1485,16,0.297
1485,17,0.354
1485,18,0.4
1485,19,0.442
1485,20,0.463
1485,21,0.478
1485,22,0.493
1485,23,0.521
1485,24,0.565
1485,25,0.603
1485,26,0.649
1485,27,0.693
1485,28,0.728
1485,29,0.747
1485,30,0.764
1485,31,0.779
1485,32,0.79
1485,33,0.798
1485,34,0.805
1485,35,0.816
1485,36,0.824
1485,37,0.834
1485,38,0.841
1485,39,0.844
1485,40,0.85
1485,41,0.852
1485,42,0.855
1485,43,0.859
1485,44,0.861
1485,45,0.863
1485,46,0.865
1485,47,0.867
1485,48,0.87
1485,49,0.873
1485,50,0.876
1485,51,0.879
1485,52,0.881
1486,1,0.002
1486,2,0.006
1486,3,0.008
1486,4,0.01
1486,5,0.011
1486,6,0.014
1486,7,0.044
1486,8,0.054
1486,9,0.055
1486,10,0.078
1486,11,0.105
1486,12,0.125
1486,13,0.157
1486,14,0.164
1486,15,0.241
1486,16,0.287
1486,17,0.309
1486,18,0.349
1486,19,0.384
1486,20,0.419
1486,21,0.459
1486,22,0.486
1486,23,0.529
1486,24,0.583
1486,25,0.637
1486,26,0.658
1486,27,0.675
1486,28,0.69
1486,29,0.706
1486,30,0.725
1486,31,0.738
1486,32,0.754
1486,33,0.764
1486,34,0.774
1486,35,0.782
1486,36,0.788
1486,37,0.793
1486,38,0.797
1486,39,0.8
1486,40,0.802
1486,41,0.804
1486,42,0.806
1486,43,0.807
1486,44,0.808
1486,45,0.809
1486,46,0.811
1486,47,0.813
1486,48,0.815
1486,49,0.818
1486,50,0.82
1486,51,0.821
1486,52,0.821
1487,1,0.0
1487,2,0.005
1487,3,0.027
1487,4,0.033
1487,5,0.034
1487,6,0.035
1487,7,0.054
1487,8,0.075
1487,9,0.096
1487,10,0.114
1487,11,0.129
1487,12,0.136
1487,13,0.169
1487,14,0.175
1487,15,0.222
1487,16,0.291
1487,17,0.336
1487,18,0.42
1487,19,0.47
1487,20,0.503
1487,21,0.517
1487,22,0.532
1487,23,0.554
1487,24,0.57
1487,25,0.608
1487,26,0.639
1487,27,0.685
1487,28,0.725
1487,29,0.765
1487,30,0.782
1487,31,0.794
1487,32,0.805
1487,33,0.815
1487,34,0.822
1487,35,0.829
1487,36,0.836
1487,37,0.842
1487,38,0.848
1487,39,0.851
1487,40,0.858
1487,41,0.86
1487,42,0.861
1487,43,0.862
1487,44,0.864
1487,45,0.865
1487,46,0.866
1487,47,0.868
1487,48,0.871
1487,49,0.874
1487,50,0.878
1487,51,0.881
1487,52,0.883
1488,1,0.002
1488,2,0.004
1488,3,0.022
1488,4,0.029
1488,5,0.032
1488,6,0.035
1488,7,0.056
1488,8,0.066
1488,9,0.081
1488,10,0.096
1488,11,0.108
1488,12,0.122
1488,13,0.139
1488,14,0.145
1488,15,0.175
1488,16,0.243
1488,17,0.293
1488,18,0.347
1488,19,0.382
1488,20,0.421
1488,21,0.443
1488,22,0.452
1488,23,0.476
1488,24,0.504
1488,25,0.531
1488,26,0.566
1488,27,0.619
1488,28,0.666
1488,29,0.716
1488,30,0.735
1488,31,0.75
1488,32,0.763
1488,33,0.773
1488,34,0.782
1488,35,0.791
1488,36,0.798
1488,37,0.807
1488,38,0.814
1488,39,0.818
1488,40,0.824
1488,41,0.826
1488,42,0.827
1488,43,0.829
1488,44,0.831
1488,45,0.832
1488,46,0.833
1488,47,0.838
1488,48,0.841
1488,49,0.845
1488,50,0.849
1488,51,0.851
1488,52,0.851
1489,1,0.003
1489,2,0.012
1489,3,0.032
1489,4,0.048
1489,5,0.053
1489,6,0.056
1489,7,0.06
1489,8,0.066
1489,9,0.087
1489,10,0.114
1489,11,0.137
1489,12,0.147
1489,13,0.164
1489,14,0.184
1489,15,0.222
1489,16,0.275
1489,17,0.325
1489,18,0.379
1489,19,0.429
1489,20,0.457
1489,21,0.488
1489,22,0.499
1489,23,0.518
1489,24,0.548
1489,25,0.592
1489,26,0.626
1489,27,0.68
1489,28,0.728
1489,29,0.755
1489,30,0.771
1489,31,0.783
1489,32,0.795
1489,33,0.805
1489,34,0.816
1489,35,0.83
1489,36,0.84
1489,37,0.848
1489,38,0.854
1489,39,0.858
1489,40,0.863
1489,41,0.865
1489,42,0.868
1489,43,0.869
1489,44,0.871
1489,45,0.872
1489,46,0.874
1489,47,0.876
1489,48,0.879
1489,49,0.882
1489,50,0.886
1489,51,0.887
1489,52,0.888
1490,1,0.001
1490,2,0.003
1490,3,0.013
1490,4,0.021
1490,5,0.031
1490,6,0.038
1490,7,0.043
1490,8,0.052
1490,9,0.066
1490,10,0.091
1490,11,0.104
1490,12,0.109
1490,13,0.118
1490,14,0.127
1490,15,0.147
1490,16,0.203
1490,17,0.263
1490,18,0.319
1490,19,0.381
1490,20,0.423
1490,21,0.434
1490,22,0.45
1490,23,0.467
1490,24,0.482
1490,25,0.516
1490,26,0.545
1490,27,0.593
1490,28,0.652
1490,29,0.688
1490,30,0.711
1490,31,0.733
1490,32,0.744
1490,33,0.755
1490,34,0.766
1490,35,0.776
1490,36,0.785
1490,37,0.792
1490,38,0.799
1490,39,0.805
1490,40,0.809
1490,41,0.811
1490,42,0.813
1490,43,0.814
1490,44,0.816
1490,45,0.816
1490,46,0.818
1490,47,0.821
1490,48,0.825
1490,49,0.828
1490,50,0.832
1490,51,0.835
1490,52,0.836
1491,1,0.0
1491,2,0.003
1491,3,0.016
1491,4,0.032
1491,5,0.044
1491,6,0.052
1491,7,0.059
1491,8,0.071
1491,9,0.078
1491,10,0.1
1491,11,0.118
1491,12,0.132
1491,13,0.157
1491,14,0.173
1491,15,0.22
1491,16,0.279
1491,17,0.349
1491,18,0.372
1491,19,0.444
1491,20,0.461
1491,21,0.477
1491,22,0.489
1491,23,0.523
1491,24,0.564
1491,25,0.611
1491,26,0.657
1491,27,0.694
1491,28,0.725
1491,29,0.751
1491,30,0.773
1491,31,0.785
1491,32,0.796
1491,33,0.807
1491,34,0.818
1491,35,0.823
1491,36,0.829
1491,37,0.838
1491,38,0.843
1491,39,0.844
1491,40,0.85
1491,41,0.851
1491,42,0.853
1491,43,0.854
1491,44,0.854
1491,45,0.855
1491,46,0.856
1491,47,0.858
1491,48,0.861
1491,49,0.864
1491,50,0.866
1491,51,0.867
1491,52,0.867
1492,1,0.0
1492,2,0.01
1492,3,0.021
1492,4,0.03
1492,5,0.032
1492,6,0.041
1492,7,0.045
1492,8,0.096
1492,9,0.1
1492,10,0.133
1492,11,0.154
1492,12,0.164
1492,13,0.234
1492,14,0.249
1492,15,0.29
1492,16,0.344
1492,17,0.415
1492,18,0.457
1492,19,0.479
1492,20,0.499
1492,21,0.521
1492,22,0.541
1492,23,0.574
1492,24,0.613
1492,25,0.672
1492,26,0.743
1492,27,0.786
1492,28,0.802
1492,29,0.802
1492,30,0.816
1492,31,0.822
1492,32,0.828
1492,33,0.833
1492,34,0.843
1492,35,0.85
1492,36,0.851
1492,37,0.857
1492,38,0.861
1492,39,0.864
1492,40,0.866
1492,41,0.868
1492,42,0.868
1492,43,0.869
1492,44,0.87
1492,45,0.871
1492,46,0.872
1492,47,0.874
1492,48,0.875
1492,49,0.877
1492,50,0.881
1492,51,0.884
1492,52,0.886
1493,1,0.005
1493,2,0.014
1493,3,0.029
1493,4,0.033
1493,5,0.036
1493,6,0.051
1493,7,0.074
1493,8,0.09
1493,9,0.107
1493,10,0.123
1493,11,0.149
1493,12,0.162
1493,13,0.188
1493,14,0.205
1493,15,0.252
1493,16,0.342
1493,17,0.408
1493,18,0.452
1493,19,0.478
1493,20,0.506
1493,21,0.528
1493,22,0.552
1493,23,0.579
1493,24,0.605
1493,25,0.638
1493,26,0.655
1493,27,0.696
1493,28,0.736
1493,29,0.762
1493,30,0.775
1493,31,0.792
1493,32,0.807
1493,33,0.821
1493,34,0.838
1493,35,0.853
1493,36,0.862
1493,37,0.873
1493,38,0.88
1493,39,0.884
1493,40,0.888
1493,41,0.889
1493,42,0.891
1493,43,0.892
1493,44,0.893
1493,45,0.893
1493,46,0.894
1493,47,0.896
1493,48,0.899
1493,49,0.901
1493,50,0.903
1493,51,0.904
1493,52,0.906
1494,1,0.0
1494,2,0.005
1494,3,0.023
1494,4,0.041
1494,5,0.044
1494,6,0.05
1494,7,0.055
1494,8,0.076
1494,9,0.089
1494,10,0.113
1494,11,0.126
1494,12,0.139
1494,13,0.168
1494,14,0.176
1494,15,0.234
1494,16,0.296
1494,17,0.354
1494,18,0.402
1494,19,0.451
1494,20,0.474
1494,21,0.498
1494,22,0.517
1494,23,0.544
1494,24,0.57
1494,25,0.595
1494,26,0.628
1494,27,0.681
1494,28,0.728
1494,29,0.766
1494,30,0.786
1494,31,0.8
1494,32,0.814
1494,33,0.825
1494,34,0.842
1494,35,0.861
1494,36,0.872
1494,37,0.881
1494,38,0.887
1494,39,0.891
1494,40,0.895
1494,41,0.896
1494,42,0.898
1494,43,0.899
1494,44,0.9
1494,45,0.901
1494,46,0.902
1494,47,0.904
1494,48,0.906
1494,49,0.908
1494,50,0.909
1494,51,0.911
1494,52,0.911
1495,1,0.003
1495,2,0.006
1495,3,0.017
1495,4,0.02
1495,5,0.028
1495,6,0.034
1495,7,0.053
1495,8,0.074
1495,9,0.091
1495,10,0.101
1495,11,0.12
1495,12,0.136
1495,13,0.158
1495,14,0.188
1495,15,0.265
1495,16,0.305
1495,17,0.357
1495,18,0.394
1495,19,0.443
1495,20,0.462
1495,21,0.481
1495,22,0.508
1495,23,0.539
1495,24,0.554
1495,25,0.581
1495,26,0.611
1495,27,0.663
1495,28,0.699
1495,29,0.725
1495,30,0.738
1495,31,0.747
1495,32,0.77
1495,33,0.784
1495,34,0.799
1495,35,0.81
1495,36,0.818
1495,37,0.831
1495,38,0.836
1495,39,0.843
1495,40,0.846
1495,41,0.847
1495,42,0.849
1495,43,0.851
1495,44,0.854
1495,45,0.855
1495,46,0.857
1495,47,0.859
1495,48,0.862
1495,49,0.865
1495,50,0.868
1495,51,0.87
1495,52,0.87
1496,1,0.006
1496,2,0.01
1496,3,0.024
1496,4,0.028
1496,5,0.031
1496,6,0.034
1496,7,0.052
1496,8,0.069
1496,9,0.084
1496,10,0.11
1496,11,0.121
1496,12,0.135
1496,13,0.156
1496,14,0.175
1496,15,0.223
1496,16,0.273
1496,17,0.312
1496,18,0.345
1496,19,0.393
1496,20,0.435
1496,21,0.456
1496,22,0.482
1496,23,0.499
1496,24,0.514
1496,25,0.545
1496,26,0.582
1496,27,0.644
1496,28,0.693
1496,29,0.726
1496,30,0.745
1496,31,0.759
1496,32,0.777
1496,33,0.785
1496,34,0.799
1496,35,0.813
1496,36,0.822
1496,37,0.834
1496,38,0.845
1496,39,0.85
1496,40,0.856
1496,41,0.858
1496,42,0.86
1496,43,0.861
1496,44,0.863
1496,45,0.864
1496,46,0.865
1496,47,0.867
1496,48,0.87
1496,49,0.873
1496,50,0.875
1496,51,0.877
1496,52,0.878
1497,1,0.0
1497,2,0.008
1497,3,0.043
1497,4,0.054
1497,5,0.061
1497,6,0.068
1497,7,0.089
1497,8,0.095
1497,9,0.109
1497,10,0.132
1497,11,0.135
1497,12,0.164
1497,13,0.209
1497,14,0.222
1497,15,0.285
1497,16,0.347
1497,17,0.387
1497,18,0.418
1497,19,0.483
1497,20,0.499
1497,21,0.527
1497,22,0.549
1497,23,0.56
1497,24,0.583
1497,25,0.632
1497,26,0.672
1497,27,0.707
1497,28,0.742
1497,29,0.762
1497,30,0.781
1497,31,0.797
1497,32,0.812
1497,33,0.821
1497,34,0.836
1497,35,0.851
1497,36,0.857
1497,37,0.864
1497,38,0.867
1497,39,0.873
1497,40,0.877
1497,41,0.88
1497,42,0.88
1497,43,0.882
1497,44,0.883
1497,45,0.885
1497,46,0.885
1497,47,0.887
1497,48,0.889
1497,49,0.893
1497,50,0.897
1497,51,0.9
1497,52,0.9
1498,1,0.005
1498,2,0.011
1498,3,0.03
1498,4,0.045
1498,5,0.046
1498,6,0.061
1498,7,0.076
1498,8,0.087
1498,9,0.099
1498,10,0.14
1498,11,0.156
1498,12,0.186
1498,13,0.206
1498,14,0.239
1498,15,0.282
1498,16,0.337
1498,17,0.353
1498,18,0.4
1498,19,0.457
1498,20,0.49
1498,21,0.523
1498,22,0.537
1498,23,0.571
1498,24,0.592
1498,25,0.612
1498,26,0.648
1498,27,0.682
1498,28,0.725
1498,29,0.744
1498,30,0.763
1498,31,0.778
1498,32,0.789
1498,33,0.799
1498,34,0.832
1498,35,0.84
1498,36,0.846
1498,37,0.855
1498,38,0.862
1498,39,0.867
1498,40,0.869
1498,41,0.869
1498,42,0.872
1498,43,0.873
1498,44,0.874
1498,45,0.874
1498,46,0.875
1498,47,0.878
1498,48,0.879
1498,49,0.881
1498,50,0.884
1498,51,0.886
1498,52,0.887
1499,1,0.0
1499,2,0.008
1499,3,0.019
1499,4,0.028
1499,5,0.028
1499,6,0.04
1499,7,0.054
1499,8,0.064
1499,9,0.083
1499,10,0.124
1499,11,0.146
1499,12,0.164
1499,13,0.193
1499,14,0.205
1499,15,0.235
1499,16,0.283
1499,17,0.335
1499,18,0.372
1499,19,0.416
1499,20,0.462
1499,21,0.498
1499,22,0.511
1499,23,0.543
1499,24,0.564
1499,25,0.591
1499,26,0.616
1499,27,0.673
1499,28,0.713
1499,29,0.74
1499,30,0.757
1499,31,0.771
1499,32,0.78
1499,33,0.789
1499,34,0.801
1499,35,0.811
1499,36,0.82
1499,37,0.827
1499,38,0.832
1499,39,0.84
1499,40,0.843
1499,41,0.846
1499,42,0.847
1499,43,0.848
1499,44,0.849
1499,45,0.851
1499,46,0.853
1499,47,0.856
1499,48,0.86
1499,49,0.863
1499,50,0.867
1499,51,0.868
1499,52,0.868
1715,1,0.0
1715,2,0.002
1715,3,0.013
1715,4,0.028
1715,5,0.036
1715,6,0.038
1715,7,0.044
1715,8,0.055
1715,9,0.092
1715,10,0.115
1715,11,0.129
1715,12,0.154
1715,13,0.206
1715,14,0.253
1715,15,0.316
1715,16,0.365
1715,17,0.417
1715,18,0.459
1715,19,0.488
1715,20,0.505
1715,21,0.517
1715,22,0.528
1715,23,0.561
1715,24,0.582
1715,25,0.648
1715,26,0.72
1715,27,0.807
1715,28,0.843
1715,29,0.863
1715,30,0.867
1715,31,0.868
1715,32,0.874
1715,33,0.881
1715,34,0.885
1715,35,0.89
1715,36,0.893
1715,37,0.895
1715,38,0.898
1715,39,0.902
1715,40,0.902
1715,41,0.903
1715,42,0.903
1715,43,0.904
1715,44,0.906
1715,45,0.907
1715,46,0.907
1715,47,0.909
1715,48,0.911
1715,49,0.911
1715,50,0.914
1715,51,0.915
1715,52,0.916
1730,1,0.002
1730,2,0.008
1730,3,0.021
1730,4,0.044
1730,5,0.052
1730,6,0.057
1730,7,0.065
1730,8,0.068
1730,9,0.085
1730,10,0.101
1730,11,0.114
1730,12,0.123
1730,13,0.181
1730,14,0.216
1730,15,0.266
1730,16,0.305
1730,17,0.355
1730,18,0.413
1730,19,0.427
1730,20,0.456
1730,21,0.459
1730,22,0.484
1730,23,0.537
1730,24,0.554
1730,25,0.627
1730,26,0.73
1730,27,0.782
1730,28,0.796
1730,29,0.799
1730,30,0.803
1730,31,0.806
1730,32,0.812
1730,33,0.818
1730,34,0.822
1730,35,0.825
1730,36,0.828
1730,37,0.829
1730,38,0.83
1730,39,0.832
1730,40,0.832
1730,41,0.832
1730,42,0.833
1730,43,0.833
1730,44,0.834
1730,45,0.835
1730,46,0.836
1730,47,0.837
1730,48,0.838
1730,49,0.839
1730,50,0.84
1730,51,0.842
1730,52,0.842
1737,1,0.0
1737,2,0.0
1737,3,0.011
1737,4,0.047
1737,5,0.067
1737,6,0.085
1737,7,0.094
1737,8,0.108
1737,9,0.13
1737,10,0.167
1737,11,0.194
1737,12,0.214
1737,13,0.279
1737,14,0.304
1737,15,0.402
1737,16,0.448
1737,17,0.505
1737,18,0.548
1737,19,0.551
1737,20,0.583
1737,21,0.596
1737,22,0.617
1737,23,0.632
1737,24,0.652
1737,25,0.716
1737,26,0.774
1737,27,0.828
1737,28,0.847
1737,29,0.854
1737,30,0.858
1737,31,0.862
1737,32,0.865
1737,33,0.87
1737,34,0.875
1737,35,0.877
1737,36,0.88
1737,37,0.881
1737,38,0.881
1737,39,0.887
1737,40,0.887
1737,41,0.888
1737,42,0.889
1737,43,0.889
1737,44,0.889
1737,45,0.89
1737,46,0.891
1737,47,0.892
1737,48,0.893
1737,49,0.895
1737,50,0.895
1737,51,0.896
1737,52,0.896
1760,1,0.0
1760,2,0.0
1760,3,0.009
1760,4,0.021
1760,5,0.049
1760,6,0.051
1760,7,0.081
1760,8,0.091
1760,9,0.097
1760,10,0.115
1760,11,0.139
1760,12,0.155
1760,13,0.204
1760,14,0.242
1760,15,0.337
1760,16,0.393
1760,17,0.433
1760,18,0.48
1760,19,0.499
1760,20,0.532
1760,21,0.558
1760,22,0.564
1760,23,0.613
1760,24,0.646
1760,25,0.697
1760,26,0.759
1760,27,0.809
1760,28,0.825
1760,29,0.834
1760,30,0.838
1760,31,0.843
1760,32,0.849
1760,33,0.852
1760,34,0.859
1760,35,0.862
1760,36,0.864
1760,37,0.869
1760,38,0.87
1760,39,0.876
1760,40,0.877
1760,41,0.878
1760,42,0.878
1760,43,0.88
1760,44,0.88
1760,45,0.881
1760,46,0.884
1760,47,0.885
1760,48,0.888
1760,49,0.891
1760,50,0.893
1760,51,0.894
1760,52,0.894
1761,1,0.0
1761,2,0.005
1761,3,0.02
1761,4,0.035
1761,5,0.035
1761,6,0.037
1761,7,0.05
1761,8,0.056
1761,9,0.081
1761,10,0.106
1761,11,0.117
1761,12,0.136
1761,13,0.185
1761,14,0.221
1761,15,0.284
1761,16,0.333
1761,17,0.388
1761,18,0.434
1761,19,0.462
1761,20,0.479
1761,21,0.491
1761,22,0.501
1761,23,0.539
1761,24,0.57
1761,25,0.656
1761,26,0.75
1761,27,0.841
1761,28,0.877
1761,29,0.897
1761,30,0.903
1761,31,0.904
1761,32,0.912
1761,33,0.918
1761,34,0.922
1761,35,0.925
1761,36,0.929
1761,37,0.931
1761,38,0.933
1761,39,0.935
1761,40,0.935
1761,41,0.935
1761,42,0.935
1761,43,0.936
1761,44,0.937
1761,45,0.937
1761,46,0.938
1761,47,0.939
1761,48,0.941
1761,49,0.942
1761,50,0.944
1761,51,0.944
1761,52,0.945
1762,1,0.0
1762,2,0.006
1762,3,0.017
1762,4,0.062
1762,5,0.075
1762,6,0.08
1762,7,0.092
1762,8,0.099
1762,9,0.125
1762,10,0.157
1762,11,0.18
1762,12,0.193
1762,13,0.253
1762,14,0.271
1762,15,0.333
1762,16,0.369
1762,17,0.421
1762,18,0.468
1762,19,0.478
1762,20,0.498
1762,21,0.514
1762,22,0.533
1762,23,0.553
1762,24,0.579
1762,25,0.643
1762,26,0.691
1762,27,0.758
1762,28,0.774
1762,29,0.786
1762,30,0.789
1762,31,0.797
1762,32,0.801
1762,33,0.806
1762,34,0.81
1762,35,0.825
1762,36,0.829
1762,37,0.829
1762,38,0.841
1762,39,0.843
1762,40,0.843
1762,41,0.845
1762,42,0.846
1762,43,0.846
1762,44,0.846
1762,45,0.847
1762,46,0.847
1762,47,0.85
1762,48,0.854
1762,49,0.855
1762,50,0.857
1762,51,0.859
1762,52,0.859
1763,1,0.0
1763,2,0.002
1763,3,0.022
1763,4,0.036
1763,5,0.036
1763,6,0.038
1763,7,0.06
1763,8,0.073
1763,9,0.087
1763,10,0.117
1763,11,0.129
1763,12,0.152
1763,13,0.201
1763,14,0.241
1763,15,0.308
1763,16,0.35
1763,17,0.408
1763,18,0.451
1763,19,0.48
1763,20,0.501
1763,21,0.515
1763,22,0.523
1763,23,0.557
1763,24,0.573
1763,25,0.634
1763,26,0.707
1763,27,0.79
1763,28,0.829
1763,29,0.852
1763,30,0.858
1763,31,0.86
1763,32,0.865
1763,33,0.875
1763,34,0.881
1763,35,0.886
1763,36,0.89
1763,37,0.892
1763,38,0.896
1763,39,0.9
1763,40,0.901
1763,41,0.901
1763,42,0.903
1763,43,0.904
1763,44,0.905
1763,45,0.906
1763,46,0.906
1763,47,0.907
1763,48,0.91
1763,49,0.91
1763,50,0.912
1763,51,0.914
1763,52,0.915
1764,1,0.0
1764,2,0.015
1764,3,0.028
1764,4,0.044
1764,5,0.045
1764,6,0.062
1764,7,0.067
1764,8,0.075
1764,9,0.092
1764,10,0.114
1764,11,0.125
1764,12,0.146
1764,13,0.191
1764,14,0.236
1764,15,0.3
1764,16,0.344
1764,17,0.392
1764,18,0.434
1764,19,0.465
1764,20,0.483
1764,21,0.501
1764,22,0.514
1764,23,0.545
1764,24,0.564
1764,25,0.625
1764,26,0.694
1764,27,0.768
1764,28,0.801
1764,29,0.825
1764,30,0.832
1764,31,0.834
1764,32,0.84
1764,33,0.846
1764,34,0.85
1764,35,0.854
1764,36,0.857
1764,37,0.86
1764,38,0.863
1764,39,0.868
1764,40,0.876
1764,41,0.876
1764,42,0.877
1764,43,0.879
1764,44,0.879
1764,45,0.88
1764,46,0.88
1764,47,0.882
1764,48,0.883
1764,49,0.885
1764,50,0.887
1764,51,0.889
1764,52,0.889
1765,1,0.0
1765,2,0.008
1765,3,0.008
1765,4,0.023
1765,5,0.032
1765,6,0.037
1765,7,0.058
1765,8,0.066
1765,9,0.075
1765,10,0.101
1765,11,0.108
1765,12,0.133
1765,13,0.165
1765,14,0.191
1765,15,0.228
1765,16,0.296
1765,17,0.349
1765,18,0.381
1765,19,0.446
1765,20,0.45
1765,21,0.47
1765,22,0.489
1765,23,0.503
1765,24,0.542
1765,25,0.595
1765,26,0.686
1765,27,0.772
1765,28,0.783
1765,29,0.796
1765,30,0.798
1765,31,0.803
1765,32,0.811
1765,33,0.818
1765,34,0.827
1765,35,0.83
1765,36,0.834
1765,37,0.837
1765,38,0.837
1765,39,0.843
1765,40,0.843
1765,41,0.843
1765,42,0.846
1765,43,0.848
1765,44,0.848
1765,45,0.849
1765,46,0.85
1765,47,0.851
1765,48,0.852
1765,49,0.855
1765,50,0.856
1765,51,0.857
1765,52,0.857
1766,1,0.0
1766,2,0.007
1766,3,0.014
1766,4,0.031
1766,5,0.035
1766,6,0.047
1766,7,0.068
1766,8,0.082
1766,9,0.095
1766,10,0.13
1766,11,0.151
1766,12,0.176
1766,13,0.223
1766,14,0.246
1766,15,0.322
1766,16,0.361
1766,17,0.421
1766,18,0.468
1766,19,0.487
1766,20,0.505
1766,21,0.527
1766,22,0.549
1766,23,0.568
1766,24,0.6
1766,25,0.654
1766,26,0.72
1766,27,0.819
1766,28,0.841
1766,29,0.849
1766,30,0.854
1766,31,0.858
1766,32,0.862
1766,33,0.871
1766,34,0.876
1766,35,0.878
1766,36,0.88
1766,37,0.881
1766,38,0.881
1766,39,0.886
1766,40,0.887
1766,41,0.887
1766,42,0.887
1766,43,0.888
1766,44,0.89
1766,45,0.891
1766,46,0.892
1766,47,0.894
1766,48,0.895
1766,49,0.898
1766,50,0.9
1766,51,0.901
1766,52,0.901
1780,1,0.004
1780,2,0.007
1780,3,0.011
1780,4,0.02
1780,5,0.023
1780,6,0.028
1780,7,0.035
1780,8,0.045
1780,9,0.065
1780,10,0.089
1780,11,0.099
1780,12,0.117
1780,13,0.16
1780,14,0.196
1780,15,0.249
1780,16,0.297
1780,17,0.346
1780,18,0.389
1780,19,0.413
1780,20,0.432
1780,21,0.442
1780,22,0.453
1780,23,0.487
1780,24,0.509
1780,25,0.57
1780,26,0.643
1780,27,0.752
1780,28,0.808
1780,29,0.838
1780,30,0.848
1780,31,0.85
1780,32,0.857
1780,33,0.867
1780,34,0.873
1780,35,0.878
1780,36,0.883
1780,37,0.886
1780,38,0.889
1780,39,0.892
1780,40,0.892
1780,41,0.893
1780,42,0.894
1780,43,0.895
1780,44,0.896
1780,45,0.897
1780,46,0.897
1780,47,0.899
1780,48,0.901
1780,49,0.903
1780,50,0.905
1780,51,0.908
1780,52,0.908
1781,1,0.005
1781,2,0.009
1781,3,0.016
1781,4,0.025
1781,5,0.042
1781,6,0.058
1781,7,0.076
1781,8,0.082
1781,9,0.093
1781,10,0.128
1781,11,0.151
1781,12,0.178
1781,13,0.229
1781,14,0.265
1781,15,0.341
1781,16,0.397
1781,17,0.426
1781,18,0.468
1781,19,0.481
1781,20,0.503
1781,21,0.532
1781,22,0.535
1781,23,0.584
1781,24,0.617
1781,25,0.68
1781,26,0.746
1781,27,0.815
1781,28,0.836
1781,29,0.843
1781,30,0.849
1781,31,0.853
1781,32,0.861
1781,33,0.865
1781,34,0.871
1781,35,0.876
1781,36,0.882
1781,37,0.885
1781,38,0.887
1781,39,0.89
1781,40,0.89
1781,41,0.891
1781,42,0.893
1781,43,0.893
1781,44,0.894
1781,45,0.895
1781,46,0.896
1781,47,0.898
1781,48,0.899
1781,49,0.901
1781,50,0.903
1781,51,0.904
1781,52,0.904
1782,1,0.0
1782,2,0.001
1782,3,0.011
1782,4,0.045
1782,5,0.075
1782,6,0.088
1782,7,0.092
1782,8,0.099
1782,9,0.105
1782,10,0.117
1782,11,0.154
1782,12,0.168
1782,13,0.211
1782,14,0.235
1782,15,0.294
1782,16,0.337
1782,17,0.386
1782,18,0.419
1782,19,0.449
1782,20,0.478
1782,21,0.487
1782,22,0.503
1782,23,0.523
1782,24,0.587
1782,25,0.636
1782,26,0.701
1782,27,0.781
1782,28,0.794
1782,29,0.8
1782,30,0.809
1782,31,0.811
1782,32,0.823
1782,33,0.829
1782,34,0.838
1782,35,0.843
1782,36,0.852
1782,37,0.856
1782,38,0.856
1782,39,0.864
1782,40,0.864
1782,41,0.865
1782,42,0.868
1782,43,0.87
1782,44,0.871
1782,45,0.872
1782,46,0.873
1782,47,0.874
1782,48,0.875
1782,49,0.876
1782,50,0.879
1782,51,0.881
1782,52,0.881
1783,1,0.004
1783,2,0.014
1783,3,0.036
1783,4,0.08
1783,5,0.089
1783,6,0.095
1783,7,0.107
1783,8,0.116
1783,9,0.137
1783,10,0.159
1783,11,0.188
1783,12,0.202
1783,13,0.277
1783,14,0.291
1783,15,0.367
1783,16,0.411
1783,17,0.467
1783,18,0.507
1783,19,0.511
1783,20,0.537
1783,21,0.554
1783,22,0.576
1783,23,0.596
1783,24,0.618
1783,25,0.679
1783,26,0.739
1783,27,0.797
1783,28,0.809
1783,29,0.815
1783,30,0.817
1783,31,0.822
1783,32,0.831
1783,33,0.834
1783,34,0.839
1783,35,0.845
1783,36,0.848
1783,37,0.849
1783,38,0.856
1783,39,0.858
1783,40,0.859
1783,41,0.859
1783,42,0.859
1783,43,0.861
1783,44,0.862
1783,45,0.863
1783,46,0.864
1783,47,0.865
1783,48,0.867
1783,49,0.87
1783,50,0.871
1783,51,0.871
1783,52,0.871
1784,1,0.0
1784,2,0.005
1784,3,0.01
1784,4,0.044
1784,5,0.05
1784,6,0.051
1784,7,0.051
1784,8,0.072
1784,9,0.102
1784,10,0.128
1784,11,0.147
1784,12,0.161
1784,13,0.205
1784,14,0.26
1784,15,0.31
1784,16,0.377
1784,17,0.412
1784,18,0.45
1784,19,0.493
1784,20,0.501
1784,21,0.515
1784,22,0.522
1784,23,0.574
1784,24,0.603
1784,25,0.671
1784,26,0.756
1784,27,0.839
1784,28,0.852
1784,29,0.858
1784,30,0.863
1784,31,0.866
1784,32,0.873
1784,33,0.88
1784,34,0.885
1784,35,0.888
1784,36,0.891
1784,37,0.896
1784,38,0.897
1784,39,0.899
1784,40,0.899
1784,41,0.9
1784,42,0.901
1784,43,0.901
1784,44,0.902
1784,45,0.903
1784,46,0.903
1784,47,0.905
1784,48,0.905
1784,49,0.906
1784,50,0.908
1784,51,0.909
1784,52,0.909
1785,1,0.0
1785,2,0.001
1785,3,0.006
1785,4,0.027
1785,5,0.035
1785,6,0.042
1785,7,0.051
1785,8,0.074
1785,9,0.103
1785,10,0.125
1785,11,0.137
1785,12,0.159
1785,13,0.199
1785,14,0.25
1785,15,0.304
1785,16,0.352
1785,17,0.394
1785,18,0.442
1785,19,0.471
1785,20,0.486
1785,21,0.507
1785,22,0.53
1785,23,0.558
1785,24,0.575
1785,25,0.64
1785,26,0.722
1785,27,0.781
1785,28,0.813
1785,29,0.823
1785,30,0.829
1785,31,0.831
1785,32,0.838
1785,33,0.842
1785,34,0.852
1785,35,0.856
1785,36,0.859
1785,37,0.864
1785,38,0.865
1785,39,0.87
1785,40,0.871
1785,41,0.871
1785,42,0.872
1785,43,0.874
1785,44,0.876
1785,45,0.877
1785,46,0.878
1785,47,0.879
1785,48,0.88
1785,49,0.881
1785,50,0.884
1785,51,0.886
1785,52,0.886
1814,1,0.004
1814,2,0.02
1814,3,0.034
1814,4,0.038
1814,5,0.04
1814,6,0.05
1814,7,0.06
1814,8,0.073
1814,9,0.094
1814,10,0.115
1814,11,0.126
1814,12,0.138
1814,13,0.173
1814,14,0.203
1814,15,0.245
1814,16,0.292
1814,17,0.326
1814,18,0.364
1814,19,0.401
1814,20,0.425
1814,21,0.459
1814,22,0.482
1814,23,0.528
1814,24,0.583
1814,25,0.635
1814,26,0.701
1814,27,0.752
1814,28,0.779
1814,29,0.789
1814,30,0.801
1814,31,0.809
1814,32,0.817
1814,33,0.828
1814,34,0.834
1814,35,0.838
1814,36,0.844
1814,37,0.847
1814,38,0.852
1814,39,0.856
1814,40,0.858
1814,41,0.859
1814,42,0.861
1814,43,0.862
1814,44,0.863
1814,45,0.864
1814,46,0.865
1814,47,0.868
1814,48,0.871
1814,49,0.874
1814,50,0.877
1814,51,0.879
1814,52,0.879
1860,1,0.004
1860,2,0.013
1860,3,0.029
1860,4,0.038
1860,5,0.039
1860,6,0.054
1860,7,0.058
1860,8,0.075
1860,9,0.097
1860,10,0.121
1860,11,0.137
1860,12,0.153
1860,13,0.188
1860,14,0.234
1860,15,0.293
1860,16,0.347
1860,17,0.387
1860,18,0.426
1860,19,0.476
1860,20,0.502
1860,21,0.542
1860,22,0.571
1860,23,0.611
1860,24,0.65
1860,25,0.688
1860,26,0.733
1860,27,0.768
1860,28,0.79
1860,29,0.796
1860,30,0.805
1860,31,0.811
1860,32,0.816
1860,33,0.823
1860,34,0.83
1860,35,0.835
1860,36,0.84
1860,37,0.845
1860,38,0.851
1860,39,0.855
1860,40,0.858
1860,41,0.861
1860,42,0.862
1860,43,0.862
1860,44,0.863
1860,45,0.863
1860,46,0.865
1860,47,0.866
1860,48,0.869
1860,49,0.873
1860,50,0.876
1860,51,0.879
1860,52,0.88
1861,1,0.005
1861,2,0.009
1861,3,0.026
1861,4,0.034
1861,5,0.038
1861,6,0.053
1861,7,0.058
1861,8,0.073
1861,9,0.095
1861,10,0.115
1861,11,0.128
1861,12,0.138
1861,13,0.17
1861,14,0.201
1861,15,0.246
1861,16,0.298
1861,17,0.337
1861,18,0.376
1861,19,0.422
1861,20,0.442
1861,21,0.484
1861,22,0.513
1861,23,0.55
1861,24,0.6
1861,25,0.641
1861,26,0.698
1861,27,0.745
1861,28,0.774
1861,29,0.781
1861,30,0.791
1861,31,0.802
1861,32,0.81
1861,33,0.817
1861,34,0.824
1861,35,0.83
1861,36,0.834
1861,37,0.839
1861,38,0.846
1861,39,0.849
1861,40,0.852
1861,41,0.853
1861,42,0.856
1861,43,0.857
1861,44,0.858
1861,45,0.858
1861,46,0.859
1861,47,0.862
1861,48,0.865
1861,49,0.867
1861,50,0.87
1861,51,0.871
1861,52,0.872
1862,1,0.0
1862,2,0.006
1862,3,0.033
1862,4,0.041
1862,5,0.042
1862,6,0.05
1862,7,0.063
1862,8,0.088
1862,9,0.109
1862,10,0.127
1862,11,0.143
1862,12,0.157
1862,13,0.201
1862,14,0.246
1862,15,0.293
1862,16,0.364
1862,17,0.387
1862,18,0.433
1862,19,0.485
1862,20,0.514
1862,21,0.548
1862,22,0.552
1862,23,0.613
1862,24,0.657
1862,25,0.692
1862,26,0.736
1862,27,0.774
1862,28,0.795
1862,29,0.806
1862,30,0.814
1862,31,0.819
1862,32,0.824
1862,33,0.83
1862,34,0.837
1862,35,0.842
1862,36,0.845
1862,37,0.851
1862,38,0.857
1862,39,0.859
1862,40,0.861
1862,41,0.862
1862,42,0.864
1862,43,0.865
1862,44,0.866
1862,45,0.867
1862,46,0.869
1862,47,0.871
1862,48,0.873
1862,49,0.875
1862,50,0.878
1862,51,0.879
1862,52,0.881
1863,1,0.008
1863,2,0.016
1863,3,0.024
1863,4,0.031
1863,5,0.035
1863,6,0.043
1863,7,0.048
1863,8,0.068
1863,9,0.084
1863,10,0.103
1863,11,0.128
1863,12,0.146
1863,13,0.189
1863,14,0.217
1863,15,0.263
1863,16,0.317
1863,17,0.347
1863,18,0.386
1863,19,0.432
1863,20,0.462
1863,21,0.49
1863,22,0.504
1863,23,0.555
1863,24,0.591
1863,25,0.624
1863,26,0.662
1863,27,0.706
1863,28,0.736
1863,29,0.751
1863,30,0.762
1863,31,0.773
1863,32,0.781
1863,33,0.788
1863,34,0.796
1863,35,0.814
1863,36,0.819
1863,37,0.824
1863,38,0.833
1863,39,0.837
1863,40,0.856
1863,41,0.858
1863,42,0.858
1863,43,0.858
1863,44,0.861
1863,45,0.862
1863,46,0.863
1863,47,0.865
1863,48,0.867
1863,49,0.869
1863,50,0.871
1863,51,0.872
1863,52,0.873
1864,1,0.009
1864,2,0.024
1864,3,0.047
1864,4,0.049
1864,5,0.057
1864,6,0.064
1864,7,0.065
1864,8,0.087
1864,9,0.1
1864,10,0.113
1864,11,0.134
1864,12,0.153
1864,13,0.19
1864,14,0.21
1864,15,0.258
1864,16,0.322
1864,17,0.373
1864,18,0.417
1864,19,0.453
1864,20,0.485
1864,21,0.514
1864,22,0.526
1864,23,0.577
1864,24,0.604
1864,25,0.629
1864,26,0.667
1864,27,0.7
1864,28,0.72
1864,29,0.735
1864,30,0.743
1864,31,0.748
1864,32,0.753
1864,33,0.762
1864,34,0.774
1864,35,0.776
1864,36,0.78
1864,37,0.784
1864,38,0.786
1864,39,0.804
1864,40,0.804
1864,41,0.804
1864,42,0.805
1864,43,0.807
1864,44,0.808
1864,45,0.808
1864,46,0.811
1864,47,0.812
1864,48,0.813
1864,49,0.818
1864,50,0.819
1864,51,0.822
1864,52,0.823
1880,1,0.008
1880,2,0.016
1880,3,0.027
1880,4,0.032
1880,5,0.035
1880,6,0.041
1880,7,0.051
1880,8,0.066
1880,9,0.09
1880,10,0.108
1880,11,0.12
1880,12,0.132
1880,13,0.162
1880,14,0.188
1880,15,0.216
1880,16,0.254
1880,17,0.287
1880,18,0.33
1880,19,0.358
1880,20,0.39
1880,21,0.425
1880,22,0.449
1880,23,0.494
1880,24,0.538
1880,25,0.576
1880,26,0.641
1880,27,0.715
1880,28,0.748
1880,29,0.763
1880,30,0.774
1880,31,0.783
1880,32,0.791
1880,33,0.799
1880,34,0.807
1880,35,0.814
1880,36,0.821
1880,37,0.827
1880,38,0.832
1880,39,0.836
1880,40,0.839
1880,41,0.841
1880,42,0.843
1880,43,0.844
1880,44,0.846
1880,45,0.846
1880,46,0.848
1880,47,0.851
1880,48,0.856
1880,49,0.859
1880,50,0.862
1880,51,0.864
1880,52,0.865
1881,1,0.002
1881,2,0.007
1881,3,0.02
1881,4,0.026
1881,5,0.029
1881,6,0.042
1881,7,0.047
1881,8,0.062
1881,9,0.084
1881,10,0.107
1881,11,0.121
1881,12,0.133
1881,13,0.163
1881,14,0.194
1881,15,0.234
1881,16,0.276
1881,17,0.312
1881,18,0.348
1881,19,0.39
1881,20,0.416
1881,21,0.456
1881,22,0.488
1881,23,0.532
1881,24,0.594
1881,25,0.638
1881,26,0.704
1881,27,0.762
1881,28,0.79
1881,29,0.798
1881,30,0.808
1881,31,0.816
1881,32,0.824
1881,33,0.831
1881,34,0.837
1881,35,0.842
1881,36,0.848
1881,37,0.854
1881,38,0.859
1881,39,0.862
1881,40,0.865
1881,41,0.867
1881,42,0.869
1881,43,0.869
1881,44,0.87
1881,45,0.871
1881,46,0.871
1881,47,0.874
1881,48,0.878
1881,49,0.881
1881,50,0.883
1881,51,0.886
1881,52,0.887
1882,1,0.006
1882,2,0.015
1882,3,0.03
1882,4,0.034
1882,5,0.036
1882,6,0.052
1882,7,0.056
1882,8,0.073
1882,9,0.092
1882,10,0.116
1882,11,0.132
1882,12,0.15
1882,13,0.185
1882,14,0.224
1882,15,0.277
1882,16,0.337
1882,17,0.386
1882,18,0.425
1882,19,0.467
1882,20,0.488
1882,21,0.533
1882,22,0.559
1882,23,0.592
1882,24,0.637
1882,25,0.67
1882,26,0.72
1882,27,0.766
1882,28,0.788
1882,29,0.794
1882,30,0.802
1882,31,0.809
1882,32,0.814
1882,33,0.824
1882,34,0.83
1882,35,0.834
1882,36,0.84
1882,37,0.844
1882,38,0.851
1882,39,0.854
1882,40,0.856
1882,41,0.858
1882,42,0.859
1882,43,0.86
1882,44,0.861
1882,45,0.861
1882,46,0.862
1882,47,0.864
1882,48,0.867
1882,49,0.87
1882,50,0.872
1882,51,0.873
1882,52,0.873
1883,1,0.003
1883,2,0.008
1883,3,0.028
1883,4,0.036
1883,5,0.038
1883,6,0.05
1883,7,0.064
1883,8,0.095
1883,9,0.116
1883,10,0.133
1883,11,0.146
1883,12,0.159
1883,13,0.196
1883,14,0.239
1883,15,0.284
1883,16,0.346
1883,17,0.368
1883,18,0.406
1883,19,0.458
1883,20,0.494
1883,21,0.53
1883,22,0.537
1883,23,0.605
1883,24,0.647
1883,25,0.688
1883,26,0.749
1883,27,0.8
1883,28,0.821
1883,29,0.83
1883,30,0.839
1883,31,0.845
1883,32,0.851
1883,33,0.857
1883,34,0.864
1883,35,0.868
1883,36,0.874
1883,37,0.878
1883,38,0.882
1883,39,0.884
1883,40,0.887
1883,41,0.888
1883,42,0.89
1883,43,0.891
1883,44,0.892
1883,45,0.893
1883,46,0.894
1883,47,0.898
1883,48,0.901
1883,49,0.904
1883,50,0.906
1883,51,0.907
1883,52,0.908
1884,1,0.005
1884,2,0.012
1884,3,0.034
1884,4,0.054
1884,5,0.062
1884,6,0.084
1884,7,0.093
1884,8,0.111
1884,9,0.126
1884,10,0.142
1884,11,0.167
1884,12,0.181
1884,13,0.223
1884,14,0.254
1884,15,0.302
1884,16,0.36
1884,17,0.401
1884,18,0.442
1884,19,0.469
1884,20,0.505
1884,21,0.531
1884,22,0.552
1884,23,0.615
1884,24,0.649
1884,25,0.678
1884,26,0.727
1884,27,0.771
1884,28,0.791
1884,29,0.801
1884,30,0.81
1884,31,0.819
1884,32,0.824
1884,33,0.833
1884,34,0.84
1884,35,0.845
1884,36,0.851
1884,37,0.855
1884,38,0.859
1884,39,0.864
1884,40,0.866
1884,41,0.868
1884,42,0.869
1884,43,0.87
1884,44,0.872
1884,45,0.872
1884,46,0.874
1884,47,0.877
1884,48,0.88
1884,49,0.883
1884,50,0.885
1884,51,0.887
1884,52,0.888
1885,1,0.003
1885,2,0.009
1885,3,0.029
1885,4,0.037
1885,5,0.045
1885,6,0.061
1885,7,0.065
1885,8,0.088
1885,9,0.109
1885,10,0.127
1885,11,0.15
1885,12,0.162
1885,13,0.206
1885,14,0.232
1885,15,0.271
1885,16,0.325
1885,17,0.372
1885,18,0.414
1885,19,0.441
1885,20,0.479
1885,21,0.506
1885,22,0.526
1885,23,0.588
1885,24,0.623
1885,25,0.657
1885,26,0.71
1885,27,0.754
1885,28,0.774
1885,29,0.784
1885,30,0.791
1885,31,0.797
1885,32,0.803
1885,33,0.811
1885,34,0.818
1885,35,0.823
1885,36,0.829
1885,37,0.834
1885,38,0.839
1885,39,0.843
1885,40,0.845
1885,41,0.846
1885,42,0.848
1885,43,0.849
1885,44,0.851
1885,45,0.852
1885,46,0.854
1885,47,0.856
1885,48,0.859
1885,49,0.862
1885,50,0.865
1885,51,0.867
1885,52,0.869
1904,1,0.011
1904,2,0.019
1904,3,0.039
1904,4,0.051
1904,5,0.052
1904,6,0.059
1904,7,0.071
1904,8,0.085
1904,9,0.101
1904,10,0.119
1904,11,0.138
1904,12,0.156
1904,13,0.204
1904,14,0.208
1904,15,0.283
1904,16,0.373
1904,17,0.427
1904,18,0.496
1904,19,0.544
1904,20,0.562
1904,21,0.57
1904,22,0.589
1904,23,0.61
1904,24,0.637
1904,25,0.66
1904,26,0.687
1904,27,0.729
1904,28,0.756
1904,29,0.771
1904,30,0.782
1904,31,0.788
1904,32,0.792
1904,33,0.803
1904,34,0.809
1904,35,0.811
1904,36,0.817
1904,37,0.82
1904,38,0.824
1904,39,0.826
1904,40,0.829
1904,41,0.83
1904,42,0.831
1904,43,0.831
1904,44,0.833
1904,45,0.834
1904,46,0.836
1904,47,0.837
1904,48,0.84
1904,49,0.843
1904,50,0.848
1904,51,0.851
1904,52,0.851
1907,1,0.0
1907,2,0.015
1907,3,0.045
1907,4,0.051
1907,5,0.053
1907,6,0.059
1907,7,0.068
1907,8,0.085
1907,9,0.106
1907,10,0.124
1907,11,0.142
1907,12,0.151
1907,13,0.173
1907,14,0.189
1907,15,0.241
1907,16,0.308
1907,17,0.376
1907,18,0.422
1907,19,0.466
1907,20,0.493
1907,21,0.503
1907,22,0.521
1907,23,0.543
1907,24,0.571
1907,25,0.607
1907,26,0.647
1907,27,0.689
1907,28,0.739
1907,29,0.762
1907,30,0.775
1907,31,0.784
1907,32,0.788
1907,33,0.795
1907,34,0.802
1907,35,0.81
1907,36,0.816
1907,37,0.821
1907,38,0.826
1907,39,0.83
1907,40,0.833
1907,41,0.835
1907,42,0.835
1907,43,0.837
1907,44,0.838
1907,45,0.839
1907,46,0.841
1907,47,0.843
1907,48,0.846
1907,49,0.85
1907,50,0.853
1907,51,0.855
1907,52,0.856
1960,1,0.002
1960,2,0.017
1960,3,0.039
1960,4,0.048
1960,5,0.05
1960,6,0.053
1960,7,0.069
1960,8,0.089
1960,9,0.112
1960,10,0.133
1960,11,0.149
1960,12,0.166
1960,13,0.221
1960,14,0.224
1960,15,0.28
1960,16,0.362
1960,17,0.408
1960,18,0.468
1960,19,0.509
1960,20,0.523
1960,21,0.53
1960,22,0.547
1960,23,0.565
1960,24,0.595
1960,25,0.633
1960,26,0.697
1960,27,0.741
1960,28,0.772
1960,29,0.779
1960,30,0.796
1960,31,0.804
1960,32,0.812
1960,33,0.817
1960,34,0.823
1960,35,0.829
1960,36,0.832
1960,37,0.837
1960,38,0.842
1960,39,0.845
1960,40,0.848
1960,41,0.849
1960,42,0.853
1960,43,0.854
1960,44,0.854
1960,45,0.856
1960,46,0.858
1960,47,0.86
1960,48,0.864
1960,49,0.866
1960,50,0.869
1960,51,0.871
1960,52,0.873
1961,1,0.0
1961,2,0.019
1961,3,0.034
1961,4,0.041
1961,5,0.041
1961,6,0.045
1961,7,0.054
1961,8,0.071
1961,9,0.093
1961,10,0.114
1961,11,0.136
1961,12,0.151
1961,13,0.173
1961,14,0.189
1961,15,0.247
1961,16,0.311
1961,17,0.366
1961,18,0.409
1961,19,0.452
1961,20,0.487
1961,21,0.495
1961,22,0.511
1961,23,0.535
1961,24,0.564
1961,25,0.593
1961,26,0.625
1961,27,0.685
1961,28,0.737
1961,29,0.763
1961,30,0.775
1961,31,0.785
1961,32,0.792
1961,33,0.8
1961,34,0.805
1961,35,0.811
1961,36,0.818
1961,37,0.822
1961,38,0.824
1961,39,0.829
1961,40,0.834
1961,41,0.836
1961,42,0.838
1961,43,0.839
1961,44,0.84
1961,45,0.841
1961,46,0.842
1961,47,0.844
1961,48,0.847
1961,49,0.852
1961,50,0.855
1961,51,0.858
1961,52,0.859
1962,1,0.012
1962,2,0.021
1962,3,0.062
1962,4,0.066
1962,5,0.068
1962,6,0.074
1962,7,0.075
1962,8,0.095
1962,9,0.114
1962,10,0.134
1962,11,0.149
1962,12,0.169
1962,13,0.196
1962,14,0.221
1962,15,0.294
1962,16,0.374
1962,17,0.434
1962,18,0.49
1962,19,0.516
1962,20,0.528
1962,21,0.538
1962,22,0.565
1962,23,0.583
1962,24,0.616
1962,25,0.645
1962,26,0.686
1962,27,0.752
1962,28,0.767
1962,29,0.783
1962,30,0.792
1962,31,0.796
1962,32,0.806
1962,33,0.813
1962,34,0.822
1962,35,0.827
1962,36,0.835
1962,37,0.84
1962,38,0.844
1962,39,0.848
1962,40,0.851
1962,41,0.855
1962,42,0.856
1962,43,0.857
1962,44,0.86
1962,45,0.86
1962,46,0.861
1962,47,0.862
1962,48,0.865
1962,49,0.868
1962,50,0.871
1962,51,0.873
1962,52,0.873
1980,1,0.001
1980,2,0.016
1980,3,0.027
1980,4,0.033
1980,5,0.035
1980,6,0.037
1980,7,0.046
1980,8,0.06
1980,9,0.081
1980,10,0.104
1980,11,0.123
1980,12,0.135
1980,13,0.155
1980,14,0.164
1980,15,0.215
1980,16,0.267
1980,17,0.32
1980,18,0.367
1980,19,0.395
1980,20,0.438
1980,21,0.452
1980,22,0.477
1980,23,0.495
1980,24,0.527
1980,25,0.562
1980,26,0.608
1980,27,0.676
1980,28,0.73
1980,29,0.751
1980,30,0.763
1980,31,0.772
1980,32,0.78
1980,33,0.79
1980,34,0.797
1980,35,0.803
1980,36,0.809
1980,37,0.814
1980,38,0.819
1980,39,0.823
1980,40,0.826
1980,41,0.828
1980,42,0.83
1980,43,0.832
1980,44,0.834
1980,45,0.835
1980,46,0.837
1980,47,0.84
1980,48,0.843
1980,49,0.847
1980,50,0.851
1980,51,0.855
1980,52,0.856
1981,1,0.0
1981,2,0.014
1981,3,0.031
1981,4,0.041
1981,5,0.042
1981,6,0.045
1981,7,0.06
1981,8,0.075
1981,9,0.094
1981,10,0.113
1981,11,0.134
1981,12,0.153
1981,13,0.196
1981,14,0.209
1981,15,0.283
1981,16,0.351
1981,17,0.403
1981,18,0.45
1981,19,0.478
1981,20,0.514
1981,21,0.519
1981,22,0.546
1981,23,0.559
1981,24,0.585
1981,25,0.618
1981,26,0.657
1981,27,0.717
1981,28,0.738
1981,29,0.78
1981,30,0.793
1981,31,0.807
1981,32,0.816
1981,33,0.819
1981,34,0.83
1981,35,0.833
1981,36,0.839
1981,37,0.844
1981,38,0.848
1981,39,0.855
1981,40,0.857
1981,41,0.859
1981,42,0.861
1981,43,0.862
1981,44,0.864
1981,45,0.864
1981,46,0.865
1981,47,0.866
1981,48,0.868
1981,49,0.87
1981,50,0.874
1981,51,0.876
1981,52,0.877
1982,1,0.015
1982,2,0.026
1982,3,0.04
1982,4,0.044
1982,5,0.047
1982,6,0.052
1982,7,0.064
1982,8,0.08
1982,9,0.103
1982,10,0.117
1982,11,0.134
1982,12,0.149
1982,13,0.179
1982,14,0.2
1982,15,0.259
1982,16,0.313
1982,17,0.362
1982,18,0.416
1982,19,0.45
1982,20,0.476
1982,21,0.489
1982,22,0.502
1982,23,0.522
1982,24,0.547
1982,25,0.587
1982,26,0.624
1982,27,0.681
1982,28,0.716
1982,29,0.737
1982,30,0.747
1982,31,0.754
1982,32,0.766
1982,33,0.774
1982,34,0.781
1982,35,0.785
1982,36,0.793
1982,37,0.801
1982,38,0.805
1982,39,0.81
1982,40,0.812
1982,41,0.814
1982,42,0.817
1982,43,0.82
1982,44,0.821
1982,45,0.822
1982,46,0.823
1982,47,0.825
1982,48,0.827
1982,49,0.83
1982,50,0.834
1982,51,0.837
1982,52,0.837
1983,1,0.002
1983,2,0.02
1983,3,0.036
1983,4,0.047
1983,5,0.049
1983,6,0.055
1983,7,0.067
1983,8,0.077
1983,9,0.098
1983,10,0.119
1983,11,0.137
1983,12,0.152
1983,13,0.18
1983,14,0.2
1983,15,0.256
1983,16,0.332
1983,17,0.385
1983,18,0.433
1983,19,0.467
1983,20,0.496
1983,21,0.501
1983,22,0.521
1983,23,0.54
1983,24,0.57
1983,25,0.594
1983,26,0.641
1983,27,0.709
1983,28,0.739
1983,29,0.757
1983,30,0.766
1983,31,0.776
1983,32,0.782
1983,33,0.79
1983,34,0.796
1983,35,0.803
1983,36,0.808
1983,37,0.815
1983,38,0.82
1983,39,0.824
1983,40,0.828
1983,41,0.831
1983,42,0.832
1983,43,0.834
1983,44,0.836
1983,45,0.837
1983,46,0.839
1983,47,0.841
1983,48,0.845
1983,49,0.848
1983,50,0.852
1983,51,0.854
1983,52,0.856
1984,1,0.0
1984,2,0.015
1984,3,0.032
1984,4,0.037
1984,5,0.039
1984,6,0.043
1984,7,0.057
1984,8,0.069
1984,9,0.093
1984,10,0.11
1984,11,0.131
1984,12,0.154
1984,13,0.206
1984,14,0.207
1984,15,0.289
1984,16,0.36
1984,17,0.412
1984,18,0.452
1984,19,0.488
1984,20,0.523
1984,21,0.529
1984,22,0.548
1984,23,0.569
1984,24,0.592
1984,25,0.634
1984,26,0.695
1984,27,0.75
1984,28,0.78
1984,29,0.786
1984,30,0.801
1984,31,0.813
1984,32,0.818
1984,33,0.824
1984,34,0.832
1984,35,0.837
1984,36,0.843
1984,37,0.847
1984,38,0.853
1984,39,0.854
1984,40,0.857
1984,41,0.859
1984,42,0.861
1984,43,0.862
1984,44,0.864
1984,45,0.865
1984,46,0.867
1984,47,0.871
1984,48,0.875
1984,49,0.878
1984,50,0.88
1984,51,0.881
1984,52,0.882
2021,1,0.008
2021,2,0.013
2021,3,0.031
2021,4,0.036
2021,5,0.036
2021,6,0.037
2021,7,0.044
2021,8,0.069
2021,9,0.079
2021,10,0.094
2021,11,0.108
2021,12,0.142
2021,13,0.164
2021,14,0.216
2021,15,0.282
2021,16,0.345
2021,17,0.369
2021,18,0.409
2021,19,0.437
2021,20,0.465
2021,21,0.481
2021,22,0.519
2021,23,0.587
2021,24,0.621
2021,25,0.673
2021,26,0.698
2021,27,0.729
2021,28,0.754
2021,29,0.777
2021,30,0.779
2021,31,0.792
2021,32,0.794
2021,33,0.807
2021,34,0.814
2021,35,0.82
2021,36,0.824
2021,37,0.825
2021,38,0.834
2021,39,0.84
2021,40,0.842
2021,41,0.842
2021,42,0.846
2021,43,0.848
2021,44,0.849
2021,45,0.85
2021,46,0.851
2021,47,0.853
2021,48,0.855
2021,49,0.857
2021,50,0.859
2021,51,0.86
2021,52,0.86
2023,1,0.01
2023,2,0.01
2023,3,0.023
2023,4,0.032
2023,5,0.033
2023,6,0.034
2023,7,0.041
2023,8,0.062
2023,9,0.08
2023,10,0.102
2023,11,0.12
2023,12,0.137
2023,13,0.169
2023,14,0.207
2023,15,0.288
2023,16,0.325
2023,17,0.377
2023,18,0.432
2023,19,0.452
2023,20,0.462
2023,21,0.488
2023,22,0.499
2023,23,0.523
2023,24,0.58
2023,25,0.635
2023,26,0.678
2023,27,0.716
2023,28,0.747
2023,29,0.766
2023,30,0.781
2023,31,0.793
2023,32,0.798
2023,33,0.807
2023,34,0.813
2023,35,0.821
2023,36,0.826
2023,37,0.83
2023,38,0.831
2023,39,0.838
2023,40,0.841
2023,41,0.842
2023,42,0.843
2023,43,0.845
2023,44,0.845
2023,45,0.846
2023,46,0.847
2023,47,0.849
2023,48,0.851
2023,49,0.854
2023,50,0.858
2023,51,0.859
2023,52,0.859
2026,1,0.009
2026,2,0.009
2026,3,0.034
2026,4,0.035
2026,5,0.036
2026,6,0.038
2026,7,0.042
2026,8,0.063
2026,9,0.079
2026,10,0.104
2026,11,0.121
2026,12,0.134
2026,13,0.189
2026,14,0.221
2026,15,0.312
2026,16,0.331
2026,17,0.372
2026,18,0.406
2026,19,0.46
2026,20,0.477
2026,21,0.519
2026,22,0.541
2026,23,0.58
2026,24,0.614
2026,25,0.654
2026,26,0.714
2026,27,0.753
2026,28,0.791
2026,29,0.822
2026,30,0.831
2026,31,0.836
2026,32,0.839
2026,33,0.845
2026,34,0.848
2026,35,0.864
2026,36,0.869
2026,37,0.875
2026,38,0.881
2026,39,0.885
2026,40,0.887
2026,41,0.887
2026,42,0.888
2026,43,0.888
2026,44,0.889
2026,45,0.89
2026,46,0.891
2026,47,0.895
2026,48,0.898
2026,49,0.9
2026,50,0.903
2026,51,0.905
2026,52,0.905
2029,1,0.009
2029,2,0.009
2029,3,0.032
2029,4,0.037
2029,5,0.038
2029,6,0.039
2029,7,0.053
2029,8,0.07
2029,9,0.079
2029,10,0.1
2029,11,0.128
2029,12,0.137
2029,13,0.197
2029,14,0.221
2029,15,0.296
2029,16,0.347
2029,17,0.386
2029,18,0.425
2029,19,0.443
2029,20,0.463
2029,21,0.482
2029,22,0.512
2029,23,0.564
2029,24,0.607
2029,25,0.674
2029,26,0.715
2029,27,0.77
2029,28,0.779
2029,29,0.826
2029,30,0.832
2029,31,0.84
2029,32,0.844
2029,33,0.848
2029,34,0.86
2029,35,0.87
2029,36,0.874
2029,37,0.876
2029,38,0.877
2029,39,0.885
2029,40,0.887
2029,41,0.887
2029,42,0.889
2029,43,0.889
2029,44,0.891
2029,45,0.891
2029,46,0.891
2029,47,0.892
2029,48,0.896
2029,49,0.898
2029,50,0.902
2029,51,0.903
2029,52,0.903
2031,1,0.008
2031,2,0.009
2031,3,0.038
2031,4,0.039
2031,5,0.039
2031,6,0.04
2031,7,0.043
2031,8,0.068
2031,9,0.086
2031,10,0.101
2031,11,0.117
2031,12,0.128
2031,13,0.169
2031,14,0.231
2031,15,0.314
2031,16,0.378
2031,17,0.429
2031,18,0.466
2031,19,0.487
2031,20,0.499
2031,21,0.522
2031,22,0.55
2031,23,0.578
2031,24,0.625
2031,25,0.675
2031,26,0.728
2031,27,0.741
2031,28,0.776
2031,29,0.795
2031,30,0.809
2031,31,0.811
2031,32,0.815
2031,33,0.818
2031,34,0.825
2031,35,0.832
2031,36,0.838
2031,37,0.845
2031,38,0.848
2031,39,0.859
2031,40,0.861
2031,41,0.861
2031,42,0.863
2031,43,0.863
2031,44,0.864
2031,45,0.864
2031,46,0.865
2031,47,0.866
2031,48,0.867
2031,49,0.87
2031,50,0.874
2031,51,0.875
2031,52,0.876
2034,1,0.01
2034,2,0.011
2034,3,0.041
2034,4,0.044
2034,5,0.044
2034,6,0.044
2034,7,0.05
2034,8,0.064
2034,9,0.079
2034,10,0.104
2034,11,0.112
2034,12,0.136
2034,13,0.201
2034,14,0.237
2034,15,0.325
2034,16,0.386
2034,17,0.428
2034,18,0.471
2034,19,0.491
2034,20,0.498
2034,21,0.523
2034,22,0.528
2034,23,0.553
2034,24,0.589
2034,25,0.624
2034,26,0.66
2034,27,0.688
2034,28,0.729
2034,29,0.762
2034,30,0.776
2034,31,0.783
2034,32,0.788
2034,33,0.789
2034,34,0.792
2034,35,0.802
2034,36,0.803
2034,37,0.813
2034,38,0.82
2034,39,0.834
2034,40,0.836
2034,41,0.837
2034,42,0.839
2034,43,0.839
2034,44,0.839
2034,45,0.839
2034,46,0.84
2034,47,0.843
2034,48,0.844
2034,49,0.845
2034,50,0.851
2034,51,0.855
2034,52,0.855
2039,1,0.012
2039,2,0.012
2039,3,0.036
2039,4,0.04
2039,5,0.041
2039,6,0.046
2039,7,0.052
2039,8,0.096
2039,9,0.103
2039,10,0.118
2039,11,0.141
2039,12,0.162
2039,13,0.203
2039,14,0.245
2039,15,0.342
2039,16,0.383
2039,17,0.422
2039,18,0.46
2039,19,0.476
2039,20,0.481
2039,21,0.5
2039,22,0.53
2039,23,0.582
2039,24,0.65
2039,25,0.704
2039,26,0.755
2039,27,0.767
2039,28,0.795
2039,29,0.801
2039,30,0.807
2039,31,0.81
2039,32,0.815
2039,33,0.818
2039,34,0.824
2039,35,0.833
2039,36,0.836
2039,37,0.841
2039,38,0.845
2039,39,0.846
2039,40,0.847
2039,41,0.853
2039,42,0.855
2039,43,0.855
2039,44,0.855
2039,45,0.856
2039,46,0.856
2039,47,0.857
2039,48,0.859
2039,49,0.862
2039,50,0.863
2039,51,0.865
2039,52,0.865
2061,1,0.009
2061,2,0.01
2061,3,0.032
2061,4,0.034
2061,5,0.035
2061,6,0.037
2061,7,0.042
2061,8,0.059
2061,9,0.075
2061,10,0.099
2061,11,0.116
2061,12,0.127
2061,13,0.177
2061,14,0.21
2061,15,0.271
2061,16,0.342
2061,17,0.403
2061,18,0.463
2061,19,0.485
2061,20,0.508
2061,21,0.544
2061,22,0.558
2061,23,0.593
2061,24,0.629
2061,25,0.662
2061,26,0.709
2061,27,0.761
2061,28,0.789
2061,29,0.811
2061,30,0.82
2061,31,0.826
2061,32,0.831
2061,33,0.836
2061,34,0.841
2061,35,0.845
2061,36,0.852
2061,37,0.855
2061,38,0.859
2061,39,0.864
2061,40,0.866
2061,41,0.867
2061,42,0.868
2061,43,0.87
2061,44,0.871
2061,45,0.871
2061,46,0.872
2061,47,0.874
2061,48,0.877
2061,49,0.879
2061,50,0.881
2061,51,0.884
2061,52,0.884
2062,1,0.006
2062,2,0.006
2062,3,0.034
2062,4,0.038
2062,5,0.04
2062,6,0.04
2062,7,0.047
2062,8,0.067
2062,9,0.084
2062,10,0.111
2062,11,0.122
2062,12,0.132
2062,13,0.179
2062,14,0.221
2062,15,0.32
2062,16,0.365
2062,17,0.412
2062,18,0.452
2062,19,0.475
2062,20,0.486
2062,21,0.505
2062,22,0.512
2062,23,0.538
2062,24,0.586
2062,25,0.641
2062,26,0.686
2062,27,0.721
2062,28,0.759
2062,29,0.792
2062,30,0.804
2062,31,0.811
2062,32,0.816
2062,33,0.818
2062,34,0.823
2062,35,0.828
2062,36,0.834
2062,37,0.839
2062,38,0.845
2062,39,0.848
2062,40,0.85
2062,41,0.851
2062,42,0.852
2062,43,0.853
2062,44,0.853
2062,45,0.853
2062,46,0.854
2062,47,0.856
2062,48,0.859
2062,49,0.861
2062,50,0.865
2062,51,0.869
2062,52,0.869
2080,1,0.006
2080,2,0.007
2080,3,0.028
2080,4,0.031
2080,5,0.032
2080,6,0.034
2080,7,0.041
2080,8,0.054
2080,9,0.062
2080,10,0.083
2080,11,0.102
2080,12,0.116
2080,13,0.149
2080,14,0.199
2080,15,0.264
2080,16,0.329
2080,17,0.379
2080,18,0.423
2080,19,0.449
2080,20,0.471
2080,21,0.493
2080,22,0.514
2080,23,0.537
2080,24,0.593
2080,25,0.65
2080,26,0.696
2080,27,0.751
2080,28,0.787
2080,29,0.829
2080,30,0.845
2080,31,0.851
2080,32,0.857
2080,33,0.861
2080,34,0.865
2080,35,0.868
2080,36,0.87
2080,37,0.879
2080,38,0.883
2080,39,0.886
2080,40,0.887
2080,41,0.889
2080,42,0.889
2080,43,0.891
2080,44,0.891
2080,45,0.892
2080,46,0.893
2080,47,0.894
2080,48,0.896
2080,49,0.899
2080,50,0.902
2080,51,0.904
2080,52,0.904
2081,1,0.006
2081,2,0.006
2081,3,0.026
2081,4,0.029
2081,5,0.029
2081,6,0.029
2081,7,0.034
2081,8,0.048
2081,9,0.055
2081,10,0.075
2081,11,0.104
2081,12,0.118
2081,13,0.141
2081,14,0.171
2081,15,0.232
2081,16,0.278
2081,17,0.319
2081,18,0.356
2081,19,0.399
2081,20,0.429
2081,21,0.454
2081,22,0.479
2081,23,0.502
2081,24,0.539
2081,25,0.59
2081,26,0.637
2081,27,0.693
2081,28,0.734
2081,29,0.769
2081,30,0.78
2081,31,0.786
2081,32,0.792
2081,33,0.794
2081,34,0.802
2081,35,0.808
2081,36,0.813
2081,37,0.825
2081,38,0.832
2081,39,0.837
2081,40,0.84
2081,41,0.843
2081,42,0.845
2081,43,0.845
2081,44,0.846
2081,45,0.847
2081,46,0.849
2081,47,0.851
2081,48,0.853
2081,49,0.857
2081,50,0.863
2081,51,0.866
2081,52,0.868
2082,1,0.008
2082,2,0.008
2082,3,0.021
2082,4,0.028
2082,5,0.029
2082,6,0.029
2082,7,0.037
2082,8,0.054
2082,9,0.062
2082,10,0.084
2082,11,0.104
2082,12,0.118
2082,13,0.151
2082,14,0.161
2082,15,0.246
2082,16,0.335
2082,17,0.386
2082,18,0.438
2082,19,0.464
2082,20,0.477
2082,21,0.518
2082,22,0.541
2082,23,0.595
2082,24,0.656
2082,25,0.712
2082,26,0.752
2082,27,0.797
2082,28,0.83
2082,29,0.842
2082,30,0.85
2082,31,0.855
2082,32,0.858
2082,33,0.86
2082,34,0.871
2082,35,0.875
2082,36,0.88
2082,37,0.885
2082,38,0.89
2082,39,0.891
2082,40,0.892
2082,41,0.893
2082,42,0.894
2082,43,0.895
2082,44,0.895
2082,45,0.896
2082,46,0.897
2082,47,0.899
2082,48,0.902
2082,49,0.904
2082,50,0.905
2082,51,0.907
2082,52,0.907
2083,1,0.004
2083,2,0.008
2083,3,0.026
2083,4,0.032
2083,5,0.033
2083,6,0.034
2083,7,0.045
2083,8,0.059
2083,9,0.074
2083,10,0.097
2083,11,0.13
2083,12,0.142
2083,13,0.194
2083,14,0.234
2083,15,0.302
2083,16,0.362
2083,17,0.405
2083,18,0.47
2083,19,0.495
2083,20,0.51
2083,21,0.539
2083,22,0.556
2083,23,0.615
2083,24,0.65
2083,25,0.688
2083,26,0.731
2083,27,0.768
2083,28,0.786
2083,29,0.804
2083,30,0.806
2083,31,0.808
2083,32,0.814
2083,33,0.816
2083,34,0.828
2083,35,0.836
2083,36,0.842
2083,37,0.849
2083,38,0.855
2083,39,0.856
2083,40,0.857
2083,41,0.861
2083,42,0.862
2083,43,0.863
2083,44,0.863
2083,45,0.864
2083,46,0.865
2083,47,0.868
2083,48,0.87
2083,49,0.873
2083,50,0.876
2083,51,0.878
2083,52,0.878
2084,1,0.007
2084,2,0.008
2084,3,0.03
2084,4,0.033
2084,5,0.033
2084,6,0.036
2084,7,0.044
2084,8,0.069
2084,9,0.084
2084,10,0.1
2084,11,0.119
2084,12,0.141
2084,13,0.182
2084,14,0.206
2084,15,0.28
2084,16,0.337
2084,17,0.374
2084,18,0.429
2084,19,0.459
2084,20,0.476
2084,21,0.51
2084,22,0.531
2084,23,0.541
2084,24,0.589
2084,25,0.63
2084,26,0.671
2084,27,0.713
2084,28,0.752
2084,29,0.783
2084,30,0.798
2084,31,0.802
2084,32,0.809
2084,33,0.811
2084,34,0.819
2084,35,0.825
2084,36,0.831
2084,37,0.836
2084,38,0.844
2084,39,0.85
2084,40,0.853
2084,41,0.854
2084,42,0.856
2084,43,0.857
2084,44,0.858
2084,45,0.859
2084,46,0.86
2084,47,0.862
2084,48,0.864
2084,49,0.868
2084,50,0.872
2084,51,0.875
2084,52,0.875
2085,1,0.008
2085,2,0.01
2085,3,0.032
2085,4,0.033
2085,5,0.033
2085,6,0.036
2085,7,0.047
2085,8,0.06
2085,9,0.073
2085,10,0.088
2085,11,0.106
2085,12,0.121
2085,13,0.16
2085,14,0.194
2085,15,0.25
2085,16,0.308
2085,17,0.343
2085,18,0.391
2085,19,0.417
2085,20,0.437
2085,21,0.47
2085,22,0.502
2085,23,0.511
2085,24,0.563
2085,25,0.608
2085,26,0.65
2085,27,0.699
2085,28,0.733
2085,29,0.767
2085,30,0.778
2085,31,0.785
2085,32,0.791
2085,33,0.792
2085,34,0.796
2085,35,0.801
2085,36,0.814
2085,37,0.821
2085,38,0.824
2085,39,0.828
2085,40,0.83
2085,41,0.832
2085,42,0.833
2085,43,0.835
2085,44,0.836
2085,45,0.837
2085,46,0.838
2085,47,0.84
2085,48,0.843
2085,49,0.846
2085,50,0.85
2085,51,0.852
2085,52,0.853
2101,1,0.01
2101,2,0.028
2101,3,0.035
2101,4,0.045
2101,5,0.052
2101,6,0.055
2101,7,0.064
2101,8,0.073
2101,9,0.089
2101,10,0.097
2101,11,0.1
2101,12,0.118
2101,13,0.173
2101,14,0.187
2101,15,0.27
2101,16,0.32
2101,17,0.365
2101,18,0.408
2101,19,0.476
2101,20,0.531
2101,21,0.549
2101,22,0.592
2101,23,0.612
2101,24,0.628
2101,25,0.661
2101,26,0.686
2101,27,0.716
2101,28,0.757
2101,29,0.767
2101,30,0.778
2101,31,0.788
2101,32,0.8
2101,33,0.802
2101,34,0.804
2101,35,0.807
2101,36,0.816
2101,37,0.825
2101,38,0.831
2101,39,0.835
2101,40,0.838
2101,41,0.839
2101,42,0.84
2101,43,0.842
2101,44,0.843
2101,45,0.845
2101,46,0.846
2101,47,0.85
2101,48,0.851
2101,49,0.854
2101,50,0.859
2101,51,0.86
2101,52,0.86
2104,1,0.01
2104,2,0.01
2104,3,0.037
2104,4,0.05
2104,5,0.059
2104,6,0.07
2104,7,0.077
2104,8,0.088
2104,9,0.1
2104,10,0.108
2104,11,0.127
2104,12,0.143
2104,13,0.174
2104,14,0.206
2104,15,0.251
2104,16,0.296
2104,17,0.362
2104,18,0.422
2104,19,0.475
2104,20,0.53
2104,21,0.542
2104,22,0.564
2104,23,0.6
2104,24,0.625
2104,25,0.661
2104,26,0.682
2104,27,0.713
2104,28,0.752
2104,29,0.767
2104,30,0.778
2104,31,0.788
2104,32,0.797
2104,33,0.809
2104,34,0.816
2104,35,0.822
2104,36,0.83
2104,37,0.836
2104,38,0.84
2104,39,0.845
2104,40,0.847
2104,41,0.85
2104,42,0.852
2104,43,0.854
2104,44,0.854
2104,45,0.855
2104,46,0.857
2104,47,0.859
2104,48,0.861
2104,49,0.866
2104,50,0.87
2104,51,0.872
2104,52,0.872
2121,1,0.004
2121,2,0.01
2121,3,0.023
2121,4,0.037
2121,5,0.053
2121,6,0.066
2121,7,0.073
2121,8,0.084
2121,9,0.099
2121,10,0.111
2121,11,0.135
2121,12,0.156
2121,13,0.195
2121,14,0.21
2121,15,0.282
2121,16,0.337
2121,17,0.415
2121,18,0.483
2121,19,0.544
2121,20,0.577
2121,21,0.581
2121,22,0.621
2121,23,0.633
2121,24,0.659
2121,25,0.708
2121,26,0.74
2121,27,0.781
2121,28,0.814
2121,29,0.825
2121,30,0.833
2121,31,0.84
2121,32,0.848
2121,33,0.853
2121,34,0.858
2121,35,0.862
2121,36,0.866
2121,37,0.869
2121,38,0.873
2121,39,0.875
2121,40,0.878
2121,41,0.879
2121,42,0.88
2121,43,0.881
2121,44,0.882
2121,45,0.883
2121,46,0.884
2121,47,0.887
2121,48,0.889
2121,49,0.893
2121,50,0.894
2121,51,0.896
2121,52,0.897
2132,1,0.004
2132,2,0.014
2132,3,0.026
2132,4,0.039
2132,5,0.054
2132,6,0.067
2132,7,0.078
2132,8,0.093
2132,9,0.107
2132,10,0.113
2132,11,0.131
2132,12,0.153
2132,13,0.182
2132,14,0.203
2132,15,0.241
2132,16,0.287
2132,17,0.341
2132,18,0.405
2132,19,0.458
2132,20,0.508
2132,21,0.533
2132,22,0.562
2132,23,0.582
2132,24,0.618
2132,25,0.643
2132,26,0.671
2132,27,0.702
2132,28,0.722
2132,29,0.737
2132,30,0.747
2132,31,0.756
2132,32,0.764
2132,33,0.771
2132,34,0.78
2132,35,0.786
2132,36,0.792
2132,37,0.799
2132,38,0.804
2132,39,0.806
2132,40,0.81
2132,41,0.812
2132,42,0.813
2132,43,0.816
2132,44,0.818
2132,45,0.818
2132,46,0.822
2132,47,0.825
2132,48,0.827
2132,49,0.831
2132,50,0.835
2132,51,0.836
2132,52,0.836
2161,1,0.004
2161,2,0.017
2161,3,0.027
2161,4,0.037
2161,5,0.046
2161,6,0.06
2161,7,0.076
2161,8,0.096
2161,9,0.112
2161,10,0.127
2161,11,0.137
2161,12,0.158
2161,13,0.2
2161,14,0.221
2161,15,0.278
2161,16,0.316
2161,17,0.399
2161,18,0.451
2161,19,0.484
2161,20,0.528
2161,21,0.557
2161,22,0.59
2161,23,0.601
2161,24,0.633
2161,25,0.678
2161,26,0.712
2161,27,0.747
2161,28,0.775
2161,29,0.786
2161,30,0.796
2161,31,0.806
2161,32,0.816
2161,33,0.822
2161,34,0.828
2161,35,0.833
2161,36,0.837
2161,37,0.843
2161,38,0.847
2161,39,0.85
2161,40,0.852
2161,41,0.854
2161,42,0.855
2161,43,0.857
2161,44,0.858
2161,45,0.859
2161,46,0.861
2161,47,0.863
2161,48,0.866
2161,49,0.869
2161,50,0.873
2161,51,0.874
2161,52,0.874
2180,1,0.005
2180,2,0.011
2180,3,0.014
2180,4,0.023
2180,5,0.032
2180,6,0.041
2180,7,0.051
2180,8,0.068
2180,9,0.088
2180,10,0.112
2180,11,0.131
2180,12,0.146
2180,13,0.174
2180,14,0.191
2180,15,0.233
2180,16,0.276
2180,17,0.323
2180,18,0.373
2180,19,0.417
2180,20,0.45
2180,21,0.471
2180,22,0.502
2180,23,0.533
2180,24,0.57
2180,25,0.625
2180,26,0.654
2180,27,0.697
2180,28,0.743
2180,29,0.773
2180,30,0.785
2180,31,0.793
2180,32,0.801
2180,33,0.811
2180,34,0.818
2180,35,0.823
2180,36,0.828
2180,37,0.834
2180,38,0.839
2180,39,0.842
2180,40,0.845
2180,41,0.846
2180,42,0.848
2180,43,0.85
2180,44,0.851
2180,45,0.852
2180,46,0.854
2180,47,0.857
2180,48,0.861
2180,49,0.865
2180,50,0.868
2180,51,0.871
2180,52,0.872
2181,1,0.002
2181,2,0.01
2181,3,0.018
2181,4,0.03
2181,5,0.037
2181,6,0.048
2181,7,0.057
2181,8,0.074
2181,9,0.087
2181,10,0.105
2181,11,0.121
2181,12,0.145
2181,13,0.179
2181,14,0.204
2181,15,0.261
2181,16,0.301
2181,17,0.341
2181,18,0.399
2181,19,0.449
2181,20,0.502
2181,21,0.515
2181,22,0.556
2181,23,0.584
2181,24,0.605
2181,25,0.657
2181,26,0.676
2181,27,0.718
2181,28,0.768
2181,29,0.783
2181,30,0.795
2181,31,0.806
2181,32,0.817
2181,33,0.824
2181,34,0.831
2181,35,0.834
2181,36,0.838
2181,37,0.843
2181,38,0.849
2181,39,0.853
2181,40,0.858
2181,41,0.862
2181,42,0.864
2181,43,0.865
2181,44,0.867
2181,45,0.867
2181,46,0.868
2181,47,0.871
2181,48,0.873
2181,49,0.876
2181,50,0.879
2181,51,0.882
2181,52,0.883
2182,1,0.006
2182,2,0.017
2182,3,0.025
2182,4,0.035
2182,5,0.05
2182,6,0.059
2182,7,0.075
2182,8,0.094
2182,9,0.107
2182,10,0.122
2182,11,0.135
2182,12,0.161
2182,13,0.197
2182,14,0.212
2182,15,0.273
2182,16,0.329
2182,17,0.403
2182,18,0.453
2182,19,0.516
2182,20,0.547
2182,21,0.565
2182,22,0.588
2182,23,0.618
2182,24,0.657
2182,25,0.689
2182,26,0.714
2182,27,0.758
2182,28,0.779
2182,29,0.791
2182,30,0.799
2182,31,0.805
2182,32,0.815
2182,33,0.821
2182,34,0.827
2182,35,0.834
2182,36,0.839
2182,37,0.843
2182,38,0.847
2182,39,0.85
2182,40,0.852
2182,41,0.854
2182,42,0.856
2182,43,0.858
2182,44,0.859
2182,45,0.86
2182,46,0.861
2182,47,0.864
2182,48,0.866
2182,49,0.869
2182,50,0.873
2182,51,0.876
2182,52,0.876
2183,1,0.006
2183,2,0.021
2183,3,0.029
2183,4,0.037
2183,5,0.048
2183,6,0.059
2183,7,0.069
2183,8,0.084
2183,9,0.097
2183,10,0.117
2183,11,0.132
2183,12,0.148
2183,13,0.194
2183,14,0.213
2183,15,0.286
2183,16,0.346
2183,17,0.404
2183,18,0.466
2183,19,0.523
2183,20,0.553
2183,21,0.564
2183,22,0.606
2183,23,0.624
2183,24,0.651
2183,25,0.683
2183,26,0.719
2183,27,0.753
2183,28,0.777
2183,29,0.792
2183,30,0.8
2183,31,0.81
2183,32,0.818
2183,33,0.825
2183,34,0.831
2183,35,0.837
2183,36,0.842
2183,37,0.846
2183,38,0.85
2183,39,0.853
2183,40,0.856
2183,41,0.859
2183,42,0.86
2183,43,0.861
2183,44,0.862
2183,45,0.863
2183,46,0.865
2183,47,0.868
2183,48,0.87
2183,49,0.873
2183,50,0.876
2183,51,0.878
2183,52,0.879
2184,1,0.006
2184,2,0.026
2184,3,0.033
2184,4,0.047
2184,5,0.059
2184,6,0.071
2184,7,0.087
2184,8,0.109
2184,9,0.12
2184,10,0.147
2184,11,0.162
2184,12,0.185
2184,13,0.223
2184,14,0.235
2184,15,0.289
2184,16,0.342
2184,17,0.399
2184,18,0.443
2184,19,0.493
2184,20,0.533
2184,21,0.56
2184,22,0.593
2184,23,0.615
2184,24,0.653
2184,25,0.687
2184,26,0.72
2184,27,0.762
2184,28,0.787
2184,29,0.801
2184,30,0.812
2184,31,0.819
2184,32,0.827
2184,33,0.835
2184,34,0.841
2184,35,0.847
2184,36,0.852
2184,37,0.855
2184,38,0.859
2184,39,0.861
2184,40,0.863
2184,41,0.864
2184,42,0.866
2184,43,0.867
2184,44,0.868
2184,45,0.869
2184,46,0.87
2184,47,0.872
2184,48,0.877
2184,49,0.88
2184,50,0.883
2184,51,0.885
2184,52,0.886
2260,1,0.005
2260,2,0.023
2260,3,0.041
2260,4,0.042
2260,5,0.046
2260,6,0.049
2260,7,0.067
2260,8,0.082
2260,9,0.125
2260,10,0.173
2260,11,0.192
2260,12,0.195
2260,13,0.205
2260,14,0.229
2260,15,0.307
2260,16,0.357
2260,17,0.405
2260,18,0.457
2260,19,0.494
2260,20,0.506
2260,21,0.529
2260,22,0.551
2260,23,0.573
2260,24,0.597
2260,25,0.627
2260,26,0.676
2260,27,0.722
2260,28,0.762
2260,29,0.791
2260,30,0.806
2260,31,0.821
2260,32,0.832
2260,33,0.844
2260,34,0.851
2260,35,0.862
2260,36,0.865
2260,37,0.866
2260,38,0.868
2260,39,0.872
2260,40,0.872
2260,41,0.873
2260,42,0.873
2260,43,0.877
2260,44,0.877
2260,45,0.878
2260,46,0.878
2260,47,0.88
2260,48,0.882
2260,49,0.885
2260,50,0.887
2260,51,0.889
2260,52,0.889
2262,1,0.005
2262,2,0.018
2262,3,0.03
2262,4,0.034
2262,5,0.038
2262,6,0.039
2262,7,0.041
2262,8,0.066
2262,9,0.081
2262,10,0.106
2262,11,0.117
2262,12,0.122
2262,13,0.137
2262,14,0.168
2262,15,0.252
2262,16,0.29
2262,17,0.34
2262,18,0.408
2262,19,0.449
2262,20,0.463
2262,21,0.468
2262,22,0.485
2262,23,0.511
2262,24,0.531
2262,25,0.566
2262,26,0.621
2262,27,0.705
2262,28,0.763
2262,29,0.8
2262,30,0.813
2262,31,0.821
2262,32,0.829
2262,33,0.838
2262,34,0.843
2262,35,0.855
2262,36,0.859
2262,37,0.862
2262,38,0.865
2262,39,0.868
2262,40,0.869
2262,41,0.871
2262,42,0.872
2262,43,0.875
2262,44,0.875
2262,45,0.876
2262,46,0.877
2262,47,0.878
2262,48,0.882
2262,49,0.886
2262,50,0.89
2262,51,0.891
2262,52,0.891
2280,1,0.008
2280,2,0.021
2280,3,0.041
2280,4,0.049
2280,5,0.052
2280,6,0.053
2280,7,0.053
2280,8,0.071
2280,9,0.091
2280,10,0.135
2280,11,0.15
2280,12,0.157
2280,13,0.173
2280,14,0.201
2280,15,0.273
2280,16,0.322
2280,17,0.369
2280,18,0.418
2280,19,0.455
2280,20,0.477
2280,21,0.489
2280,22,0.508
2280,23,0.54
2280,24,0.561
2280,25,0.616
2280,26,0.657
2280,27,0.733
2280,28,0.8
2280,29,0.822
2280,30,0.832
2280,31,0.84
2280,32,0.847
2280,33,0.855
2280,34,0.863
2280,35,0.871
2280,36,0.876
2280,37,0.879
2280,38,0.883
2280,39,0.885
2280,40,0.887
2280,41,0.888
2280,42,0.889
2280,43,0.89
2280,44,0.892
2280,45,0.893
2280,46,0.893
2280,47,0.894
2280,48,0.897
2280,49,0.899
2280,50,0.902
2280,51,0.904
2280,52,0.904
2281,1,0.005
2281,2,0.014
2281,3,0.026
2281,4,0.031
2281,5,0.033
2281,6,0.036
2281,7,0.04
2281,8,0.053
2281,9,0.075
2281,10,0.109
2281,11,0.121
2281,12,0.124
2281,13,0.139
2281,14,0.171
2281,15,0.247
2281,16,0.293
2281,17,0.339
2281,18,0.397
2281,19,0.426
2281,20,0.437
2281,21,0.443
2281,22,0.463
2281,23,0.495
2281,24,0.515
2281,25,0.558
2281,26,0.622
2281,27,0.712
2281,28,0.771
2281,29,0.81
2281,30,0.82
2281,31,0.828
2281,32,0.835
2281,33,0.843
2281,34,0.848
2281,35,0.86
2281,36,0.865
2281,37,0.868
2281,38,0.871
2281,39,0.873
2281,40,0.874
2281,41,0.876
2281,42,0.877
2281,43,0.879
2281,44,0.88
2281,45,0.881
2281,46,0.882
2281,47,0.884
2281,48,0.885
2281,49,0.889
2281,50,0.892
2281,51,0.894
2281,52,0.894
2282,1,0.003
2282,2,0.015
2282,3,0.03
2282,4,0.034
2282,5,0.036
2282,6,0.042
2282,7,0.044
2282,8,0.055
2282,9,0.066
2282,10,0.089
2282,11,0.117
2282,12,0.121
2282,13,0.138
2282,14,0.165
2282,15,0.234
2282,16,0.324
2282,17,0.378
2282,18,0.433
2282,19,0.467
2282,20,0.481
2282,21,0.497
2282,22,0.515
2282,23,0.568
2282,24,0.604
2282,25,0.634
2282,26,0.684
2282,27,0.731
2282,28,0.778
2282,29,0.789
2282,30,0.795
2282,31,0.804
2282,32,0.811
2282,33,0.819
2282,34,0.829
2282,35,0.837
2282,36,0.844
2282,37,0.847
2282,38,0.85
2282,39,0.852
2282,40,0.854
2282,41,0.855
2282,42,0.856
2282,43,0.859
2282,44,0.86
2282,45,0.861
2282,46,0.863
2282,47,0.864
2282,48,0.866
2282,49,0.868
2282,50,0.871
2282,51,0.873
2282,52,0.873
2283,1,0.004
2283,2,0.017
2283,3,0.028
2283,4,0.029
2283,5,0.03
2283,6,0.041
2283,7,0.053
2283,8,0.066
2283,9,0.084
2283,10,0.107
2283,11,0.142
2283,12,0.151
2283,13,0.17
2283,14,0.197
2283,15,0.253
2283,16,0.315
2283,17,0.376
2283,18,0.43
2283,19,0.473
2283,20,0.495
2283,21,0.499
2283,22,0.508
2283,23,0.548
2283,24,0.577
2283,25,0.613
2283,26,0.667
2283,27,0.736
2283,28,0.784
2283,29,0.786
2283,30,0.797
2283,31,0.809
2283,32,0.818
2283,33,0.825
2283,34,0.834
2283,35,0.843
2283,36,0.849
2283,37,0.851
2283,38,0.856
2283,39,0.857
2283,40,0.858
2283,41,0.86
2283,42,0.861
2283,43,0.863
2283,44,0.864
2283,45,0.865
2283,46,0.866
2283,47,0.868
2283,48,0.87
2283,49,0.873
2283,50,0.875
2283,51,0.876
2283,52,0.876
2284,1,0.004
2284,2,0.015
2284,3,0.029
2284,4,0.036
2284,5,0.04
2284,6,0.045
2284,7,0.054
2284,8,0.061
2284,9,0.08
2284,10,0.108
2284,11,0.133
2284,12,0.139
2284,13,0.153
2284,14,0.183
2284,15,0.259
2284,16,0.334
2284,17,0.387
2284,18,0.431
2284,19,0.463
2284,20,0.48
2284,21,0.487
2284,22,0.5
2284,23,0.542
2284,24,0.571
2284,25,0.609
2284,26,0.691
2284,27,0.763
2284,28,0.816
2284,29,0.836
2284,30,0.844
2284,31,0.851
2284,32,0.86
2284,33,0.865
2284,34,0.872
2284,35,0.88
2284,36,0.883
2284,37,0.886
2284,38,0.89
2284,39,0.89
2284,40,0.892
2284,41,0.893
2284,42,0.894
2284,43,0.896
2284,44,0.897
2284,45,0.897
2284,46,0.898
2284,47,0.9
2284,48,0.901
2284,49,0.903
2284,50,0.906
2284,51,0.907
2284,52,0.908
2303,1,0.015
2303,2,0.018
2303,3,0.031
2303,4,0.038
2303,5,0.039
2303,6,0.044
2303,7,0.057
2303,8,0.09
2303,9,0.119
2303,10,0.144
2303,11,0.165
2303,12,0.169
2303,13,0.201
2303,14,0.243
2303,15,0.289
2303,16,0.317
2303,17,0.396
2303,18,0.433
2303,19,0.488
2303,20,0.504
2303,21,0.526
2303,22,0.527
2303,23,0.568
2303,24,0.593
2303,25,0.626
2303,26,0.631
2303,27,0.644
2303,28,0.697
2303,29,0.767
2303,30,0.773
2303,31,0.784
2303,32,0.789
2303,33,0.808
2303,34,0.812
2303,35,0.816
2303,36,0.824
2303,37,0.826
2303,38,0.839
2303,39,0.843
2303,40,0.847
2303,41,0.849
2303,42,0.851
2303,43,0.852
2303,44,0.854
2303,45,0.855
2303,46,0.857
2303,47,0.859
2303,48,0.863
2303,49,0.866
2303,50,0.869
2303,51,0.87
2303,52,0.871
2305,1,0.011
2305,2,0.017
2305,3,0.03
2305,4,0.034
2305,5,0.037
2305,6,0.049
2305,7,0.072
2305,8,0.075
2305,9,0.101
2305,10,0.145
2305,11,0.164
2305,12,0.168
2305,13,0.186
2305,14,0.214
2305,15,0.297
2305,16,0.343
2305,17,0.387
2305,18,0.469
2305,19,0.484
2305,20,0.529
2305,21,0.543
2305,22,0.548
2305,23,0.559
2305,24,0.606
2305,25,0.644
2305,26,0.689
2305,27,0.723
2305,28,0.74
2305,29,0.756
2305,30,0.761
2305,31,0.786
2305,32,0.8
2305,33,0.813
2305,34,0.819
2305,35,0.823
2305,36,0.828
2305,37,0.831
2305,38,0.837
2305,39,0.84
2305,40,0.842
2305,41,0.844
2305,42,0.847
2305,43,0.848
2305,44,0.849
2305,45,0.85
2305,46,0.852
2305,47,0.852
2305,48,0.855
2305,49,0.859
2305,50,0.863
2305,51,0.866
2305,52,0.866
2309,1,0.005
2309,2,0.011
2309,3,0.022
2309,4,0.026
2309,5,0.027
2309,6,0.036
2309,7,0.058
2309,8,0.071
2309,9,0.09
2309,10,0.117
2309,11,0.134
2309,12,0.148
2309,13,0.179
2309,14,0.211
2309,15,0.263
2309,16,0.303
2309,17,0.344
2309,18,0.397
2309,19,0.442
2309,20,0.477
2309,21,0.488
2309,22,0.538
2309,23,0.568
2309,24,0.589
2309,25,0.653
2309,26,0.69
2309,27,0.736
2309,28,0.764
2309,29,0.788
2309,30,0.796
2309,31,0.819
2309,32,0.827
2309,33,0.841
2309,34,0.85
2309,35,0.858
2309,36,0.864
2309,37,0.868
2309,38,0.874
2309,39,0.879
2309,40,0.88
2309,41,0.881
2309,42,0.883
2309,43,0.883
2309,44,0.884
2309,45,0.885
2309,46,0.886
2309,47,0.887
2309,48,0.889
2309,49,0.892
2309,50,0.893
2309,51,0.896
2309,52,0.896
2313,1,0.0
2313,2,0.019
2313,3,0.032
2313,4,0.035
2313,5,0.035
2313,6,0.037
2313,7,0.058
2313,8,0.08
2313,9,0.12
2313,10,0.143
2313,11,0.154
2313,12,0.168
2313,13,0.197
2313,14,0.227
2313,15,0.28
2313,16,0.327
2313,17,0.381
2313,18,0.419
2313,19,0.438
2313,20,0.486
2313,21,0.497
2313,22,0.512
2313,23,0.536
2313,24,0.562
2313,25,0.658
2313,26,0.702
2313,27,0.76
2313,28,0.773
2313,29,0.79
2313,30,0.791
2313,31,0.793
2313,32,0.808
2313,33,0.822
2313,34,0.83
2313,35,0.831
2313,36,0.841
2313,37,0.847
2313,38,0.854
2313,39,0.857
2313,40,0.857
2313,41,0.859
2313,42,0.86
2313,43,0.861
2313,44,0.861
2313,45,0.862
2313,46,0.864
2313,47,0.865
2313,48,0.867
2313,49,0.869
2313,50,0.872
2313,51,0.873
2313,52,0.874
2321,1,0.01
2321,2,0.014
2321,3,0.028
2321,4,0.031
2321,5,0.033
2321,6,0.033
2321,7,0.047
2321,8,0.066
2321,9,0.076
2321,10,0.096
2321,11,0.117
2321,12,0.126
2321,13,0.15
2321,14,0.151
2321,15,0.184
2321,16,0.226
2321,17,0.255
2321,18,0.281
2321,19,0.327
2321,20,0.36
2321,21,0.364
2321,22,0.415
2321,23,0.468
2321,24,0.474
2321,25,0.52
2321,26,0.565
2321,27,0.637
2321,28,0.67
2321,29,0.696
2321,30,0.71
2321,31,0.73
2321,32,0.764
2321,33,0.788
2321,34,0.799
2321,35,0.816
2321,36,0.827
2321,37,0.837
2321,38,0.843
2321,39,0.848
2321,40,0.852
2321,41,0.853
2321,42,0.857
2321,43,0.858
2321,44,0.859
2321,45,0.86
2321,46,0.862
2321,47,0.865
2321,48,0.868
2321,49,0.869
2321,50,0.872
2321,51,0.874
2321,52,0.875
2326,1,0.0
2326,2,0.016
2326,3,0.034
2326,4,0.036
2326,5,0.04
2326,6,0.043
2326,7,0.059
2326,8,0.079
2326,9,0.105
2326,10,0.144
2326,11,0.153
2326,12,0.173
2326,13,0.207
2326,14,0.243
2326,15,0.291
2326,16,0.356
2326,17,0.386
2326,18,0.43
2326,19,0.465
2326,20,0.489
2326,21,0.505
2326,22,0.529
2326,23,0.543
2326,24,0.556
2326,25,0.593
2326,26,0.6
2326,27,0.694
2326,28,0.708
2326,29,0.742
2326,30,0.745
2326,31,0.758
2326,32,0.761
2326,33,0.781
2326,34,0.792
2326,35,0.802
2326,36,0.816
2326,37,0.825
2326,38,0.833
2326,39,0.839
2326,40,0.841
2326,41,0.844
2326,42,0.847
2326,43,0.847
2326,44,0.85
2326,45,0.851
2326,46,0.853
2326,47,0.855
2326,48,0.858
2326,49,0.863
2326,50,0.866
2326,51,0.868
2326,52,0.868
2361,1,0.0
2361,2,0.018
2361,3,0.03
2361,4,0.033
2361,5,0.034
2361,6,0.034
2361,7,0.048
2361,8,0.072
2361,9,0.116
2361,10,0.153
2361,11,0.157
2361,12,0.166
2361,13,0.215
2361,14,0.246
2361,15,0.324
2361,16,0.36
2361,17,0.384
2361,18,0.43
2361,19,0.453
2361,20,0.466
2361,21,0.471
2361,22,0.533
2361,23,0.561
2361,24,0.579
2361,25,0.634
2361,26,0.684
2361,27,0.733
2361,28,0.761
2361,29,0.771
2361,30,0.784
2361,31,0.805
2361,32,0.817
2361,33,0.83
2361,34,0.836
2361,35,0.847
2361,36,0.851
2361,37,0.857
2361,38,0.86
2361,39,0.864
2361,40,0.865
2361,41,0.867
2361,42,0.869
2361,43,0.869
2361,44,0.87
2361,45,0.871
2361,46,0.872
2361,47,0.874
2361,48,0.875
2361,49,0.879
2361,50,0.88
2361,51,0.881
2361,52,0.882
2380,1,0.006
2380,2,0.01
2380,3,0.017
2380,4,0.021
2380,5,0.022
2380,6,0.029
2380,7,0.041
2380,8,0.057
2380,9,0.075
2380,10,0.108
2380,11,0.126
2380,12,0.141
2380,13,0.169
2380,14,0.19
2380,15,0.254
2380,16,0.3
2380,17,0.346
2380,18,0.392
2380,19,0.427
2380,20,0.464
2380,21,0.481
2380,22,0.511
2380,23,0.535
2380,24,0.559
2380,25,0.593
2380,26,0.622
2380,27,0.689
2380,28,0.745
2380,29,0.778
2380,30,0.787
2380,31,0.804
2380,32,0.814
2380,33,0.827
2380,34,0.832
2380,35,0.84
2380,36,0.847
2380,37,0.854
2380,38,0.86
2380,39,0.864
2380,40,0.867
2380,41,0.869
2380,42,0.871
2380,43,0.872
2380,44,0.873
2380,45,0.874
2380,46,0.875
2380,47,0.877
2380,48,0.88
2380,49,0.884
2380,50,0.888
2380,51,0.89
2380,52,0.891
2401,1,0.001
2401,2,0.002
2401,3,0.023
2401,4,0.049
2401,5,0.052
2401,6,0.063
2401,7,0.067
2401,8,0.093
2401,9,0.108
2401,10,0.124
2401,11,0.143
2401,12,0.15
2401,13,0.2
2401,14,0.213
2401,15,0.292
2401,16,0.353
2401,17,0.413
2401,18,0.45
2401,19,0.49
2401,20,0.522
2401,21,0.541
2401,22,0.55
2401,23,0.572
2401,24,0.612
2401,25,0.636
2401,26,0.694
2401,27,0.731
2401,28,0.778
2401,29,0.801
2401,30,0.82
2401,31,0.827
2401,32,0.834
2401,33,0.847
2401,34,0.856
2401,35,0.865
2401,36,0.872
2401,37,0.88
2401,38,0.885
2401,39,0.888
2401,40,0.89
2401,41,0.893
2401,42,0.894
2401,43,0.896
2401,44,0.897
2401,45,0.897
2401,46,0.898
2401,47,0.9
2401,48,0.903
2401,49,0.905
2401,50,0.906
2401,51,0.908
2401,52,0.908
2403,1,0.001
2403,2,0.002
2403,3,0.038
2403,4,0.042
2403,5,0.071
2403,6,0.075
2403,7,0.076
2403,8,0.083
2403,9,0.102
2403,10,0.147
2403,11,0.149
2403,12,0.155
2403,13,0.204
2403,14,0.211
2403,15,0.287
2403,16,0.344
2403,17,0.39
2403,18,0.428
2403,19,0.48
2403,20,0.5
2403,21,0.521
2403,22,0.546
2403,23,0.556
2403,24,0.575
2403,25,0.596
2403,26,0.626
2403,27,0.688
2403,28,0.745
2403,29,0.754
2403,30,0.801
2403,31,0.81
2403,32,0.817
2403,33,0.829
2403,34,0.833
2403,35,0.852
2403,36,0.863
2403,37,0.863
2403,38,0.869
2403,39,0.87
2403,40,0.877
2403,41,0.881
2403,42,0.882
2403,43,0.884
2403,44,0.884
2403,45,0.886
2403,46,0.888
2403,47,0.889
2403,48,0.892
2403,49,0.896
2403,50,0.897
2403,51,0.898
2403,52,0.898
2404,1,0.0
2404,2,0.019
2404,3,0.045
2404,4,0.067
2404,5,0.075
2404,6,0.076
2404,7,0.078
2404,8,0.084
2404,9,0.112
2404,10,0.135
2404,11,0.144
2404,12,0.151
2404,13,0.181
2404,14,0.208
2404,15,0.291
2404,16,0.355
2404,17,0.417
2404,18,0.446
2404,19,0.463
2404,20,0.483
2404,21,0.504
2404,22,0.514
2404,23,0.531
2404,24,0.565
2404,25,0.615
2404,26,0.64
2404,27,0.698
2404,28,0.73
2404,29,0.779
2404,30,0.791
2404,31,0.807
2404,32,0.814
2404,33,0.822
2404,34,0.833
2404,35,0.838
2404,36,0.849
2404,37,0.854
2404,38,0.856
2404,39,0.858
2404,40,0.862
2404,41,0.865
2404,42,0.866
2404,43,0.867
2404,44,0.868
2404,45,0.869
2404,46,0.87
2404,47,0.871
2404,48,0.871
2404,49,0.874
2404,50,0.879
2404,51,0.879
2404,52,0.879
2409,1,0.006
2409,2,0.015
2409,3,0.025
2409,4,0.025
2409,5,0.035
2409,6,0.041
2409,7,0.044
2409,8,0.05
2409,9,0.06
2409,10,0.076
2409,11,0.096
2409,12,0.104
2409,13,0.142
2409,14,0.166
2409,15,0.249
2409,16,0.336
2409,17,0.383
2409,18,0.429
2409,19,0.448
2409,20,0.492
2409,21,0.505
2409,22,0.522
2409,23,0.544
2409,24,0.585
2409,25,0.627
2409,26,0.651
2409,27,0.709
2409,28,0.753
2409,29,0.804
2409,30,0.825
2409,31,0.842
2409,32,0.855
2409,33,0.865
2409,34,0.875
2409,35,0.88
2409,36,0.885
2409,37,0.889
2409,38,0.892
2409,39,0.896
2409,40,0.897
2409,41,0.897
2409,42,0.899
2409,43,0.9
2409,44,0.901
2409,45,0.901
2409,46,0.902
2409,47,0.903
2409,48,0.905
2409,49,0.907
2409,50,0.911
2409,51,0.911
2409,52,0.912
2417,1,0.0
2417,2,0.037
2417,3,0.065
2417,4,0.077
2417,5,0.085
2417,6,0.088
2417,7,0.092
2417,8,0.1
2417,9,0.119
2417,10,0.137
2417,11,0.16
2417,12,0.162
2417,13,0.207
2417,14,0.222
2417,15,0.278
2417,16,0.327
2417,17,0.383
2417,18,0.402
2417,19,0.445
2417,20,0.504
2417,21,0.524
2417,22,0.548
2417,23,0.567
2417,24,0.591
2417,25,0.666
2417,26,0.682
2417,27,0.711
2417,28,0.785
2417,29,0.806
2417,30,0.822
2417,31,0.827
2417,32,0.845
2417,33,0.855
2417,34,0.863
2417,35,0.869
2417,36,0.88
2417,37,0.888
2417,38,0.898
2417,39,0.9
2417,40,0.901
2417,41,0.903
2417,42,0.903
2417,43,0.904
2417,44,0.904
2417,45,0.905
2417,46,0.906
2417,47,0.907
2417,48,0.908
2417,49,0.912
2417,50,0.913
2417,51,0.915
2417,52,0.915
2418,1,0.0
2418,2,0.06
2418,3,0.111
2418,4,0.15
2418,5,0.15
2418,6,0.151
2418,7,0.154
2418,8,0.164
2418,9,0.175
2418,10,0.207
2418,11,0.237
2418,12,0.238
2418,13,0.251
2418,14,0.254
2418,15,0.293
2418,16,0.356
2418,17,0.41
2418,18,0.454
2418,19,0.511
2418,20,0.538
2418,21,0.558
2418,22,0.572
2418,23,0.585
2418,24,0.61
2418,25,0.629
2418,26,0.655
2418,27,0.682
2418,28,0.698
2418,29,0.734
2418,30,0.779
2418,31,0.783
2418,32,0.787
2418,33,0.794
2418,34,0.823
2418,35,0.837
2418,36,0.847
2418,37,0.857
2418,38,0.864
2418,39,0.87
2418,40,0.873
2418,41,0.873
2418,42,0.877
2418,43,0.877
2418,44,0.88
2418,45,0.88
2418,46,0.881
2418,47,0.887
2418,48,0.888
2418,49,0.891
2418,50,0.894
2418,51,0.896
2418,52,0.899
2421,1,0.0
2421,2,0.025
2421,3,0.035
2421,4,0.057
2421,5,0.083
2421,6,0.091
2421,7,0.097
2421,8,0.107
2421,9,0.125
2421,10,0.16
2421,11,0.183
2421,12,0.194
2421,13,0.234
2421,14,0.234
2421,15,0.298
2421,16,0.366
2421,17,0.409
2421,18,0.448
2421,19,0.5
2421,20,0.568
2421,21,0.602
2421,22,0.62
2421,23,0.633
2421,24,0.683
2421,25,0.686
2421,26,0.705
2421,27,0.762
2421,28,0.798
2421,29,0.818
2421,30,0.835
2421,31,0.837
2421,32,0.838
2421,33,0.85
2421,34,0.86
2421,35,0.866
2421,36,0.869
2421,37,0.87
2421,38,0.873
2421,39,0.876
2421,40,0.878
2421,41,0.88
2421,42,0.882
2421,43,0.882
2421,44,0.884
2421,45,0.886
2421,46,0.888
2421,47,0.89
2421,48,0.892
2421,49,0.894
2421,50,0.895
2421,51,0.898
2421,52,0.899
2422,1,0.0
2422,2,0.002
2422,3,0.031
2422,4,0.077
2422,5,0.078
2422,6,0.099
2422,7,0.114
2422,8,0.141
2422,9,0.156
2422,10,0.18
2422,11,0.205
2422,12,0.207
2422,13,0.221
2422,14,0.231
2422,15,0.263
2422,16,0.355
2422,17,0.396
2422,18,0.449
2422,19,0.492
2422,20,0.539
2422,21,0.566
2422,22,0.607
2422,23,0.611
2422,24,0.645
2422,25,0.657
2422,26,0.719
2422,27,0.749
2422,28,0.754
2422,29,0.772
2422,30,0.799
2422,31,0.802
2422,32,0.803
2422,33,0.824
2422,34,0.832
2422,35,0.838
2422,36,0.84
2422,37,0.847
2422,38,0.849
2422,39,0.852
2422,40,0.858
2422,41,0.862
2422,42,0.864
2422,43,0.864
2422,44,0.864
2422,45,0.866
2422,46,0.867
2422,47,0.872
2422,48,0.873
2422,49,0.875
2422,50,0.876
2422,51,0.877
2422,52,0.877
2425,1,0.013
2425,2,0.02
2425,3,0.043
2425,4,0.077
2425,5,0.082
2425,6,0.086
2425,7,0.086
2425,8,0.091
2425,9,0.11
2425,10,0.125
2425,11,0.132
2425,12,0.136
2425,13,0.171
2425,14,0.182
2425,15,0.198
2425,16,0.346
2425,17,0.453
2425,18,0.52
2425,19,0.533
2425,20,0.555
2425,21,0.588
2425,22,0.617
2425,23,0.641
2425,24,0.677
2425,25,0.702
2425,26,0.722
2425,27,0.752
2425,28,0.78
2425,29,0.799
2425,30,0.809
2425,31,0.816
2425,32,0.83
2425,33,0.849
2425,34,0.868
2425,35,0.895
2425,36,0.905
2425,37,0.914
2425,38,0.917
2425,39,0.917
2425,40,0.919
2425,41,0.92
2425,42,0.921
2425,43,0.922
2425,44,0.925
2425,45,0.925
2425,46,0.925
2425,47,0.925
2425,48,0.926
2425,49,0.926
2425,50,0.927
2425,51,0.928
2425,52,0.928
2460,1,0.0
2460,2,0.019
2460,3,0.032
2460,4,0.035
2460,5,0.037
2460,6,0.038
2460,7,0.04
2460,8,0.043
2460,9,0.056
2460,10,0.093
2460,11,0.105
2460,12,0.121
2460,13,0.16
2460,14,0.188
2460,15,0.258
2460,16,0.296
2460,17,0.348
2460,18,0.379
2460,19,0.412
2460,20,0.453
2460,21,0.47
2460,22,0.488
2460,23,0.513
2460,24,0.552
2460,25,0.589
2460,26,0.652
2460,27,0.692
2460,28,0.767
2460,29,0.79
2460,30,0.817
2460,31,0.829
2460,32,0.839
2460,33,0.853
2460,34,0.859
2460,35,0.867
2460,36,0.876
2460,37,0.882
2460,38,0.888
2460,39,0.891
2460,40,0.893
2460,41,0.896
2460,42,0.897
2460,43,0.898
2460,44,0.9
2460,45,0.901
2460,46,0.902
2460,47,0.904
2460,48,0.906
2460,49,0.908
2460,50,0.911
2460,51,0.911
2460,52,0.912
2462,1,0.0
2462,2,0.028
2462,3,0.058
2462,4,0.076
2462,5,0.076
2462,6,0.077
2462,7,0.077
2462,8,0.1
2462,9,0.112
2462,10,0.128
2462,11,0.137
2462,12,0.144
2462,13,0.166
2462,14,0.196
2462,15,0.23
2462,16,0.308
2462,17,0.375
2462,18,0.398
2462,19,0.448
2462,20,0.499
2462,21,0.524
2462,22,0.539
2462,23,0.558
2462,24,0.575
2462,25,0.59
2462,26,0.61
2462,27,0.635
2462,28,0.677
2462,29,0.704
2462,30,0.727
2462,31,0.748
2462,32,0.768
2462,33,0.794
2462,34,0.816
2462,35,0.837
2462,36,0.844
2462,37,0.852
2462,38,0.854
2462,39,0.86
2462,40,0.864
2462,41,0.865
2462,42,0.867
2462,43,0.87
2462,44,0.87
2462,45,0.871
2462,46,0.873
2462,47,0.875
2462,48,0.875
2462,49,0.876
2462,50,0.882
2462,51,0.883
2462,52,0.887
2463,1,0.0
2463,2,0.0
2463,3,0.03
2463,4,0.075
2463,5,0.096
2463,6,0.096
2463,7,0.097
2463,8,0.109
2463,9,0.148
2463,10,0.187
2463,11,0.21
2463,12,0.227
2463,13,0.262
2463,14,0.263
2463,15,0.288
2463,16,0.376
2463,17,0.44
2463,18,0.48
2463,19,0.515
2463,20,0.593
2463,21,0.655
2463,22,0.696
2463,23,0.701
2463,24,0.745
2463,25,0.783
2463,26,0.794
2463,27,0.809
2463,28,0.835
2463,29,0.839
2463,30,0.849
2463,31,0.853
2463,32,0.855
2463,33,0.86
2463,34,0.86
2463,35,0.864
2463,36,0.867
2463,37,0.869
2463,38,0.871
2463,39,0.871
2463,40,0.872
2463,41,0.874
2463,42,0.874
2463,43,0.875
2463,44,0.877
2463,45,0.878
2463,46,0.879
2463,47,0.881
2463,48,0.883
2463,49,0.883
2463,50,0.885
2463,51,0.886
2463,52,0.886
2480,1,0.003
2480,2,0.008
2480,3,0.013
2480,4,0.019
2480,5,0.022
2480,6,0.025
2480,7,0.029
2480,8,0.037
2480,9,0.054
2480,10,0.077
2480,11,0.096
2480,12,0.11
2480,13,0.131
2480,14,0.149
2480,15,0.189
2480,16,0.231
2480,17,0.276
2480,18,0.31
2480,19,0.338
2480,20,0.375
2480,21,0.392
2480,22,0.412
2480,23,0.435
2480,24,0.482
2480,25,0.521
2480,26,0.564
2480,27,0.618
2480,28,0.702
2480,29,0.754
2480,30,0.799
2480,31,0.825
2480,32,0.842
2480,33,0.856
2480,34,0.864
2480,35,0.871
2480,36,0.879
2480,37,0.883
2480,38,0.887
2480,39,0.89
2480,40,0.892
2480,41,0.893
2480,42,0.895
2480,43,0.896
2480,44,0.897
2480,45,0.897
2480,46,0.899
2480,47,0.901
2480,48,0.903
2480,49,0.905
2480,50,0.907
2480,51,0.908
2480,52,0.909
2481,1,0.006
2481,2,0.009
2481,3,0.036
2481,4,0.056
2481,5,0.068
2481,6,0.074
2481,7,0.077
2481,8,0.098
2481,9,0.147
2481,10,0.192
2481,11,0.217
2481,12,0.245
2481,13,0.273
2481,14,0.282
2481,15,0.33
2481,16,0.381
2481,17,0.431
2481,18,0.49
2481,19,0.537
2481,20,0.573
2481,21,0.602
2481,22,0.632
2481,23,0.664
2481,24,0.682
2481,25,0.698
2481,26,0.713
2481,27,0.76
2481,28,0.805
2481,29,0.82
2481,30,0.827
2481,31,0.839
2481,32,0.847
2481,33,0.857
2481,34,0.866
2481,35,0.87
2481,36,0.876
2481,37,0.881
2481,38,0.884
2481,39,0.887
2481,40,0.89
2481,41,0.892
2481,42,0.894
2481,43,0.896
2481,44,0.897
2481,45,0.897
2481,46,0.898
2481,47,0.9
2481,48,0.902
2481,49,0.907
2481,50,0.91
2481,51,0.913
2481,52,0.914
2482,1,0.002
2482,2,0.009
2482,3,0.015
2482,4,0.02
2482,5,0.031
2482,6,0.039
2482,7,0.045
2482,8,0.053
2482,9,0.069
2482,10,0.097
2482,11,0.114
2482,12,0.129
2482,13,0.153
2482,14,0.171
2482,15,0.224
2482,16,0.281
2482,17,0.331
2482,18,0.361
2482,19,0.401
2482,20,0.442
2482,21,0.469
2482,22,0.492
2482,23,0.519
2482,24,0.554
2482,25,0.592
2482,26,0.617
2482,27,0.665
2482,28,0.711
2482,29,0.746
2482,30,0.782
2482,31,0.796
2482,32,0.81
2482,33,0.827
2482,34,0.85
2482,35,0.862
2482,36,0.873
2482,37,0.881
2482,38,0.886
2482,39,0.89
2482,40,0.893
2482,41,0.895
2482,42,0.897
2482,43,0.898
2482,44,0.899
2482,45,0.9
2482,46,0.901
2482,47,0.903
2482,48,0.904
2482,49,0.907
2482,50,0.91
2482,51,0.912
2482,52,0.913
2505,1,0.009
2505,2,0.009
2505,3,0.042
2505,4,0.104
2505,5,0.105
2505,6,0.107
2505,7,0.109
2505,8,0.128
2505,9,0.129
2505,10,0.139
2505,11,0.14
2505,12,0.152
2505,13,0.187
2505,14,0.188
2505,15,0.275
2505,16,0.371
2505,17,0.414
2505,18,0.451
2505,19,0.494
2505,20,0.522
2505,21,0.525
2505,22,0.526
2505,23,0.602
2505,24,0.638
2505,25,0.669
2505,26,0.708
2505,27,0.738
2505,28,0.773
2505,29,0.807
2505,30,0.817
2505,31,0.824
2505,32,0.836
2505,33,0.85
2505,34,0.862
2505,35,0.871
2505,36,0.872
2505,37,0.873
2505,38,0.883
2505,39,0.883
2505,40,0.883
2505,41,0.888
2505,42,0.888
2505,43,0.889
2505,44,0.89
2505,45,0.892
2505,46,0.893
2505,47,0.896
2505,48,0.898
2505,49,0.9
2505,50,0.904
2505,51,0.905
2505,52,0.905
2506,1,0.028
2506,2,0.03
2506,3,0.06
2506,4,0.102
2506,5,0.115
2506,6,0.116
2506,7,0.117
2506,8,0.15
2506,9,0.159
2506,10,0.161
2506,11,0.162
2506,12,0.173
2506,13,0.201
2506,14,0.236
2506,15,0.339
2506,16,0.401
2506,17,0.439
2506,18,0.469
2506,19,0.499
2506,20,0.52
2506,21,0.523
2506,22,0.525
2506,23,0.569
2506,24,0.609
2506,25,0.648
2506,26,0.699
2506,27,0.75
2506,28,0.799
2506,29,0.805
2506,30,0.812
2506,31,0.813
2506,32,0.814
2506,33,0.819
2506,34,0.824
2506,35,0.853
2506,36,0.861
2506,37,0.862
2506,38,0.864
2506,39,0.864
2506,40,0.871
2506,41,0.875
2506,42,0.876
2506,43,0.877
2506,44,0.878
2506,45,0.878
2506,46,0.878
2506,47,0.882
2506,48,0.886
2506,49,0.887
2506,50,0.892
2506,51,0.892
2506,52,0.892
2510,1,0.0
2510,2,0.011
2510,3,0.027
2510,4,0.039
2510,5,0.047
2510,6,0.049
2510,7,0.067
2510,8,0.076
2510,9,0.1
2510,10,0.12
2510,11,0.122
2510,12,0.138
2510,13,0.188
2510,14,0.232
2510,15,0.324
2510,16,0.38
2510,17,0.42
2510,18,0.424
2510,19,0.455
2510,20,0.475
2510,21,0.48
2510,22,0.484
2510,23,0.507
2510,24,0.547
2510,25,0.608
2510,26,0.673
2510,27,0.744
2510,28,0.781
2510,29,0.813
2510,30,0.82
2510,31,0.826
2510,32,0.827
2510,33,0.835
2510,34,0.839
2510,35,0.846
2510,36,0.853
2510,37,0.861
2510,38,0.865
2510,39,0.866
2510,40,0.868
2510,41,0.87
2510,42,0.872
2510,43,0.873
2510,44,0.873
2510,45,0.873
2510,46,0.874
2510,47,0.877
2510,48,0.878
2510,49,0.882
2510,50,0.885
2510,51,0.887
2510,52,0.888
2513,1,0.0
2513,2,0.015
2513,3,0.044
2513,4,0.065
2513,5,0.068
2513,6,0.071
2513,7,0.072
2513,8,0.105
2513,9,0.131
2513,10,0.17
2513,11,0.171
2513,12,0.204
2513,13,0.218
2513,14,0.249
2513,15,0.34
2513,16,0.394
2513,17,0.51
2513,18,0.514
2513,19,0.523
2513,20,0.557
2513,21,0.567
2513,22,0.567
2513,23,0.596
2513,24,0.626
2513,25,0.654
2513,26,0.679
2513,27,0.713
2513,28,0.759
2513,29,0.795
2513,30,0.804
2513,31,0.807
2513,32,0.808
2513,33,0.813
2513,34,0.833
2513,35,0.835
2513,36,0.845
2513,37,0.85
2513,38,0.853
2513,39,0.858
2513,40,0.861
2513,41,0.862
2513,42,0.865
2513,43,0.866
2513,44,0.867
2513,45,0.867
2513,46,0.867
2513,47,0.869
2513,48,0.869
2513,49,0.872
2513,50,0.873
2513,51,0.873
2513,52,0.875
2514,1,0.0
2514,2,0.009
2514,3,0.021
2514,4,0.032
2514,5,0.037
2514,6,0.046
2514,7,0.048
2514,8,0.073
2514,9,0.096
2514,10,0.129
2514,11,0.131
2514,12,0.149
2514,13,0.175
2514,14,0.218
2514,15,0.283
2514,16,0.378
2514,17,0.44
2514,18,0.468
2514,19,0.488
2514,20,0.518
2514,21,0.521
2514,22,0.522
2514,23,0.553
2514,24,0.597
2514,25,0.635
2514,26,0.677
2514,27,0.718
2514,28,0.765
2514,29,0.816
2514,30,0.836
2514,31,0.839
2514,32,0.847
2514,33,0.853
2514,34,0.855
2514,35,0.864
2514,36,0.869
2514,37,0.88
2514,38,0.88
2514,39,0.886
2514,40,0.889
2514,41,0.891
2514,42,0.893
2514,43,0.894
2514,44,0.896
2514,45,0.896
2514,46,0.896
2514,47,0.9
2514,48,0.901
2514,49,0.902
2514,50,0.904
2514,51,0.905
2514,52,0.906
2518,1,0.0
2518,2,0.008
2518,3,0.025
2518,4,0.039
2518,5,0.043
2518,6,0.061
2518,7,0.076
2518,8,0.106
2518,9,0.12
2518,10,0.172
2518,11,0.185
2518,12,0.208
2518,13,0.235
2518,14,0.262
2518,15,0.402
2518,16,0.446
2518,17,0.498
2518,18,0.526
2518,19,0.553
2518,20,0.609
2518,21,0.61
2518,22,0.611
2518,23,0.637
2518,24,0.678
2518,25,0.715
2518,26,0.75
2518,27,0.788
2518,28,0.818
2518,29,0.851
2518,30,0.857
2518,31,0.861
2518,32,0.863
2518,33,0.864
2518,34,0.872
2518,35,0.875
2518,36,0.883
2518,37,0.886
2518,38,0.89
2518,39,0.892
2518,40,0.893
2518,41,0.895
2518,42,0.896
2518,43,0.897
2518,44,0.898
2518,45,0.898
2518,46,0.9
2518,47,0.902
2518,48,0.903
2518,49,0.905
2518,50,0.907
2518,51,0.908
2518,52,0.908
2521,1,0.0
2521,2,0.01
2521,3,0.019
2521,4,0.044
2521,5,0.048
2521,6,0.058
2521,7,0.081
2521,8,0.1
2521,9,0.116
2521,10,0.152
2521,11,0.155
2521,12,0.172
2521,13,0.251
2521,14,0.285
2521,15,0.388
2521,16,0.425
2521,17,0.465
2521,18,0.489
2521,19,0.507
2521,20,0.55
2521,21,0.553
2521,22,0.554
2521,23,0.572
2521,24,0.615
2521,25,0.658
2521,26,0.694
2521,27,0.72
2521,28,0.754
2521,29,0.78
2521,30,0.785
2521,31,0.789
2521,32,0.793
2521,33,0.803
2521,34,0.819
2521,35,0.825
2521,36,0.829
2521,37,0.832
2521,38,0.839
2521,39,0.843
2521,40,0.846
2521,41,0.849
2521,42,0.849
2521,43,0.85
2521,44,0.851
2521,45,0.852
2521,46,0.854
2521,47,0.857
2521,48,0.858
2521,49,0.86
2521,50,0.861
2521,51,0.862
2521,52,0.862
2523,1,0.003
2523,2,0.01
2523,3,0.024
2523,4,0.027
2523,5,0.029
2523,6,0.042
2523,7,0.054
2523,8,0.069
2523,9,0.086
2523,10,0.131
2523,11,0.135
2523,12,0.156
2523,13,0.184
2523,14,0.207
2523,15,0.257
2523,16,0.328
2523,17,0.383
2523,18,0.417
2523,19,0.438
2523,20,0.46
2523,21,0.489
2523,22,0.508
2523,23,0.538
2523,24,0.572
2523,25,0.615
2523,26,0.643
2523,27,0.706
2523,28,0.757
2523,29,0.803
2523,30,0.818
2523,31,0.84
2523,32,0.843
2523,33,0.85
2523,34,0.853
2523,35,0.854
2523,36,0.86
2523,37,0.867
2523,38,0.871
2523,39,0.872
2523,40,0.873
2523,41,0.876
2523,42,0.878
2523,43,0.879
2523,44,0.879
2523,45,0.879
2523,46,0.881
2523,47,0.884
2523,48,0.885
2523,49,0.89
2523,50,0.891
2523,51,0.892
2523,52,0.892
2560,1,0.0
2560,2,0.009
2560,3,0.025
2560,4,0.064
2560,5,0.066
2560,6,0.069
2560,7,0.083
2560,8,0.091
2560,9,0.106
2560,10,0.129
2560,11,0.129
2560,12,0.152
2560,13,0.193
2560,14,0.228
2560,15,0.304
2560,16,0.374
2560,17,0.408
2560,18,0.439
2560,19,0.47
2560,20,0.503
2560,21,0.517
2560,22,0.522
2560,23,0.543
2560,24,0.566
2560,25,0.615
2560,26,0.655
2560,27,0.696
2560,28,0.733
2560,29,0.775
2560,30,0.8
2560,31,0.803
2560,32,0.812
2560,33,0.824
2560,34,0.834
2560,35,0.839
2560,36,0.845
2560,37,0.851
2560,38,0.856
2560,39,0.861
2560,40,0.863
2560,41,0.865
2560,42,0.867
2560,43,0.868
2560,44,0.87
2560,45,0.87
2560,46,0.872
2560,47,0.876
2560,48,0.877
2560,49,0.88
2560,50,0.882
2560,51,0.886
2560,52,0.886
2580,1,0.001
2580,2,0.007
2580,3,0.015
2580,4,0.024
2580,5,0.027
2580,6,0.034
2580,7,0.039
2580,8,0.05
2580,9,0.062
2580,10,0.079
2580,11,0.091
2580,12,0.104
2580,13,0.136
2580,14,0.175
2580,15,0.231
2580,16,0.28
2580,17,0.321
2580,18,0.355
2580,19,0.373
2580,20,0.402
2580,21,0.405
2580,22,0.407
2580,23,0.436
2580,24,0.487
2580,25,0.54
2580,26,0.598
2580,27,0.657
2580,28,0.731
2580,29,0.794
2580,30,0.821
2580,31,0.828
2580,32,0.841
2580,33,0.851
2580,34,0.859
2580,35,0.864
2580,36,0.867
2580,37,0.872
2580,38,0.875
2580,39,0.878
2580,40,0.878
2580,41,0.881
2580,42,0.883
2580,43,0.884
2580,44,0.885
2580,45,0.886
2580,46,0.886
2580,47,0.889
2580,48,0.89
2580,49,0.894
2580,50,0.896
2580,51,0.898
2580,52,0.899
2581,1,0.002
2581,2,0.008
2581,3,0.012
2581,4,0.019
2581,5,0.023
2581,6,0.028
2581,7,0.033
2581,8,0.044
2581,9,0.055
2581,10,0.078
2581,11,0.084
2581,12,0.105
2581,13,0.124
2581,14,0.158
2581,15,0.213
2581,16,0.286
2581,17,0.347
2581,18,0.394
2581,19,0.414
2581,20,0.45
2581,21,0.451
2581,22,0.454
2581,23,0.488
2581,24,0.514
2581,25,0.574
2581,26,0.635
2581,27,0.708
2581,28,0.768
2581,29,0.818
2581,30,0.841
2581,31,0.853
2581,32,0.866
2581,33,0.878
2581,34,0.882
2581,35,0.888
2581,36,0.893
2581,37,0.897
2581,38,0.9
2581,39,0.903
2581,40,0.903
2581,41,0.905
2581,42,0.907
2581,43,0.909
2581,44,0.909
2581,45,0.91
2581,46,0.91
2581,47,0.913
2581,48,0.915
2581,49,0.917
2581,50,0.919
2581,51,0.92
2581,52,0.921
2582,1,0.012
2582,2,0.02
2582,3,0.035
2582,4,0.039
2582,5,0.043
2582,6,0.048
2582,7,0.055
2582,8,0.068
2582,9,0.087
2582,10,0.106
2582,11,0.126
2582,12,0.147
2582,13,0.183
2582,14,0.221
2582,15,0.258
2582,16,0.337
2582,17,0.384
2582,18,0.419
2582,19,0.437
2582,20,0.47
2582,21,0.476
2582,22,0.478
2582,23,0.502
2582,24,0.521
2582,25,0.594
2582,26,0.637
2582,27,0.713
2582,28,0.766
2582,29,0.806
2582,30,0.831
2582,31,0.852
2582,32,0.854
2582,33,0.858
2582,34,0.863
2582,35,0.868
2582,36,0.875
2582,37,0.878
2582,38,0.882
2582,39,0.886
2582,40,0.887
2582,41,0.89
2582,42,0.891
2582,43,0.892
2582,44,0.893
2582,45,0.894
2582,46,0.894
2582,47,0.897
2582,48,0.898
2582,49,0.901
2582,50,0.904
2582,51,0.906
2582,52,0.907
2583,1,0.0
2583,2,0.007
2583,3,0.021
2583,4,0.048
2583,5,0.054
2583,6,0.055
2583,7,0.066
2583,8,0.071
2583,9,0.078
2583,10,0.104
2583,11,0.113
2583,12,0.136
2583,13,0.185
2583,14,0.228
2583,15,0.259
2583,16,0.345
2583,17,0.415
2583,18,0.44
2583,19,0.487
2583,20,0.52
2583,21,0.521
2583,22,0.522
2583,23,0.524
2583,24,0.564
2583,25,0.598
2583,26,0.629
2583,27,0.657
2583,28,0.701
2583,29,0.748
2583,30,0.771
2583,31,0.772
2583,32,0.773
2583,33,0.774
2583,34,0.782
2583,35,0.798
2583,36,0.799
2583,37,0.809
2583,38,0.81
2583,39,0.813
2583,40,0.814
2583,41,0.817
2583,42,0.822
2583,43,0.826
2583,44,0.827
2583,45,0.828
2583,46,0.83
2583,47,0.834
2583,48,0.835
2583,49,0.839
2583,50,0.84
2583,51,0.843
2583,52,0.843
2584,1,0.002
2584,2,0.009
2584,3,0.022
2584,4,0.032
2584,5,0.034
2584,6,0.04
2584,7,0.053
2584,8,0.065
2584,9,0.076
2584,10,0.092
2584,11,0.094
2584,12,0.114
2584,13,0.145
2584,14,0.175
2584,15,0.215
2584,16,0.27
2584,17,0.312
2584,18,0.351
2584,19,0.376
2584,20,0.401
2584,21,0.404
2584,22,0.423
2584,23,0.447
2584,24,0.523
2584,25,0.544
2584,26,0.591
2584,27,0.657
2584,28,0.706
2584,29,0.742
2584,30,0.76
2584,31,0.787
2584,32,0.809
2584,33,0.822
2584,34,0.834
2584,35,0.839
2584,36,0.843
2584,37,0.847
2584,38,0.85
2584,39,0.853
2584,40,0.854
2584,41,0.858
2584,42,0.86
2584,43,0.861
2584,44,0.862
2584,45,0.862
2584,46,0.863
2584,47,0.866
2584,48,0.866
2584,49,0.869
2584,50,0.871
2584,51,0.872
2584,52,0.872
