kommun,year,median_inkomst_real2024_20_64
0114,2006,340.79111
0114,2007,349.69501
0114,2008,353.67651
0114,2009,357.4166
0114,2010,359.19461
0114,2011,362.30042
0114,2012,368.52469
0114,2013,373.90701
0114,2014,383.896
0114,2015,395.72211
0114,2016,403.6774
0114,2017,409.2522
0114,2018,414.2352
0114,2019,414.5162
0114,2020,415.33139
0114,2021,418.52609
0114,2022,403.5892
0114,2023,387.88031
0114,2024,391.60001
0115,2006,363.7247
0115,2007,373.84641
0115,2008,380.34039
0115,2009,389.76419
0115,2010,394.75839
0115,2011,398.4238
0115,2012,409.22229
0115,2013,420.57101
0115,2014,433.22369
0115,2015,443.81281
0115,2016,453.00549
0115,2017,460.0946
0115,2018,465.17719
0115,2019,467.4173
0115,2020,473.28751
0115,2021,481.90979
0115,2022,463.19009
0115,2023,445.77441
0115,2024,449.5
0117,2006,360.2189
0117,2007,367.7728
0117,2008,371.77481
0117,2009,382.62979
0117,2010,386.96179
0117,2011,390.29269
0117,2012,395.7446
0117,2013,407.94659
0117,2014,418.59091
0117,2015,429.30609
0117,2016,434.24509
0117,2017,442.18051
0117,2018,449.24991
0117,2019,453.32269
0117,2020,460.37399
0117,2021,469.08789
0117,2022,454.9866
0117,2023,438.06201
0117,2024,441.20001
0120,2006,362.8483
0120,2007,371.55981
0120,2008,377.1629
0120,2009,386.37021
0120,2010,392.43311
0120,2011,395.358
0120,2012,403.1441
0120,2013,413.89529
0120,2014,426.80121
0120,2015,438.71231
0120,2016,446.83951
0120,2017,451.07309
0120,2018,456.96069
0120,2019,458.84879
0120,2020,464.3902
0120,2021,474.65219
0120,2022,460.95779
0120,2023,443.9234
0120,2024,447.29999
0123,2006,349.40939
0123,2007,355.69711
0123,2008,361.1369
0123,2009,366.4213
0123,2010,366.58099
0123,2011,367.8989
0123,2012,375.1976
0123,2013,380.7149
0123,2014,388.66321
0123,2015,399.1666
0123,2016,407.08841
0123,2017,413.05411
0123,2018,417.7746
0123,2019,419.9801
0123,2020,419.5329
0123,2021,421.67111
0123,2022,405.375
0123,2023,391.99359
0123,2024,391.10001
0125,2006,380.8884
0125,2007,388.28
0125,2008,394.01779
0125,2009,405.3493
0125,2010,407.20581
0125,2011,410.9537
0125,2012,420.98239
0125,2013,433.1954
0125,2014,444.34729
0125,2015,459.7106
0125,2016,469.14209
0125,2017,477.62201
0125,2018,486.28711
0125,2019,478.34521
0125,2020,493.0593
0125,2021,502.83621
0125,2022,484.78699
0125,2023,467.36899
0125,2024,470.64999
0126,2006,333.12219
0126,2007,338.9769
0126,2008,342.0715
0126,2009,346.7496
0126,2010,349.483
0126,2011,351.37009
0126,2012,360.8609
0126,2013,367.89221
0126,2014,378.86389
0126,2015,391.8801
0126,2016,400.13519
0126,2017,406.9968
0126,2018,410.94861
0126,2019,415.63379
0126,2020,417.185
0126,2021,426.38861
0126,2022,414.75049
0126,2023,401.60831
0126,2024,402.29999
0127,2006,272.28229
0127,2007,282.0997
0127,2008,289.01999
0127,2009,287.3186
0127,2010,287.7934
0127,2011,292.98611
0127,2012,299.0217
0127,2013,305.62949
0127,2014,317.5517
0127,2015,329.87881
0127,2016,340.96771
0127,2017,348.09961
0127,2018,354.95041
0127,2019,355.53021
0127,2020,356.88101
0127,2021,362.88391
0127,2022,357.71671
0127,2023,345.8222
0127,2024,347.0
0128,2006,366.20801
0128,2007,375.13251
0128,2008,383.10349
0128,2009,390.6647
0128,2010,396.26309
0128,2011,394.4249
0128,2012,401.29419
0128,2013,412.17679
0128,2014,422.43121
0128,2015,435.20151
0128,2016,441.98541
0128,2017,449.39771
0128,2018,455.06461
0128,2019,458.47629
0128,2020,460.43579
0128,2021,464.0076
0128,2022,446.78311
0128,2023,431.06949
0128,2024,434.70001
0136,2006,325.45331
0136,2007,332.4032
0136,2008,335.7164
0136,2009,340.5155
0136,2010,341.68631
0136,2011,343.97211
0136,2012,352.66849
0136,2013,360.0928
0136,2014,369.06451
0136,2015,381.67899
0136,2016,391.87009
0136,2017,397.4599
0136,2018,404.6283
0136,2019,406.32019
0136,2020,409.09091
0136,2021,415.50211
0136,2022,401.35699
0136,2023,384.58969
0136,2024,386.0
0138,2006,361.75269
0138,2007,371.27399
0138,2008,375.64319
0138,2009,384.56921
0138,2010,387.23529
0138,2011,390.5593
0138,2012,400.10501
0138,2013,410.7226
0138,2014,423.62299
0138,2015,435.73141
0138,2016,444.74039
0138,2017,451.07309
0138,2018,455.94949
0138,2019,456.86191
0138,2020,461.30081
0138,2021,469.81369
0138,2022,457.94431
0138,2023,439.09039
0138,2024,437.5
0139,2006,337.28531
0139,2007,342.9783
0139,2008,348.703
0139,2009,352.63721
0139,2010,352.49219
0139,2011,358.56812
0139,2012,366.6088
0139,2013,375.49329
0139,2014,385.61749
0139,2015,394.79471
0139,2016,402.1687
0139,2017,410.34769
0139,2018,413.16071
0139,2019,415.3855
0139,2020,414.4664
0139,2021,414.6554
0139,2022,398.90149
0139,2023,385.72079
0139,2024,386.0
0140,2006,381.98401
0140,2007,395.71121
0140,2008,400.51111
0140,2009,401.40109
0140,2010,413.56619
0140,2011,416.68549
0140,2012,421.77521
0140,2013,431.3447
0140,2014,442.2948
0140,2015,455.14001
0140,2016,464.944
0140,2017,475.0444
0140,2018,483.5062
0140,2019,490.1424
0140,2020,488.98141
0140,2021,498.42111
0140,2022,475.29999
0140,2023,458.16559
0140,2024,459.79999
0160,2006,402.2883
0160,2007,414.4321
0160,2008,421.7869
0160,2009,430.14679
0160,2010,434.9729
0160,2011,438.47949
0160,2012,449.6557
0160,2013,459.63391
0160,2014,473.14941
0160,2015,486.20691
0160,2016,497.61069
0160,2017,505.2019
0160,2018,509.29309
0160,2019,515.47528
0160,2020,524.44702
0160,2021,536.9472
0160,2022,517.88
0160,2023,496.26471
0160,2024,497.79999
0162,2006,423.7612
0162,2007,430.00909
0162,2008,435.32611
0162,2009,444.0694
0162,2010,448.241
0162,2011,450.4762
0162,2012,459.1694
0162,2013,472.06
0162,2014,486.65671
0162,2015,497.20279
0162,2016,509.02441
0162,2017,514.09448
0162,2018,521.93378
0162,2019,533.97827
0162,2020,551.26251
0162,2021,565.61511
0162,2022,554.37708
0162,2023,531.3302
0162,2024,530.45001
0163,2006,376.14099
0163,2007,385.56479
0163,2008,392.08359
0163,2009,397.72989
0163,2010,400.36661
0163,2011,402.4227
0163,2012,411.73291
0163,2013,423.0166
0163,2014,431.30359
0163,2015,444.9389
0163,2016,454.18619
0163,2017,457.1304
0163,2018,462.90179
0163,2019,464.93369
0163,2020,473.6582
0163,2021,481.78891
0163,2022,465.98041
0163,2023,445.26031
0163,2024,445.29999
0180,2006,332.75699
0180,2007,343.40701
0180,2008,351.7424
0180,2009,356.58539
0180,2010,359.0578
0180,2011,364.1666
0180,2012,374.20651
0180,2013,383.3588
0180,2014,394.09259
0180,2015,407.77789
0180,2016,418.50211
0180,2017,425.29749
0180,2018,432.3114
0180,2019,437.61389
0180,2020,441.0347
0180,2021,449.1293
0180,2022,439.08191
0180,2023,423.35709
0180,2024,423.70001
0181,2006,309.67731
0181,2007,310.39539
0181,2008,314.85501
0181,2009,310.03821
0181,2010,306.396
0181,2011,315.38
0181,2012,319.50259
0181,2013,323.7399
0181,2014,330.13199
0181,2015,342.06711
0181,2016,350.0199
0181,2017,360.47189
0181,2018,371.13049
0181,2019,374.52991
0181,2020,371.5863
0181,2021,372.92371
0181,2022,365.3063
0181,2023,357.4422
0181,2024,357.79999
0182,2006,371.6127
0182,2007,381.27759
0182,2008,386.83371
0182,2009,394.12799
0182,2010,398.04129
0182,2011,403.48911
0182,2012,414.63989
0182,2013,423.14871
0182,2014,436.9978
0182,2015,453.1528
0182,2016,464.41919
0182,2017,470.40479
0182,2018,478.44989
0182,2019,485.29941
0182,2020,493.0593
0182,2021,508.03751
0182,2022,495.11111
0182,2023,477.34369
0182,2024,478.79999
0183,2006,335.97061
0183,2007,347.40851
0183,2008,349.39371
0183,2009,353.26059
0183,2010,356.3222
0183,2011,360.03439
0183,2012,368.1283
0183,2013,376.22031
0183,2014,389.7226
0183,2015,400.0939
0183,2016,412.336
0183,2017,422.84879
0183,2018,432.3114
0183,2019,439.47659
0183,2020,442.7648
0183,2021,451.1857
0183,2022,439.19351
0183,2023,425.92789
0183,2024,431.20001
0184,2006,345.02719
0184,2007,355.69711
0184,2008,363.62369
0184,2009,368.4993
0184,2010,370.1373
0184,2011,372.431
0184,2012,385.1077
0184,2013,397.23901
0184,2014,410.64551
0184,2015,424.603
0184,2016,434.37631
0184,2017,441.14951
0184,2018,449.37631
0184,2019,456.241
0184,2020,463.40161
0184,2021,470.41849
0184,2022,463.3017
0184,2023,451.73859
0184,2024,455.60001
0186,2006,385.48981
0186,2007,392.28149
0186,2008,397.74799
0186,2009,405.3493
0186,2010,405.15399
0186,2011,408.82101
0186,2012,421.64301
0186,2013,429.09741
0186,2014,440.8381
0186,2015,451.4967
0186,2016,461.2706
0186,2017,472.5957
0186,2018,478.95551
0186,2019,485.67191
0186,2020,494.9129
0186,2021,509.60999
0186,2022,495.78079
0186,2023,477.24081
0186,2024,477.29999
0187,2006,371.39359
0187,2007,386.7081
0187,2008,386.48831
0187,2009,399.1152
0187,2010,408.36841
0187,2011,414.2861
0187,2012,422.1716
0187,2013,432.26999
0187,2014,443.61899
0187,2015,459.44559
0187,2016,470.97879
0187,2017,483.22821
0187,2018,491.7226
0187,2019,492.87439
0187,2020,503.68661
0187,2021,514.146
0187,2022,505.60269
0187,2023,486.6499
0187,2024,482.0
0188,2006,313.91339
0188,2007,320.97049
0188,2008,326.45999
0188,2009,329.987
0188,2010,333.06891
0188,2011,339.90659
0188,2012,348.5723
0188,2013,355.5983
0188,2014,365.35669
0188,2015,374.79001
0188,2016,384.12979
0188,2017,388.82501
0188,2018,393.63089
0188,2019,394.77139
0188,2020,398.0311
0188,2021,403.164
0188,2022,387.96359
0188,2023,371.73581
0188,2024,375.29999
0191,2006,326.914
0191,2007,335.83289
0191,2008,339.58469
0191,2009,338.29901
0191,2010,339.42929
0191,2011,343.37231
0191,2012,350.42221
0191,2013,354.80511
0191,2014,363.23792
0191,2015,373.3327
0191,2016,381.50589
0191,2017,385.47421
0191,2018,391.7348
0191,2019,392.90869
0191,2020,382.46078
0191,2021,382.8425
0191,2022,375.57458
0191,2023,363.92059
0191,2024,364.70001
0192,2006,326.32971
0192,2007,330.54541
0192,2008,337.23611
0192,2009,342.59351
0192,2010,343.46451
0192,2011,350.03711
0192,2012,360.8609
0192,2013,366.37201
0192,2014,376.08301
0192,2015,389.2305
0192,2016,399.02011
0192,2017,402.35721
0192,2018,408.2941
0192,2019,412.28091
0192,2020,414.4664
0192,2021,419.37289
0192,2022,402.0267
0192,2023,385.5152
0192,2024,384.29999
0305,2006,364.1629
0305,2007,371.55981
0305,2008,375.36691
0305,2009,383.53021
0305,2010,385.5939
0305,2011,389.293
0305,2012,399.9729
0305,2013,409.4007
0305,2014,419.78271
0305,2015,432.35321
0305,2016,440.80469
0305,2017,445.66019
0305,2018,450.1347
0305,2019,452.26721
0305,2020,454.6279
0305,2021,460.13681
0305,2022,442.98831
0305,2023,425.46521
0305,2024,431.39999
0319,2006,303.54221
0319,2007,313.75369
0319,2008,326.87451
0319,2009,328.1861
0319,2010,332.52179
0319,2011,336.44089
0319,2012,341.2388
0319,2013,346.8736
0319,2014,359.13269
0319,2015,362.66791
0319,2016,370.4202
0319,2017,379.73911
0319,2018,390.4707
0319,2019,394.21259
0319,2020,402.8504
0319,2021,411.3894
0319,2022,395.60901
0319,2023,380.27081
0319,2024,384.95001
0330,2006,375.84891
0330,2007,383.707
0330,2008,385.45221
0330,2009,393.9895
0330,2010,398.72519
0330,2011,403.62241
0330,2012,414.37561
0330,2013,422.62
0330,2014,434.74661
0330,2015,444.34271
0330,2016,455.4982
0330,2017,463.18759
0330,2018,470.3598
0330,2019,473.25381
0330,2020,476.99469
0330,2021,476.95041
0330,2022,459.39529
0330,2023,441.24979
0330,2024,440.79999
0331,2006,304.19949
0331,2007,312.96771
0331,2008,314.9241
0331,2009,315.0946
0331,2010,315.15021
0331,2011,323.11121
0331,2012,335.0946
0331,2013,341.2554
0331,2014,353.57101
0331,2015,360.34949
0331,2016,369.10831
0331,2017,378.7081
0331,2018,383.64481
0331,2019,384.71271
0331,2020,388.5159
0331,2021,389.0116
0331,2022,375.07239
0331,2023,361.9668
0331,2024,361.5
0360,2006,297.26099
0360,2007,305.96521
0360,2008,316.37469
0360,2009,312.87811
0360,2010,316.3812
0360,2011,331.50891
0360,2012,338.26581
0360,2013,344.22971
0360,2014,352.37909
0360,2015,362.99911
0360,2016,369.04269
0360,2017,375.6795
0360,2018,385.9201
0360,2019,386.76169
0360,2020,390.7402
0360,2021,395.24109
0360,2022,380.4855
0360,2023,366.38849
0360,2024,367.10001
0380,2006,306.7558
0380,2007,315.5401
0380,2008,320.79568
0380,2009,322.92181
0380,2010,323.49399
0380,2011,330.0426
0380,2012,338.39789
0380,2013,347.0058
0380,2014,359.79489
0380,2015,373.06769
0380,2016,383.2114
0380,2017,387.6651
0380,2018,390.72351
0380,2019,392.66031
0380,2020,393.5824
0380,2021,396.02731
0380,2022,383.83389
0380,2023,367.6225
0380,2024,367.39999
0381,2006,326.0376
0381,2007,335.33279
0381,2008,338.7558
0381,2009,347.16519
0381,2010,350.03009
0381,2011,355.36899
0381,2012,364.4285
0381,2013,373.44431
0381,2014,383.76349
0381,2015,397.44431
0381,2016,404.20209
0381,2017,407.5123
0381,2018,412.8447
0381,2019,413.52271
0381,2020,415.20779
0381,2021,419.97769
0381,2022,404.03571
0381,2023,388.70291
0381,2024,390.0
0382,2006,325.5994
0382,2007,334.3324
0382,2008,341.3808
0382,2009,347.30371
0382,2010,350.09851
0382,2011,355.10239
0382,2012,369.7139
0382,2013,377.5423
0382,2014,388.13351
0382,2015,397.17929
0382,2016,402.1687
0382,2017,411.5076
0382,2018,416.88971
0382,2019,421.71869
0382,2020,428.5538
0382,2021,430.2594
0382,2022,411.2905
0382,2023,397.18649
0382,2024,401.5
0428,2006,304.05341
0428,2007,313.8252
0428,2008,319.6904
0428,2009,327.77051
0428,2010,328.2814
0428,2011,330.84241
0428,2012,335.3588
0428,2013,340.79269
0428,2014,350.1279
0428,2015,357.03751
0428,2016,360.44971
0428,2017,369.36441
0428,2018,373.34259
0428,2019,377.01349
0428,2020,378.25931
0428,2021,382.8425
0428,2022,370.27301
0428,2023,355.1799
0428,2024,355.60001
0461,2006,328.95911
0461,2007,335.83289
0461,2008,338.065
0461,2009,344.0481
0461,2010,350.78241
0461,2011,354.83578
0461,2012,360.46451
0461,2013,365.7771
0461,2014,375.6857
0461,2015,386.71329
0461,2016,391.34531
0461,2017,404.4837
0461,2018,410.00061
0461,2019,411.2254
0461,2020,413.47781
0461,2021,417.9213
0461,2022,400.24091
0461,2023,386.1322
0461,2024,390.0
0480,2006,325.30719
0480,2007,332.11731
0480,2008,338.34131
0480,2009,342.45499
0480,2010,346.88409
0480,2011,353.3696
0480,2012,359.53949
0480,2013,367.76001
0480,2014,380.05569
0480,2015,390.82019
0480,2016,398.29849
0480,2017,402.48611
0480,2018,409.5582
0480,2019,410.41821
0480,2020,409.27631
0480,2021,417.67941
0480,2022,400.79889
0480,2023,381.6076
0480,2024,382.60001
0481,2006,331.95361
0481,2007,340.54889
0481,2008,347.87399
0481,2009,348.55051
0481,2010,351.9451
0481,2011,364.4332
0481,2012,368.92111
0481,2013,376.0882
0481,2014,379.12869
0481,2015,385.38849
0481,2016,383.9986
0481,2017,386.89191
0481,2018,396.2854
0481,2019,398.4968
0481,2020,392.22311
0481,2021,403.95029
0481,2022,398.90149
0481,2023,384.384
0481,2024,385.95001
0482,2006,297.9913
0482,2007,304.25031
0482,2008,310.9176
0482,2009,305.8129
0482,2010,303.79709
0482,2011,315.64661
0482,2012,316.4635
0482,2013,318.45221
0482,2014,326.02689
0482,2015,334.18439
0482,2016,335.8512
0482,2017,344.10431
0482,2018,348.8829
0482,2019,351.6806
0482,2020,357.99319
0482,2021,360.34369
0482,2022,354.81479
0482,2023,340.37219
0482,2024,345.0
0483,2006,298.8678
0483,2007,309.68079
0483,2008,316.78922
0483,2009,322.43689
0483,2010,325.06699
0483,2011,332.17542
0483,2012,337.80331
0483,2013,342.90781
0483,2014,352.90881
0483,2015,365.05261
0483,2016,370.48581
0483,2017,375.5506
0483,2018,380.61099
0483,2019,382.85001
0483,2020,386.0444
0483,2021,393.36621
0483,2022,376.13269
0483,2023,361.86389
0483,2024,361.89999
0484,2006,306.60971
0484,2007,315.25421
0484,2008,321.3483
0484,2009,315.99509
0484,2010,316.1077
0484,2011,325.9104
0484,2012,330.99841
0484,2013,335.2406
0484,2014,342.315
0484,2015,355.84509
0484,2016,363.53271
0484,2017,370.7821
0484,2018,376.56601
0484,2019,376.64099
0484,2020,376.22031
0484,2021,383.6893
0484,2022,371.77979
0484,2023,359.08749
0484,2024,361.5
0486,2006,339.47641
0486,2007,348.5517
0486,2008,353.40021
0486,2009,360.18729
0486,2010,366.64929
0486,2011,371.8978
0486,2012,380.02051
0486,2013,388.18381
0486,2014,395.6817
0486,2015,407.71161
0486,2016,414.8287
0486,2017,419.88461
0486,2018,424.72699
0486,2019,428.05191
0486,2020,429.0481
0486,2021,436.9122
0486,2022,422.8981
0486,2023,405.56729
0486,2024,407.79999
0488,2006,357.88181
0488,2007,365.27191
0488,2008,369.08081
0488,2009,372.79391
0488,2010,380.46451
0488,2011,389.4263
0488,2012,390.9877
0488,2013,392.54611
0488,2014,404.1568
0488,2015,417.18399
0488,2016,429.65341
0488,2017,429.16379
0488,2018,439.76941
0488,2019,443.88501
0488,2020,448.44919
0488,2021,451.54861
0488,2022,435.28711
0488,2023,421.09491
0488,2024,424.29999
0509,2006,296.09241
0509,2007,302.67841
0509,2008,310.15771
0509,2009,303.45779
0509,2010,308.72131
0509,2011,321.57831
0509,2012,327.1665
0509,2013,334.24921
0509,2014,340.52719
0509,2015,347.63129
0509,2016,363.27029
0509,2017,368.97781
0509,2018,377.45081
0509,2019,384.83691
0509,2020,397.28961
0509,2021,408.97021
0509,2022,393.1535
0509,2023,375.07779
0509,2024,380.5
0512,2006,312.5257
0512,2007,324.1145
0512,2008,327.63431
0512,2009,334.97421
0512,2010,335.12061
0512,2011,338.64029
0512,2012,346.32599
0512,2013,352.8222
0512,2014,364.2973
0512,2015,373.59769
0512,2016,380.71881
0512,2017,389.7272
0512,2018,395.02139
0512,2019,395.08191
0512,2020,398.46359
0512,2021,405.8252
0512,2022,385.50809
0512,2023,373.02109
0512,2024,375.5
0513,2006,312.67181
0513,2007,317.5408
0513,2008,325.6311
0513,2009,329.43289
0513,2010,334.23151
0513,2011,341.5061
0513,2012,349.10089
0513,2013,356.78799
0513,2014,365.75391
0513,2015,376.11481
0513,2016,386.8848
0513,2017,396.17111
0513,2018,398.94
0513,2019,402.59479
0513,2020,407.11371
0513,2021,417.80042
0513,2022,398.7341
0513,2023,387.26331
0513,2024,391.10001
0560,2006,315.66629
0560,2007,329.3306
0560,2008,335.44009
0560,2009,333.72739
0560,2010,335.12061
0560,2011,348.10431
0560,2012,357.6897
0560,2013,366.17371
0560,2014,376.48019
0560,2015,391.61511
0560,2016,404.85809
0560,2017,407.89899
0560,2018,411.58069
0560,2019,416.00641
0560,2020,421.26291
0560,2021,421.36871
0560,2022,407.1608
0560,2023,390.14261
0560,2024,395.0
0561,2006,311.79529
0561,2007,321.68509
0561,2008,326.52911
0561,2009,328.1861
0561,2010,332.38501
0561,2011,341.37289
0561,2012,348.7045
0561,2013,356.78799
0561,2014,366.54849
0561,2015,378.7644
0561,2016,387.01599
0561,2017,389.46939
0561,2018,397.5495
0561,2019,402.59479
0561,2020,405.0748
0561,2021,412.84091
0561,2022,396.11121
0561,2023,381.2991
0561,2024,382.60001
0562,2006,326.0376
0562,2007,332.689
0562,2008,341.1044
0562,2009,347.02661
0562,2010,353.03931
0562,2011,358.56812
0562,2012,365.6178
0562,2013,367.2312
0562,2014,369.72659
0562,2015,380.22171
0562,2016,389.24631
0562,2017,396.29999
0562,2018,403.99631
0562,2019,404.33331
0562,2020,408.16409
0562,2021,413.86911
0562,2022,396.7251
0562,2023,383.5614
0562,2024,386.29999
0563,2006,279.43991
0563,2007,290.17389
0563,2008,301.45401
0563,2009,299.50961
0563,2010,300.51431
0563,2011,306.3158
0563,2012,310.91379
0563,2013,322.1535
0563,2014,335.49509
0563,2015,339.5499
0563,2016,348.38
0563,2017,355.44559
0563,2018,360.25949
0563,2019,358.26221
0563,2020,370.96841
0563,2021,383.6893
0563,2022,366.534
0563,2023,351.58081
0563,2024,354.04999
0580,2006,307.48621
0580,2007,314.39679
0580,2008,321.3483
0580,2009,323.75299
0580,2010,323.90439
0580,2011,330.97571
0580,2012,338.92651
0580,2013,348.1955
0580,2014,359.13269
0580,2015,375.31989
0580,2016,383.9986
0580,2017,389.2117
0580,2018,392.24039
0580,2019,398.86938
0580,2020,401.24399
0580,2021,407.63959
0580,2022,391.5351
0580,2023,377.49429
0580,2024,379.79999
0581,2006,291.8562
0581,2007,305.39359
0581,2008,312.2301
0581,2009,316.96481
0581,2010,320.4848
0581,2011,326.97681
0581,2012,334.03751
0581,2013,340.79269
0581,2014,350.92249
0581,2015,362.46921
0581,2016,371.5354
0581,2017,378.5148
0581,2018,385.54089
0581,2019,388.68649
0581,2020,392.71741
0581,2021,399.65619
0581,2022,384.72681
0581,2023,371.1188
0581,2024,375.5
0582,2006,311.72229
0582,2007,320.68469
0582,2008,330.46649
0582,2009,338.29901
0582,2010,344.6955
0582,2011,349.3707
0582,2012,356.104
0582,2013,364.323
0582,2014,379.39359
0582,2015,392.0126
0582,2016,401.31589
0582,2017,409.31659
0582,2018,413.72961
0582,2019,416.06839
0582,2020,422.93121
0582,2021,432.79959
0582,2022,411.96011
0582,2023,396.26111
0582,2024,400.79999
0583,2006,305.29501
0583,2007,314.61121
0583,2008,319.20691
0583,2009,320.56671
0583,2010,320.7583
0583,2011,326.177
0583,2012,334.56601
0583,2013,344.62631
0583,2014,355.95459
0583,2015,365.78119
0583,2016,373.10971
0583,2017,379.15921
0583,2018,386.6785
0583,2019,392.28781
0583,2020,394.57101
0583,2021,400.98669
0583,2022,386.73581
0583,2023,372.35269
0583,2024,377.39999
0584,2006,312.30661
0584,2007,322.1853
0584,2008,327.91071
0584,2009,336.6366
0584,2010,342.50699
0584,2011,345.90491
0584,2012,354.5184
0584,2013,364.6535
0584,2014,372.90479
0584,2015,383.53381
0584,2016,393.57559
0584,2017,396.4288
0584,2018,402.22659
0584,2019,409.23849
0584,2020,411.12991
0584,2021,417.4375
0584,2022,405.375
0584,2023,388.70291
0584,2024,387.60001
0586,2006,316.68881
0586,2007,327.4014
0586,2008,335.0256
0586,2009,338.57611
0586,2010,339.63449
0586,2011,347.77109
0586,2012,356.23621
0586,2013,365.6449
0586,2014,377.27481
0586,2015,389.89291
0586,2016,400.9223
0586,2017,408.09229
0586,2018,414.61441
0586,2019,419.85599
0586,2020,419.4093
0586,2021,426.63049
0586,2022,411.73691
0586,2023,394.66721
0586,2024,400.10001
0604,2006,318.29559
0604,2007,329.97369
0604,2008,334.19669
0604,2009,339.9614
0604,2010,342.50699
0604,2011,344.70529
0604,2012,351.215
0604,2013,358.10999
0604,2014,370.38879
0604,2015,379.5593
0604,2016,392.2637
0604,2017,399.32861
0604,2018,404.7547
0604,2019,403.09149
0604,2020,407.608
0604,2021,409.87741
0604,2022,396.39029
0604,2023,380.57932
0604,2024,383.54999
0617,2006,340.79111
0617,2007,343.5499
0617,2008,343.59119
0617,2009,337.9527
0617,2010,343.73801
0617,2011,352.10321
0617,2012,360.13419
0617,2013,366.83469
0617,2014,375.2222
0617,2015,385.78589
0617,2016,390.8862
0617,2017,395.26889
0617,2018,401.2153
0617,2019,405.94769
0617,2020,404.20981
0617,2021,419.73569
0617,2022,396.78091
0617,2023,377.23721
0617,2024,380.75
0642,2006,331.15021
0642,2007,338.54819
0642,2008,341.6571
0642,2009,337.9527
0642,2010,347.02081
0642,2011,352.9697
0642,2012,359.67169
0642,2013,372.38681
0642,2014,381.31369
0642,2015,389.09799
0642,2016,399.93839
0642,2017,399.2641
0642,2018,411.20139
0642,2019,413.39859
0642,2020,415.146
0642,2021,422.63879
0642,2022,400.57571
0642,2023,384.17841
0642,2024,390.39999
0643,2006,341.8136
0643,2007,347.40851
0643,2008,353.53839
0643,2009,359.7717
0643,2010,365.76019
0643,2011,370.7648
0643,2012,379.09549
0643,2013,387.19229
0643,2014,398.19769
0643,2015,412.2822
0643,2016,419.15799
0643,2017,426.4574
0643,2018,431.93219
0643,2019,433.5159
0643,2020,441.0965
0643,2021,450.70181
0643,2022,433.72449
0643,2023,420.47791
0643,2024,421.79999
0662,2006,333.9256
0662,2007,341.83511
0662,2008,342.62421
0662,2009,341.20819
0662,2010,343.73801
0662,2011,349.90381
0662,2012,360.06812
0662,2013,366.70251
0662,2014,375.55331
0662,2015,384.32861
0662,2016,394.75629
0662,2017,401.97061
0662,2018,407.66199
0662,2019,408.18301
0662,2020,407.91699
0662,2021,422.155
0662,2022,401.5802
0662,2023,383.9213
0662,2024,382.5
0665,2006,335.2403
0665,2007,344.12161
0665,2008,346.83789
0665,2009,341.62381
0665,2010,354.8175
0665,2011,359.50119
0665,2012,366.87299
0665,2013,375.62549
0665,2014,388.2659
0665,2015,399.7627
0665,2016,408.79391
0665,2017,414.21399
0665,2018,418.78589
0665,2019,418.6142
0665,2020,418.11179
0665,2021,427.23529
0665,2022,408.50021
0665,2023,390.55389
0665,2024,392.95001
0680,2006,326.0376
0680,2007,333.6893
0680,2008,338.61771
0680,2009,342.3165
0680,2010,345.78979
0680,2011,351.37009
0680,2012,359.1431
0680,2013,365.5127
0680,2014,377.53961
0680,2015,388.96552
0680,2016,397.90491
0680,2017,404.677
0680,2018,410.31659
0680,2019,412.6535
0680,2020,412.61279
0680,2021,419.37289
0680,2022,402.13831
0680,2023,383.8699
0680,2024,385.10001
0682,2006,324.86899
0682,2007,330.54541
0682,2008,334.7493
0682,2009,335.52829
0682,2010,339.49771
0682,2011,343.10571
0682,2012,351.08289
0682,2013,360.0928
0682,2014,365.88629
0682,2015,374.79001
0682,2016,385.7041
0682,2017,391.40259
0682,2018,394.89499
0682,2019,396.3858
0682,2020,398.1546
0682,2021,403.4664
0682,2022,386.62421
0682,2023,369.37061
0682,2024,370.60001
0683,2006,343.71259
0683,2007,350.69531
0683,2008,354.22919
0683,2009,352.845
0683,2010,357.96359
0683,2011,365.233
0683,2012,371.69601
0683,2013,380.1861
0683,2014,389.32529
0683,2015,398.2392
0683,2016,405.7764
0683,2017,411.76529
0683,2018,416.76331
0683,2019,418.6142
0683,2020,418.29721
0683,2021,427.84009
0683,2022,407.4957
0683,2023,390.75961
0683,2024,392.29999
0684,2006,318.6608
0684,2007,325.82941
0684,2008,330.88101
0684,2009,327.49341
0684,2010,334.2999
0684,2011,340.90631
0684,2012,346.98669
0684,2013,348.06329
0684,2014,358.00711
0684,2015,370.28561
0684,2016,377.57019
0684,2017,389.46939
0684,2018,394.0101
0684,2019,397.93799
0684,2020,393.82959
0684,2021,403.164
0684,2022,387.40549
0684,2023,363.61209
0684,2024,365.60001
0685,2006,332.6109
0685,2007,341.978
0685,2008,345.52539
0685,2009,341.62381
0685,2010,348.32031
0685,2011,354.30261
0685,2012,360.8609
0685,2013,366.57031
0685,2014,379.7908
0685,2015,390.02539
0685,2016,397.77371
0685,2017,403.7749
0685,2018,407.1564
0685,2019,408.67969
0685,2020,407.91699
0685,2021,418.52609
0685,2022,399.45959
0685,2023,378.47119
0685,2024,374.89999
0686,2006,330.12769
0686,2007,337.6907
0686,2008,341.93341
0686,2009,345.9184
0686,2010,350.8508
0686,2011,355.63559
0686,2012,358.61459
0686,2013,366.57031
0686,2014,379.45981
0686,2015,391.08521
0686,2016,396.59299
0686,2017,400.68179
0686,2018,402.16339
0686,2019,403.46411
0686,2020,404.02441
0686,2021,411.87329
0686,2022,390.86551
0686,2023,373.99799
0686,2024,376.60001
0687,2006,307.77829
0687,2007,320.3989
0687,2008,327.15079
0687,2009,327.35489
0687,2010,327.05042
0687,2011,332.90851
0687,2012,340.38
0687,2013,346.34479
0687,2014,357.8085
0687,2015,372.0079
0687,2016,379.93161
0687,2017,387.08521
0687,2018,394.0101
0687,2019,398.2485
0687,2020,394.69461
0687,2021,404.4946
0687,2022,387.18231
0687,2023,375.74619
0687,2024,376.70001
0760,2006,331.88049
0760,2007,338.9769
0760,2008,345.1109
0760,2009,334.14301
0760,2010,343.73801
0760,2011,351.76999
0760,2012,350.15799
0760,2013,351.89691
0760,2014,369.26321
0760,2015,376.64471
0760,2016,384.9169
0760,2017,395.0112
0760,2018,402.0369
0760,2019,398.86938
0760,2020,396.30099
0760,2021,406.55099
0760,2022,390.41901
0760,2023,366.85129
0760,2024,366.0
0761,2006,325.74539
0761,2007,328.4017
0761,2008,328.6705
0761,2009,324.03
0761,2010,319.04849
0761,2011,328.64301
0761,2012,333.3768
0761,2013,328.63101
0761,2014,326.689
0761,2015,333.1908
0761,2016,344.77219
0761,2017,355.25229
0761,2018,359.6275
0761,2019,364.5954
0761,2020,364.4808
0761,2021,371.23029
0761,2022,363.2973
0761,2023,346.85049
0761,2024,348.95001
0763,2006,312.8909
0763,2007,318.68399
0763,2008,326.18369
0763,2009,327.35489
0763,2010,333.616
0763,2011,334.57471
0763,2012,339.85141
0763,2013,340.9249
0763,2014,349.8631
0763,2015,353.65921
0763,2016,366.28769
0763,2017,371.81311
0763,2018,378.84131
0763,2019,382.16699
0763,2020,383.8201
0763,2021,389.07199
0763,2022,371.89139
0763,2023,355.59119
0763,2024,360.70001
0764,2006,327.7905
0764,2007,333.54639
0764,2008,339.30841
0764,2009,337.7449
0764,2010,337.3092
0764,2011,345.43839
0764,2012,349.03479
0764,2013,349.6496
0764,2014,358.86789
0764,2015,370.15311
0764,2016,380.3252
0764,2017,385.86081
0764,2018,393.8837
0764,2019,396.63409
0764,2020,394.69461
0764,2021,400.01901
0764,2022,383.22
0764,2023,370.3989
0764,2024,371.85001
0765,2006,343.1283
0765,2007,354.83969
0765,2008,356.43961
0765,2009,358.94049
0765,2010,362.88779
0765,2011,370.29819
0765,2012,374.20651
0765,2013,380.1861
0765,2014,395.0195
0765,2015,406.91669
0765,2016,412.2048
0765,2017,414.4718
0765,2018,412.71829
0765,2019,427.55521
0765,2020,423.4873
0765,2021,434.1301
0765,2022,416.20139
0765,2023,400.0144
0765,2024,401.95001
0767,2006,313.10999
0767,2007,315.68301
0767,2008,317.3418
0767,2009,312.5318
0767,2010,309.26849
0767,2011,316.84631
0767,2012,328.0914
0767,2013,332.92719
0767,2014,344.43369
0767,2015,354.38779
0767,2016,363.40149
0767,2017,362.98499
0767,2018,372.01529
0767,2019,375.8959
0767,2020,378.50641
0767,2021,387.31812
0767,2022,377.58359
0767,2023,368.2395
0767,2024,365.60001
0780,2006,322.23959
0780,2007,329.83081
0780,2008,333.6441
0780,2009,336.22101
0780,2010,337.71951
0780,2011,343.77219
0780,2012,350.55441
0780,2013,357.58121
0780,2014,367.4754
0780,2015,378.49951
0780,2016,388.7215
0780,2017,394.10901
0780,2018,398.43439
0780,2019,400.73209
0780,2020,399.63751
0780,2021,406.55099
0780,2022,390.53061
0780,2023,373.68951
0780,2024,375.0
0781,2006,337.13919
0781,2007,341.54919
0781,2008,344.55829
0781,2009,342.73209
0781,2010,341.1391
0781,2011,348.90411
0781,2012,354.9809
0781,2013,359.82849
0781,2014,368.53479
0781,2015,380.88409
0781,2016,390.03339
0781,2017,396.17111
0781,2018,399.19281
0781,2019,403.2157
0781,2020,401.80011
0781,2021,409.57501
0781,2022,394.9393
0781,2023,378.67691
0781,2024,382.39999
0821,2006,286.23239
0821,2007,300.9635
0821,2008,309.05249
0821,2009,293.2756
0821,2010,297.57349
0821,2011,308.5152
0821,2012,310.5835
0821,2013,305.76169
0821,2014,316.09509
0821,2015,321.06879
0821,2016,326.01181
0821,2017,328.8967
0821,2018,340.3504
0821,2019,340.13181
0821,2020,349.09589
0821,2021,354.77951
0821,2022,339.8588
0821,2023,324.94739
0821,2024,320.45001
0834,2006,297.84531
0834,2007,308.2518
0834,2008,314.02609
0834,2009,305.0509
0834,2010,307.62711
0834,2011,316.6463
0834,2012,319.83301
0834,2013,324.79739
0834,2014,341.12311
0834,2015,345.37909
0834,2016,348.57681
0834,2017,365.2403
0834,2018,368.47589
0834,2019,375.52341
0834,2020,380.11292
0834,2021,391.0679
0834,2022,374.34689
0834,2023,361.45261
0834,2024,360.60001
0840,2006,312.16049
0840,2007,320.1131
0840,2008,330.3284
0840,2009,334.97421
0840,2010,340.8656
0840,2011,345.10519
0840,2012,354.84879
0840,2013,364.85181
0840,2014,378.99631
0840,2015,389.76041
0840,2016,396.92099
0840,2017,406.0947
0840,2018,409.87421
0840,2019,414.64041
0840,2020,421.4483
0840,2021,428.9288
0840,2022,414.75049
0840,2023,398.98611
0840,2024,400.70001
0860,2006,293.6091
0860,2007,307.17999
0860,2008,312.36819
0860,2009,302.41879
0860,2010,312.1409
0860,2011,324.44421
0860,2012,327.36469
0860,2013,331.80359
0860,2014,340.72589
0860,2015,349.6185
0860,2016,348.31439
0860,2017,359.18311
0860,2018,370.37201
0860,2019,375.27499
0860,2020,378.25931
0860,2021,382.41919
0860,2022,362.51599
0860,2023,348.49579
0860,2024,353.70001
0861,2006,321.2171
0861,2007,333.6893
0861,2008,340.3446
0861,2009,338.85309
0861,2010,344.0116
0861,2011,352.16989
0861,2012,355.37729
0861,2013,358.7048
0861,2014,370.45499
0861,2015,381.54651
0861,2016,388.5903
0861,2017,391.98251
0861,2018,398.30789
0861,2019,401.4772
0861,2020,399.69931
0861,2021,408.7887
0861,2022,391.64679
0861,2023,377.90561
0861,2024,381.79999
0862,2006,327.06009
0862,2007,337.97659
0862,2008,346.00891
0862,2009,342.52429
0862,2010,344.83231
0862,2011,351.76999
0862,2012,353.06491
0862,2013,357.51511
0862,2014,363.56891
0862,2015,373.79639
0862,2016,374.02802
0862,2017,380.448
0862,2018,382.1279
0862,2019,384.96109
0862,2020,387.89801
0862,2021,394.09189
0862,2022,378.30911
0862,2023,366.4913
0862,2024,365.10001
0880,2006,305.29501
0880,2007,315.25421
0880,2008,322.17719
0880,2009,325.96951
0880,2010,329.44409
0880,2011,334.57471
0880,2012,340.90851
0880,2013,353.48318
0880,2014,362.77441
0880,2015,375.0549
0880,2016,384.52341
0880,2017,393.33578
0880,2018,399.06641
0880,2019,401.9118
0880,2020,402.974
0880,2021,409.2121
0880,2022,393.4325
0880,2023,376.466
0880,2024,376.79999
0881,2006,308.9469
0881,2007,317.96951
0881,2008,323.2825
0881,2009,312.73959
0881,2010,316.7916
0881,2011,326.24371
0881,2012,331.85721
0881,2013,339.33859
0881,2014,347.47949
0881,2015,359.02469
0881,2016,359.53131
0881,2017,368.84891
0881,2018,374.41711
0881,2019,380.73901
0881,2020,381.96649
0881,2021,387.92291
0881,2022,373.2308
0881,2023,356.92801
0881,2024,357.29999
0882,2006,335.97061
0882,2007,346.40811
0882,2008,353.8147
0882,2009,357.4166
0882,2010,365.76019
0882,2011,368.832
0882,2012,374.60291
0882,2013,385.60599
0882,2014,398.595
0882,2015,411.02371
0882,2016,416.40302
0882,2017,427.74619
0882,2018,430.54169
0882,2019,426.49969
0882,2020,420.76859
0882,2021,434.8559
0882,2022,411.79269
0882,2023,393.63889
0882,2024,396.10001
0883,2006,298.28351
0883,2007,310.39539
0883,2008,322.45349
0883,2009,322.64471
0883,2010,329.64929
0883,2011,337.5072
0883,2012,343.48511
0883,2013,347.66669
0883,2014,360.85431
0883,2015,370.5506
0883,2016,376.12711
0883,2017,385.40979
0883,2018,390.72351
0883,2019,391.6048
0883,2020,396.05389
0883,2021,401.34961
0883,2022,385.73129
0883,2023,368.5994
0883,2024,373.39999
0884,2006,319.75641
0884,2007,325.4007
0884,2008,332.12439
0884,2009,331.37231
0884,2010,336.07809
0884,2011,345.23849
0884,2012,350.2901
0884,2013,357.3168
0884,2014,370.52121
0884,2015,380.6192
0884,2016,384.26099
0884,2017,393.9801
0884,2018,400.20401
0884,2019,405.69931
0884,2020,405.63089
0884,2021,413.7482
0884,2022,395.66479
0884,2023,378.1113
0884,2024,382.70001
0885,2006,261.6189
0885,2007,274.0968
0885,2008,276.30981
0885,2009,280.25339
0885,2010,289.298
0885,2011,294.3858
0885,2012,296.44501
0885,2013,308.9343
0885,2014,317.81659
0885,2015,333.3233
0885,2016,339.85251
0885,2017,351.83701
0885,2018,348.3772
0885,2019,354.9093
0885,2020,367.1376
0885,2021,370.0206
0885,2022,360.06049
0885,2023,346.02789
0885,2024,349.79999
0980,2006,282.50751
0980,2007,291.9603
0980,2008,299.65799
0980,2009,305.74359
0980,2010,309.6788
0980,2011,314.4469
0980,2012,318.97409
0980,2013,326.7142
0980,2014,337.68011
0980,2015,351.07581
0980,2016,358.54739
0980,2017,364.9826
0980,2018,370.62479
0980,2019,371.92209
0980,2020,377.82681
0980,2021,384.1731
0980,2022,370.3288
0980,2023,358.77899
0980,2024,362.79999
1060,2006,326.25671
1060,2007,334.97549
1060,2008,332.4007
1060,2009,309.6918
1060,2010,311.59381
1060,2011,338.64029
1060,2012,348.04379
1060,2013,349.7818
1060,2014,358.07339
1060,2015,369.2258
1060,2016,385.7041
1060,2017,398.23309
1060,2018,400.07761
1060,2019,396.50989
1060,2020,396.54819
1060,2021,402.68021
1060,2022,385.73129
1060,2023,371.3244
1060,2024,372.79999
1080,2006,319.31821
1080,2007,325.82941
1080,2008,330.46649
1080,2009,332.41129
1080,2010,331.97461
1080,2011,335.64111
1080,2012,349.233
1080,2013,357.44901
1080,2014,367.4754
1080,2015,375.9823
1080,2016,385.57291
1080,2017,395.0112
1080,2018,400.33051
1080,2019,404.33331
1080,2020,410.88269
1080,2021,416.8327
1080,2022,400.79889
1080,2023,391.06812
1080,2024,397.10001
1081,2006,302.95789
1081,2007,311.10989
1081,2008,316.92731
1081,2009,311.42349
1081,2010,314.73981
1081,2011,326.84351
1081,2012,332.58401
1081,2013,339.20639
1081,2014,347.08221
1081,2015,349.88351
1081,2016,358.54739
1081,2017,364.20929
1081,2018,369.36081
1081,2019,372.79141
1081,2020,379.3096
1081,2021,387.9834
1081,2022,370.21719
1081,2023,359.19031
1081,2024,362.04999
1082,2006,310.99191
1082,2007,319.68439
1082,2008,327.56531
1082,2009,327.21631
1082,2010,329.51251
1082,2011,335.37451
1082,2012,340.7764
1082,2013,344.0975
1082,2014,356.08701
1082,2015,367.10611
1082,2016,377.439
1082,2017,384.95871
1082,2018,391.86121
1082,2019,395.20599
1082,2020,396.42459
1082,2021,405.34131
1082,2022,388.91229
1082,2023,376.05469
1082,2024,379.39999
1083,2006,299.89029
1083,2007,305.5365
1083,2008,312.50641
1083,2009,308.58359
1083,2010,315.28699
1083,2011,323.91101
1083,2012,330.2056
1083,2013,339.603
1083,2014,347.87671
1083,2015,362.60172
1083,2016,371.5354
1083,2017,380.448
1083,2018,386.8049
1083,2019,393.28119
1083,2020,397.9075
1083,2021,406.73239
1083,2022,393.37671
1083,2023,378.83109
1083,2024,382.20001
1214,2006,303.6882
1214,2007,309.96671
1214,2008,316.09839
1214,2009,316.54919
1214,2010,321.03189
1214,2011,324.57751
1214,2012,331.59299
1214,2013,340.13171
1214,2014,351.65079
1214,2015,357.96481
1214,2016,370.09229
1214,2017,377.61261
1214,2018,384.02399
1214,2019,381.48401
1214,2020,394.32391
1214,2021,401.5311
1214,2022,390.0842
1214,2023,377.54568
1214,2024,378.60001
1230,2006,350.1398
1230,2007,357.05469
1230,2008,359.89349
1230,2009,370.16171
1230,2010,376.15579
1230,2011,380.4288
1230,2012,388.74139
1230,2013,398.42871
1230,2014,412.76431
1230,2015,424.86801
1230,2016,434.24509
1230,2017,441.14951
1230,2018,451.01959
1230,2019,457.6691
1230,2020,462.16589
1230,2021,471.6886
1230,2022,457.16299
1230,2023,437.90781
1230,2024,443.0
1231,2006,292.7327
1231,2007,299.82019
1231,2008,301.9375
1231,2009,304.4968
1231,2010,295.38489
1231,2011,303.6499
1231,2012,314.8779
1231,2013,320.5011
1231,2014,325.36469
1231,2015,334.2507
1231,2016,345.69061
1231,2017,350.03271
1231,2018,356.9729
1231,2019,362.48431
1231,2020,367.1376
1231,2021,374.9801
1231,2022,365.97601
1231,2023,353.63739
1231,2024,352.54999
1233,2006,353.49951
1233,2007,363.8428
1233,2008,367.90649
1233,2009,373.34799
1233,2010,379.57541
1233,2011,384.4277
1233,2012,395.216
1233,2013,406.36029
1233,2014,417.9288
1233,2015,433.7442
1233,2016,442.57581
1233,2017,454.2951
1233,2018,462.017
1233,2019,473.12961
1233,2020,481.81409
1233,2021,493.28021
1233,2022,495.33441
1233,2023,478.78329
1233,2024,484.20001
1256,2006,315.4472
1256,2007,320.68469
1256,2008,323.83511
1256,2009,310.9386
1256,2010,314.46631
1256,2011,323.37781
1256,2012,325.71301
1256,2013,325.194
1256,2014,331.0589
1256,2015,337.69519
1256,2016,342.01721
1256,2017,346.16641
1256,2018,351.9166
1256,2019,355.77859
1256,2020,361.57681
1256,2021,372.8027
1256,2022,358.83279
1256,2023,345.8222
1256,2024,351.60001
1257,2006,293.1709
1257,2007,296.39041
1257,2008,299.79611
1257,2009,287.38791
1257,2010,290.93939
1257,2011,300.1842
1257,2012,307.5444
1257,2013,315.08121
1257,2014,322.71631
1257,2015,333.85321
1257,2016,345.69061
1257,2017,350.2905
1257,2018,358.74261
1257,2019,359.00729
1257,2020,364.6662
1257,2021,377.5202
1257,2022,368.09659
1257,2023,356.8252
1257,2024,355.5
1260,2006,296.6767
1260,2007,302.8927
1260,2008,305.1842
1260,2009,300.47931
1260,2010,301.0614
1260,2011,306.9823
1260,2012,318.97409
1260,2013,325.4584
1260,2014,336.88559
1260,2015,348.4924
1260,2016,356.64511
1260,2017,361.11621
1260,2018,358.237
1260,2019,366.70651
1260,2020,368.99121
1260,2021,376.00821
1260,2022,367.14789
1260,2023,353.7402
1260,2024,356.10001
1261,2006,343.5665
1261,2007,353.98221
1261,2008,359.06461
1261,2009,368.22229
1261,2010,373.55688
1261,2011,376.5632
1261,2012,389.00571
1261,2013,399.6185
1261,2014,411.44009
1261,2015,424.47049
1261,2016,436.7377
1261,2017,439.86069
1261,2018,447.92261
1261,2019,456.3652
1261,2020,463.64871
1261,2021,472.7168
1261,2022,457.05139
1261,2023,438.47339
1261,2024,438.60001
1262,2006,386.36621
1262,2007,398.2836
1262,2008,403.61951
1262,2009,419.20261
1262,2010,422.7991
1262,2011,430.61499
1262,2012,442.2561
1262,2013,454.875
1262,2014,470.1037
1262,2015,485.80939
1262,2016,500.10339
1262,2017,513.57898
1262,2018,519.65851
1262,2019,528.26599
1262,2020,541.93268
1262,2021,557.81311
1262,2022,545.95038
1262,2023,527.6283
1262,2024,531.20001
1263,2006,340.4989
1263,2007,346.40811
1263,2008,352.1568
1263,2009,363.1658
1263,2010,368.90631
1263,2011,371.7645
1263,2012,382.26682
1263,2013,389.1752
1263,2014,397.668
1263,2015,411.22241
1263,2016,419.94519
1263,2017,428.13281
1263,2018,432.50101
1263,2019,438.85571
1263,2020,441.89981
1263,2021,452.5163
1263,2022,441.76059
1263,2023,427.36761
1263,2024,433.79999
1264,2006,302.95789
1264,2007,308.5376
1264,2008,317.20361
1264,2009,320.42819
1264,2010,327.46069
1264,2011,333.6416
1264,2012,339.7854
1264,2013,347.40231
1264,2014,359.33139
1264,2015,370.02069
1264,2016,380.194
1264,2017,382.76779
1264,2018,388.57458
1264,2019,394.21259
1264,2020,400.87329
1264,2021,408.0025
1264,2022,400.24091
1264,2023,381.09341
1264,2024,384.29999
1265,2006,286.01331
1265,2007,299.82019
1265,2008,310.15771
1265,2009,314.47119
1265,2010,321.92099
1265,2011,322.578
1265,2012,331.659
1265,2013,336.36429
1265,2014,350.1279
1265,2015,364.05899
1265,2016,375.07751
1265,2017,381.60791
1265,2018,386.6785
1265,2019,392.1636
1265,2020,400.2554
1265,2021,403.4664
1265,2022,393.82321
1265,2023,375.43771
1265,2024,381.29999
1266,2006,293.31699
1266,2007,299.82019
1266,2008,303.11179
1266,2009,306.71329
1266,2010,314.73981
1266,2011,320.71191
1266,2012,328.35571
1266,2013,337.75229
1266,2014,349.3334
1266,2015,361.14441
1266,2016,368.25562
1266,2017,373.74631
1266,2018,378.96771
1266,2019,385.0853
1266,2020,393.5824
1266,2021,403.164
1266,2022,389.86099
1266,2023,373.48389
1266,2024,375.20001
1267,2006,304.9299
1267,2007,314.5397
1267,2008,323.0752
1267,2009,329.0173
1267,2010,334.16321
1267,2011,341.37289
1267,2012,347.91171
1267,2013,357.71341
1267,2014,366.15121
1267,2015,384.5936
1267,2016,393.37881
1267,2017,398.10419
1267,2018,402.4162
1267,2019,405.82349
1267,2020,413.35419
1267,2021,420.28009
1267,2022,407.4957
1267,2023,393.22751
1267,2024,395.60001
1270,2006,282.28839
1270,2007,285.38651
1270,2008,288.32932
1270,2009,291.61319
1270,2010,296.13721
1270,2011,302.4502
1270,2012,310.1871
1270,2013,317.32849
1270,2014,323.5108
1270,2015,338.5563
1270,2016,352.7749
1270,2017,358.40979
1270,2018,359.1218
1270,2019,363.47781
1270,2020,368.9295
1270,2021,375.2825
1270,2022,363.85529
1270,2023,351.78641
1270,2024,352.29999
1272,2006,322.23959
1272,2007,326.54391
1272,2008,330.05209
1272,2009,323.68369
1272,2010,326.77679
1272,2011,332.70859
1272,2012,339.32291
1272,2013,342.5773
1272,2014,349.46579
1272,2015,366.9736
1272,2016,379.40689
1272,2017,385.15201
1272,2018,388.9538
1272,2019,394.02631
1272,2020,401.61469
1272,2021,407.39771
1272,2022,391.36771
1272,2023,377.70001
1272,2024,376.5
1273,2006,309.75031
1273,2007,320.7562
1273,2008,323.0062
1273,2009,321.2594
1273,2010,322.67331
1273,2011,328.17651
1273,2012,336.0195
1273,2013,336.6286
1273,2014,348.80371
1273,2015,361.9393
1273,2016,369.8299
1273,2017,377.09711
1273,2018,378.84131
1273,2019,386.45129
1273,2020,389.50449
1273,2021,397.47891
1273,2022,382.4946
1273,2023,364.2291
1273,2024,364.29999
1275,2006,283.53
1275,2007,283.10001
1275,2008,288.1911
1275,2009,279.00659
1275,2010,266.7287
1275,2011,278.19019
1275,2012,278.54071
1275,2013,289.63409
1275,2014,286.49841
1275,2015,297.8183
1275,2016,306.20181
1275,2017,318.19989
1275,2018,318.16599
1275,2019,317.2825
1275,2020,321.47711
1275,2021,332.03879
1275,2022,332.4924
1275,2023,320.01151
1275,2024,325.20001
1276,2006,279.00171
1276,2007,284.95779
1276,2008,287.91479
1276,2009,288.28839
1276,2010,290.52911
1276,2011,300.1842
1276,2012,306.68549
1276,2013,311.04941
1276,2014,322.98111
1276,2015,330.87241
1276,2016,339.32779
1276,2017,348.48621
1276,2018,353.81271
1276,2019,359.19351
1276,2020,369.2384
1276,2021,373.77039
1276,2022,367.53851
1276,2023,355.694
1276,2024,358.29999
1277,2006,291.8562
1277,2007,300.9635
1277,2008,302.83551
1277,2009,300.133
1277,2010,304.41269
1277,2011,306.5824
1277,2012,316.4635
1277,2013,323.14499
1277,2014,331.19141
1277,2015,346.439
1277,2016,354.21799
1277,2017,361.5029
1277,2018,369.108
1277,2019,374.15741
1277,2020,378.6918
1277,2021,387.802
1277,2022,372.2821
1277,2023,355.694
1277,2024,356.0
1278,2006,283.53
1278,2007,300.3204
1278,2008,307.8782
1278,2009,308.6528
1278,2010,311.73059
1278,2011,319.91211
1278,2012,327.29861
1278,2013,331.14261
1278,2014,340.461
1278,2015,351.20831
1278,2016,362.0896
1278,2017,373.87521
1278,2018,380.7374
1278,2019,386.45129
1278,2020,397.66031
1278,2021,412.47809
1278,2022,402.0267
1278,2023,379.13959
1278,2024,383.60001
1280,2006,230.35899
1280,2007,241.08521
1280,2008,242.8763
1280,2009,226.7795
1280,2010,225.6935
1280,2011,242.46671
1280,2012,251.9816
1280,2013,259.75861
1280,2014,271.07111
1280,2015,288.67709
1280,2016,303.44681
1280,2017,312.78699
1280,2018,319.8093
1280,2019,328.21039
1280,2020,331.9191
1280,2021,339.41739
1280,2022,354.47989
1280,2023,343.66281
1280,2024,349.79999
1281,2006,284.26041
1281,2007,295.24719
1281,2008,298.96719
1281,2009,293.13708
1281,2010,288.54568
1281,2011,294.85229
1281,2012,303.11789
1281,2013,307.08359
1281,2014,311.4603
1281,2015,329.74631
1281,2016,340.31171
1281,2017,343.33109
1281,2018,349.13571
1281,2019,348.4519
1281,2020,348.97229
1281,2021,352.6022
1281,2022,347.89481
1281,2023,335.7962
1281,2024,335.20001
1282,2006,263.07959
1282,2007,274.8114
1282,2008,280.59259
1282,2009,270.83319
1282,2010,271.7897
1282,2011,285.78809
1282,2012,294.00049
1282,2013,296.37601
1282,2014,305.3688
1282,2015,316.63062
1282,2016,331.78421
1282,2017,339.33591
1282,2018,350.52621
1282,2019,360.37329
1282,2020,367.50839
1282,2021,378.367
1282,2022,371.66821
1282,2023,356.41391
1282,2024,357.70001
1283,2006,301.4971
1283,2007,312.2532
1283,2008,316.09839
1283,2009,317.3804
1283,2010,316.92841
1283,2011,323.37781
1283,2012,328.88419
1283,2013,336.95911
1283,2014,343.77161
1283,2015,354.2554
1283,2016,366.15649
1283,2017,371.81311
1283,2018,378.33569
1283,2019,383.09839
1283,2020,384.93231
1283,2021,392.51941
1283,2022,383.9455
1283,2023,366.28571
1283,2024,369.39999
1284,2006,319.026
1284,2007,327.54431
1284,2008,334.7493
1284,2009,341.7623
1284,2010,345.65302
1284,2011,353.63611
1284,2012,362.31439
1284,2013,374.4357
1284,2014,387.47141
1284,2015,397.04691
1284,2016,402.62781
1284,2017,410.79871
1284,2018,417.14261
1284,2019,419.73181
1284,2020,426.08231
1284,2021,436.79129
1284,2022,426.02328
1284,2023,407.9324
1284,2024,410.39999
1285,2006,311.138
1285,2007,317.25491
1285,2008,325.6311
1285,2009,329.0173
1285,2010,330.74359
1285,2011,336.17429
1285,2012,342.75839
1285,2013,353.35101
1285,2014,360.85431
1285,2015,374.2601
1285,2016,382.42429
1285,2017,386.63409
1285,2018,390.84991
1285,2019,394.77139
1285,2020,400.74969
1285,2021,407.2767
1285,2022,392.42801
1285,2023,376.36319
1285,2024,379.89999
1286,2006,311.43021
1286,2007,317.39789
1286,2008,325.21661
1286,2009,332.065
1286,2010,337.71951
1286,2011,342.97241
1286,2012,349.7616
1286,2013,356.65579
1286,2014,370.19009
1286,2015,382.67261
1286,2016,389.771
1286,2017,396.75101
1286,2018,399.888
1286,2019,406.69281
1286,2020,412.85989
1286,2021,420.0986
1286,2022,405.15179
1286,2023,389.26849
1286,2024,395.10001
1287,2006,307.194
1287,2007,315.96881
1287,2008,319.82861
1287,2009,324.3071
1287,2010,328.2814
1287,2011,332.90851
1287,2012,338.6622
1287,2013,345.81601
1287,2014,355.22629
1287,2015,368.03339
1287,2016,378.88211
1287,2017,384.18539
1287,2018,388.32181
1287,2019,394.27469
1287,2020,399.14319
1287,2021,407.15579
1287,2022,395.55319
1287,2023,379.2424
1287,2024,382.60001
1290,2006,306.17151
1290,2007,311.96741
1290,2008,316.92731
1290,2009,317.9346
1290,2010,320.34799
1290,2011,325.9104
1290,2012,329.0163
1290,2013,335.63721
1290,2014,345.36069
1290,2015,358.49481
1290,2016,369.5675
1290,2017,375.42169
1290,2018,381.7486
1290,2019,384.58859
1290,2020,388.763
1290,2021,394.21289
1290,2022,381.82489
1290,2023,367.00549
1290,2024,368.79999
1291,2006,278.12521
1291,2007,281.8139
1291,2008,287.50031
1291,2009,288.01129
1291,2010,292.99121
1291,2011,298.45129
1291,2012,303.11789
1291,2013,307.21579
1291,2014,317.81659
1291,2015,329.01761
1291,2016,336.63831
1291,2017,346.16641
1291,2018,348.7565
1291,2019,349.6937
1291,2020,360.83539
1291,2021,370.2626
1291,2022,359.00021
1291,2023,346.13071
1291,2024,350.85001
1292,2006,313.62131
1292,2007,324.186
1292,2008,331.0191
1292,2009,337.26001
1292,2010,340.1817
1292,2011,346.03821
1292,2012,354.78271
1292,2013,363.2655
1292,2014,373.56689
1292,2015,385.25601
1292,2016,398.29849
1292,2017,404.80591
1292,2018,411.9599
1292,2019,417.49649
1292,2020,423.61081
1292,2021,432.79959
1292,2022,416.81531
1292,2023,398.47189
1292,2024,400.39999
1293,2006,298.57559
1293,2007,303.67871
1293,2008,308.36169
1293,2009,308.23721
1293,2010,308.17419
1293,2011,314.5802
1293,2012,319.1062
1293,2013,324.79739
1293,2014,333.57501
1293,2015,349.08859
1293,2016,360.77759
1293,2017,366.9158
1293,2018,371.2569
1293,2019,375.02661
1293,2020,377.0235
1293,2021,386.9552
1293,2022,372.33789
1293,2023,357.03091
1293,2024,359.20001
1315,2006,322.0936
1315,2007,329.54501
1315,2008,332.12439
1315,2009,331.51089
1315,2010,338.54019
1315,2011,341.77271
1315,2012,356.1701
1315,2013,353.21881
1315,2014,355.49109
1315,2015,361.54181
1315,2016,369.89551
1315,2017,377.09711
1315,2018,381.24301
1315,2019,383.7193
1315,2020,380.60721
1315,2021,388.83011
1315,2022,377.0256
1315,2023,368.34229
1315,2024,366.89999
1380,2006,305.4411
1380,2007,316.54041
1380,2008,324.11139
1380,2009,327.49341
1380,2010,330.60681
1380,2011,338.84021
1380,2012,348.7045
1380,2013,353.61539
1380,2014,360.7218
1380,2015,372.67029
1380,2016,383.47379
1380,2017,389.85599
1380,2018,394.26291
1380,2019,397.1929
1380,2020,398.2782
1380,2021,404.4946
1380,2022,389.7493
1380,2023,373.17542
1380,2024,373.39999
1381,2006,299.6712
1381,2007,306.60831
1381,2008,311.67749
1381,2009,311.42349
1381,2010,316.51801
1381,2011,327.77661
1381,2012,338.0015
1381,2013,343.70099
1381,2014,350.7901
1381,2015,364.72141
1381,2016,372.5849
1381,2017,376.9682
1381,2018,383.77121
1381,2019,385.83041
1381,2020,394.94171
1381,2021,401.34961
1381,2022,389.30289
1381,2023,373.53531
1381,2024,375.0
1382,2006,305.58719
1382,2007,315.1113
1382,2008,322.45349
1382,2009,328.39389
1382,2010,332.38501
1382,2011,340.17319
1382,2012,350.02579
1382,2013,356.39139
1382,2014,365.48911
1382,2015,374.39249
1382,2016,380.85001
1382,2017,388.69611
1382,2018,396.03259
1382,2019,399.36609
1382,2020,400.6261
1382,2021,405.2204
1382,2022,391.87
1382,2023,374.2037
1382,2024,376.60001
1383,2006,318.44171
1383,2007,326.6868
1383,2008,335.78549
1383,2009,343.56329
1383,2010,346.74731
1383,2011,354.30261
1383,2012,364.95709
1383,2013,372.25461
1383,2014,386.01471
1383,2015,399.82901
1383,2016,407.35071
1383,2017,412.9252
1383,2018,421.5668
1383,2019,424.82321
1383,2020,430.16019
1383,2021,436.9122
1383,2022,421.1123
1383,2023,403.81921
1383,2024,404.5
1384,2006,365.9158
1384,2007,374.1322
1384,2008,379.5806
1384,2009,386.5087
1384,2010,389.5607
1384,2011,395.7579
1384,2012,407.10818
1384,2013,416.14249
1384,2014,429.0524
1384,2015,444.87271
1384,2016,457.5972
1384,2017,463.96091
1384,2018,470.10699
1384,2019,474.99231
1384,2020,480.08401
1384,2021,490.86099
1384,2022,474.90939
1384,2023,456.88019
1384,2024,458.70001
1401,2006,364.89331
1401,2007,373.27469
1401,2008,378.2681
1401,2009,385.95459
1401,2010,391.6124
1401,2011,399.3569
1401,2012,409.35449
1401,2013,420.90149
1401,2014,433.3562
1401,2015,449.2446
1401,2016,461.1394
1401,2017,469.37381
1401,2018,478.07071
1401,2019,481.07721
1401,2020,486.38629
1401,2021,492.4335
1401,2022,474.85349
1401,2023,460.27359
1401,2024,464.95001
1402,2006,352.98831
1402,2007,361.98499
1402,2008,367.63019
1402,2009,372.3783
1402,2010,373.55688
1402,2011,382.9614
1402,2012,392.83759
1402,2013,402.5928
1402,2014,415.0817
1402,2015,428.7099
1402,2016,439.3616
1402,2017,447.07791
1402,2018,451.01959
1402,2019,453.75739
1402,2020,458.21149
1402,2021,465.94299
1402,2022,451.74991
1402,2023,438.37051
1402,2024,441.70001
1407,2006,350.87021
1407,2007,358.55521
1407,2008,366.1105
1407,2009,371.40851
1407,2010,373.96729
1407,2011,380.6954
1407,2012,391.5162
1407,2013,399.3541
1407,2014,412.8967
1407,2015,427.51761
1407,2016,435.49139
1407,2017,443.4693
1407,2018,449.50269
1407,2019,456.7377
1407,2020,459.4472
1407,2021,468.48309
1407,2022,455.76791
1407,2023,442.4838
1407,2024,444.54999
1415,2006,354.522
1415,2007,363.8428
1415,2008,372.1893
1415,2009,376.81131
1415,2010,381.49039
1415,2011,388.69321
1415,2012,396.14099
1415,2013,411.1192
1415,2014,420.97461
1415,2015,435.86389
1415,2016,447.6922
1415,2017,452.7485
1415,2018,459.10959
1415,2019,462.4501
1415,2020,465.25519
1415,2021,478.16
1415,2022,460.4556
1415,2023,445.77441
1415,2024,449.45001
1419,2006,338.89209
1419,2007,346.2652
1419,2008,351.397
1419,2009,360.8107
1419,2010,367.12811
1419,2011,371.96439
1419,2012,378.3027
1419,2013,385.93649
1419,2014,401.24341
1419,2015,415.19681
1419,2016,425.06161
1419,2017,433.54568
1419,2018,437.49411
1419,2019,438.1106
1419,2020,447.9549
1419,2021,455.1774
1419,2022,442.26279
1419,2023,427.93311
1419,2024,430.35001
1421,2006,325.30719
1421,2007,334.11801
1421,2008,337.0289
1421,2009,337.53711
1421,2010,343.94321
1421,2011,352.30319
1421,2012,358.7467
1421,2013,366.57031
1421,2014,378.99631
1421,2015,386.84579
1421,2016,402.10309
1421,2017,405.45029
1421,2018,414.2352
1421,2019,414.64041
1421,2020,419.78009
1421,2021,426.08621
1421,2022,412.07181
1421,2023,395.95261
1421,2024,400.29999
1427,2006,308.14349
1427,2007,318.25531
1427,2008,327.56531
1427,2009,335.94391
1427,2010,339.01901
1427,2011,346.57141
1427,2012,349.89371
1427,2013,357.3168
1427,2014,372.24271
1427,2015,385.521
1427,2016,399.15131
1427,2017,404.03259
1427,2018,408.2941
1427,2019,411.41171
1427,2020,412.85989
1427,2021,421.0058
1427,2022,413.52271
1427,2023,396.72379
1427,2024,401.10001
1430,2006,298.79471
1430,2007,301.82089
1430,2008,309.5361
1430,2009,307.12891
1430,2010,314.5347
1430,2011,321.5116
1430,2012,331.39481
1430,2013,336.29819
1430,2014,348.6713
1430,2015,365.3176
1430,2016,375.20871
1430,2017,384.5076
1430,2018,388.44821
1430,2019,392.84659
1430,2020,392.09949
1430,2021,402.5592
1430,2022,394.8277
1430,2023,379.34531
1430,2024,384.5
1435,2006,288.7887
1435,2007,297.67661
1435,2008,304.83881
1435,2009,299.57889
1435,2010,305.43851
1435,2011,315.51331
1435,2012,323.3345
1435,2013,328.49881
1435,2014,340.1962
1435,2015,357.43491
1435,2016,369.04269
1435,2017,371.42651
1435,2018,375.17551
1435,2019,383.90561
1435,2020,383.5112
1435,2021,389.7373
1435,2022,394.9393
1435,2023,380.06509
1435,2024,382.70001
1438,2006,262.34921
1438,2007,274.88281
1438,2008,275.89529
1438,2009,270.69461
1438,2010,269.25919
1438,2011,273.25821
1438,2012,286.46881
1438,2013,288.31219
1438,2014,301.92581
1438,2015,312.65619
1438,2016,330.47229
1438,2017,338.75589
1438,2018,344.64819
1438,2019,350.81131
1438,2020,363.43039
1438,2021,365.8475
1438,2022,381.37839
1438,2023,367.41681
1438,2024,368.64999
1439,2006,303.98041
1439,2007,305.96521
1439,2008,312.78271
1439,2009,308.09869
1439,2010,314.87659
1439,2011,319.91211
1439,2012,323.59879
1439,2013,335.505
1439,2014,348.4064
1439,2015,360.15079
1439,2016,367.0748
1439,2017,383.02551
1439,2018,389.3331
1439,2019,388.8107
1439,2020,392.59381
1439,2021,394.21289
1439,2022,390.1958
1439,2023,372.4556
1439,2024,376.89999
1440,2006,344.29691
1440,2007,351.98151
1440,2008,357.8212
1440,2009,363.23499
1440,2010,367.81201
1440,2011,373.36411
1440,2012,382.0025
1440,2013,392.0835
1440,2014,402.83249
1440,2015,416.38919
1440,2016,429.2598
1440,2017,435.35001
1440,2018,439.70621
1440,2019,445.31311
1440,2020,448.202
1440,2021,453.9678
1440,2022,438.63541
1440,2023,424.3855
1440,2024,427.60001
1441,2006,363.14041
1441,2007,370.70239
1441,2008,378.82071
1441,2009,383.32239
1441,2010,391.06531
1441,2011,396.82431
1441,2012,406.8439
1441,2013,418.2576
1441,2014,429.3172
1441,2015,442.48801
1441,2016,452.7431
1441,2017,460.22351
1441,2018,466.31479
1441,2019,471.51529
1441,2020,474.1525
1441,2021,485.29681
1441,2022,469.4404
1441,2023,453.79529
1441,2024,459.79999
1442,2006,327.64441
1442,2007,332.54611
1442,2008,334.3349
1442,2009,337.60629
1442,2010,345.24271
1442,2011,346.97131
1442,2012,357.5575
1442,2013,365.24841
1442,2014,374.09659
1442,2015,386.31589
1442,2016,397.90491
1442,2017,405.06369
1442,2018,407.1564
1442,2019,410.85281
1442,2020,414.4664
1442,2021,422.51779
1442,2022,408.38861
1442,2023,395.90109
1442,2024,397.64999
1443,2006,348.89819
1443,2007,355.5542
1443,2008,361.8277
1443,2009,368.15302
1443,2010,368.0856
1443,2011,375.69681
1443,2012,383.38989
1443,2013,393.5376
1443,2014,402.4353
1443,2015,415.13062
1443,2016,425.9144
1443,2017,433.03021
1443,2018,441.53909
1443,2019,443.82291
1443,2020,448.26379
1443,2021,456.02411
1443,2022,441.7048
1443,2023,430.24689
1443,2024,430.20001
1444,2006,324.94199
1444,2007,326.401
1444,2008,330.53561
1444,2009,329.57141
1444,2010,329.7861
1444,2011,340.90631
1444,2012,343.55121
1444,2013,348.92261
1444,2014,365.5553
1444,2015,379.1619
1444,2016,395.80591
1444,2017,396.81549
1444,2018,403.11139
1444,2019,408.3071
1444,2020,412.98349
1444,2021,416.22791
1444,2022,401.5802
1444,2023,388.49731
1444,2024,389.79999
1445,2006,316.3967
1445,2007,327.18701
1445,2008,328.0488
1445,2009,325.83099
1445,2010,325.27219
1445,2011,333.375
1445,2012,338.86041
1445,2013,345.68381
1445,2014,357.60989
1445,2015,372.2066
1445,2016,379.66931
1445,2017,385.73199
1445,2018,385.9201
1445,2019,389.92831
1445,2020,389.38089
1445,2021,400.44241
1445,2022,387.8519
1445,2023,369.8334
1445,2024,377.75
1446,2006,319.75641
1446,2007,332.689
1446,2008,336.82159
1446,2009,343.90961
1446,2010,349.20941
1446,2011,351.10349
1446,2012,361.918
1446,2013,370.4039
1446,2014,370.9184
1446,2015,384.06369
1446,2016,388.19669
1446,2017,405.06369
1446,2018,406.71399
1446,2019,399.24191
1446,2020,407.052
1446,2021,415.3811
1446,2022,397.11569
1446,2023,384.89819
1446,2024,394.60001
1447,2006,280.0242
1447,2007,288.3876
1447,2008,296.8949
1447,2009,302.07251
1447,2010,299.2149
1447,2011,310.9812
1447,2012,317.12421
1447,2013,319.90631
1447,2014,325.89441
1447,2015,339.01999
1447,2016,342.80429
1447,2017,354.93011
1447,2018,361.39709
1447,2019,363.2915
1447,2020,369.05301
1447,2021,370.9278
1447,2022,364.3576
1447,2023,350.6553
1447,2024,353.79999
1452,2006,341.95969
1452,2007,350.5524
1452,2008,350.7753
1452,2009,355.2001
1452,2010,358.23709
1452,2011,361.43399
1452,2012,371.4317
1452,2013,376.35251
1452,2014,386.01471
1452,2015,394.92719
1452,2016,405.90759
1452,2017,411.44312
1452,2018,416.00491
1452,2019,414.8887
1452,2020,418.04999
1452,2021,426.99341
1452,2022,410.17441
1452,2023,390.24539
1452,2024,391.5
1460,2006,271.698
1460,2007,283.24289
1460,2008,284.8063
1460,2009,287.45721
1460,2010,289.7084
1460,2011,304.0498
1460,2012,310.91379
1460,2013,320.5011
1460,2014,327.48349
1460,2015,336.76779
1460,2016,336.63831
1460,2017,351.1926
1460,2018,356.0249
1460,2019,362.23599
1460,2020,363.80109
1460,2021,375.5849
1460,2022,373.00751
1460,2023,359.396
1460,2024,365.29999
1461,2006,281.92319
1461,2007,284.45761
1461,2008,291.09241
1461,2009,285.7948
1461,2010,272.884
1461,2011,287.12109
1461,2012,298.29489
1461,2013,305.8938
1461,2014,310.66571
1461,2015,318.61789
1461,2016,330.86591
1461,2017,341.39789
1461,2018,352.61191
1461,2019,360.62161
1461,2020,370.72131
1461,2021,371.4722
1461,2022,357.77249
1461,2023,347.159
1461,2024,353.0
1462,2006,321.2171
1462,2007,327.4014
1462,2008,331.84811
1462,2009,332.20349
1462,2010,337.03561
1462,2011,347.90439
1462,2012,353.19711
1462,2013,359.69629
1462,2014,369.3956
1462,2015,384.32861
1462,2016,393.70679
1462,2017,404.41931
1462,2018,412.59189
1462,2019,414.5162
1462,2020,417.55569
1462,2021,425.7233
1462,2022,410.39761
1462,2023,395.90109
1462,2024,398.20001
1463,2006,317.7113
1463,2007,324.97198
1463,2008,328.94681
1463,2009,332.48059
1463,2010,336.8988
1463,2011,343.90549
1463,2012,350.15799
1463,2013,359.56409
1463,2014,370.38879
1463,2015,380.0892
1463,2016,391.87009
1463,2017,397.8465
1463,2018,402.353
1463,2019,404.83011
1463,2020,405.81619
1463,2021,415.01819
1463,2022,399.29221
1463,2023,382.32739
1463,2024,384.5
1465,2006,315.66629
1465,2007,316.96909
1465,2008,320.10489
1465,2009,316.27219
1465,2010,322.9469
1465,2011,332.57529
1465,2012,340.44601
1465,2013,346.08041
1465,2014,355.02759
1465,2015,365.6488
1465,2016,377.57019
1465,2017,381.60791
1465,2018,386.42569
1465,2019,389.67999
1465,2020,394.07669
1465,2021,401.95441
1465,2022,382.4946
1465,2023,366.4913
1465,2024,365.5
1466,2006,318.44171
1466,2007,325.25781
1466,2008,327.84161
1466,2009,327.07779
1466,2010,335.12061
1466,2011,341.37289
1466,2012,348.5723
1466,2013,353.08661
1466,2014,366.15121
1466,2015,379.95679
1466,2016,388.19669
1466,2017,394.36679
1466,2018,400.07761
1466,2019,398.2485
1466,2020,403.90079
1466,2021,407.39771
1466,2022,393.9906
1466,2023,378.31699
1466,2024,381.75
1470,2006,313.18311
1470,2007,323.97159
1470,2008,330.19019
1470,2009,329.29431
1470,2010,330.81201
1470,2011,339.90659
1470,2012,348.83661
1470,2013,351.63251
1470,2014,357.5437
1470,2015,369.75571
1470,2016,377.70139
1470,2017,384.44321
1470,2018,388.57458
1470,2019,395.64069
1470,2020,394.69461
1470,2021,402.8616
1470,2022,386.9032
1470,2023,372.40421
1470,2024,369.79999
1471,2006,329.5434
1471,2007,339.69141
1471,2008,345.24911
1471,2009,343.8403
1471,2010,349.68811
1471,2011,352.70309
1471,2012,359.8699
1471,2013,366.83469
1471,2014,375.28839
1471,2015,386.58081
1471,2016,396.46179
1471,2017,402.87271
1471,2018,409.6846
1471,2019,412.15671
1471,2020,416.19641
1471,2021,425.17899
1471,2022,406.37949
1471,2023,388.95999
1471,2024,392.70001
1472,2006,308.72781
1472,2007,319.5415
1472,2008,327.289
1472,2009,325.20761
1472,2010,327.73431
1472,2011,338.57361
1472,2012,344.60831
1472,2013,343.9653
1472,2014,347.87671
1472,2015,365.25131
1472,2016,378.94769
1472,2017,388.1806
1472,2018,394.26291
1472,2019,392.66031
1472,2020,391.2963
1472,2021,401.1077
1472,2022,385.9545
1472,2023,373.2782
1472,2024,380.60001
1473,2006,281.48499
1473,2007,292.3176
1473,2008,303.52631
1473,2009,295.63071
1473,2010,300.92471
1473,2011,308.18201
1473,2012,317.12421
1473,2013,323.34329
1473,2014,331.45621
1473,2015,342.332
1473,2016,351.46301
1473,2017,361.18069
1473,2018,368.09671
1473,2019,364.5954
1473,2020,365.16049
1473,2021,380.06039
1473,2022,366.08759
1473,2023,354.97421
1473,2024,358.10001
1480,2006,301.9353
1480,2007,312.68188
1480,2008,320.2431
1480,2009,313.91711
1480,2010,311.04669
1480,2011,321.9115
1480,2012,332.71609
1480,2013,340.79269
1480,2014,350.39279
1480,2015,366.31119
1480,2016,380.3252
1480,2017,388.82501
1480,2018,395.2742
1480,2019,399.6145
1480,2020,399.01971
1480,2021,404.6156
1480,2022,395.10669
1480,2023,382.1217
1480,2024,382.89999
1481,2006,355.3255
1481,2007,365.129
1481,2008,371.08411
1481,2009,377.504
1481,2010,378.7547
1481,2011,383.6279
1481,2012,393.23401
1481,2013,403.7164
1481,2014,414.7507
1481,2015,429.2399
1481,2016,439.88629
1481,2017,447.07791
1481,2018,452.28369
1481,2019,459.22131
1481,2020,462.90729
1481,2021,472.112
1481,2022,456.38181
1481,2023,441.35269
1481,2024,445.39999
1482,2006,354.22989
1482,2007,361.8421
1482,2008,368.04471
1482,2009,374.04071
1482,2010,379.71219
1482,2011,385.22751
1482,2012,394.29111
1482,2013,405.3027
1482,2014,416.4722
1482,2015,430.29971
1482,2016,443.95331
1482,2017,451.45969
1482,2018,456.3287
1482,2019,458.22791
1482,2020,461.05371
1482,2021,470.53949
1482,2022,454.59601
1482,2023,438.37051
1482,2024,442.0
1484,2006,310.33459
1484,2007,316.11169
1484,2008,325.3548
1484,2009,326.3851
1484,2010,328.6918
1484,2011,336.90741
1484,2012,346.98669
1484,2013,352.8222
1484,2014,365.62149
1484,2015,374.8562
1484,2016,384.1954
1484,2017,388.05179
1484,2018,392.6196
1484,2019,398.1243
1484,2020,405.0748
1484,2021,417.67941
1484,2022,403.9241
1484,2023,389.577
1484,2024,397.10001
1485,2006,319.61029
1485,2007,326.1152
1485,2008,331.84811
1485,2009,332.89621
1485,2010,335.53101
1485,2011,340.97299
1485,2012,346.0618
1485,2013,349.25299
1485,2014,361.38391
1485,2015,377.43961
1485,2016,389.6398
1485,2017,397.07321
1485,2018,399.44559
1485,2019,402.34641
1485,2020,405.56909
1485,2021,410.72409
1485,2022,401.8035
1485,2023,385.2067
1485,2024,385.10001
1486,2006,283.23779
1486,2007,290.24539
1486,2008,294.2699
1486,2009,301.03351
1486,2010,300.92471
1486,2011,306.5824
1486,2012,307.87469
1486,2013,310.12399
1486,2014,313.31421
1486,2015,321.06879
1486,2016,331.91541
1486,2017,338.62701
1486,2018,343.19461
1486,2019,346.5892
1486,2020,326.9762
1486,2021,324.41821
1486,2022,401.4686
1486,2023,384.17841
1486,2024,385.04999
1487,2006,330.56589
1487,2007,336.26169
1487,2008,342.0715
1487,2009,342.3165
1487,2010,342.09659
1487,2011,345.17181
1487,2012,347.38309
1487,2013,353.21881
1487,2014,362.1785
1487,2015,373.2002
1487,2016,383.60501
1487,2017,391.53149
1487,2018,399.57199
1487,2019,400.4837
1487,2020,404.20981
1487,2021,408.0025
1487,2022,395.9996
1487,2023,380.78491
1487,2024,382.39999
1488,2006,329.83551
1488,2007,333.11771
1488,2008,336.95981
1488,2009,332.89621
1488,2010,327.32401
1488,2011,335.64111
1488,2012,326.63791
1488,2013,329.95291
1488,2014,346.28769
1488,2015,363.52911
1488,2016,377.96381
1488,2017,386.763
1488,2018,394.38931
1488,2019,397.50339
1488,2020,396.79529
1488,2021,403.64789
1488,2022,391.20029
1488,2023,378.57401
1488,2024,380.39999
1489,2006,329.5434
1489,2007,334.26099
1489,2008,341.1044
1489,2009,345.6413
1489,2010,345.1059
1489,2011,352.70309
1489,2012,362.4465
1489,2013,372.65109
1489,2014,382.83661
1489,2015,393.86731
1489,2016,404.33331
1489,2017,412.08749
1489,2018,418.15381
1489,2019,420.6011
1489,2020,424.35229
1489,2021,432.07379
1489,2022,419.32651
1489,2023,405.3616
1489,2024,405.25
1490,2006,316.98099
1490,2007,324.82901
1490,2008,330.46649
1490,2009,332.48059
1490,2010,335.3942
1490,2011,342.97241
1490,2012,350.42221
1490,2013,356.78799
1490,2014,365.0918
1490,2015,375.9823
1490,2016,386.22891
1490,2017,392.5625
1490,2018,398.30789
1490,2019,399.6145
1490,2020,399.01971
1490,2021,404.97849
1490,2022,389.86099
1490,2023,372.24991
1490,2024,373.39999
1491,2006,323.99249
1491,2007,331.117
1491,2008,335.99271
1491,2009,339.13019
1491,2010,343.73801
1491,2011,352.03659
1491,2012,359.53949
1491,2013,368.55319
1491,2014,381.2475
1491,2015,393.07239
1491,2016,400.52881
1491,2017,406.48129
1491,2018,409.93741
1491,2019,410.29401
1491,2020,413.84851
1491,2021,422.7598
1491,2022,402.24991
1491,2023,384.58969
1491,2024,386.5
1492,2006,298.4296
1492,2007,300.10599
1492,2008,309.6051
1492,2009,301.58759
1492,2010,302.3609
1492,2011,313.64709
1492,2012,322.01321
1492,2013,324.9296
1492,2014,331.85349
1492,2015,334.11819
1492,2016,339.3934
1492,2017,352.7392
1492,2018,360.06989
1492,2019,367.32739
1492,2020,367.6319
1492,2021,377.6412
1492,2022,374.23529
1492,2023,358.7276
1492,2024,359.70001
1493,2006,317.41919
1493,2007,326.04379
1493,2008,329.22311
1493,2009,330.2641
1493,2010,334.43671
1493,2011,340.50641
1493,2012,347.77951
1493,2013,353.94589
1493,2014,363.70139
1493,2015,374.92249
1493,2016,387.9343
1493,2017,397.33099
1493,2018,402.22659
1493,2019,406.19611
1493,2020,412.2421
1493,2021,419.97769
1493,2022,400.57571
1493,2023,385.3609
1493,2024,391.70001
1494,2006,328.2287
1494,2007,337.11911
1494,2008,344.97281
1494,2009,348.27341
1494,2010,349.7565
1494,2011,353.3696
1494,2012,360.00201
1494,2013,368.02441
1494,2014,377.53961
1494,2015,390.15781
1494,2016,399.8728
1494,2017,407.38351
1494,2018,415.4993
1494,2019,417.49649
1494,2020,418.7915
1494,2021,426.63049
1494,2022,410.17441
1494,2023,392.91901
1494,2024,398.0
1495,2006,321.50931
1495,2007,326.1152
1495,2008,331.57181
1495,2009,334.28149
1495,2010,335.8046
1495,2011,339.90659
1495,2012,345.40109
1495,2013,346.60919
1495,2014,359.33139
1495,2015,373.46521
1495,2016,378.88211
1495,2017,392.30469
1495,2018,401.46811
1495,2019,402.71899
1495,2020,402.7269
1495,2021,412.35709
1495,2022,398.1203
1495,2023,382.01889
1495,2024,380.95001
1496,2006,326.62189
1496,2007,337.83359
1496,2008,344.6965
1496,2009,342.45499
1496,2010,343.05411
1496,2011,356.5687
1496,2012,365.4856
1496,2013,370.2717
1496,2014,382.04199
1496,2015,394.2648
1496,2016,401.5127
1496,2017,411.5076
1496,2018,418.91229
1496,2019,420.4769
1496,2020,420.39789
1496,2021,429.0498
1496,2022,414.63879
1496,2023,401.24841
1496,2024,405.39999
1497,2006,312.9639
1497,2007,324.1145
1497,2008,331.0191
1497,2009,327.35489
1497,2010,331.08551
1497,2011,336.04099
1497,2012,345.9957
1497,2013,354.67291
1497,2014,364.827
1497,2015,378.2345
1497,2016,390.03339
1497,2017,396.04221
1497,2018,405.38669
1497,2019,402.59479
1497,2020,403.83899
1497,2021,415.6835
1497,2022,402.69629
1497,2023,386.85199
1497,2024,390.79999
1498,2006,320.3407
1498,2007,332.97479
1498,2008,337.85779
1498,2009,331.51089
1498,2010,330.9487
1498,2011,341.83939
1498,2012,350.62039
1498,2013,357.71341
1498,2014,365.35669
1498,2015,377.43961
1498,2016,387.01599
1498,2017,395.78439
1498,2018,406.52441
1498,2019,405.76141
1498,2020,407.2991
1498,2021,413.2038
1498,2022,401.30121
1498,2023,385.5152
1498,2024,387.39999
1499,2006,319.9025
1499,2007,329.4021
1499,2008,335.7164
1499,2009,337.1907
1499,2010,337.58279
1499,2011,342.83911
1499,2012,350.2901
1499,2013,354.5408
1499,2014,363.76761
1499,2015,371.74289
1499,2016,384.12979
1499,2017,388.82501
1499,2018,394.76859
1499,2019,397.37921
1499,2020,397.41321
1499,2021,405.2204
1499,2022,390.1958
1499,2023,375.74619
1499,2024,378.10001
1715,2006,308.36261
1715,2007,318.04089
1715,2008,324.59491
1715,2009,321.952
1715,2010,325.68259
1715,2011,335.9743
1715,2012,346.32599
1715,2013,352.95441
1715,2014,363.89999
1715,2015,381.28159
1715,2016,392.52609
1715,2017,396.17111
1715,2018,408.3573
1715,2019,409.3006
1715,2020,413.78671
1715,2021,420.7034
1715,2022,410.39761
1715,2023,396.72379
1715,2024,398.10001
1730,2006,235.83681
1730,2007,251.2316
1730,2008,248.95509
1730,2009,225.2556
1730,2010,214.4088
1730,2011,234.53551
1730,2012,244.31779
1730,2013,245.34959
1730,2014,250.1481
1730,2015,258.33881
1730,2016,269.7305
1730,2017,279.27869
1730,2018,290.98849
1730,2019,290.08679
1730,2020,274.828
1730,2021,293.69409
1730,2022,372.50531
1730,2023,360.42429
1730,2024,360.89999
1737,2006,274.91159
1737,2007,281.6709
1737,2008,290.53979
1737,2009,293.82971
1737,2010,297.36829
1737,2011,307.3822
1737,2012,315.8028
1737,2013,319.84021
1737,2014,326.1593
1737,2015,339.01999
1737,2016,343.72269
1737,2017,350.93491
1737,2018,363.35651
1737,2019,369.43851
1737,2020,369.11481
1737,2021,378.48792
1737,2022,384.72681
1737,2023,372.3013
1737,2024,374.64999
1760,2006,302.08139
1760,2007,308.60901
1760,2008,320.6575
1760,2009,314.3327
1760,2010,311.457
1760,2011,324.04431
1760,2012,336.68021
1760,2013,337.48792
1760,2014,333.4426
1760,2015,349.08859
1760,2016,352.11899
1760,2017,366.9158
1760,2018,378.7149
1760,2019,382.2291
1760,2020,390.8638
1760,2021,396.14828
1760,2022,385.50809
1760,2023,367.67389
1760,2024,367.10001
1761,2006,351.4545
1761,2007,357.98361
1761,2008,366.5249
1761,2009,375.01041
1761,2010,380.5329
1761,2011,384.2944
1761,2012,392.83759
1761,2013,399.94891
1761,2014,417.664
1761,2015,430.5647
1761,2016,441.52621
1761,2017,449.65549
1761,2018,458.604
1761,2019,462.4501
1761,2020,467.97379
1761,2021,478.76489
1761,2022,464.86429
1761,2023,450.0419
1761,2024,450.95001
1762,2006,292.7327
1762,2007,304.9649
1762,2008,313.74979
1762,2009,302.55731
1762,2010,304.1391
1762,2011,322.7113
1762,2012,333.64111
1762,2013,336.8269
1762,2014,349.3334
1762,2015,357.03751
1762,2016,363.92621
1762,2017,369.04221
1762,2018,379.78931
1762,2019,379.24881
1762,2020,377.64139
1762,2021,379.09271
1762,2022,368.71051
1762,2023,353.2775
1762,2024,359.0
1763,2006,300.6207
1763,2007,311.39569
1763,2008,318.3089
1763,2009,320.28961
1763,2010,320.9635
1763,2011,329.10959
1763,2012,335.88739
1763,2013,343.767
1763,2014,351.71701
1763,2015,371.34549
1763,2016,387.672
1763,2017,393.40021
1763,2018,395.71661
1763,2019,398.5589
1763,2020,399.39041
1763,2021,409.57501
1763,2022,398.06439
1763,2023,381.6076
1763,2024,384.20001
1764,2006,300.91281
1764,2007,312.68188
1764,2008,312.71359
1764,2009,309.76111
1764,2010,310.22601
1764,2011,322.0448
1764,2012,329.677
1764,2013,336.6947
1764,2014,341.388
1764,2015,353.7254
1764,2016,360.64639
1764,2017,371.87759
1764,2018,378.96771
1764,2019,383.3468
1764,2020,388.8248
1764,2021,392.7009
1764,2022,380.3739
1764,2023,372.04419
1764,2024,373.04999
1765,2006,260.3042
1765,2007,263.37881
1765,2008,262.90881
1765,2009,249.3604
1765,2010,242.1076
1765,2011,259.12881
1765,2012,279.26749
1765,2013,270.995
1765,2014,280.0097
1765,2015,291.72409
1765,2016,299.9046
1765,2017,304.28101
1765,2018,314.50021
1765,2019,320.13861
1765,2020,320.1796
1765,2021,326.35361
1765,2022,394.71609
1765,2023,379.96231
1765,2024,383.0
1766,2006,294.33951
1766,2007,302.10669
1766,2008,304.35519
1766,2009,303.38849
1766,2010,313.09839
1766,2011,321.11179
1766,2012,326.76999
1766,2013,331.20871
1766,2014,339.7327
1766,2015,349.94971
1766,2016,361.04001
1766,2017,371.1687
1766,2018,382.0647
1766,2019,380.36639
1766,2020,383.7583
1766,2021,392.94281
1766,2022,389.9726
1766,2023,370.60461
1766,2024,375.20001
1780,2006,309.67731
1780,2007,319.25571
1780,2008,325.76929
1780,2009,329.0173
1780,2010,330.60681
1780,2011,337.24069
1780,2012,344.74039
1780,2013,351.3681
1780,2014,360.32458
1780,2015,372.8028
1780,2016,382.0307
1780,2017,388.69611
1780,2018,394.0101
1780,2019,395.51651
1780,2020,396.30099
1780,2021,402.92209
1780,2022,390.41901
1780,2023,377.59711
1780,2024,377.89999
1781,2006,306.60971
1781,2007,312.8963
1781,2008,316.78922
1781,2009,315.5795
1781,2010,317.2019
1781,2011,320.97849
1781,2012,328.48779
1781,2013,327.57339
1781,2014,335.69379
1781,2015,346.57141
1781,2016,350.9382
1781,2017,362.405
1781,2018,371.5097
1781,2019,376.02011
1781,2020,379.3714
1781,2021,386.71329
1781,2022,376.914
1781,2023,367.05688
1781,2024,367.20001
1782,2006,274.7655
1782,2007,286.81561
1782,2008,298.76001
1782,2009,292.58289
1782,2010,299.14651
1782,2011,310.448
1782,2012,315.14221
1782,2013,319.64191
1782,2014,322.65009
1782,2015,329.2164
1782,2016,327.7829
1782,2017,344.10431
1782,2018,343.953
1782,2019,353.66751
1782,2020,357.8696
1782,2021,363.9726
1782,2022,350.07129
1782,2023,334.92209
1782,2024,343.54999
1783,2006,295.8002
1783,2007,302.67841
1783,2008,312.6445
1783,2009,306.43631
1783,2010,313.78241
1783,2011,325.24399
1783,2012,333.24469
1783,2013,338.2811
1783,2014,349.59821
1783,2015,365.18509
1783,2016,369.30511
1783,2017,377.9993
1783,2018,386.04651
1783,2019,382.41541
1783,2020,377.70319
1783,2021,376.91541
1783,2022,365.3063
1783,2023,354.82001
1783,2024,354.60001
1784,2006,299.6712
1784,2007,309.68079
1784,2008,319.6214
1784,2009,304.63531
1784,2010,313.37201
1784,2011,321.5116
1784,2012,331.52689
1784,2013,334.84399
1784,2014,346.35391
1784,2015,356.64001
1784,2016,365.23819
1784,2017,374.06851
1784,2018,380.9902
1784,2019,384.1539
1784,2020,383.8201
1784,2021,391.91461
1784,2022,397.11569
1784,2023,382.9444
1784,2024,381.79999
1785,2006,291.27191
1785,2007,300.10599
1785,2008,303.38821
1785,2009,305.0509
1785,2010,305.98569
1785,2011,312.58081
1785,2012,320.03119
1785,2013,322.94669
1785,2014,322.71631
1785,2015,331.20361
1785,2016,334.40811
1785,2017,345.26419
1785,2018,352.3591
1785,2019,359.19351
1785,2020,356.69559
1785,2021,362.40009
1785,2022,362.18121
1785,2023,349.62701
1785,2024,352.89999
1814,2006,308.9469
1814,2007,325.54361
1814,2008,332.677
1814,2009,338.9917
1814,2010,339.22421
1814,2011,346.37149
1814,2012,354.25409
1814,2013,364.3891
1814,2014,376.08301
1814,2015,389.09799
1814,2016,400.26639
1814,2017,410.0899
1814,2018,415.87851
1814,2019,420.10431
1814,2020,422.74579
1814,2021,426.0257
1814,2022,414.08081
1814,2023,398.67761
1814,2024,406.70001
1860,2006,312.74481
1860,2007,324.25739
1860,2008,333.09149
1860,2009,330.67969
1860,2010,343.19089
1860,2011,352.63641
1860,2012,357.2933
1860,2013,348.79041
1860,2014,351.71701
1860,2015,360.15079
1860,2016,378.61969
1860,2017,383.6055
1860,2018,392.24039
1860,2019,388.00351
1860,2020,397.5368
1860,2021,394.81769
1860,2022,377.58359
1860,2023,369.8848
1860,2024,370.20001
1861,2006,317.2731
1861,2007,324.82901
1861,2008,331.64081
1861,2009,331.09531
1861,2010,328.82861
1861,2011,340.57309
1861,2012,348.1759
1861,2013,351.2359
1861,2014,363.50269
1861,2015,373.06769
1861,2016,381.37479
1861,2017,387.6651
1861,2018,393.50449
1861,2019,394.52301
1861,2020,397.78391
1861,2021,408.7283
1861,2022,393.09769
1861,2023,378.31699
1861,2024,380.14999
1862,2006,314.6438
1862,2007,321.11349
1862,2008,329.49939
1862,2009,327.77051
1862,2010,326.22971
1862,2011,331.64221
1862,2012,344.21191
1862,2013,344.75851
1862,2014,354.63031
1862,2015,364.3902
1862,2016,371.99451
1862,2017,377.9993
1862,2018,380.35818
1862,2019,384.6507
1862,2020,389.01019
1862,2021,396.0878
1862,2022,380.93201
1862,2023,369.98761
1862,2024,373.85001
1863,2006,295.8002
1863,2007,302.39261
1863,2008,312.36819
1863,2009,295.14581
1863,2010,300.92471
1863,2011,314.24701
1863,2012,313.68869
1863,2013,322.41791
1863,2014,330.66171
1863,2015,333.05829
1863,2016,348.31439
1863,2017,357.121
1863,2018,364.3045
1863,2019,357.88959
1863,2020,356.13959
1863,2021,358.2269
1863,2022,350.68509
1863,2023,329.6777
1863,2024,336.10001
1864,2006,265.5629
1864,2007,278.0983
1864,2008,282.8031
1864,2009,280.46121
1864,2010,287.1095
1864,2011,300.98401
1864,2012,304.57141
1864,2013,303.5144
1864,2014,314.04251
1864,2015,310.5365
1864,2016,313.81091
1864,2017,329.09009
1864,2018,338.64389
1864,2019,336.46841
1864,2020,335.13199
1864,2021,346.4332
1864,2022,340.64001
1864,2023,337.39001
1864,2024,347.04999
1880,2006,305.73331
1880,2007,315.8259
1880,2008,322.86801
1880,2009,325.13831
1880,2010,326.22971
1880,2011,334.0415
1880,2012,342.22989
1880,2013,350.70721
1880,2014,359.2652
1880,2015,372.14041
1880,2016,380.06281
1880,2017,385.98969
1880,2018,387.81619
1880,2019,388.68649
1880,2020,389.75159
1880,2021,395.9064
1880,2022,382.3829
1880,2023,367.10831
1880,2024,367.5
1881,2006,322.97
1881,2007,334.6897
1881,2008,340.0683
1881,2009,344.94861
1881,2010,348.11511
1881,2011,354.16931
1881,2012,362.05011
1881,2013,368.28879
1881,2014,379.65839
1881,2015,389.89291
1881,2016,400.26639
1881,2017,403.90381
1881,2018,409.17889
1881,2019,410.6666
1881,2020,414.7135
1881,2021,419.61481
1881,2022,400.68729
1881,2023,385.5152
1881,2024,390.79999
1882,2006,313.47519
1882,2007,318.68399
1882,2008,330.60471
1882,2009,331.2338
1882,2010,337.9931
1882,2011,348.17099
1882,2012,353.4613
1882,2013,358.2421
1882,2014,375.08981
1882,2015,385.7197
1882,2016,391.34531
1882,2017,402.09949
1882,2018,407.66199
1882,2019,410.48029
1882,2020,417.185
1882,2021,423.24359
1882,2022,409.3931
1882,2023,389.11429
1882,2024,393.39999
1883,2006,325.45331
1883,2007,333.33209
1883,2008,338.7558
1883,2009,338.29901
1883,2010,336.35172
1883,2011,346.03821
1883,2012,355.83981
1883,2013,359.36581
1883,2014,364.827
1883,2015,375.9823
1883,2016,381.76831
1883,2017,391.20929
1883,2018,397.6759
1883,2019,405.32681
1883,2020,410.20309
1883,2021,417.4375
1883,2022,401.8035
1883,2023,385.97791
1883,2024,393.60001
1884,2006,314.78989
1884,2007,327.1156
1884,2008,331.84811
1884,2009,331.026
1884,2010,334.0264
1884,2011,345.3718
1884,2012,359.2753
1884,2013,368.02441
1884,2014,375.08981
1884,2015,380.75159
1884,2016,383.9986
1884,2017,393.91571
1884,2018,400.07761
1884,2019,403.89871
1884,2020,404.20981
1884,2021,415.13919
1884,2022,401.63599
1884,2023,387.88031
1884,2024,390.20001
1885,2006,313.7673
1885,2007,326.1152
1885,2008,334.19669
1885,2009,325.27679
1885,2010,329.03381
1885,2011,346.97131
1885,2012,354.12201
1885,2013,353.68149
1885,2014,360.7218
1885,2015,371.41171
1885,2016,382.1619
1885,2017,393.078
1885,2018,395.2742
1885,2019,394.27469
1885,2020,395.9303
1885,2021,402.43829
1885,2022,391.75839
1885,2023,373.53531
1885,2024,376.20001
1904,2006,302.44659
1904,2007,310.68121
1904,2008,320.10489
1904,2009,311.0079
1904,2010,320.21121
1904,2011,327.77661
1904,2012,341.50311
1904,2013,350.77328
1904,2014,355.29251
1904,2015,357.23621
1904,2016,369.04269
1904,2017,383.54099
1904,2018,384.78241
1904,2019,392.78448
1904,2020,382.09009
1904,2021,392.2775
1904,2022,375.79779
1904,2023,353.94589
1904,2024,360.20001
1907,2006,336.9931
1907,2007,346.83679
1907,2008,354.7818
1907,2009,351.39041
1907,2010,353.3129
1907,2011,358.43481
1907,2012,368.32651
1907,2013,372.12241
1907,2014,378.86389
1907,2015,390.68781
1907,2016,395.67471
1907,2017,400.93961
1907,2018,405.38669
1907,2019,408.05881
1907,2020,410.3884
1907,2021,414.0506
1907,2022,399.85019
1907,2023,388.39441
1907,2024,390.89999
1960,2006,328.37479
1960,2007,335.26129
1960,2008,340.4137
1960,2009,335.94391
1960,2010,337.17239
1960,2011,349.2374
1960,2012,356.36829
1960,2013,359.82849
1960,2014,366.41599
1960,2015,377.04221
1960,2016,381.1124
1960,2017,386.5697
1960,2018,391.7348
1960,2019,395.88901
1960,2020,395.06531
1960,2021,404.37369
1960,2022,389.80521
1960,2023,379.96231
1960,2024,377.10001
1961,2006,323.04309
1961,2007,331.4028
1961,2008,335.23291
1961,2009,332.48059
1961,2010,334.2999
1961,2011,345.10519
1961,2012,351.3472
1961,2013,355.9949
1961,2014,369.72659
1961,2015,380.35419
1961,2016,391.08301
1961,2017,396.2355
1961,2018,397.29669
1961,2019,403.2157
1961,2020,406.43411
1961,2021,409.2121
1961,2022,392.31641
1961,2023,377.08301
1961,2024,381.04999
1962,2006,311.64929
1962,2007,320.1131
1962,2008,334.3349
1962,2009,331.3031
1962,2010,337.65109
1962,2011,341.43951
1962,2012,353.8577
1962,2013,360.35721
1962,2014,359.92731
1962,2015,367.30481
1962,2016,384.58899
1962,2017,388.69611
1962,2018,391.98761
1962,2019,396.13739
1962,2020,388.763
1962,2021,394.21289
1962,2022,382.1597
1962,2023,362.2753
1962,2024,369.20001
1980,2006,316.8349
1980,2007,327.68719
1980,2008,333.6441
1980,2009,339.54581
1980,2010,342.6438
1980,2011,348.57089
1980,2012,356.89679
1980,2013,365.6449
1980,2014,376.21539
1980,2015,388.17059
1980,2016,396.72421
1980,2017,400.55289
1980,2018,406.27161
1980,2019,408.55551
1980,2020,409.02911
1980,2021,415.01819
1980,2022,400.24091
1980,2023,385.8237
1980,2024,389.0
1981,2006,302.66571
1981,2007,312.539
1981,2008,319.96671
1981,2009,325.13831
1981,2010,328.2814
1981,2011,332.70859
1981,2012,338.39789
1981,2013,346.74139
1981,2014,356.48431
1981,2015,370.68311
1981,2016,378.095
1981,2017,382.70331
1981,2018,389.3331
1981,2019,389.18329
1981,2020,394.57101
1981,2021,398.68851
1981,2022,382.1597
1981,2023,367.41681
1981,2024,371.70001
1982,2006,337.13919
1982,2007,347.2655
1982,2008,358.65009
1982,2009,345.08719
1982,2010,345.1059
1982,2011,358.16821
1982,2012,361.52161
1982,2013,366.17371
1982,2014,369.1969
1982,2015,376.64471
1982,2016,379.1445
1982,2017,387.2785
1982,2018,387.62659
1982,2019,396.2616
1982,2020,397.28961
1982,2021,398.32559
1982,2022,379.48099
1982,2023,363.0979
1982,2024,364.79999
1983,2006,322.38571
1983,2007,331.54568
1983,2008,336.82159
1983,2009,322.09061
1983,2010,324.38309
1983,2011,343.10571
1983,2012,350.8186
1983,2013,358.3743
1983,2014,371.71301
1983,2015,381.944
1983,2016,387.73761
1983,2017,392.9491
1983,2018,394.51569
1983,2019,397.87589
1983,2020,396.54819
1983,2021,405.34131
1983,2022,388.74481
1983,2023,374.51221
1983,2024,374.29999
1984,2006,317.7113
1984,2007,327.54431
1984,2008,332.677
1984,2009,328.39389
1984,2010,328.55499
1984,2011,338.44031
1984,2012,348.04379
1984,2013,351.1037
1984,2014,358.7355
1984,2015,365.78119
1984,2016,373.89679
1984,2017,385.40979
1984,2018,391.22919
1984,2019,390.3009
1984,2020,391.1109
1984,2021,396.75311
1984,2022,385.61969
1984,2023,372.71271
1984,2024,372.70001
2021,2006,275.05771
2021,2007,284.24329
2021,2008,290.8161
2021,2009,286.69519
2021,2010,291.34979
2021,2011,300.6507
2021,2012,308.93179
2021,2013,315.14731
2021,2014,332.51559
2021,2015,346.30649
2021,2016,354.08679
2021,2017,364.4671
2021,2018,371.88889
2021,2019,370.8045
2021,2020,383.4494
2021,2021,389.0116
2021,2022,376.5791
2021,2023,358.1106
2021,2024,360.0
2023,2006,292.14841
2023,2007,298.46259
2023,2008,298.76001
2023,2009,302.2803
2023,2010,311.79901
2023,2011,317.5127
2023,2012,323.4006
2023,2013,333.7204
2023,2014,347.34698
2023,2015,358.561
2023,2016,369.17389
2023,2017,378.12811
2023,2018,380.8638
2023,2019,383.84351
2023,2020,387.03299
2023,2021,394.27341
2023,2022,392.87451
2023,2023,377.4429
2023,2024,378.70001
2026,2006,310.18851
2026,2007,320.54181
2026,2008,326.87451
2026,2009,325.90021
2026,2010,331.49591
2026,2011,340.97299
2026,2012,354.38629
2026,2013,364.05859
2026,2014,377.1424
2026,2015,390.42279
2026,2016,396.06821
2026,2017,401.97061
2026,2018,406.65079
2026,2019,408.92801
2026,2020,415.0842
2026,2021,418.40521
2026,2022,401.6918
2026,2023,386.74911
2026,2024,390.35001
2029,2006,306.17151
2029,2007,314.8255
2029,2008,323.6969
2029,2009,329.29431
2029,2010,333.75281
2029,2011,341.37289
2029,2012,352.73459
2029,2013,357.3168
2029,2014,365.75391
2029,2015,380.88409
2029,2016,390.36139
2029,2017,394.88229
2029,2018,398.05511
2029,2019,398.37271
2029,2020,403.22119
2029,2021,410.54269
2029,2022,396.89249
2029,2023,378.47119
2029,2024,380.5
2031,2006,279.43991
2031,2007,290.81699
2031,2008,296.48041
2031,2009,302.14169
2031,2010,306.1225
2031,2011,308.6485
2031,2012,319.89899
2031,2013,330.48169
2031,2014,342.71219
2031,2015,356.50751
2031,2016,367.79639
2031,2017,375.42169
2031,2018,380.8638
2031,2019,388.4382
2031,2020,394.69461
2031,2021,396.2692
2031,2022,384.1687
2031,2023,364.2291
2031,2024,364.04999
2034,2006,274.3273
2034,2007,280.24191
2034,2008,284.46091
2034,2009,286.90302
2034,2010,285.74161
2034,2011,287.9209
2034,2012,299.94659
2034,2013,308.9343
2034,2014,321.32581
2034,2015,343.78931
2034,2016,351.98779
2034,2017,354.41461
2034,2018,365.82141
2034,2019,367.20319
2034,2020,370.84479
2034,2021,373.77039
2034,2022,366.19919
2034,2023,354.5629
2034,2024,355.60001
2039,2006,274.3273
2039,2007,280.95639
2039,2008,288.1911
2039,2009,295.35361
2039,2010,298.32581
2039,2011,302.25031
2039,2012,310.78171
2039,2013,324.9296
2039,2014,336.091
2039,2015,358.1636
2039,2016,373.24091
2039,2017,371.49091
2039,2018,377.70361
2039,2019,380.30429
2039,2020,377.76501
2039,2021,386.89471
2039,2022,375.68619
2039,2023,364.17761
2039,2024,365.25
2061,2006,319.75641
2061,2007,333.90369
2061,2008,340.3446
2061,2009,342.17789
2061,2010,340.72879
2061,2011,350.30371
2061,2012,360.7948
2061,2013,370.1395
2061,2014,381.37991
2061,2015,393.07239
2061,2016,397.38019
2061,2017,408.5434
2061,2018,410.6958
2061,2019,413.52271
2061,2020,415.33139
2061,2021,420.0986
2061,2022,406.37949
2061,2023,393.38181
2061,2024,402.35001
2062,2006,310.55371
2062,2007,317.25491
2062,2008,323.14429
2062,2009,330.12549
2062,2010,334.84711
2062,2011,339.64001
2062,2012,346.19391
2062,2013,355.20169
2062,2014,368.0051
2062,2015,379.02939
2062,2016,390.95181
2062,2017,395.9133
2062,2018,399.8248
2062,2019,404.45749
2062,2020,405.3219
2062,2021,411.02649
2062,2022,395.7764
2062,2023,381.71039
2062,2024,384.60001
2080,2006,322.5318
2080,2007,331.83151
2080,2008,337.51239
2080,2009,343.8403
2080,2010,344.55869
2080,2011,349.504
2080,2012,358.48251
2080,2013,365.9093
2080,2014,378.73141
2080,2015,388.83301
2080,2016,395.67471
2080,2017,402.61499
2080,2018,407.0932
2080,2019,411.28751
2080,2020,417.43219
2080,2021,424.9371
2080,2022,407.38409
2080,2023,390.8624
2080,2024,395.0
2081,2006,317.12711
2081,2007,325.82941
2081,2008,331.98621
2081,2009,333.72739
2081,2010,330.33319
2081,2011,337.37399
2081,2012,344.60831
2081,2013,353.61539
2081,2014,360.32458
2081,2015,372.8028
2081,2016,378.88211
2081,2017,383.6055
2081,2018,386.8049
2081,2019,389.3074
2081,2020,391.35809
2081,2021,394.93869
2081,2022,380.8204
2081,2023,364.94891
2081,2024,367.60001
2082,2006,321.2171
2082,2007,328.54459
2082,2008,339.93011
2082,2009,347.58081
2082,2010,351.5347
2082,2011,353.76941
2082,2012,361.45551
2082,2013,370.1395
2082,2014,383.2338
2082,2015,392.34381
2082,2016,402.62781
2082,2017,408.09229
2082,2018,411.58069
2082,2019,415.01291
2082,2020,414.8371
2082,2021,422.88071
2082,2022,407.94211
2082,2023,391.11951
2082,2024,390.89999
2083,2006,304.27249
2083,2007,315.8259
2083,2008,324.11139
2083,2009,325.27679
2083,2010,331.01709
2083,2011,336.57419
2083,2012,340.2478
2083,2013,340.0657
2083,2014,355.95459
2083,2015,360.21701
2083,2016,368.05881
2083,2017,373.2952
2083,2018,380.48459
2083,2019,383.03629
2083,2020,387.15659
2083,2021,391.7937
2083,2022,378.4765
2083,2023,363.61209
2083,2024,369.04999
2084,2006,325.74539
2084,2007,332.11731
2084,2008,339.17029
2084,2009,348.82761
2084,2010,355.63821
2084,2011,360.8342
2084,2012,366.93909
2084,2013,369.21411
2084,2014,373.69931
2084,2015,370.15311
2084,2016,376.65179
2084,2017,380.9635
2084,2018,387.43701
2084,2019,393.0329
2084,2020,398.40179
2084,2021,401.34961
2084,2022,388.96811
2084,2023,373.79239
2084,2024,379.25
2085,2006,313.47519
2085,2007,322.97119
2085,2008,329.84479
2085,2009,342.73209
2085,2010,344.55869
2085,2011,351.76999
2085,2012,360.46451
2085,2013,371.4614
2085,2014,379.45981
2085,2015,385.38849
2085,2016,388.9183
2085,2017,396.55771
2085,2018,398.18149
2085,2019,398.621
2085,2020,402.7269
2085,2021,404.797
2085,2022,388.96811
2085,2023,379.0368
2085,2024,388.10001
2101,2006,304.41861
2101,2007,313.53931
2101,2008,317.89441
2101,2009,323.89151
2101,2010,325.95609
2101,2011,328.97629
2101,2012,327.43069
2101,2013,334.44751
2101,2014,341.388
2101,2015,341.66959
2101,2016,352.4469
2101,2017,357.24991
2101,2018,362.7876
2101,2019,367.07901
2101,2020,375.91141
2101,2021,385.56421
2101,2022,374.40271
2101,2023,358.16199
2101,2024,367.10001
2104,2006,338.89209
2104,2007,344.47879
2104,2008,358.65009
2104,2009,347.4422
2104,2010,349.41461
2104,2011,364.9664
2104,2012,368.1283
2104,2013,375.42719
2104,2014,389.78879
2104,2015,397.04691
2104,2016,399.47919
2104,2017,402.09949
2104,2018,410.8222
2104,2019,410.91489
2104,2020,406.92841
2104,2021,411.9942
2104,2022,397.6738
2104,2023,386.0293
2104,2024,385.75
2121,2006,311.43021
2121,2007,321.39929
2121,2008,327.7034
2121,2009,323.47589
2121,2010,327.25562
2121,2011,337.5072
2121,2012,342.49411
2121,2013,349.12091
2121,2014,357.41119
2121,2015,368.23221
2121,2016,376.32391
2121,2017,385.98969
2121,2018,386.6785
2121,2019,390.54929
2121,2020,391.60519
2121,2021,404.85751
2121,2022,383.88971
2121,2023,365.9772
2121,2024,364.20001
2132,2006,284.4064
2132,2007,293.24649
2132,2008,300.07239
2132,2009,297.98569
2132,2010,299.28329
2132,2011,312.71411
2132,2012,316.4635
2132,2013,324.07031
2132,2014,338.20981
2132,2015,349.75101
2132,2016,360.2529
2132,2017,368.2045
2132,2018,371.1937
2132,2019,377.32401
2132,2020,374.6138
2132,2021,384.77789
2132,2022,372.61691
2132,2023,354.46011
2132,2024,358.39999
2161,2006,292.14841
2161,2007,297.67661
2161,2008,299.8652
2161,2009,295.90771
2161,2010,298.5993
2161,2011,306.9823
2161,2012,316.9921
2161,2013,325.1279
2161,2014,336.22351
2161,2015,344.31931
2161,2016,353.16849
2161,2017,359.82751
2161,2018,366.327
2161,2019,371.79791
2161,2020,375.41711
2161,2021,385.38269
2161,2022,372.33789
2161,2023,360.63
2161,2024,361.64999
2180,2006,315.37421
2180,2007,326.54391
2180,2008,333.6441
2180,2009,339.13019
2180,2010,344.83231
2180,2011,346.97131
2180,2012,350.55441
2180,2013,359.16751
2180,2014,369.46179
2180,2015,382.47391
2180,2016,392.3949
2180,2017,399.65079
2180,2018,404.7547
2180,2019,406.63071
2180,2020,408.41129
2180,2021,413.2038
2180,2022,395.888
2180,2023,379.34531
2180,2024,382.70001
2181,2006,335.6785
2181,2007,340.54889
2181,2008,348.1503
2181,2009,348.689
2181,2010,353.85999
2181,2011,362.30042
2181,2012,365.5517
2181,2013,371.5936
2181,2014,379.526
2181,2015,382.8714
2181,2016,382.68671
2181,2017,386.63409
2181,2018,393.25171
2181,2019,395.88901
2181,2020,397.41321
2181,2021,402.31729
2181,2022,389.52609
2181,2023,375.43771
2181,2024,379.20001
2182,2006,273.15869
2182,2007,287.38721
2182,2008,298.2764
2182,2009,300.2023
2182,2010,306.53281
2182,2011,320.97849
2182,2012,328.22351
2182,2013,331.80359
2182,2014,343.77161
2182,2015,350.28091
2182,2016,362.74551
2182,2017,371.55539
2182,2018,372.3945
2182,2019,373.0397
2182,2020,378.13571
2182,2021,388.4068
2182,2022,372.44949
2182,2023,357.4422
2182,2024,357.25
2183,2006,295.21591
2183,2007,307.5372
2183,2008,316.09839
2183,2009,316.68781
2183,2010,315.6973
2183,2011,323.64441
2183,2012,330.33771
2183,2013,336.6947
2183,2014,341.78531
2183,2015,352.0032
2183,2016,361.82721
2183,2017,368.72009
2183,2018,371.88889
2183,2019,372.29459
2183,2020,377.0235
2183,2021,385.26181
2183,2022,366.534
2183,2023,352.81479
2183,2024,354.60001
2184,2006,292.7327
2184,2007,306.10809
2184,2008,313.1972
2184,2009,316.68781
2184,2010,322.5365
2184,2011,334.30811
2184,2012,341.96561
2184,2013,350.9715
2184,2014,358.60309
2184,2015,367.901
2184,2016,373.6344
2184,2017,384.18539
2184,2018,389.3331
2184,2019,392.28781
2184,2020,398.0311
2184,2021,411.63129
2184,2022,395.55319
2184,2023,376.77451
2184,2024,377.0
2260,2006,310.40759
2260,2007,316.25461
2260,2008,323.2825
2260,2009,329.50211
2260,2010,330.19641
2260,2011,337.24069
2260,2012,346.5903
2260,2013,351.2359
2260,2014,358.86789
2260,2015,368.03339
2260,2016,379.2757
2260,2017,381.22119
2260,2018,389.83871
2260,2019,390.92181
2260,2020,392.841
2260,2021,395.30161
2260,2022,379.8717
2260,2023,365.15451
2260,2024,370.0
2262,2006,322.5318
2262,2007,330.54541
2262,2008,332.26251
2262,2009,336.77509
2262,2010,338.677
2262,2011,345.30511
2262,2012,353.32919
2262,2013,359.69629
2262,2014,370.9184
2262,2015,381.08289
2262,2016,392.00131
2262,2017,400.42401
2262,2018,401.97369
2262,2019,407.81039
2262,2020,408.0405
2262,2021,413.44571
2262,2022,398.51089
2262,2023,385.2067
2262,2024,389.10001
2280,2006,307.48621
2280,2007,315.68301
2280,2008,322.17719
2280,2009,327.6319
2280,2010,328.96539
2280,2011,333.6416
2280,2012,337.86938
2280,2013,343.30441
2280,2014,351.0549
2280,2015,354.38779
2280,2016,364.0574
2280,2017,370.7821
2280,2018,377.198
2280,2019,379.18671
2280,2020,384.80869
2280,2021,393.78949
2280,2022,377.24881
2280,2023,362.37811
2280,2024,367.5
2281,2006,332.6109
2281,2007,340.54889
2281,2008,345.1109
2281,2009,350.767
2281,2010,352.35541
2281,2011,356.30209
2281,2012,365.22141
2281,2013,375.03061
2281,2014,383.6311
2281,2015,395.5896
2281,2016,403.28381
2281,2017,410.21881
2281,2018,416.13129
2281,2019,420.22849
2281,2020,423.11649
2281,2021,428.44501
2281,2022,410.84399
2281,2023,396.05539
2281,2024,398.89999
2282,2006,304.1265
2282,2007,310.96701
2282,2008,315.9603
2282,2009,319.4584
2282,2010,323.6308
2282,2011,325.71051
2282,2012,335.4249
2282,2013,342.11459
2282,2014,349.99551
2282,2015,361.40939
2282,2016,364.12299
2282,2017,370.58881
2282,2018,374.9859
2282,2019,375.7717
2282,2020,378.07391
2282,2021,385.68509
2282,2022,367.53851
2282,2023,355.59119
2282,2024,355.39999
2283,2006,297.5531
2283,2007,305.5365
2283,2008,310.15771
2283,2009,314.74829
2283,2010,312.1409
2283,2011,318.3125
2283,2012,325.05231
2283,2013,332.729
2283,2014,341.25562
2283,2015,349.2211
2283,2016,358.285
2283,2017,365.3692
2283,2018,371.00409
2283,2019,372.79141
2283,2020,379.24789
2283,2021,384.77789
2283,2022,366.9805
2283,2023,353.94589
2283,2024,354.0
2284,2006,330.4198
2284,2007,338.54819
2284,2008,343.45309
2284,2009,351.3212
2284,2010,353.7233
2284,2011,355.10239
2284,2012,365.88199
2284,2013,374.4357
2284,2014,387.0741
2284,2015,397.70929
2284,2016,403.15259
2284,2017,404.29041
2284,2018,408.79971
2284,2019,412.5293
2284,2020,415.33139
2284,2021,421.79211
2284,2022,408.27701
2284,2023,395.1813
2284,2024,400.14999
2303,2006,297.26099
2303,2007,307.2514
2303,2008,312.78271
2303,2009,307.82159
2303,2010,299.83041
2303,2011,313.4472
2303,2012,315.67068
2303,2013,326.84641
2303,2014,339.33539
2303,2015,344.45169
2303,2016,349.4295
2303,2017,352.09479
2303,2018,358.74261
2303,2019,359.8765
2303,2020,366.02551
2303,2021,370.50449
2303,2022,358.72119
2303,2023,348.80429
2303,2024,348.89999
2305,2006,291.8562
2305,2007,303.25
2305,2008,301.3158
2305,2009,301.79541
2305,2010,295.5217
2305,2011,307.5155
2305,2012,313.95291
2305,2013,323.7399
2305,2014,331.2576
2305,2015,337.16531
2305,2016,344.1163
2305,2017,350.4838
2305,2018,358.3634
2305,2019,362.3602
2305,2020,371.957
2305,2021,378.9718
2305,2022,368.93369
2305,2023,355.28271
2305,2024,362.39999
2309,2006,304.85681
2309,2007,313.96811
2309,2008,316.37469
2309,2009,326.31589
2309,2010,330.12799
2309,2011,336.57419
2309,2012,345.66541
2309,2013,358.6387
2309,2014,371.3157
2309,2015,379.95679
2309,2016,393.57559
2309,2017,399.77969
2309,2018,407.91489
2309,2019,413.64691
2309,2020,420.64511
2309,2021,425.66281
2309,2022,415.4201
2309,2023,401.45401
2309,2024,403.20001
2313,2006,282.50751
2313,2007,289.17361
2313,2008,290.8161
2313,2009,290.64349
2313,2010,292.30731
2313,2011,301.91699
2313,2012,313.95291
2313,2013,323.40939
2313,2014,334.8992
2313,2015,345.11411
2313,2016,348.70801
2313,2017,351.45041
2313,2018,358.86899
2313,2019,362.60849
2313,2020,368.55869
2313,2021,374.1333
2313,2022,364.52499
2313,2023,348.13589
2313,2024,346.89999
2321,2006,285.42899
2321,2007,296.10461
2321,2008,297.862
2321,2009,299.9252
2321,2010,307.0799
2321,2011,311.31439
2321,2012,317.78491
2321,2013,324.53299
2321,2014,329.73471
2321,2015,340.94101
2321,2016,354.0213
2321,2017,361.24509
2321,2018,369.1712
2321,2019,373.0397
2321,2020,372.69849
2321,2021,385.14081
2321,2022,382.0481
2321,2023,368.95929
2321,2024,374.20001
2326,2006,283.603
2326,2007,297.46219
2326,2008,295.9278
2326,2009,298.26279
2326,2010,286.4256
2326,2011,297.78479
2326,2012,314.3494
2326,2013,323.34329
2326,2014,336.3559
2326,2015,345.909
2326,2016,353.6933
2326,2017,357.50769
2326,2018,365.3158
2326,2019,369.6868
2326,2020,373.9342
2326,2021,380.84671
2326,2022,365.1947
2326,2023,349.93549
2326,2024,349.54999
2361,2006,276.37241
2361,2007,290.03101
2361,2008,295.9278
2361,2009,299.23251
2361,2010,301.60861
2361,2011,311.78101
2361,2012,317.38849
2361,2013,320.96381
2361,2014,335.03171
2361,2015,344.65051
2361,2016,361.1712
2361,2017,366.7869
2361,2018,367.14871
2361,2019,370.43188
2361,2020,372.51309
2361,2021,383.32639
2361,2022,375.1282
2361,2023,359.8587
2361,2024,364.20001
2380,2006,307.6322
2380,2007,318.54111
2380,2008,323.6969
2380,2009,328.60172
2380,2010,328.6918
2380,2011,331.10901
2380,2012,339.7193
2380,2013,347.0058
2380,2014,355.8222
2380,2015,367.30481
2380,2016,376.3895
2380,2017,383.28329
2380,2018,390.72351
2380,2019,391.6669
2380,2020,395.5596
2380,2021,404.37369
2380,2022,389.41449
2380,2023,376.1575
2380,2024,378.89999
2401,2006,307.77829
2401,2007,317.25491
2401,2008,327.7034
2401,2009,320.84381
2401,2010,328.34979
2401,2011,333.5083
2401,2012,337.7373
2401,2013,345.55161
2401,2014,355.75589
2401,2015,366.4437
2401,2016,379.1445
2401,2017,383.9277
2401,2018,391.22919
2401,2019,393.9021
2401,2020,395.436
2401,2021,401.34961
2401,2022,391.9816
2401,2023,378.62549
2401,2024,382.0
2403,2006,278.1983
2403,2007,273.66809
2403,2008,278.38211
2403,2009,278.17542
2403,2010,286.15201
2403,2011,297.185
2403,2012,304.50531
2403,2013,320.03851
2403,2014,326.8876
2403,2015,346.439
2403,2016,360.05609
2403,2017,362.27609
2403,2018,354.6976
2403,2019,356.2753
2403,2020,369.7327
2403,2021,376.31061
2403,2022,362.29279
2403,2023,347.98169
2403,2024,359.25
2404,2006,306.53671
2404,2007,312.539
2404,2008,317.3418
2404,2009,311.0079
2404,2010,313.6456
2404,2011,329.776
2404,2012,336.548
2404,2013,348.1955
2404,2014,356.48431
2404,2015,368.96078
2404,2016,378.095
2404,2017,385.86081
2404,2018,387.18411
2404,2019,390.79761
2404,2020,391.2963
2404,2021,398.93039
2404,2022,387.96359
2404,2023,374.2037
2404,2024,375.0
2409,2006,313.84039
2409,2007,321.54221
2409,2008,324.52591
2409,2009,318.76581
2409,2010,329.64929
2409,2011,336.04099
2409,2012,345.0047
2409,2013,353.28491
2409,2014,361.31769
2409,2015,370.41809
2409,2016,369.3707
2409,2017,377.87039
2409,2018,382.50711
2409,2019,389.36951
2409,2020,395.436
2409,2021,408.84921
2409,2022,394.21381
2409,2023,375.23199
2409,2024,381.35001
2417,2006,308.65479
2417,2007,318.54111
2417,2008,321.48651
2417,2009,308.9299
2417,2010,320.7583
2417,2011,334.44141
2417,2012,351.215
2417,2013,353.02051
2417,2014,357.8085
2417,2015,363.52911
2417,2016,368.25562
2417,2017,370.00879
2417,2018,377.82999
2417,2019,382.53961
2417,2020,393.5824
2417,2021,395.0596
2417,2022,386.34521
2417,2023,375.95181
2417,2024,377.20001
2418,2006,332.1727
2418,2007,340.54889
2418,2008,341.51889
2418,2009,338.16049
2418,2010,355.09109
2418,2011,351.4368
2418,2012,365.35349
2418,2013,366.17371
2418,2014,377.00989
2418,2015,386.31589
2418,2016,398.56091
2418,2017,396.17111
2418,2018,401.34171
2418,2019,412.5914
2418,2020,412.7363
2418,2021,419.73569
2418,2022,394.71609
2418,2023,379.75659
2418,2024,383.0
2421,2006,282.94571
2421,2007,297.74811
2421,2008,307.6019
2421,2009,309.06839
2421,2010,315.15021
2421,2011,324.44421
2421,2012,323.7309
2421,2013,327.7056
2421,2014,341.58661
2421,2015,352.13571
2421,2016,362.0896
2421,2017,363.30719
2421,2018,369.23441
2421,2019,372.79141
2421,2020,375.16989
2421,2021,373.89139
2421,2022,376.30011
2421,2023,368.4451
2421,2024,369.20001
2422,2006,277.97919
2422,2007,293.0321
2422,2008,301.38489
2422,2009,294.93799
2422,2010,303.11319
2422,2011,306.91571
2422,2012,315.4064
2422,2013,328.1022
2422,2014,343.90399
2422,2015,358.0311
2422,2016,374.81519
2422,2017,373.48849
2422,2018,381.11661
2422,2019,370.6803
2422,2020,378.38281
2422,2021,382.29819
2422,2022,356.6564
2422,2023,356.56812
2422,2024,365.89999
2425,2006,312.30661
2425,2007,322.68539
2425,2008,330.05209
2425,2009,317.51901
2425,2010,328.2814
2425,2011,336.84079
2425,2012,340.38
2425,2013,343.43661
2425,2014,360.9205
2425,2015,369.15948
2425,2016,375.99591
2425,2017,380.31909
2425,2018,393.50449
2425,2019,394.52301
2425,2020,397.41321
2425,2021,410.36121
2425,2022,390.97711
2425,2023,380.3736
2425,2024,380.39999
2460,2006,325.38019
2460,2007,332.47461
2460,2008,338.47949
2460,2009,347.16519
2460,2010,350.09851
2460,2011,353.76941
2460,2012,358.7467
2460,2013,367.4295
2460,2014,382.4393
2460,2015,389.03171
2460,2016,393.11639
2460,2017,395.07559
2460,2018,398.94
2460,2019,405.26471
2460,2020,410.69739
2460,2021,420.94531
2460,2022,404.98441
2460,2023,390.24539
2460,2024,395.20001
2462,2006,264.54031
2462,2007,279.1701
2462,2008,287.08591
2462,2009,287.45721
2462,2010,286.83591
2462,2011,294.05249
2462,2012,303.7785
2462,2013,302.85339
2462,2014,318.54489
2462,2015,324.84451
2462,2016,344.18188
2462,2017,349.51721
2462,2018,351.85339
2462,2019,356.95831
2462,2020,361.57681
2462,2021,365.96841
2462,2022,357.1586
2462,2023,349.57559
2462,2024,359.85001
2463,2006,266.14719
2463,2007,276.59769
2463,2008,284.04651
2463,2009,284.82501
2463,2010,285.74161
2463,2011,299.98419
2463,2012,307.21411
2463,2013,318.71649
2463,2014,333.57501
2463,2015,336.23792
2463,2016,347.19931
2463,2017,341.59119
2463,2018,343.953
2463,2019,349.8179
2463,2020,353.66809
2463,2021,362.09769
2463,2022,357.4935
2463,2023,350.3468
2463,2024,350.29999
2480,2006,303.39609
2480,2007,314.68259
2480,2008,321.48651
2480,2009,322.991
2480,2010,324.04111
2480,2011,331.10901
2480,2012,340.38
2480,2013,348.1955
2480,2014,358.7355
2480,2015,371.21301
2480,2016,378.2262
2480,2017,382.51001
2480,2018,387.56339
2480,2019,389.18329
2480,2020,392.34671
2480,2021,400.6239
2480,2022,388.41
2480,2023,376.67169
2480,2024,378.5
2481,2006,306.46359
2481,2007,318.39819
2481,2008,325.0094
2481,2009,329.15579
2481,2010,334.9155
2481,2011,341.97269
2481,2012,354.38629
2481,2013,355.9288
2481,2014,364.95941
2481,2015,375.7836
2481,2016,383.73621
2481,2017,383.15439
2481,2018,392.746
2481,2019,393.5296
2481,2020,401.73831
2481,2021,404.6156
2481,2022,387.7403
2481,2023,374.7179
2481,2024,383.29999
2482,2006,313.91339
2482,2007,327.97299
2482,2008,335.99271
2482,2009,337.32932
2482,2010,344.14841
2482,2011,349.3707
2482,2012,359.01099
2482,2013,368.15659
2482,2014,376.6127
2482,2015,388.43561
2482,2016,398.56091
2482,2017,402.93719
2482,2018,409.811
2482,2019,416.50311
2482,2020,418.91501
2482,2021,425.66281
2482,2022,410.84399
2482,2023,401.3512
2482,2024,414.85001
2505,2006,308.14349
2505,2007,319.39859
2505,2008,327.97971
2505,2009,335.3898
2505,2010,343.05411
2505,2011,350.03711
2505,2012,359.2753
2505,2013,365.9093
2505,2014,373.56689
2505,2015,385.6535
2505,2016,391.8045
2505,2017,391.01599
2505,2018,399.12961
2505,2019,399.11771
2505,2020,406.68121
2505,2021,407.76059
2505,2022,396.27869
2505,2023,385.72079
2505,2024,393.79999
2506,2006,289.37299
2506,2007,299.67731
2506,2008,305.80591
2506,2009,315.5795
2506,2010,314.05591
2506,2011,325.57721
2506,2012,350.8186
2506,2013,357.58121
2506,2014,367.34299
2506,2015,378.7644
2506,2016,394.75629
2506,2017,389.34052
2506,2018,385.9201
2506,2019,381.73239
2506,2020,390.9874
2506,2021,398.68851
2506,2022,391.08871
2506,2023,381.71039
2506,2024,379.14999
2510,2006,282.72659
2510,2007,299.10571
2510,2008,311.12479
2510,2009,315.02539
2510,2010,315.4238
2510,2011,321.31171
2510,2012,331.659
2510,2013,346.74139
2510,2014,362.37711
2510,2015,370.948
2510,2016,379.34131
2510,2017,381.99451
2510,2018,390.72351
2510,2019,388.314
2510,2020,390.8638
2510,2021,406.9743
2510,2022,391.20029
2510,2023,378.62549
2510,2024,387.95001
2513,2006,266.4393
2513,2007,287.81601
2513,2008,293.8555
2513,2009,294.5224
2513,2010,297.5051
2513,2011,313.58051
2513,2012,325.31659
2513,2013,336.29819
2513,2014,352.5116
2513,2015,356.24261
2513,2016,364.12299
2513,2017,358.1521
2513,2018,370.30881
2513,2019,374.4057
2513,2020,380.54541
2513,2021,378.42749
2513,2022,359.2793
2513,2023,349.11279
2513,2024,350.0
2514,2006,297.1149
2514,2007,310.96701
2514,2008,319.96671
2514,2009,320.7052
2514,2010,325.95609
2514,2011,335.64111
2514,2012,348.96869
2514,2013,356.25931
2514,2014,369.99149
2514,2015,383.2688
2514,2016,390.8862
2514,2017,393.72241
2514,2018,399.8248
2514,2019,403.96078
2514,2020,404.39511
2514,2021,410.90561
2514,2022,397.61801
2514,2023,382.37881
2514,2024,385.14999
2518,2006,265.41681
2518,2007,287.53021
2518,2008,291.64499
2518,2009,281.77731
2518,2010,288.61411
2518,2011,306.3158
2518,2012,323.07031
2518,2013,314.8829
2518,2014,332.51559
2518,2015,339.1525
2518,2016,351.20059
2518,2017,355.44559
2518,2018,360.38589
2518,2019,356.6478
2518,2020,371.8334
2518,2021,376.4921
2518,2022,380.3739
2518,2023,360.37289
2518,2024,367.39999
2521,2006,273.5239
2521,2007,297.81949
2521,2008,302.00659
2521,2009,304.7739
2521,2010,314.26111
2521,2011,326.4436
2521,2012,346.45819
2521,2013,364.12469
2521,2014,386.5444
2521,2015,365.45001
2521,2016,368.12439
2521,2017,371.55539
2521,2018,379.5997
2521,2019,390.05249
2521,2020,396.85709
2521,2021,412.05469
2521,2022,400.68729
2521,2023,393.9473
2521,2024,401.60001
2523,2006,347.36441
2523,2007,356.41159
2523,2008,364.65991
2523,2009,373.62509
2523,2010,386.82501
2523,2011,395.8912
2523,2012,406.1832
2523,2013,421.95901
2523,2014,435.27631
2523,2015,447.5885
2523,2016,455.62939
2523,2017,457.90369
2523,2018,470.73911
2523,2019,477.47601
2523,2020,489.35211
2523,2021,501.50562
2523,2022,480.60159
2523,2023,473.02469
2523,2024,480.0
2560,2006,298.21039
2560,2007,309.5379
2560,2008,320.6575
2560,2009,323.2681
2560,2010,325.27219
2560,2011,332.97519
2560,2012,343.9476
2560,2013,351.2359
2560,2014,362.84061
2560,2015,376.11481
2560,2016,386.7536
2560,2017,390.5004
2560,2018,396.3486
2560,2019,399.6145
2560,2020,398.52539
2560,2021,399.23279
2560,2022,392.14899
2560,2023,384.48691
2560,2024,386.35001
2580,2006,313.3291
2580,2007,326.25809
2580,2008,334.3349
2580,2009,339.6843
2580,2010,345.92661
2580,2011,352.03659
2580,2012,362.05011
2580,2013,373.44431
2580,2014,386.94171
2580,2015,398.6366
2580,2016,405.90759
2580,2017,408.67221
2580,2018,414.1088
2580,2019,418.36581
2580,2020,419.65649
2580,2021,428.56589
2580,2022,415.1969
2580,2023,403.04791
2580,2024,411.5
2581,2006,310.11551
2581,2007,322.0423
2581,2008,331.0191
2581,2009,339.54581
2581,2010,343.05411
2581,2011,348.43759
2581,2012,359.40741
2581,2013,368.55319
2581,2014,380.85019
2581,2015,396.38449
2581,2016,404.33331
2581,2017,410.73431
2581,2018,418.15381
2581,2019,422.8363
2581,2020,427.44159
2581,2021,436.12601
2581,2022,418.9917
2581,2023,405.25879
2581,2024,411.0
2582,2006,309.0199
2582,2007,317.68369
2582,2008,327.84161
2582,2009,334.4201
2582,2010,334.7103
2582,2011,339.24011
2582,2012,352.27209
2582,2013,360.55551
2582,2014,373.56689
2582,2015,384.1962
2582,2016,393.57559
2582,2017,398.49091
2582,2018,407.40921
2582,2019,407.31369
2582,2020,411.7478
2582,2021,417.4375
2582,2022,407.6073
2582,2023,398.5748
2582,2024,404.20001
2583,2006,196.5428
2583,2007,237.0838
2583,2008,234.9324
2583,2009,207.2462
2583,2010,217.6232
2583,2011,244.9993
2583,2012,267.04501
2583,2013,271.2594
2583,2014,284.51208
2583,2015,294.6387
2583,2016,311.58069
2583,2017,314.2691
2583,2018,320.12531
2583,2019,329.45221
2583,2020,335.8735
2583,2021,346.0098
2583,2022,349.23419
2583,2023,339.75519
2583,2024,343.39999
2584,2006,352.91519
2584,2007,367.27261
2584,2008,375.8504
2584,2009,383.73801
2584,2010,397.49411
2584,2011,408.42111
2584,2012,424.94641
2584,2013,435.31049
2584,2014,446.53229
2584,2015,455.27249
2584,2016,455.7605
2584,2017,453.6507
2584,2018,460.50009
2584,2019,468.78329
2584,2020,475.63541
2584,2021,487.595
2584,2022,472.2865
2584,2023,455.1835
2584,2024,461.14999
