kommun,year,medel_inkomst_real2024_20_64
0114,2006,337.8045
0114,2007,346.66589
0114,2008,351.09341
0114,2009,353.11551
0114,2010,353.2323
0114,2011,358.2645
0114,2012,363.79971
0114,2013,368.87439
0114,2014,379.73431
0114,2015,390.07449
0114,2016,399.5658
0114,2017,405.30521
0114,2018,408.58139
0114,2019,409.65939
0114,2020,411.25699
0114,2021,416.20181
0114,2022,404.00781
0114,2023,389.3212
0114,2024,390.47781
0115,2006,376.01471
0115,2007,387.5715
0115,2008,392.61581
0115,2009,404.06769
0115,2010,404.30551
0115,2011,409.05042
0115,2012,420.211
0115,2013,430.33841
0115,2014,444.08481
0115,2015,456.37411
0115,2016,466.9111
0115,2017,472.60721
0115,2018,478.49219
0115,2019,479.43619
0115,2020,487.41019
0115,2021,498.23831
0115,2022,480.93591
0115,2023,461.0755
0115,2024,461.3652
0117,2006,381.1882
0117,2007,391.04019
0117,2008,395.73529
0117,2009,399.73151
0117,2010,403.75299
0117,2011,411.08279
0117,2012,418.11249
0117,2013,428.70459
0117,2014,439.6814
0117,2015,452.57669
0117,2016,460.0004
0117,2017,464.76001
0117,2018,471.38699
0117,2019,476.2756
0117,2020,481.73611
0117,2021,495.8382
0117,2022,480.74811
0117,2023,463.57971
0117,2024,467.22949
0120,2006,377.57709
0120,2007,389.8085
0120,2008,393.92001
0120,2009,400.1539
0120,2010,404.62189
0120,2011,412.24319
0120,2012,419.82458
0120,2013,430.62
0120,2014,444.43399
0120,2015,459.39209
0120,2016,465.24179
0120,2017,467.5632
0120,2018,474.11041
0120,2019,475.34579
0120,2020,482.1907
0120,2021,493.91519
0120,2022,484.96521
0120,2023,465.9968
0120,2024,467.5239
0123,2006,350.45901
0123,2007,359.1427
0123,2008,361.27469
0123,2009,363.30029
0123,2010,363.17569
0123,2011,366.52509
0123,2012,372.53101
0123,2013,378.08469
0123,2014,385.88129
0123,2015,396.80701
0123,2016,404.93759
0123,2017,410.13821
0123,2018,415.01569
0123,2019,415.4729
0123,2020,416.64401
0123,2021,422.0538
0123,2022,406.74081
0123,2023,392.17319
0123,2024,390.7525
0125,2006,406.46869
0125,2007,419.28091
0125,2008,427.30399
0125,2009,434.5737
0125,2010,437.0582
0125,2011,443.82071
0125,2012,454.97879
0125,2013,464.81879
0125,2014,478.4314
0125,2015,496.44531
0125,2016,508.5983
0125,2017,519.2829
0125,2018,525.90192
0125,2019,518.27582
0125,2020,531.63129
0125,2021,544.57971
0125,2022,527.09943
0125,2023,504.79089
0125,2024,508.2215
0126,2006,334.48981
0126,2007,342.33121
0126,2008,344.72
0126,2009,345.94919
0126,2010,348.74081
0126,2011,354.40961
0126,2012,362.69531
0126,2013,370.43579
0126,2014,380.1221
0126,2015,394.18011
0126,2016,403.83609
0126,2017,409.26791
0126,2018,413.60611
0126,2019,417.05911
0126,2020,421.1492
0126,2021,432.54001
0126,2022,422.22931
0126,2023,410.26309
0126,2024,410.207
0127,2006,270.00781
0127,2007,278.17181
0127,2008,282.44299
0127,2009,281.72031
0127,2010,284.62689
0127,2011,288.01871
0127,2012,292.7807
0127,2013,299.72479
0127,2014,308.1846
0127,2015,319.90479
0127,2016,327.66611
0127,2017,334.63919
0127,2018,341.44089
0127,2019,341.5336
0127,2020,341.99771
0127,2021,351.5307
0127,2022,346.72119
0127,2023,335.46051
0127,2024,336.0303
0128,2006,372.33459
0128,2007,383.57941
0128,2008,391.54691
0128,2009,393.45151
0128,2010,398.056
0128,2011,399.23001
0128,2012,406.74539
0128,2013,418.74789
0128,2014,422.22321
0128,2015,433.00571
0128,2016,445.05219
0128,2017,454.37549
0128,2018,457.04611
0128,2019,462.35831
0128,2020,459.09891
0128,2021,465.73459
0128,2022,450.00821
0128,2023,433.52029
0128,2024,433.69351
0136,2006,311.0564
0136,2007,318.11169
0136,2008,321.5481
0136,2009,322.79401
0136,2010,324.95139
0136,2011,329.04471
0136,2012,336.24701
0136,2013,342.96011
0136,2014,352.43021
0136,2015,365.32629
0136,2016,374.38141
0136,2017,380.7616
0136,2018,386.5983
0136,2019,388.12469
0136,2020,391.47141
0136,2021,399.59189
0136,2022,388.58289
0136,2023,373.45551
0136,2024,375.1622
0138,2006,369.57751
0138,2007,382.9559
0138,2008,388.745
0138,2009,391.1449
0138,2010,395.9754
0138,2011,401.0174
0138,2012,410.04089
0138,2013,420.63641
0138,2014,432.3605
0138,2015,445.92181
0138,2016,455.48181
0138,2017,462.73431
0138,2018,470.07919
0138,2019,469.47729
0138,2020,475.3504
0138,2021,485.45511
0138,2022,473.61899
0138,2023,457.82379
0138,2024,455.41751
0139,2006,325.3671
0139,2007,333.6503
0139,2008,338.66101
0139,2009,338.5303
0139,2010,339.97089
0139,2011,346.4975
0139,2012,353.0701
0139,2013,362.5087
0139,2014,371.8996
0139,2015,382.57709
0139,2016,391.47079
0139,2017,397.94031
0139,2018,401.58551
0139,2019,402.12119
0139,2020,402.12381
0139,2021,409.0994
0139,2022,396.08691
0139,2023,383.5195
0139,2024,380.9444
0140,2006,377.17831
0140,2007,392.35141
0140,2008,402.7627
0140,2009,395.59
0140,2010,409.97699
0140,2011,415.7663
0140,2012,422.19461
0140,2013,429.93311
0140,2014,439.1665
0140,2015,451.45441
0140,2016,462.05161
0140,2017,467.06601
0140,2018,477.733
0140,2019,486.24069
0140,2020,488.04089
0140,2021,492.3555
0140,2022,474.9202
0140,2023,454.95331
0140,2024,456.84409
0160,2006,465.04141
0160,2007,486.48929
0160,2008,496.18869
0160,2009,495.15521
0160,2010,501.46649
0160,2011,506.87289
0160,2012,514.69958
0160,2013,525.73297
0160,2014,539.67828
0160,2015,555.24878
0160,2016,566.42651
0160,2017,572.65271
0160,2018,576.64661
0160,2019,581.50922
0160,2020,592.87238
0160,2021,608.2876
0160,2022,588.1095
0160,2023,560.07361
0160,2024,560.31158
0162,2006,583.84552
0162,2007,615.19318
0162,2008,618.60291
0162,2009,610.2041
0162,2010,624.85229
0162,2011,633.68201
0162,2012,628.55157
0162,2013,645.89899
0162,2014,662.68152
0162,2015,687.2218
0162,2016,698.81128
0162,2017,696.99261
0162,2018,713.48529
0162,2019,725.93811
0162,2020,756.22498
0162,2021,772.14661
0162,2022,771.99872
0162,2023,724.00873
0162,2024,728.47961
0163,2006,417.06601
0163,2007,432.58749
0163,2008,440.8877
0163,2009,443.3801
0163,2010,445.14941
0163,2011,451.07669
0163,2012,460.54999
0163,2013,469.6394
0163,2014,479.91269
0163,2015,497.41971
0163,2016,503.96341
0163,2017,509.8548
0163,2018,514.58948
0163,2019,515.18329
0163,2020,527.03131
0163,2021,537.2312
0163,2022,521.47382
0163,2023,497.12381
0163,2024,495.41751
0180,2006,354.49689
0180,2007,367.32379
0180,2008,373.78729
0180,2009,374.02521
0180,2010,378.03571
0180,2011,385.34061
0180,2012,393.7041
0180,2013,403.55591
0180,2014,416.08469
0180,2015,432.73611
0180,2016,444.36679
0180,2017,450.45761
0180,2018,458.7688
0180,2019,464.3978
0180,2020,471.02151
0180,2021,484.82391
0180,2022,490.18881
0180,2023,457.76981
0180,2024,458.0563
0181,2006,294.25681
0181,2007,297.78839
0181,2008,299.5665
0181,2009,291.78781
0181,2010,294.94781
0181,2011,300.73669
0181,2012,304.7756
0181,2013,307.86761
0181,2014,312.73911
0181,2015,323.5036
0181,2016,331.43301
0181,2017,338.6535
0181,2018,348.18729
0181,2019,350.7301
0181,2020,346.7894
0181,2021,352.56729
0181,2022,347.27701
0181,2023,339.13919
0181,2024,338.31021
0182,2006,420.9769
0182,2007,439.80569
0182,2008,444.19611
0182,2009,443.90121
0182,2010,449.22229
0182,2011,457.86911
0182,2012,465.05539
0182,2013,474.57239
0182,2014,491.86349
0182,2015,509.9549
0182,2016,523.8493
0182,2017,526.62952
0182,2018,532.3786
0182,2019,538.99408
0182,2020,549.49353
0182,2021,570.87329
0182,2022,559.02869
0182,2023,536.6684
0182,2024,539.50641
0183,2006,329.24329
0183,2007,340.7496
0183,2008,344.2692
0183,2009,344.45081
0183,2010,346.9743
0183,2011,352.64459
0183,2012,362.06381
0183,2013,369.2887
0183,2014,383.47189
0183,2015,398.05151
0183,2016,412.423
0183,2017,422.28909
0183,2018,432.90671
0183,2019,440.82019
0183,2020,445.92621
0183,2021,457.59009
0183,2022,445.7439
0183,2023,431.64841
0183,2024,434.94241
0184,2006,344.45679
0184,2007,355.52328
0184,2008,363.05539
0184,2009,365.08871
0184,2010,366.49799
0184,2011,370.86859
0184,2012,380.7774
0184,2013,391.03519
0184,2014,405.28549
0184,2015,419.72461
0184,2016,432.06061
0184,2017,438.20929
0184,2018,445.41791
0184,2019,456.56061
0184,2020,464.6904
0184,2021,475.77179
0184,2022,469.38062
0184,2023,455.16431
0184,2024,457.9704
0186,2006,486.11569
0186,2007,505.1752
0186,2008,517.5578
0186,2009,510.61609
0186,2010,519.5495
0186,2011,528.96118
0186,2012,533.74792
0186,2013,538.39697
0186,2014,555.69513
0186,2015,577.67261
0186,2016,584.65729
0186,2017,596.44983
0186,2018,610.09882
0186,2019,618.07971
0186,2020,636.71552
0186,2021,653.88251
0186,2022,652.46692
0186,2023,632.96271
0186,2024,628.63147
0187,2006,409.293
0187,2007,428.73621
0187,2008,427.00391
0187,2009,441.57819
0187,2010,447.38831
0187,2011,460.8801
0187,2012,465.66599
0187,2013,475.14471
0187,2014,492.75421
0187,2015,514.22198
0187,2016,521.62708
0187,2017,532.91168
0187,2018,542.72528
0187,2019,546.44189
0187,2020,559.41479
0187,2021,577.57098
0187,2022,567.47369
0187,2023,543.94769
0187,2024,541.79901
0188,2006,302.03549
0188,2007,308.31061
0188,2008,310.17209
0188,2009,313.8147
0188,2010,317.52261
0188,2011,325.17599
0188,2012,331.634
0188,2013,339.39111
0188,2014,349.36401
0188,2015,359.1105
0188,2016,366.8667
0188,2017,371.10281
0188,2018,375.8349
0188,2019,377.42749
0188,2020,381.95129
0188,2021,390.51981
0188,2022,376.50229
0188,2023,362.0105
0188,2024,364.16409
0191,2006,329.34891
0191,2007,339.02139
0191,2008,341.42349
0191,2009,334.4696
0191,2010,336.4686
0191,2011,339.8082
0191,2012,345.88431
0191,2013,349.1832
0191,2014,358.71649
0191,2015,368.93149
0191,2016,376.89182
0191,2017,382.01651
0191,2018,387.27328
0191,2019,386.1853
0191,2020,377.2157
0191,2021,382.99039
0191,2022,379.31369
0191,2023,366.0979
0191,2024,365.1597
0192,2006,311.48792
0192,2007,317.31
0192,2008,320.1275
0192,2009,322.35449
0192,2010,325.82059
0192,2011,331.05701
0192,2012,339.4549
0192,2013,344.09601
0192,2014,355.22281
0192,2015,367.91901
0192,2016,380.0217
0192,2017,383.8541
0192,2018,389.22839
0192,2019,393.3226
0192,2020,395.22711
0192,2021,400.5296
0192,2022,386.63559
0192,2023,371.0101
0192,2024,371.18259
0305,2006,360.37839
0305,2007,371.0264
0305,2008,374.08789
0305,2009,376.62891
0305,2010,378.21979
0305,2011,383.17139
0305,2012,393.06601
0305,2013,400.50739
0305,2014,411.73871
0305,2015,425.84891
0305,2016,434.3522
0305,2017,439.88251
0305,2018,444.43881
0305,2019,445.7283
0305,2020,448.6965
0305,2021,455.85699
0305,2022,442.2905
0305,2023,424.2254
0305,2024,426.2113
0319,2006,282.07932
0319,2007,293.7041
0319,2008,300.66739
0319,2009,303.44839
0319,2010,310.73318
0319,2011,313.25211
0319,2012,317.93381
0319,2013,323.34229
0319,2014,333.59259
0319,2015,335.28769
0319,2016,340.80011
0319,2017,348.93759
0319,2018,359.99091
0319,2019,362.8107
0319,2020,368.71591
0319,2021,378.76749
0319,2022,370.89581
0319,2023,360.1405
0319,2024,361.68289
0330,2006,393.83899
0330,2007,403.4039
0330,2008,406.987
0330,2009,412.28571
0330,2010,413.8696
0330,2011,425.29349
0330,2012,431.3526
0330,2013,438.24069
0330,2014,452.3497
0330,2015,463.01761
0330,2016,474.64581
0330,2017,480.14139
0330,2018,484.34909
0330,2019,488.12579
0330,2020,495.94421
0330,2021,493.3197
0330,2022,479.2767
0330,2023,458.9173
0330,2024,455.69559
0331,2006,282.40649
0331,2007,290.69031
0331,2008,291.6059
0331,2009,288.78879
0331,2010,291.52759
0331,2011,298.50681
0331,2012,308.0889
0331,2013,316.20181
0331,2014,325.39749
0331,2015,335.69629
0331,2016,345.91901
0331,2017,350.8382
0331,2018,354.39609
0331,2019,357.754
0331,2020,360.41409
0331,2021,362.22891
0331,2022,351.99759
0331,2023,339.5925
0331,2024,338.66211
0360,2006,278.2352
0360,2007,285.444
0360,2008,289.84689
0360,2009,285.6138
0360,2010,291.15741
0360,2011,304.25281
0360,2012,309.78851
0360,2013,314.64069
0360,2014,322.6105
0360,2015,332.289
0360,2016,338.15561
0360,2017,346.0256
0360,2018,355.49231
0360,2019,353.72989
0360,2020,355.27521
0360,2021,361.1445
0360,2022,355.34631
0360,2023,341.2005
0360,2024,340.86511
0380,2006,311.99881
0380,2007,318.79089
0380,2008,320.77451
0380,2009,321.3537
0380,2010,321.7598
0380,2011,327.95779
0380,2012,335.26001
0380,2013,342.97751
0380,2014,354.87741
0380,2015,368.14359
0380,2016,377.12631
0380,2017,380.6073
0380,2018,383.88559
0380,2019,384.3645
0380,2020,384.42529
0380,2021,392.06241
0380,2022,378.0603
0380,2023,362.66379
0380,2024,361.76511
0381,2006,314.9606
0381,2007,324.974
0381,2008,327.25629
0381,2009,330.6351
0381,2010,334.23651
0381,2011,342.82361
0381,2012,352.48401
0381,2013,361.73599
0381,2014,370.84619
0381,2015,383.66061
0381,2016,391.17191
0381,2017,396.77689
0381,2018,401.43561
0381,2019,401.72339
0381,2020,402.89651
0381,2021,408.508
0381,2022,396.0769
0381,2023,382.14481
0381,2024,383.94351
0382,2006,314.04849
0382,2007,321.5354
0382,2008,328.68051
0382,2009,326.76031
0382,2010,327.85141
0382,2011,344.4581
0382,2012,355.85229
0382,2013,361.02609
0382,2014,367.936
0382,2015,380.65399
0382,2016,385.24161
0382,2017,394.74069
0382,2018,402.65659
0382,2019,405.93021
0382,2020,410.38519
0382,2021,410.81061
0382,2022,400.43759
0382,2023,384.41501
0382,2024,390.57269
0428,2006,275.3316
0428,2007,282.34521
0428,2008,287.43851
0428,2009,288.68781
0428,2010,290.0318
0428,2011,294.7775
0428,2012,297.71759
0428,2013,300.22931
0428,2014,309.52161
0428,2015,317.16821
0428,2016,321.80469
0428,2017,330.33578
0428,2018,333.13269
0428,2019,337.11349
0428,2020,339.14929
0428,2021,346.77371
0428,2022,339.27328
0428,2023,327.0144
0428,2024,328.52979
0461,2006,311.46381
0461,2007,320.48819
0461,2008,323.13971
0461,2009,321.19611
0461,2010,329.33789
0461,2011,335.23981
0461,2012,340.38919
0461,2013,344.44751
0461,2014,355.27591
0461,2015,364.3382
0461,2016,372.9429
0461,2017,385.65439
0461,2018,392.10699
0461,2019,393.90939
0461,2020,397.06149
0461,2021,402.00369
0461,2022,388.11331
0461,2023,372.13849
0461,2024,374.93549
0480,2006,313.31519
0480,2007,322.1825
0480,2008,326.88931
0480,2009,323.45029
0480,2010,328.32849
0480,2011,337.52551
0480,2012,341.8609
0480,2013,349.64001
0480,2014,360.6597
0480,2015,370.73669
0480,2016,379.2757
0480,2017,384.5332
0480,2018,390.6781
0480,2019,391.293
0480,2020,387.64581
0480,2021,397.4494
0480,2022,385.49829
0480,2023,369.0864
0480,2024,368.97339
0481,2006,309.60999
0481,2007,323.1243
0481,2008,327.26459
0481,2009,320.62781
0481,2010,319.22891
0481,2011,332.02869
0481,2012,333.2684
0481,2013,339.59421
0481,2014,343.91461
0481,2015,348.95541
0481,2016,348.52341
0481,2017,354.22171
0481,2018,362.43661
0481,2019,365.38721
0481,2020,358.37549
0481,2021,371.2345
0481,2022,370.36081
0481,2023,353.7114
0481,2024,357.7666
0482,2006,279.32709
0482,2007,284.09521
0482,2008,285.7547
0482,2009,280.52859
0482,2010,281.5835
0482,2011,287.17389
0482,2012,288.7243
0482,2013,290.51871
0482,2014,296.48041
0482,2015,303.04559
0482,2016,305.20721
0482,2017,312.0791
0482,2018,319.2901
0482,2019,320.80829
0482,2020,323.4581
0482,2021,330.26559
0482,2022,324.65302
0482,2023,312.30591
0482,2024,319.2475
0483,2006,278.34549
0483,2007,287.73541
0483,2008,292.2171
0483,2009,291.4581
0483,2010,292.9592
0483,2011,300.04861
0483,2012,305.24521
0483,2013,308.55899
0483,2014,318.27621
0483,2015,331.23141
0483,2016,339.5878
0483,2017,344.26208
0483,2018,348.4093
0483,2019,350.74591
0483,2020,353.56711
0483,2021,363.10321
0483,2022,349.92889
0483,2023,336.7475
0483,2024,335.28409
0484,2006,283.2822
0484,2007,291.48169
0484,2008,294.46631
0484,2009,286.4689
0484,2010,288.2934
0484,2011,296.77679
0484,2012,301.711
0484,2013,307.8486
0484,2014,315.198
0484,2015,326.23511
0484,2016,334.53491
0484,2017,342.2168
0484,2018,349.29199
0484,2019,348.867
0484,2020,347.4678
0484,2021,358.90359
0484,2022,351.12711
0484,2023,339.67151
0484,2024,341.6669
0486,2006,334.414
0486,2007,344.73929
0486,2008,348.0213
0486,2009,350.55591
0486,2010,358.38681
0486,2011,361.0723
0486,2012,369.72711
0486,2013,376.70801
0486,2014,385.4841
0486,2015,399.09509
0486,2016,407.414
0486,2017,414.12219
0486,2018,418.5556
0486,2019,418.9523
0486,2020,421.8652
0486,2021,433.13379
0486,2022,424.57849
0486,2023,406.2724
0486,2024,407.3287
0488,2006,354.08591
0488,2007,361.80331
0488,2008,370.57089
0488,2009,369.47949
0488,2010,379.396
0488,2011,385.9198
0488,2012,390.1265
0488,2013,391.06909
0488,2014,401.39059
0488,2015,415.867
0488,2016,427.72299
0488,2017,432.3685
0488,2018,435.6962
0488,2019,440.33099
0488,2020,442.1037
0488,2021,449.99289
0488,2022,437.2399
0488,2023,421.2106
0488,2024,424.51401
0509,2006,274.23309
0509,2007,280.87671
0509,2008,282.62631
0509,2009,279.7067
0509,2010,283.92261
0509,2011,294.43329
0509,2012,302.24359
0509,2013,306.92429
0509,2014,315.23679
0509,2015,327.47971
0509,2016,335.85349
0509,2017,340.3302
0509,2018,348.87601
0509,2019,356.76059
0509,2020,365.5235
0509,2021,378.51501
0509,2022,368.39981
0509,2023,354.5773
0509,2024,358.25061
0512,2006,291.71561
0512,2007,304.1442
0512,2008,304.60989
0512,2009,306.4675
0512,2010,308.3844
0512,2011,313.7457
0512,2012,317.37799
0512,2013,323.6377
0512,2014,333.86331
0512,2015,343.6308
0512,2016,354.70291
0512,2017,362.48929
0512,2018,368.01099
0512,2019,362.8884
0512,2020,374.8537
0512,2021,378.3811
0512,2022,364.53891
0512,2023,355.569
0512,2024,356.85541
0513,2006,294.43399
0513,2007,302.9931
0513,2008,304.7858
0513,2009,309.04031
0513,2010,311.55301
0513,2011,321.58139
0513,2012,326.3569
0513,2013,330.88519
0513,2014,340.26959
0513,2015,351.1442
0513,2016,363.7605
0513,2017,372.64371
0513,2018,379.05249
0513,2019,378.53531
0513,2020,384.9599
0513,2021,394.30649
0513,2022,378.4064
0513,2023,368.7261
0513,2024,374.83569
0560,2006,285.5249
0560,2007,298.21649
0560,2008,302.46371
0560,2009,301.40179
0560,2010,300.0415
0560,2011,312.2182
0560,2012,318.07489
0560,2013,324.14691
0560,2014,336.19141
0560,2015,346.3056
0560,2016,358.41159
0560,2017,367.5975
0560,2018,369.7175
0560,2019,371.39389
0560,2020,376.50531
0560,2021,383.75079
0560,2022,372.73019
0560,2023,358.8588
0560,2024,361.64029
0561,2006,288.79559
0561,2007,300.20929
0561,2008,304.74619
0561,2009,302.548
0561,2010,306.35818
0561,2011,315.4119
0561,2012,323.4313
0561,2013,329.28391
0561,2014,339.271
0561,2015,349.53839
0561,2016,361.1478
0561,2017,365.22659
0561,2018,371.8793
0561,2019,377.82831
0561,2020,380.4541
0561,2021,388.77631
0561,2022,379.02609
0561,2023,363.38281
0561,2024,364.37149
0562,2006,309.47891
0562,2007,317.4505
0562,2008,323.89182
0562,2009,326.00681
0562,2010,333.9758
0562,2011,338.84311
0562,2012,345.14871
0562,2013,346.3837
0562,2014,343.19641
0562,2015,354.7756
0562,2016,362.64429
0562,2017,372.254
0562,2018,377.267
0562,2019,378.96021
0562,2020,383.836
0562,2021,390.7731
0562,2022,377.56
0562,2023,370.85739
0562,2024,370.1597
0563,2006,262.22089
0563,2007,269.55881
0563,2008,272.35049
0563,2009,272.82291
0563,2010,278.11169
0563,2011,278.7514
0563,2012,284.763
0563,2013,293.05429
0563,2014,304.12369
0563,2015,313.0235
0563,2016,321.19449
0563,2017,324.86249
0563,2018,331.07669
0563,2019,332.9946
0563,2020,339.87381
0563,2021,352.49341
0563,2022,341.21909
0563,2023,322.6665
0563,2024,326.6741
0580,2006,306.0097
0580,2007,313.05869
0580,2008,316.54349
0580,2009,316.54291
0580,2010,317.51459
0580,2011,324.263
0580,2012,330.6868
0580,2013,339.70111
0580,2014,350.6232
0580,2015,364.79361
0580,2016,373.9361
0580,2017,377.99979
0580,2018,381.5723
0580,2019,385.23401
0580,2020,388.06979
0580,2021,395.05331
0580,2022,380.9722
0580,2023,368.93451
0580,2024,370.0293
0581,2006,278.76331
0581,2007,289.02139
0581,2008,292.89191
0581,2009,295.03
0581,2010,299.8483
0581,2011,306.0163
0581,2012,312.3588
0581,2013,319.23041
0581,2014,328.41791
0581,2015,341.42151
0581,2016,349.49121
0581,2017,356.68961
0581,2018,364.73499
0581,2019,367.4296
0581,2020,369.9949
0581,2021,380.3494
0581,2022,370.26691
0581,2023,358.04129
0581,2024,360.69711
0582,2006,298.0011
0582,2007,307.5083
0582,2008,314.2525
0582,2009,319.16861
0582,2010,324.7688
0582,2011,332.64349
0582,2012,336.26791
0582,2013,344.07141
0582,2014,359.79709
0582,2015,373.35501
0582,2016,381.87759
0582,2017,389.19449
0582,2018,393.57101
0582,2019,394.78851
0582,2020,401.4678
0582,2021,414.07571
0582,2022,397.77869
0582,2023,384.31879
0582,2024,387.8266
0583,2006,278.7652
0583,2007,287.63989
0583,2008,288.45541
0583,2009,288.23431
0583,2010,289.56049
0583,2011,295.7468
0583,2012,301.63049
0583,2013,310.90039
0583,2014,320.80789
0583,2015,331.9505
0583,2016,339.0575
0583,2017,346.28571
0583,2018,354.25311
0583,2019,359.83011
0583,2020,361.35291
0583,2021,371.32919
0583,2022,362.67239
0583,2023,351.8009
0583,2024,354.55249
0584,2006,292.06061
0584,2007,297.60529
0584,2008,301.9024
0584,2009,309.78421
0584,2010,310.44781
0584,2011,320.229
0584,2012,326.73389
0584,2013,333.06601
0584,2014,341.88541
0584,2015,351.7442
0584,2016,360.21869
0584,2017,365.07971
0584,2018,371.93521
0584,2019,379.43661
0584,2020,387.1492
0584,2021,395.56561
0584,2022,386.4313
0584,2023,374.39661
0584,2024,376.28549
0586,2006,288.67349
0586,2007,300.9339
0586,2008,306.52319
0586,2009,307.53989
0586,2010,308.8847
0586,2011,317.9462
0586,2012,324.63339
0586,2013,335.1239
0586,2014,347.70511
0586,2015,357.86319
0586,2016,372.35611
0586,2017,379.0795
0586,2018,384.86359
0586,2019,388.10141
0586,2020,388.59329
0586,2021,400.75119
0586,2022,391.44391
0586,2023,376.01529
0586,2024,377.17371
0604,2006,299.32361
0604,2007,308.47101
0604,2008,309.72479
0604,2009,307.99039
0604,2010,311.56381
0604,2011,315.99011
0604,2012,320.0383
0604,2013,325.20419
0604,2014,334.9566
0604,2015,345.6055
0604,2016,356.6319
0604,2017,363.7139
0604,2018,370.36081
0604,2019,373.27029
0604,2020,373.30331
0604,2021,378.26651
0604,2022,370.948
0604,2023,355.14191
0604,2024,360.0256
0617,2006,330.92981
0617,2007,333.34961
0617,2008,329.6817
0617,2009,314.70349
0617,2010,315.27649
0617,2011,327.0535
0617,2012,333.90399
0617,2013,339.98499
0617,2014,344.67139
0617,2015,357.7327
0617,2016,366.44159
0617,2017,374.21631
0617,2018,379.1879
0617,2019,382.13391
0617,2020,378.7225
0617,2021,396.89871
0617,2022,381.34891
0617,2023,363.68741
0617,2024,364.02011
0642,2006,302.4953
0642,2007,310.0968
0642,2008,313.7955
0642,2009,305.28629
0642,2010,314.26389
0642,2011,323.53439
0642,2012,329.9798
0642,2013,336.49579
0642,2014,345.0968
0642,2015,354.53061
0642,2016,365.4364
0642,2017,370.25409
0642,2018,379.5108
0642,2019,383.73761
0642,2020,384.7756
0642,2021,395.603
0642,2022,376.01471
0642,2023,364.08411
0642,2024,365.14041
0643,2006,326.63391
0643,2007,336.51019
0643,2008,338.4136
0643,2009,339.5882
0643,2010,347.76111
0643,2011,356.09421
0643,2012,366.16461
0643,2013,372.72269
0643,2014,384.6452
0643,2015,398.98361
0643,2016,408.0365
0643,2017,416.29001
0643,2018,422.3392
0643,2019,424.3696
0643,2020,429.5126
0643,2021,440.5737
0643,2022,430.67169
0643,2023,415.3255
0643,2024,417.57999
0662,2006,313.62579
0662,2007,321.194
0662,2008,320.9368
0662,2009,310.05121
0662,2010,311.5174
0662,2011,321.39551
0662,2012,328.8006
0662,2013,333.27271
0662,2014,342.02261
0662,2015,349.31589
0662,2016,360.0961
0662,2017,370.14209
0662,2018,377.02039
0662,2019,376.14731
0662,2020,376.66501
0662,2021,390.87411
0662,2022,378.4476
0662,2023,360.75299
0662,2024,357.94919
0665,2006,313.98889
0665,2007,324.1409
0665,2008,322.25119
0665,2009,310.53448
0665,2010,323.3063
0665,2011,332.5621
0665,2012,337.0271
0665,2013,343.4563
0665,2014,357.1633
0665,2015,368.44879
0665,2016,377.76151
0665,2017,385.35089
0665,2018,393.37811
0665,2019,393.10379
0665,2020,392.7637
0665,2021,401.7847
0665,2022,390.3428
0665,2023,374.43839
0665,2024,375.0108
0680,2006,310.26791
0680,2007,318.9498
0680,2008,320.83069
0680,2009,319.84821
0680,2010,323.52069
0680,2011,331.83081
0680,2012,337.7153
0680,2013,342.5444
0680,2014,354.3399
0680,2015,367.37619
0680,2016,376.88571
0680,2017,383.9147
0680,2018,389.80289
0680,2019,389.79739
0680,2020,390.0842
0680,2021,400.09439
0680,2022,387.12149
0680,2023,369.55209
0680,2024,367.64151
0682,2006,300.52802
0682,2007,306.14911
0682,2008,307.66461
0682,2009,303.32401
0682,2010,307.62781
0682,2011,312.17401
0682,2012,317.33679
0682,2013,323.39371
0682,2014,329.31271
0682,2015,337.2084
0682,2016,348.74091
0682,2017,355.58011
0682,2018,360.3299
0682,2019,361.32129
0682,2020,361.30551
0682,2021,370.56339
0682,2022,358.73969
0682,2023,342.85651
0682,2024,342.42249
0683,2006,331.26141
0683,2007,338.625
0683,2008,341.0054
0683,2009,329.25641
0683,2010,332.27451
0683,2011,342.30151
0683,2012,349.237
0683,2013,354.27951
0683,2014,366.0549
0683,2015,375.8251
0683,2016,383.90121
0683,2017,391.29889
0683,2018,399.26001
0683,2019,401.29568
0683,2020,399.34061
0683,2021,412.59421
0683,2022,398.2861
0683,2023,382.45181
0683,2024,384.34399
0684,2006,291.03629
0684,2007,298.5643
0684,2008,298.96649
0684,2009,292.7373
0684,2010,297.96619
0684,2011,304.82361
0684,2012,307.7717
0684,2013,308.74191
0684,2014,317.77359
0684,2015,330.74881
0684,2016,339.79019
0684,2017,348.87729
0684,2018,355.3811
0684,2019,355.72449
0684,2020,353.27759
0684,2021,365.1796
0684,2022,353.7811
0684,2023,332.4906
0684,2024,329.60629
0685,2006,310.2605
0685,2007,321.1926
0685,2008,321.65109
0685,2009,312.4035
0685,2010,319.06631
0685,2011,326.4852
0685,2012,330.5444
0685,2013,334.41351
0685,2014,346.96481
0685,2015,357.22198
0685,2016,366.46021
0685,2017,372.7486
0685,2018,378.26669
0685,2019,378.56671
0685,2020,375.8689
0685,2021,387.2493
0685,2022,374.7616
0685,2023,355.29529
0685,2024,349.80399
0686,2006,314.15469
0686,2007,322.8537
0686,2008,325.3002
0686,2009,324.28241
0686,2010,328.66281
0686,2011,333.19861
0686,2012,334.7702
0686,2013,340.3931
0686,2014,351.9216
0686,2015,363.15961
0686,2016,368.25229
0686,2017,371.3103
0686,2018,375.57999
0686,2019,377.30841
0686,2020,379.8403
0686,2021,387.18759
0686,2022,370.88281
0686,2023,357.7536
0686,2024,359.53519
0687,2006,289.61789
0687,2007,298.41431
0687,2008,302.93921
0687,2009,298.66959
0687,2010,298.06451
0687,2011,304.04361
0687,2012,310.80371
0687,2013,317.22229
0687,2014,326.73279
0687,2015,339.00739
0687,2016,347.3511
0687,2017,353.72519
0687,2018,358.51041
0687,2019,363.00781
0687,2020,356.85291
0687,2021,369.30731
0687,2022,361.79501
0687,2023,355.13141
0687,2024,352.61139
0760,2006,297.14441
0760,2007,306.328
0760,2008,307.97769
0760,2009,299.47989
0760,2010,304.81781
0760,2011,309.48779
0760,2012,307.50009
0760,2013,310.5943
0760,2014,325.84171
0760,2015,331.62421
0760,2016,341.6033
0760,2017,352.17599
0760,2018,360.2883
0760,2019,354.69281
0760,2020,350.49219
0760,2021,361.522
0760,2022,348.95859
0760,2023,329.72311
0760,2024,331.6409
0761,2006,297.33749
0761,2007,298.42661
0761,2008,296.6149
0761,2009,294.34781
0761,2010,288.2612
0761,2011,294.18829
0761,2012,294.02219
0761,2013,294.94891
0761,2014,294.50601
0761,2015,296.11511
0761,2016,307.7287
0761,2017,315.59729
0761,2018,321.23901
0761,2019,325.9866
0761,2020,324.202
0761,2021,337.1413
0761,2022,330.99829
0761,2023,316.4205
0761,2024,316.4993
0763,2006,292.85291
0763,2007,297.04391
0763,2008,299.94019
0763,2009,295.97519
0763,2010,300.9989
0763,2011,304.8558
0763,2012,310.3645
0763,2013,311.1152
0763,2014,318.36401
0763,2015,322.29221
0763,2016,331.37561
0763,2017,336.58051
0763,2018,344.46289
0763,2019,344.96741
0763,2020,344.97571
0763,2021,351.01529
0763,2022,338.55249
0763,2023,323.08569
0763,2024,325.0658
0764,2006,308.26831
0764,2007,312.53461
0764,2008,315.5199
0764,2009,311.91879
0764,2010,310.01981
0764,2011,316.47198
0764,2012,320.3114
0764,2013,320.05341
0764,2014,327.35019
0764,2015,336.60709
0764,2016,346.5289
0764,2017,354.46399
0764,2018,362.11279
0764,2019,365.40051
0764,2020,363.4382
0764,2021,368.6087
0764,2022,357.3483
0764,2023,344.5817
0764,2024,345.26419
0765,2006,348.57919
0765,2007,344.8223
0765,2008,345.2926
0765,2009,352.314
0765,2010,356.88129
0765,2011,364.7937
0765,2012,367.31589
0765,2013,375.1022
0765,2014,389.31189
0765,2015,411.53671
0765,2016,413.2113
0765,2017,418.81659
0765,2018,412.4892
0765,2019,427.95499
0765,2020,427.07458
0765,2021,439.82599
0765,2022,421.7605
0765,2023,410.1051
0765,2024,407.6713
0767,2006,286.35049
0767,2007,287.95569
0767,2008,284.13919
0767,2009,281.45361
0767,2010,280.34329
0767,2011,286.88159
0767,2012,293.46219
0767,2013,295.92169
0767,2014,306.28201
0767,2015,315.00931
0767,2016,321.39691
0767,2017,324.2168
0767,2018,331.1152
0767,2019,332.9205
0767,2020,334.9884
0767,2021,347.7576
0767,2022,343.0632
0767,2023,336.12549
0767,2024,332.37241
0780,2006,310.79459
0780,2007,318.54691
0780,2008,319.39771
0780,2009,316.84979
0780,2010,317.92349
0780,2011,326.1384
0780,2012,330.97089
0780,2013,336.2728
0780,2014,345.29871
0780,2015,355.95911
0780,2016,365.6517
0780,2017,371.62369
0780,2018,377.1839
0780,2019,378.36371
0780,2020,378.2182
0780,2021,387.85361
0780,2022,374.95291
0780,2023,358.90369
0780,2024,358.69571
0781,2006,316.81931
0781,2007,321.57059
0781,2008,321.70319
0781,2009,316.35141
0781,2010,316.0274
0781,2011,322.68329
0781,2012,326.8812
0781,2013,330.7493
0781,2014,338.5249
0781,2015,351.23019
0781,2016,358.2666
0781,2017,364.9368
0781,2018,368.39899
0781,2019,371.13489
0781,2020,371.04211
0781,2021,380.31201
0781,2022,370.12799
0781,2023,357.0545
0781,2024,359.51581
0821,2006,258.44479
0821,2007,269.3479
0821,2008,269.0239
0821,2009,263.46771
0821,2010,267.42801
0821,2011,272.1814
0821,2012,277.54669
0821,2013,279.0632
0821,2014,287.26151
0821,2015,292.7923
0821,2016,293.5408
0821,2017,298.29251
0821,2018,305.9332
0821,2019,305.2009
0821,2020,311.2829
0821,2021,320.25769
0821,2022,306.1824
0821,2023,291.34039
0821,2024,288.92639
0834,2006,277.24051
0834,2007,286.70569
0834,2008,286.45651
0834,2009,276.93869
0834,2010,282.51019
0834,2011,295.5744
0834,2012,297.28931
0834,2013,298.39789
0834,2014,310.85721
0834,2015,315.9548
0834,2016,319.30209
0834,2017,332.2504
0834,2018,335.56439
0834,2019,340.2403
0834,2020,343.159
0834,2021,354.50891
0834,2022,343.7551
0834,2023,328.70001
0834,2024,329.4151
0840,2006,294.51819
0840,2007,304.52039
0840,2008,311.97821
0840,2009,316.16989
0840,2010,321.42941
0840,2011,328.1843
0840,2012,335.10019
0840,2013,346.2005
0840,2014,359.41949
0840,2015,369.2287
0840,2016,375.6199
0840,2017,383.56851
0840,2018,388.711
0840,2019,394.3158
0840,2020,402.07639
0840,2021,411.60391
0840,2022,402.1127
0840,2023,388.7803
0840,2024,390.1738
0860,2006,260.87759
0860,2007,272.745
0860,2008,273.9119
0860,2009,269.42081
0860,2010,278.5546
0860,2011,285.47821
0860,2012,289.2048
0860,2013,292.50381
0860,2014,301.68839
0860,2015,308.49438
0860,2016,306.18811
0860,2017,316.56189
0860,2018,326.24319
0860,2019,331.4162
0860,2020,333.4267
0860,2021,339.85709
0860,2022,324.31699
0860,2023,311.48801
0860,2024,315.36389
0861,2006,296.465
0861,2007,310.4595
0861,2008,317.46829
0861,2009,312.68091
0861,2010,314.9267
0861,2011,324.17139
0861,2012,327.21078
0861,2013,331.2189
0861,2014,339.63739
0861,2015,351.32639
0861,2016,358.6965
0861,2017,361.68979
0861,2018,366.21219
0861,2019,368.47791
0861,2020,368.22601
0861,2021,377.33859
0861,2022,370.13681
0861,2023,356.86349
0861,2024,359.01889
0862,2006,298.44531
0862,2007,305.34741
0862,2008,309.75519
0862,2009,305.3577
0862,2010,307.24579
0862,2011,315.34149
0862,2012,315.49109
0862,2013,318.2821
0862,2014,327.13901
0862,2015,334.56479
0862,2016,334.96939
0862,2017,341.90369
0862,2018,348.21289
0862,2019,348.31161
0862,2020,348.23959
0862,2021,356.75449
0862,2022,343.82321
0862,2023,333.72189
0862,2024,335.57501
0880,2006,292.96249
0880,2007,301.0256
0880,2008,305.89859
0880,2009,307.27621
0880,2010,311.4686
0880,2011,317.71249
0880,2012,321.46869
0880,2013,332.53259
0880,2014,341.03561
0880,2015,353.21899
0880,2016,364.07181
0880,2017,371.9476
0880,2018,377.19781
0880,2019,380.01959
0880,2020,381.70081
0880,2021,389.35791
0880,2022,378.0206
0880,2023,362.92599
0880,2024,362.09811
0881,2006,280.09369
0881,2007,287.06641
0881,2008,288.66681
0881,2009,280.444
0881,2010,283.22681
0881,2011,290.15131
0881,2012,295.81049
0881,2013,301.93759
0881,2014,308.2056
0881,2015,318.16281
0881,2016,319.34689
0881,2017,328.55981
0881,2018,336.2037
0881,2019,339.94489
0881,2020,342.37689
0881,2021,349.55991
0881,2022,339.22559
0881,2023,323.20731
0881,2024,323.3324
0882,2006,314.3461
0882,2007,327.16739
0882,2008,332.8591
0882,2009,334.23779
0882,2010,336.93439
0882,2011,344.23401
0882,2012,354.35529
0882,2013,357.99081
0882,2014,369.97559
0882,2015,383.3559
0882,2016,386.9332
0882,2017,395.5723
0882,2018,400.04401
0882,2019,396.27191
0882,2020,392.8082
0882,2021,406.5574
0882,2022,391.276
0882,2023,376.31299
0882,2024,375.1351
0883,2006,275.95139
0883,2007,286.7962
0883,2008,293.66501
0883,2009,292.59811
0883,2010,299.42151
0883,2011,308.67001
0883,2012,312.10709
0883,2013,316.99759
0883,2014,331.22559
0883,2015,341.25189
0883,2016,343.44531
0883,2017,352.8931
0883,2018,360.3587
0883,2019,362.87509
0883,2020,364.7092
0883,2021,376.4097
0883,2022,366.41479
0883,2023,352.31241
0883,2024,356.13419
0884,2006,289.73801
0884,2007,298.25369
0884,2008,300.83591
0884,2009,296.68109
0884,2010,301.87271
0884,2011,310.08401
0884,2012,315.63901
0884,2013,322.6095
0884,2014,337.0011
0884,2015,346.78799
0884,2016,350.82059
0884,2017,358.81519
0884,2018,365.67169
0884,2019,370.78101
0884,2020,370.94489
0884,2021,382.60181
0884,2022,371.12109
0884,2023,357.2887
0884,2024,358.1178
0885,2006,252.64909
0885,2007,262.33691
0885,2008,264.5506
0885,2009,266.17731
0885,2010,274.91431
0885,2011,279.01709
0885,2012,282.12109
0885,2013,293.95709
0885,2014,299.47369
0885,2015,314.108
0885,2016,320.3486
0885,2017,332.27179
0885,2018,332.73129
0885,2019,333.46539
0885,2020,344.92059
0885,2021,353.6279
0885,2022,345.96661
0885,2023,334.5137
0885,2024,337.7706
0980,2006,264.9874
0980,2007,272.41061
0980,2008,277.87961
0980,2009,282.79031
0980,2010,287.46991
0980,2011,291.47769
0980,2012,296.24399
0980,2013,304.08331
0980,2014,315.08139
0980,2015,326.73489
0980,2016,334.75711
0980,2017,340.72919
0980,2018,346.94931
0980,2019,347.81531
0980,2020,352.39359
0980,2021,361.46109
0980,2022,352.21399
0980,2023,341.59341
0980,2024,344.7915
1060,2006,294.3927
1060,2007,302.32809
1060,2008,296.70151
1060,2009,276.7883
1060,2010,282.81
1060,2011,299.00769
1060,2012,306.8916
1060,2013,310.97949
1060,2014,320.46552
1060,2015,332.57159
1060,2016,344.7403
1060,2017,359.0332
1060,2018,362.65231
1060,2019,354.21078
1060,2020,353.8822
1060,2021,364.85611
1060,2022,352.97739
1060,2023,337.93649
1060,2024,342.41461
1080,2006,306.96649
1080,2007,312.68231
1080,2008,311.09909
1080,2009,311.91599
1080,2010,312.5542
1080,2011,314.48151
1080,2012,326.86279
1080,2013,336.836
1080,2014,347.2821
1080,2015,355.26639
1080,2016,362.6333
1080,2017,373.48691
1080,2018,380.42749
1080,2019,383.4538
1080,2020,389.3797
1080,2021,399.33249
1080,2022,388.01389
1080,2023,380.13989
1080,2024,386.6095
1081,2006,282.90701
1081,2007,292.72079
1081,2008,292.56201
1081,2009,286.01511
1081,2010,290.00781
1081,2011,300.21359
1081,2012,304.30109
1081,2013,312.49619
1081,2014,321.15469
1081,2015,322.6727
1081,2016,330.9202
1081,2017,335.46231
1081,2018,340.07559
1081,2019,343.8129
1081,2020,346.5423
1081,2021,358.04321
1081,2022,345.0228
1081,2023,335.7016
1081,2024,337.57819
1082,2006,295.69989
1082,2007,304.50931
1082,2008,307.42181
1082,2009,306.0611
1082,2010,308.0665
1082,2011,313.53601
1082,2012,318.11041
1082,2013,322.80301
1082,2014,335.24811
1082,2015,344.7847
1082,2016,355.3457
1082,2017,363.4588
1082,2018,370.4151
1082,2019,371.70099
1082,2020,372.01639
1082,2021,382.39029
1082,2022,371.1828
1082,2023,361.2742
1082,2024,362.4426
1083,2006,285.1506
1083,2007,291.2399
1083,2008,293.62851
1083,2009,288.1207
1083,2010,293.07101
1083,2011,304.67831
1083,2012,309.89099
1083,2013,319.03101
1083,2014,329.8201
1083,2015,340.6492
1083,2016,351.18991
1083,2017,361.96939
1083,2018,369.9054
1083,2019,374.48349
1083,2020,376.70041
1083,2021,389.34161
1083,2022,380.63519
1083,2023,366.79779
1083,2024,367.56079
1214,2006,286.16891
1214,2007,291.5455
1214,2008,297.43069
1214,2009,293.76419
1214,2010,297.47861
1214,2011,302.32251
1214,2012,306.87619
1214,2013,315.76959
1214,2014,325.98459
1214,2015,332.62579
1214,2016,344.5817
1214,2017,350.78421
1214,2018,357.37369
1214,2019,359.54581
1214,2020,370.06079
1214,2021,378.65591
1214,2022,372.28311
1214,2023,358.4296
1214,2024,361.44809
1230,2006,353.52328
1230,2007,361.42841
1230,2008,363.51929
1230,2009,369.56409
1230,2010,375.229
1230,2011,381.96451
1230,2012,388.8317
1230,2013,398.3584
1230,2014,410.48441
1230,2015,426.16629
1230,2016,436.9809
1230,2017,443.38
1230,2018,451.5831
1230,2019,459.07101
1230,2020,465.01419
1230,2021,478.00861
1230,2022,471.15421
1230,2023,453.18961
1230,2024,457.86389
1231,2006,277.5643
1231,2007,285.15921
1231,2008,282.9407
1231,2009,284.78461
1231,2010,281.71021
1231,2011,285.58621
1231,2012,292.53299
1231,2013,301.03381
1231,2014,308.3168
1231,2015,317.83459
1231,2016,328.10791
1231,2017,332.56839
1231,2018,336.67209
1231,2019,339.35709
1231,2020,342.5976
1231,2021,352.41479
1231,2022,352.2565
1231,2023,340.56201
1231,2024,341.48959
1233,2006,384.64661
1233,2007,397.1492
1233,2008,399.15701
1233,2009,398.3895
1233,2010,405.285
1233,2011,413.13879
1233,2012,423.09241
1233,2013,432.77521
1233,2014,448.2706
1233,2015,463.6926
1233,2016,473.11069
1233,2017,482.40701
1233,2018,491.2262
1233,2019,503.52261
1233,2020,513.54303
1233,2021,534.7522
1233,2022,561.78418
1233,2023,547.70813
1233,2024,553.27881
1256,2006,290.1748
1256,2007,296.6384
1256,2008,295.71051
1256,2009,282.63211
1256,2010,286.4256
1256,2011,293.1965
1256,2012,295.4418
1256,2013,297.67929
1256,2014,302.43289
1256,2015,308.59579
1256,2016,312.67401
1256,2017,312.91321
1256,2018,318.4805
1256,2019,323.9245
1256,2020,325.10751
1256,2021,335.82349
1256,2022,327.97141
1256,2023,317.32269
1256,2024,321.42691
1257,2006,269.37439
1257,2007,276.08569
1257,2008,275.0556
1257,2009,268.0314
1257,2010,269.8765
1257,2011,276.0209
1257,2012,284.67041
1257,2013,293.64679
1257,2014,299.233
1257,2015,308.40161
1257,2016,319.09671
1257,2017,326.49829
1257,2018,333.41379
1257,2019,334.04681
1257,2020,338.04211
1257,2021,350.37781
1257,2022,346.871
1257,2023,332.20721
1257,2024,333.10129
1260,2006,268.86499
1260,2007,275.4632
1260,2008,274.13669
1260,2009,270.05569
1260,2010,271.61069
1260,2011,278.33261
1260,2012,284.99271
1260,2013,293.21121
1260,2014,302.2757
1260,2015,312.79221
1260,2016,321.54269
1260,2017,330.1058
1260,2018,326.0506
1260,2019,330.5184
1260,2020,333.7121
1260,2021,343.26749
1260,2022,339.8382
1260,2023,325.47769
1260,2024,324.9097
1261,2006,351.3504
1261,2007,361.8158
1261,2008,366.08871
1261,2009,369.67319
1261,2010,375.62131
1261,2011,380.5639
1261,2012,392.29181
1261,2013,403.13681
1261,2014,414.30521
1261,2015,430.55881
1261,2016,440.17361
1261,2017,446.80591
1261,2018,455.8985
1261,2019,463.7803
1261,2020,470.20999
1261,2021,482.61581
1261,2022,474.99789
1261,2023,460.36169
1261,2024,458.10199
1262,2006,427.6174
1262,2007,446.94601
1262,2008,451.03989
1262,2009,460.34659
1262,2010,468.19821
1262,2011,477.66391
1262,2012,485.97479
1262,2013,500.13409
1262,2014,517.35107
1262,2015,530.8504
1262,2016,548.3288
1262,2017,554.42389
1262,2018,565.5545
1262,2019,567.64807
1262,2020,584.49622
1262,2021,606.54547
1262,2022,606.21417
1262,2023,588.32617
1262,2024,592.3208
1263,2006,330.18839
1263,2007,339.77811
1263,2008,343.8176
1263,2009,348.68201
1263,2010,353.49969
1263,2011,360.33279
1263,2012,367.87451
1263,2013,375.3967
1263,2014,385.40341
1263,2015,400.35739
1263,2016,408.26849
1263,2017,418.05389
1263,2018,422.3421
1263,2019,428.1235
1263,2020,431.4415
1263,2021,443.47739
1263,2022,443.11111
1263,2023,431.26361
1263,2024,436.08649
1264,2006,290.7059
1264,2007,294.87851
1264,2008,297.4866
1264,2009,299.27911
1264,2010,304.93188
1264,2011,310.42621
1264,2012,316.36771
1264,2013,324.7554
1264,2014,334.1474
1264,2015,347.02881
1264,2016,353.7515
1264,2017,361.2944
1264,2018,368.87161
1264,2019,371.4729
1264,2020,376.18661
1264,2021,388.9899
1264,2022,387.33521
1264,2023,370.5069
1264,2024,375.09259
1265,2006,274.2084
1265,2007,281.771
1265,2008,289.29349
1265,2009,290.75519
1265,2010,298.69659
1265,2011,302.35959
1265,2012,310.43079
1265,2013,316.73541
1265,2014,327.271
1265,2015,340.8103
1265,2016,349.88611
1265,2017,355.60861
1265,2018,361.63129
1265,2019,368.00891
1265,2020,374.66489
1265,2021,382.59799
1265,2022,375.83609
1265,2023,360.46341
1265,2024,364.84399
1266,2006,278.91739
1266,2007,286.97751
1266,2008,285.43921
1266,2009,289.2597
1266,2010,296.7049
1266,2011,303.10809
1266,2012,311.23019
1266,2013,317.62109
1266,2014,329.1879
1266,2015,341.88461
1266,2016,347.8544
1266,2017,352.5419
1266,2018,357.4039
1266,2019,364.4487
1266,2020,371.0202
1266,2021,380.83469
1266,2022,372.3486
1266,2023,356.5571
1266,2024,357.77951
1267,2006,296.56351
1267,2007,303.44019
1267,2008,308.13501
1267,2009,312.28329
1267,2010,318.07501
1267,2011,325.15439
1267,2012,332.43939
1267,2013,339.50641
1267,2014,349.8045
1267,2015,367.008
1267,2016,377.15921
1267,2017,380.50339
1267,2018,383.48941
1267,2019,387.56781
1267,2020,393.50711
1267,2021,404.08469
1267,2022,394.9035
1267,2023,382.71231
1267,2024,384.22
1270,2006,264.29001
1270,2007,267.38171
1270,2008,268.68939
1270,2009,270.23209
1270,2010,276.98611
1270,2011,283.0256
1270,2012,289.42761
1270,2013,296.99899
1270,2014,303.55481
1270,2015,317.18369
1270,2016,327.7381
1270,2017,333.03171
1270,2018,334.9715
1270,2019,336.1748
1270,2020,339.6824
1270,2021,347.69971
1270,2022,344.5806
1270,2023,329.61911
1270,2024,332.5766
1272,2006,300.77399
1272,2007,304.64999
1272,2008,304.32941
1272,2009,295.16821
1272,2010,302.17569
1272,2011,306.33371
1272,2012,309.6644
1272,2013,314.0238
1272,2014,322.659
1272,2015,335.50391
1272,2016,348.2337
1272,2017,356.0101
1272,2018,360.75519
1272,2019,364.2355
1272,2020,365.62991
1272,2021,374.1058
1272,2022,362.93991
1272,2023,350.51691
1272,2024,346.91129
1273,2006,295.28021
1273,2007,301.8335
1273,2008,299.8378
1273,2009,298.27731
1273,2010,299.64719
1273,2011,304.6474
1273,2012,309.06879
1273,2013,310.2518
1273,2014,321.06049
1273,2015,335.26761
1273,2016,342.8707
1273,2017,352.86081
1273,2018,354.5459
1273,2019,362.4469
1273,2020,362.8472
1273,2021,373.5799
1273,2022,362.45081
1273,2023,346.07529
1273,2024,346.3981
1275,2006,279.64291
1275,2007,278.03619
1275,2008,278.73471
1275,2009,271.9957
1275,2010,265.9834
1275,2011,270.83109
1275,2012,273.24661
1275,2013,277.16739
1275,2014,281.49149
1275,2015,292.76999
1275,2016,298.90741
1275,2017,304.8956
1275,2018,307.116
1275,2019,301.6467
1275,2020,306.7258
1275,2021,316.73279
1275,2022,314.18771
1275,2023,302.7341
1275,2024,302.2764
1276,2006,266.8428
1276,2007,271.05399
1276,2008,270.35431
1276,2009,268.97809
1276,2010,273.87271
1276,2011,280.3338
1276,2012,285.21689
1276,2013,292.27399
1276,2014,303.18179
1276,2015,311.0787
1276,2016,318.87479
1276,2017,324.80661
1276,2018,332.4201
1276,2019,335.7146
1276,2020,339.91449
1276,2021,347.34311
1276,2022,340.48511
1276,2023,329.78409
1276,2024,331.5434
1277,2006,268.1687
1277,2007,275.83331
1277,2008,276.2641
1277,2009,273.84131
1277,2010,275.30789
1277,2011,280.6738
1277,2012,285.72501
1277,2013,293.5289
1277,2014,302.04019
1277,2015,316.91281
1277,2016,321.57089
1277,2017,327.4425
1277,2018,333.4884
1277,2019,338.7146
1277,2020,341.2583
1277,2021,352.85901
1277,2022,343.6662
1277,2023,328.59091
1277,2024,329.5018
1278,2006,296.9855
1278,2007,310.58319
1278,2008,310.84781
1278,2009,310.82349
1278,2010,316.74979
1278,2011,323.23621
1278,2012,329.06119
1278,2013,334.82901
1278,2014,339.0527
1278,2015,347.9881
1278,2016,356.82791
1278,2017,366.77969
1278,2018,374.28421
1278,2019,381.70599
1278,2020,387.10959
1278,2021,403.14609
1278,2022,402.67911
1278,2023,385.38699
1278,2024,389.31479
1280,2006,250.0079
1280,2007,256.89429
1280,2008,258.09351
1280,2009,256.4064
1280,2010,257.0275
1280,2011,263.02649
1280,2012,268.47931
1280,2013,275.73679
1280,2014,284.68951
1280,2015,297.26791
1280,2016,306.9277
1280,2017,312.35229
1280,2018,318.06229
1280,2019,323.7265
1280,2020,326.44531
1280,2021,338.5968
1280,2022,359.44791
1280,2023,349.37051
1280,2024,357.18161
1281,2006,304.5192
1281,2007,313.77509
1281,2008,313.70859
1281,2009,311.86511
1281,2010,312.33109
1281,2011,317.02371
1281,2012,323.93259
1281,2013,328.9422
1281,2014,336.30231
1281,2015,350.40491
1281,2016,358.19241
1281,2017,359.84299
1281,2018,363.47021
1281,2019,364.52081
1281,2020,364.17001
1281,2021,372.10001
1281,2022,368.57239
1281,2023,354.74451
1281,2024,355.5491
1282,2006,254.0943
1282,2007,261.84451
1282,2008,263.8866
1282,2009,260.71869
1282,2010,262.30411
1282,2011,271.19989
1282,2012,277.8381
1282,2013,282.63751
1282,2014,290.25339
1282,2015,302.54459
1282,2016,312.8092
1282,2017,321.42249
1282,2018,331.33069
1282,2019,339.49191
1282,2020,344.3038
1282,2021,357.5632
1282,2022,354.70041
1282,2023,343.54669
1282,2024,343.50989
1283,2006,298.06689
1283,2007,307.0332
1283,2008,307.9328
1283,2009,307.7359
1283,2010,310.29929
1283,2011,315.4899
1283,2012,319.7435
1283,2013,328.42999
1283,2014,335.50421
1283,2015,347.40891
1283,2016,357.23679
1283,2017,362.88959
1283,2018,367.38739
1283,2019,372.32639
1283,2020,374.828
1283,2021,385.64951
1283,2022,382.7226
1283,2023,366.2439
1283,2024,367.3544
1284,2006,331.68619
1284,2007,341.56061
1284,2008,343.66751
1284,2009,345.3844
1284,2010,349.32129
1284,2011,357.9314
1284,2012,369.01959
1284,2013,378.31531
1284,2014,387.93149
1284,2015,399.12619
1284,2016,405.69699
1284,2017,411.65259
1284,2018,416.1055
1284,2019,417.88409
1284,2020,423.52991
1284,2021,440.14899
1284,2022,433.35101
1284,2023,416.31769
1284,2024,417.06229
1285,2006,293.93109
1285,2007,302.6058
1285,2008,306.4252
1285,2009,307.31311
1285,2010,311.2218
1285,2011,316.38049
1285,2012,322.9967
1285,2013,331.35251
1285,2014,340.5813
1285,2015,353.04529
1285,2016,362.57211
1285,2017,365.3013
1285,2018,369.89761
1285,2019,372.70691
1285,2020,380.80469
1285,2021,387.5708
1285,2022,379.1662
1285,2023,363.6351
1285,2024,365.63159
1286,2006,300.10049
1286,2007,307.50671
1286,2008,310.5343
1286,2009,315.0018
1286,2010,321.42139
1286,2011,328.13989
1286,2012,334.1431
1286,2013,341.4191
1286,2014,354.83881
1286,2015,368.8511
1286,2016,375.32971
1286,2017,382.7478
1286,2018,386.74689
1286,2019,392.3042
1286,2020,399.38971
1286,2021,410.13571
1286,2022,402.20569
1286,2023,385.5762
1286,2024,390.04489
1287,2006,289.0274
1287,2007,298.52621
1287,2008,301.31149
1287,2009,300.8046
1287,2010,304.90021
1287,2011,309.3096
1287,2012,315.68671
1287,2013,322.69919
1287,2014,331.953
1287,2015,343.6254
1287,2016,354.2377
1287,2017,359.1449
1287,2018,365.30099
1287,2019,371.38461
1287,2020,374.3902
1287,2021,385.0108
1287,2022,383.15921
1287,2023,367.74869
1287,2024,370.9664
1290,2006,290.5687
1290,2007,297.4502
1290,2008,297.93079
1290,2009,296.5528
1290,2010,300.28979
1290,2011,306.298
1290,2012,309.19269
1290,2013,315.0368
1290,2014,324.84171
1290,2015,336.95432
1290,2016,347.08099
1290,2017,353.0697
1290,2018,358.79391
1290,2019,361.18289
1290,2020,363.5119
1290,2021,370.47089
1290,2022,362.12589
1290,2023,348.26389
1290,2024,350.05789
1291,2006,270.3364
1291,2007,273.35129
1291,2008,276.12479
1291,2009,279.2269
1291,2010,279.7052
1291,2011,285.6691
1291,2012,289.98071
1291,2013,293.86411
1291,2014,303.46149
1291,2015,314.8237
1291,2016,318.00909
1291,2017,323.8197
1291,2018,329.6597
1291,2019,331.673
1291,2020,345.2395
1291,2021,357.03909
1291,2022,346.0932
1291,2023,333.6488
1291,2024,335.18341
1292,2006,310.80811
1292,2007,321.4118
1292,2008,325.6058
1292,2009,329.8765
1292,2010,332.1348
1292,2011,339.40231
1292,2012,346.96701
1292,2013,353.18271
1292,2014,363.02301
1292,2015,376.17929
1292,2016,388.50562
1292,2017,394.4545
1292,2018,400.43811
1292,2019,405.5838
1292,2020,411.55661
1292,2021,424.07159
1292,2022,413.48331
1292,2023,397.0831
1292,2024,401.50061
1293,2006,283.04361
1293,2007,286.62601
1293,2008,287.534
1293,2009,288.45859
1293,2010,290.72449
1293,2011,296.26041
1293,2012,298.78922
1293,2013,305.4183
1293,2014,314.92761
1293,2015,328.86441
1293,2016,338.45001
1293,2017,345.2099
1293,2018,348.56949
1293,2019,351.29129
1293,2020,353.77429
1293,2021,363.82059
1293,2022,351.51501
1293,2023,337.12689
1293,2024,338.58481
1315,2006,303.07111
1315,2007,308.03809
1315,2008,306.76511
1315,2009,304.23279
1315,2010,311.10229
1315,2011,314.7821
1315,2012,323.0629
1315,2013,320.4368
1315,2014,318.82101
1315,2015,321.9274
1315,2016,326.77789
1315,2017,336.69931
1315,2018,345.13431
1315,2019,343.82181
1315,2020,340.65961
1315,2021,349.01901
1315,2022,341.77551
1315,2023,333.63251
1315,2024,331.22739
1380,2006,291.4151
1380,2007,302.80481
1380,2008,306.52161
1380,2009,306.50531
1380,2010,310.09689
1380,2011,317.18201
1380,2012,324.86661
1380,2013,329.46979
1380,2014,336.75891
1380,2015,347.96899
1380,2016,358.59351
1380,2017,365.3541
1380,2018,370.62341
1380,2019,371.93539
1380,2020,373.5687
1380,2021,383.84241
1380,2022,373.37579
1380,2023,358.4339
1380,2024,356.26089
1381,2006,284.6597
1381,2007,292.04239
1381,2008,293.67801
1381,2009,293.40131
1381,2010,299.69699
1381,2011,310.1095
1381,2012,315.64679
1381,2013,320.13339
1381,2014,328.09219
1381,2015,339.9903
1381,2016,348.62799
1381,2017,353.7764
1381,2018,360.47159
1381,2019,362.00269
1381,2020,370.11441
1381,2021,381.60349
1381,2022,371.35779
1381,2023,357.78009
1381,2024,358.94861
1382,2006,290.69791
1382,2007,299.4382
1382,2008,302.86359
1382,2009,305.9111
1382,2010,310.25479
1382,2011,318.32889
1382,2012,325.9725
1382,2013,331.07739
1382,2014,339.67819
1382,2015,348.00049
1382,2016,353.6134
1382,2017,363.7207
1382,2018,371.01059
1382,2019,373.38589
1382,2020,375.2717
1382,2021,381.96869
1382,2022,374.01929
1382,2023,358.43729
1382,2024,360.96371
1383,2006,311.65549
1383,2007,320.64761
1383,2008,326.76279
1383,2009,330.7605
1383,2010,333.93661
1383,2011,343.96921
1383,2012,352.51031
1383,2013,359.74951
1383,2014,374.06219
1383,2015,387.2132
1383,2016,395.85019
1383,2017,401.58591
1383,2018,410.7713
1383,2019,413.76971
1383,2020,417.81329
1383,2021,426.4541
1383,2022,416.3436
1383,2023,400.75299
1383,2024,400.8905
1384,2006,385.53851
1384,2007,396.18469
1384,2008,401.6785
1384,2009,403.45511
1384,2010,408.94061
1384,2011,418.42831
1384,2012,427.685
1384,2013,437.51569
1384,2014,451.81989
1384,2015,467.98779
1384,2016,480.02371
1384,2017,485.77802
1384,2018,490.21811
1384,2019,495.59729
1384,2020,500.6633
1384,2021,515.49591
1384,2022,504.89301
1384,2023,488.1347
1384,2024,487.7019
1401,2006,372.95151
1401,2007,384.4715
1401,2008,388.09549
1401,2009,391.79611
1401,2010,399.17661
1401,2011,408.70181
1401,2012,417.52399
1401,2013,427.03519
1401,2014,439.06339
1401,2015,456.44589
1401,2016,468.67719
1401,2017,477.3869
1401,2018,486.11841
1401,2019,489.0571
1401,2020,494.07129
1401,2021,504.14828
1401,2022,491.8309
1401,2023,477.37271
1401,2024,481.04529
1402,2006,356.97491
1402,2007,368.2356
1402,2008,372.27621
1402,2009,370.50409
1402,2010,372.4053
1402,2011,383.84479
1402,2012,393.6452
1402,2013,402.2067
1402,2014,417.366
1402,2015,430.73901
1402,2016,442.36292
1402,2017,450.03741
1402,2018,456.00809
1402,2019,457.2225
1402,2020,458.31439
1402,2021,470.63351
1402,2022,460.7392
1402,2023,445.62491
1402,2024,449.77951
1407,2006,352.74881
1407,2007,361.61191
1407,2008,364.58139
1407,2009,367.57458
1407,2010,370.9603
1407,2011,381.77341
1407,2012,389.47559
1407,2013,398.32379
1407,2014,410.9772
1407,2015,427.28061
1407,2016,437.91461
1407,2017,444.9447
1407,2018,451.79349
1407,2019,456.62939
1407,2020,457.7283
1407,2021,466.68341
1407,2022,458.60818
1407,2023,444.3692
1407,2024,447.93121
1415,2006,351.30081
1415,2007,363.0126
1415,2008,369.47809
1415,2009,371.3027
1415,2010,375.53159
1415,2011,383.58499
1415,2012,391.5303
1415,2013,405.24081
1415,2014,416.60291
1415,2015,433.63751
1415,2016,443.38589
1415,2017,448.68091
1415,2018,455.85339
1415,2019,457.37689
1415,2020,458.80139
1415,2021,472.15521
1415,2022,463.52328
1415,2023,446.34079
1415,2024,448.68188
1419,2006,343.26889
1419,2007,351.98169
1419,2008,355.29239
1419,2009,360.09839
1419,2010,366.02939
1419,2011,371.70529
1419,2012,377.423
1419,2013,385.79449
1419,2014,400.6362
1419,2015,415.90219
1419,2016,424.94379
1419,2017,433.80661
1419,2018,436.8158
1419,2019,437.9649
1419,2020,443.77521
1419,2021,454.1474
1419,2022,448.00119
1419,2023,431.72131
1419,2024,434.08109
1421,2006,314.84039
1421,2007,325.3154
1421,2008,325.63049
1421,2009,325.30411
1421,2010,330.63531
1421,2011,337.99829
1421,2012,343.60529
1421,2013,351.4173
1421,2014,363.1004
1421,2015,371.99939
1421,2016,381.98099
1421,2017,387.521
1421,2018,393.94061
1421,2019,395.05429
1421,2020,396.25751
1421,2021,406.32129
1421,2022,398.66901
1421,2023,383.3353
1421,2024,386.9541
1427,2006,296.6441
1427,2007,305.68689
1427,2008,312.58429
1427,2009,315.66241
1427,2010,320.8454
1427,2011,329.2709
1427,2012,331.995
1427,2013,343.92221
1427,2014,355.35919
1427,2015,367.99921
1427,2016,379.0351
1427,2017,385.80551
1427,2018,390.54001
1427,2019,393.56989
1427,2020,393.5524
1427,2021,403.54501
1427,2022,406.14261
1427,2023,398.1041
1427,2024,395.94431
1430,2006,279.0275
1430,2007,283.15701
1430,2008,286.61169
1430,2009,284.70361
1430,2010,291.03601
1430,2011,294.4071
1430,2012,303.57349
1430,2013,310.01401
1430,2014,319.84531
1430,2015,334.5083
1430,2016,340.9213
1430,2017,349.56891
1430,2018,354.49921
1430,2019,359.4726
1430,2020,355.73651
1430,2021,367.57629
1430,2022,370.99438
1430,2023,357.3624
1430,2024,359.35791
1435,2006,272.23889
1435,2007,279.4426
1435,2008,283.20441
1435,2009,280.3555
1435,2010,289.2175
1435,2011,293.29901
1435,2012,302.07449
1435,2013,305.909
1435,2014,319.45609
1435,2015,332.31851
1435,2016,339.44601
1435,2017,342.61789
1435,2018,348.63651
1435,2019,356.17639
1435,2020,356.2724
1435,2021,364.08719
1435,2022,382.39609
1435,2023,367.47849
1435,2024,369.4447
1438,2006,242.85229
1438,2007,251.09979
1438,2008,251.8739
1438,2009,249.5726
1438,2010,249.0786
1438,2011,253.53979
1438,2012,259.98349
1438,2013,265.8833
1438,2014,278.62289
1438,2015,288.24969
1438,2016,298.4783
1438,2017,308.44421
1438,2018,319.9664
1438,2019,322.76859
1438,2020,329.97769
1438,2021,337.90271
1438,2022,359.17542
1438,2023,343.64011
1438,2024,347.29099
1439,2006,277.9574
1439,2007,280.37659
1439,2008,282.9624
1439,2009,278.1402
1439,2010,282.6824
1439,2011,289.78799
1439,2012,292.11951
1439,2013,300.9563
1439,2014,310.0278
1439,2015,323.70129
1439,2016,327.91739
1439,2017,342.14621
1439,2018,348.68909
1439,2019,346.4534
1439,2020,346.2363
1439,2021,350.5282
1439,2022,350.37961
1439,2023,337.97479
1439,2024,340.66119
1440,2006,322.26251
1440,2007,331.64941
1440,2008,335.2771
1440,2009,336.0733
1440,2010,340.85529
1440,2011,348.2417
1440,2012,356.26431
1440,2013,363.93671
1440,2014,375.0871
1440,2015,391.9248
1440,2016,404.31979
1440,2017,412.23969
1440,2018,418.38611
1440,2019,423.19321
1440,2020,423.56161
1440,2021,435.5715
1440,2022,424.629
1440,2023,410.99609
1440,2024,411.97
1441,2006,365.74789
1441,2007,375.1666
1441,2008,382.2612
1441,2009,382.36191
1441,2010,387.52509
1441,2011,397.8172
1441,2012,406.85699
1441,2013,416.68759
1441,2014,429.53641
1441,2015,445.27539
1441,2016,456.94901
1441,2017,463.8873
1441,2018,471.44321
1441,2019,474.797
1441,2020,476.53149
1441,2021,490.6282
1441,2022,479.96161
1441,2023,465.51141
1441,2024,471.7984
1442,2006,301.56909
1442,2007,307.65439
1442,2008,307.91019
1442,2009,307.00119
1442,2010,311.7879
1442,2011,317.1528
1442,2012,324.51349
1442,2013,330.8588
1442,2014,341.88989
1442,2015,355.99371
1442,2016,366.33041
1442,2017,373.58591
1442,2018,378.41339
1442,2019,379.1749
1442,2020,384.76901
1442,2021,394.26309
1442,2022,385.2312
1442,2023,374.2709
1442,2024,374.56351
1443,2006,340.7597
1443,2007,351.12531
1443,2008,352.57861
1443,2009,351.8587
1443,2010,354.2515
1443,2011,365.20981
1443,2012,371.8255
1443,2013,378.33649
1443,2014,389.37561
1443,2015,402.60211
1443,2016,413.28922
1443,2017,420.68509
1443,2018,431.68561
1443,2019,433.14331
1443,2020,434.7092
1443,2021,447.19089
1443,2022,438.11771
1443,2023,422.06891
1443,2024,422.93759
1444,2006,301.74109
1444,2007,308.5061
1444,2008,309.0051
1444,2009,300.98871
1444,2010,302.54941
1444,2011,311.16669
1444,2012,318.6647
1444,2013,323.547
1444,2014,342.1799
1444,2015,351.6908
1444,2016,364.7464
1444,2017,370.50201
1444,2018,379.09341
1444,2019,381.6441
1444,2020,383.36969
1444,2021,389.80869
1444,2022,385.30441
1444,2023,369.51419
1444,2024,368.4166
1445,2006,293.9371
1445,2007,303.3053
1445,2008,304.59189
1445,2009,296.0585
1445,2010,299.3541
1445,2011,308.0611
1445,2012,310.96799
1445,2013,319.37131
1445,2014,328.10651
1445,2015,342.56689
1445,2016,351.59311
1445,2017,358.17279
1445,2018,360.21341
1445,2019,357.5853
1445,2020,357.97751
1445,2021,367.85529
1445,2022,362.3566
1445,2023,345.6796
1445,2024,349.10281
1446,2006,290.1232
1446,2007,301.43011
1446,2008,304.07639
1446,2009,308.64859
1446,2010,318.5538
1446,2011,323.21149
1446,2012,337.0289
1446,2013,343.81909
1446,2014,346.03922
1446,2015,358.26459
1446,2016,360.49939
1446,2017,371.76239
1446,2018,382.82471
1446,2019,366.7146
1446,2020,367.79431
1446,2021,379.83789
1446,2022,364.10211
1446,2023,355.19501
1446,2024,363.19559
1447,2006,254.91541
1447,2007,261.00711
1447,2008,260.98889
1447,2009,260.62961
1447,2010,262.466
1447,2011,271.7471
1447,2012,275.81079
1447,2013,281.759
1447,2014,288.095
1447,2015,299.28299
1447,2016,303.6788
1447,2017,310.9679
1447,2018,321.10971
1447,2019,322.90829
1447,2020,329.6655
1447,2021,336.95181
1447,2022,327.10651
1447,2023,321.2001
1447,2024,320.853
1452,2006,318.82401
1452,2007,326.14029
1452,2008,327.56271
1452,2009,321.82269
1452,2010,324.02869
1452,2011,329.98111
1452,2012,340.38181
1452,2013,342.83981
1452,2014,350.397
1452,2015,361.17542
1452,2016,369.16321
1452,2017,375.22849
1452,2018,380.9249
1452,2019,380.53091
1452,2020,385.79489
1452,2021,396.99081
1452,2022,386.48611
1452,2023,366.33011
1452,2024,366.80981
1460,2006,252.3116
1460,2007,259.01208
1460,2008,259.2215
1460,2009,259.2197
1460,2010,263.7991
1460,2011,273.9487
1460,2012,281.0347
1460,2013,286.11429
1460,2014,292.55341
1460,2015,300.26669
1460,2016,301.2692
1460,2017,312.47269
1460,2018,321.39819
1460,2019,324.95749
1460,2020,321.2005
1460,2021,333.48581
1460,2022,341.55051
1460,2023,329.93289
1460,2024,333.74329
1461,2006,259.3671
1461,2007,261.55539
1461,2008,265.9169
1461,2009,259.8942
1461,2010,253.8438
1461,2011,261.89099
1461,2012,272.0246
1461,2013,276.6499
1461,2014,283.00259
1461,2015,288.5361
1461,2016,296.62991
1461,2017,308.7756
1461,2018,321.41501
1461,2019,325.33481
1461,2020,332.34229
1461,2021,334.5296
1461,2022,331.57181
1461,2023,319.97601
1461,2024,323.13641
1462,2006,295.99319
1462,2007,301.94781
1462,2008,304.3663
1462,2009,301.50491
1462,2010,309.3638
1462,2011,317.92511
1462,2012,323.25641
1462,2013,325.94189
1462,2014,334.293
1462,2015,350.67389
1462,2016,359.5036
1462,2017,369.85629
1462,2018,377.3941
1462,2019,381.10229
1462,2020,382.7807
1462,2021,391.78381
1462,2022,382.93729
1462,2023,371.16171
1462,2024,370.5119
1463,2006,298.13031
1463,2007,306.80939
1463,2008,308.51309
1463,2009,308.2818
1463,2010,311.62701
1463,2011,320.58389
1463,2012,326.58609
1463,2013,333.7066
1463,2014,343.48621
1463,2015,355.3811
1463,2016,366.58081
1463,2017,371.63129
1463,2018,377.75009
1463,2019,380.65051
1463,2020,381.61621
1463,2021,393.49081
1463,2022,383.83929
1463,2023,368.18729
1463,2024,368.09769
1465,2006,290.56711
1465,2007,291.54361
1465,2008,290.73981
1465,2009,288.7485
1465,2010,292.26749
1465,2011,297.68289
1465,2012,304.5777
1465,2013,310.41501
1465,2014,319.0311
1465,2015,328.76361
1465,2016,339.73569
1465,2017,346.93689
1465,2018,352.71051
1465,2019,352.95999
1465,2020,355.94601
1465,2021,364.35239
1465,2022,352.6012
1465,2023,340.03659
1465,2024,339.20319
1466,2006,296.0509
1466,2007,302.6268
1466,2008,301.08041
1466,2009,298.43579
1466,2010,301.52151
1466,2011,310.69681
1466,2012,317.13049
1466,2013,322.76651
1466,2014,333.05249
1466,2015,347.03101
1466,2016,351.58621
1466,2017,359.58099
1466,2018,364.0629
1466,2019,365.80249
1466,2020,368.8764
1466,2021,377.72321
1466,2022,369.6113
1466,2023,357.08069
1466,2024,359.09601
1470,2006,287.5499
1470,2007,296.89609
1470,2008,299.32901
1470,2009,294.10989
1470,2010,297.7818
1470,2011,304.28619
1470,2012,312.46619
1470,2013,315.38779
1470,2014,320.42401
1470,2015,332.62051
1470,2016,341.2059
1470,2017,346.4978
1470,2018,351.70859
1470,2019,355.0159
1470,2020,356.96649
1470,2021,366.28201
1470,2022,354.36191
1470,2023,343.00299
1470,2024,340.95181
1471,2006,303.41611
1471,2007,314.08899
1471,2008,317.02579
1471,2009,312.0567
1471,2010,315.16089
1471,2011,319.7533
1471,2012,325.34171
1471,2013,330.8793
1471,2014,337.96689
1471,2015,349.72971
1471,2016,358.564
1471,2017,369.6499
1471,2018,375.41641
1471,2019,380.5033
1471,2020,382.534
1471,2021,392.789
1471,2022,382.27069
1471,2023,368.10541
1471,2024,370.2489
1472,2006,279.7121
1472,2007,291.01981
1472,2008,295.33749
1472,2009,289.0997
1472,2010,294.3692
1472,2011,302.69421
1472,2012,307.15521
1472,2013,308.68729
1472,2014,312.1369
1472,2015,324.2226
1472,2016,333.729
1472,2017,345.08401
1472,2018,354.17511
1472,2019,352.08481
1472,2020,349.4678
1472,2021,362.65121
1472,2022,352.3551
1472,2023,343.5748
1472,2024,348.8656
1473,2006,255.82179
1473,2007,267.34949
1473,2008,270.71851
1473,2009,264.38281
1473,2010,270.18491
1473,2011,279.15201
1473,2012,283.517
1473,2013,291.2666
1473,2014,297.04089
1473,2015,305.80099
1473,2016,311.86679
1473,2017,321.24539
1473,2018,331.35159
1473,2019,331.97321
1473,2020,331.89719
1473,2021,344.58691
1473,2022,335.18921
1473,2023,323.9679
1473,2024,326.2843
1480,2006,301.44489
1480,2007,311.28671
1480,2008,314.9567
1480,2009,309.27151
1480,2010,311.0275
1480,2011,319.21069
1480,2012,327.4888
1480,2013,334.60431
1480,2014,345.56259
1480,2015,360.1138
1480,2016,372.3757
1480,2017,379.77631
1480,2018,387.6308
1480,2019,390.89389
1480,2020,389.66479
1480,2021,400.73749
1480,2022,393.68921
1480,2023,380.31909
1480,2024,381.54529
1481,2006,354.86551
1481,2007,367.4201
1481,2008,371.36292
1481,2009,372.3631
1481,2010,373.94879
1481,2011,382.2793
1481,2012,392.56949
1481,2013,400.57419
1481,2014,413.14771
1481,2015,428.45621
1481,2016,437.61749
1481,2017,443.862
1481,2018,450.1825
1481,2019,455.0318
1481,2020,458.57339
1481,2021,470.33661
1481,2022,460.48679
1481,2023,446.6778
1481,2024,448.71469
1482,2006,348.04291
1482,2007,359.4444
1482,2008,363.3736
1482,2009,363.94559
1482,2010,370.526
1482,2011,378.56219
1482,2012,386.95691
1482,2013,396.96219
1482,2014,410.78729
1482,2015,424.2063
1482,2016,437.44571
1482,2017,443.8317
1482,2018,448.01349
1482,2019,448.79639
1482,2020,450.36749
1482,2021,462.90881
1482,2022,450.50049
1482,2023,436.53601
1482,2024,441.68781
1484,2006,298.09381
1484,2007,305.62631
1484,2008,307.7002
1484,2009,308.40891
1484,2010,313.57651
1484,2011,320.30099
1484,2012,327.22729
1484,2013,337.92459
1484,2014,347.12399
1484,2015,352.42099
1484,2016,361.63321
1484,2017,368.49911
1484,2018,373.60339
1484,2019,380.0954
1484,2020,378.62451
1484,2021,393.98419
1484,2022,388.8385
1484,2023,377.80609
1484,2024,384.215
1485,2006,299.30261
1485,2007,307.38071
1485,2008,311.0296
1485,2009,309.76889
1485,2010,313.3627
1485,2011,318.76901
1485,2012,325.0853
1485,2013,329.7067
1485,2014,338.81
1485,2015,353.17471
1485,2016,365.03922
1485,2017,373.94739
1485,2018,377.7627
1485,2019,379.39639
1485,2020,380.4834
1485,2021,388.61099
1485,2022,384.06009
1485,2023,369.01871
1485,2024,369.3222
1486,2006,263.58231
1486,2007,268.13791
1486,2008,268.90939
1486,2009,276.6684
1486,2010,277.55649
1486,2011,280.50931
1486,2012,283.75311
1486,2013,285.8884
1486,2014,287.13159
1486,2015,294.7265
1486,2016,302.14621
1486,2017,307.18231
1486,2018,310.74249
1486,2019,313.59219
1486,2020,302.49091
1486,2021,304.31049
1486,2022,410.78299
1486,2023,391.38831
1486,2024,393.95801
1487,2006,311.8678
1487,2007,317.6937
1487,2008,320.54819
1487,2009,313.78259
1487,2010,314.72049
1487,2011,317.3165
1487,2012,321.22641
1487,2013,325.32681
1487,2014,332.00641
1487,2015,343.92261
1487,2016,353.46951
1487,2017,362.87991
1487,2018,370.81689
1487,2019,368.80859
1487,2020,372.3674
1487,2021,377.65179
1487,2022,371.93619
1487,2023,359.65109
1487,2024,360.39841
1488,2006,307.48529
1488,2007,314.55359
1488,2008,314.96851
1488,2009,306.70819
1488,2010,304.646
1488,2011,309.22269
1488,2012,312.72229
1488,2013,313.57471
1488,2014,327.38181
1488,2015,344.54459
1488,2016,356.68561
1488,2017,367.02249
1488,2018,373.5365
1488,2019,374.4794
1488,2020,371.38089
1488,2021,379.2045
1488,2022,373.2179
1488,2023,362.3432
1488,2024,362.74969
1489,2006,318.608
1489,2007,325.67081
1489,2008,330.633
1489,2009,330.60239
1489,2010,331.90009
1489,2011,338.70969
1489,2012,346.85751
1489,2013,355.7287
1489,2014,367.83249
1489,2015,383.17981
1489,2016,392.60809
1489,2017,400.6889
1489,2018,406.3125
1489,2019,409.68579
1489,2020,413.7092
1489,2021,422.91141
1489,2022,415.27261
1489,2023,401.8252
1489,2024,400.9751
1490,2006,293.65079
1490,2007,303.19312
1490,2008,306.1377
1490,2009,304.9245
1490,2010,309.6702
1490,2011,318.2746
1490,2012,324.3782
1490,2013,329.96399
1490,2014,340.02859
1490,2015,350.77249
1490,2016,360.87491
1490,2017,370.17639
1490,2018,378.8652
1490,2019,378.21729
1490,2020,375.97311
1490,2021,386.9935
1490,2022,374.9758
1490,2023,359.85709
1490,2024,358.4025
1491,2006,300.0603
1491,2007,309.0228
1491,2008,311.46921
1491,2009,310.6506
1491,2010,314.44519
1491,2011,325.10699
1491,2012,333.32809
1491,2013,340.96811
1491,2014,351.5448
1491,2015,364.86081
1491,2016,373.20349
1491,2017,378.90369
1491,2018,386.9209
1491,2019,387.03061
1491,2020,389.905
1491,2021,402.59521
1491,2022,388.93729
1491,2023,372.31549
1491,2024,371.4751
1492,2006,279.9035
1492,2007,283.75479
1492,2008,285.12619
1492,2009,276.54419
1492,2010,277.38309
1492,2011,288.39529
1492,2012,293.83591
1492,2013,297.80319
1492,2014,302.7056
1492,2015,307.2301
1492,2016,310.81879
1492,2017,321.8363
1492,2018,327.90381
1492,2019,330.88791
1492,2020,329.6022
1492,2021,343.08691
1492,2022,348.99149
1492,2023,336.02509
1492,2024,336.92691
1493,2006,290.6467
1493,2007,299.80499
1493,2008,300.37891
1493,2009,297.2041
1493,2010,302.83051
1493,2011,311.3013
1493,2012,314.99991
1493,2013,321.00711
1493,2014,330.892
1493,2015,343.54391
1493,2016,357.01651
1493,2017,366.97131
1493,2018,372.29141
1493,2019,375.5419
1493,2020,381.24951
1493,2021,391.8689
1493,2022,378.19711
1493,2023,364.03641
1493,2024,371.52371
1494,2006,313.85071
1494,2007,323.0416
1494,2008,327.92609
1494,2009,327.53171
1494,2010,327.92889
1494,2011,334.01889
1494,2012,339.70551
1494,2013,343.90439
1494,2014,352.93149
1494,2015,365.32559
1494,2016,377.1937
1494,2017,385.2262
1494,2018,392.3645
1494,2019,394.95511
1494,2020,396.31421
1494,2021,407.02759
1494,2022,396.2229
1494,2023,381.60089
1494,2024,384.6059
1495,2006,297.27261
1495,2007,305.86981
1495,2008,306.57419
1495,2009,304.32181
1495,2010,306.76819
1495,2011,311.4324
1495,2012,315.40381
1495,2013,315.10239
1495,2014,325.11371
1495,2015,339.66061
1495,2016,346.15131
1495,2017,358.49039
1495,2018,366.2811
1495,2019,369.27701
1495,2020,368.72311
1495,2021,377.90439
1495,2022,370.0303
1495,2023,357.37219
1495,2024,356.29349
1496,2006,306.82501
1496,2007,316.79669
1496,2008,321.35831
1496,2009,313.88611
1496,2010,315.9231
1496,2011,332.13519
1496,2012,339.8638
1496,2013,343.66681
1496,2014,355.23679
1496,2015,367.69519
1496,2016,376.73361
1496,2017,385.55429
1496,2018,395.4357
1496,2019,393.8121
1496,2020,391.31519
1496,2021,404.60229
1496,2022,391.69611
1496,2023,380.47198
1496,2024,385.4259
1497,2006,290.99091
1497,2007,301.68689
1497,2008,306.4957
1497,2009,299.2327
1497,2010,301.7717
1497,2011,309.23511
1497,2012,319.8609
1497,2013,324.16049
1497,2014,333.15991
1497,2015,346.7124
1497,2016,358.33701
1497,2017,364.18219
1497,2018,373.35031
1497,2019,371.96951
1497,2020,374.22571
1497,2021,387.60529
1497,2022,379.7092
1497,2023,366.7417
1497,2024,369.63461
1498,2006,288.41949
1498,2007,297.61169
1498,2008,299.80231
1498,2009,293.7829
1498,2010,291.00171
1498,2011,303.23309
1498,2012,309.99561
1498,2013,316.37469
1498,2014,322.97211
1498,2015,334.42389
1498,2016,342.95441
1498,2017,352.1991
1498,2018,360.06421
1498,2019,359.00491
1498,2020,362.1796
1498,2021,372.0412
1498,2022,363.72021
1498,2023,352.2196
1498,2024,351.57431
1499,2006,294.34409
1499,2007,304.4527
1499,2008,306.8652
1499,2009,302.3934
1499,2010,302.6908
1499,2011,309.90729
1499,2012,316.75269
1499,2013,319.5657
1499,2014,327.86731
1499,2015,335.9606
1499,2016,346.1676
1499,2017,352.75681
1499,2018,358.57159
1499,2019,359.10501
1499,2020,358.74939
1499,2021,368.7262
1499,2022,361.10849
1499,2023,348.25201
1499,2024,350.35489
1715,2006,286.68259
1715,2007,295.50269
1715,2008,297.24399
1715,2009,294.3295
1715,2010,300.52969
1715,2011,309.4826
1715,2012,316.73621
1715,2013,320.85818
1715,2014,331.08261
1715,2015,346.54681
1715,2016,358.68701
1715,2017,365.39871
1715,2018,375.66769
1715,2019,376.2597
1715,2020,377.9552
1715,2021,387.1337
1715,2022,391.0267
1715,2023,378.57251
1715,2024,379.34769
1730,2006,221.97839
1730,2007,231.14371
1730,2008,229.73599
1730,2009,222.5847
1730,2010,223.6998
1730,2011,228.93671
1730,2012,233.1114
1730,2013,235.22391
1730,2014,242.28799
1730,2015,249.3091
1730,2016,258.37939
1730,2017,262.52399
1730,2018,267.82501
1730,2019,270.47351
1730,2020,263.28961
1730,2021,271.9187
1730,2022,363.18179
1730,2023,347.7276
1730,2024,347.638
1737,2006,251.19501
1737,2007,256.36209
1737,2008,258.42749
1737,2009,260.99881
1737,2010,267.3476
1737,2011,275.90521
1737,2012,283.22
1737,2013,288.87259
1737,2014,293.5643
1737,2015,305.75989
1737,2016,306.0329
1737,2017,318.18201
1737,2018,330.01059
1737,2019,334.358
1737,2020,329.4288
1737,2021,343.82639
1737,2022,368.0672
1737,2023,357.173
1737,2024,360.54941
1760,2006,276.60889
1760,2007,283.15329
1760,2008,288.5571
1760,2009,278.65149
1760,2010,276.13541
1760,2011,285.60599
1760,2012,297.16699
1760,2013,294.397
1760,2014,295.58771
1760,2015,313.42371
1760,2016,319.25461
1760,2017,328.8894
1760,2018,339.1936
1760,2019,346.56479
1760,2020,347.29861
1760,2021,357.81409
1760,2022,353.5672
1760,2023,342.50549
1760,2024,336.69321
1761,2006,349.77301
1761,2007,358.3132
1761,2008,361.1044
1761,2009,365.24619
1761,2010,372.0592
1761,2011,379.62521
1761,2012,384.1828
1761,2013,391.51639
1761,2014,408.87659
1761,2015,424.57401
1761,2016,437.565
1761,2017,445.32941
1761,2018,455.78571
1761,2019,454.8963
1761,2020,458.42029
1761,2021,472.2301
1761,2022,467.6398
1761,2023,451.76959
1761,2024,452.61191
1762,2006,261.91479
1762,2007,266.6741
1762,2008,270.67529
1762,2009,260.32791
1762,2010,267.49521
1762,2011,282.905
1762,2012,287.7413
1762,2013,283.45331
1762,2014,295.15302
1762,2015,303.65991
1762,2016,307.37119
1762,2017,314.0387
1762,2018,324.29541
1762,2019,329.31451
1762,2020,325.465
1762,2021,331.4108
1762,2022,329.17621
1762,2023,319.1947
1762,2024,316.84079
1763,2006,278.1347
1763,2007,288.1983
1763,2008,288.23401
1763,2009,288.10101
1763,2010,293.76151
1763,2011,300.55429
1763,2012,306.27689
1763,2013,309.35071
1763,2014,316.22449
1763,2015,334.9342
1763,2016,349.99271
1763,2017,358.09851
1763,2018,361.5835
1763,2019,362.81299
1763,2020,362.8201
1763,2021,373.26208
1763,2022,372.31201
1763,2023,357.00519
1763,2024,357.73779
1764,2006,280.27869
1764,2007,285.66989
1764,2008,284.70209
1764,2009,281.78781
1764,2010,287.2952
1764,2011,295.24701
1764,2012,302.26111
1764,2013,305.39621
1764,2014,312.04919
1764,2015,328.05688
1764,2016,331.96619
1764,2017,342.09979
1764,2018,353.36349
1764,2019,356.48749
1764,2020,354.48611
1764,2021,360.9722
1764,2022,358.88239
1764,2023,345.50739
1764,2024,344.94479
1765,2006,237.40289
1765,2007,238.96561
1765,2008,234.93761
1765,2009,231.31731
1765,2010,231.0191
1765,2011,235.6537
1765,2012,247.9481
1765,2013,247.291
1765,2014,252.9424
1765,2015,260.40991
1765,2016,268.9502
1765,2017,274.7355
1765,2018,279.89069
1765,2019,280.8161
1765,2020,282.00729
1765,2021,290.4967
1765,2022,385.31021
1765,2023,372.784
1765,2024,375.4967
1766,2006,272.078
1766,2007,279.5752
1766,2008,278.9801
1766,2009,278.2959
1766,2010,288.6033
1766,2011,295.4397
1766,2012,302.84131
1766,2013,305.51871
1766,2014,311.00729
1766,2015,319.26379
1766,2016,330.7659
1766,2017,340.54849
1766,2018,351.3364
1766,2019,349.8797
1766,2020,349.7796
1766,2021,362.3266
1766,2022,368.311
1766,2023,349.48599
1766,2024,351.1488
1780,2006,295.63879
1780,2007,303.28531
1780,2008,305.91101
1780,2009,306.23569
1780,2010,308.68909
1780,2011,315.40961
1780,2012,321.63531
1780,2013,327.53809
1780,2014,336.56369
1780,2015,349.96051
1780,2016,358.91309
1780,2017,366.25681
1780,2018,372.27261
1780,2019,372.93561
1780,2020,372.6669
1780,2021,382.2583
1780,2022,377.57101
1780,2023,363.90311
1780,2024,362.88889
1781,2006,280.64001
1781,2007,286.30521
1781,2008,287.6741
1781,2009,285.5675
1781,2010,287.4689
1781,2011,291.61481
1781,2012,295.80261
1781,2013,297.52661
1781,2014,304.97449
1781,2015,315.53961
1781,2016,318.78671
1781,2017,330.2226
1781,2018,339.78659
1781,2019,340.4902
1781,2020,338.672
1781,2021,348.63791
1781,2022,345.7457
1781,2023,335.3183
1781,2024,336.35269
1782,2006,248.23579
1782,2007,257.7933
1782,2008,262.04211
1782,2009,257.64859
1782,2010,263.12381
1782,2011,271.31619
1782,2012,278.38171
1782,2013,281.98291
1782,2014,284.7359
1782,2015,290.03909
1782,2016,289.66751
1782,2017,305.10461
1782,2018,307.17819
1782,2019,309.28329
1782,2020,311.38379
1782,2021,318.1731
1782,2022,308.16031
1782,2023,296.78159
1782,2024,305.30371
1783,2006,267.05951
1783,2007,275.77039
1783,2008,280.702
1783,2009,266.14581
1783,2010,277.80991
1783,2011,288.73169
1783,2012,295.00751
1783,2013,297.3154
1783,2014,307.0563
1783,2015,321.66931
1783,2016,323.2908
1783,2017,334.85831
1783,2018,340.8244
1783,2019,336.40399
1783,2020,329.6127
1783,2021,335.57089
1783,2022,332.159
1783,2023,319.7074
1783,2024,315.8175
1784,2006,269.51791
1784,2007,277.60251
1784,2008,283.95279
1784,2009,272.6312
1784,2010,279.32129
1784,2011,287.81931
1784,2012,295.60172
1784,2013,298.49701
1784,2014,308.92221
1784,2015,318.3689
1784,2016,327.12009
1784,2017,335.18991
1784,2018,346.1987
1784,2019,348.8884
1784,2020,345.741
1784,2021,356.84271
1784,2022,371.08881
1784,2023,360.66751
1784,2024,360.5816
1785,2006,275.63708
1785,2007,281.08231
1785,2008,281.82809
1785,2009,280.9429
1785,2010,282.04349
1785,2011,288.23831
1785,2012,294.35699
1785,2013,299.03381
1785,2014,295.686
1785,2015,304.2327
1785,2016,307.79959
1785,2017,317.74081
1785,2018,325.6864
1785,2019,325.91989
1785,2020,324.7439
1785,2021,333.34549
1785,2022,337.6626
1785,2023,326.82629
1785,2024,327.27069
1814,2006,290.14539
1814,2007,302.74051
1814,2008,306.88062
1814,2009,308.33069
1814,2010,313.93671
1814,2011,321.8537
1814,2012,328.7132
1814,2013,338.26031
1814,2014,348.62021
1814,2015,363.33801
1814,2016,376.08951
1814,2017,386.32181
1814,2018,395.7948
1814,2019,398.62109
1814,2020,402.26151
1814,2021,412.9039
1814,2022,403.9057
1814,2023,390.62909
1814,2024,394.27649
1860,2006,282.45981
1860,2007,293.74689
1860,2008,297.61569
1860,2009,293.18311
1860,2010,306.18671
1860,2011,318.9183
1860,2012,322.35129
1860,2013,316.0387
1860,2014,312.8526
1860,2015,324.37439
1860,2016,336.70389
1860,2017,341.5787
1860,2018,349.19312
1860,2019,343.0748
1860,2020,346.25571
1860,2021,350.1745
1860,2022,340.129
1860,2023,334.88431
1860,2024,334.68759
1861,2006,292.10831
1861,2007,298.3338
1861,2008,302.4856
1861,2009,297.8837
1861,2010,298.5571
1861,2011,308.52609
1861,2012,312.28961
1861,2013,319.37381
1861,2014,330.50769
1861,2015,338.80569
1861,2016,345.98111
1861,2017,351.33679
1861,2018,360.69879
1861,2019,359.06909
1861,2020,360.45819
1861,2021,371.52719
1861,2022,362.5
1861,2023,349.56781
1861,2024,351.1044
1862,2006,284.28049
1862,2007,295.19659
1862,2008,296.99271
1862,2009,289.15909
1862,2010,289.75809
1862,2011,298.95691
1862,2012,308.74081
1862,2013,311.12869
1862,2014,319.8277
1862,2015,326.4903
1862,2016,332.21289
1862,2017,337.13031
1862,2018,339.84451
1862,2019,339.37439
1862,2020,340.18561
1862,2021,350.3074
1862,2022,343.27161
1862,2023,334.1944
1862,2024,334.40948
1863,2006,263.98541
1863,2007,269.69159
1863,2008,274.13501
1863,2009,260.21619
1863,2010,265.21591
1863,2011,275.62299
1863,2012,278.27789
1863,2013,285.74811
1863,2014,292.35651
1863,2015,293.42151
1863,2016,303.9758
1863,2017,313.53189
1863,2018,321.9476
1863,2019,314.45721
1863,2020,309.9827
1863,2021,316.71591
1863,2022,313.3288
1863,2023,296.52429
1863,2024,300.40131
1864,2006,238.5032
1864,2007,247.48219
1864,2008,249.39259
1864,2009,248.6167
1864,2010,256.85159
1864,2011,266.40759
1864,2012,269.8006
1864,2013,271.82761
1864,2014,280.07089
1864,2015,283.5329
1864,2016,287.87891
1864,2017,298.862
1864,2018,307.34091
1864,2019,304.3374
1864,2020,303.80139
1864,2021,316.79529
1864,2022,310.7504
1864,2023,304.1564
1864,2024,312.39111
1880,2006,290.54761
1880,2007,298.88721
1880,2008,303.6759
1880,2009,303.5463
1880,2010,305.58661
1880,2011,313.69101
1880,2012,320.32959
1880,2013,328.34631
1880,2014,338.20291
1880,2015,351.7619
1880,2016,359.76099
1880,2017,365.3428
1880,2018,369.08939
1880,2019,369.23901
1880,2020,369.7598
1880,2021,379.08759
1880,2022,369.34381
1880,2023,355.28189
1880,2024,355.3363
1881,2006,296.04721
1881,2007,305.94949
1881,2008,311.16351
1881,2009,309.58231
1881,2010,314.7247
1881,2011,321.74969
1881,2012,330.60941
1881,2013,336.50299
1881,2014,348.52649
1881,2015,361.5032
1881,2016,372.23239
1881,2017,380.88159
1881,2018,387.9025
1881,2019,387.01651
1881,2020,386.39761
1881,2021,395.237
1881,2022,384.53769
1881,2023,370.6944
1881,2024,373.63049
1882,2006,289.14581
1882,2007,301.05099
1882,2008,305.36069
1882,2009,303.1297
1882,2010,313.15201
1882,2011,321.26849
1882,2012,326.84979
1882,2013,332.19199
1882,2014,349.61029
1882,2015,359.7948
1882,2016,362.65231
1882,2017,377.2146
1882,2018,384.98691
1882,2019,389.21381
1882,2020,391.80951
1882,2021,404.91299
1882,2022,391.4707
1882,2023,376.25851
1882,2024,379.65302
1883,2006,306.47791
1883,2007,316.7012
1883,2008,318.4924
1883,2009,315.42239
1883,2010,314.81451
1883,2011,322.27869
1883,2012,331.0329
1883,2013,334.3374
1883,2014,340.14761
1883,2015,350.974
1883,2016,354.51849
1883,2017,363.573
1883,2018,370.31851
1883,2019,374.99149
1883,2020,376.01071
1883,2021,385.85709
1883,2022,377.41431
1883,2023,366.57959
1883,2024,372.2197
1884,2006,296.86609
1884,2007,309.59659
1884,2008,313.7612
1884,2009,308.9808
1884,2010,314.43161
1884,2011,319.72739
1884,2012,328.8403
1884,2013,335.58221
1884,2014,346.30939
1884,2015,354.49591
1884,2016,357.8804
1884,2017,365.39761
1884,2018,373.53979
1884,2019,376.83841
1884,2020,376.50919
1884,2021,388.1976
1884,2022,380.94379
1884,2023,367.95609
1884,2024,370.67361
1885,2006,292.21689
1885,2007,302.06839
1885,2008,305.2746
1885,2009,296.90601
1885,2010,299.39569
1885,2011,313.04279
1885,2012,321.60059
1885,2013,321.1232
1885,2014,331.37289
1885,2015,340.0451
1885,2016,347.76871
1885,2017,356.45001
1885,2018,361.1442
1885,2019,361.91559
1885,2020,362.32959
1885,2021,372.03049
1885,2022,364.0473
1885,2023,349.08371
1885,2024,351.1933
1904,2006,274.8573
1904,2007,279.2496
1904,2008,285.315
1904,2009,280.52289
1904,2010,286.00699
1904,2011,292.34769
1904,2012,302.79971
1904,2013,309.82111
1904,2014,314.04099
1904,2015,315.56079
1904,2016,330.87991
1904,2017,342.95331
1904,2018,345.6972
1904,2019,348.18231
1904,2020,340.46011
1904,2021,347.78601
1904,2022,340.4093
1904,2023,320.76071
1904,2024,326.0676
1907,2006,305.9068
1907,2007,316.3588
1907,2008,317.7525
1907,2009,308.77069
1907,2010,311.9968
1907,2011,321.14859
1907,2012,326.88501
1907,2013,330.9118
1907,2014,338.14609
1907,2015,350.23792
1907,2016,356.49561
1907,2017,366.70169
1907,2018,371.9028
1907,2019,376.70889
1907,2020,373.61581
1907,2021,382.1265
1907,2022,375.59009
1907,2023,362.74039
1907,2024,363.42151
1960,2006,301.76431
1960,2007,310.60849
1960,2008,309.80051
1960,2009,306.2626
1960,2010,308.50409
1960,2011,320.55331
1960,2012,322.70529
1960,2013,322.94211
1960,2014,329.00461
1960,2015,335.8782
1960,2016,341.27231
1960,2017,345.14999
1960,2018,351.51331
1960,2019,355.3822
1960,2020,358.1098
1960,2021,369.38019
1960,2022,357.80359
1960,2023,347.9006
1960,2024,343.91791
1961,2006,290.43341
1961,2007,299.7612
1961,2008,301.0195
1961,2009,293.50241
1961,2010,295.79559
1961,2011,306.6871
1961,2012,310.4444
1961,2013,318.1449
1961,2014,329.64609
1961,2015,341.62601
1961,2016,355.09671
1961,2017,363.38611
1961,2018,366.1817
1961,2019,367.6011
1961,2020,369.35751
1961,2021,376.48941
1961,2022,366.81061
1961,2023,355.35739
1961,2024,354.04791
1962,2006,284.8923
1962,2007,293.9523
1962,2008,303.6409
1962,2009,297.67139
1962,2010,301.237
1962,2011,307.6666
1962,2012,319.80551
1962,2013,323.28079
1962,2014,322.3046
1962,2015,330.87329
1962,2016,347.33139
1962,2017,353.09799
1962,2018,361.51501
1962,2019,364.17191
1962,2020,355.17691
1962,2021,360.65701
1962,2022,352.888
1962,2023,340.28421
1962,2024,348.56259
1980,2006,311.34531
1980,2007,322.40619
1980,2008,327.98999
1980,2009,330.6337
1980,2010,332.49469
1980,2011,339.88461
1980,2012,348.35901
1980,2013,355.84491
1980,2014,366.85071
1980,2015,378.92661
1980,2016,387.39539
1980,2017,391.7146
1980,2018,398.06699
1980,2019,399.48059
1980,2020,399.341
1980,2021,406.99661
1980,2022,396.19281
1980,2023,383.77481
1980,2024,385.98309
1981,2006,282.73871
1981,2007,291.5062
1981,2008,296.49689
1981,2009,297.93381
1981,2010,301.54559
1981,2011,306.22131
1981,2012,310.66669
1981,2013,317.2836
1981,2014,327.09991
1981,2015,338.67181
1981,2016,351.02219
1981,2017,356.3511
1981,2018,360.77789
1981,2019,362.129
1981,2020,364.4039
1981,2021,369.89459
1981,2022,360.83939
1981,2023,347.81619
1981,2024,352.23569
1982,2006,308.6304
1982,2007,316.49091
1982,2008,322.922
1982,2009,307.3855
1982,2010,306.19449
1982,2011,318.70541
1982,2012,325.81219
1982,2013,328.02859
1982,2014,329.28229
1982,2015,337.77359
1982,2016,344.94919
1982,2017,354.37881
1982,2018,359.0932
1982,2019,364.56161
1982,2020,359.08221
1982,2021,362.13449
1982,2022,353.25531
1982,2023,334.0563
1982,2024,340.87921
1983,2006,293.4357
1983,2007,307.80759
1983,2008,306.42789
1983,2009,292.44861
1983,2010,293.86169
1983,2011,312.37119
1983,2012,317.28061
1983,2013,323.0769
1983,2014,335.50641
1983,2015,346.45871
1983,2016,352.81781
1983,2017,360.7402
1983,2018,365.18311
1983,2019,365.5242
1983,2020,360.52161
1983,2021,374.0863
1983,2022,361.93909
1983,2023,349.8432
1983,2024,348.6239
1984,2006,291.86859
1984,2007,300.77469
1984,2008,304.98071
1984,2009,296.86899
1984,2010,298.71539
1984,2011,308.24759
1984,2012,313.8396
1984,2013,318.54089
1984,2014,326.2496
1984,2015,333.5611
1984,2016,341.45471
1984,2017,353.505
1984,2018,361.3483
1984,2019,361.06241
1984,2020,362.24319
1984,2021,372.00491
1984,2022,365.08121
1984,2023,355.02219
1984,2024,356.31161
2021,2006,259.7486
2021,2007,267.84839
2021,2008,268.64969
2021,2009,266.72409
2021,2010,274.1333
2021,2011,279.68301
2021,2012,284.7442
2021,2013,290.89929
2021,2014,305.33621
2021,2015,318.16089
2021,2016,323.8212
2021,2017,332.285
2021,2018,339.78589
2021,2019,341.00519
2021,2020,348.20911
2021,2021,357.06781
2021,2022,356.7464
2021,2023,341.38159
2021,2024,340.13681
2023,2006,269.10831
2023,2007,272.53949
2023,2008,272.66351
2023,2009,276.7677
2023,2010,284.9856
2023,2011,287.86209
2023,2012,294.04361
2023,2013,303.39929
2023,2014,314.02869
2023,2015,327.13211
2023,2016,337.24771
2023,2017,342.59729
2023,2018,348.63959
2023,2019,353.76709
2023,2020,357.25562
2023,2021,372.03961
2023,2022,380.1673
2023,2023,366.3609
2023,2024,366.60999
2026,2006,296.74921
2026,2007,307.83469
2026,2008,308.06619
2026,2009,308.81161
2026,2010,312.80719
2026,2011,358.90271
2026,2012,333.72891
2026,2013,341.9014
2026,2014,353.84631
2026,2015,366.73441
2026,2016,374.81479
2026,2017,380.28479
2026,2018,387.0202
2026,2019,388.7865
2026,2020,392.25311
2026,2021,401.0155
2026,2022,386.9288
2026,2023,372.21069
2026,2024,377.94901
2029,2006,295.1012
2029,2007,304.5372
2029,2008,306.39169
2029,2009,311.0528
2029,2010,316.12399
2029,2011,321.10571
2029,2012,332.1579
2029,2013,338.418
2029,2014,348.1427
2029,2015,361.15421
2029,2016,366.74609
2029,2017,369.8356
2029,2018,374.90741
2029,2019,379.68491
2029,2020,384.0704
2029,2021,394.923
2029,2022,384.48679
2029,2023,369.3905
2029,2024,370.12411
2031,2006,268.4707
2031,2007,277.55679
2031,2008,280.30701
2031,2009,286.14761
2031,2010,287.5813
2031,2011,288.69241
2031,2012,299.8197
2031,2013,309.83359
2031,2014,321.1358
2031,2015,334.26331
2031,2016,341.86899
2031,2017,349.1076
2031,2018,355.2193
2031,2019,360.3895
2031,2020,363.98489
2031,2021,368.3418
2031,2022,361.34039
2031,2023,345.4473
2031,2024,346.41791
2034,2006,254.9847
2034,2007,261.2337
2034,2008,264.9101
2034,2009,265.00491
2034,2010,265.5596
2034,2011,264.9158
2034,2012,276.05801
2034,2013,283.439
2034,2014,295.85559
2034,2015,314.44339
2034,2016,321.93649
2034,2017,325.578
2034,2018,335.87701
2034,2019,336.54211
2034,2020,339.9769
2034,2021,349.6875
2034,2022,348.2374
2034,2023,336.53821
2034,2024,335.9462
2039,2006,256.95569
2039,2007,262.36969
2039,2008,265.2377
2039,2009,269.01279
2039,2010,274.12851
2039,2011,278.66769
2039,2012,285.2149
2039,2013,294.17691
2039,2014,305.48318
2039,2015,324.30191
2039,2016,341.76682
2039,2017,337.63519
2039,2018,349.49741
2039,2019,349.51251
2039,2020,349.27621
2039,2021,356.67111
2039,2022,358.9527
2039,2023,348.32919
2039,2024,349.02591
2061,2006,294.715
2061,2007,306.246
2061,2008,312.16931
2061,2009,306.26089
2061,2010,311.8468
2061,2011,320.75369
2061,2012,333.77069
2061,2013,341.73901
2061,2014,350.43951
2061,2015,357.853
2061,2016,363.56091
2061,2017,376.78781
2061,2018,379.13681
2061,2019,378.98529
2061,2020,380.991
2061,2021,385.68411
2061,2022,378.8053
2061,2023,367.0112
2061,2024,377.612
2062,2006,289.61609
2062,2007,294.76971
2062,2008,296.3537
2062,2009,300.18521
2062,2010,302.42441
2062,2011,308.72269
2062,2012,315.7572
2062,2013,328.09161
2062,2014,341.36221
2062,2015,352.76709
2062,2016,364.2403
2062,2017,371.4375
2062,2018,376.55209
2062,2019,380.90109
2062,2020,380.17651
2062,2021,387.17291
2062,2022,381.01331
2062,2023,369.6774
2062,2024,372.0347
2080,2006,311.7001
2080,2007,321.4447
2080,2008,324.34219
2080,2009,326.96509
2080,2010,327.1611
2080,2011,334.37289
2080,2012,343.11871
2080,2013,350.12189
2080,2014,362.15619
2080,2015,374.41971
2080,2016,381.013
2080,2017,387.27539
2080,2018,393.67169
2080,2019,398.51141
2080,2020,404.1347
2080,2021,414.85529
2080,2022,402.8544
2080,2023,388.23129
2080,2024,392.9686
2081,2006,292.30811
2081,2007,301.82199
2081,2008,304.31161
2081,2009,301.82751
2081,2010,299.01431
2081,2011,305.35461
2081,2012,314.04871
2081,2013,320.38739
2081,2014,329.42899
2081,2015,340.715
2081,2016,346.33551
2081,2017,353.39041
2081,2018,359.27551
2081,2019,360.43689
2081,2020,360.08911
2081,2021,367.45731
2081,2022,359.22729
2081,2023,345.2384
2081,2024,347.24011
2082,2006,295.13821
2082,2007,303.63519
2082,2008,309.7692
2082,2009,315.65021
2082,2010,319.73209
2082,2011,324.00589
2082,2012,331.1647
2082,2013,338.8645
2082,2014,352.46591
2082,2015,364.2861
2082,2016,375.13599
2082,2017,380.65839
2082,2018,388.52679
2082,2019,392.13171
2082,2020,391.27451
2082,2021,401.1832
2082,2022,389.01431
2082,2023,374.48831
2082,2024,380.4375
2083,2006,278.84729
2083,2007,291.36649
2083,2008,293.28259
2083,2009,293.2215
2083,2010,297.5593
2083,2011,305.4476
2083,2012,309.38431
2083,2013,310.3042
2083,2014,321.17859
2083,2015,329.9838
2083,2016,336.5976
2083,2017,341.2009
2083,2018,348.43201
2083,2019,350.53909
2083,2020,354.77829
2083,2021,361.71219
2083,2022,350.44089
2083,2023,339.52579
2083,2024,344.1712
2084,2006,299.259
2084,2007,308.8634
2084,2008,310.45432
2084,2009,310.34991
2084,2010,316.92319
2084,2011,323.4812
2084,2012,330.8071
2084,2013,331.13062
2084,2014,337.23331
2084,2015,334.4729
2084,2016,340.53201
2084,2017,349.09741
2084,2018,356.5271
2084,2019,361.57141
2084,2020,364.36221
2084,2021,370.5159
2084,2022,367.04279
2084,2023,350.84711
2084,2024,355.80621
2085,2006,292.54709
2085,2007,301.24619
2085,2008,306.30731
2085,2009,313.12891
2085,2010,312.8692
2085,2011,321.01559
2085,2012,331.11221
2085,2013,337.5127
2085,2014,346.97031
2085,2015,349.17261
2085,2016,353.25809
2085,2017,362.5354
2085,2018,364.8764
2085,2019,365.17899
2085,2020,366.5235
2085,2021,373.29611
2085,2022,364.00549
2085,2023,357.21609
2085,2024,370.46078
2101,2006,289.59991
2101,2007,294.586
2101,2008,296.6951
2101,2009,291.9458
2101,2010,296.78711
2101,2011,299.18121
2101,2012,303.3988
2101,2013,310.13129
2101,2014,316.82239
2101,2015,317.10571
2101,2016,326.88031
2101,2017,331.14319
2101,2018,337.104
2101,2019,342.12781
2101,2020,347.47589
2101,2021,360.79669
2101,2022,348.6861
2101,2023,332.8623
2101,2024,340.7724
2104,2006,306.1568
2104,2007,314.50851
2104,2008,323.80441
2104,2009,302.47189
2104,2010,307.2608
2104,2011,322.6268
2104,2012,327.79819
2104,2013,331.2663
2104,2014,347.38129
2104,2015,351.79529
2104,2016,355.59821
2104,2017,363.29309
2104,2018,374.39719
2104,2019,369.3067
2104,2020,364.11749
2104,2021,373.42749
2104,2022,366.01669
2104,2023,352.57449
2104,2024,358.30899
2121,2006,280.4888
2121,2007,289.62839
2121,2008,292.22211
2121,2009,284.4119
2121,2010,289.79031
2121,2011,298.08701
2121,2012,300.056
2121,2013,304.6745
2121,2014,312.7403
2121,2015,323.1127
2121,2016,330.18799
2121,2017,343.93509
2121,2018,350.21719
2121,2019,350.35349
2121,2020,346.53271
2121,2021,357.1973
2121,2022,347.32681
2121,2023,331.3989
2121,2024,332.24789
2132,2006,261.95041
2132,2007,269.06839
2132,2008,271.1998
2132,2009,271.31879
2132,2010,276.43869
2132,2011,283.91281
2132,2012,288.8316
2132,2013,294.74109
2132,2014,309.85309
2132,2015,320.91211
2132,2016,329.30569
2132,2017,336.32611
2132,2018,338.75061
2132,2019,341.64041
2132,2020,338.96259
2132,2021,350.9754
2132,2022,339.5426
2132,2023,328.49689
2132,2024,330.39539
2161,2006,265.96359
2161,2007,272.01419
2161,2008,274.3378
2161,2009,272.94781
2161,2010,277.97589
2161,2011,283.6911
2161,2012,291.7594
2161,2013,298.76889
2161,2014,309.70319
2161,2015,316.44641
2161,2016,325.63809
2161,2017,331.4259
2161,2018,340.01559
2161,2019,343.30469
2161,2020,345.45691
2161,2021,357.19821
2161,2022,350.82269
2161,2023,340.0983
2161,2024,340.49069
2180,2006,297.10919
2180,2007,308.10809
2180,2008,313.7757
2180,2009,314.55359
2180,2010,321.8999
2180,2011,325.18591
2180,2012,328.0979
2180,2013,335.9935
2180,2014,344.8829
2180,2015,358.70551
2180,2016,368.8063
2180,2017,376.58401
2180,2018,383.69681
2180,2019,386.08511
2180,2020,386.53149
2180,2021,395.76682
2180,2022,381.73981
2180,2023,367.41061
2180,2024,370.11951
2181,2006,311.94461
2181,2007,319.59229
2181,2008,323.06119
2181,2009,311.8772
2181,2010,319.71619
2181,2011,331.55121
2181,2012,333.66089
2181,2013,339.29651
2181,2014,345.08609
2181,2015,349.14951
2181,2016,350.40939
2181,2017,356.4227
2181,2018,365.48361
2181,2019,371.79459
2181,2020,370.63281
2181,2021,379.72781
2181,2022,366.95889
2181,2023,352.70941
2181,2024,359.9491
2182,2006,255.00591
2182,2007,265.92319
2182,2008,272.94009
2182,2009,274.33389
2182,2010,282.79849
2182,2011,291.8623
2182,2012,297.91409
2182,2013,301.49231
2182,2014,311.32089
2182,2015,318.3811
2182,2016,328.1864
2182,2017,339.466
2182,2018,344.31641
2182,2019,344.4007
2182,2020,344.91699
2182,2021,354.9411
2182,2022,345.84531
2182,2023,333.7915
2182,2024,333.0213
2183,2006,269.5426
2183,2007,280.48361
2183,2008,284.83759
2183,2009,284.1976
2183,2010,284.7706
2183,2011,291.26489
2183,2012,298.18939
2183,2013,303.00269
2183,2014,307.39099
2183,2015,316.01071
2183,2016,323.69321
2183,2017,333.884
2183,2018,339.42929
2183,2019,339.09549
2183,2020,344.065
2183,2021,354.50879
2183,2022,340.16431
2183,2023,329.08221
2183,2024,329.03021
2184,2006,278.43369
2184,2007,290.07309
2184,2008,292.05359
2184,2009,294.70432
2184,2010,301.42319
2184,2011,311.42291
2184,2012,317.74881
2184,2013,326.90302
2184,2014,337.18719
2184,2015,346.29691
2184,2016,352.33209
2184,2017,363.39581
2184,2018,368.75931
2184,2019,371.48999
2184,2020,375.71552
2184,2021,390.06131
2184,2022,381.35449
2184,2023,367.14481
2184,2024,367.1908
2260,2006,282.1369
2260,2007,286.0358
2260,2008,290.64709
2260,2009,295.21509
2260,2010,295.10281
2260,2011,300.68311
2260,2012,308.418
2260,2013,311.8544
2260,2014,321.1546
2260,2015,327.73251
2260,2016,337.20779
2260,2017,339.94589
2260,2018,350.62531
2260,2019,352.7756
2260,2020,355.12979
2260,2021,356.3035
2260,2022,350.88599
2260,2023,338.60751
2260,2024,344.3674
2262,2006,302.38129
2262,2007,312.99051
2262,2008,307.50049
2262,2009,305.46811
2262,2010,307.64191
2262,2011,315.9971
2262,2012,325.758
2262,2013,330.07809
2262,2014,340.7648
2262,2015,351.03101
2262,2016,364.60321
2262,2017,374.50519
2262,2018,378.23569
2262,2019,378.2952
2262,2020,377.74011
2262,2021,385.629
2262,2022,374.33969
2262,2023,364.34549
2262,2024,365.59229
2280,2006,285.82791
2280,2007,291.51501
2280,2008,295.4838
2280,2009,298.17679
2280,2010,300.46149
2280,2011,303.90561
2280,2012,308.3942
2280,2013,313.6225
2280,2014,320.02911
2280,2015,326.99979
2280,2016,334.7681
2280,2017,342.3353
2280,2018,346.28491
2280,2019,346.6698
2280,2020,353.5238
2280,2021,365.00919
2280,2022,354.81311
2280,2023,340.94211
2280,2024,345.12421
2281,2006,317.56879
2281,2007,325.61121
2281,2008,330.25211
2281,2009,329.89731
2281,2010,330.2597
2281,2011,335.9921
2281,2012,344.3168
2281,2013,353.841
2281,2014,363.82999
2281,2015,376.3342
2281,2016,386.9191
2281,2017,393.90399
2281,2018,401.34
2281,2019,404.83261
2281,2020,407.3114
2281,2021,412.99509
2281,2022,399.75479
2281,2023,387.4205
2281,2024,387.65781
2282,2006,273.4584
2282,2007,278.1004
2282,2008,280.59561
2282,2009,280.10959
2282,2010,283.57901
2282,2011,287.84451
2282,2012,297.54309
2282,2013,303.47519
2282,2014,312.5459
2282,2015,321.03421
2282,2016,322.5835
2282,2017,329.58051
2282,2018,335.2153
2282,2019,334.7821
2282,2020,337.1044
2282,2021,348.45721
2282,2022,335.76819
2282,2023,325.98309
2282,2024,328.34201
2283,2006,272.7879
2283,2007,277.51791
2283,2008,280.29309
2283,2009,283.80911
2283,2010,280.8905
2283,2011,285.86389
2283,2012,296.12189
2283,2013,303.88931
2283,2014,312.28271
2283,2015,317.6442
2283,2016,326.2048
2283,2017,332.64319
2283,2018,337.55441
2283,2019,339.67291
2283,2020,346.61041
2283,2021,352.9462
2283,2022,343.44479
2283,2023,332.25781
2283,2024,333.72141
2284,2006,311.4043
2284,2007,319.90759
2284,2008,323.88419
2284,2009,326.92319
2284,2010,327.79721
2284,2011,333.48071
2284,2012,343.427
2284,2013,351.7662
2284,2014,364.08359
2284,2015,375.51981
2284,2016,380.1344
2284,2017,381.92139
2284,2018,388.0802
2284,2019,389.79041
2284,2020,390.96649
2284,2021,401.5881
2284,2022,391.4704
2284,2023,381.5817
2284,2024,385.14511
2303,2006,270.5224
2303,2007,280.59821
2303,2008,284.01221
2303,2009,275.00751
2303,2010,274.11371
2303,2011,281.0748
2303,2012,284.35391
2303,2013,293.5274
2303,2014,304.10669
2303,2015,310.9238
2303,2016,316.69321
2303,2017,318.45911
2303,2018,330.05789
2303,2019,330.96671
2303,2020,337.00571
2303,2021,341.94849
2303,2022,333.8577
2303,2023,326.46271
2303,2024,327.33551
2305,2006,263.13751
2305,2007,269.1167
2305,2008,268.99139
2305,2009,268.55359
2305,2010,269.17331
2305,2011,274.6824
2305,2012,283.9505
2305,2013,295.1152
2305,2014,302.7717
2305,2015,306.6857
2305,2016,314.40741
2305,2017,320.71631
2305,2018,324.79568
2305,2019,329.26761
2305,2020,336.2717
2305,2021,343.78329
2305,2022,334.79239
2305,2023,323.64261
2305,2024,330.36981
2309,2006,286.09311
2309,2007,293.81271
2309,2008,295.24051
2309,2009,301.34149
2309,2010,303.92749
2309,2011,313.39481
2309,2012,323.3287
2309,2013,331.4863
2309,2014,343.0863
2309,2015,354.8844
2309,2016,366.89349
2309,2017,373.01511
2309,2018,384.784
2309,2019,390.521
2309,2020,398.30511
2309,2021,407.3143
2309,2022,404.41019
2309,2023,392.22629
2309,2024,394.5184
2313,2006,256.26501
2313,2007,264.05649
2313,2008,264.0835
2313,2009,263.26721
2313,2010,266.14581
2313,2011,273.78671
2313,2012,285.966
2313,2013,293.4035
2313,2014,303.24969
2313,2015,312.03699
2313,2016,317.98871
2313,2017,323.22849
2313,2018,331.15549
2313,2019,333.22601
2313,2020,335.13181
2313,2021,344.35001
2313,2022,342.65259
2313,2023,330.4747
2313,2024,329.35611
2321,2006,273.6713
2321,2007,282.54309
2321,2008,283.5065
2321,2009,286.0882
2321,2010,291.70801
2321,2011,295.7157
2321,2012,300.37079
2321,2013,303.7688
2321,2014,311.74469
2321,2015,323.7948
2321,2016,334.47931
2321,2017,342.98889
2321,2018,350.68481
2321,2019,355.0
2321,2020,355.8598
2321,2021,374.1973
2321,2022,380.8768
2321,2023,367.8013
2321,2024,374.29291
2326,2006,266.6217
2326,2007,274.349
2326,2008,274.50009
2326,2009,275.104
2326,2010,269.3219
2326,2011,276.31909
2326,2012,287.2345
2326,2013,297.38861
2326,2014,310.73611
2326,2015,316.88101
2326,2016,323.93051
2326,2017,330.5936
2326,2018,340.8399
2326,2019,345.13211
2326,2020,352.71701
2326,2021,359.59561
2326,2022,352.9119
2326,2023,337.73309
2326,2024,336.72891
2361,2006,264.61169
2361,2007,274.17181
2361,2008,276.7067
2361,2009,277.98541
2361,2010,282.82629
2361,2011,290.64511
2361,2012,295.29919
2361,2013,300.18521
2361,2014,313.06812
2361,2015,324.31171
2361,2016,337.6062
2361,2017,344.34579
2361,2018,348.7507
2361,2019,347.29889
2361,2020,350.95319
2361,2021,363.53149
2361,2022,362.4184
2361,2023,348.8663
2361,2024,351.33231
2380,2006,290.1936
2380,2007,299.28381
2380,2008,302.44421
2380,2009,305.3598
2380,2010,305.327
2380,2011,309.22861
2380,2012,316.56061
2380,2013,324.49438
2380,2014,333.5336
2380,2015,346.3699
2380,2016,356.0108
2380,2017,363.3349
2380,2018,371.4823
2380,2019,373.35031
2380,2020,376.7818
2380,2021,386.37491
2380,2022,377.9017
2380,2023,365.9631
2380,2024,367.52231
2401,2006,285.0275
2401,2007,295.13361
2401,2008,298.72159
2401,2009,292.20059
2401,2010,304.3645
2401,2011,304.198
2401,2012,307.2009
2401,2013,311.94891
2401,2014,323.47879
2401,2015,334.36911
2401,2016,346.53189
2401,2017,349.68771
2401,2018,357.7735
2401,2019,359.841
2401,2020,360.1813
2401,2021,373.3522
2401,2022,365.00961
2401,2023,353.0267
2401,2024,356.9696
2403,2006,259.60211
2403,2007,257.9248
2403,2008,262.22369
2403,2009,265.67731
2403,2010,273.39951
2403,2011,281.5704
2403,2012,286.6731
2403,2013,291.56329
2403,2014,301.42041
2403,2015,319.39359
2403,2016,330.54639
2403,2017,335.20419
2403,2018,337.23792
2403,2019,338.811
2403,2020,342.26831
2403,2021,354.18491
2403,2022,342.93509
2403,2023,328.21539
2403,2024,333.54309
2404,2006,280.7496
2404,2007,290.1315
2404,2008,289.30789
2404,2009,281.298
2404,2010,288.0433
2404,2011,298.42471
2404,2012,310.004
2404,2013,318.7269
2404,2014,325.8342
2404,2015,334.99881
2404,2016,344.64771
2404,2017,351.56259
2404,2018,357.75
2404,2019,359.87799
2404,2020,359.12619
2404,2021,370.58209
2404,2022,361.06351
2404,2023,349.5419
2404,2024,351.4458
2409,2006,289.75671
2409,2007,296.61951
2409,2008,297.7514
2409,2009,291.36789
2409,2010,297.97189
2409,2011,304.50269
2409,2012,312.655
2409,2013,320.64679
2409,2014,331.25119
2409,2015,340.6398
2409,2016,339.09921
2409,2017,343.0069
2409,2018,352.2496
2409,2019,359.79831
2409,2020,366.47049
2409,2021,376.41479
2409,2022,369.73691
2409,2023,355.95529
2409,2024,361.09119
2417,2006,277.04681
2417,2007,288.7515
2417,2008,288.16422
2417,2009,282.91559
2417,2010,287.9519
2417,2011,299.02719
2417,2012,314.92609
2417,2013,318.79251
2417,2014,321.19958
2417,2015,327.71729
2417,2016,339.6604
2417,2017,339.94971
2417,2018,345.67191
2417,2019,351.61539
2417,2020,364.10339
2417,2021,369.70731
2417,2022,359.49161
2417,2023,350.2561
2417,2024,355.36929
2418,2006,290.4581
2418,2007,298.58319
2418,2008,299.0946
2418,2009,298.50021
2418,2010,312.0965
2418,2011,316.59439
2418,2012,330.18869
2418,2013,337.7377
2418,2014,344.26871
2418,2015,354.77539
2418,2016,369.17059
2418,2017,373.0007
2418,2018,378.2515
2418,2019,383.40381
2418,2020,385.71191
2418,2021,388.5762
2418,2022,368.60269
2418,2023,364.0473
2418,2024,369.3175
2421,2006,259.4032
2421,2007,273.50629
2421,2008,278.8645
2421,2009,282.6228
2421,2010,290.68649
2421,2011,298.52679
2421,2012,298.6991
2421,2013,303.56909
2421,2014,315.84021
2421,2015,325.1416
2421,2016,335.8891
2421,2017,338.53699
2421,2018,341.3074
2421,2019,346.66119
2421,2020,346.6301
2421,2021,352.8074
2421,2022,362.3833
2421,2023,351.48511
2421,2024,354.33829
2422,2006,258.7565
2422,2007,266.94601
2422,2008,271.61969
2422,2009,266.08389
2422,2010,275.91229
2422,2011,280.5419
2422,2012,291.444
2422,2013,304.61899
2422,2014,318.46121
2422,2015,330.7948
2422,2016,342.22409
2422,2017,345.50949
2422,2018,352.69019
2422,2019,341.7746
2422,2020,350.7692
2422,2021,353.53369
2422,2022,341.90091
2422,2023,340.9928
2422,2024,348.00409
2425,2006,273.47839
2425,2007,284.3873
2425,2008,287.79019
2425,2009,281.82529
2425,2010,293.11621
2425,2011,300.25919
2425,2012,307.6785
2425,2013,310.89401
2425,2014,323.31949
2425,2015,330.52051
2425,2016,335.9202
2425,2017,338.19159
2425,2018,348.12561
2425,2019,349.28781
2425,2020,356.37149
2425,2021,371.86859
2425,2022,359.90219
2425,2023,354.48599
2425,2024,350.53
2460,2006,303.69769
2460,2007,310.74139
2460,2008,314.4761
2460,2009,317.65579
2460,2010,320.61169
2460,2011,327.63901
2460,2012,331.12991
2460,2013,340.9679
2460,2014,354.69821
2460,2015,365.33871
2460,2016,370.30569
2460,2017,371.8855
2460,2018,376.2905
2460,2019,381.63589
2460,2020,385.56281
2460,2021,397.32059
2460,2022,384.5527
2460,2023,376.29971
2460,2024,375.75409
2462,2006,251.3083
2462,2007,256.48029
2462,2008,261.77289
2462,2009,263.54861
2462,2010,270.18359
2462,2011,269.45239
2462,2012,277.09079
2462,2013,280.36359
2462,2014,293.13989
2462,2015,301.0712
2462,2016,313.0332
2462,2017,316.65491
2462,2018,330.04019
2462,2019,331.78009
2462,2020,335.0451
2462,2021,341.94189
2462,2022,343.52051
2462,2023,332.73441
2462,2024,341.84961
2463,2006,244.755
2463,2007,251.5137
2463,2008,259.0658
2463,2009,257.4664
2463,2010,262.327
2463,2011,274.8782
2463,2012,281.7518
2463,2013,293.17471
2463,2014,300.8757
2463,2015,303.72781
2463,2016,315.7785
2463,2017,310.47559
2463,2018,315.40311
2463,2019,322.1373
2463,2020,326.7196
2463,2021,335.65549
2463,2022,330.00891
2463,2023,325.81699
2463,2024,328.25299
2480,2006,287.87469
2480,2007,298.1188
2480,2008,302.0799
2480,2009,302.75769
2480,2010,307.9306
2480,2011,313.3378
2480,2012,321.5968
2480,2013,329.17599
2480,2014,339.8251
2480,2015,352.4722
2480,2016,360.505
2480,2017,364.0343
2480,2018,368.89059
2480,2019,370.54871
2480,2020,371.5043
2480,2021,382.1312
2480,2022,371.38611
2480,2023,361.42239
2480,2024,362.6759
2481,2006,280.25009
2481,2007,292.07669
2481,2008,295.0878
2481,2009,299.39749
2481,2010,305.1153
2481,2011,315.21329
2481,2012,325.0126
2481,2013,327.01859
2481,2014,337.41101
2481,2015,347.64209
2481,2016,356.5737
2481,2017,357.21191
2481,2018,363.84949
2481,2019,367.53281
2481,2020,374.26111
2481,2021,380.62241
2481,2022,369.3533
2481,2023,359.78629
2481,2024,366.12949
2482,2006,289.9017
2482,2007,304.42899
2482,2008,308.83749
2482,2009,309.67801
2482,2010,315.76221
2482,2011,322.52469
2482,2012,331.73599
2482,2013,340.61621
2482,2014,348.6221
2482,2015,360.58331
2482,2016,371.1113
2482,2017,377.0423
2482,2018,384.75101
2482,2019,391.63721
2482,2020,395.43109
2482,2021,404.87869
2482,2022,395.13489
2482,2023,387.3067
2482,2024,399.09641
2505,2006,285.10309
2505,2007,290.29251
2505,2008,296.4866
2505,2009,301.5029
2505,2010,311.4454
2505,2011,319.60959
2505,2012,328.73792
2505,2013,336.81879
2505,2014,342.05899
2505,2015,354.74991
2505,2016,364.8699
2505,2017,364.9617
2505,2018,374.18411
2505,2019,376.7612
2505,2020,379.9494
2505,2021,379.84119
2505,2022,377.31049
2505,2023,373.66089
2505,2024,376.77301
2506,2006,269.50101
2506,2007,277.51089
2506,2008,282.54581
2506,2009,293.89651
2506,2010,298.50769
2506,2011,304.27231
2506,2012,325.75241
2506,2013,334.28009
2506,2014,344.2113
2506,2015,355.56461
2506,2016,369.3074
2506,2017,370.4324
2506,2018,370.2959
2506,2019,369.70251
2506,2020,371.34891
2506,2021,383.51761
2506,2022,379.45151
2506,2023,372.14319
2506,2024,373.14182
2510,2006,269.7847
2510,2007,280.6467
2510,2008,287.51901
2510,2009,294.20041
2510,2010,294.6347
2510,2011,298.66071
2510,2012,310.47839
2510,2013,329.3049
2510,2014,344.0903
2510,2015,349.888
2510,2016,357.50021
2510,2017,361.61191
2510,2018,369.12161
2510,2019,370.06229
2510,2020,374.29501
2510,2021,385.74829
2510,2022,374.76059
2510,2023,366.2449
2510,2024,375.45401
2513,2006,245.5593
2513,2007,260.00839
2513,2008,265.2475
2513,2009,266.8006
2513,2010,273.10721
2513,2011,284.2536
2513,2012,298.0701
2513,2013,309.2514
2513,2014,321.71451
2513,2015,330.61081
2513,2016,337.33011
2513,2017,332.6507
2513,2018,341.17239
2513,2019,346.6557
2513,2020,357.2894
2513,2021,359.39749
2513,2022,341.5188
2513,2023,330.21381
2513,2024,334.026
2514,2006,275.7341
2514,2007,287.853
2514,2008,289.8284
2514,2009,292.12421
2514,2010,299.2045
2514,2011,306.83441
2514,2012,319.20959
2514,2013,330.1394
2514,2014,341.34711
2514,2015,354.92221
2514,2016,360.8692
2514,2017,365.51859
2514,2018,373.08511
2514,2019,376.85779
2514,2020,377.9101
2514,2021,386.18951
2514,2022,380.7153
2514,2023,367.45331
2514,2024,369.95901
2518,2006,240.88139
2518,2007,251.6041
2518,2008,256.18491
2518,2009,249.8226
2518,2010,262.46399
2518,2011,269.77939
2518,2012,283.2739
2518,2013,282.5683
2518,2014,295.44019
2518,2015,306.59079
2518,2016,314.19312
2518,2017,317.93079
2518,2018,327.01141
2518,2019,328.92789
2518,2020,341.3533
2518,2021,350.78851
2518,2022,354.11771
2518,2023,337.90591
2518,2024,346.73239
2521,2006,248.9444
2521,2007,265.85901
2521,2008,270.134
2521,2009,267.4429
2521,2010,285.4476
2521,2011,293.74979
2521,2012,318.40161
2521,2013,331.95529
2521,2014,351.90259
2521,2015,332.54639
2521,2016,334.10269
2521,2017,337.84909
2521,2018,351.89828
2521,2019,358.94281
2521,2020,373.28531
2521,2021,388.57361
2521,2022,379.8804
2521,2023,375.505
2521,2024,381.71741
2523,2006,317.6051
2523,2007,329.4119
2523,2008,339.6347
2523,2009,344.2052
2523,2010,366.94891
2523,2011,377.53061
2523,2012,388.22009
2523,2013,403.82361
2523,2014,417.32901
2523,2015,426.13379
2523,2016,431.22751
2523,2017,432.5498
2523,2018,448.09109
2523,2019,454.2171
2523,2020,465.4296
2523,2021,480.71341
2523,2022,462.52551
2523,2023,452.35721
2523,2024,462.2016
2560,2006,273.0184
2560,2007,282.474
2560,2008,290.87939
2560,2009,291.27921
2560,2010,292.28799
2560,2011,298.2757
2560,2012,311.10291
2560,2013,315.7803
2560,2014,326.90701
2560,2015,340.5834
2560,2016,352.29999
2560,2017,352.5675
2560,2018,359.96429
2560,2019,362.50049
2560,2020,361.71841
2560,2021,366.62039
2560,2022,362.47021
2560,2023,358.0939
2560,2024,361.50711
2580,2006,294.80881
2580,2007,308.33231
2580,2008,313.33231
2580,2009,314.33359
2580,2010,320.45151
2580,2011,327.83109
2580,2012,338.25919
2580,2013,350.7554
2580,2014,363.5723
2580,2015,376.54749
2580,2016,383.70129
2580,2017,387.0383
2580,2018,393.3179
2580,2019,396.68771
2580,2020,398.05081
2580,2021,409.13611
2580,2022,400.29391
2580,2023,388.82889
2580,2024,398.3381
2581,2006,292.96329
2581,2007,304.05261
2581,2008,309.15948
2581,2009,311.82901
2581,2010,315.9621
2581,2011,322.4787
2581,2012,332.3945
2581,2013,341.6842
2581,2014,352.78448
2581,2015,369.24561
2581,2016,376.70859
2581,2017,381.6459
2581,2018,390.4581
2581,2019,397.42441
2581,2020,401.10571
2581,2021,411.38351
2581,2022,400.92221
2581,2023,389.98639
2581,2024,395.1778
2582,2006,287.76099
2582,2007,295.84839
2582,2008,300.81741
2582,2009,304.40289
2582,2010,307.58261
2582,2011,312.17639
2582,2012,322.55899
2582,2013,331.17239
2582,2014,344.7984
2582,2015,357.71289
2582,2016,367.0282
2582,2017,371.60229
2582,2018,384.81161
2582,2019,384.15979
2582,2020,387.45761
2582,2021,394.83771
2582,2022,388.41599
2582,2023,380.33731
2582,2024,390.13071
2583,2006,207.75281
2583,2007,222.672
2583,2008,223.8808
2583,2009,221.6125
2583,2010,225.3624
2583,2011,236.101
2583,2012,250.2142
2583,2013,254.77879
2583,2014,265.5433
2583,2015,273.73889
2583,2016,282.07001
2583,2017,288.659
2583,2018,296.0032
2583,2019,298.75909
2583,2020,304.4364
2583,2021,314.76221
2583,2022,323.59061
2583,2023,317.4476
2583,2024,321.84009
2584,2006,331.00769
2584,2007,346.99271
2584,2008,356.34329
2584,2009,355.45221
2584,2010,379.1958
2584,2011,392.64651
2584,2012,410.2789
2584,2013,422.01599
2584,2014,431.3952
2584,2015,436.18939
2584,2016,433.78079
2584,2017,432.6579
2584,2018,441.73651
2584,2019,447.41431
2584,2020,454.45151
2584,2021,467.29739
2584,2022,451.5419
2584,2023,435.5408
2584,2024,437.56189
