kommun,year,andel_65_plus
0114,2006,0.1304
0114,2007,0.1354
0114,2008,0.14120001
0114,2009,0.14839999
0114,2010,0.1541
0114,2011,0.15800001
0114,2012,0.1627
0114,2013,0.1654
0114,2014,0.168
0114,2015,0.1681
0114,2016,0.1683
0114,2017,0.1688
0114,2018,0.1681
0114,2019,0.1661
0114,2020,0.1653
0114,2021,0.1645
0114,2022,0.16339999
0114,2023,0.16339999
0114,2024,0.164
0114,2025,0.1657
0115,2006,0.1216
0115,2007,0.1251
0115,2008,0.1301
0115,2009,0.1348
0115,2010,0.1393
0115,2011,0.1419
0115,2012,0.1461
0115,2013,0.1495
0115,2014,0.15270001
0115,2015,0.1539
0115,2016,0.15549999
0115,2017,0.156
0115,2018,0.1566
0115,2019,0.1569
0115,2020,0.1585
0115,2021,0.1601
0115,2022,0.1613
0115,2023,0.1635
0115,2024,0.1663
0115,2025,0.1701
0117,2006,0.1238
0117,2007,0.13160001
0117,2008,0.1399
0117,2009,0.149
0117,2010,0.1567
0117,2011,0.1647
0117,2012,0.17039999
0117,2013,0.17640001
0117,2014,0.18009999
0117,2015,0.1813
0117,2016,0.18179999
0117,2017,0.18189999
0117,2018,0.18350001
0117,2019,0.1859
0117,2020,0.1842
0117,2021,0.18260001
0117,2022,0.18279999
0117,2023,0.18520001
0117,2024,0.1864
0117,2025,0.19
0120,2006,0.1126
0120,2007,0.1151
0120,2008,0.1205
0120,2009,0.12899999
0120,2010,0.1354
0120,2011,0.1418
0120,2012,0.1488
0120,2013,0.1559
0120,2014,0.16069999
0120,2015,0.1635
0120,2016,0.1653
0120,2017,0.1655
0120,2018,0.16689999
0120,2019,0.1692
0120,2020,0.17309999
0120,2021,0.17749999
0120,2022,0.1812
0120,2023,0.1873
0120,2024,0.19230001
0120,2025,0.1978
0123,2006,0.15000001
0123,2007,0.1538
0123,2008,0.15809999
0123,2009,0.1636
0123,2010,0.16779999
0123,2011,0.17039999
0123,2012,0.17380001
0123,2013,0.1762
0123,2014,0.1758
0123,2015,0.1744
0123,2016,0.1723
0123,2017,0.1693
0123,2018,0.167
0123,2019,0.1653
0123,2020,0.16320001
0123,2021,0.1618
0123,2022,0.1596
0123,2023,0.1602
0123,2024,0.15880001
0123,2025,0.1591
0125,2006,0.1224
0125,2007,0.1274
0125,2008,0.13510001
0125,2009,0.1418
0125,2010,0.1488
0125,2011,0.154
0125,2012,0.1591
0125,2013,0.1631
0125,2014,0.1646
0125,2015,0.1684
0125,2016,0.16949999
0125,2017,0.16949999
0125,2018,0.1708
0125,2019,0.1706
0125,2020,0.1715
0125,2021,0.1724
0125,2022,0.176
0125,2023,0.1832
0125,2024,0.18880001
0125,2025,0.19059999
0126,2006,0.1159
0126,2007,0.1171
0126,2008,0.1185
0126,2009,0.1217
0126,2010,0.1236
0126,2011,0.1265
0126,2012,0.1293
0126,2013,0.1312
0126,2014,0.13249999
0126,2015,0.1332
0126,2016,0.1329
0126,2017,0.1321
0126,2018,0.1318
0126,2019,0.1331
0126,2020,0.13510001
0126,2021,0.1372
0126,2022,0.13959999
0126,2023,0.1436
0126,2024,0.146
0126,2025,0.14839999
0127,2006,0.1133
0127,2007,0.1161
0127,2008,0.1201
0127,2009,0.1244
0127,2010,0.1284
0127,2011,0.1304
0127,2012,0.13240001
0127,2013,0.1349
0127,2014,0.1366
0127,2015,0.13850001
0127,2016,0.1384
0127,2017,0.13789999
0127,2018,0.1374
0127,2019,0.13770001
0127,2020,0.1392
0127,2021,0.1418
0127,2022,0.1443
0127,2023,0.1469
0127,2024,0.15000001
0127,2025,0.1515
0128,2006,0.1294
0128,2007,0.134
0128,2008,0.1409
0128,2009,0.1489
0128,2010,0.156
0128,2011,0.15989999
0128,2012,0.1638
0128,2013,0.17020001
0128,2014,0.1719
0128,2015,0.1724
0128,2016,0.1735
0128,2017,0.1749
0128,2018,0.1735
0128,2019,0.17550001
0128,2020,0.1763
0128,2021,0.1741
0128,2022,0.1732
0128,2023,0.17309999
0128,2024,0.17470001
0128,2025,0.17659999
0136,2006,0.1197
0136,2007,0.1242
0136,2008,0.1293
0136,2009,0.1353
0136,2010,0.1418
0136,2011,0.14560001
0136,2012,0.14910001
0136,2013,0.153
0136,2014,0.1541
0136,2015,0.15549999
0136,2016,0.1549
0136,2017,0.1532
0136,2018,0.1516
0136,2019,0.15019999
0136,2020,0.14929999
0136,2021,0.1487
0136,2022,0.1478
0136,2023,0.1472
0136,2024,0.1481
0136,2025,0.1504
0138,2006,0.1278
0138,2007,0.1327
0138,2008,0.1409
0138,2009,0.14830001
0138,2010,0.1542
0138,2011,0.1592
0138,2012,0.16329999
0138,2013,0.1661
0138,2014,0.16670001
0138,2015,0.1657
0138,2016,0.1655
0138,2017,0.1664
0138,2018,0.1656
0138,2019,0.1671
0138,2020,0.1664
0138,2021,0.16760001
0138,2022,0.1697
0138,2023,0.17299999
0138,2024,0.177
0138,2025,0.1796
0139,2006,0.1187
0139,2007,0.1205
0139,2008,0.1251
0139,2009,0.1321
0139,2010,0.1397
0139,2011,0.1473
0139,2012,0.1547
0139,2013,0.1604
0139,2014,0.1627
0139,2015,0.1639
0139,2016,0.1612
0139,2017,0.1603
0139,2018,0.1559
0139,2019,0.1552
0139,2020,0.152
0139,2021,0.15099999
0139,2022,0.1488
0139,2023,0.14920001
0139,2024,0.1508
0139,2025,0.1514
0140,2006,0.1179
0140,2007,0.1246
0140,2008,0.13079999
0140,2009,0.13519999
0140,2010,0.1441
0140,2011,0.15440001
0140,2012,0.15970001
0140,2013,0.1639
0140,2014,0.16599999
0140,2015,0.16429999
0140,2016,0.16500001
0140,2017,0.1671
0140,2018,0.16769999
0140,2019,0.1725
0140,2020,0.1691
0140,2021,0.16760001
0140,2022,0.1682
0140,2023,0.1652
0140,2024,0.169
0140,2025,0.1688
0160,2006,0.15700001
0160,2007,0.16320001
0160,2008,0.16850001
0160,2009,0.175
0160,2010,0.1804
0160,2011,0.18520001
0160,2012,0.1883
0160,2013,0.1913
0160,2014,0.192
0160,2015,0.1926
0160,2016,0.1926
0160,2017,0.1911
0160,2018,0.1901
0160,2019,0.1901
0160,2020,0.18960001
0160,2021,0.18880001
0160,2022,0.1885
0160,2023,0.1884
0160,2024,0.18979999
0160,2025,0.19220001
0162,2006,0.1802
0162,2007,0.1825
0162,2008,0.186
0162,2009,0.19
0162,2010,0.1937
0162,2011,0.19580001
0162,2012,0.198
0162,2013,0.1991
0162,2014,0.2001
0162,2015,0.1998
0162,2016,0.19850001
0162,2017,0.1983
0162,2018,0.1969
0162,2019,0.1998
0162,2020,0.20100001
0162,2021,0.20200001
0162,2022,0.2031
0162,2023,0.20720001
0162,2024,0.2095
0162,2025,0.21080001
0163,2006,0.1347
0163,2007,0.13770001
0163,2008,0.1416
0163,2009,0.1453
0163,2010,0.1481
0163,2011,0.1507
0163,2012,0.1529
0163,2013,0.1539
0163,2014,0.15539999
0163,2015,0.1569
0163,2016,0.1565
0163,2017,0.15719999
0163,2018,0.15790001
0163,2019,0.1573
0163,2020,0.1573
0163,2021,0.1576
0163,2022,0.15790001
0163,2023,0.15979999
0163,2024,0.16150001
0163,2025,0.16419999
0180,2006,0.14309999
0180,2007,0.1417
0180,2008,0.14120001
0180,2009,0.1411
0180,2010,0.14139999
0180,2011,0.1417
0180,2012,0.1424
0180,2013,0.1434
0180,2014,0.1441
0180,2015,0.1452
0180,2016,0.146
0180,2017,0.1472
0180,2018,0.1487
0180,2019,0.15019999
0180,2020,0.152
0180,2021,0.1549
0180,2022,0.1576
0180,2023,0.1605
0180,2024,0.1636
0180,2025,0.1671
0181,2006,0.1485
0181,2007,0.1476
0181,2008,0.1497
0181,2009,0.1534
0181,2010,0.1558
0181,2011,0.1569
0181,2012,0.15800001
0181,2013,0.1602
0181,2014,0.1604
0181,2015,0.16159999
0181,2016,0.1605
0181,2017,0.1601
0181,2018,0.15979999
0181,2019,0.1595
0181,2020,0.1586
0181,2021,0.1596
0181,2022,0.1602
0181,2023,0.1627
0181,2024,0.1655
0181,2025,0.1697
0182,2006,0.12970001
0182,2007,0.1321
0182,2008,0.1355
0182,2009,0.139
0182,2010,0.1435
0182,2011,0.14749999
0182,2012,0.1514
0182,2013,0.15440001
0182,2014,0.15700001
0182,2015,0.15790001
0182,2016,0.1596
0182,2017,0.1602
0182,2018,0.15979999
0182,2019,0.16140001
0182,2020,0.16240001
0182,2021,0.1647
0182,2022,0.1673
0182,2023,0.1699
0182,2024,0.1723
0182,2025,0.1742
0183,2006,0.1375
0183,2007,0.13429999
0183,2008,0.13420001
0183,2009,0.133
0183,2010,0.1319
0183,2011,0.1323
0183,2012,0.13169999
0183,2013,0.13070001
0183,2014,0.13060001
0183,2015,0.1286
0183,2016,0.1277
0183,2017,0.12630001
0183,2018,0.126
0183,2019,0.12530001
0183,2020,0.125
0183,2021,0.12729999
0183,2022,0.1305
0183,2023,0.12989999
0183,2024,0.13330001
0183,2025,0.1364
0184,2006,0.1661
0184,2007,0.1635
0184,2008,0.16069999
0184,2009,0.1602
0184,2010,0.16060001
0184,2011,0.1604
0184,2012,0.161
0184,2013,0.1603
0184,2014,0.1594
0184,2015,0.15700001
0184,2016,0.1556
0184,2017,0.155
0184,2018,0.15459999
0184,2019,0.1538
0184,2020,0.1531
0184,2021,0.1523
0184,2022,0.1516
0184,2023,0.15369999
0184,2024,0.156
0184,2025,0.1577
0186,2006,0.1824
0186,2007,0.18279999
0186,2008,0.1867
0186,2009,0.1902
0186,2010,0.19230001
0186,2011,0.19670001
0186,2012,0.1998
0186,2013,0.2007
0186,2014,0.2031
0186,2015,0.2025
0186,2016,0.2013
0186,2017,0.2026
0186,2018,0.2032
0186,2019,0.2045
0186,2020,0.2057
0186,2021,0.2085
0186,2022,0.2103
0186,2023,0.2133
0186,2024,0.21690001
0186,2025,0.21969999
0187,2006,0.131
0187,2007,0.13689999
0187,2008,0.14480001
0187,2009,0.1521
0187,2010,0.16320001
0187,2011,0.1689
0187,2012,0.17470001
0187,2013,0.1815
0187,2014,0.1868
0187,2015,0.192
0187,2016,0.1964
0187,2017,0.1997
0187,2018,0.2051
0187,2019,0.211
0187,2020,0.21789999
0187,2021,0.2227
0187,2022,0.2313
0187,2023,0.2396
0187,2024,0.2462
0187,2025,0.25350001
0188,2006,0.2001
0188,2007,0.206
0188,2008,0.2145
0188,2009,0.2236
0188,2010,0.2309
0188,2011,0.2405
0188,2012,0.2481
0188,2013,0.25459999
0188,2014,0.25979999
0188,2015,0.26339999
0188,2016,0.26370001
0188,2017,0.2649
0188,2018,0.2667
0188,2019,0.2685
0188,2020,0.26980001
0188,2021,0.27309999
0188,2022,0.2766
0188,2023,0.28080001
0188,2024,0.28580001
0188,2025,0.2911
0191,2006,0.1336
0191,2007,0.13590001
0191,2008,0.1407
0191,2009,0.14470001
0191,2010,0.1485
0191,2011,0.1485
0191,2012,0.1495
0191,2013,0.1488
0191,2014,0.14910001
0191,2015,0.14929999
0191,2016,0.1468
0191,2017,0.146
0191,2018,0.1445
0191,2019,0.14480001
0191,2020,0.14309999
0191,2021,0.1444
0191,2022,0.1436
0191,2023,0.1451
0191,2024,0.1476
0191,2025,0.14910001
0192,2006,0.16769999
0192,2007,0.1693
0192,2008,0.17550001
0192,2009,0.1833
0192,2010,0.19069999
0192,2011,0.19939999
0192,2012,0.2058
0192,2013,0.2106
0192,2014,0.2158
0192,2015,0.2183
0192,2016,0.2201
0192,2017,0.2177
0192,2018,0.2193
0192,2019,0.2208
0192,2020,0.2208
0192,2021,0.2202
0192,2022,0.2225
0192,2023,0.22409999
0192,2024,0.22679999
0192,2025,0.2305
0305,2006,0.106
0305,2007,0.1149
0305,2008,0.1252
0305,2009,0.13429999
0305,2010,0.1441
0305,2011,0.15459999
0305,2012,0.16230001
0305,2013,0.1698
0305,2014,0.1743
0305,2015,0.178
0305,2016,0.1786
0305,2017,0.1779
0305,2018,0.17739999
0305,2019,0.17640001
0305,2020,0.1761
0305,2021,0.1785
0305,2022,0.1777
0305,2023,0.17910001
0305,2024,0.1805
0305,2025,0.18080001
0319,2006,0.19310001
0319,2007,0.19589999
0319,2008,0.19949999
0319,2009,0.2069
0319,2010,0.21080001
0319,2011,0.2189
0319,2012,0.2246
0319,2013,0.23
0319,2014,0.2348
0319,2015,0.2326
0319,2016,0.2332
0319,2017,0.2375
0319,2018,0.2413
0319,2019,0.24429999
0319,2020,0.2441
0319,2021,0.2467
0319,2022,0.24690001
0319,2023,0.25189999
0319,2024,0.255
0319,2025,0.25319999
0330,2006,0.1043
0330,2007,0.1031
0330,2008,0.1074
0330,2009,0.1134
0330,2010,0.118
0330,2011,0.1218
0330,2012,0.1252
0330,2013,0.13160001
0330,2014,0.1358
0330,2015,0.13609999
0330,2016,0.1362
0330,2017,0.1347
0330,2018,0.1347
0330,2019,0.1371
0330,2020,0.1383
0330,2021,0.1373
0330,2022,0.13789999
0330,2023,0.1391
0330,2024,0.13869999
0330,2025,0.139
0331,2006,0.2035
0331,2007,0.2062
0331,2008,0.2094
0331,2009,0.2138
0331,2010,0.21950001
0331,2011,0.2238
0331,2012,0.2316
0331,2013,0.2358
0331,2014,0.2388
0331,2015,0.2413
0331,2016,0.242
0331,2017,0.241
0331,2018,0.2447
0331,2019,0.2428
0331,2020,0.2464
0331,2021,0.24600001
0331,2022,0.248
0331,2023,0.25220001
0331,2024,0.259
0331,2025,0.26289999
0360,2006,0.2077
0360,2007,0.2105
0360,2008,0.21179999
0360,2009,0.2168
0360,2010,0.22149999
0360,2011,0.2255
0360,2012,0.22920001
0360,2013,0.2352
0360,2014,0.23649999
0360,2015,0.23639999
0360,2016,0.2361
0360,2017,0.23639999
0360,2018,0.236
0360,2019,0.2388
0360,2020,0.23909999
0360,2021,0.2397
0360,2022,0.2423
0360,2023,0.2491
0360,2024,0.25240001
0360,2025,0.25569999
0380,2006,0.1346
0380,2007,0.1371
0380,2008,0.1397
0380,2009,0.1432
0380,2010,0.14740001
0380,2011,0.15189999
0380,2012,0.1557
0380,2013,0.15979999
0380,2014,0.1631
0380,2015,0.1655
0380,2016,0.16670001
0380,2017,0.16689999
0380,2018,0.1673
0380,2019,0.1674
0380,2020,0.168
0380,2021,0.1692
0380,2022,0.1696
0380,2023,0.1706
0380,2024,0.17200001
0380,2025,0.1742
0381,2006,0.1761
0381,2007,0.1787
0381,2008,0.1831
0381,2009,0.1881
0381,2010,0.1925
0381,2011,0.1962
0381,2012,0.2017
0381,2013,0.206
0381,2014,0.2098
0381,2015,0.2105
0381,2016,0.2076
0381,2017,0.208
0381,2018,0.2078
0381,2019,0.20720001
0381,2020,0.20640001
0381,2021,0.2053
0381,2022,0.20559999
0381,2023,0.208
0381,2024,0.21080001
0381,2025,0.21250001
0382,2006,0.2014
0382,2007,0.2049
0382,2008,0.21179999
0382,2009,0.2177
0382,2010,0.22409999
0382,2011,0.2297
0382,2012,0.2362
0382,2013,0.2438
0382,2014,0.2525
0382,2015,0.25709999
0382,2016,0.2595
0382,2017,0.26429999
0382,2018,0.26809999
0382,2019,0.27239999
0382,2020,0.27599999
0382,2021,0.27970001
0382,2022,0.2841
0382,2023,0.28799999
0382,2024,0.29030001
0382,2025,0.2929
0428,2006,0.198
0428,2007,0.2051
0428,2008,0.2096
0428,2009,0.21619999
0428,2010,0.22499999
0428,2011,0.23270001
0428,2012,0.2447
0428,2013,0.2494
0428,2014,0.25440001
0428,2015,0.25580001
0428,2016,0.25580001
0428,2017,0.25819999
0428,2018,0.26100001
0428,2019,0.26300001
0428,2020,0.2615
0428,2021,0.26550001
0428,2022,0.2712
0428,2023,0.27379999
0428,2024,0.28169999
0428,2025,0.28600001
0461,2006,0.1725
0461,2007,0.176
0461,2008,0.18080001
0461,2009,0.1884
0461,2010,0.1964
0461,2011,0.2057
0461,2012,0.2115
0461,2013,0.2159
0461,2014,0.2207
0461,2015,0.2264
0461,2016,0.2271
0461,2017,0.22930001
0461,2018,0.233
0461,2019,0.23370001
0461,2020,0.2362
0461,2021,0.2377
0461,2022,0.2401
0461,2023,0.24339999
0461,2024,0.2485
0461,2025,0.25409999
0480,2006,0.2017
0480,2007,0.2041
0480,2008,0.2078
0480,2009,0.2142
0480,2010,0.21799999
0480,2011,0.2226
0480,2012,0.2274
0480,2013,0.2306
0480,2014,0.23379999
0480,2015,0.23649999
0480,2016,0.23710001
0480,2017,0.23649999
0480,2018,0.23729999
0480,2019,0.23800001
0480,2020,0.23810001
0480,2021,0.2386
0480,2022,0.23980001
0480,2023,0.241
0480,2024,0.2438
0480,2025,0.2481
0481,2006,0.2265
0481,2007,0.23280001
0481,2008,0.2419
0481,2009,0.25040001
0481,2010,0.25799999
0481,2011,0.26589999
0481,2012,0.27309999
0481,2013,0.27430001
0481,2014,0.27500001
0481,2015,0.27599999
0481,2016,0.27520001
0481,2017,0.27590001
0481,2018,0.27680001
0481,2019,0.27919999
0481,2020,0.27739999
0481,2021,0.27720001
0481,2022,0.28060001
0481,2023,0.2823
0481,2024,0.2818
0481,2025,0.2832
0482,2006,0.2146
0482,2007,0.2194
0482,2008,0.2242
0482,2009,0.22939999
0482,2010,0.2369
0482,2011,0.2462
0482,2012,0.2527
0482,2013,0.2579
0482,2014,0.264
0482,2015,0.26620001
0482,2016,0.26730001
0482,2017,0.27039999
0482,2018,0.2746
0482,2019,0.27520001
0482,2020,0.2793
0482,2021,0.28600001
0482,2022,0.2915
0482,2023,0.2985
0482,2024,0.30399999
0482,2025,0.3089
0483,2006,0.20110001
0483,2007,0.20280001
0483,2008,0.20469999
0483,2009,0.2071
0483,2010,0.2123
0483,2011,0.21510001
0483,2012,0.2189
0483,2013,0.2217
0483,2014,0.2238
0483,2015,0.22499999
0483,2016,0.2262
0483,2017,0.2273
0483,2018,0.228
0483,2019,0.2295
0483,2020,0.2305
0483,2021,0.233
0483,2022,0.23549999
0483,2023,0.24079999
0483,2024,0.2445
0483,2025,0.2476
0484,2006,0.1793
0484,2007,0.17919999
0484,2008,0.1803
0484,2009,0.1842
0484,2010,0.1876
0484,2011,0.1901
0484,2012,0.19310001
0484,2013,0.1952
0484,2014,0.1965
0484,2015,0.19760001
0484,2016,0.1969
0484,2017,0.197
0484,2018,0.1961
0484,2019,0.1969
0484,2020,0.19859999
0484,2021,0.1998
0484,2022,0.20110001
0484,2023,0.20370001
0484,2024,0.20649999
0484,2025,0.2095
0486,2006,0.1736
0486,2007,0.17739999
0486,2008,0.1816
0486,2009,0.1876
0486,2010,0.19499999
0486,2011,0.20039999
0486,2012,0.2078
0486,2013,0.21259999
0486,2014,0.21780001
0486,2015,0.2209
0486,2016,0.2221
0486,2017,0.2247
0486,2018,0.2264
0486,2019,0.2251
0486,2020,0.22570001
0486,2021,0.2264
0486,2022,0.2281
0486,2023,0.23109999
0486,2024,0.234
0486,2025,0.2367
0488,2006,0.1583
0488,2007,0.169
0488,2008,0.1744
0488,2009,0.1846
0488,2010,0.19310001
0488,2011,0.2034
0488,2012,0.21160001
0488,2013,0.2192
0488,2014,0.2295
0488,2015,0.23729999
0488,2016,0.2406
0488,2017,0.2429
0488,2018,0.2438
0488,2019,0.24439999
0488,2020,0.2446
0488,2021,0.24510001
0488,2022,0.2473
0488,2023,0.2518
0488,2024,0.257
0488,2025,0.26179999
0509,2006,0.2111
0509,2007,0.2132
0509,2008,0.2174
0509,2009,0.2255
0509,2010,0.23450001
0509,2011,0.2437
0509,2012,0.25080001
0509,2013,0.25799999
0509,2014,0.2651
0509,2015,0.2723
0509,2016,0.271
0509,2017,0.27160001
0509,2018,0.27410001
0509,2019,0.2726
0509,2020,0.27610001
0509,2021,0.2807
0509,2022,0.2859
0509,2023,0.28870001
0509,2024,0.29409999
0509,2025,0.29159999
0512,2006,0.2287
0512,2007,0.23190001
0512,2008,0.23559999
0512,2009,0.2432
0512,2010,0.2462
0512,2011,0.25799999
0512,2012,0.26910001
0512,2013,0.27430001
0512,2014,0.27900001
0512,2015,0.28400001
0512,2016,0.28929999
0512,2017,0.28420001
0512,2018,0.29010001
0512,2019,0.29840001
0512,2020,0.303
0512,2021,0.31470001
0512,2022,0.3215
0512,2023,0.32609999
0512,2024,0.32600001
0512,2025,0.33019999
0513,2006,0.2119
0513,2007,0.2167
0513,2008,0.22229999
0513,2009,0.2277
0513,2010,0.2331
0513,2011,0.2376
0513,2012,0.24160001
0513,2013,0.24420001
0513,2014,0.24869999
0513,2015,0.2554
0513,2016,0.2588
0513,2017,0.2626
0513,2018,0.26499999
0513,2019,0.26969999
0513,2020,0.2719
0513,2021,0.27309999
0513,2022,0.27320001
0513,2023,0.27689999
0513,2024,0.28200001
0513,2025,0.28380001
0560,2006,0.2069
0560,2007,0.2068
0560,2008,0.20990001
0560,2009,0.2174
0560,2010,0.22490001
0560,2011,0.2269
0560,2012,0.234
0560,2013,0.2412
0560,2014,0.24259999
0560,2015,0.2498
0560,2016,0.25440001
0560,2017,0.25600001
0560,2018,0.25929999
0560,2019,0.26210001
0560,2020,0.26980001
0560,2021,0.2701
0560,2022,0.26899999
0560,2023,0.27070001
0560,2024,0.2703
0560,2025,0.27450001
0561,2006,0.2061
0561,2007,0.21259999
0561,2008,0.21610001
0561,2009,0.222
0561,2010,0.2288
0561,2011,0.2332
0561,2012,0.2413
0561,2013,0.24420001
0561,2014,0.2485
0561,2015,0.2507
0561,2016,0.2527
0561,2017,0.2559
0561,2018,0.26190001
0561,2019,0.2651
0561,2020,0.26699999
0561,2021,0.26789999
0561,2022,0.26710001
0561,2023,0.26969999
0561,2024,0.27039999
0561,2025,0.27149999
0562,2006,0.2122
0562,2007,0.2155
0562,2008,0.2217
0562,2009,0.2244
0562,2010,0.2305
0562,2011,0.2359
0562,2012,0.2388
0562,2013,0.2403
0562,2014,0.24330001
0562,2015,0.2463
0562,2016,0.2446
0562,2017,0.24680001
0562,2018,0.2466
0562,2019,0.24690001
0562,2020,0.2493
0562,2021,0.2489
0562,2022,0.2491
0562,2023,0.25279999
0562,2024,0.2552
0562,2025,0.2563
0563,2006,0.22059999
0563,2007,0.2256
0563,2008,0.2323
0563,2009,0.245
0563,2010,0.2597
0563,2011,0.2728
0563,2012,0.28479999
0563,2013,0.2915
0563,2014,0.29969999
0563,2015,0.30689999
0563,2016,0.3064
0563,2017,0.30899999
0563,2018,0.31349999
0563,2019,0.3145
0563,2020,0.31900001
0563,2021,0.32359999
0563,2022,0.32769999
0563,2023,0.32969999
0563,2024,0.33140001
0563,2025,0.33559999
0580,2006,0.161
0580,2007,0.1617
0580,2008,0.16240001
0580,2009,0.1631
0580,2010,0.1646
0580,2011,0.1684
0580,2012,0.17039999
0580,2013,0.1715
0580,2014,0.17299999
0580,2015,0.1745
0580,2016,0.1744
0580,2017,0.17380001
0580,2018,0.17380001
0580,2019,0.17389999
0580,2020,0.1741
0580,2021,0.1754
0580,2022,0.1767
0580,2023,0.17910001
0580,2024,0.1814
0580,2025,0.1832
0581,2006,0.1718
0581,2007,0.1727
0581,2008,0.1741
0581,2009,0.176
0581,2010,0.1798
0581,2011,0.1842
0581,2012,0.18619999
0581,2013,0.1877
0581,2014,0.1894
0581,2015,0.1902
0581,2016,0.1891
0581,2017,0.1894
0581,2018,0.19069999
0581,2019,0.19149999
0581,2020,0.1928
0581,2021,0.1937
0581,2022,0.1946
0581,2023,0.1971
0581,2024,0.1998
0581,2025,0.2025
0582,2006,0.1767
0582,2007,0.1832
0582,2008,0.1919
0582,2009,0.20029999
0582,2010,0.2111
0582,2011,0.2167
0582,2012,0.22220001
0582,2013,0.226
0582,2014,0.2307
0582,2015,0.2384
0582,2016,0.2413
0582,2017,0.2406
0582,2018,0.2457
0582,2019,0.25040001
0582,2020,0.25319999
0582,2021,0.25670001
0582,2022,0.2588
0582,2023,0.2606
0582,2024,0.264
0582,2025,0.2678
0583,2006,0.1882
0583,2007,0.1903
0583,2008,0.19509999
0583,2009,0.1998
0583,2010,0.2042
0583,2011,0.2103
0583,2012,0.21430001
0583,2013,0.2174
0583,2014,0.22050001
0583,2015,0.2225
0583,2016,0.2254
0583,2017,0.2272
0583,2018,0.2286
0583,2019,0.2323
0583,2020,0.2349
0583,2021,0.2367
0583,2022,0.24160001
0583,2023,0.24609999
0583,2024,0.2511
0583,2025,0.2559
0584,2006,0.2317
0584,2007,0.24259999
0584,2008,0.2502
0584,2009,0.2613
0584,2010,0.26879999
0584,2011,0.28099999
0584,2012,0.2886
0584,2013,0.29809999
0584,2014,0.30829999
0584,2015,0.3132
0584,2016,0.31510001
0584,2017,0.31150001
0584,2018,0.31200001
0584,2019,0.3193
0584,2020,0.3251
0584,2021,0.3281
0584,2022,0.33239999
0584,2023,0.33739999
0584,2024,0.3371
0584,2025,0.34560001
0586,2006,0.1873
0586,2007,0.19059999
0586,2008,0.19400001
0586,2009,0.1983
0586,2010,0.2013
0586,2011,0.20469999
0586,2012,0.2086
0586,2013,0.2128
0586,2014,0.2172
0586,2015,0.2186
0586,2016,0.21780001
0586,2017,0.2159
0586,2018,0.2156
0586,2019,0.21349999
0586,2020,0.2128
0586,2021,0.214
0586,2022,0.2166
0586,2023,0.2174
0586,2024,0.21950001
0586,2025,0.22059999
0604,2006,0.1867
0604,2007,0.192
0604,2008,0.1929
0604,2009,0.1992
0604,2010,0.20370001
0604,2011,0.2041
0604,2012,0.2096
0604,2013,0.2173
0604,2014,0.22319999
0604,2015,0.22149999
0604,2016,0.2217
0604,2017,0.21780001
0604,2018,0.2201
0604,2019,0.223
0604,2020,0.2274
0604,2021,0.23029999
0604,2022,0.2378
0604,2023,0.242
0604,2024,0.24529999
0604,2025,0.24779999
0617,2006,0.1564
0617,2007,0.1575
0617,2008,0.1602
0617,2009,0.1647
0617,2010,0.1701
0617,2011,0.177
0617,2012,0.18269999
0617,2013,0.1859
0617,2014,0.19140001
0617,2015,0.19599999
0617,2016,0.1989
0617,2017,0.19949999
0617,2018,0.20290001
0617,2019,0.2088
0617,2020,0.2124
0617,2021,0.2147
0617,2022,0.2192
0617,2023,0.2225
0617,2024,0.2274
0617,2025,0.2291
0642,2006,0.1617
0642,2007,0.1665
0642,2008,0.1723
0642,2009,0.18269999
0642,2010,0.19239999
0642,2011,0.2017
0642,2012,0.2096
0642,2013,0.2199
0642,2014,0.2269
0642,2015,0.2296
0642,2016,0.2324
0642,2017,0.2334
0642,2018,0.2357
0642,2019,0.2403
0642,2020,0.2429
0642,2021,0.24089999
0642,2022,0.24259999
0642,2023,0.24529999
0642,2024,0.2456
0642,2025,0.2467
0643,2006,0.1358
0643,2007,0.1392
0643,2008,0.1415
0643,2009,0.14830001
0643,2010,0.1534
0643,2011,0.1591
0643,2012,0.1637
0643,2013,0.1691
0643,2014,0.17309999
0643,2015,0.1735
0643,2016,0.17479999
0643,2017,0.17389999
0643,2018,0.17479999
0643,2019,0.17569999
0643,2020,0.1786
0643,2021,0.17990001
0643,2022,0.18359999
0643,2023,0.18440001
0643,2024,0.18619999
0643,2025,0.18610001
0662,2006,0.16760001
0662,2007,0.1696
0662,2008,0.1735
0662,2009,0.1789
0662,2010,0.1833
0662,2011,0.1893
0662,2012,0.1938
0662,2013,0.198
0662,2014,0.20110001
0662,2015,0.1998
0662,2016,0.2007
0662,2017,0.20200001
0662,2018,0.2024
0662,2019,0.20370001
0662,2020,0.20739999
0662,2021,0.2105
0662,2022,0.21359999
0662,2023,0.2208
0662,2024,0.2221
0662,2025,0.22589999
0665,2006,0.17560001
0665,2007,0.1761
0665,2008,0.1803
0665,2009,0.18359999
0665,2010,0.1881
0665,2011,0.18960001
0665,2012,0.19320001
0665,2013,0.19859999
0665,2014,0.20039999
0665,2015,0.20100001
0665,2016,0.2005
0665,2017,0.1999
0665,2018,0.1988
0665,2019,0.1971
0665,2020,0.19859999
0665,2021,0.19840001
0665,2022,0.1992
0665,2023,0.2017
0665,2024,0.20479999
0665,2025,0.2096
0680,2006,0.1743
0680,2007,0.175
0680,2008,0.17659999
0680,2009,0.1789
0680,2010,0.1813
0680,2011,0.1833
0680,2012,0.1858
0680,2013,0.1885
0680,2014,0.19050001
0680,2015,0.1911
0680,2016,0.1909
0680,2017,0.19
0680,2018,0.1893
0680,2019,0.189
0680,2020,0.18889999
0680,2021,0.1894
0680,2022,0.1894
0680,2023,0.19
0680,2024,0.1912
0680,2025,0.1937
0682,2006,0.20290001
0682,2007,0.20209999
0682,2008,0.2026
0682,2009,0.2059
0682,2010,0.20999999
0682,2011,0.213
0682,2012,0.2157
0682,2013,0.21709999
0682,2014,0.2168
0682,2015,0.2142
0682,2016,0.2128
0682,2017,0.2113
0682,2018,0.21179999
0682,2019,0.2133
0682,2020,0.21439999
0682,2021,0.21510001
0682,2022,0.2166
0682,2023,0.2189
0682,2024,0.22319999
0682,2025,0.22570001
0683,2006,0.1868
0683,2007,0.1873
0683,2008,0.19
0683,2009,0.1947
0683,2010,0.19850001
0683,2011,0.2001
0683,2012,0.20290001
0683,2013,0.2058
0683,2014,0.2066
0683,2015,0.2077
0683,2016,0.2077
0683,2017,0.2094
0683,2018,0.2102
0683,2019,0.2124
0683,2020,0.21520001
0683,2021,0.2176
0683,2022,0.2212
0683,2023,0.22570001
0683,2024,0.22930001
0683,2025,0.2331
0684,2006,0.2053
0684,2007,0.2071
0684,2008,0.21080001
0684,2009,0.2138
0684,2010,0.2155
0684,2011,0.2209
0684,2012,0.2264
0684,2013,0.22849999
0684,2014,0.2305
0684,2015,0.23280001
0684,2016,0.23370001
0684,2017,0.23360001
0684,2018,0.2339
0684,2019,0.2352
0684,2020,0.23459999
0684,2021,0.2357
0684,2022,0.2348
0684,2023,0.2367
0684,2024,0.2396
0684,2025,0.24349999
0685,2006,0.2053
0685,2007,0.2075
0685,2008,0.2106
0685,2009,0.2138
0685,2010,0.2166
0685,2011,0.22050001
0685,2012,0.22490001
0685,2013,0.2295
0685,2014,0.2308
0685,2015,0.2331
0685,2016,0.23280001
0685,2017,0.23370001
0685,2018,0.2376
0685,2019,0.2419
0685,2020,0.2414
0685,2021,0.243
0685,2022,0.24519999
0685,2023,0.2475
0685,2024,0.2498
0685,2025,0.25330001
0686,2006,0.21269999
0686,2007,0.21529999
0686,2008,0.221
0686,2009,0.2252
0686,2010,0.2296
0686,2011,0.2334
0686,2012,0.2376
0686,2013,0.241
0686,2014,0.2421
0686,2015,0.2447
0686,2016,0.24420001
0686,2017,0.2423
0686,2018,0.2436
0686,2019,0.24789999
0686,2020,0.2498
0686,2021,0.2534
0686,2022,0.2554
0686,2023,0.25940001
0686,2024,0.26289999
0686,2025,0.2647
0687,2006,0.21879999
0687,2007,0.2184
0687,2008,0.21969999
0687,2009,0.22579999
0687,2010,0.2286
0687,2011,0.2334
0687,2012,0.23810001
0687,2013,0.2404
0687,2014,0.2418
0687,2015,0.2439
0687,2016,0.24349999
0687,2017,0.2436
0687,2018,0.2429
0687,2019,0.2431
0687,2020,0.24600001
0687,2021,0.249
0687,2022,0.2493
0687,2023,0.2509
0687,2024,0.25549999
0687,2025,0.25799999
0760,2006,0.2243
0760,2007,0.2238
0760,2008,0.2236
0760,2009,0.2264
0760,2010,0.23100001
0760,2011,0.2335
0760,2012,0.2376
0760,2013,0.2403
0760,2014,0.2457
0760,2015,0.2466
0760,2016,0.2446
0760,2017,0.2448
0760,2018,0.23980001
0760,2019,0.2392
0760,2020,0.24250001
0760,2021,0.24529999
0760,2022,0.24519999
0760,2023,0.25009999
0760,2024,0.2545
0760,2025,0.2597
0761,2006,0.1979
0761,2007,0.2001
0761,2008,0.2023
0761,2009,0.20720001
0761,2010,0.215
0761,2011,0.22310001
0761,2012,0.2299
0761,2013,0.2361
0761,2014,0.2353
0761,2015,0.22830001
0761,2016,0.2274
0761,2017,0.227
0761,2018,0.2282
0761,2019,0.23119999
0761,2020,0.2352
0761,2021,0.2394
0761,2022,0.24699999
0761,2023,0.25099999
0761,2024,0.25420001
0761,2025,0.2588
0763,2006,0.24519999
0763,2007,0.2483
0763,2008,0.25319999
0763,2009,0.26050001
0763,2010,0.26620001
0763,2011,0.2687
0763,2012,0.2721
0763,2013,0.2737
0763,2014,0.2771
0763,2015,0.27540001
0763,2016,0.27360001
0763,2017,0.27489999
0763,2018,0.27919999
0763,2019,0.28009999
0763,2020,0.27970001
0763,2021,0.28510001
0763,2022,0.28619999
0763,2023,0.29030001
0763,2024,0.29730001
0763,2025,0.3026
0764,2006,0.19410001
0764,2007,0.1936
0764,2008,0.198
0764,2009,0.2031
0764,2010,0.2049
0764,2011,0.2089
0764,2012,0.2102
0764,2013,0.21080001
0764,2014,0.2132
0764,2015,0.2158
0764,2016,0.2177
0764,2017,0.2192
0764,2018,0.22229999
0764,2019,0.2243
0764,2020,0.2228
0764,2021,0.22669999
0764,2022,0.2282
0764,2023,0.2326
0764,2024,0.23720001
0764,2025,0.24150001
0765,2006,0.2034
0765,2007,0.20290001
0765,2008,0.2022
0765,2009,0.2018
0765,2010,0.20479999
0765,2011,0.2079
0765,2012,0.20730001
0765,2013,0.2102
0765,2014,0.2123
0765,2015,0.21080001
0765,2016,0.2089
0765,2017,0.2017
0765,2018,0.1983
0765,2019,0.1996
0765,2020,0.1982
0765,2021,0.2005
0765,2022,0.19949999
0765,2023,0.2017
0765,2024,0.20819999
0765,2025,0.21250001
0767,2006,0.21950001
0767,2007,0.22220001
0767,2008,0.2265
0767,2009,0.2324
0767,2010,0.23810001
0767,2011,0.2467
0767,2012,0.2536
0767,2013,0.2577
0767,2014,0.25909999
0767,2015,0.25670001
0767,2016,0.2525
0767,2017,0.25139999
0767,2018,0.25009999
0767,2019,0.2511
0767,2020,0.2509
0767,2021,0.25029999
0767,2022,0.2538
0767,2023,0.25279999
0767,2024,0.25580001
0767,2025,0.2577
0780,2006,0.1621
0780,2007,0.16429999
0780,2008,0.16590001
0780,2009,0.169
0780,2010,0.1724
0780,2011,0.17659999
0780,2012,0.17919999
0780,2013,0.18170001
0780,2014,0.1839
0780,2015,0.1857
0780,2016,0.1867
0780,2017,0.1864
0780,2018,0.18629999
0780,2019,0.1867
0780,2020,0.1876
0780,2021,0.18780001
0780,2022,0.1884
0780,2023,0.19069999
0780,2024,0.19220001
0780,2025,0.1943
0781,2006,0.1982
0781,2007,0.1996
0781,2008,0.2018
0781,2009,0.20649999
0781,2010,0.2111
0781,2011,0.2168
0781,2012,0.221
0781,2013,0.2263
0781,2014,0.2287
0781,2015,0.23019999
0781,2016,0.2308
0781,2017,0.2317
0781,2018,0.2331
0781,2019,0.2357
0781,2020,0.237
0781,2021,0.24089999
0781,2022,0.24169999
0781,2023,0.2448
0781,2024,0.24869999
0781,2025,0.2509
0821,2006,0.2306
0821,2007,0.23639999
0821,2008,0.2383
0821,2009,0.24250001
0821,2010,0.25240001
0821,2011,0.25490001
0821,2012,0.2613
0821,2013,0.26089999
0821,2014,0.25749999
0821,2015,0.25659999
0821,2016,0.24609999
0821,2017,0.2456
0821,2018,0.25240001
0821,2019,0.25690001
0821,2020,0.26660001
0821,2021,0.2746
0821,2022,0.28279999
0821,2023,0.29789999
0821,2024,0.3048
0821,2025,0.3188
0834,2006,0.22499999
0834,2007,0.22939999
0834,2008,0.22920001
0834,2009,0.2332
0834,2010,0.23899999
0834,2011,0.25040001
0834,2012,0.2604
0834,2013,0.26679999
0834,2014,0.27360001
0834,2015,0.27559999
0834,2016,0.27520001
0834,2017,0.27579999
0834,2018,0.27970001
0834,2019,0.28119999
0834,2020,0.2843
0834,2021,0.2897
0834,2022,0.294
0834,2023,0.2956
0834,2024,0.30250001
0834,2025,0.3114
0840,2006,0.20460001
0840,2007,0.2105
0840,2008,0.2159
0840,2009,0.21950001
0840,2010,0.2235
0840,2011,0.2272
0840,2012,0.2353
0840,2013,0.24510001
0840,2014,0.25279999
0840,2015,0.2586
0840,2016,0.26109999
0840,2017,0.26230001
0840,2018,0.2656
0840,2019,0.27110001
0840,2020,0.27509999
0840,2021,0.27869999
0840,2022,0.28400001
0840,2023,0.2861
0840,2024,0.28819999
0840,2025,0.29210001
0860,2006,0.2341
0860,2007,0.23459999
0860,2008,0.23989999
0860,2009,0.2474
0860,2010,0.25150001
0860,2011,0.2552
0860,2012,0.26120001
0860,2013,0.2631
0860,2014,0.2622
0860,2015,0.26249999
0860,2016,0.25189999
0860,2017,0.2538
0860,2018,0.259
0860,2019,0.26339999
0860,2020,0.2692
0860,2021,0.27379999
0860,2022,0.27219999
0860,2023,0.28029999
0860,2024,0.28650001
0860,2025,0.29350001
0861,2006,0.2095
0861,2007,0.2139
0861,2008,0.21969999
0861,2009,0.2261
0861,2010,0.233
0861,2011,0.2397
0861,2012,0.24519999
0861,2013,0.2475
0861,2014,0.24950001
0861,2015,0.24959999
0861,2016,0.2499
0861,2017,0.25040001
0861,2018,0.2529
0861,2019,0.2579
0861,2020,0.26190001
0861,2021,0.2669
0861,2022,0.2712
0861,2023,0.2764
0861,2024,0.28150001
0861,2025,0.2834
0862,2006,0.2282
0862,2007,0.23289999
0862,2008,0.2376
0862,2009,0.2456
0862,2010,0.25080001
0862,2011,0.2588
0862,2012,0.2638
0862,2013,0.26820001
0862,2014,0.26809999
0862,2015,0.26910001
0862,2016,0.26449999
0862,2017,0.2647
0862,2018,0.26859999
0862,2019,0.2678
0862,2020,0.27200001
0862,2021,0.2762
0862,2022,0.27959999
0862,2023,0.285
0862,2024,0.28979999
0862,2025,0.29629999
0880,2006,0.17380001
0880,2007,0.1749
0880,2008,0.17749999
0880,2009,0.1794
0880,2010,0.1831
0880,2011,0.1884
0880,2012,0.19050001
0880,2013,0.19310001
0880,2014,0.1961
0880,2015,0.1969
0880,2016,0.19760001
0880,2017,0.1983
0880,2018,0.19939999
0880,2019,0.2006
0880,2020,0.2017
0880,2021,0.20290001
0880,2022,0.20209999
0880,2023,0.2031
0880,2024,0.20479999
0880,2025,0.20730001
0881,2006,0.2207
0881,2007,0.2247
0881,2008,0.22759999
0881,2009,0.23540001
0881,2010,0.23890001
0881,2011,0.24160001
0881,2012,0.245
0881,2013,0.2489
0881,2014,0.2492
0881,2015,0.25049999
0881,2016,0.2438
0881,2017,0.2449
0881,2018,0.24590001
0881,2019,0.25009999
0881,2020,0.2509
0881,2021,0.2502
0881,2022,0.2516
0881,2023,0.25209999
0881,2024,0.25639999
0881,2025,0.25920001
0882,2006,0.2006
0882,2007,0.2051
0882,2008,0.2093
0882,2009,0.2139
0882,2010,0.22050001
0882,2011,0.2271
0882,2012,0.23029999
0882,2013,0.2341
0882,2014,0.2368
0882,2015,0.2384
0882,2016,0.2361
0882,2017,0.2406
0882,2018,0.2421
0882,2019,0.245
0882,2020,0.2466
0882,2021,0.24770001
0882,2022,0.2481
0882,2023,0.25130001
0882,2024,0.25369999
0882,2025,0.2561
0883,2006,0.2229
0883,2007,0.22589999
0883,2008,0.23270001
0883,2009,0.2376
0883,2010,0.2463
0883,2011,0.25330001
0883,2012,0.25999999
0883,2013,0.26539999
0883,2014,0.26969999
0883,2015,0.27309999
0883,2016,0.27579999
0883,2017,0.27950001
0883,2018,0.2816
0883,2019,0.28639999
0883,2020,0.29089999
0883,2021,0.2951
0883,2022,0.29899999
0883,2023,0.30180001
0883,2024,0.3048
0883,2025,0.30630001
0884,2006,0.2023
0884,2007,0.20479999
0884,2008,0.20810001
0884,2009,0.21269999
0884,2010,0.2201
0884,2011,0.228
0884,2012,0.2342
0884,2013,0.23999999
0884,2014,0.2474
0884,2015,0.24529999
0884,2016,0.2439
0884,2017,0.2446
0884,2018,0.24609999
0884,2019,0.25049999
0884,2020,0.25260001
0884,2021,0.2563
0884,2022,0.2581
0884,2023,0.26069999
0884,2024,0.26629999
0884,2025,0.26809999
0885,2006,0.2608
0885,2007,0.26640001
0885,2008,0.27219999
0885,2009,0.2793
0885,2010,0.2899
0885,2011,0.30129999
0885,2012,0.30630001
0885,2013,0.31990001
0885,2014,0.3247
0885,2015,0.3337
0885,2016,0.3317
0885,2017,0.33939999
0885,2018,0.34509999
0885,2019,0.3567
0885,2020,0.36660001
0885,2021,0.37259999
0885,2022,0.3802
0885,2023,0.39039999
0885,2024,0.39579999
0885,2025,0.40650001
0980,2006,0.18889999
0980,2007,0.1947
0980,2008,0.20119999
0980,2009,0.2062
0980,2010,0.21340001
0980,2011,0.2208
0980,2012,0.22660001
0980,2013,0.23280001
0980,2014,0.2392
0980,2015,0.2447
0980,2016,0.24690001
0980,2017,0.25060001
0980,2018,0.25319999
0980,2019,0.25600001
0980,2020,0.26100001
0980,2021,0.2642
0980,2022,0.26789999
0980,2023,0.2721
0980,2024,0.27469999
0980,2025,0.27900001
1060,2006,0.2238
1060,2007,0.2272
1060,2008,0.2309
1060,2009,0.2377
1060,2010,0.24770001
1060,2011,0.25279999
1060,2012,0.2572
1060,2013,0.2613
1060,2014,0.26269999
1060,2015,0.26140001
1060,2016,0.25740001
1060,2017,0.25749999
1060,2018,0.25639999
1060,2019,0.25920001
1060,2020,0.26350001
1060,2021,0.26429999
1060,2022,0.26800001
1060,2023,0.2701
1060,2024,0.27379999
1060,2025,0.27610001
1080,2006,0.1881
1080,2007,0.18970001
1080,2008,0.19140001
1080,2009,0.1938
1080,2010,0.1964
1080,2011,0.2007
1080,2012,0.2066
1080,2013,0.2094
1080,2014,0.2115
1080,2015,0.212
1080,2016,0.2124
1080,2017,0.2146
1080,2018,0.2167
1080,2019,0.2193
1080,2020,0.2212
1080,2021,0.2225
1080,2022,0.2242
1080,2023,0.2271
1080,2024,0.2299
1080,2025,0.2318
1081,2006,0.20640001
1081,2007,0.20990001
1081,2008,0.21610001
1081,2009,0.2209
1081,2010,0.2269
1081,2011,0.2367
1081,2012,0.2418
1081,2013,0.24699999
1081,2014,0.24879999
1081,2015,0.24680001
1081,2016,0.24429999
1081,2017,0.244
1081,2018,0.2437
1081,2019,0.2464
1081,2020,0.24789999
1081,2021,0.2518
1081,2022,0.2525
1081,2023,0.25389999
1081,2024,0.25560001
1081,2025,0.25659999
1082,2006,0.2111
1082,2007,0.2157
1082,2008,0.22130001
1082,2009,0.2254
1082,2010,0.2316
1082,2011,0.2367
1082,2012,0.24070001
1082,2013,0.2431
1082,2014,0.24519999
1082,2015,0.2462
1082,2016,0.24590001
1082,2017,0.2458
1082,2018,0.24590001
1082,2019,0.24789999
1082,2020,0.24969999
1082,2021,0.252
1082,2022,0.25279999
1082,2023,0.25639999
1082,2024,0.2579
1082,2025,0.2613
1083,2006,0.2124
1083,2007,0.21709999
1083,2008,0.22149999
1083,2009,0.2297
1083,2010,0.2342
1083,2011,0.23909999
1083,2012,0.24330001
1083,2013,0.2483
1083,2014,0.25009999
1083,2015,0.25150001
1083,2016,0.25150001
1083,2017,0.25330001
1083,2018,0.25510001
1083,2019,0.25929999
1083,2020,0.26440001
1083,2021,0.2656
1083,2022,0.2687
1083,2023,0.27340001
1083,2024,0.2771
1083,2025,0.2802
1214,2006,0.15970001
1214,2007,0.1612
1214,2008,0.16590001
1214,2009,0.171
1214,2010,0.1754
1214,2011,0.1806
1214,2012,0.1857
1214,2013,0.1883
1214,2014,0.18799999
1214,2015,0.1838
1214,2016,0.18260001
1214,2017,0.1838
1214,2018,0.1837
1214,2019,0.17990001
1214,2020,0.1823
1214,2021,0.18269999
1214,2022,0.1837
1214,2023,0.1864
1214,2024,0.1856
1214,2025,0.18700001
1230,2006,0.1459
1230,2007,0.1529
1230,2008,0.1592
1230,2009,0.16760001
1230,2010,0.1735
1230,2011,0.17990001
1230,2012,0.182
1230,2013,0.18719999
1230,2014,0.189
1230,2015,0.1911
1230,2016,0.19059999
1230,2017,0.1892
1230,2018,0.1881
1230,2019,0.18350001
1230,2020,0.17990001
1230,2021,0.1796
1230,2022,0.17749999
1230,2023,0.1772
1230,2024,0.1771
1230,2025,0.17749999
1231,2006,0.16249999
1231,2007,0.1645
1231,2008,0.16779999
1231,2009,0.169
1231,2010,0.1707
1231,2011,0.1749
1231,2012,0.1767
1231,2013,0.1802
1231,2014,0.1793
1231,2015,0.1788
1231,2016,0.17900001
1231,2017,0.17829999
1231,2018,0.17739999
1231,2019,0.17290001
1231,2020,0.1716
1231,2021,0.16869999
1231,2022,0.1701
1231,2023,0.1716
1231,2024,0.1708
1231,2025,0.1707
1233,2006,0.16429999
1233,2007,0.1718
1233,2008,0.1813
1233,2009,0.18979999
1233,2010,0.1989
1233,2011,0.2059
1233,2012,0.2132
1233,2013,0.21870001
1233,2014,0.22390001
1233,2015,0.2256
1233,2016,0.22589999
1233,2017,0.22579999
1233,2018,0.2254
1233,2019,0.2281
1233,2020,0.2295
1233,2021,0.22830001
1233,2022,0.22930001
1233,2023,0.2324
1233,2024,0.2333
1233,2025,0.23549999
1256,2006,0.19320001
1256,2007,0.19769999
1256,2008,0.20460001
1256,2009,0.2111
1256,2010,0.2156
1256,2011,0.22130001
1256,2012,0.22660001
1256,2013,0.2286
1256,2014,0.2288
1256,2015,0.22669999
1256,2016,0.2233
1256,2017,0.2217
1256,2018,0.2198
1256,2019,0.2193
1256,2020,0.2194
1256,2021,0.22409999
1256,2022,0.22849999
1256,2023,0.2331
1256,2024,0.23890001
1256,2025,0.243
1257,2006,0.20559999
1257,2007,0.2087
1257,2008,0.21070001
1257,2009,0.2138
1257,2010,0.21780001
1257,2011,0.22409999
1257,2012,0.23289999
1257,2013,0.2383
1257,2014,0.24250001
1257,2015,0.24420001
1257,2016,0.2439
1257,2017,0.2427
1257,2018,0.24070001
1257,2019,0.2396
1257,2020,0.2368
1257,2021,0.23549999
1257,2022,0.2375
1257,2023,0.2377
1257,2024,0.2439
1257,2025,0.24600001
1260,2006,0.1639
1260,2007,0.164
1260,2008,0.1666
1260,2009,0.17020001
1260,2010,0.17389999
1260,2011,0.1776
1260,2012,0.1813
1260,2013,0.18629999
1260,2014,0.1877
1260,2015,0.19069999
1260,2016,0.1866
1260,2017,0.1856
1260,2018,0.1848
1260,2019,0.1846
1260,2020,0.1851
1260,2021,0.18700001
1260,2022,0.18529999
1260,2023,0.18539999
1260,2024,0.18529999
1260,2025,0.1866
1261,2006,0.1391
1261,2007,0.1437
1261,2008,0.14929999
1261,2009,0.155
1261,2010,0.1613
1261,2011,0.16779999
1261,2012,0.1749
1261,2013,0.18009999
1261,2014,0.1841
1261,2015,0.18539999
1261,2016,0.1866
1261,2017,0.1875
1261,2018,0.1867
1261,2019,0.1876
1261,2020,0.1867
1261,2021,0.1869
1261,2022,0.1881
1261,2023,0.1892
1261,2024,0.1913
1261,2025,0.19159999
1262,2006,0.17910001
1262,2007,0.184
1262,2008,0.1875
1262,2009,0.18970001
1262,2010,0.1965
1262,2011,0.20020001
1262,2012,0.2034
1262,2013,0.2062
1262,2014,0.2084
1262,2015,0.20900001
1262,2016,0.20819999
1262,2017,0.20720001
1262,2018,0.2053
1262,2019,0.20460001
1262,2020,0.2086
1262,2021,0.2104
1262,2022,0.21179999
1262,2023,0.2137
1262,2024,0.2177
1262,2025,0.2216
1263,2006,0.1356
1263,2007,0.1382
1263,2008,0.14139999
1263,2009,0.14749999
1263,2010,0.154
1263,2011,0.15970001
1263,2012,0.1636
1263,2013,0.1698
1263,2014,0.1733
1263,2015,0.176
1263,2016,0.1763
1263,2017,0.17640001
1263,2018,0.1789
1263,2019,0.17829999
1263,2020,0.17659999
1263,2021,0.175
1263,2022,0.1752
1263,2023,0.1777
1263,2024,0.17820001
1263,2025,0.17900001
1264,2006,0.16500001
1264,2007,0.1638
1264,2008,0.1684
1264,2009,0.1742
1264,2010,0.1821
1264,2011,0.1869
1264,2012,0.1913
1264,2013,0.19589999
1264,2014,0.2
1264,2015,0.20209999
1264,2016,0.2031
1264,2017,0.20370001
1264,2018,0.2052
1264,2019,0.2058
1264,2020,0.2071
1264,2021,0.2061
1264,2022,0.20649999
1264,2023,0.20469999
1264,2024,0.2067
1264,2025,0.20630001
1265,2006,0.1848
1265,2007,0.1868
1265,2008,0.1917
1265,2009,0.1965
1265,2010,0.2043
1265,2011,0.2105
1265,2012,0.21610001
1265,2013,0.2185
1265,2014,0.223
1265,2015,0.2265
1265,2016,0.2298
1265,2017,0.23010001
1265,2018,0.23190001
1265,2019,0.2342
1265,2020,0.2334
1265,2021,0.2343
1265,2022,0.2344
1265,2023,0.2379
1265,2024,0.2401
1265,2025,0.2427
1266,2006,0.18880001
1266,2007,0.1918
1266,2008,0.193
1266,2009,0.1963
1266,2010,0.20100001
1266,2011,0.20649999
1266,2012,0.2105
1266,2013,0.2137
1266,2014,0.2181
1266,2015,0.2199
1266,2016,0.2218
1266,2017,0.22139999
1266,2018,0.2227
1266,2019,0.22390001
1266,2020,0.227
1266,2021,0.23
1266,2022,0.2318
1266,2023,0.23630001
1266,2024,0.2419
1266,2025,0.24699999
1267,2006,0.17470001
1267,2007,0.175
1267,2008,0.18170001
1267,2009,0.1848
1267,2010,0.18709999
1267,2011,0.1926
1267,2012,0.19580001
1267,2013,0.1991
1267,2014,0.20100001
1267,2015,0.20299999
1267,2016,0.2045
1267,2017,0.2066
1267,2018,0.2079
1267,2019,0.20999999
1267,2020,0.2147
1267,2021,0.2173
1267,2022,0.21529999
1267,2023,0.21699999
1267,2024,0.22
1267,2025,0.2243
1270,2006,0.21610001
1270,2007,0.21619999
1270,2008,0.21709999
1270,2009,0.2219
1270,2010,0.2256
1270,2011,0.2308
1270,2012,0.2343
1270,2013,0.23710001
1270,2014,0.2403
1270,2015,0.24150001
1270,2016,0.2431
1270,2017,0.24519999
1270,2018,0.2466
1270,2019,0.25080001
1270,2020,0.25330001
1270,2021,0.25850001
1270,2022,0.26030001
1270,2023,0.26710001
1270,2024,0.27169999
1270,2025,0.27520001
1272,2006,0.1964
1272,2007,0.2025
1272,2008,0.2068
1272,2009,0.2102
1272,2010,0.215
1272,2011,0.2201
1272,2012,0.2247
1272,2013,0.2288
1272,2014,0.2324
1272,2015,0.23729999
1272,2016,0.2376
1272,2017,0.2429
1272,2018,0.24250001
1272,2019,0.2436
1272,2020,0.2466
1272,2021,0.2458
1272,2022,0.2474
1272,2023,0.252
1272,2024,0.25240001
1272,2025,0.25490001
1273,2006,0.21349999
1273,2007,0.21520001
1273,2008,0.2198
1273,2009,0.2247
1273,2010,0.22570001
1273,2011,0.233
1273,2012,0.2388
1273,2013,0.2423
1273,2014,0.24529999
1273,2015,0.2483
1273,2016,0.24690001
1273,2017,0.2493
1273,2018,0.2474
1273,2019,0.2509
1273,2020,0.2545
1273,2021,0.25470001
1273,2022,0.25709999
1273,2023,0.25979999
1273,2024,0.26370001
1273,2025,0.26620001
1275,2006,0.19499999
1275,2007,0.1939
1275,2008,0.1999
1275,2009,0.2042
1275,2010,0.2086
1275,2011,0.2069
1275,2012,0.2093
1275,2013,0.21250001
1275,2014,0.2129
1275,2015,0.2158
1275,2016,0.2159
1275,2017,0.2175
1275,2018,0.2138
1275,2019,0.2128
1275,2020,0.2165
1275,2021,0.2176
1275,2022,0.21780001
1275,2023,0.22310001
1275,2024,0.2256
1275,2025,0.2306
1276,2006,0.1934
1276,2007,0.1939
1276,2008,0.1974
1276,2009,0.2006
1276,2010,0.2026
1276,2011,0.207
1276,2012,0.2123
1276,2013,0.2168
1276,2014,0.2236
1276,2015,0.2255
1276,2016,0.2252
1276,2017,0.2236
1276,2018,0.2255
1276,2019,0.22570001
1276,2020,0.2245
1276,2021,0.22400001
1276,2022,0.2242
1276,2023,0.228
1276,2024,0.22849999
1276,2025,0.2289
1277,2006,0.15369999
1277,2007,0.15549999
1277,2008,0.1577
1277,2009,0.16329999
1277,2010,0.1673
1277,2011,0.1699
1277,2012,0.1728
1277,2013,0.178
1277,2014,0.18089999
1277,2015,0.1831
1277,2016,0.1814
1277,2017,0.1802
1277,2018,0.1789
1277,2019,0.18080001
1277,2020,0.1769
1277,2021,0.1744
1277,2022,0.17550001
1277,2023,0.1744
1277,2024,0.176
1277,2025,0.177
1278,2006,0.2483
1278,2007,0.2536
1278,2008,0.26010001
1278,2009,0.26660001
1278,2010,0.27340001
1278,2011,0.2827
1278,2012,0.28889999
1278,2013,0.29460001
1278,2014,0.29769999
1278,2015,0.30109999
1278,2016,0.29929999
1278,2017,0.3037
1278,2018,0.3062
1278,2019,0.30809999
1278,2020,0.3116
1278,2021,0.31189999
1278,2022,0.31209999
1278,2023,0.3163
1278,2024,0.3184
1278,2025,0.32080001
1280,2006,0.1656
1280,2007,0.16249999
1280,2008,0.1596
1280,2009,0.1574
1280,2010,0.1557
1280,2011,0.15549999
1280,2012,0.1551
1280,2013,0.15449999
1280,2014,0.1538
1280,2015,0.154
1280,2016,0.1532
1280,2017,0.1525
1280,2018,0.15180001
1280,2019,0.1516
1280,2020,0.1513
1280,2021,0.1513
1280,2022,0.1516
1280,2023,0.15189999
1280,2024,0.15279999
1280,2025,0.15440001
1281,2006,0.1313
1281,2007,0.134
1281,2008,0.13689999
1281,2009,0.14030001
1281,2010,0.14480001
1281,2011,0.1489
1281,2012,0.1525
1281,2013,0.15539999
1281,2014,0.15790001
1281,2015,0.16140001
1281,2016,0.16429999
1281,2017,0.16509999
1281,2018,0.1675
1281,2019,0.1684
1281,2020,0.17
1281,2021,0.17120001
1281,2022,0.17219999
1281,2023,0.1728
1281,2024,0.17460001
1281,2025,0.1769
1282,2006,0.18610001
1282,2007,0.1867
1282,2008,0.1886
1282,2009,0.19050001
1282,2010,0.1917
1282,2011,0.1947
1282,2012,0.1962
1282,2013,0.1972
1282,2014,0.1989
1282,2015,0.20110001
1282,2016,0.20020001
1282,2017,0.1998
1282,2018,0.2013
1282,2019,0.2041
1282,2020,0.206
1282,2021,0.2077
1282,2022,0.20810001
1282,2023,0.2101
1282,2024,0.213
1282,2025,0.21619999
1283,2006,0.1762
1283,2007,0.17640001
1283,2008,0.1781
1283,2009,0.18080001
1283,2010,0.183
1283,2011,0.185
1283,2012,0.186
1283,2013,0.18780001
1283,2014,0.1886
1283,2015,0.189
1283,2016,0.1886
1283,2017,0.1873
1283,2018,0.1867
1283,2019,0.1868
1283,2020,0.18719999
1283,2021,0.1885
1283,2022,0.18979999
1283,2023,0.19149999
1283,2024,0.1944
1283,2025,0.197
1284,2006,0.2085
1284,2007,0.214
1284,2008,0.21780001
1284,2009,0.22480001
1284,2010,0.2306
1284,2011,0.2374
1284,2012,0.2428
1284,2013,0.24779999
1284,2014,0.25510001
1284,2015,0.25780001
1284,2016,0.2613
1284,2017,0.26230001
1284,2018,0.26440001
1284,2019,0.26640001
1284,2020,0.27059999
1284,2021,0.27219999
1284,2022,0.27090001
1284,2023,0.2748
1284,2024,0.27540001
1284,2025,0.2784
1285,2006,0.1664
1285,2007,0.16760001
1285,2008,0.1682
1285,2009,0.17200001
1285,2010,0.1758
1285,2011,0.1776
1285,2012,0.1814
1285,2013,0.1831
1285,2014,0.1847
1285,2015,0.18629999
1285,2016,0.18619999
1285,2017,0.18619999
1285,2018,0.18629999
1285,2019,0.18709999
1285,2020,0.18719999
1285,2021,0.1866
1285,2022,0.18709999
1285,2023,0.18799999
1285,2024,0.191
1285,2025,0.1925
1286,2006,0.22570001
1286,2007,0.2289
1286,2008,0.2326
1286,2009,0.2376
1286,2010,0.2418
1286,2011,0.24690001
1286,2012,0.25170001
1286,2013,0.25650001
1286,2014,0.26159999
1286,2015,0.26370001
1286,2016,0.26499999
1286,2017,0.26930001
1286,2018,0.27129999
1286,2019,0.2746
1286,2020,0.27860001
1286,2021,0.28
1286,2022,0.28240001
1286,2023,0.28549999
1286,2024,0.28850001
1286,2025,0.29139999
1287,2006,0.1875
1287,2007,0.1894
1287,2008,0.192
1287,2009,0.1956
1287,2010,0.19859999
1287,2011,0.2023
1287,2012,0.2066
1287,2013,0.2103
1287,2014,0.2129
1287,2015,0.21439999
1287,2016,0.21510001
1287,2017,0.21430001
1287,2018,0.2145
1287,2019,0.2142
1287,2020,0.2145
1287,2021,0.2148
1287,2022,0.2156
1287,2023,0.2164
1287,2024,0.2201
1287,2025,0.22139999
1290,2006,0.18700001
1290,2007,0.1884
1290,2008,0.1908
1290,2009,0.19400001
1290,2010,0.1978
1290,2011,0.2026
1290,2012,0.20640001
1290,2013,0.20900001
1290,2014,0.21089999
1290,2015,0.21269999
1290,2016,0.21359999
1290,2017,0.21439999
1290,2018,0.2159
1290,2019,0.21690001
1290,2020,0.2183
1290,2021,0.21969999
1290,2022,0.2218
1290,2023,0.2237
1290,2024,0.2277
1290,2025,0.2314
1291,2006,0.25799999
1291,2007,0.26440001
1291,2008,0.26890001
1291,2009,0.2775
1291,2010,0.28400001
1291,2011,0.29370001
1291,2012,0.30070001
1291,2013,0.30939999
1291,2014,0.31830001
1291,2015,0.32460001
1291,2016,0.3233
1291,2017,0.32749999
1291,2018,0.33410001
1291,2019,0.3418
1291,2020,0.3436
1291,2021,0.3493
1291,2022,0.35550001
1291,2023,0.36109999
1291,2024,0.36430001
1291,2025,0.37169999
1292,2006,0.19949999
1292,2007,0.2023
1292,2008,0.2062
1292,2009,0.211
1292,2010,0.2155
1292,2011,0.22040001
1292,2012,0.2246
1292,2013,0.2287
1292,2014,0.23280001
1292,2015,0.2352
1292,2016,0.2359
1292,2017,0.23630001
1292,2018,0.23649999
1292,2019,0.2395
1292,2020,0.23899999
1292,2021,0.2401
1292,2022,0.2405
1292,2023,0.2427
1292,2024,0.2463
1292,2025,0.2491
1293,2006,0.2
1293,2007,0.2018
1293,2008,0.2057
1293,2009,0.2104
1293,2010,0.215
1293,2011,0.2208
1293,2012,0.2233
1293,2013,0.2264
1293,2014,0.2287
1293,2015,0.2306
1293,2016,0.2309
1293,2017,0.2314
1293,2018,0.233
1293,2019,0.23360001
1293,2020,0.23459999
1293,2021,0.2351
1293,2022,0.2348
1293,2023,0.23639999
1293,2024,0.2401
1293,2025,0.2421
1315,2006,0.20100001
1315,2007,0.2005
1315,2008,0.2033
1315,2009,0.20370001
1315,2010,0.2104
1315,2011,0.2141
1315,2012,0.2176
1315,2013,0.22130001
1315,2014,0.2189
1315,2015,0.2172
1315,2016,0.2103
1315,2017,0.21359999
1315,2018,0.2165
1315,2019,0.2211
1315,2020,0.22579999
1315,2021,0.22930001
1315,2022,0.23379999
1315,2023,0.2367
1315,2024,0.2397
1315,2025,0.2438
1380,2006,0.18179999
1380,2007,0.1842
1380,2008,0.1873
1380,2009,0.19050001
1380,2010,0.19329999
1380,2011,0.19750001
1380,2012,0.20020001
1380,2013,0.20280001
1380,2014,0.2043
1380,2015,0.2052
1380,2016,0.20469999
1380,2017,0.2049
1380,2018,0.20550001
1380,2019,0.20559999
1380,2020,0.20640001
1380,2021,0.20640001
1380,2022,0.2068
1380,2023,0.20990001
1380,2024,0.212
1380,2025,0.2141
1381,2006,0.19769999
1381,2007,0.20100001
1381,2008,0.2062
1381,2009,0.2122
1381,2010,0.2183
1381,2011,0.226
1381,2012,0.2317
1381,2013,0.2374
1381,2014,0.2406
1381,2015,0.24259999
1381,2016,0.24429999
1381,2017,0.2448
1381,2018,0.2489
1381,2019,0.25049999
1381,2020,0.2552
1381,2021,0.25670001
1381,2022,0.26019999
1381,2023,0.2651
1381,2024,0.26899999
1381,2025,0.2703
1382,2006,0.2023
1382,2007,0.20479999
1382,2008,0.20819999
1382,2009,0.21269999
1382,2010,0.2165
1382,2011,0.22040001
1382,2012,0.22579999
1382,2013,0.2289
1382,2014,0.2326
1382,2015,0.2348
1382,2016,0.23549999
1382,2017,0.23909999
1382,2018,0.2402
1382,2019,0.2413
1382,2020,0.2423
1382,2021,0.24510001
1382,2022,0.2484
1382,2023,0.2499
1382,2024,0.25409999
1382,2025,0.25830001
1383,2006,0.1874
1383,2007,0.18960001
1383,2008,0.19320001
1383,2009,0.197
1383,2010,0.20209999
1383,2011,0.2076
1383,2012,0.2128
1383,2013,0.2186
1383,2014,0.22319999
1383,2015,0.22679999
1383,2016,0.22920001
1383,2017,0.2306
1383,2018,0.2333
1383,2019,0.23540001
1383,2020,0.23810001
1383,2021,0.2414
1383,2022,0.2441
1383,2023,0.24789999
1383,2024,0.25119999
1383,2025,0.2545
1384,2006,0.1516
1384,2007,0.15620001
1384,2008,0.16249999
1384,2009,0.1682
1384,2010,0.1736
1384,2011,0.17900001
1384,2012,0.1832
1384,2013,0.18870001
1384,2014,0.19140001
1384,2015,0.19410001
1384,2016,0.1954
1384,2017,0.19499999
1384,2018,0.1962
1384,2019,0.19750001
1384,2020,0.19939999
1384,2021,0.2017
1384,2022,0.20389999
1384,2023,0.2076
1384,2024,0.2114
1384,2025,0.2146
1401,2006,0.1276
1401,2007,0.13079999
1401,2008,0.1337
1401,2009,0.1382
1401,2010,0.14229999
1401,2011,0.147
1401,2012,0.15099999
1401,2013,0.1549
1401,2014,0.15710001
1401,2015,0.1593
1401,2016,0.1591
1401,2017,0.1604
1401,2018,0.1608
1401,2019,0.1629
1401,2020,0.16419999
1401,2021,0.1629
1401,2022,0.1657
1401,2023,0.1698
1401,2024,0.1725
1401,2025,0.17569999
1402,2006,0.14659999
1402,2007,0.1497
1402,2008,0.15189999
1402,2009,0.1549
1402,2010,0.1573
1402,2011,0.1608
1402,2012,0.16339999
1402,2013,0.16500001
1402,2014,0.167
1402,2015,0.16689999
1402,2016,0.1684
1402,2017,0.1692
1402,2018,0.16940001
1402,2019,0.1684
1402,2020,0.1684
1402,2021,0.17
1402,2022,0.17120001
1402,2023,0.17120001
1402,2024,0.17309999
1402,2025,0.17640001
1407,2006,0.17389999
1407,2007,0.1776
1407,2008,0.182
1407,2009,0.18880001
1407,2010,0.1971
1407,2011,0.2061
1407,2012,0.2142
1407,2013,0.222
1407,2014,0.2306
1407,2015,0.2351
1407,2016,0.2367
1407,2017,0.24169999
1407,2018,0.24510001
1407,2019,0.25150001
1407,2020,0.25600001
1407,2021,0.2631
1407,2022,0.2712
1407,2023,0.27579999
1407,2024,0.2836
1407,2025,0.2888
1415,2006,0.1472
1415,2007,0.15369999
1415,2008,0.15970001
1415,2009,0.1657
1415,2010,0.17209999
1415,2011,0.17569999
1415,2012,0.18009999
1415,2013,0.18619999
1415,2014,0.19
1415,2015,0.1925
1415,2016,0.193
1415,2017,0.1937
1415,2018,0.19400001
1415,2019,0.1963
1415,2020,0.19939999
1415,2021,0.2009
1415,2022,0.2025
1415,2023,0.2058
1415,2024,0.20919999
1415,2025,0.21250001
1419,2006,0.1909
1419,2007,0.1947
1419,2008,0.2031
1419,2009,0.2112
1419,2010,0.2194
1419,2011,0.2269
1419,2012,0.2349
1419,2013,0.244
1419,2014,0.25130001
1419,2015,0.25650001
1419,2016,0.26390001
1419,2017,0.26710001
1419,2018,0.271
1419,2019,0.27649999
1419,2020,0.28040001
1419,2021,0.28220001
1419,2022,0.29170001
1419,2023,0.29620001
1419,2024,0.30160001
1419,2025,0.3066
1421,2006,0.20299999
1421,2007,0.2085
1421,2008,0.214
1421,2009,0.2243
1421,2010,0.236
1421,2011,0.2481
1421,2012,0.2545
1421,2013,0.26660001
1421,2014,0.27500001
1421,2015,0.28130001
1421,2016,0.2841
1421,2017,0.289
1421,2018,0.29620001
1421,2019,0.2994
1421,2020,0.3019
1421,2021,0.30840001
1421,2022,0.3123
1421,2023,0.31760001
1421,2024,0.3224
1421,2025,0.32820001
1427,2006,0.2447
1427,2007,0.2471
1427,2008,0.25580001
1427,2009,0.26019999
1427,2010,0.26949999
1427,2011,0.27810001
1427,2012,0.28470001
1427,2013,0.2956
1427,2014,0.30509999
1427,2015,0.3145
1427,2016,0.3175
1427,2017,0.32190001
1427,2018,0.3272
1427,2019,0.33160001
1427,2020,0.3398
1427,2021,0.3495
1427,2022,0.3549
1427,2023,0.35800001
1427,2024,0.3594
1427,2025,0.36579999
1430,2006,0.2098
1430,2007,0.21340001
1430,2008,0.21960001
1430,2009,0.22579999
1430,2010,0.2287
1430,2011,0.2309
1430,2012,0.2367
1430,2013,0.2419
1430,2014,0.2466
1430,2015,0.24699999
1430,2016,0.2439
1430,2017,0.2445
1430,2018,0.2464
1430,2019,0.2485
1430,2020,0.2511
1430,2021,0.25299999
1430,2022,0.25409999
1430,2023,0.25569999
1430,2024,0.26120001
1430,2025,0.26390001
1435,2006,0.2221
1435,2007,0.2244
1435,2008,0.2318
1435,2009,0.23720001
1435,2010,0.2428
1435,2011,0.25060001
1435,2012,0.257
1435,2013,0.26179999
1435,2014,0.26949999
1435,2015,0.2744
1435,2016,0.27649999
1435,2017,0.27739999
1435,2018,0.28420001
1435,2019,0.287
1435,2020,0.289
1435,2021,0.296
1435,2022,0.2985
1435,2023,0.30590001
1435,2024,0.3125
1435,2025,0.31779999
1438,2006,0.2025
1438,2007,0.2075
1438,2008,0.21430001
1438,2009,0.2238
1438,2010,0.2304
1438,2011,0.2402
1438,2012,0.24609999
1438,2013,0.24789999
1438,2014,0.25670001
1438,2015,0.26030001
1438,2016,0.2656
1438,2017,0.27250001
1438,2018,0.27200001
1438,2019,0.27399999
1438,2020,0.27810001
1438,2021,0.2811
1438,2022,0.28749999
1438,2023,0.2922
1438,2024,0.29370001
1438,2025,0.29719999
1439,2006,0.2058
1439,2007,0.20479999
1439,2008,0.2106
1439,2009,0.2172
1439,2010,0.2265
1439,2011,0.2295
1439,2012,0.2341
1439,2013,0.24160001
1439,2014,0.24699999
1439,2015,0.25099999
1439,2016,0.2493
1439,2017,0.25319999
1439,2018,0.25479999
1439,2019,0.25639999
1439,2020,0.2586
1439,2021,0.26019999
1439,2022,0.26629999
1439,2023,0.2701
1439,2024,0.27630001
1439,2025,0.2762
1440,2006,0.1398
1440,2007,0.1444
1440,2008,0.1513
1440,2009,0.15790001
1440,2010,0.1653
1440,2011,0.1708
1440,2012,0.1749
1440,2013,0.1793
1440,2014,0.18099999
1440,2015,0.18189999
1440,2016,0.1794
1440,2017,0.1768
1440,2018,0.1762
1440,2019,0.175
1440,2020,0.1726
1440,2021,0.1737
1440,2022,0.17399999
1440,2023,0.17479999
1440,2024,0.1767
1440,2025,0.1769
1441,2006,0.1418
1441,2007,0.1462
1441,2008,0.1522
1441,2009,0.1586
1441,2010,0.164
1441,2011,0.1682
1441,2012,0.1732
1441,2013,0.17649999
1441,2014,0.17820001
1441,2015,0.17919999
1441,2016,0.1794
1441,2017,0.1786
1441,2018,0.1778
1441,2019,0.1777
1441,2020,0.1768
1441,2021,0.1771
1441,2022,0.1785
1441,2023,0.18099999
1441,2024,0.1847
1441,2025,0.1848
1442,2006,0.15539999
1442,2007,0.15979999
1442,2008,0.1627
1442,2009,0.1689
1442,2010,0.17569999
1442,2011,0.18170001
1442,2012,0.18780001
1442,2013,0.19410001
1442,2014,0.19850001
1442,2015,0.2041
1442,2016,0.2044
1442,2017,0.2066
1442,2018,0.2096
1442,2019,0.20909999
1442,2020,0.2101
1442,2021,0.2094
1442,2022,0.2104
1442,2023,0.2112
1442,2024,0.2132
1442,2025,0.2157
1443,2006,0.15090001
1443,2007,0.15440001
1443,2008,0.1621
1443,2009,0.16779999
1443,2010,0.17209999
1443,2011,0.17990001
1443,2012,0.1877
1443,2013,0.19499999
1443,2014,0.1983
1443,2015,0.2007
1443,2016,0.20190001
1443,2017,0.2042
1443,2018,0.20649999
1443,2019,0.20990001
1443,2020,0.2131
1443,2021,0.2128
1443,2022,0.2155
1443,2023,0.2163
1443,2024,0.2156
1443,2025,0.2183
1444,2006,0.1935
1444,2007,0.19400001
1444,2008,0.19760001
1444,2009,0.2013
1444,2010,0.2068
1444,2011,0.2137
1444,2012,0.2229
1444,2013,0.22759999
1444,2014,0.2362
1444,2015,0.23810001
1444,2016,0.2431
1444,2017,0.2483
1444,2018,0.25319999
1444,2019,0.2552
1444,2020,0.26030001
1444,2021,0.26269999
1444,2022,0.2685
1444,2023,0.27219999
1444,2024,0.27430001
1444,2025,0.27630001
1445,2006,0.2032
1445,2007,0.2031
1445,2008,0.20640001
1445,2009,0.2112
1445,2010,0.21690001
1445,2011,0.2221
1445,2012,0.22849999
1445,2013,0.2392
1445,2014,0.2438
1445,2015,0.24680001
1445,2016,0.248
1445,2017,0.2536
1445,2018,0.25659999
1445,2019,0.26030001
1445,2020,0.26320001
1445,2021,0.26609999
1445,2022,0.26570001
1445,2023,0.2692
1445,2024,0.27070001
1445,2025,0.2748
1446,2006,0.2315
1446,2007,0.23450001
1446,2008,0.24510001
1446,2009,0.25319999
1446,2010,0.26140001
1446,2011,0.2669
1446,2012,0.27540001
1446,2013,0.28240001
1446,2014,0.28560001
1446,2015,0.29049999
1446,2016,0.28920001
1446,2017,0.29699999
1446,2018,0.3001
1446,2019,0.3035
1446,2020,0.3021
1446,2021,0.3017
1446,2022,0.3017
1446,2023,0.3017
1446,2024,0.30939999
1446,2025,0.31099999
1447,2006,0.2318
1447,2007,0.23450001
1447,2008,0.2422
1447,2009,0.2529
1447,2010,0.26010001
1447,2011,0.27039999
1447,2012,0.2775
1447,2013,0.28580001
1447,2014,0.2929
1447,2015,0.29620001
1447,2016,0.2938
1447,2017,0.3017
1447,2018,0.3064
1447,2019,0.31110001
1447,2020,0.31819999
1447,2021,0.32170001
1447,2022,0.3274
1447,2023,0.336
1447,2024,0.3459
1447,2025,0.3531
1452,2006,0.2008
1452,2007,0.20100001
1452,2008,0.2044
1452,2009,0.2102
1452,2010,0.2165
1452,2011,0.22130001
1452,2012,0.228
1452,2013,0.2335
1452,2014,0.23639999
1452,2015,0.2393
1452,2016,0.2403
1452,2017,0.2422
1452,2018,0.2431
1452,2019,0.24330001
1452,2020,0.24690001
1452,2021,0.25060001
1452,2022,0.25029999
1452,2023,0.25650001
1452,2024,0.2586
1452,2025,0.2617
1460,2006,0.24519999
1460,2007,0.24950001
1460,2008,0.25060001
1460,2009,0.2572
1460,2010,0.26140001
1460,2011,0.27129999
1460,2012,0.2766
1460,2013,0.27860001
1460,2014,0.2841
1460,2015,0.2888
1460,2016,0.28529999
1460,2017,0.28729999
1460,2018,0.28999999
1460,2019,0.29319999
1460,2020,0.29660001
1460,2021,0.30329999
1460,2022,0.30450001
1460,2023,0.31079999
1460,2024,0.31459999
1460,2025,0.31479999
1461,2006,0.2377
1461,2007,0.2396
1461,2008,0.24330001
1461,2009,0.2502
1461,2010,0.25760001
1461,2011,0.2651
1461,2012,0.27320001
1461,2013,0.27450001
1461,2014,0.27559999
1461,2015,0.2714
1461,2016,0.26710001
1461,2017,0.27320001
1461,2018,0.27399999
1461,2019,0.2764
1461,2020,0.2775
1461,2021,0.27770001
1461,2022,0.2809
1461,2023,0.285
1461,2024,0.289
1461,2025,0.29300001
1462,2006,0.1609
1462,2007,0.1635
1462,2008,0.16670001
1462,2009,0.175
1462,2010,0.183
1462,2011,0.189
1462,2012,0.19320001
1462,2013,0.19670001
1462,2014,0.1989
1462,2015,0.1988
1462,2016,0.1954
1462,2017,0.1954
1462,2018,0.1956
1462,2019,0.19939999
1462,2020,0.20039999
1462,2021,0.2
1462,2022,0.20460001
1462,2023,0.20559999
1462,2024,0.2067
1462,2025,0.2102
1463,2006,0.1913
1463,2007,0.1927
1463,2008,0.19490001
1463,2009,0.1988
1463,2010,0.2013
1463,2011,0.2078
1463,2012,0.212
1463,2013,0.21529999
1463,2014,0.2194
1463,2015,0.22319999
1463,2016,0.22390001
1463,2017,0.2242
1463,2018,0.2265
1463,2019,0.2287
1463,2020,0.2297
1463,2021,0.2318
1463,2022,0.23280001
1463,2023,0.235
1463,2024,0.2392
1463,2025,0.2413
1465,2006,0.2009
1465,2007,0.20020001
1465,2008,0.206
1465,2009,0.21160001
1465,2010,0.21619999
1465,2011,0.2226
1465,2012,0.23
1465,2013,0.23630001
1465,2014,0.24240001
1465,2015,0.2441
1465,2016,0.2422
1465,2017,0.2466
1465,2018,0.249
1465,2019,0.25139999
1465,2020,0.2534
1465,2021,0.25330001
1465,2022,0.25650001
1465,2023,0.26030001
1465,2024,0.26519999
1465,2025,0.27070001
1466,2006,0.19230001
1466,2007,0.19329999
1466,2008,0.1961
1466,2009,0.20029999
1466,2010,0.20819999
1466,2011,0.2138
1466,2012,0.21789999
1466,2013,0.2227
1466,2014,0.22589999
1466,2015,0.2288
1466,2016,0.23190001
1466,2017,0.2368
1466,2018,0.2413
1466,2019,0.2429
1466,2020,0.24699999
1466,2021,0.2498
1466,2022,0.25209999
1466,2023,0.25260001
1466,2024,0.25459999
1466,2025,0.25580001
1470,2006,0.20739999
1470,2007,0.20909999
1470,2008,0.21080001
1470,2009,0.2139
1470,2010,0.2184
1470,2011,0.223
1470,2012,0.2277
1470,2013,0.23029999
1470,2014,0.23190001
1470,2015,0.2335
1470,2016,0.23280001
1470,2017,0.2332
1470,2018,0.23459999
1470,2019,0.2367
1470,2020,0.2395
1470,2021,0.24160001
1470,2022,0.2449
1470,2023,0.24869999
1470,2024,0.2516
1470,2025,0.25330001
1471,2006,0.18440001
1471,2007,0.1873
1471,2008,0.1925
1471,2009,0.1964
1471,2010,0.2018
1471,2011,0.21160001
1471,2012,0.2172
1471,2013,0.2265
1471,2014,0.23199999
1471,2015,0.235
1471,2016,0.2377
1471,2017,0.24339999
1471,2018,0.2481
1471,2019,0.25209999
1471,2020,0.25569999
1471,2021,0.2599
1471,2022,0.26269999
1471,2023,0.26629999
1471,2024,0.2692
1471,2025,0.27059999
1472,2006,0.20209999
1472,2007,0.2084
1472,2008,0.2137
1472,2009,0.2174
1472,2010,0.2234
1472,2011,0.2279
1472,2012,0.2353
1472,2013,0.23899999
1472,2014,0.24259999
1472,2015,0.24250001
1472,2016,0.2428
1472,2017,0.242
1472,2018,0.2427
1472,2019,0.2447
1472,2020,0.24519999
1472,2021,0.2475
1472,2022,0.2482
1472,2023,0.25130001
1472,2024,0.2529
1472,2025,0.25260001
1473,2006,0.2057
1473,2007,0.2077
1473,2008,0.21359999
1473,2009,0.21600001
1473,2010,0.22139999
1473,2011,0.2325
1473,2012,0.237
1473,2013,0.2422
1473,2014,0.2454
1473,2015,0.24339999
1473,2016,0.24259999
1473,2017,0.24950001
1473,2018,0.2527
1473,2019,0.255
1473,2020,0.257
1473,2021,0.26300001
1473,2022,0.2687
1473,2023,0.2739
1473,2024,0.27680001
1473,2025,0.27759999
1480,2006,0.1472
1480,2007,0.14659999
1480,2008,0.14669999
1480,2009,0.1472
1480,2010,0.14839999
1480,2011,0.1494
1480,2012,0.1508
1480,2013,0.15180001
1480,2014,0.1529
1480,2015,0.15360001
1480,2016,0.1534
1480,2017,0.15360001
1480,2018,0.1541
1480,2019,0.15459999
1480,2020,0.1558
1480,2021,0.15719999
1480,2022,0.1574
1480,2023,0.15800001
1480,2024,0.1601
1480,2025,0.1618
1481,2006,0.1461
1481,2007,0.147
1481,2008,0.1485
1481,2009,0.15009999
1481,2010,0.1524
1481,2011,0.1548
1481,2012,0.1578
1481,2013,0.1613
1481,2014,0.161
1481,2015,0.1622
1481,2016,0.1608
1481,2017,0.1592
1481,2018,0.15710001
1481,2019,0.1552
1481,2020,0.156
1481,2021,0.15800001
1481,2022,0.1602
1481,2023,0.1621
1481,2024,0.164
1481,2025,0.1647
1482,2006,0.1681
1482,2007,0.1715
1482,2008,0.1759
1482,2009,0.18009999
1482,2010,0.1856
1482,2011,0.191
1482,2012,0.1956
1482,2013,0.19930001
1482,2014,0.204
1482,2015,0.2058
1482,2016,0.205
1482,2017,0.2032
1482,2018,0.2032
1482,2019,0.20039999
1482,2020,0.20119999
1482,2021,0.2016
1482,2022,0.2026
1482,2023,0.20389999
1482,2024,0.20720001
1482,2025,0.20990001
1484,2006,0.2252
1484,2007,0.2306
1484,2008,0.23459999
1484,2009,0.24250001
1484,2010,0.25049999
1484,2011,0.257
1484,2012,0.26300001
1484,2013,0.26910001
1484,2014,0.27860001
1484,2015,0.28130001
1484,2016,0.2825
1484,2017,0.28639999
1484,2018,0.2929
1484,2019,0.29929999
1484,2020,0.30540001
1484,2021,0.3109
1484,2022,0.31569999
1484,2023,0.3242
1484,2024,0.33270001
1484,2025,0.33849999
1485,2006,0.193
1485,2007,0.1929
1485,2008,0.19509999
1485,2009,0.1963
1485,2010,0.1999
1485,2011,0.20379999
1485,2012,0.206
1485,2013,0.208
1485,2014,0.2088
1485,2015,0.2088
1485,2016,0.2079
1485,2017,0.2077
1485,2018,0.20990001
1485,2019,0.2104
1485,2020,0.2132
1485,2021,0.21610001
1485,2022,0.2182
1485,2023,0.2211
1485,2024,0.2245
1485,2025,0.2273
1486,2006,0.2008
1486,2007,0.2027
1486,2008,0.20829999
1486,2009,0.2121
1486,2010,0.2156
1486,2011,0.2167
1486,2012,0.2172
1486,2013,0.2168
1486,2014,0.21799999
1486,2015,0.22
1486,2016,0.22059999
1486,2017,0.2212
1486,2018,0.2234
1486,2019,0.22750001
1486,2020,0.23
1486,2021,0.234
1486,2022,0.2342
1486,2023,0.23280001
1486,2024,0.237
1486,2025,0.2397
1487,2006,0.19159999
1487,2007,0.19580001
1487,2008,0.20020001
1487,2009,0.20630001
1487,2010,0.2093
1487,2011,0.2146
1487,2012,0.21799999
1487,2013,0.21950001
1487,2014,0.22040001
1487,2015,0.2219
1487,2016,0.2207
1487,2017,0.22149999
1487,2018,0.2229
1487,2019,0.2256
1487,2020,0.22759999
1487,2021,0.22930001
1487,2022,0.2322
1487,2023,0.2344
1487,2024,0.2379
1487,2025,0.24160001
1488,2006,0.17030001
1488,2007,0.17219999
1488,2008,0.17389999
1488,2009,0.17560001
1488,2010,0.1776
1488,2011,0.1804
1488,2012,0.1821
1488,2013,0.1838
1488,2014,0.1864
1488,2015,0.18799999
1488,2016,0.18799999
1488,2017,0.1892
1488,2018,0.19
1488,2019,0.19059999
1488,2020,0.1912
1488,2021,0.19310001
1488,2022,0.1926
1488,2023,0.1954
1488,2024,0.19769999
1488,2025,0.1996
1489,2006,0.1794
1489,2007,0.1815
1489,2008,0.18610001
1489,2009,0.19059999
1489,2010,0.1956
1489,2011,0.2
1489,2012,0.20559999
1489,2013,0.21179999
1489,2014,0.2139
1489,2015,0.2173
1489,2016,0.21950001
1489,2017,0.222
1489,2018,0.221
1489,2019,0.2226
1489,2020,0.2242
1489,2021,0.227
1489,2022,0.2286
1489,2023,0.2304
1489,2024,0.2324
1489,2025,0.235
1490,2006,0.18009999
1490,2007,0.18000001
1490,2008,0.18179999
1490,2009,0.1839
1490,2010,0.1857
1490,2011,0.1874
1490,2012,0.1891
1490,2013,0.191
1490,2014,0.1918
1490,2015,0.1927
1490,2016,0.1927
1490,2017,0.1921
1490,2018,0.1918
1490,2019,0.19230001
1490,2020,0.19159999
1490,2021,0.19320001
1490,2022,0.1937
1490,2023,0.1952
1490,2024,0.1971
1490,2025,0.2
1491,2006,0.2015
1491,2007,0.2026
1491,2008,0.2058
1491,2009,0.2112
1491,2010,0.21529999
1491,2011,0.2191
1491,2012,0.2236
1491,2013,0.22660001
1491,2014,0.2298
1491,2015,0.2335
1491,2016,0.2332
1491,2017,0.2326
1491,2018,0.2352
1491,2019,0.23549999
1491,2020,0.2384
1491,2021,0.2396
1491,2022,0.2419
1491,2023,0.2441
1491,2024,0.2462
1491,2025,0.2483
1492,2006,0.2299
1492,2007,0.23469999
1492,2008,0.237
1492,2009,0.242
1492,2010,0.2473
1492,2011,0.25470001
1492,2012,0.25760001
1492,2013,0.2624
1492,2014,0.2615
1492,2015,0.25740001
1492,2016,0.2538
1492,2017,0.25690001
1492,2018,0.2581
1492,2019,0.26429999
1492,2020,0.26719999
1492,2021,0.2726
1492,2022,0.27790001
1492,2023,0.28330001
1492,2024,0.2861
1492,2025,0.2947
1493,2006,0.20900001
1493,2007,0.2142
1493,2008,0.2198
1493,2009,0.2269
1493,2010,0.2334
1493,2011,0.24070001
1493,2012,0.2485
1493,2013,0.2516
1493,2014,0.2561
1493,2015,0.25709999
1493,2016,0.25830001
1493,2017,0.2581
1493,2018,0.26010001
1493,2019,0.26179999
1493,2020,0.2633
1493,2021,0.26449999
1493,2022,0.26530001
1493,2023,0.2678
1493,2024,0.26910001
1493,2025,0.2726
1494,2006,0.18719999
1494,2007,0.1901
1494,2008,0.1928
1494,2009,0.1973
1494,2010,0.2018
1494,2011,0.2067
1494,2012,0.21250001
1494,2013,0.2165
1494,2014,0.22
1494,2015,0.22229999
1494,2016,0.2247
1494,2017,0.2262
1494,2018,0.22840001
1494,2019,0.23
1494,2020,0.2316
1494,2021,0.2353
1494,2022,0.2394
1494,2023,0.242
1494,2024,0.2455
1494,2025,0.25049999
1495,2006,0.186
1495,2007,0.18780001
1495,2008,0.1892
1495,2009,0.1954
1495,2010,0.2008
1495,2011,0.20649999
1495,2012,0.2102
1495,2013,0.2121
1495,2014,0.2133
1495,2015,0.2173
1495,2016,0.2164
1495,2017,0.22
1495,2018,0.2209
1495,2019,0.2211
1495,2020,0.223
1495,2021,0.22570001
1495,2022,0.23
1495,2023,0.2341
1495,2024,0.2352
1495,2025,0.2366
1496,2006,0.1708
1496,2007,0.1735
1496,2008,0.1749
1496,2009,0.1768
1496,2010,0.1789
1496,2011,0.182
1496,2012,0.185
1496,2013,0.1869
1496,2014,0.18960001
1496,2015,0.19239999
1496,2016,0.1936
1496,2017,0.19410001
1496,2018,0.1948
1496,2019,0.1957
1496,2020,0.19589999
1496,2021,0.1972
1496,2022,0.19760001
1496,2023,0.1999
1496,2024,0.20100001
1496,2025,0.20200001
1497,2006,0.2009
1497,2007,0.20649999
1497,2008,0.21250001
1497,2009,0.21879999
1497,2010,0.2263
1497,2011,0.2331
1497,2012,0.23890001
1497,2013,0.24510001
1497,2014,0.2499
1497,2015,0.25240001
1497,2016,0.25709999
1497,2017,0.26140001
1497,2018,0.26949999
1497,2019,0.273
1497,2020,0.2739
1497,2021,0.27360001
1497,2022,0.2744
1497,2023,0.2762
1497,2024,0.27430001
1497,2025,0.27669999
1498,2006,0.2035
1498,2007,0.20640001
1498,2008,0.21070001
1498,2009,0.21600001
1498,2010,0.21960001
1498,2011,0.223
1498,2012,0.2252
1498,2013,0.2279
1498,2014,0.22679999
1498,2015,0.2291
1498,2016,0.23010001
1498,2017,0.2318
1498,2018,0.2341
1498,2019,0.236
1498,2020,0.2385
1498,2021,0.2441
1498,2022,0.2474
1498,2023,0.2485
1498,2024,0.25049999
1498,2025,0.25389999
1499,2006,0.20649999
1499,2007,0.2084
1499,2008,0.2078
1499,2009,0.21080001
1499,2010,0.2119
1499,2011,0.21359999
1499,2012,0.2177
1499,2013,0.21879999
1499,2014,0.219
1499,2015,0.21799999
1499,2016,0.2175
1499,2017,0.2173
1499,2018,0.2183
1499,2019,0.2185
1499,2020,0.22149999
1499,2021,0.2235
1499,2022,0.226
1499,2023,0.2289
1499,2024,0.2315
1499,2025,0.23540001
1715,2006,0.17470001
1715,2007,0.1789
1715,2008,0.1851
1715,2009,0.1944
1715,2010,0.20020001
1715,2011,0.2094
1715,2012,0.2158
1715,2013,0.2218
1715,2014,0.22570001
1715,2015,0.23280001
1715,2016,0.23819999
1715,2017,0.2392
1715,2018,0.24079999
1715,2019,0.2438
1715,2020,0.24590001
1715,2021,0.2471
1715,2022,0.25009999
1715,2023,0.2507
1715,2024,0.25319999
1715,2025,0.25440001
1730,2006,0.2192
1730,2007,0.22220001
1730,2008,0.2256
1730,2009,0.22939999
1730,2010,0.235
1730,2011,0.2396
1730,2012,0.2437
1730,2013,0.2485
1730,2014,0.245
1730,2015,0.2447
1730,2016,0.24339999
1730,2017,0.23999999
1730,2018,0.24169999
1730,2019,0.2456
1730,2020,0.2471
1730,2021,0.2511
1730,2022,0.25400001
1730,2023,0.25659999
1730,2024,0.26210001
1730,2025,0.26800001
1737,2006,0.24869999
1737,2007,0.25189999
1737,2008,0.25420001
1737,2009,0.2577
1737,2010,0.26249999
1737,2011,0.26699999
1737,2012,0.27039999
1737,2013,0.27419999
1737,2014,0.27599999
1737,2015,0.2825
1737,2016,0.27410001
1737,2017,0.28080001
1737,2018,0.28529999
1737,2019,0.29049999
1737,2020,0.2933
1737,2021,0.2965
1737,2022,0.3001
1737,2023,0.30399999
1737,2024,0.3073
1737,2025,0.31119999
1760,2006,0.2076
1760,2007,0.2093
1760,2008,0.221
1760,2009,0.2242
1760,2010,0.2315
1760,2011,0.2383
1760,2012,0.2467
1760,2013,0.25709999
1760,2014,0.2586
1760,2015,0.26460001
1760,2016,0.2694
1760,2017,0.26609999
1760,2018,0.2737
1760,2019,0.28549999
1760,2020,0.2942
1760,2021,0.30219999
1760,2022,0.3089
1760,2023,0.31830001
1760,2024,0.32100001
1760,2025,0.32589999
1761,2006,0.15189999
1761,2007,0.15360001
1761,2008,0.1576
1761,2009,0.1627
1761,2010,0.16590001
1761,2011,0.1724
1761,2012,0.17560001
1761,2013,0.1813
1761,2014,0.1848
1761,2015,0.1877
1761,2016,0.19149999
1761,2017,0.18979999
1761,2018,0.19069999
1761,2019,0.1947
1761,2020,0.19769999
1761,2021,0.19949999
1761,2022,0.2024
1761,2023,0.20630001
1761,2024,0.211
1761,2025,0.2147
1762,2006,0.264
1762,2007,0.2678
1762,2008,0.27239999
1762,2009,0.2771
1762,2010,0.2832
1762,2011,0.28420001
1762,2012,0.29210001
1762,2013,0.2929
1762,2014,0.2913
1762,2015,0.28839999
1762,2016,0.2832
1762,2017,0.28130001
1762,2018,0.2818
1762,2019,0.28580001
1762,2020,0.2834
1762,2021,0.28749999
1762,2022,0.28830001
1762,2023,0.28839999
1762,2024,0.29010001
1762,2025,0.28870001
1763,2006,0.1788
1763,2007,0.18440001
1763,2008,0.19069999
1763,2009,0.1974
1763,2010,0.20559999
1763,2011,0.2154
1763,2012,0.21969999
1763,2013,0.22390001
1763,2014,0.2277
1763,2015,0.2296
1763,2016,0.2309
1763,2017,0.2313
1763,2018,0.2313
1763,2019,0.2326
1763,2020,0.2318
1763,2021,0.2307
1763,2022,0.23549999
1763,2023,0.2343
1763,2024,0.2366
1763,2025,0.2374
1764,2006,0.205
1764,2007,0.20829999
1764,2008,0.21259999
1764,2009,0.22059999
1764,2010,0.22660001
1764,2011,0.23710001
1764,2012,0.2428
1764,2013,0.2489
1764,2014,0.25299999
1764,2015,0.2568
1764,2016,0.2525
1764,2017,0.25580001
1764,2018,0.25960001
1764,2019,0.26120001
1764,2020,0.26480001
1764,2021,0.26550001
1764,2022,0.26710001
1764,2023,0.26719999
1764,2024,0.27129999
1764,2025,0.27489999
1765,2006,0.2079
1765,2007,0.21070001
1765,2008,0.21359999
1765,2009,0.2201
1765,2010,0.2243
1765,2011,0.2288
1765,2012,0.23100001
1765,2013,0.2326
1765,2014,0.2374
1765,2015,0.2394
1765,2016,0.2413
1765,2017,0.2438
1765,2018,0.24349999
1765,2019,0.2456
1765,2020,0.2492
1765,2021,0.25440001
1765,2022,0.25909999
1765,2023,0.26109999
1765,2024,0.26409999
1765,2025,0.26750001
1766,2006,0.2114
1766,2007,0.2131
1766,2008,0.2156
1766,2009,0.21960001
1766,2010,0.22310001
1766,2011,0.2282
1766,2012,0.2315
1766,2013,0.234
1766,2014,0.23890001
1766,2015,0.23909999
1766,2016,0.23810001
1766,2017,0.2423
1766,2018,0.24699999
1766,2019,0.25130001
1766,2020,0.252
1766,2021,0.25889999
1766,2022,0.26289999
1766,2023,0.2701
1766,2024,0.27360001
1766,2025,0.27680001
1780,2006,0.1744
1780,2007,0.177
1780,2008,0.18009999
1780,2009,0.1825
1780,2010,0.1855
1780,2011,0.18960001
1780,2012,0.1935
1780,2013,0.1962
1780,2014,0.2
1780,2015,0.2008
1780,2016,0.20100001
1780,2017,0.2027
1780,2018,0.2031
1780,2019,0.20299999
1780,2020,0.2044
1780,2021,0.2066
1780,2022,0.2067
1780,2023,0.2084
1780,2024,0.2096
1780,2025,0.2102
1781,2006,0.2166
1781,2007,0.2185
1781,2008,0.22139999
1781,2009,0.2281
1781,2010,0.23360001
1781,2011,0.2406
1781,2012,0.24609999
1781,2013,0.2493
1781,2014,0.2516
1781,2015,0.25440001
1781,2016,0.25470001
1781,2017,0.2581
1781,2018,0.26269999
1781,2019,0.2649
1781,2020,0.26660001
1781,2021,0.2714
1781,2022,0.27469999
1781,2023,0.2784
1781,2024,0.28080001
1781,2025,0.2832
1782,2006,0.24160001
1782,2007,0.2463
1782,2008,0.24860001
1782,2009,0.2563
1782,2010,0.26289999
1782,2011,0.26750001
1782,2012,0.2692
1782,2013,0.2703
1782,2014,0.2712
1782,2015,0.27180001
1782,2016,0.2633
1782,2017,0.2714
1782,2018,0.2705
1782,2019,0.2766
1782,2020,0.2816
1782,2021,0.2834
1782,2022,0.28940001
1782,2023,0.30050001
1782,2024,0.3082
1782,2025,0.31420001
1783,2006,0.25670001
1783,2007,0.25960001
1783,2008,0.26460001
1783,2009,0.2683
1783,2010,0.2726
1783,2011,0.278
1783,2012,0.2782
1783,2013,0.28169999
1783,2014,0.28490001
1783,2015,0.28819999
1783,2016,0.28749999
1783,2017,0.2913
1783,2018,0.2956
1783,2019,0.29820001
1783,2020,0.30149999
1783,2021,0.30180001
1783,2022,0.3064
1783,2023,0.31
1783,2024,0.31580001
1783,2025,0.32049999
1784,2006,0.2163
1784,2007,0.2166
1784,2008,0.22
1784,2009,0.22229999
1784,2010,0.2271
1784,2011,0.2331
1784,2012,0.2393
1784,2013,0.2431
1784,2014,0.24680001
1784,2015,0.2489
1784,2016,0.25029999
1784,2017,0.25319999
1784,2018,0.25799999
1784,2019,0.2608
1784,2020,0.26530001
1784,2021,0.26789999
1784,2022,0.27039999
1784,2023,0.27270001
1784,2024,0.27469999
1784,2025,0.27720001
1785,2006,0.2315
1785,2007,0.23289999
1785,2008,0.2376
1785,2009,0.24519999
1785,2010,0.2511
1785,2011,0.2581
1785,2012,0.26199999
1785,2013,0.26710001
1785,2014,0.27059999
1785,2015,0.26910001
1785,2016,0.2651
1785,2017,0.26550001
1785,2018,0.2685
1785,2019,0.27219999
1785,2020,0.2748
1785,2021,0.27680001
1785,2022,0.28200001
1785,2023,0.28819999
1785,2024,0.29260001
1785,2025,0.294
1814,2006,0.1772
1814,2007,0.1798
1814,2008,0.1825
1814,2009,0.18979999
1814,2010,0.1965
1814,2011,0.2014
1814,2012,0.20460001
1814,2013,0.21160001
1814,2014,0.2157
1814,2015,0.21340001
1814,2016,0.2155
1814,2017,0.213
1814,2018,0.212
1814,2019,0.20990001
1814,2020,0.20829999
1814,2021,0.2066
1814,2022,0.2087
1814,2023,0.21179999
1814,2024,0.2131
1814,2025,0.21600001
1860,2006,0.23710001
1860,2007,0.2378
1860,2008,0.2402
1860,2009,0.25319999
1860,2010,0.26190001
1860,2011,0.26719999
1860,2012,0.27500001
1860,2013,0.27900001
1860,2014,0.2809
1860,2015,0.2816
1860,2016,0.28029999
1860,2017,0.28510001
1860,2018,0.2872
1860,2019,0.28490001
1860,2020,0.28490001
1860,2021,0.29179999
1860,2022,0.292
1860,2023,0.30109999
1860,2024,0.3039
1860,2025,0.31
1861,2006,0.1899
1861,2007,0.1926
1861,2008,0.1963
1861,2009,0.2016
1861,2010,0.20720001
1861,2011,0.20990001
1861,2012,0.21610001
1861,2013,0.22149999
1861,2014,0.2243
1861,2015,0.228
1861,2016,0.2278
1861,2017,0.2243
1861,2018,0.2261
1861,2019,0.2264
1861,2020,0.22679999
1861,2021,0.22669999
1861,2022,0.22570001
1861,2023,0.227
1861,2024,0.23100001
1861,2025,0.2321
1862,2006,0.2137
1862,2007,0.21610001
1862,2008,0.2233
1862,2009,0.23280001
1862,2010,0.2394
1862,2011,0.2474
1862,2012,0.2561
1862,2013,0.2597
1862,2014,0.26339999
1862,2015,0.26710001
1862,2016,0.26629999
1862,2017,0.2687
1862,2018,0.27399999
1862,2019,0.2762
1862,2020,0.27959999
1862,2021,0.28639999
1862,2022,0.28670001
1862,2023,0.28839999
1862,2024,0.28920001
1862,2025,0.29339999
1863,2006,0.25479999
1863,2007,0.2606
1863,2008,0.2658
1863,2009,0.26640001
1863,2010,0.27239999
1863,2011,0.278
1863,2012,0.2852
1863,2013,0.2863
1863,2014,0.28760001
1863,2015,0.28920001
1863,2016,0.28929999
1863,2017,0.2879
1863,2018,0.28870001
1863,2019,0.28479999
1863,2020,0.287
1863,2021,0.28819999
1863,2022,0.29539999
1863,2023,0.30070001
1863,2024,0.3087
1863,2025,0.3125
1864,2006,0.2489
1864,2007,0.25569999
1864,2008,0.25999999
1864,2009,0.2658
1864,2010,0.27509999
1864,2011,0.2809
1864,2012,0.289
1864,2013,0.28349999
1864,2014,0.27950001
1864,2015,0.27759999
1864,2016,0.27630001
1864,2017,0.28650001
1864,2018,0.2967
1864,2019,0.30180001
1864,2020,0.3145
1864,2021,0.32080001
1864,2022,0.32460001
1864,2023,0.3351
1864,2024,0.33989999
1864,2025,0.3466
1880,2006,0.1609
1880,2007,0.1621
1880,2008,0.1638
1880,2009,0.1657
1880,2010,0.1689
1880,2011,0.17209999
1880,2012,0.1749
1880,2013,0.1771
1880,2014,0.17829999
1880,2015,0.18099999
1880,2016,0.1803
1880,2017,0.17990001
1880,2018,0.17900001
1880,2019,0.17990001
1880,2020,0.1816
1880,2021,0.18430001
1880,2022,0.1856
1880,2023,0.18619999
1880,2024,0.18799999
1880,2025,0.1904
1881,2006,0.164
1881,2007,0.1663
1881,2008,0.1689
1881,2009,0.1741
1881,2010,0.17749999
1881,2011,0.1811
1881,2012,0.1833
1881,2013,0.1874
1881,2014,0.1919
1881,2015,0.1928
1881,2016,0.1952
1881,2017,0.1956
1881,2018,0.1982
1881,2019,0.199
1881,2020,0.2009
1881,2021,0.2008
1881,2022,0.20290001
1881,2023,0.2032
1881,2024,0.2036
1881,2025,0.2042
1882,2006,0.21520001
1882,2007,0.2221
1882,2008,0.22849999
1882,2009,0.2352
1882,2010,0.2449
1882,2011,0.2518
1882,2012,0.25979999
1882,2013,0.26530001
1882,2014,0.27360001
1882,2015,0.2762
1882,2016,0.2757
1882,2017,0.27900001
1882,2018,0.28209999
1882,2019,0.28619999
1882,2020,0.2886
1882,2021,0.28979999
1882,2022,0.2949
1882,2023,0.29750001
1882,2024,0.30090001
1882,2025,0.3028
1883,2006,0.2157
1883,2007,0.21969999
1883,2008,0.2253
1883,2009,0.2304
1883,2010,0.23649999
1883,2011,0.24160001
1883,2012,0.243
1883,2013,0.2445
1883,2014,0.2437
1883,2015,0.2431
1883,2016,0.2401
1883,2017,0.2439
1883,2018,0.2458
1883,2019,0.2466
1883,2020,0.2491
1883,2021,0.2481
1883,2022,0.25
1883,2023,0.25119999
1883,2024,0.25459999
1883,2025,0.2552
1884,2006,0.2015
1884,2007,0.20630001
1884,2008,0.21269999
1884,2009,0.2184
1884,2010,0.2261
1884,2011,0.237
1884,2012,0.2481
1884,2013,0.2518
1884,2014,0.25960001
1884,2015,0.26069999
1884,2016,0.26050001
1884,2017,0.26190001
1884,2018,0.26660001
1884,2019,0.26930001
1884,2020,0.27239999
1884,2021,0.27410001
1884,2022,0.27990001
1884,2023,0.28259999
1884,2024,0.28600001
1884,2025,0.29120001
1885,2006,0.2005
1885,2007,0.2018
1885,2008,0.20630001
1885,2009,0.2133
1885,2010,0.2203
1885,2011,0.2271
1885,2012,0.23109999
1885,2013,0.2332
1885,2014,0.236
1885,2015,0.23899999
1885,2016,0.2402
1885,2017,0.24259999
1885,2018,0.2446
1885,2019,0.24770001
1885,2020,0.25060001
1885,2021,0.25420001
1885,2022,0.25670001
1885,2023,0.25920001
1885,2024,0.26350001
1885,2025,0.26809999
1904,2006,0.2128
1904,2007,0.2166
1904,2008,0.22669999
1904,2009,0.2395
1904,2010,0.25440001
1904,2011,0.2647
1904,2012,0.27410001
1904,2013,0.27860001
1904,2014,0.28279999
1904,2015,0.28220001
1904,2016,0.28600001
1904,2017,0.28929999
1904,2018,0.2933
1904,2019,0.29750001
1904,2020,0.30140001
1904,2021,0.29899999
1904,2022,0.2969
1904,2023,0.30309999
1904,2024,0.31020001
1904,2025,0.30919999
1907,2006,0.1874
1907,2007,0.1913
1907,2008,0.1989
1907,2009,0.20909999
1907,2010,0.2193
1907,2011,0.2274
1907,2012,0.23549999
1907,2013,0.2427
1907,2014,0.245
1907,2015,0.24770001
1907,2016,0.25009999
1907,2017,0.25240001
1907,2018,0.24959999
1907,2019,0.2492
1907,2020,0.25
1907,2021,0.2481
1907,2022,0.25060001
1907,2023,0.25510001
1907,2024,0.2577
1907,2025,0.25799999
1960,2006,0.18960001
1960,2007,0.1918
1960,2008,0.1979
1960,2009,0.2095
1960,2010,0.2175
1960,2011,0.22499999
1960,2012,0.2335
1960,2013,0.23459999
1960,2014,0.2387
1960,2015,0.2418
1960,2016,0.23989999
1960,2017,0.2393
1960,2018,0.24070001
1960,2019,0.2413
1960,2020,0.23989999
1960,2021,0.2393
1960,2022,0.2388
1960,2023,0.2438
1960,2024,0.24590001
1960,2025,0.2529
1961,2006,0.20919999
1961,2007,0.21089999
1961,2008,0.214
1961,2009,0.2176
1961,2010,0.22
1961,2011,0.2247
1961,2012,0.2296
1961,2013,0.23540001
1961,2014,0.23899999
1961,2015,0.2394
1961,2016,0.241
1961,2017,0.242
1961,2018,0.23999999
1961,2019,0.2392
1961,2020,0.23800001
1961,2021,0.2358
1961,2022,0.236
1961,2023,0.2353
1961,2024,0.2376
1961,2025,0.2393
1962,2006,0.20209999
1962,2007,0.208
1962,2008,0.2148
1962,2009,0.22390001
1962,2010,0.2287
1962,2011,0.2358
1962,2012,0.24529999
1962,2013,0.25729999
1962,2014,0.25619999
1962,2015,0.25330001
1962,2016,0.2579
1962,2017,0.2647
1962,2018,0.2667
1962,2019,0.27520001
1962,2020,0.27959999
1962,2021,0.28169999
1962,2022,0.28169999
1962,2023,0.28839999
1962,2024,0.294
1962,2025,0.2947
1980,2006,0.17020001
1980,2007,0.17209999
1980,2008,0.1749
1980,2009,0.1789
1980,2010,0.1824
1980,2011,0.18629999
1980,2012,0.18970001
1980,2013,0.1928
1980,2014,0.19509999
1980,2015,0.197
1980,2016,0.19670001
1980,2017,0.1955
1980,2018,0.19419999
1980,2019,0.19419999
1980,2020,0.1936
1980,2021,0.19400001
1980,2022,0.19419999
1980,2023,0.1955
1980,2024,0.197
1980,2025,0.19850001
1981,2006,0.19589999
1981,2007,0.19930001
1981,2008,0.2045
1981,2009,0.20990001
1981,2010,0.2158
1981,2011,0.2203
1981,2012,0.22409999
1981,2013,0.2304
1981,2014,0.23549999
1981,2015,0.2397
1981,2016,0.2422
1981,2017,0.2447
1981,2018,0.2458
1981,2019,0.2472
1981,2020,0.2492
1981,2021,0.2498
1981,2022,0.25310001
1981,2023,0.25740001
1981,2024,0.26089999
1981,2025,0.26519999
1982,2006,0.23019999
1982,2007,0.23029999
1982,2008,0.2295
1982,2009,0.233
1982,2010,0.2332
1982,2011,0.23639999
1982,2012,0.23710001
1982,2013,0.2349
1982,2014,0.233
1982,2015,0.2333
1982,2016,0.2296
1982,2017,0.2318
1982,2018,0.2331
1982,2019,0.2369
1982,2020,0.2374
1982,2021,0.23899999
1982,2022,0.2394
1982,2023,0.2423
1982,2024,0.2464
1982,2025,0.25279999
1983,2006,0.20190001
1983,2007,0.2042
1983,2008,0.2067
1983,2009,0.2113
1983,2010,0.2174
1983,2011,0.2221
1983,2012,0.2256
1983,2013,0.2281
1983,2014,0.2318
1983,2015,0.2343
1983,2016,0.2344
1983,2017,0.23559999
1983,2018,0.2359
1983,2019,0.23800001
1983,2020,0.241
1983,2021,0.243
1983,2022,0.2458
1983,2023,0.2484
1983,2024,0.252
1983,2025,0.25330001
1984,2006,0.2131
1984,2007,0.21780001
1984,2008,0.22319999
1984,2009,0.2297
1984,2010,0.23729999
1984,2011,0.2445
1984,2012,0.2475
1984,2013,0.24869999
1984,2014,0.25330001
1984,2015,0.2516
1984,2016,0.25229999
1984,2017,0.25389999
1984,2018,0.2536
1984,2019,0.2572
1984,2020,0.2622
1984,2021,0.2617
1984,2022,0.2647
1984,2023,0.26859999
1984,2024,0.2726
1984,2025,0.27340001
2021,2006,0.2255
2021,2007,0.23119999
2021,2008,0.2368
2021,2009,0.2427
2021,2010,0.2483
2021,2011,0.25209999
2021,2012,0.25650001
2021,2013,0.26230001
2021,2014,0.26730001
2021,2015,0.2669
2021,2016,0.26339999
2021,2017,0.26840001
2021,2018,0.2728
2021,2019,0.27079999
2021,2020,0.26980001
2021,2021,0.27239999
2021,2022,0.27129999
2021,2023,0.27540001
2021,2024,0.27739999
2021,2025,0.28580001
2023,2006,0.21699999
2023,2007,0.2198
2023,2008,0.2225
2023,2009,0.2262
2023,2010,0.2313
2023,2011,0.23890001
2023,2012,0.24420001
2023,2013,0.2492
2023,2014,0.2559
2023,2015,0.2586
2023,2016,0.2581
2023,2017,0.25839999
2023,2018,0.2597
2023,2019,0.26429999
2023,2020,0.26640001
2023,2021,0.27000001
2023,2022,0.27419999
2023,2023,0.2755
2023,2024,0.2762
2023,2025,0.2789
2026,2006,0.18790001
2026,2007,0.1909
2026,2008,0.19400001
2026,2009,0.1998
2026,2010,0.2061
2026,2011,0.212
2026,2012,0.21950001
2026,2013,0.2262
2026,2014,0.234
2026,2015,0.2384
2026,2016,0.2431
2026,2017,0.2432
2026,2018,0.2466
2026,2019,0.24959999
2026,2020,0.2492
2026,2021,0.25189999
2026,2022,0.2559
2026,2023,0.26339999
2026,2024,0.26570001
2026,2025,0.26949999
2029,2006,0.2128
2029,2007,0.22130001
2029,2008,0.23029999
2029,2009,0.2362
2029,2010,0.2429
2029,2011,0.25
2029,2012,0.25729999
2029,2013,0.2638
2029,2014,0.2705
2029,2015,0.27469999
2029,2016,0.2755
2029,2017,0.27849999
2029,2018,0.2827
2029,2019,0.28650001
2029,2020,0.28940001
2029,2021,0.29269999
2029,2022,0.29710001
2029,2023,0.29980001
2029,2024,0.30149999
2029,2025,0.30360001
2031,2006,0.25440001
2031,2007,0.2563
2031,2008,0.26199999
2031,2009,0.27270001
2031,2010,0.27779999
2031,2011,0.28670001
2031,2012,0.2956
2031,2013,0.30540001
2031,2014,0.31439999
2031,2015,0.322
2031,2016,0.32089999
2031,2017,0.32710001
2031,2018,0.32730001
2031,2019,0.33489999
2031,2020,0.33539999
2031,2021,0.33340001
2031,2022,0.3344
2031,2023,0.33899999
2031,2024,0.3423
2031,2025,0.34650001
2034,2006,0.2149
2034,2007,0.2168
2034,2008,0.223
2034,2009,0.2297
2034,2010,0.2349
2034,2011,0.2429
2034,2012,0.24699999
2034,2013,0.25139999
2034,2014,0.25979999
2034,2015,0.26769999
2034,2016,0.26370001
2034,2017,0.2647
2034,2018,0.27219999
2034,2019,0.2701
2034,2020,0.27739999
2034,2021,0.2832
2034,2022,0.285
2034,2023,0.2852
2034,2024,0.28749999
2034,2025,0.28839999
2039,2006,0.23639999
2039,2007,0.241
2039,2008,0.2414
2039,2009,0.2419
2039,2010,0.2445
2039,2011,0.2489
2039,2012,0.255
2039,2013,0.2674
2039,2014,0.27160001
2039,2015,0.27790001
2039,2016,0.27770001
2039,2017,0.27869999
2039,2018,0.27919999
2039,2019,0.28400001
2039,2020,0.2845
2039,2021,0.28729999
2039,2022,0.28650001
2039,2023,0.29530001
2039,2024,0.2992
2039,2025,0.30360001
2061,2006,0.2079
2061,2007,0.21160001
2061,2008,0.2176
2061,2009,0.2238
2061,2010,0.23459999
2061,2011,0.2428
2061,2012,0.25189999
2061,2013,0.25909999
2061,2014,0.2642
2061,2015,0.26969999
2061,2016,0.26930001
2061,2017,0.2762
2061,2018,0.27880001
2061,2019,0.28439999
2061,2020,0.2863
2061,2021,0.28889999
2061,2022,0.29460001
2061,2023,0.29789999
2061,2024,0.30090001
2061,2025,0.3039
2062,2006,0.2026
2062,2007,0.2076
2062,2008,0.21160001
2062,2009,0.219
2062,2010,0.2252
2062,2011,0.2344
2062,2012,0.2402
2062,2013,0.2467
2062,2014,0.25240001
2062,2015,0.25639999
2062,2016,0.25929999
2062,2017,0.2642
2062,2018,0.2687
2062,2019,0.27160001
2062,2020,0.2764
2062,2021,0.27959999
2062,2022,0.28169999
2062,2023,0.28569999
2062,2024,0.28729999
2062,2025,0.29069999
2080,2006,0.17399999
2080,2007,0.17640001
2080,2008,0.1795
2080,2009,0.185
2080,2010,0.1901
2080,2011,0.1961
2080,2012,0.2007
2080,2013,0.2042
2080,2014,0.20999999
2080,2015,0.21269999
2080,2016,0.21430001
2080,2017,0.21690001
2080,2018,0.2198
2080,2019,0.2218
2080,2020,0.22570001
2080,2021,0.2282
2080,2022,0.2324
2080,2023,0.23459999
2080,2024,0.23729999
2080,2025,0.2402
2081,2006,0.17569999
2081,2007,0.1769
2081,2008,0.17919999
2081,2009,0.1813
2081,2010,0.1838
2081,2011,0.1891
2081,2012,0.1918
2081,2013,0.1952
2081,2014,0.19580001
2081,2015,0.1974
2081,2016,0.197
2081,2017,0.1963
2081,2018,0.19769999
2081,2019,0.1992
2081,2020,0.20119999
2081,2021,0.2054
2081,2022,0.2085
2081,2023,0.21250001
2081,2024,0.21439999
2081,2025,0.21709999
2082,2006,0.18709999
2082,2007,0.1917
2082,2008,0.19599999
2082,2009,0.20290001
2082,2010,0.2093
2082,2011,0.2166
2082,2012,0.2236
2082,2013,0.2318
2082,2014,0.23639999
2082,2015,0.23980001
2082,2016,0.2446
2082,2017,0.2472
2082,2018,0.25490001
2082,2019,0.26120001
2082,2020,0.26120001
2082,2021,0.26679999
2082,2022,0.26980001
2082,2023,0.2739
2082,2024,0.2782
2082,2025,0.27900001
2083,2006,0.20919999
2083,2007,0.2123
2083,2008,0.2158
2083,2009,0.21870001
2083,2010,0.2242
2083,2011,0.2304
2083,2012,0.2361
2083,2013,0.2431
2083,2014,0.2483
2083,2015,0.2489
2083,2016,0.24789999
2083,2017,0.2499
2083,2018,0.2527
2083,2019,0.255
2083,2020,0.259
2083,2021,0.26120001
2083,2022,0.26539999
2083,2023,0.27160001
2083,2024,0.27849999
2083,2025,0.28510001
2084,2006,0.2145
2084,2007,0.2174
2084,2008,0.22310001
2084,2009,0.22759999
2084,2010,0.23280001
2084,2011,0.23890001
2084,2012,0.2412
2084,2013,0.2458
2084,2014,0.2482
2084,2015,0.2431
2084,2016,0.2421
2084,2017,0.2436
2084,2018,0.24519999
2084,2019,0.25040001
2084,2020,0.2554
2084,2021,0.2581
2084,2022,0.26269999
2084,2023,0.26710001
2084,2024,0.27340001
2084,2025,0.27649999
2085,2006,0.22840001
2085,2007,0.2306
2085,2008,0.23199999
2085,2009,0.2352
2085,2010,0.23810001
2085,2011,0.2423
2085,2012,0.2448
2085,2013,0.24680001
2085,2014,0.2467
2085,2015,0.2446
2085,2016,0.2405
2085,2017,0.2419
2085,2018,0.2413
2085,2019,0.2436
2085,2020,0.24779999
2085,2021,0.24860001
2085,2022,0.2493
2085,2023,0.24969999
2085,2024,0.24959999
2085,2025,0.25060001
2101,2006,0.2175
2101,2007,0.2189
2101,2008,0.2186
2101,2009,0.22499999
2101,2010,0.2308
2101,2011,0.2362
2101,2012,0.2429
2101,2013,0.25690001
2101,2014,0.2579
2101,2015,0.26010001
2101,2016,0.26679999
2101,2017,0.2694
2101,2018,0.2737
2101,2019,0.2782
2101,2020,0.28529999
2101,2021,0.29359999
2101,2022,0.30059999
2101,2023,0.3071
2101,2024,0.3145
2101,2025,0.31850001
2104,2006,0.2307
2104,2007,0.23119999
2104,2008,0.2335
2104,2009,0.23800001
2104,2010,0.2383
2104,2011,0.2462
2104,2012,0.2493
2104,2013,0.2516
2104,2014,0.25639999
2104,2015,0.2559
2104,2016,0.255
2104,2017,0.2543
2104,2018,0.25929999
2104,2019,0.26230001
2104,2020,0.26120001
2104,2021,0.2626
2104,2022,0.26980001
2104,2023,0.27489999
2104,2024,0.27790001
2104,2025,0.28439999
2121,2006,0.2174
2121,2007,0.22149999
2121,2008,0.2255
2121,2009,0.233
2121,2010,0.24079999
2121,2011,0.248
2121,2012,0.25670001
2121,2013,0.2633
2121,2014,0.26840001
2121,2015,0.26809999
2121,2016,0.26800001
2121,2017,0.27090001
2121,2018,0.273
2121,2019,0.27590001
2121,2020,0.27829999
2121,2021,0.27919999
2121,2022,0.28439999
2121,2023,0.28639999
2121,2024,0.29449999
2121,2025,0.2987
2132,2006,0.2089
2132,2007,0.2103
2132,2008,0.2173
2132,2009,0.2262
2132,2010,0.2307
2132,2011,0.2404
2132,2012,0.24529999
2132,2013,0.25130001
2132,2014,0.25690001
2132,2015,0.26140001
2132,2016,0.26120001
2132,2017,0.26640001
2132,2018,0.26859999
2132,2019,0.2703
2132,2020,0.2692
2132,2021,0.27149999
2132,2022,0.27419999
2132,2023,0.27790001
2132,2024,0.28220001
2132,2025,0.27950001
2161,2006,0.2261
2161,2007,0.22669999
2161,2008,0.2287
2161,2009,0.2322
2161,2010,0.2379
2161,2011,0.2455
2161,2012,0.2494
2161,2013,0.25600001
2161,2014,0.25940001
2161,2015,0.26179999
2161,2016,0.26359999
2161,2017,0.2665
2161,2018,0.26930001
2161,2019,0.27489999
2161,2020,0.2773
2161,2021,0.28259999
2161,2022,0.28389999
2161,2023,0.28850001
2161,2024,0.29190001
2161,2025,0.29589999
2180,2006,0.1763
2180,2007,0.1778
2180,2008,0.1795
2180,2009,0.18269999
2180,2010,0.1869
2180,2011,0.19140001
2180,2012,0.19410001
2180,2013,0.19660001
2180,2014,0.19840001
2180,2015,0.2001
2180,2016,0.2005
2180,2017,0.20190001
2180,2018,0.2032
2180,2019,0.20460001
2180,2020,0.2057
2180,2021,0.207
2180,2022,0.2088
2180,2023,0.2115
2180,2024,0.21359999
2180,2025,0.21619999
2181,2006,0.20379999
2181,2007,0.20559999
2181,2008,0.2086
2181,2009,0.215
2181,2010,0.2217
2181,2011,0.227
2181,2012,0.2318
2181,2013,0.2353
2181,2014,0.2375
2181,2015,0.23649999
2181,2016,0.23469999
2181,2017,0.23469999
2181,2018,0.2375
2181,2019,0.23999999
2181,2020,0.24169999
2181,2021,0.24240001
2181,2022,0.24339999
2181,2023,0.24770001
2181,2024,0.25049999
2181,2025,0.2529
2182,2006,0.2209
2182,2007,0.22400001
2182,2008,0.22840001
2182,2009,0.2349
2182,2010,0.2422
2182,2011,0.25080001
2182,2012,0.25690001
2182,2013,0.2586
2182,2014,0.26359999
2182,2015,0.26370001
2182,2016,0.26480001
2182,2017,0.26800001
2182,2018,0.2723
2182,2019,0.27509999
2182,2020,0.27689999
2182,2021,0.2825
2182,2022,0.285
2182,2023,0.29100001
2182,2024,0.29719999
2182,2025,0.30309999
2183,2006,0.21870001
2183,2007,0.2202
2183,2008,0.2247
2183,2009,0.2309
2183,2010,0.235
2183,2011,0.2397
2183,2012,0.24590001
2183,2013,0.2502
2183,2014,0.2511
2183,2015,0.25099999
2183,2016,0.25240001
2183,2017,0.25240001
2183,2018,0.25400001
2183,2019,0.25740001
2183,2020,0.26159999
2183,2021,0.26449999
2183,2022,0.2665
2183,2023,0.26989999
2183,2024,0.27289999
2183,2025,0.27739999
2184,2006,0.19679999
2184,2007,0.1997
2184,2008,0.2041
2184,2009,0.20990001
2184,2010,0.21699999
2184,2011,0.2242
2184,2012,0.2307
2184,2013,0.2366
2184,2014,0.2412
2184,2015,0.24590001
2184,2016,0.2476
2184,2017,0.25009999
2184,2018,0.25440001
2184,2019,0.25799999
2184,2020,0.2608
2184,2021,0.2631
2184,2022,0.26640001
2184,2023,0.2685
2184,2024,0.27160001
2184,2025,0.27540001
2260,2006,0.2457
2260,2007,0.2446
2260,2008,0.2482
2260,2009,0.25029999
2260,2010,0.25189999
2260,2011,0.25619999
2260,2012,0.2622
2260,2013,0.26589999
2260,2014,0.2676
2260,2015,0.27070001
2260,2016,0.27020001
2260,2017,0.27129999
2260,2018,0.27309999
2260,2019,0.2737
2260,2020,0.27520001
2260,2021,0.2798
2260,2022,0.28709999
2260,2023,0.2904
2260,2024,0.29719999
2260,2025,0.3019
2262,2006,0.1822
2262,2007,0.186
2262,2008,0.19
2262,2009,0.1974
2262,2010,0.2013
2262,2011,0.2097
2262,2012,0.21340001
2262,2013,0.2174
2262,2014,0.22409999
2262,2015,0.2264
2262,2016,0.2291
2262,2017,0.22750001
2262,2018,0.2289
2262,2019,0.23190001
2262,2020,0.2333
2262,2021,0.23450001
2262,2022,0.2387
2262,2023,0.2437
2262,2024,0.2446
2262,2025,0.24600001
2280,2006,0.208
2280,2007,0.21250001
2280,2008,0.2177
2280,2009,0.2221
2280,2010,0.2298
2280,2011,0.23800001
2280,2012,0.24510001
2280,2013,0.24869999
2280,2014,0.2529
2280,2015,0.252
2280,2016,0.2516
2280,2017,0.2563
2280,2018,0.25830001
2280,2019,0.26030001
2280,2020,0.26289999
2280,2021,0.26499999
2280,2022,0.2685
2280,2023,0.2735
2280,2024,0.27579999
2280,2025,0.27759999
2281,2006,0.1839
2281,2007,0.18709999
2281,2008,0.19069999
2281,2009,0.19329999
2281,2010,0.19760001
2281,2011,0.2014
2281,2012,0.2045
2281,2013,0.2079
2281,2014,0.20999999
2281,2015,0.2119
2281,2016,0.212
2281,2017,0.21340001
2281,2018,0.21600001
2281,2019,0.2172
2281,2020,0.2183
2281,2021,0.2212
2281,2022,0.22310001
2281,2023,0.2256
2281,2024,0.22759999
2281,2025,0.2296
2282,2006,0.24150001
2282,2007,0.2418
2282,2008,0.2449
2282,2009,0.25209999
2282,2010,0.25999999
2282,2011,0.2687
2282,2012,0.2739
2282,2013,0.27869999
2282,2014,0.28310001
2282,2015,0.287
2282,2016,0.28240001
2282,2017,0.2843
2282,2018,0.2872
2282,2019,0.2902
2282,2020,0.29100001
2282,2021,0.29390001
2282,2022,0.29809999
2282,2023,0.3035
2282,2024,0.3028
2282,2025,0.3053
2283,2006,0.24420001
2283,2007,0.2448
2283,2008,0.248
2283,2009,0.2534
2283,2010,0.25600001
2283,2011,0.26359999
2283,2012,0.26660001
2283,2013,0.2687
2283,2014,0.26840001
2283,2015,0.26969999
2283,2016,0.27090001
2283,2017,0.27399999
2283,2018,0.2789
2283,2019,0.28600001
2283,2020,0.29210001
2283,2021,0.29449999
2283,2022,0.2974
2283,2023,0.30039999
2283,2024,0.30320001
2283,2025,0.30540001
2284,2006,0.208
2284,2007,0.2101
2284,2008,0.2128
2284,2009,0.2172
2284,2010,0.22139999
2284,2011,0.2262
2284,2012,0.2297
2284,2013,0.2341
2284,2014,0.23729999
2284,2015,0.23800001
2284,2016,0.2397
2284,2017,0.2413
2284,2018,0.24339999
2284,2019,0.24609999
2284,2020,0.24789999
2284,2021,0.24950001
2284,2022,0.25170001
2284,2023,0.2527
2284,2024,0.25459999
2284,2025,0.2561
2303,2006,0.26390001
2303,2007,0.26339999
2303,2008,0.26699999
2303,2009,0.27079999
2303,2010,0.2739
2303,2011,0.28009999
2303,2012,0.27990001
2303,2013,0.28470001
2303,2014,0.2888
2303,2015,0.2929
2303,2016,0.28420001
2303,2017,0.28420001
2303,2018,0.29080001
2303,2019,0.2924
2303,2020,0.29550001
2303,2021,0.29190001
2303,2022,0.29069999
2303,2023,0.29429999
2303,2024,0.30219999
2303,2025,0.3075
2305,2006,0.22759999
2305,2007,0.23
2305,2008,0.2376
2305,2009,0.2454
2305,2010,0.2507
2305,2011,0.2588
2305,2012,0.26539999
2305,2013,0.27169999
2305,2014,0.27590001
2305,2015,0.27790001
2305,2016,0.27590001
2305,2017,0.27489999
2305,2018,0.27829999
2305,2019,0.2854
2305,2020,0.2877
2305,2021,0.29179999
2305,2022,0.2949
2305,2023,0.30450001
2305,2024,0.31380001
2305,2025,0.31259999
2309,2006,0.1698
2309,2007,0.17399999
2309,2008,0.1795
2309,2009,0.185
2309,2010,0.1884
2309,2011,0.1939
2309,2012,0.1988
2309,2013,0.20190001
2309,2014,0.20559999
2309,2015,0.2084
2309,2016,0.20909999
2309,2017,0.2111
2309,2018,0.2142
2309,2019,0.21690001
2309,2020,0.2174
2309,2021,0.2176
2309,2022,0.21699999
2309,2023,0.21969999
2309,2024,0.22050001
2309,2025,0.2219
2313,2006,0.24869999
2313,2007,0.25009999
2313,2008,0.25220001
2313,2009,0.25729999
2313,2010,0.26069999
2313,2011,0.2647
2313,2012,0.27250001
2313,2013,0.27900001
2313,2014,0.2836
2313,2015,0.28940001
2313,2016,0.28819999
2313,2017,0.2888
2313,2018,0.29170001
2313,2019,0.29530001
2313,2020,0.2992
2313,2021,0.29859999
2313,2022,0.30410001
2313,2023,0.31349999
2313,2024,0.31670001
2313,2025,0.3213
2321,2006,0.1683
2321,2007,0.16949999
2321,2008,0.1682
2321,2009,0.1697
2321,2010,0.1716
2321,2011,0.17730001
2321,2012,0.1781
2321,2013,0.178
2321,2014,0.1812
2321,2015,0.1822
2321,2016,0.17649999
2321,2017,0.17550001
2321,2018,0.1728
2321,2019,0.17569999
2321,2020,0.17470001
2321,2021,0.17550001
2321,2022,0.17739999
2321,2023,0.1796
2321,2024,0.1777
2321,2025,0.18179999
2326,2006,0.2412
2326,2007,0.2423
2326,2008,0.2465
2326,2009,0.25220001
2326,2010,0.25830001
2326,2011,0.26190001
2326,2012,0.26789999
2326,2013,0.27320001
2326,2014,0.27990001
2326,2015,0.28479999
2326,2016,0.2802
2326,2017,0.28099999
2326,2018,0.2841
2326,2019,0.28760001
2326,2020,0.29170001
2326,2021,0.2929
2326,2022,0.2947
2326,2023,0.29679999
2326,2024,0.29660001
2326,2025,0.29899999
2361,2006,0.25029999
2361,2007,0.2499
2361,2008,0.2536
2361,2009,0.259
2361,2010,0.26519999
2361,2011,0.2726
2361,2012,0.2775
2361,2013,0.2791
2361,2014,0.2859
2361,2015,0.2854
2361,2016,0.28870001
2361,2017,0.29010001
2361,2018,0.29089999
2361,2019,0.29429999
2361,2020,0.2949
2361,2021,0.29640001
2361,2022,0.29460001
2361,2023,0.29589999
2361,2024,0.30019999
2361,2025,0.30180001
2380,2006,0.17479999
2380,2007,0.1772
2380,2008,0.1812
2380,2009,0.1841
2380,2010,0.1891
2380,2011,0.1936
2380,2012,0.19840001
2380,2013,0.2032
2380,2014,0.2051
2380,2015,0.2071
2380,2016,0.20900001
2380,2017,0.2102
2380,2018,0.21250001
2380,2019,0.2146
2380,2020,0.2164
2380,2021,0.2185
2380,2022,0.2203
2380,2023,0.222
2380,2024,0.22409999
2380,2025,0.22589999
2401,2006,0.2277
2401,2007,0.23100001
2401,2008,0.23450001
2401,2009,0.241
2401,2010,0.2491
2401,2011,0.25369999
2401,2012,0.2581
2401,2013,0.26159999
2401,2014,0.26629999
2401,2015,0.2678
2401,2016,0.2705
2401,2017,0.27090001
2401,2018,0.2723
2401,2019,0.27540001
2401,2020,0.28389999
2401,2021,0.28510001
2401,2022,0.28670001
2401,2023,0.2859
2401,2024,0.2877
2401,2025,0.29170001
2403,2006,0.2861
2403,2007,0.2868
2403,2008,0.29210001
2403,2009,0.28999999
2403,2010,0.29390001
2403,2011,0.3028
2403,2012,0.30360001
2403,2013,0.29969999
2403,2014,0.29949999
2403,2015,0.2992
2403,2016,0.29710001
2403,2017,0.30109999
2403,2018,0.2976
2403,2019,0.2978
2403,2020,0.3012
2403,2021,0.2969
2403,2022,0.29260001
2403,2023,0.29170001
2403,2024,0.29629999
2403,2025,0.3044
2404,2006,0.2473
2404,2007,0.248
2404,2008,0.2441
2404,2009,0.25459999
2404,2010,0.25889999
2404,2011,0.2624
2404,2012,0.26519999
2404,2013,0.27149999
2404,2014,0.27590001
2404,2015,0.28060001
2404,2016,0.28099999
2404,2017,0.27970001
2404,2018,0.2789
2404,2019,0.27829999
2404,2020,0.2757
2404,2021,0.2784
2404,2022,0.2811
2404,2023,0.28040001
2404,2024,0.27990001
2404,2025,0.28029999
2409,2006,0.21600001
2409,2007,0.2142
2409,2008,0.2181
2409,2009,0.2219
2409,2010,0.2281
2409,2011,0.23370001
2409,2012,0.23890001
2409,2013,0.2403
2409,2014,0.2466
2409,2015,0.2474
2409,2016,0.25029999
2409,2017,0.25209999
2409,2018,0.25760001
2409,2019,0.26249999
2409,2020,0.26699999
2409,2021,0.2703
2409,2022,0.2744
2409,2023,0.27919999
2409,2024,0.2845
2409,2025,0.29010001
2417,2006,0.23819999
2417,2007,0.24339999
2417,2008,0.248
2417,2009,0.2493
2417,2010,0.2491
2417,2011,0.25279999
2417,2012,0.25529999
2417,2013,0.25529999
2417,2014,0.25549999
2417,2015,0.2613
2417,2016,0.26789999
2417,2017,0.2726
2417,2018,0.2755
2417,2019,0.28150001
2417,2020,0.2902
2417,2021,0.29089999
2417,2022,0.29089999
2417,2023,0.3012
2417,2024,0.3017
2417,2025,0.30239999
2418,2006,0.2252
2418,2007,0.2256
2418,2008,0.2306
2418,2009,0.2352
2418,2010,0.24429999
2418,2011,0.2489
2418,2012,0.25060001
2418,2013,0.25229999
2418,2014,0.2568
2418,2015,0.2586
2418,2016,0.26809999
2418,2017,0.2723
2418,2018,0.2739
2418,2019,0.28130001
2418,2020,0.2854
2418,2021,0.28439999
2418,2022,0.28490001
2418,2023,0.29159999
2418,2024,0.29139999
2418,2025,0.30149999
2421,2006,0.2502
2421,2007,0.2536
2421,2008,0.26109999
2421,2009,0.26429999
2421,2010,0.27110001
2421,2011,0.273
2421,2012,0.2771
2421,2013,0.2775
2421,2014,0.2814
2421,2015,0.2852
2421,2016,0.28310001
2421,2017,0.28400001
2421,2018,0.2843
2421,2019,0.2911
2421,2020,0.2922
2421,2021,0.29460001
2421,2022,0.2985
2421,2023,0.30410001
2421,2024,0.3089
2421,2025,0.31099999
2422,2006,0.2728
2422,2007,0.27430001
2422,2008,0.28060001
2422,2009,0.27630001
2422,2010,0.27270001
2422,2011,0.26530001
2422,2012,0.2626
2422,2013,0.2678
2422,2014,0.26429999
2422,2015,0.27540001
2422,2016,0.27129999
2422,2017,0.2841
2422,2018,0.28510001
2422,2019,0.2861
2422,2020,0.29570001
2422,2021,0.29800001
2422,2022,0.30250001
2422,2023,0.30669999
2422,2024,0.30669999
2422,2025,0.3105
2425,2006,0.28819999
2425,2007,0.28650001
2425,2008,0.2911
2425,2009,0.2904
2425,2010,0.294
2425,2011,0.2949
2425,2012,0.30059999
2425,2013,0.30180001
2425,2014,0.30140001
2425,2015,0.30219999
2425,2016,0.30050001
2425,2017,0.30540001
2425,2018,0.31310001
2425,2019,0.31439999
2425,2020,0.32550001
2425,2021,0.33270001
2425,2022,0.32949999
2425,2023,0.34369999
2425,2024,0.34869999
2425,2025,0.34999999
2460,2006,0.18870001
2460,2007,0.19
2460,2008,0.19
2460,2009,0.19410001
2460,2010,0.1962
2460,2011,0.2005
2460,2012,0.20479999
2460,2013,0.20460001
2460,2014,0.2098
2460,2015,0.21179999
2460,2016,0.21089999
2460,2017,0.2124
2460,2018,0.21349999
2460,2019,0.2147
2460,2020,0.2155
2460,2021,0.2164
2460,2022,0.21510001
2460,2023,0.21259999
2460,2024,0.21529999
2460,2025,0.21780001
2462,2006,0.2254
2462,2007,0.22490001
2462,2008,0.2287
2462,2009,0.23270001
2462,2010,0.2342
2462,2011,0.2374
2462,2012,0.2379
2462,2013,0.23899999
2462,2014,0.24429999
2462,2015,0.24779999
2462,2016,0.2507
2462,2017,0.25080001
2462,2018,0.2608
2462,2019,0.26359999
2462,2020,0.27160001
2462,2021,0.27689999
2462,2022,0.2809
2462,2023,0.2872
2462,2024,0.28909999
2462,2025,0.294
2463,2006,0.28060001
2463,2007,0.2775
2463,2008,0.2836
2463,2009,0.28439999
2463,2010,0.29350001
2463,2011,0.30230001
2463,2012,0.3012
2463,2013,0.3071
2463,2014,0.3066
2463,2015,0.30329999
2463,2016,0.3037
2463,2017,0.3091
2463,2018,0.30509999
2463,2019,0.3089
2463,2020,0.31189999
2463,2021,0.31740001
2463,2022,0.31779999
2463,2023,0.31709999
2463,2024,0.32179999
2463,2025,0.3229
2480,2006,0.12819999
2480,2007,0.1322
2480,2008,0.1364
2480,2009,0.14
2480,2010,0.1437
2480,2011,0.14839999
2480,2012,0.1523
2480,2013,0.1565
2480,2014,0.16069999
2480,2015,0.1638
2480,2016,0.1648
2480,2017,0.1662
2480,2018,0.1674
2480,2019,0.1681
2480,2020,0.1697
2480,2021,0.1717
2480,2022,0.1734
2480,2023,0.1759
2480,2024,0.17820001
2480,2025,0.17910001
2481,2006,0.2145
2481,2007,0.2158
2481,2008,0.21789999
2481,2009,0.2194
2481,2010,0.22499999
2481,2011,0.23100001
2481,2012,0.23360001
2481,2013,0.2397
2481,2014,0.2437
2481,2015,0.2471
2481,2016,0.2481
2481,2017,0.24699999
2481,2018,0.2449
2481,2019,0.2448
2481,2020,0.2471
2481,2021,0.248
2481,2022,0.2457
2481,2023,0.2484
2481,2024,0.25170001
2481,2025,0.25279999
2482,2006,0.2001
2482,2007,0.20299999
2482,2008,0.2059
2482,2009,0.20909999
2482,2010,0.2145
2482,2011,0.2176
2482,2012,0.2208
2482,2013,0.2244
2482,2014,0.2262
2482,2015,0.2282
2482,2016,0.23010001
2482,2017,0.2318
2482,2018,0.23540001
2482,2019,0.2379
2482,2020,0.24089999
2482,2021,0.24089999
2482,2022,0.23899999
2482,2023,0.23379999
2482,2024,0.2291
2482,2025,0.23980001
2505,2006,0.24680001
2505,2007,0.2482
2505,2008,0.2511
2505,2009,0.2561
2505,2010,0.26140001
2505,2011,0.26460001
2505,2012,0.26820001
2505,2013,0.2714
2505,2014,0.26480001
2505,2015,0.26769999
2505,2016,0.26730001
2505,2017,0.26539999
2505,2018,0.27000001
2505,2019,0.27239999
2505,2020,0.27430001
2505,2021,0.2766
2505,2022,0.28080001
2505,2023,0.28330001
2505,2024,0.28529999
2505,2025,0.28850001
2506,2006,0.24600001
2506,2007,0.25150001
2506,2008,0.25139999
2506,2009,0.25330001
2506,2010,0.25310001
2506,2011,0.26010001
2506,2012,0.26620001
2506,2013,0.2735
2506,2014,0.2728
2506,2015,0.2719
2506,2016,0.271
2506,2017,0.27489999
2506,2018,0.2807
2506,2019,0.28299999
2506,2020,0.29210001
2506,2021,0.30219999
2506,2022,0.30410001
2506,2023,0.31009999
2506,2024,0.31510001
2506,2025,0.31580001
2510,2006,0.2233
2510,2007,0.2299
2510,2008,0.2349
2510,2009,0.24169999
2510,2010,0.24600001
2510,2011,0.25319999
2510,2012,0.25979999
2510,2013,0.2647
2510,2014,0.26899999
2510,2015,0.26789999
2510,2016,0.26409999
2510,2017,0.271
2510,2018,0.27509999
2510,2019,0.28209999
2510,2020,0.2861
2510,2021,0.2987
2510,2022,0.29890001
2510,2023,0.30289999
2510,2024,0.3055
2510,2025,0.31240001
2513,2006,0.27779999
2513,2007,0.2827
2513,2008,0.2843
2513,2009,0.294
2513,2010,0.30520001
2513,2011,0.31220001
2513,2012,0.31600001
2513,2013,0.3231
2513,2014,0.32440001
2513,2015,0.3249
2513,2016,0.3292
2513,2017,0.33149999
2513,2018,0.3362
2513,2019,0.34209999
2513,2020,0.3484
2513,2021,0.3524
2513,2022,0.3563
2513,2023,0.35640001
2513,2024,0.35800001
2513,2025,0.35170001
2514,2006,0.2236
2514,2007,0.2264
2514,2008,0.23280001
2514,2009,0.2403
2514,2010,0.2471
2514,2011,0.25389999
2514,2012,0.259
2514,2013,0.2667
2514,2014,0.2728
2514,2015,0.2775
2514,2016,0.28049999
2514,2017,0.28169999
2514,2018,0.28330001
2514,2019,0.28940001
2514,2020,0.2915
2514,2021,0.29339999
2514,2022,0.29480001
2514,2023,0.29629999
2514,2024,0.30129999
2514,2025,0.30419999
2518,2006,0.25889999
2518,2007,0.25979999
2518,2008,0.26350001
2518,2009,0.26589999
2518,2010,0.26719999
2518,2011,0.27379999
2518,2012,0.2802
2518,2013,0.28729999
2518,2014,0.29460001
2518,2015,0.30630001
2518,2016,0.3127
2518,2017,0.32319999
2518,2018,0.33469999
2518,2019,0.34889999
2518,2020,0.36539999
2518,2021,0.37020001
2518,2022,0.3836
2518,2023,0.38260001
2518,2024,0.3865
2518,2025,0.3888
2521,2006,0.2978
2521,2007,0.30219999
2521,2008,0.3028
2521,2009,0.30419999
2521,2010,0.30669999
2521,2011,0.31099999
2521,2012,0.31420001
2521,2013,0.31720001
2521,2014,0.3154
2521,2015,0.32710001
2521,2016,0.33000001
2521,2017,0.34009999
2521,2018,0.34240001
2521,2019,0.34299999
2521,2020,0.35069999
2521,2021,0.35280001
2521,2022,0.3549
2521,2023,0.36039999
2521,2024,0.3594
2521,2025,0.36149999
2523,2006,0.21340001
2523,2007,0.2156
2523,2008,0.2202
2523,2009,0.22499999
2523,2010,0.229
2523,2011,0.23459999
2523,2012,0.2362
2523,2013,0.2378
2523,2014,0.24160001
2523,2015,0.2438
2523,2016,0.2465
2523,2017,0.2466
2523,2018,0.25119999
2523,2019,0.2534
2523,2020,0.25350001
2523,2021,0.255
2523,2022,0.2559
2523,2023,0.25600001
2523,2024,0.25940001
2523,2025,0.2622
2560,2006,0.2173
2560,2007,0.2233
2560,2008,0.2299
2560,2009,0.2343
2560,2010,0.2404
2560,2011,0.2439
2560,2012,0.2502
2560,2013,0.25139999
2560,2014,0.25420001
2560,2015,0.25549999
2560,2016,0.25839999
2560,2017,0.25659999
2560,2018,0.26120001
2560,2019,0.26179999
2560,2020,0.2626
2560,2021,0.26460001
2560,2022,0.2665
2560,2023,0.27590001
2560,2024,0.27489999
2560,2025,0.27450001
2580,2006,0.16140001
2580,2007,0.1655
2580,2008,0.1696
2580,2009,0.1735
2580,2010,0.1787
2580,2011,0.18430001
2580,2012,0.1875
2580,2013,0.19149999
2580,2014,0.1945
2580,2015,0.19859999
2580,2016,0.2007
2580,2017,0.20209999
2580,2018,0.20479999
2580,2019,0.208
2580,2020,0.2086
2580,2021,0.2101
2580,2022,0.21170001
2580,2023,0.21340001
2580,2024,0.2154
2580,2025,0.2163
2581,2006,0.1768
2581,2007,0.1802
2581,2008,0.18529999
2581,2009,0.192
2581,2010,0.19930001
2581,2011,0.205
2581,2012,0.2124
2581,2013,0.21780001
2581,2014,0.22220001
2581,2015,0.2264
2581,2016,0.2287
2581,2017,0.2308
2581,2018,0.2349
2581,2019,0.236
2581,2020,0.2383
2581,2021,0.2402
2581,2022,0.2436
2581,2023,0.2464
2581,2024,0.24789999
2581,2025,0.249
2582,2006,0.1894
2582,2007,0.1928
2582,2008,0.19850001
2582,2009,0.2059
2582,2010,0.2111
2582,2011,0.21699999
2582,2012,0.2236
2582,2013,0.2281
2582,2014,0.2332
2582,2015,0.2357
2582,2016,0.23909999
2582,2017,0.24160001
2582,2018,0.24699999
2582,2019,0.2493
2582,2020,0.25119999
2582,2021,0.25299999
2582,2022,0.25819999
2582,2023,0.26050001
2582,2024,0.26190001
2582,2025,0.25639999
2583,2006,0.20999999
2583,2007,0.2102
2583,2008,0.2141
2583,2009,0.21699999
2583,2010,0.2246
2583,2011,0.2324
2583,2012,0.23989999
2583,2013,0.24869999
2583,2014,0.25940001
2583,2015,0.2651
2583,2016,0.26930001
2583,2017,0.27779999
2583,2018,0.28580001
2583,2019,0.29339999
2583,2020,0.30129999
2583,2021,0.30700001
2583,2022,0.31510001
2583,2023,0.32120001
2583,2024,0.32600001
2583,2025,0.33039999
2584,2006,0.18099999
2584,2007,0.18449999
2584,2008,0.1892
2584,2009,0.193
2584,2010,0.19509999
2584,2011,0.1974
2584,2012,0.1998
2584,2013,0.20190001
2584,2014,0.20389999
2584,2015,0.20559999
2584,2016,0.20730001
2584,2017,0.2062
2584,2018,0.2103
2584,2019,0.21170001
2584,2020,0.21250001
2584,2021,0.21439999
2584,2022,0.2147
2584,2023,0.2155
2584,2024,0.2164
2584,2025,0.2166
