kommun,year,andel_eftergymnasial_25_64
0114,2006,0.3168
0114,2007,0.3215
0114,2008,0.3265
0114,2009,0.33059999
0114,2010,0.338
0114,2011,0.34779999
0114,2012,0.35589999
0114,2013,0.36269999
0114,2014,0.37020001
0114,2015,0.3768
0114,2016,0.38780001
0114,2017,0.39379999
0114,2018,0.40400001
0114,2019,0.41549999
0114,2020,0.42500001
0114,2021,0.43189999
0114,2022,0.44949999
0114,2023,0.45840001
0114,2024,0.46650001
0115,2006,0.368
0115,2007,0.3777
0115,2008,0.38339999
0115,2009,0.39089999
0115,2010,0.40000001
0115,2011,0.4113
0115,2012,0.4163
0115,2013,0.42289999
0115,2014,0.42809999
0115,2015,0.43540001
0115,2016,0.44409999
0115,2017,0.45519999
0115,2018,0.46160001
0115,2019,0.46869999
0115,2020,0.47710001
0115,2021,0.48800001
0115,2022,0.50190002
0115,2023,0.51380002
0115,2024,0.52460003
0117,2006,0.36449999
0117,2007,0.36939999
0117,2008,0.3748
0117,2009,0.38029999
0117,2010,0.38749999
0117,2011,0.39739999
0117,2012,0.40400001
0117,2013,0.4104
0117,2014,0.41530001
0117,2015,0.4215
0117,2016,0.42989999
0117,2017,0.4393
0117,2018,0.44580001
0117,2019,0.45320001
0117,2020,0.46090001
0117,2021,0.47620001
0117,2022,0.4901
0117,2023,0.49919999
0117,2024,0.50760001
0120,2006,0.3524
0120,2007,0.3619
0120,2008,0.36849999
0120,2009,0.3734
0120,2010,0.37940001
0120,2011,0.3917
0120,2012,0.39860001
0120,2013,0.40329999
0120,2014,0.41170001
0120,2015,0.41780001
0120,2016,0.42449999
0120,2017,0.43419999
0120,2018,0.44220001
0120,2019,0.44850001
0120,2020,0.45919999
0120,2021,0.47260001
0120,2022,0.48750001
0120,2023,0.4971
0120,2024,0.5061
0123,2006,0.38389999
0123,2007,0.39219999
0123,2008,0.3989
0123,2009,0.40439999
0123,2010,0.41080001
0123,2011,0.41710001
0123,2012,0.42289999
0123,2013,0.4285
0123,2014,0.43650001
0123,2015,0.44170001
0123,2016,0.45070001
0123,2017,0.45730001
0123,2018,0.46700001
0123,2019,0.4727
0123,2020,0.47780001
0123,2021,0.48480001
0123,2022,0.50089997
0123,2023,0.50880003
0123,2024,0.51969999
0125,2006,0.4215
0125,2007,0.4289
0125,2008,0.43669999
0125,2009,0.4472
0125,2010,0.4562
0125,2011,0.46059999
0125,2012,0.4677
0125,2013,0.47189999
0125,2014,0.48050001
0125,2015,0.48769999
0125,2016,0.48989999
0125,2017,0.4989
0125,2018,0.50620002
0125,2019,0.51340002
0125,2020,0.51880002
0125,2021,0.53210002
0125,2022,0.54079998
0125,2023,0.54720002
0125,2024,0.55779999
0126,2006,0.35969999
0126,2007,0.37029999
0126,2008,0.38119999
0126,2009,0.38960001
0126,2010,0.40180001
0126,2011,0.41260001
0126,2012,0.42340001
0126,2013,0.43079999
0126,2014,0.43799999
0126,2015,0.44459999
0126,2016,0.45280001
0126,2017,0.46250001
0126,2018,0.47189999
0126,2019,0.48069999
0126,2020,0.4905
0126,2021,0.49950001
0126,2022,0.51569998
0126,2023,0.5244
0126,2024,0.53259999
0127,2006,0.2863
0127,2007,0.2931
0127,2008,0.2999
0127,2009,0.3044
0127,2010,0.31299999
0127,2011,0.3222
0127,2012,0.32749999
0127,2013,0.3337
0127,2014,0.34040001
0127,2015,0.3461
0127,2016,0.3515
0127,2017,0.3572
0127,2018,0.36579999
0127,2019,0.37149999
0127,2020,0.37639999
0127,2021,0.38440001
0127,2022,0.39719999
0127,2023,0.4025
0127,2024,0.41069999
0128,2006,0.368
0128,2007,0.37470001
0128,2008,0.38100001
0128,2009,0.38339999
0128,2010,0.39320001
0128,2011,0.39789999
0128,2012,0.403
0128,2013,0.41339999
0128,2014,0.4215
0128,2015,0.42500001
0128,2016,0.43340001
0128,2017,0.43790001
0128,2018,0.44319999
0128,2019,0.44350001
0128,2020,0.4508
0128,2021,0.46720001
0128,2022,0.48050001
0128,2023,0.49169999
0128,2024,0.50099999
0136,2006,0.26440001
0136,2007,0.2696
0136,2008,0.2748
0136,2009,0.27900001
0136,2010,0.28510001
0136,2011,0.29260001
0136,2012,0.29840001
0136,2013,0.3055
0136,2014,0.31459999
0136,2015,0.31720001
0136,2016,0.32370001
0136,2017,0.32910001
0136,2018,0.33680001
0136,2019,0.34400001
0136,2020,0.35089999
0136,2021,0.3624
0136,2022,0.3775
0136,2023,0.3874
0136,2024,0.39399999
0138,2006,0.3486
0138,2007,0.3583
0138,2008,0.36399999
0138,2009,0.37020001
0138,2010,0.3786
0138,2011,0.38659999
0138,2012,0.39500001
0138,2013,0.40549999
0138,2014,0.41370001
0138,2015,0.4201
0138,2016,0.42770001
0138,2017,0.43349999
0138,2018,0.43810001
0138,2019,0.44240001
0138,2020,0.45320001
0138,2021,0.4628
0138,2022,0.47780001
0138,2023,0.486
0138,2024,0.4946
0139,2006,0.29550001
0139,2007,0.3062
0139,2008,0.31560001
0139,2009,0.32480001
0139,2010,0.3353
0139,2011,0.3425
0139,2012,0.34909999
0139,2013,0.3563
0139,2014,0.36199999
0139,2015,0.3696
0139,2016,0.3777
0139,2017,0.38339999
0139,2018,0.3933
0139,2019,0.39379999
0139,2020,0.4014
0139,2021,0.40979999
0139,2022,0.42410001
0139,2023,0.4271
0139,2024,0.43009999
0140,2006,0.27880001
0140,2007,0.28299999
0140,2008,0.2956
0140,2009,0.30700001
0140,2010,0.31830001
0140,2011,0.3215
0140,2012,0.32929999
0140,2013,0.3321
0140,2014,0.33379999
0140,2015,0.34580001
0140,2016,0.35319999
0140,2017,0.36039999
0140,2018,0.3664
0140,2019,0.37439999
0140,2020,0.3813
0140,2021,0.38980001
0140,2022,0.40220001
0140,2023,0.4111
0140,2024,0.42089999
0160,2006,0.55010003
0160,2007,0.55879998
0160,2008,0.56550002
0160,2009,0.57380003
0160,2010,0.58099997
0160,2011,0.59140003
0160,2012,0.59820002
0160,2013,0.60600001
0160,2014,0.61159998
0160,2015,0.62029999
0160,2016,0.6257
0160,2017,0.63150001
0160,2018,0.63779998
0160,2019,0.64520001
0160,2020,0.6512
0160,2021,0.6591
0160,2022,0.67110002
0160,2023,0.67949998
0160,2024,0.6857
0162,2006,0.69569999
0162,2007,0.70340002
0162,2008,0.71240002
0162,2009,0.71890002
0162,2010,0.7252
0162,2011,0.73320001
0162,2012,0.73909998
0162,2013,0.74290001
0162,2014,0.74540001
0162,2015,0.7493
0162,2016,0.75319999
0162,2017,0.75599998
0162,2018,0.75840002
0162,2019,0.76590002
0162,2020,0.76709998
0162,2021,0.77530003
0162,2022,0.78130001
0162,2023,0.78670001
0162,2024,0.79180002
0163,2006,0.5036
0163,2007,0.51209998
0163,2008,0.52020001
0163,2009,0.52740002
0163,2010,0.53649998
0163,2011,0.54189998
0163,2012,0.54949999
0163,2013,0.55769998
0163,2014,0.56580001
0163,2015,0.57440001
0163,2016,0.58069998
0163,2017,0.58630002
0163,2018,0.5934
0163,2019,0.59899998
0163,2020,0.60829997
0163,2021,0.61860001
0163,2022,0.63059998
0163,2023,0.63800001
0163,2024,0.64219999
0180,2006,0.52139997
0180,2007,0.5298
0180,2008,0.53860003
0180,2009,0.54689997
0180,2010,0.55549997
0180,2011,0.5636
0180,2012,0.57130003
0180,2013,0.57849997
0180,2014,0.58399999
0180,2015,0.5909
0180,2016,0.59710002
0180,2017,0.60329998
0180,2018,0.61119998
0180,2019,0.61860001
0180,2020,0.62580001
0180,2021,0.63270003
0180,2022,0.6455
0180,2023,0.65270001
0180,2024,0.6602
0181,2006,0.3028
0181,2007,0.30970001
0181,2008,0.3143
0181,2009,0.32069999
0181,2010,0.3242
0181,2011,0.32879999
0181,2012,0.33199999
0181,2013,0.3378
0181,2014,0.34040001
0181,2015,0.34599999
0181,2016,0.3513
0181,2017,0.3531
0181,2018,0.3601
0181,2019,0.36790001
0181,2020,0.37360001
0181,2021,0.3809
0181,2022,0.39770001
0181,2023,0.40669999
0181,2024,0.41530001
0182,2006,0.5043
0182,2007,0.5133
0182,2008,0.52160001
0182,2009,0.52969998
0182,2010,0.53920001
0182,2011,0.54729998
0182,2012,0.55269998
0182,2013,0.55860001
0182,2014,0.565
0182,2015,0.5722
0182,2016,0.58020002
0182,2017,0.58639997
0182,2018,0.59509999
0182,2019,0.602
0182,2020,0.6099
0182,2021,0.62080002
0182,2022,0.63429999
0182,2023,0.64300001
0182,2024,0.64999998
0183,2006,0.40970001
0183,2007,0.41760001
0183,2008,0.42950001
0183,2009,0.4391
0183,2010,0.44800001
0183,2011,0.45829999
0183,2012,0.4711
0183,2013,0.47819999
0183,2014,0.48840001
0183,2015,0.4964
0183,2016,0.5068
0183,2017,0.52100003
0183,2018,0.53479999
0183,2019,0.54720002
0183,2020,0.55839998
0183,2021,0.57080001
0183,2022,0.58630002
0183,2023,0.60000002
0183,2024,0.61140001
0184,2006,0.5194
0184,2007,0.53289998
0184,2008,0.5478
0184,2009,0.56120002
0184,2010,0.5711
0184,2011,0.58230001
0184,2012,0.59429997
0184,2013,0.60399997
0184,2014,0.61119998
0184,2015,0.6196
0184,2016,0.63010001
0184,2017,0.63999999
0184,2018,0.65329999
0184,2019,0.66390002
0184,2020,0.67309999
0184,2021,0.6864
0184,2022,0.70200002
0184,2023,0.71069998
0184,2024,0.71990001
0186,2006,0.59399998
0186,2007,0.60170001
0186,2008,0.60680002
0186,2009,0.61129999
0186,2010,0.61690003
0186,2011,0.62489998
0186,2012,0.62959999
0186,2013,0.6365
0186,2014,0.64380002
0186,2015,0.64829999
0186,2016,0.65249997
0186,2017,0.6591
0186,2018,0.66369998
0186,2019,0.67089999
0186,2020,0.67739999
0186,2021,0.6825
0186,2022,0.6904
0186,2023,0.6965
0186,2024,0.70190001
0187,2006,0.47920001
0187,2007,0.48570001
0187,2008,0.48949999
0187,2009,0.50410002
0187,2010,0.51389998
0187,2011,0.52429998
0187,2012,0.52560002
0187,2013,0.52950001
0187,2014,0.53509998
0187,2015,0.54049999
0187,2016,0.54759997
0187,2017,0.54960001
0187,2018,0.55879998
0187,2019,0.56300002
0187,2020,0.56770003
0187,2021,0.58090001
0187,2022,0.58899999
0187,2023,0.59450001
0187,2024,0.60030001
0188,2006,0.24680001
0188,2007,0.25170001
0188,2008,0.25600001
0188,2009,0.2604
0188,2010,0.26550001
0188,2011,0.2703
0188,2012,0.27340001
0188,2013,0.27720001
0188,2014,0.27939999
0188,2015,0.28569999
0188,2016,0.29010001
0188,2017,0.29519999
0188,2018,0.3035
0188,2019,0.3071
0188,2020,0.31439999
0188,2021,0.32440001
0188,2022,0.3387
0188,2023,0.34779999
0188,2024,0.3581
0191,2006,0.29429999
0191,2007,0.30129999
0191,2008,0.3091
0191,2009,0.31529999
0191,2010,0.3251
0191,2011,0.33590001
0191,2012,0.34290001
0191,2013,0.3488
0191,2014,0.35460001
0191,2015,0.35710001
0191,2016,0.36149999
0191,2017,0.36539999
0191,2018,0.37459999
0191,2019,0.3795
0191,2020,0.3847
0191,2021,0.3917
0191,2022,0.40669999
0191,2023,0.41299999
0191,2024,0.41760001
0192,2006,0.26429999
0192,2007,0.26769999
0192,2008,0.27360001
0192,2009,0.27720001
0192,2010,0.2807
0192,2011,0.28619999
0192,2012,0.29179999
0192,2013,0.2951
0192,2014,0.2994
0192,2015,0.30039999
0192,2016,0.30000001
0192,2017,0.3046
0192,2018,0.3075
0192,2019,0.31569999
0192,2020,0.32210001
0192,2021,0.3321
0192,2022,0.3434
0192,2023,0.34959999
0192,2024,0.3567
0305,2006,0.2669
0305,2007,0.27239999
0305,2008,0.2782
0305,2009,0.2832
0305,2010,0.28799999
0305,2011,0.2949
0305,2012,0.30230001
0305,2013,0.31099999
0305,2014,0.3136
0305,2015,0.32030001
0305,2016,0.32589999
0305,2017,0.33129999
0305,2018,0.33700001
0305,2019,0.34029999
0305,2020,0.34450001
0305,2021,0.3567
0305,2022,0.36919999
0305,2023,0.3741
0305,2024,0.3795
0319,2006,0.2158
0319,2007,0.2207
0319,2008,0.2295
0319,2009,0.2352
0319,2010,0.2362
0319,2011,0.2423
0319,2012,0.2474
0319,2013,0.255
0319,2014,0.2538
0319,2015,0.26120001
0319,2016,0.26609999
0319,2017,0.2669
0319,2018,0.27399999
0319,2019,0.2762
0319,2020,0.27860001
0319,2021,0.2859
0319,2022,0.29710001
0319,2023,0.30399999
0319,2024,0.31189999
0330,2006,0.42699999
0330,2007,0.43189999
0330,2008,0.4425
0330,2009,0.4517
0330,2010,0.4621
0330,2011,0.47040001
0330,2012,0.4747
0330,2013,0.48449999
0330,2014,0.49180001
0330,2015,0.5018
0330,2016,0.5086
0330,2017,0.509
0330,2018,0.51569998
0330,2019,0.52319998
0330,2020,0.52880001
0330,2021,0.53869998
0330,2022,0.54699999
0330,2023,0.55320001
0330,2024,0.56349999
0331,2006,0.1832
0331,2007,0.1886
0331,2008,0.19069999
0331,2009,0.19490001
0331,2010,0.2016
0331,2011,0.20550001
0331,2012,0.207
0331,2013,0.2176
0331,2014,0.2227
0331,2015,0.2297
0331,2016,0.2397
0331,2017,0.2436
0331,2018,0.2491
0331,2019,0.25060001
0331,2020,0.25960001
0331,2021,0.26480001
0331,2022,0.27779999
0331,2023,0.28529999
0331,2024,0.29570001
0360,2006,0.192
0360,2007,0.2013
0360,2008,0.2069
0360,2009,0.21070001
0360,2010,0.2166
0360,2011,0.2263
0360,2012,0.2318
0360,2013,0.23549999
0360,2014,0.2379
0360,2015,0.2437
0360,2016,0.2482
0360,2017,0.24789999
0360,2018,0.25310001
0360,2019,0.2608
0360,2020,0.26750001
0360,2021,0.27270001
0360,2022,0.2827
0360,2023,0.28909999
0360,2024,0.3012
0380,2006,0.52499998
0380,2007,0.53100002
0380,2008,0.53680003
0380,2009,0.54350001
0380,2010,0.55199999
0380,2011,0.55779999
0380,2012,0.56290001
0380,2013,0.56840003
0380,2014,0.5711
0380,2015,0.57359999
0380,2016,0.57730001
0380,2017,0.58090001
0380,2018,0.58660001
0380,2019,0.59069997
0380,2020,0.59530002
0380,2021,0.60280001
0380,2022,0.61229998
0380,2023,0.61760002
0380,2024,0.62370002
0381,2006,0.27489999
0381,2007,0.2814
0381,2008,0.28670001
0381,2009,0.2933
0381,2010,0.3003
0381,2011,0.30599999
0381,2012,0.31220001
0381,2013,0.31810001
0381,2014,0.3249
0381,2015,0.3312
0381,2016,0.3348
0381,2017,0.33939999
0381,2018,0.3434
0381,2019,0.34619999
0381,2020,0.35080001
0381,2021,0.3585
0381,2022,0.37009999
0381,2023,0.37940001
0381,2024,0.3876
0382,2006,0.2156
0382,2007,0.22220001
0382,2008,0.2253
0382,2009,0.226
0382,2010,0.23199999
0382,2011,0.2362
0382,2012,0.24070001
0382,2013,0.245
0382,2014,0.25049999
0382,2015,0.2511
0382,2016,0.25220001
0382,2017,0.25279999
0382,2018,0.25600001
0382,2019,0.26210001
0382,2020,0.26609999
0382,2021,0.271
0382,2022,0.2798
0382,2023,0.28279999
0382,2024,0.28979999
0428,2006,0.1952
0428,2007,0.19670001
0428,2008,0.1998
0428,2009,0.2013
0428,2010,0.2045
0428,2011,0.2049
0428,2012,0.2058
0428,2013,0.2128
0428,2014,0.2156
0428,2015,0.2165
0428,2016,0.22149999
0428,2017,0.23
0428,2018,0.2369
0428,2019,0.2377
0428,2020,0.24079999
0428,2021,0.2456
0428,2022,0.25979999
0428,2023,0.26409999
0428,2024,0.27219999
0461,2006,0.25799999
0461,2007,0.26719999
0461,2008,0.27829999
0461,2009,0.2872
0461,2010,0.29710001
0461,2011,0.30630001
0461,2012,0.3107
0461,2013,0.3175
0461,2014,0.3283
0461,2015,0.3337
0461,2016,0.33790001
0461,2017,0.3488
0461,2018,0.35370001
0461,2019,0.3581
0461,2020,0.36140001
0461,2021,0.37090001
0461,2022,0.3874
0461,2023,0.4003
0461,2024,0.40360001
0480,2006,0.3091
0480,2007,0.31600001
0480,2008,0.32229999
0480,2009,0.32789999
0480,2010,0.33379999
0480,2011,0.33919999
0480,2012,0.34290001
0480,2013,0.3477
0480,2014,0.34990001
0480,2015,0.35249999
0480,2016,0.35659999
0480,2017,0.36019999
0480,2018,0.366
0480,2019,0.3687
0480,2020,0.37599999
0480,2021,0.38190001
0480,2022,0.396
0480,2023,0.40450001
0480,2024,0.41069999
0481,2006,0.21870001
0481,2007,0.2234
0481,2008,0.22939999
0481,2009,0.2324
0481,2010,0.23989999
0481,2011,0.25150001
0481,2012,0.25240001
0481,2013,0.2608
0481,2014,0.26190001
0481,2015,0.26530001
0481,2016,0.26519999
0481,2017,0.27059999
0481,2018,0.26620001
0481,2019,0.26969999
0481,2020,0.27520001
0481,2021,0.2814
0481,2022,0.28839999
0481,2023,0.2965
0481,2024,0.3089
0482,2006,0.22480001
0482,2007,0.226
0482,2008,0.2288
0482,2009,0.23370001
0482,2010,0.23819999
0482,2011,0.24169999
0482,2012,0.24779999
0482,2013,0.249
0482,2014,0.25459999
0482,2015,0.26359999
0482,2016,0.26969999
0482,2017,0.2735
0482,2018,0.2791
0482,2019,0.2775
0482,2020,0.28049999
0482,2021,0.2841
0482,2022,0.29260001
0482,2023,0.29809999
0482,2024,0.308
0483,2006,0.25740001
0483,2007,0.26289999
0483,2008,0.26820001
0483,2009,0.2739
0483,2010,0.28060001
0483,2011,0.28439999
0483,2012,0.2879
0483,2013,0.29159999
0483,2014,0.29049999
0483,2015,0.29319999
0483,2016,0.29660001
0483,2017,0.29800001
0483,2018,0.3044
0483,2019,0.31020001
0483,2020,0.3127
0483,2021,0.3186
0483,2022,0.32730001
0483,2023,0.3317
0483,2024,0.33379999
0484,2006,0.3035
0484,2007,0.31060001
0484,2008,0.31850001
0484,2009,0.3229
0484,2010,0.3299
0484,2011,0.3351
0484,2012,0.33849999
0484,2013,0.34169999
0484,2014,0.3475
0484,2015,0.35010001
0484,2016,0.3536
0484,2017,0.35749999
0484,2018,0.36219999
0484,2019,0.36739999
0484,2020,0.37079999
0484,2021,0.37760001
0484,2022,0.38850001
0484,2023,0.3944
0484,2024,0.40189999
0486,2006,0.33050001
0486,2007,0.3364
0486,2008,0.34220001
0486,2009,0.34909999
0486,2010,0.35350001
0486,2011,0.35730001
0486,2012,0.36160001
0486,2013,0.3633
0486,2014,0.36590001
0486,2015,0.36750001
0486,2016,0.37349999
0486,2017,0.37760001
0486,2018,0.38420001
0486,2019,0.38940001
0486,2020,0.39669999
0486,2021,0.4066
0486,2022,0.4208
0486,2023,0.42570001
0486,2024,0.43540001
0488,2006,0.27970001
0488,2007,0.28780001
0488,2008,0.29570001
0488,2009,0.3021
0488,2010,0.30450001
0488,2011,0.31200001
0488,2012,0.32069999
0488,2013,0.32609999
0488,2014,0.32699999
0488,2015,0.32839999
0488,2016,0.3373
0488,2017,0.34110001
0488,2018,0.3513
0488,2019,0.36289999
0488,2020,0.3682
0488,2021,0.38
0488,2022,0.3951
0488,2023,0.40549999
0488,2024,0.41580001
0509,2006,0.18979999
0509,2007,0.199
0509,2008,0.2049
0509,2009,0.2155
0509,2010,0.2207
0509,2011,0.229
0509,2012,0.2343
0509,2013,0.2349
0509,2014,0.2405
0509,2015,0.2489
0509,2016,0.2543
0509,2017,0.2568
0509,2018,0.26069999
0509,2019,0.2714
0509,2020,0.27590001
0509,2021,0.2823
0509,2022,0.29769999
0509,2023,0.30140001
0509,2024,0.3116
0512,2006,0.244
0512,2007,0.2404
0512,2008,0.2406
0512,2009,0.2473
0512,2010,0.25940001
0512,2011,0.27270001
0512,2012,0.2832
0512,2013,0.28
0512,2014,0.28569999
0512,2015,0.29440001
0512,2016,0.296
0512,2017,0.29550001
0512,2018,0.292
0512,2019,0.3039
0512,2020,0.3035
0512,2021,0.31690001
0512,2022,0.32319999
0512,2023,0.33250001
0512,2024,0.345
0513,2006,0.2428
0513,2007,0.25459999
0513,2008,0.26350001
0513,2009,0.26899999
0513,2010,0.27599999
0513,2011,0.2807
0513,2012,0.28709999
0513,2013,0.29370001
0513,2014,0.29789999
0513,2015,0.29910001
0513,2016,0.3039
0513,2017,0.30579999
0513,2018,0.31130001
0513,2019,0.31349999
0513,2020,0.3238
0513,2021,0.3312
0513,2022,0.3398
0513,2023,0.3511
0513,2024,0.3585
0560,2006,0.1796
0560,2007,0.18610001
0560,2008,0.1927
0560,2009,0.2005
0560,2010,0.20379999
0560,2011,0.21160001
0560,2012,0.2192
0560,2013,0.22480001
0560,2014,0.2349
0560,2015,0.23909999
0560,2016,0.24259999
0560,2017,0.2586
0560,2018,0.26980001
0560,2019,0.27180001
0560,2020,0.27900001
0560,2021,0.28870001
0560,2022,0.29769999
0560,2023,0.30430001
0560,2024,0.3175
0561,2006,0.21179999
0561,2007,0.21690001
0561,2008,0.2221
0561,2009,0.22579999
0561,2010,0.23729999
0561,2011,0.2454
0561,2012,0.25479999
0561,2013,0.26010001
0561,2014,0.266
0561,2015,0.27020001
0561,2016,0.27950001
0561,2017,0.2861
0561,2018,0.2899
0561,2019,0.29710001
0561,2020,0.30430001
0561,2021,0.317
0561,2022,0.32370001
0561,2023,0.33149999
0561,2024,0.3434
0562,2006,0.24609999
0562,2007,0.25130001
0562,2008,0.25799999
0562,2009,0.26440001
0562,2010,0.27239999
0562,2011,0.27900001
0562,2012,0.2823
0562,2013,0.28529999
0562,2014,0.28690001
0562,2015,0.2899
0562,2016,0.294
0562,2017,0.30059999
0562,2018,0.3062
0562,2019,0.30899999
0562,2020,0.315
0562,2021,0.32190001
0562,2022,0.3299
0562,2023,0.33680001
0562,2024,0.34220001
0563,2006,0.18970001
0563,2007,0.1957
0563,2008,0.198
0563,2009,0.2035
0563,2010,0.2137
0563,2011,0.21789999
0563,2012,0.2192
0563,2013,0.2255
0563,2014,0.2218
0563,2015,0.2307
0563,2016,0.23469999
0563,2017,0.23899999
0563,2018,0.2422
0563,2019,0.2456
0563,2020,0.2463
0563,2021,0.25150001
0563,2022,0.2577
0563,2023,0.26199999
0563,2024,0.2705
0580,2006,0.46439999
0580,2007,0.4725
0580,2008,0.4806
0580,2009,0.4905
0580,2010,0.49900001
0580,2011,0.50650001
0580,2012,0.51249999
0580,2013,0.5194
0580,2014,0.52600002
0580,2015,0.5298
0580,2016,0.53670001
0580,2017,0.5431
0580,2018,0.55010003
0580,2019,0.55739999
0580,2020,0.56269997
0580,2021,0.56730002
0580,2022,0.57669997
0580,2023,0.58139998
0580,2024,0.5869
0581,2006,0.30970001
0581,2007,0.31650001
0581,2008,0.3247
0581,2009,0.3328
0581,2010,0.34029999
0581,2011,0.34850001
0581,2012,0.3556
0581,2013,0.3601
0581,2014,0.3662
0581,2015,0.37290001
0581,2016,0.3809
0581,2017,0.3874
0581,2018,0.39489999
0581,2019,0.4016
0581,2020,0.4086
0581,2021,0.4174
0581,2022,0.43000001
0581,2023,0.4368
0581,2024,0.4445
0582,2006,0.27399999
0582,2007,0.27959999
0582,2008,0.2895
0582,2009,0.2969
0582,2010,0.30070001
0582,2011,0.30759999
0582,2012,0.30930001
0582,2013,0.31470001
0582,2014,0.32480001
0582,2015,0.3274
0582,2016,0.3337
0582,2017,0.34009999
0582,2018,0.34540001
0582,2019,0.34540001
0582,2020,0.3563
0582,2021,0.36750001
0582,2022,0.38080001
0582,2023,0.39489999
0582,2024,0.40270001
0583,2006,0.244
0583,2007,0.24950001
0583,2008,0.25650001
0583,2009,0.2617
0583,2010,0.2669
0583,2011,0.2746
0583,2012,0.2809
0583,2013,0.2886
0583,2014,0.29480001
0583,2015,0.29840001
0583,2016,0.30199999
0583,2017,0.30689999
0583,2018,0.31060001
0583,2019,0.31420001
0583,2020,0.3161
0583,2021,0.32089999
0583,2022,0.3317
0583,2023,0.33829999
0583,2024,0.347
0584,2006,0.2947
0584,2007,0.30579999
0584,2008,0.31020001
0584,2009,0.3163
0584,2010,0.3249
0584,2011,0.32589999
0584,2012,0.32690001
0584,2013,0.3292
0584,2014,0.33270001
0584,2015,0.3382
0584,2016,0.34150001
0584,2017,0.34299999
0584,2018,0.34060001
0584,2019,0.35330001
0584,2020,0.36090001
0584,2021,0.37310001
0584,2022,0.3829
0584,2023,0.39910001
0584,2024,0.40849999
0586,2006,0.2405
0586,2007,0.25049999
0586,2008,0.25780001
0586,2009,0.26440001
0586,2010,0.2721
0586,2011,0.2784
0586,2012,0.2852
0586,2013,0.29460001
0586,2014,0.3012
0586,2015,0.3073
0586,2016,0.31400001
0586,2017,0.32120001
0586,2018,0.3267
0586,2019,0.33500001
0586,2020,0.34200001
0586,2021,0.3486
0586,2022,0.36019999
0586,2023,0.36680001
0586,2024,0.37419999
0604,2006,0.2348
0604,2007,0.2392
0604,2008,0.2438
0604,2009,0.25130001
0604,2010,0.25740001
0604,2011,0.26820001
0604,2012,0.27559999
0604,2013,0.27419999
0604,2014,0.2793
0604,2015,0.28299999
0604,2016,0.28979999
0604,2017,0.30050001
0604,2018,0.30000001
0604,2019,0.30590001
0604,2020,0.31259999
0604,2021,0.3292
0604,2022,0.33520001
0604,2023,0.3443
0604,2024,0.35510001
0617,2006,0.16689999
0617,2007,0.17200001
0617,2008,0.17820001
0617,2009,0.18179999
0617,2010,0.1899
0617,2011,0.1981
0617,2012,0.1996
0617,2013,0.20209999
0617,2014,0.20630001
0617,2015,0.2132
0617,2016,0.2208
0617,2017,0.22660001
0617,2018,0.2403
0617,2019,0.2482
0617,2020,0.2491
0617,2021,0.25760001
0617,2022,0.26050001
0617,2023,0.266
0617,2024,0.2703
0642,2006,0.26100001
0642,2007,0.26859999
0642,2008,0.2748
0642,2009,0.27919999
0642,2010,0.28870001
0642,2011,0.29390001
0642,2012,0.29699999
0642,2013,0.3003
0642,2014,0.29960001
0642,2015,0.30770001
0642,2016,0.3073
0642,2017,0.31819999
0642,2018,0.33160001
0642,2019,0.33570001
0642,2020,0.3373
0642,2021,0.3416
0642,2022,0.35679999
0642,2023,0.36390001
0642,2024,0.37169999
0643,2006,0.2924
0643,2007,0.30599999
0643,2008,0.31439999
0643,2009,0.322
0643,2010,0.333
0643,2011,0.34450001
0643,2012,0.3513
0643,2013,0.3626
0643,2014,0.373
0643,2015,0.38229999
0643,2016,0.3919
0643,2017,0.3994
0643,2018,0.40759999
0643,2019,0.41999999
0643,2020,0.42789999
0643,2021,0.43810001
0643,2022,0.4522
0643,2023,0.46340001
0643,2024,0.4763
0662,2006,0.189
0662,2007,0.19490001
0662,2008,0.20029999
0662,2009,0.20299999
0662,2010,0.2079
0662,2011,0.2121
0662,2012,0.2158
0662,2013,0.2225
0662,2014,0.229
0662,2015,0.2368
0662,2016,0.24259999
0662,2017,0.2467
0662,2018,0.24959999
0662,2019,0.25229999
0662,2020,0.25749999
0662,2021,0.2638
0662,2022,0.271
0662,2023,0.27520001
0662,2024,0.2841
0665,2006,0.22239999
0665,2007,0.2307
0665,2008,0.2388
0665,2009,0.24950001
0665,2010,0.2561
0665,2011,0.2631
0665,2012,0.26980001
0665,2013,0.2766
0665,2014,0.2818
0665,2015,0.29269999
0665,2016,0.303
0665,2017,0.31150001
0665,2018,0.31560001
0665,2019,0.3229
0665,2020,0.32300001
0665,2021,0.33149999
0665,2022,0.34529999
0665,2023,0.352
0665,2024,0.36140001
0680,2006,0.36469999
0680,2007,0.37180001
0680,2008,0.38080001
0680,2009,0.3897
0680,2010,0.39899999
0680,2011,0.4064
0680,2012,0.4145
0680,2013,0.4217
0680,2014,0.42680001
0680,2015,0.43090001
0680,2016,0.43689999
0680,2017,0.44400001
0680,2018,0.4535
0680,2019,0.4612
0680,2020,0.4691
0680,2021,0.4765
0680,2022,0.48820001
0680,2023,0.49439999
0680,2024,0.50260001
0682,2006,0.24680001
0682,2007,0.252
0682,2008,0.2554
0682,2009,0.26230001
0682,2010,0.26589999
0682,2011,0.27419999
0682,2012,0.28029999
0682,2013,0.2854
0682,2014,0.29179999
0682,2015,0.30000001
0682,2016,0.30469999
0682,2017,0.30759999
0682,2018,0.31420001
0682,2019,0.317
0682,2020,0.3233
0682,2021,0.33160001
0682,2022,0.34240001
0682,2023,0.3513
0682,2024,0.35749999
0683,2006,0.25459999
0683,2007,0.25940001
0683,2008,0.2669
0683,2009,0.27489999
0683,2010,0.28049999
0683,2011,0.28749999
0683,2012,0.28979999
0683,2013,0.29429999
0683,2014,0.29890001
0683,2015,0.3048
0683,2016,0.31189999
0683,2017,0.31779999
0683,2018,0.32359999
0683,2019,0.32929999
0683,2020,0.33750001
0683,2021,0.3439
0683,2022,0.35640001
0683,2023,0.36070001
0683,2024,0.3662
0684,2006,0.2113
0684,2007,0.2182
0684,2008,0.2216
0684,2009,0.2269
0684,2010,0.23119999
0684,2011,0.24330001
0684,2012,0.25470001
0684,2013,0.26019999
0684,2014,0.26949999
0684,2015,0.2802
0684,2016,0.28780001
0684,2017,0.29249999
0684,2018,0.29660001
0684,2019,0.29769999
0684,2020,0.30680001
0684,2021,0.31279999
0684,2022,0.3229
0684,2023,0.3263
0684,2024,0.32800001
0685,2006,0.228
0685,2007,0.23630001
0685,2008,0.243
0685,2009,0.24860001
0685,2010,0.2545
0685,2011,0.25830001
0685,2012,0.26589999
0685,2013,0.27070001
0685,2014,0.27700001
0685,2015,0.28189999
0685,2016,0.2881
0685,2017,0.29260001
0685,2018,0.29620001
0685,2019,0.30140001
0685,2020,0.30450001
0685,2021,0.3116
0685,2022,0.31959999
0685,2023,0.3256
0685,2024,0.33059999
0686,2006,0.30360001
0686,2007,0.3107
0686,2008,0.31639999
0686,2009,0.32190001
0686,2010,0.32710001
0686,2011,0.3348
0686,2012,0.3389
0686,2013,0.34729999
0686,2014,0.35229999
0686,2015,0.3545
0686,2016,0.3655
0686,2017,0.36930001
0686,2018,0.37029999
0686,2019,0.3723
0686,2020,0.37639999
0686,2021,0.38100001
0686,2022,0.38949999
0686,2023,0.39449999
0686,2024,0.4052
0687,2006,0.23890001
0687,2007,0.24690001
0687,2008,0.25330001
0687,2009,0.2597
0687,2010,0.2667
0687,2011,0.2692
0687,2012,0.2753
0687,2013,0.27869999
0687,2014,0.28920001
0687,2015,0.29620001
0687,2016,0.2999
0687,2017,0.30669999
0687,2018,0.31240001
0687,2019,0.31619999
0687,2020,0.32139999
0687,2021,0.32839999
0687,2022,0.33919999
0687,2023,0.34639999
0687,2024,0.35210001
0760,2006,0.1936
0760,2007,0.2023
0760,2008,0.2104
0760,2009,0.2139
0760,2010,0.2159
0760,2011,0.2262
0760,2012,0.2298
0760,2013,0.2322
0760,2014,0.2321
0760,2015,0.2388
0760,2016,0.24609999
0760,2017,0.24779999
0760,2018,0.2464
0760,2019,0.2511
0760,2020,0.25220001
0760,2021,0.25529999
0760,2022,0.26320001
0760,2023,0.2685
0760,2024,0.27410001
0761,2006,0.22040001
0761,2007,0.2288
0761,2008,0.2344
0761,2009,0.23710001
0761,2010,0.245
0761,2011,0.24969999
0761,2012,0.25749999
0761,2013,0.26719999
0761,2014,0.2757
0761,2015,0.27790001
0761,2016,0.29210001
0761,2017,0.29370001
0761,2018,0.29789999
0761,2019,0.30239999
0761,2020,0.30289999
0761,2021,0.30419999
0761,2022,0.3107
0761,2023,0.31729999
0761,2024,0.32699999
0763,2006,0.2067
0763,2007,0.2129
0763,2008,0.21870001
0763,2009,0.2269
0763,2010,0.2352
0763,2011,0.24339999
0763,2012,0.24510001
0763,2013,0.2561
0763,2014,0.25999999
0763,2015,0.26629999
0763,2016,0.26969999
0763,2017,0.2721
0763,2018,0.27180001
0763,2019,0.27289999
0763,2020,0.27860001
0763,2021,0.28240001
0763,2022,0.29319999
0763,2023,0.29800001
0763,2024,0.30329999
0764,2006,0.2428
0764,2007,0.2471
0764,2008,0.2536
0764,2009,0.26190001
0764,2010,0.2649
0764,2011,0.2714
0764,2012,0.27950001
0764,2013,0.28150001
0764,2014,0.2859
0764,2015,0.289
0764,2016,0.29409999
0764,2017,0.30199999
0764,2018,0.30649999
0764,2019,0.31
0764,2020,0.31439999
0764,2021,0.32370001
0764,2022,0.33129999
0764,2023,0.33919999
0764,2024,0.3466
0765,2006,0.2694
0765,2007,0.2832
0765,2008,0.29319999
0765,2009,0.3046
0765,2010,0.31439999
0765,2011,0.3238
0765,2012,0.33320001
0765,2013,0.34189999
0765,2014,0.34999999
0765,2015,0.36140001
0765,2016,0.3723
0765,2017,0.3872
0765,2018,0.40669999
0765,2019,0.41069999
0765,2020,0.42379999
0765,2021,0.4337
0765,2022,0.44780001
0765,2023,0.45590001
0765,2024,0.46470001
0767,2006,0.1761
0767,2007,0.18340001
0767,2008,0.1883
0767,2009,0.19490001
0767,2010,0.1981
0767,2011,0.20479999
0767,2012,0.2112
0767,2013,0.21619999
0767,2014,0.2225
0767,2015,0.2304
0767,2016,0.2392
0767,2017,0.2374
0767,2018,0.24150001
0767,2019,0.248
0767,2020,0.2491
0767,2021,0.2615
0767,2022,0.2656
0767,2023,0.2757
0767,2024,0.27880001
0780,2006,0.41639999
0780,2007,0.42269999
0780,2008,0.43059999
0780,2009,0.4391
0780,2010,0.44749999
0780,2011,0.45269999
0780,2012,0.45860001
0780,2013,0.463
0780,2014,0.4682
0780,2015,0.47400001
0780,2016,0.47979999
0780,2017,0.48500001
0780,2018,0.49070001
0780,2019,0.4962
0780,2020,0.50050002
0780,2021,0.50529999
0780,2022,0.51340002
0780,2023,0.51429999
0780,2024,0.51849997
0781,2006,0.25479999
0781,2007,0.26120001
0781,2008,0.2687
0781,2009,0.27500001
0781,2010,0.28169999
0781,2011,0.28580001
0781,2012,0.29010001
0781,2013,0.29710001
0781,2014,0.30140001
0781,2015,0.3098
0781,2016,0.3152
0781,2017,0.3195
0781,2018,0.32359999
0781,2019,0.3281
0781,2020,0.33019999
0781,2021,0.3369
0781,2022,0.3466
0781,2023,0.3529
0781,2024,0.36000001
0821,2006,0.18279999
0821,2007,0.1892
0821,2008,0.19599999
0821,2009,0.2025
0821,2010,0.205
0821,2011,0.20990001
0821,2012,0.2115
0821,2013,0.2199
0821,2014,0.22490001
0821,2015,0.22579999
0821,2016,0.23
0821,2017,0.23379999
0821,2018,0.2374
0821,2019,0.2383
0821,2020,0.2377
0821,2021,0.24240001
0821,2022,0.25569999
0821,2023,0.26750001
0821,2024,0.27900001
0834,2006,0.20559999
0834,2007,0.2133
0834,2008,0.2233
0834,2009,0.23450001
0834,2010,0.2393
0834,2011,0.248
0834,2012,0.25510001
0834,2013,0.25459999
0834,2014,0.26069999
0834,2015,0.26969999
0834,2016,0.271
0834,2017,0.27680001
0834,2018,0.2854
0834,2019,0.28709999
0834,2020,0.2949
0834,2021,0.3019
0834,2022,0.31690001
0834,2023,0.322
0834,2024,0.3276
0840,2006,0.3044
0840,2007,0.32010001
0840,2008,0.33320001
0840,2009,0.3432
0840,2010,0.35949999
0840,2011,0.36469999
0840,2012,0.37329999
0840,2013,0.38100001
0840,2014,0.3865
0840,2015,0.3926
0840,2016,0.39840001
0840,2017,0.40970001
0840,2018,0.41510001
0840,2019,0.42340001
0840,2020,0.4294
0840,2021,0.43869999
0840,2022,0.45339999
0840,2023,0.46259999
0840,2024,0.46779999
0860,2006,0.1901
0860,2007,0.1943
0860,2008,0.1996
0860,2009,0.20469999
0860,2010,0.2094
0860,2011,0.21359999
0860,2012,0.21789999
0860,2013,0.22759999
0860,2014,0.2362
0860,2015,0.2411
0860,2016,0.24600001
0860,2017,0.2449
0860,2018,0.2467
0860,2019,0.25240001
0860,2020,0.25760001
0860,2021,0.25850001
0860,2022,0.26899999
0860,2023,0.27950001
0860,2024,0.2888
0861,2006,0.2208
0861,2007,0.2295
0861,2008,0.23639999
0861,2009,0.2414
0861,2010,0.2455
0861,2011,0.2492
0861,2012,0.26030001
0861,2013,0.26730001
0861,2014,0.27500001
0861,2015,0.28209999
0861,2016,0.28889999
0861,2017,0.28999999
0861,2018,0.29449999
0861,2019,0.29620001
0861,2020,0.3035
0861,2021,0.30700001
0861,2022,0.31569999
0861,2023,0.32069999
0861,2024,0.3281
0862,2006,0.2405
0862,2007,0.24429999
0862,2008,0.24510001
0862,2009,0.25119999
0862,2010,0.25279999
0862,2011,0.25510001
0862,2012,0.25929999
0862,2013,0.2647
0862,2014,0.2694
0862,2015,0.27450001
0862,2016,0.2834
0862,2017,0.28479999
0862,2018,0.2854
0862,2019,0.28960001
0862,2020,0.29159999
0862,2021,0.29890001
0862,2022,0.3075
0862,2023,0.31169999
0862,2024,0.3134
0880,2006,0.39359999
0880,2007,0.40149999
0880,2008,0.40720001
0880,2009,0.4131
0880,2010,0.41890001
0880,2011,0.42539999
0880,2012,0.4312
0880,2013,0.4384
0880,2014,0.44420001
0880,2015,0.4497
0880,2016,0.456
0880,2017,0.46149999
0880,2018,0.4666
0880,2019,0.472
0880,2020,0.47549999
0880,2021,0.48030001
0880,2022,0.48820001
0880,2023,0.493
0880,2024,0.49880001
0881,2006,0.2199
0881,2007,0.2287
0881,2008,0.23379999
0881,2009,0.242
0881,2010,0.24690001
0881,2011,0.25560001
0881,2012,0.2624
0881,2013,0.26769999
0881,2014,0.27329999
0881,2015,0.28209999
0881,2016,0.29260001
0881,2017,0.29769999
0881,2018,0.3035
0881,2019,0.30520001
0881,2020,0.3107
0881,2021,0.31920001
0881,2022,0.3267
0881,2023,0.3317
0881,2024,0.33759999
0882,2006,0.2534
0882,2007,0.25839999
0882,2008,0.26769999
0882,2009,0.27610001
0882,2010,0.28259999
0882,2011,0.28850001
0882,2012,0.29679999
0882,2013,0.30219999
0882,2014,0.3116
0882,2015,0.31889999
0882,2016,0.3231
0882,2017,0.3263
0882,2018,0.32879999
0882,2019,0.33019999
0882,2020,0.3335
0882,2021,0.34220001
0882,2022,0.35190001
0882,2023,0.3567
0882,2024,0.36300001
0883,2006,0.25819999
0883,2007,0.26719999
0883,2008,0.2735
0883,2009,0.2811
0883,2010,0.289
0883,2011,0.2942
0883,2012,0.30090001
0883,2013,0.30559999
0883,2014,0.3105
0883,2015,0.3154
0883,2016,0.31869999
0883,2017,0.32229999
0883,2018,0.3348
0883,2019,0.3373
0883,2020,0.34450001
0883,2021,0.3558
0883,2022,0.3664
0883,2023,0.3732
0883,2024,0.38319999
0884,2006,0.205
0884,2007,0.211
0884,2008,0.2165
0884,2009,0.2234
0884,2010,0.228
0884,2011,0.2361
0884,2012,0.24169999
0884,2013,0.24690001
0884,2014,0.25189999
0884,2015,0.25999999
0884,2016,0.26750001
0884,2017,0.27129999
0884,2018,0.27329999
0884,2019,0.2775
0884,2020,0.28189999
0884,2021,0.2836
0884,2022,0.29269999
0884,2023,0.29859999
0884,2024,0.3075
0885,2006,0.2474
0885,2007,0.25569999
0885,2008,0.26339999
0885,2009,0.27200001
0885,2010,0.27520001
0885,2011,0.27649999
0885,2012,0.28330001
0885,2013,0.28529999
0885,2014,0.2879
0885,2015,0.29480001
0885,2016,0.30050001
0885,2017,0.30720001
0885,2018,0.31290001
0885,2019,0.31569999
0885,2020,0.32690001
0885,2021,0.3344
0885,2022,0.34189999
0885,2023,0.3443
0885,2024,0.35420001
0980,2006,0.2841
0980,2007,0.2902
0980,2008,0.294
0980,2009,0.29980001
0980,2010,0.30770001
0980,2011,0.31549999
0980,2012,0.32249999
0980,2013,0.32789999
0980,2014,0.3335
0980,2015,0.33899999
0980,2016,0.34369999
0980,2017,0.35229999
0980,2018,0.3583
0980,2019,0.36700001
0980,2020,0.37650001
0980,2021,0.38679999
0980,2022,0.39680001
0980,2023,0.4039
0980,2024,0.41150001
1060,2006,0.2105
1060,2007,0.21529999
1060,2008,0.2218
1060,2009,0.22750001
1060,2010,0.2335
1060,2011,0.2369
1060,2012,0.2439
1060,2013,0.24699999
1060,2014,0.25490001
1060,2015,0.26300001
1060,2016,0.2721
1060,2017,0.2755
1060,2018,0.2766
1060,2019,0.27880001
1060,2020,0.27779999
1060,2021,0.28220001
1060,2022,0.28819999
1060,2023,0.29359999
1060,2024,0.30559999
1080,2006,0.3858
1080,2007,0.39820001
1080,2008,0.40970001
1080,2009,0.41749999
1080,2010,0.4278
1080,2011,0.4377
1080,2012,0.43939999
1080,2013,0.4472
1080,2014,0.45140001
1080,2015,0.456
1080,2016,0.46270001
1080,2017,0.46939999
1080,2018,0.47679999
1080,2019,0.48559999
1080,2020,0.49180001
1080,2021,0.4989
1080,2022,0.50919998
1080,2023,0.51230001
1080,2024,0.51889998
1081,2006,0.29460001
1081,2007,0.3019
1081,2008,0.3125
1081,2009,0.3197
1081,2010,0.3242
1081,2011,0.32530001
1081,2012,0.32539999
1081,2013,0.32699999
1081,2014,0.33059999
1081,2015,0.33430001
1081,2016,0.3387
1081,2017,0.33989999
1081,2018,0.3418
1081,2019,0.34619999
1081,2020,0.34830001
1081,2021,0.35510001
1081,2022,0.3617
1081,2023,0.36579999
1081,2024,0.3721
1082,2006,0.29620001
1082,2007,0.3048
1082,2008,0.3118
1082,2009,0.32010001
1082,2010,0.32839999
1082,2011,0.33469999
1082,2012,0.33989999
1082,2013,0.34670001
1082,2014,0.3506
1082,2015,0.3554
1082,2016,0.35949999
1082,2017,0.3653
1082,2018,0.37110001
1082,2019,0.37450001
1082,2020,0.3813
1082,2021,0.3883
1082,2022,0.39829999
1082,2023,0.40799999
1082,2024,0.4129
1083,2006,0.24339999
1083,2007,0.25279999
1083,2008,0.25920001
1083,2009,0.26699999
1083,2010,0.27559999
1083,2011,0.2834
1083,2012,0.28690001
1083,2013,0.29499999
1083,2014,0.29960001
1083,2015,0.30540001
1083,2016,0.31060001
1083,2017,0.31459999
1083,2018,0.31999999
1083,2019,0.32249999
1083,2020,0.33070001
1083,2021,0.33649999
1083,2022,0.34599999
1083,2023,0.35510001
1083,2024,0.36300001
1214,2006,0.2586
1214,2007,0.26699999
1214,2008,0.27599999
1214,2009,0.28040001
1214,2010,0.28760001
1214,2011,0.2904
1214,2012,0.29949999
1214,2013,0.30500001
1214,2014,0.31510001
1214,2015,0.3229
1214,2016,0.33109999
1214,2017,0.33660001
1214,2018,0.34330001
1214,2019,0.34850001
1214,2020,0.35510001
1214,2021,0.36570001
1214,2022,0.3831
1214,2023,0.39219999
1214,2024,0.40169999
1230,2006,0.3987
1230,2007,0.41100001
1230,2008,0.4183
1230,2009,0.42950001
1230,2010,0.4425
1230,2011,0.44949999
1230,2012,0.45649999
1230,2013,0.46790001
1230,2014,0.47580001
1230,2015,0.47929999
1230,2016,0.48769999
1230,2017,0.49090001
1230,2018,0.50059998
1230,2019,0.5097
1230,2020,0.5176
1230,2021,0.52149999
1230,2022,0.5395
1230,2023,0.54699999
1230,2024,0.55839998
1231,2006,0.29069999
1231,2007,0.30599999
1231,2008,0.31420001
1231,2009,0.31779999
1231,2010,0.32769999
1231,2011,0.33419999
1231,2012,0.34279999
1231,2013,0.352
1231,2014,0.3585
1231,2015,0.36090001
1231,2016,0.36570001
1231,2017,0.3732
1231,2018,0.38139999
1231,2019,0.39199999
1231,2020,0.40560001
1231,2021,0.41760001
1231,2022,0.4314
1231,2023,0.43419999
1231,2024,0.44240001
1233,2006,0.4339
1233,2007,0.44279999
1233,2008,0.45070001
1233,2009,0.46439999
1233,2010,0.47600001
1233,2011,0.48570001
1233,2012,0.49529999
1233,2013,0.49959999
1233,2014,0.5097
1233,2015,0.5169
1233,2016,0.5212
1233,2017,0.52819997
1233,2018,0.53890002
1233,2019,0.54909998
1233,2020,0.55940002
1233,2021,0.5715
1233,2022,0.58160001
1233,2023,0.59140003
1233,2024,0.59850001
1256,2006,0.19140001
1256,2007,0.1974
1256,2008,0.2026
1256,2009,0.2035
1256,2010,0.21259999
1256,2011,0.21950001
1256,2012,0.2252
1256,2013,0.2326
1256,2014,0.2441
1256,2015,0.25099999
1256,2016,0.25729999
1256,2017,0.25799999
1256,2018,0.26249999
1256,2019,0.26249999
1256,2020,0.26550001
1256,2021,0.2703
1256,2022,0.27900001
1256,2023,0.28560001
1256,2024,0.29350001
1257,2006,0.20550001
1257,2007,0.21070001
1257,2008,0.2102
1257,2009,0.2181
1257,2010,0.2242
1257,2011,0.2281
1257,2012,0.2367
1257,2013,0.23720001
1257,2014,0.2402
1257,2015,0.2432
1257,2016,0.2456
1257,2017,0.2458
1257,2018,0.25760001
1257,2019,0.2626
1257,2020,0.2737
1257,2021,0.27700001
1257,2022,0.28470001
1257,2023,0.29179999
1257,2024,0.2985
1260,2006,0.1605
1260,2007,0.1683
1260,2008,0.17200001
1260,2009,0.1802
1260,2010,0.1857
1260,2011,0.1938
1260,2012,0.1943
1260,2013,0.20190001
1260,2014,0.2084
1260,2015,0.21179999
1260,2016,0.2142
1260,2017,0.2219
1260,2018,0.2264
1260,2019,0.2299
1260,2020,0.2359
1260,2021,0.2485
1260,2022,0.25920001
1260,2023,0.26409999
1260,2024,0.27219999
1261,2006,0.3608
1261,2007,0.37490001
1261,2008,0.389
1261,2009,0.39969999
1261,2010,0.40869999
1261,2011,0.41690001
1261,2012,0.4267
1261,2013,0.43200001
1261,2014,0.44010001
1261,2015,0.4454
1261,2016,0.4522
1261,2017,0.45930001
1261,2018,0.4677
1261,2019,0.4781
1261,2020,0.48640001
1261,2021,0.4966
1261,2022,0.51370001
1261,2023,0.52060002
1261,2024,0.53079998
1262,2006,0.54570001
1262,2007,0.56129998
1262,2008,0.57599998
1262,2009,0.59509999
1262,2010,0.60500002
1262,2011,0.6196
1262,2012,0.63010001
1262,2013,0.6397
1262,2014,0.6505
1262,2015,0.6573
1262,2016,0.6656
1262,2017,0.66729999
1262,2018,0.67159998
1262,2019,0.68000001
1262,2020,0.69129997
1262,2021,0.70240003
1262,2022,0.7141
1262,2023,0.72210002
1262,2024,0.72829998
1263,2006,0.29800001
1263,2007,0.30689999
1263,2008,0.31740001
1263,2009,0.32460001
1263,2010,0.3369
1263,2011,0.34549999
1263,2012,0.3513
1263,2013,0.36219999
1263,2014,0.3691
1263,2015,0.37830001
1263,2016,0.3856
1263,2017,0.3915
1263,2018,0.40189999
1263,2019,0.41339999
1263,2020,0.42500001
1263,2021,0.4384
1263,2022,0.4524
1263,2023,0.4655
1263,2024,0.47479999
1264,2006,0.25189999
1264,2007,0.2615
1264,2008,0.266
1264,2009,0.2705
1264,2010,0.27610001
1264,2011,0.28670001
1264,2012,0.29319999
1264,2013,0.2987
1264,2014,0.30320001
1264,2015,0.3096
1264,2016,0.31220001
1264,2017,0.3159
1264,2018,0.3193
1264,2019,0.3251
1264,2020,0.3344
1264,2021,0.34290001
1264,2022,0.3554
1264,2023,0.36570001
1264,2024,0.37549999
1265,2006,0.23800001
1265,2007,0.24600001
1265,2008,0.2464
1265,2009,0.25319999
1265,2010,0.25999999
1265,2011,0.26719999
1265,2012,0.27039999
1265,2013,0.27430001
1265,2014,0.27509999
1265,2015,0.2784
1265,2016,0.2823
1265,2017,0.28870001
1265,2018,0.2902
1265,2019,0.29609999
1265,2020,0.30230001
1265,2021,0.31029999
1265,2022,0.3215
1265,2023,0.33140001
1265,2024,0.34079999
1266,2006,0.2476
1266,2007,0.25310001
1266,2008,0.26089999
1266,2009,0.2669
1266,2010,0.27410001
1266,2011,0.27810001
1266,2012,0.2809
1266,2013,0.28780001
1266,2014,0.29159999
1266,2015,0.29710001
1266,2016,0.30070001
1266,2017,0.30559999
1266,2018,0.3127
1266,2019,0.31529999
1266,2020,0.32390001
1266,2021,0.33520001
1266,2022,0.34760001
1266,2023,0.3531
1266,2024,0.36449999
1267,2006,0.33450001
1267,2007,0.3407
1267,2008,0.3493
1267,2009,0.36379999
1267,2010,0.37099999
1267,2011,0.38350001
1267,2012,0.38730001
1267,2013,0.39430001
1267,2014,0.3994
1267,2015,0.40310001
1267,2016,0.40830001
1267,2017,0.41260001
1267,2018,0.41870001
1267,2019,0.42820001
1267,2020,0.4375
1267,2021,0.45390001
1267,2022,0.46520001
1267,2023,0.4774
1267,2024,0.4892
1270,2006,0.21349999
1270,2007,0.2202
1270,2008,0.2313
1270,2009,0.23710001
1270,2010,0.2438
1270,2011,0.2441
1270,2012,0.2464
1270,2013,0.249
1270,2014,0.2494
1270,2015,0.2554
1270,2016,0.2588
1270,2017,0.26750001
1270,2018,0.27270001
1270,2019,0.27590001
1270,2020,0.27939999
1270,2021,0.27970001
1270,2022,0.29390001
1270,2023,0.3003
1270,2024,0.30689999
1272,2006,0.1987
1272,2007,0.20299999
1272,2008,0.2087
1272,2009,0.2168
1272,2010,0.2253
1272,2011,0.2343
1272,2012,0.23999999
1272,2013,0.2419
1272,2014,0.2419
1272,2015,0.25350001
1272,2016,0.2658
1272,2017,0.26949999
1272,2018,0.2748
1272,2019,0.28420001
1272,2020,0.28650001
1272,2021,0.2942
1272,2022,0.30720001
1272,2023,0.31349999
1272,2024,0.3233
1273,2006,0.2251
1273,2007,0.22759999
1273,2008,0.2334
1273,2009,0.24150001
1273,2010,0.2449
1273,2011,0.25049999
1273,2012,0.25330001
1273,2013,0.25850001
1273,2014,0.26339999
1273,2015,0.26359999
1273,2016,0.27039999
1273,2017,0.27630001
1273,2018,0.28670001
1273,2019,0.29460001
1273,2020,0.29699999
1273,2021,0.30770001
1273,2022,0.3177
1273,2023,0.3249
1273,2024,0.33230001
1275,2006,0.1969
1275,2007,0.2001
1275,2008,0.2069
1275,2009,0.2087
1275,2010,0.2142
1275,2011,0.2185
1275,2012,0.2199
1275,2013,0.2237
1275,2014,0.22830001
1275,2015,0.23459999
1275,2016,0.23819999
1275,2017,0.23810001
1275,2018,0.24529999
1275,2019,0.252
1275,2020,0.25310001
1275,2021,0.2599
1275,2022,0.26089999
1275,2023,0.26359999
1275,2024,0.2694
1276,2006,0.1987
1276,2007,0.2088
1276,2008,0.2149
1276,2009,0.21960001
1276,2010,0.2244
1276,2011,0.23019999
1276,2012,0.234
1276,2013,0.2395
1276,2014,0.2412
1276,2015,0.2467
1276,2016,0.2527
1276,2017,0.26010001
1276,2018,0.26710001
1276,2019,0.2696
1276,2020,0.27739999
1276,2021,0.28569999
1276,2022,0.29620001
1276,2023,0.30689999
1276,2024,0.3161
1277,2006,0.1749
1277,2007,0.183
1277,2008,0.19230001
1277,2009,0.20110001
1277,2010,0.20909999
1277,2011,0.2184
1277,2012,0.22310001
1277,2013,0.22840001
1277,2014,0.2378
1277,2015,0.244
1277,2016,0.2465
1277,2017,0.2511
1277,2018,0.2579
1277,2019,0.2647
1277,2020,0.2703
1277,2021,0.2737
1277,2022,0.28220001
1277,2023,0.28909999
1277,2024,0.29879999
1278,2006,0.32440001
1278,2007,0.33520001
1278,2008,0.33840001
1278,2009,0.3436
1278,2010,0.34900001
1278,2011,0.3536
1278,2012,0.35569999
1278,2013,0.36230001
1278,2014,0.36989999
1278,2015,0.375
1278,2016,0.37979999
1278,2017,0.38710001
1278,2018,0.3926
1278,2019,0.40110001
1278,2020,0.41510001
1278,2021,0.42359999
1278,2022,0.4402
1278,2023,0.4501
1278,2024,0.4623
1280,2006,0.42550001
1280,2007,0.43759999
1280,2008,0.4501
1280,2009,0.46180001
1280,2010,0.46959999
1280,2011,0.4772
1280,2012,0.48410001
1280,2013,0.49070001
1280,2014,0.49610001
1280,2015,0.50209999
1280,2016,0.50870001
1280,2017,0.51410002
1280,2018,0.5223
1280,2019,0.52969998
1280,2020,0.53820002
1280,2021,0.54629999
1280,2022,0.56150001
1280,2023,0.57080001
1280,2024,0.57880002
1281,2006,0.65810001
1281,2007,0.6649
1281,2008,0.67119998
1281,2009,0.67799997
1281,2010,0.68430001
1281,2011,0.69029999
1281,2012,0.69489998
1281,2013,0.69840002
1281,2014,0.70200002
1281,2015,0.70109999
1281,2016,0.70609999
1281,2017,0.70819998
1281,2018,0.71289998
1281,2019,0.7177
1281,2020,0.72259998
1281,2021,0.7277
1281,2022,0.73570001
1281,2023,0.73900002
1281,2024,0.74559999
1282,2006,0.26859999
1282,2007,0.27520001
1282,2008,0.28240001
1282,2009,0.2868
1282,2010,0.29269999
1282,2011,0.29890001
1282,2012,0.30399999
1282,2013,0.31189999
1282,2014,0.31799999
1282,2015,0.32550001
1282,2016,0.3308
1282,2017,0.33680001
1282,2018,0.34439999
1282,2019,0.3502
1282,2020,0.3567
1282,2021,0.36629999
1282,2022,0.3793
1282,2023,0.38870001
1282,2024,0.3978
1283,2006,0.35260001
1283,2007,0.36039999
1283,2008,0.36840001
1283,2009,0.375
1283,2010,0.3811
1283,2011,0.38820001
1283,2012,0.39340001
1283,2013,0.39879999
1283,2014,0.40369999
1283,2015,0.4102
1283,2016,0.41620001
1283,2017,0.42089999
1283,2018,0.4296
1283,2019,0.43599999
1283,2020,0.44350001
1283,2021,0.449
1283,2022,0.4612
1283,2023,0.46689999
1283,2024,0.47220001
1284,2006,0.3793
1284,2007,0.38530001
1284,2008,0.39230001
1284,2009,0.39950001
1284,2010,0.4102
1284,2011,0.41679999
1284,2012,0.42230001
1284,2013,0.42899999
1284,2014,0.43599999
1284,2015,0.4438
1284,2016,0.4508
1284,2017,0.45429999
1284,2018,0.46219999
1284,2019,0.4675
1284,2020,0.47350001
1284,2021,0.48120001
1284,2022,0.4914
1284,2023,0.4971
1284,2024,0.50199997
1285,2006,0.287
1285,2007,0.29609999
1285,2008,0.30649999
1285,2009,0.3154
1285,2010,0.32480001
1285,2011,0.32960001
1285,2012,0.33660001
1285,2013,0.3468
1285,2014,0.35339999
1285,2015,0.36070001
1285,2016,0.36629999
1285,2017,0.37040001
1285,2018,0.37810001
1285,2019,0.3872
1285,2020,0.39559999
1285,2021,0.40830001
1285,2022,0.42089999
1285,2023,0.42899999
1285,2024,0.43889999
1286,2006,0.315
1286,2007,0.3256
1286,2008,0.33450001
1286,2009,0.3396
1286,2010,0.34740001
1286,2011,0.35519999
1286,2012,0.3619
1286,2013,0.36700001
1286,2014,0.37360001
1286,2015,0.37889999
1286,2016,0.38609999
1286,2017,0.39449999
1286,2018,0.40040001
1286,2019,0.40490001
1286,2020,0.41100001
1286,2021,0.42469999
1286,2022,0.4425
1286,2023,0.44749999
1286,2024,0.45719999
1287,2006,0.25690001
1287,2007,0.26620001
1287,2008,0.27540001
1287,2009,0.2807
1287,2010,0.2902
1287,2011,0.29530001
1287,2012,0.29929999
1287,2013,0.30309999
1287,2014,0.3073
1287,2015,0.31389999
1287,2016,0.32089999
1287,2017,0.32820001
1287,2018,0.33590001
1287,2019,0.34279999
1287,2020,0.352
1287,2021,0.35929999
1287,2022,0.36989999
1287,2023,0.37869999
1287,2024,0.38820001
1290,2006,0.33899999
1290,2007,0.34619999
1290,2008,0.35280001
1290,2009,0.35929999
1290,2010,0.3646
1290,2011,0.37079999
1290,2012,0.37459999
1290,2013,0.38060001
1290,2014,0.38280001
1290,2015,0.3872
1290,2016,0.39109999
1290,2017,0.39399999
1290,2018,0.3989
1290,2019,0.40290001
1290,2020,0.4091
1290,2021,0.4147
1290,2022,0.4237
1290,2023,0.42820001
1290,2024,0.43509999
1291,2006,0.29640001
1291,2007,0.30309999
1291,2008,0.31169999
1291,2009,0.3161
1291,2010,0.3213
1291,2011,0.32730001
1291,2012,0.33309999
1291,2013,0.3351
1291,2014,0.33919999
1291,2015,0.34729999
1291,2016,0.34779999
1291,2017,0.3457
1291,2018,0.34940001
1291,2019,0.35350001
1291,2020,0.361
1291,2021,0.36739999
1291,2022,0.37549999
1291,2023,0.3854
1291,2024,0.3926
1292,2006,0.3312
1292,2007,0.33649999
1292,2008,0.3427
1292,2009,0.34729999
1292,2010,0.35299999
1292,2011,0.3603
1292,2012,0.3646
1292,2013,0.3712
1292,2014,0.3734
1292,2015,0.3752
1292,2016,0.38119999
1292,2017,0.38710001
1292,2018,0.3944
1292,2019,0.3978
1292,2020,0.40369999
1292,2021,0.41190001
1292,2022,0.42609999
1292,2023,0.43599999
1292,2024,0.44409999
1293,2006,0.2726
1293,2007,0.2802
1293,2008,0.28819999
1293,2009,0.29280001
1293,2010,0.3012
1293,2011,0.30649999
1293,2012,0.31389999
1293,2013,0.32120001
1293,2014,0.32890001
1293,2015,0.3321
1293,2016,0.33719999
1293,2017,0.34130001
1293,2018,0.34490001
1293,2019,0.35159999
1293,2020,0.35690001
1293,2021,0.36289999
1293,2022,0.3714
1293,2023,0.37810001
1293,2024,0.3867
1315,2006,0.1876
1315,2007,0.19159999
1315,2008,0.1935
1315,2009,0.1974
1315,2010,0.2042
1315,2011,0.2138
1315,2012,0.2146
1315,2013,0.21789999
1315,2014,0.22750001
1315,2015,0.2385
1315,2016,0.25060001
1315,2017,0.25569999
1315,2018,0.25580001
1315,2019,0.25529999
1315,2020,0.2559
1315,2021,0.2597
1315,2022,0.26710001
1315,2023,0.27289999
1315,2024,0.2809
1380,2006,0.35589999
1380,2007,0.3635
1380,2008,0.37029999
1380,2009,0.3793
1380,2010,0.38870001
1380,2011,0.39590001
1380,2012,0.4016
1380,2013,0.4077
1380,2014,0.41260001
1380,2015,0.4183
1380,2016,0.42300001
1380,2017,0.4271
1380,2018,0.43099999
1380,2019,0.4357
1380,2020,0.44170001
1380,2021,0.44780001
1380,2022,0.4578
1380,2023,0.46290001
1380,2024,0.46830001
1381,2006,0.2279
1381,2007,0.233
1381,2008,0.2428
1381,2009,0.24959999
1381,2010,0.25889999
1381,2011,0.2687
1381,2012,0.27610001
1381,2013,0.28099999
1381,2014,0.28639999
1381,2015,0.29249999
1381,2016,0.2987
1381,2017,0.3082
1381,2018,0.3118
1381,2019,0.31619999
1381,2020,0.32280001
1381,2021,0.33050001
1381,2022,0.3432
1381,2023,0.35299999
1381,2024,0.3601
1382,2006,0.2446
1382,2007,0.25229999
1382,2008,0.25870001
1382,2009,0.2642
1382,2010,0.2705
1382,2011,0.27689999
1382,2012,0.28279999
1382,2013,0.29010001
1382,2014,0.29530001
1382,2015,0.2985
1382,2016,0.30559999
1382,2017,0.31209999
1382,2018,0.31909999
1382,2019,0.32429999
1382,2020,0.3326
1382,2021,0.34189999
1382,2022,0.35389999
1382,2023,0.36449999
1382,2024,0.37040001
1383,2006,0.308
1383,2007,0.3152
1383,2008,0.32280001
1383,2009,0.3319
1383,2010,0.3405
1383,2011,0.34999999
1383,2012,0.35749999
1383,2013,0.36340001
1383,2014,0.37040001
1383,2015,0.37560001
1383,2016,0.38249999
1383,2017,0.38940001
1383,2018,0.39579999
1383,2019,0.40220001
1383,2020,0.41010001
1383,2021,0.41870001
1383,2022,0.43380001
1383,2023,0.4413
1383,2024,0.45120001
1384,2006,0.39669999
1384,2007,0.4066
1384,2008,0.41479999
1384,2009,0.42250001
1384,2010,0.433
1384,2011,0.44209999
1384,2012,0.45070001
1384,2013,0.45770001
1384,2014,0.4641
1384,2015,0.47060001
1384,2016,0.47819999
1384,2017,0.48359999
1384,2018,0.48890001
1384,2019,0.49520001
1384,2020,0.50330001
1384,2021,0.51270002
1384,2022,0.52579999
1384,2023,0.53369999
1384,2024,0.542
1401,2006,0.4005
1401,2007,0.40979999
1401,2008,0.41949999
1401,2009,0.4276
1401,2010,0.4413
1401,2011,0.45449999
1401,2012,0.4648
1401,2013,0.47530001
1401,2014,0.4851
1401,2015,0.49180001
1401,2016,0.49649999
1401,2017,0.50449997
1401,2018,0.51389998
1401,2019,0.52270001
1401,2020,0.5302
1401,2021,0.5402
1401,2022,0.55720001
1401,2023,0.56690001
1401,2024,0.57389998
1402,2006,0.4165
1402,2007,0.4215
1402,2008,0.42719999
1402,2009,0.43709999
1402,2010,0.44760001
1402,2011,0.45910001
1402,2012,0.4666
1402,2013,0.4774
1402,2014,0.48359999
1402,2015,0.4923
1402,2016,0.49720001
1402,2017,0.50599998
1402,2018,0.51779997
1402,2019,0.52859998
1402,2020,0.53560001
1402,2021,0.54809999
1402,2022,0.56190002
1402,2023,0.57179999
1402,2024,0.58270001
1407,2006,0.31009999
1407,2007,0.32249999
1407,2008,0.3292
1407,2009,0.33829999
1407,2010,0.34979999
1407,2011,0.36070001
1407,2012,0.37239999
1407,2013,0.38339999
1407,2014,0.3867
1407,2015,0.39480001
1407,2016,0.40130001
1407,2017,0.40650001
1407,2018,0.41339999
1407,2019,0.4154
1407,2020,0.4233
1407,2021,0.4276
1407,2022,0.442
1407,2023,0.456
1407,2024,0.46439999
1415,2006,0.32980001
1415,2007,0.33930001
1415,2008,0.34900001
1415,2009,0.35870001
1415,2010,0.36700001
1415,2011,0.37360001
1415,2012,0.3804
1415,2013,0.3854
1415,2014,0.38949999
1415,2015,0.39480001
1415,2016,0.4007
1415,2017,0.4052
1415,2018,0.41060001
1415,2019,0.41659999
1415,2020,0.42250001
1415,2021,0.43560001
1415,2022,0.44639999
1415,2023,0.4549
1415,2024,0.46509999
1419,2006,0.3154
1419,2007,0.32229999
1419,2008,0.32879999
1419,2009,0.33669999
1419,2010,0.33970001
1419,2011,0.34490001
1419,2012,0.3504
1419,2013,0.35530001
1419,2014,0.3612
1419,2015,0.37459999
1419,2016,0.37909999
1419,2017,0.38519999
1419,2018,0.38780001
1419,2019,0.39449999
1419,2020,0.40020001
1419,2021,0.41229999
1419,2022,0.4219
1419,2023,0.42609999
1419,2024,0.4325
1421,2006,0.2692
1421,2007,0.27309999
1421,2008,0.27990001
1421,2009,0.28659999
1421,2010,0.2906
1421,2011,0.2983
1421,2012,0.30270001
1421,2013,0.30410001
1421,2014,0.3046
1421,2015,0.30610001
1421,2016,0.30950001
1421,2017,0.31909999
1421,2018,0.32249999
1421,2019,0.32710001
1421,2020,0.3373
1421,2021,0.3466
1421,2022,0.36109999
1421,2023,0.36739999
1421,2024,0.3723
1427,2006,0.2511
1427,2007,0.25510001
1427,2008,0.25510001
1427,2009,0.26289999
1427,2010,0.27270001
1427,2011,0.28029999
1427,2012,0.2823
1427,2013,0.28349999
1427,2014,0.2895
1427,2015,0.29530001
1427,2016,0.30070001
1427,2017,0.3048
1427,2018,0.3132
1427,2019,0.32170001
1427,2020,0.3272
1427,2021,0.33050001
1427,2022,0.33880001
1427,2023,0.3405
1427,2024,0.3513
1430,2006,0.199
1430,2007,0.2005
1430,2008,0.205
1430,2009,0.2098
1430,2010,0.21520001
1430,2011,0.2227
1430,2012,0.229
1430,2013,0.2313
1430,2014,0.23729999
1430,2015,0.2403
1430,2016,0.24869999
1430,2017,0.24950001
1430,2018,0.25529999
1430,2019,0.26100001
1430,2020,0.26359999
1430,2021,0.2665
1430,2022,0.28060001
1430,2023,0.29260001
1430,2024,0.294
1435,2006,0.2447
1435,2007,0.25080001
1435,2008,0.25909999
1435,2009,0.2658
1435,2010,0.2739
1435,2011,0.27919999
1435,2012,0.28560001
1435,2013,0.28760001
1435,2014,0.29429999
1435,2015,0.29859999
1435,2016,0.30509999
1435,2017,0.30930001
1435,2018,0.31670001
1435,2019,0.31779999
1435,2020,0.3222
1435,2021,0.32699999
1435,2022,0.33649999
1435,2023,0.34110001
1435,2024,0.34740001
1438,2006,0.19490001
1438,2007,0.1974
1438,2008,0.20100001
1438,2009,0.2085
1438,2010,0.2181
1438,2011,0.2167
1438,2012,0.22390001
1438,2013,0.2282
1438,2014,0.2362
1438,2015,0.24240001
1438,2016,0.2529
1438,2017,0.24959999
1438,2018,0.25600001
1438,2019,0.2658
1438,2020,0.2723
1438,2021,0.2762
1438,2022,0.28780001
1438,2023,0.3003
1438,2024,0.30739999
1439,2006,0.1904
1439,2007,0.19670001
1439,2008,0.1998
1439,2009,0.2057
1439,2010,0.20990001
1439,2011,0.2133
1439,2012,0.2156
1439,2013,0.21780001
1439,2014,0.2217
1439,2015,0.2252
1439,2016,0.2314
1439,2017,0.23370001
1439,2018,0.2322
1439,2019,0.2348
1439,2020,0.2384
1439,2021,0.2421
1439,2022,0.25510001
1439,2023,0.25909999
1439,2024,0.27090001
1440,2006,0.255
1440,2007,0.26350001
1440,2008,0.26879999
1440,2009,0.27849999
1440,2010,0.2852
1440,2011,0.2969
1440,2012,0.30790001
1440,2013,0.31729999
1440,2014,0.32620001
1440,2015,0.3355
1440,2016,0.3486
1440,2017,0.36230001
1440,2018,0.37360001
1440,2019,0.38640001
1440,2020,0.39430001
1440,2021,0.40189999
1440,2022,0.41530001
1440,2023,0.42320001
1440,2024,0.43099999
1441,2006,0.38049999
1441,2007,0.39250001
1441,2008,0.39789999
1441,2009,0.40529999
1441,2010,0.4149
1441,2011,0.4244
1441,2012,0.43599999
1441,2013,0.44749999
1441,2014,0.45649999
1441,2015,0.46270001
1441,2016,0.47
1441,2017,0.47589999
1441,2018,0.48429999
1441,2019,0.49399999
1441,2020,0.50389999
1441,2021,0.51749998
1441,2022,0.53259999
1441,2023,0.54250002
1441,2024,0.55309999
1442,2006,0.2348
1442,2007,0.24330001
1442,2008,0.2475
1442,2009,0.25740001
1442,2010,0.26190001
1442,2011,0.26890001
1442,2012,0.27410001
1442,2013,0.27680001
1442,2014,0.28349999
1442,2015,0.29120001
1442,2016,0.29609999
1442,2017,0.3037
1442,2018,0.31349999
1442,2019,0.31850001
1442,2020,0.324
1442,2021,0.33250001
1442,2022,0.34130001
1442,2023,0.34650001
1442,2024,0.35499999
1443,2006,0.2915
1443,2007,0.29679999
1443,2008,0.3064
1443,2009,0.31209999
1443,2010,0.31990001
1443,2011,0.31959999
1443,2012,0.3274
1443,2013,0.33329999
1443,2014,0.34060001
1443,2015,0.3468
1443,2016,0.35100001
1443,2017,0.36520001
1443,2018,0.37470001
1443,2019,0.38339999
1443,2020,0.38659999
1443,2021,0.40149999
1443,2022,0.41420001
1443,2023,0.41760001
1443,2024,0.41679999
1444,2006,0.2185
1444,2007,0.2262
1444,2008,0.22660001
1444,2009,0.2324
1444,2010,0.2403
1444,2011,0.2545
1444,2012,0.25580001
1444,2013,0.25979999
1444,2014,0.27070001
1444,2015,0.27590001
1444,2016,0.28279999
1444,2017,0.2906
1444,2018,0.2976
1444,2019,0.30239999
1444,2020,0.3114
1444,2021,0.3186
1444,2022,0.33250001
1444,2023,0.3373
1444,2024,0.34279999
1445,2006,0.19230001
1445,2007,0.1983
1445,2008,0.2027
1445,2009,0.2096
1445,2010,0.2102
1445,2011,0.2104
1445,2012,0.21349999
1445,2013,0.222
1445,2014,0.2306
1445,2015,0.23540001
1445,2016,0.2402
1445,2017,0.2427
1445,2018,0.25170001
1445,2019,0.2536
1445,2020,0.2595
1445,2021,0.25979999
1445,2022,0.2753
1445,2023,0.2816
1445,2024,0.28209999
1446,2006,0.27070001
1446,2007,0.28290001
1446,2008,0.28080001
1446,2009,0.29010001
1446,2010,0.3035
1446,2011,0.31099999
1446,2012,0.32030001
1446,2013,0.32589999
1446,2014,0.33450001
1446,2015,0.33399999
1446,2016,0.33450001
1446,2017,0.33559999
1446,2018,0.33770001
1446,2019,0.34279999
1446,2020,0.34810001
1446,2021,0.35339999
1446,2022,0.36399999
1446,2023,0.37290001
1446,2024,0.37580001
1447,2006,0.1769
1447,2007,0.1815
1447,2008,0.19239999
1447,2009,0.1962
1447,2010,0.19840001
1447,2011,0.2059
1447,2012,0.20559999
1447,2013,0.2095
1447,2014,0.2115
1447,2015,0.2158
1447,2016,0.2263
1447,2017,0.2254
1447,2018,0.22669999
1447,2019,0.227
1447,2020,0.2289
1447,2021,0.2331
1447,2022,0.25310001
1447,2023,0.25889999
1447,2024,0.27219999
1452,2006,0.1919
1452,2007,0.1991
1452,2008,0.2067
1452,2009,0.2078
1452,2010,0.2145
1452,2011,0.2198
1452,2012,0.2273
1452,2013,0.2325
1452,2014,0.2404
1452,2015,0.24609999
1452,2016,0.2527
1452,2017,0.2613
1452,2018,0.2658
1452,2019,0.2719
1452,2020,0.27990001
1452,2021,0.28549999
1452,2022,0.29640001
1452,2023,0.30309999
1452,2024,0.3062
1460,2006,0.18279999
1460,2007,0.19490001
1460,2008,0.20110001
1460,2009,0.2023
1460,2010,0.2129
1460,2011,0.21960001
1460,2012,0.223
1460,2013,0.2277
1460,2014,0.2288
1460,2015,0.23540001
1460,2016,0.24770001
1460,2017,0.25330001
1460,2018,0.25659999
1460,2019,0.2599
1460,2020,0.27129999
1460,2021,0.27739999
1460,2022,0.28639999
1460,2023,0.29210001
1460,2024,0.30450001
1461,2006,0.197
1461,2007,0.20020001
1461,2008,0.2078
1461,2009,0.2088
1461,2010,0.2192
1461,2011,0.22059999
1461,2012,0.22660001
1461,2013,0.2281
1461,2014,0.23729999
1461,2015,0.25060001
1461,2016,0.2588
1461,2017,0.2649
1461,2018,0.27360001
1461,2019,0.27509999
1461,2020,0.27900001
1461,2021,0.29080001
1461,2022,0.2978
1461,2023,0.30340001
1461,2024,0.30739999
1462,2006,0.19140001
1462,2007,0.19679999
1462,2008,0.20559999
1462,2009,0.2078
1462,2010,0.2103
1462,2011,0.21699999
1462,2012,0.2274
1462,2013,0.23450001
1462,2014,0.24349999
1462,2015,0.2485
1462,2016,0.25780001
1462,2017,0.26570001
1462,2018,0.2764
1462,2019,0.28439999
1462,2020,0.2924
1462,2021,0.30149999
1462,2022,0.3114
1462,2023,0.31819999
1462,2024,0.32550001
1463,2006,0.24510001
1463,2007,0.2543
1463,2008,0.26089999
1463,2009,0.26550001
1463,2010,0.27399999
1463,2011,0.27790001
1463,2012,0.28169999
1463,2013,0.28470001
1463,2014,0.28920001
1463,2015,0.2929
1463,2016,0.29949999
1463,2017,0.30540001
1463,2018,0.3105
1463,2019,0.31799999
1463,2020,0.32159999
1463,2021,0.33500001
1463,2022,0.34639999
1463,2023,0.35550001
1463,2024,0.36320001
1465,2006,0.1698
1465,2007,0.17569999
1465,2008,0.17910001
1465,2009,0.182
1465,2010,0.18709999
1465,2011,0.19220001
1465,2012,0.1969
1465,2013,0.20119999
1465,2014,0.2054
1465,2015,0.2098
1465,2016,0.2148
1465,2017,0.2185
1465,2018,0.2274
1465,2019,0.233
1465,2020,0.2438
1465,2021,0.25260001
1465,2022,0.26899999
1465,2023,0.27160001
1465,2024,0.2836
1466,2006,0.2051
1466,2007,0.21870001
1466,2008,0.2235
1466,2009,0.2314
1466,2010,0.2362
1466,2011,0.2422
1466,2012,0.2499
1466,2013,0.25650001
1466,2014,0.2624
1466,2015,0.26719999
1466,2016,0.27160001
1466,2017,0.27759999
1466,2018,0.2825
1466,2019,0.28920001
1466,2020,0.29120001
1466,2021,0.3019
1466,2022,0.31
1466,2023,0.32049999
1466,2024,0.32499999
1470,2006,0.1934
1470,2007,0.2009
1470,2008,0.2093
1470,2009,0.2131
1470,2010,0.21969999
1470,2011,0.2264
1470,2012,0.2321
1470,2013,0.23469999
1470,2014,0.237
1470,2015,0.24330001
1470,2016,0.25040001
1470,2017,0.2552
1470,2018,0.25920001
1470,2019,0.26589999
1470,2020,0.273
1470,2021,0.27720001
1470,2022,0.2863
1470,2023,0.28999999
1470,2024,0.29499999
1471,2006,0.2274
1471,2007,0.23899999
1471,2008,0.24169999
1471,2009,0.25060001
1471,2010,0.25690001
1471,2011,0.26609999
1471,2012,0.2735
1471,2013,0.27770001
1471,2014,0.28209999
1471,2015,0.28189999
1471,2016,0.28960001
1471,2017,0.29859999
1471,2018,0.3053
1471,2019,0.30840001
1471,2020,0.31439999
1471,2021,0.3213
1471,2022,0.33410001
1471,2023,0.33759999
1471,2024,0.35030001
1472,2006,0.2096
1472,2007,0.2166
1472,2008,0.2244
1472,2009,0.2296
1472,2010,0.2331
1472,2011,0.2388
1472,2012,0.2436
1472,2013,0.2507
1472,2014,0.2554
1472,2015,0.26269999
1472,2016,0.2735
1472,2017,0.2773
1472,2018,0.28650001
1472,2019,0.28999999
1472,2020,0.2915
1472,2021,0.29640001
1472,2022,0.30399999
1472,2023,0.31420001
1472,2024,0.32269999
1473,2006,0.1918
1473,2007,0.2
1473,2008,0.2057
1473,2009,0.2097
1473,2010,0.2131
1473,2011,0.22480001
1473,2012,0.2281
1473,2013,0.23819999
1473,2014,0.2467
1473,2015,0.25560001
1473,2016,0.26359999
1473,2017,0.26530001
1473,2018,0.27169999
1473,2019,0.27669999
1473,2020,0.27869999
1473,2021,0.28780001
1473,2022,0.29609999
1473,2023,0.30000001
1473,2024,0.30720001
1480,2006,0.4598
1480,2007,0.46790001
1480,2008,0.47670001
1480,2009,0.4858
1480,2010,0.49439999
1480,2011,0.50190002
1480,2012,0.5086
1480,2013,0.51480001
1480,2014,0.52200001
1480,2015,0.52770001
1480,2016,0.53430003
1480,2017,0.5406
1480,2018,0.54930001
1480,2019,0.5564
1480,2020,0.56269997
1480,2021,0.56840003
1480,2022,0.58209997
1480,2023,0.5898
1480,2024,0.59670001
1481,2006,0.43799999
1481,2007,0.4479
1481,2008,0.45930001
1481,2009,0.4689
1481,2010,0.47839999
1481,2011,0.48719999
1481,2012,0.4962
1481,2013,0.50319999
1481,2014,0.51440001
1481,2015,0.5226
1481,2016,0.53170002
1481,2017,0.54210001
1481,2018,0.55419999
1481,2019,0.56449997
1481,2020,0.57380003
1481,2021,0.5844
1481,2022,0.59960002
1481,2023,0.60600001
1481,2024,0.6171
1482,2006,0.3355
1482,2007,0.34380001
1482,2008,0.35260001
1482,2009,0.3581
1482,2010,0.36790001
1482,2011,0.37580001
1482,2012,0.38069999
1482,2013,0.38589999
1482,2014,0.39179999
1482,2015,0.40059999
1482,2016,0.40810001
1482,2017,0.41370001
1482,2018,0.42039999
1482,2019,0.42829999
1482,2020,0.43740001
1482,2021,0.4465
1482,2022,0.46090001
1482,2023,0.47220001
1482,2024,0.48249999
1484,2006,0.26609999
1484,2007,0.26989999
1484,2008,0.2739
1484,2009,0.27880001
1484,2010,0.28659999
1484,2011,0.29100001
1484,2012,0.29530001
1484,2013,0.30360001
1484,2014,0.30880001
1484,2015,0.3132
1484,2016,0.31850001
1484,2017,0.3222
1484,2018,0.32789999
1484,2019,0.32870001
1484,2020,0.3348
1484,2021,0.3468
1484,2022,0.3572
1484,2023,0.3635
1484,2024,0.37079999
1485,2006,0.31959999
1485,2007,0.3249
1485,2008,0.3319
1485,2009,0.33849999
1485,2010,0.34419999
1485,2011,0.35139999
1485,2012,0.35460001
1485,2013,0.36179999
1485,2014,0.3664
1485,2015,0.37290001
1485,2016,0.37670001
1485,2017,0.38209999
1485,2018,0.38909999
1485,2019,0.39539999
1485,2020,0.39899999
1485,2021,0.4048
1485,2022,0.4147
1485,2023,0.4192
1485,2024,0.4267
1486,2006,0.25729999
1486,2007,0.26159999
1486,2008,0.2667
1486,2009,0.26840001
1486,2010,0.2775
1486,2011,0.2836
1486,2012,0.29089999
1486,2013,0.29550001
1486,2014,0.29660001
1486,2015,0.29910001
1486,2016,0.30149999
1486,2017,0.3021
1486,2018,0.3053
1486,2019,0.3098
1486,2020,0.3186
1486,2021,0.32519999
1486,2022,0.33469999
1486,2023,0.33809999
1486,2024,0.34580001
1487,2006,0.31909999
1487,2007,0.3222
1487,2008,0.3256
1487,2009,0.331
1487,2010,0.33430001
1487,2011,0.34060001
1487,2012,0.34549999
1487,2013,0.35089999
1487,2014,0.3558
1487,2015,0.36320001
1487,2016,0.3705
1487,2017,0.37470001
1487,2018,0.38319999
1487,2019,0.389
1487,2020,0.3935
1487,2021,0.4012
1487,2022,0.412
1487,2023,0.42120001
1487,2024,0.4251
1488,2006,0.31060001
1488,2007,0.32080001
1488,2008,0.3299
1488,2009,0.34
1488,2010,0.34560001
1488,2011,0.35339999
1488,2012,0.35879999
1488,2013,0.3655
1488,2014,0.37380001
1488,2015,0.38139999
1488,2016,0.39199999
1488,2017,0.40090001
1488,2018,0.41010001
1488,2019,0.41870001
1488,2020,0.42840001
1488,2021,0.43509999
1488,2022,0.4472
1488,2023,0.4571
1488,2024,0.46790001
1489,2006,0.34439999
1489,2007,0.35159999
1489,2008,0.3603
1489,2009,0.36739999
1489,2010,0.37490001
1489,2011,0.38319999
1489,2012,0.38850001
1489,2013,0.39539999
1489,2014,0.4003
1489,2015,0.40470001
1489,2016,0.40869999
1489,2017,0.4145
1489,2018,0.42089999
1489,2019,0.42699999
1489,2020,0.43329999
1489,2021,0.44310001
1489,2022,0.4551
1489,2023,0.46309999
1489,2024,0.47299999
1490,2006,0.30720001
1490,2007,0.31510001
1490,2008,0.3224
1490,2009,0.33070001
1490,2010,0.33860001
1490,2011,0.34619999
1490,2012,0.35330001
1490,2013,0.35980001
1490,2014,0.36539999
1490,2015,0.37169999
1490,2016,0.37920001
1490,2017,0.3849
1490,2018,0.3901
1490,2019,0.39669999
1490,2020,0.40220001
1490,2021,0.40790001
1490,2022,0.41780001
1490,2023,0.42210001
1490,2024,0.4267
1491,2006,0.25
1491,2007,0.25659999
1491,2008,0.26289999
1491,2009,0.2692
1491,2010,0.27430001
1491,2011,0.2811
1491,2012,0.2877
1491,2013,0.29269999
1491,2014,0.29440001
1491,2015,0.30070001
1491,2016,0.30689999
1491,2017,0.30950001
1491,2018,0.31690001
1491,2019,0.3215
1491,2020,0.3281
1491,2021,0.33579999
1491,2022,0.34740001
1491,2023,0.35699999
1491,2024,0.36410001
1492,2006,0.24519999
1492,2007,0.2484
1492,2008,0.25670001
1492,2009,0.2613
1492,2010,0.27079999
1492,2011,0.2719
1492,2012,0.27559999
1492,2013,0.27759999
1492,2014,0.28389999
1492,2015,0.28729999
1492,2016,0.29719999
1492,2017,0.29949999
1492,2018,0.30430001
1492,2019,0.30610001
1492,2020,0.3096
1492,2021,0.31400001
1492,2022,0.3231
1492,2023,0.33070001
1492,2024,0.33500001
1493,2006,0.2577
1493,2007,0.26449999
1493,2008,0.26930001
1493,2009,0.27630001
1493,2010,0.2854
1493,2011,0.29249999
1493,2012,0.29910001
1493,2013,0.30109999
1493,2014,0.3062
1493,2015,0.315
1493,2016,0.31690001
1493,2017,0.32229999
1493,2018,0.33140001
1493,2019,0.33539999
1493,2020,0.34200001
1493,2021,0.35389999
1493,2022,0.36179999
1493,2023,0.36899999
1493,2024,0.3761
1494,2006,0.30599999
1494,2007,0.31259999
1494,2008,0.31979999
1494,2009,0.3258
1494,2010,0.3319
1494,2011,0.3398
1494,2012,0.3448
1494,2013,0.35049999
1494,2014,0.35640001
1494,2015,0.36289999
1494,2016,0.3687
1494,2017,0.37169999
1494,2018,0.3779
1494,2019,0.3822
1494,2020,0.38949999
1494,2021,0.3976
1494,2022,0.40439999
1494,2023,0.4109
1494,2024,0.4154
1495,2006,0.27000001
1495,2007,0.27689999
1495,2008,0.28130001
1495,2009,0.28569999
1495,2010,0.2929
1495,2011,0.29890001
1495,2012,0.30540001
1495,2013,0.3098
1495,2014,0.31290001
1495,2015,0.31709999
1495,2016,0.3229
1495,2017,0.32659999
1495,2018,0.32820001
1495,2019,0.333
1495,2020,0.33790001
1495,2021,0.34459999
1495,2022,0.3522
1495,2023,0.35569999
1495,2024,0.3617
1496,2006,0.3427
1496,2007,0.3502
1496,2008,0.35659999
1496,2009,0.3628
1496,2010,0.37130001
1496,2011,0.38
1496,2012,0.3874
1496,2013,0.39399999
1496,2014,0.40110001
1496,2015,0.40560001
1496,2016,0.41240001
1496,2017,0.4163
1496,2018,0.42460001
1496,2019,0.43279999
1496,2020,0.4395
1496,2021,0.4481
1496,2022,0.4576
1496,2023,0.46430001
1496,2024,0.47310001
1497,2006,0.27149999
1497,2007,0.27700001
1497,2008,0.2841
1497,2009,0.28889999
1497,2010,0.29440001
1497,2011,0.296
1497,2012,0.3017
1497,2013,0.30360001
1497,2014,0.31099999
1497,2015,0.3179
1497,2016,0.3213
1497,2017,0.32069999
1497,2018,0.33019999
1497,2019,0.34
1497,2020,0.34670001
1497,2021,0.35609999
1497,2022,0.36840001
1497,2023,0.3759
1497,2024,0.3876
1498,2006,0.2022
1498,2007,0.2124
1498,2008,0.2194
1498,2009,0.2207
1498,2010,0.22490001
1498,2011,0.2282
1498,2012,0.22849999
1498,2013,0.2306
1498,2014,0.23810001
1498,2015,0.243
1498,2016,0.24789999
1498,2017,0.252
1498,2018,0.26339999
1498,2019,0.26890001
1498,2020,0.27430001
1498,2021,0.28369999
1498,2022,0.29120001
1498,2023,0.29809999
1498,2024,0.3035
1499,2006,0.26359999
1499,2007,0.26840001
1499,2008,0.2723
1499,2009,0.27849999
1499,2010,0.2818
1499,2011,0.28470001
1499,2012,0.28560001
1499,2013,0.28830001
1499,2014,0.29589999
1499,2015,0.29960001
1499,2016,0.30630001
1499,2017,0.3109
1499,2018,0.31569999
1499,2019,0.3197
1499,2020,0.3238
1499,2021,0.3301
1499,2022,0.3441
1499,2023,0.3479
1499,2024,0.3536
1715,2006,0.27239999
1715,2007,0.2771
1715,2008,0.2816
1715,2009,0.28850001
1715,2010,0.29499999
1715,2011,0.30090001
1715,2012,0.31029999
1715,2013,0.3177
1715,2014,0.32570001
1715,2015,0.3276
1715,2016,0.33579999
1715,2017,0.34079999
1715,2018,0.35260001
1715,2019,0.35600001
1715,2020,0.36539999
1715,2021,0.373
1715,2022,0.3813
1715,2023,0.3883
1715,2024,0.39390001
1730,2006,0.1706
1730,2007,0.1761
1730,2008,0.1848
1730,2009,0.1881
1730,2010,0.19400001
1730,2011,0.20389999
1730,2012,0.2068
1730,2013,0.2077
1730,2014,0.2121
1730,2015,0.21259999
1730,2016,0.2202
1730,2017,0.22660001
1730,2018,0.2244
1730,2019,0.22570001
1730,2020,0.2335
1730,2021,0.2383
1730,2022,0.2431
1730,2023,0.2481
1730,2024,0.25510001
1737,2006,0.2024
1737,2007,0.2089
1737,2008,0.2145
1737,2009,0.2181
1737,2010,0.2236
1737,2011,0.2279
1737,2012,0.23280001
1737,2013,0.23289999
1737,2014,0.23810001
1737,2015,0.243
1737,2016,0.2485
1737,2017,0.2466
1737,2018,0.2467
1737,2019,0.2498
1737,2020,0.255
1737,2021,0.26019999
1737,2022,0.27250001
1737,2023,0.27860001
1737,2024,0.2834
1760,2006,0.1841
1760,2007,0.18880001
1760,2008,0.1936
1760,2009,0.1948
1760,2010,0.199
1760,2011,0.2017
1760,2012,0.205
1760,2013,0.199
1760,2014,0.2041
1760,2015,0.214
1760,2016,0.21520001
1760,2017,0.2147
1760,2018,0.21269999
1760,2019,0.21439999
1760,2020,0.21960001
1760,2021,0.22840001
1760,2022,0.2306
1760,2023,0.2357
1760,2024,0.2471
1761,2006,0.39300001
1761,2007,0.4052
1761,2008,0.41679999
1761,2009,0.42719999
1761,2010,0.44150001
1761,2011,0.4522
1761,2012,0.461
1761,2013,0.47350001
1761,2014,0.48359999
1761,2015,0.49590001
1761,2016,0.509
1761,2017,0.5169
1761,2018,0.5255
1761,2019,0.53549999
1761,2020,0.54579997
1761,2021,0.55680001
1761,2022,0.57080001
1761,2023,0.58399999
1761,2024,0.59249997
1762,2006,0.1708
1762,2007,0.18260001
1762,2008,0.18960001
1762,2009,0.1934
1762,2010,0.18709999
1762,2011,0.1857
1762,2012,0.18790001
1762,2013,0.1894
1762,2014,0.1866
1762,2015,0.1964
1762,2016,0.19930001
1762,2017,0.2005
1762,2018,0.2133
1762,2019,0.213
1762,2020,0.214
1762,2021,0.2218
1762,2022,0.23540001
1762,2023,0.2456
1762,2024,0.2494
1763,2006,0.25749999
1763,2007,0.26390001
1763,2008,0.273
1763,2009,0.2798
1763,2010,0.28760001
1763,2011,0.29370001
1763,2012,0.2987
1763,2013,0.30500001
1763,2014,0.3098
1763,2015,0.31490001
1763,2016,0.31529999
1763,2017,0.32699999
1763,2018,0.33090001
1763,2019,0.33419999
1763,2020,0.34009999
1763,2021,0.3511
1763,2022,0.3664
1763,2023,0.37380001
1763,2024,0.3838
1764,2006,0.1822
1764,2007,0.1867
1764,2008,0.1881
1764,2009,0.19499999
1764,2010,0.19660001
1764,2011,0.2035
1764,2012,0.2062
1764,2013,0.2106
1764,2014,0.2129
1764,2015,0.2149
1764,2016,0.2234
1764,2017,0.2256
1764,2018,0.2324
1764,2019,0.23999999
1764,2020,0.24600001
1764,2021,0.25729999
1764,2022,0.26890001
1764,2023,0.27829999
1764,2024,0.28819999
1765,2006,0.17479999
1765,2007,0.18009999
1765,2008,0.1864
1765,2009,0.19149999
1765,2010,0.19320001
1765,2011,0.19750001
1765,2012,0.2
1765,2013,0.20110001
1765,2014,0.2032
1765,2015,0.2089
1765,2016,0.212
1765,2017,0.22139999
1765,2018,0.21950001
1765,2019,0.22409999
1765,2020,0.23010001
1765,2021,0.2334
1765,2022,0.24259999
1765,2023,0.24519999
1765,2024,0.25369999
1766,2006,0.242
1766,2007,0.25130001
1766,2008,0.25369999
1766,2009,0.259
1766,2010,0.26570001
1766,2011,0.27070001
1766,2012,0.2784
1766,2013,0.28080001
1766,2014,0.2911
1766,2015,0.29429999
1766,2016,0.30019999
1766,2017,0.30329999
1766,2018,0.3064
1766,2019,0.3082
1766,2020,0.31209999
1766,2021,0.3197
1766,2022,0.33059999
1766,2023,0.33880001
1766,2024,0.34470001
1780,2006,0.42289999
1780,2007,0.42919999
1780,2008,0.4341
1780,2009,0.43970001
1780,2010,0.44729999
1780,2011,0.4587
1780,2012,0.46380001
1780,2013,0.47
1780,2014,0.47350001
1780,2015,0.47850001
1780,2016,0.48379999
1780,2017,0.48910001
1780,2018,0.49489999
1780,2019,0.50150001
1780,2020,0.50910002
1780,2021,0.51730001
1780,2022,0.5284
1780,2023,0.53579998
1780,2024,0.54439998
1781,2006,0.26100001
1781,2007,0.26519999
1781,2008,0.2701
1781,2009,0.27759999
1781,2010,0.28650001
1781,2011,0.289
1781,2012,0.2929
1781,2013,0.29539999
1781,2014,0.3028
1781,2015,0.30939999
1781,2016,0.31510001
1781,2017,0.3186
1781,2018,0.32339999
1781,2019,0.3276
1781,2020,0.33419999
1781,2021,0.34009999
1781,2022,0.35460001
1781,2023,0.36070001
1781,2024,0.36919999
1782,2006,0.1619
1782,2007,0.167
1782,2008,0.1728
1782,2009,0.17389999
1782,2010,0.1787
1782,2011,0.1831
1782,2012,0.1866
1782,2013,0.1913
1782,2014,0.1936
1782,2015,0.1992
1782,2016,0.20299999
1782,2017,0.2051
1782,2018,0.2042
1782,2019,0.2001
1782,2020,0.2009
1782,2021,0.2067
1782,2022,0.2114
1782,2023,0.21969999
1782,2024,0.2299
1783,2006,0.18359999
1783,2007,0.1946
1783,2008,0.19859999
1783,2009,0.2049
1783,2010,0.20290001
1783,2011,0.2052
1783,2012,0.2105
1783,2013,0.21510001
1783,2014,0.2235
1783,2015,0.2251
1783,2016,0.23100001
1783,2017,0.2296
1783,2018,0.2279
1783,2019,0.2358
1783,2020,0.24339999
1783,2021,0.24950001
1783,2022,0.26069999
1783,2023,0.26879999
1783,2024,0.27520001
1784,2006,0.26440001
1784,2007,0.27149999
1784,2008,0.278
1784,2009,0.28529999
1784,2010,0.29280001
1784,2011,0.30219999
1784,2012,0.30450001
1784,2013,0.30430001
1784,2014,0.30680001
1784,2015,0.30829999
1784,2016,0.31060001
1784,2017,0.31380001
1784,2018,0.31569999
1784,2019,0.32159999
1784,2020,0.3251
1784,2021,0.333
1784,2022,0.34509999
1784,2023,0.34869999
1784,2024,0.35620001
1785,2006,0.23469999
1785,2007,0.2396
1785,2008,0.2436
1785,2009,0.24770001
1785,2010,0.25170001
1785,2011,0.25600001
1785,2012,0.257
1785,2013,0.25709999
1785,2014,0.25920001
1785,2015,0.26089999
1785,2016,0.26460001
1785,2017,0.26359999
1785,2018,0.26640001
1785,2019,0.27169999
1785,2020,0.27469999
1785,2021,0.27959999
1785,2022,0.2911
1785,2023,0.29769999
1785,2024,0.3039
1814,2006,0.25839999
1814,2007,0.26269999
1814,2008,0.2762
1814,2009,0.28
1814,2010,0.2836
1814,2011,0.2902
1814,2012,0.29170001
1814,2013,0.29280001
1814,2014,0.29929999
1814,2015,0.30680001
1814,2016,0.3132
1814,2017,0.32010001
1814,2018,0.33309999
1814,2019,0.34189999
1814,2020,0.35210001
1814,2021,0.3637
1814,2022,0.37639999
1814,2023,0.3829
1814,2024,0.38980001
1860,2006,0.1803
1860,2007,0.1789
1860,2008,0.1796
1860,2009,0.1859
1860,2010,0.18700001
1860,2011,0.1883
1860,2012,0.19410001
1860,2013,0.20739999
1860,2014,0.21690001
1860,2015,0.22669999
1860,2016,0.222
1860,2017,0.2262
1860,2018,0.23199999
1860,2019,0.2454
1860,2020,0.2527
1860,2021,0.2491
1860,2022,0.2577
1860,2023,0.26429999
1860,2024,0.26320001
1861,2006,0.20900001
1861,2007,0.21349999
1861,2008,0.2158
1861,2009,0.21690001
1861,2010,0.2203
1861,2011,0.2264
1861,2012,0.227
1861,2013,0.2322
1861,2014,0.2384
1861,2015,0.243
1861,2016,0.25049999
1861,2017,0.25350001
1861,2018,0.26539999
1861,2019,0.2705
1861,2020,0.27489999
1861,2021,0.2845
1861,2022,0.29440001
1861,2023,0.30289999
1861,2024,0.3089
1862,2006,0.18179999
1862,2007,0.18440001
1862,2008,0.1891
1862,2009,0.19499999
1862,2010,0.20029999
1862,2011,0.2041
1862,2012,0.2077
1862,2013,0.21179999
1862,2014,0.214
1862,2015,0.22040001
1862,2016,0.2226
1862,2017,0.2256
1862,2018,0.2255
1862,2019,0.2288
1862,2020,0.2309
1862,2021,0.2406
1862,2022,0.2466
1862,2023,0.25409999
1862,2024,0.26539999
1863,2006,0.1847
1863,2007,0.18880001
1863,2008,0.1943
1863,2009,0.2008
1863,2010,0.21080001
1863,2011,0.2066
1863,2012,0.20559999
1863,2013,0.2138
1863,2014,0.2218
1863,2015,0.22409999
1863,2016,0.2313
1863,2017,0.22579999
1863,2018,0.23
1863,2019,0.2313
1863,2020,0.2325
1863,2021,0.2388
1863,2022,0.24959999
1863,2023,0.25490001
1863,2024,0.26120001
1864,2006,0.15979999
1864,2007,0.15989999
1864,2008,0.1661
1864,2009,0.17460001
1864,2010,0.1715
1864,2011,0.1795
1864,2012,0.1873
1864,2013,0.2001
1864,2014,0.2032
1864,2015,0.21349999
1864,2016,0.21799999
1864,2017,0.2201
1864,2018,0.2251
1864,2019,0.2147
1864,2020,0.2133
1864,2021,0.22319999
1864,2022,0.233
1864,2023,0.2325
1864,2024,0.24259999
1880,2006,0.39559999
1880,2007,0.40079999
1880,2008,0.40799999
1880,2009,0.41460001
1880,2010,0.4235
1880,2011,0.43059999
1880,2012,0.43709999
1880,2013,0.44350001
1880,2014,0.4463
1880,2015,0.4483
1880,2016,0.45179999
1880,2017,0.4558
1880,2018,0.4621
1880,2019,0.46830001
1880,2020,0.47350001
1880,2021,0.47889999
1880,2022,0.4867
1880,2023,0.4941
1880,2024,0.50059998
1881,2006,0.2436
1881,2007,0.24959999
1881,2008,0.25549999
1881,2009,0.26159999
1881,2010,0.2701
1881,2011,0.2735
1881,2012,0.28119999
1881,2013,0.28709999
1881,2014,0.29640001
1881,2015,0.3017
1881,2016,0.3035
1881,2017,0.30720001
1881,2018,0.3206
1881,2019,0.32890001
1881,2020,0.33329999
1881,2021,0.34380001
1881,2022,0.35440001
1881,2023,0.36230001
1881,2024,0.37029999
1882,2006,0.2071
1882,2007,0.2101
1882,2008,0.2184
1882,2009,0.22130001
1882,2010,0.221
1882,2011,0.22490001
1882,2012,0.22679999
1882,2013,0.2286
1882,2014,0.23469999
1882,2015,0.2376
1882,2016,0.2457
1882,2017,0.2465
1882,2018,0.2516
1882,2019,0.2568
1882,2020,0.25729999
1882,2021,0.26019999
1882,2022,0.27039999
1882,2023,0.27590001
1882,2024,0.28650001
1883,2006,0.26019999
1883,2007,0.26409999
1883,2008,0.26969999
1883,2009,0.27469999
1883,2010,0.27630001
1883,2011,0.28169999
1883,2012,0.2836
1883,2013,0.2877
1883,2014,0.29260001
1883,2015,0.2974
1883,2016,0.30070001
1883,2017,0.30379999
1883,2018,0.3152
1883,2019,0.31959999
1883,2020,0.3251
1883,2021,0.3344
1883,2022,0.34560001
1883,2023,0.34979999
1883,2024,0.35699999
1884,2006,0.28349999
1884,2007,0.29100001
1884,2008,0.29609999
1884,2009,0.29769999
1884,2010,0.3035
1884,2011,0.30919999
1884,2012,0.31029999
1884,2013,0.31029999
1884,2014,0.31209999
1884,2015,0.31900001
1884,2016,0.32319999
1884,2017,0.32499999
1884,2018,0.3265
1884,2019,0.3335
1884,2020,0.33899999
1884,2021,0.35069999
1884,2022,0.36399999
1884,2023,0.3725
1884,2024,0.3849
1885,2006,0.2404
1885,2007,0.24349999
1885,2008,0.2472
1885,2009,0.2485
1885,2010,0.25389999
1885,2011,0.25819999
1885,2012,0.26350001
1885,2013,0.26789999
1885,2014,0.2728
1885,2015,0.27160001
1885,2016,0.2757
1885,2017,0.27399999
1885,2018,0.2746
1885,2019,0.27990001
1885,2020,0.28780001
1885,2021,0.29229999
1885,2022,0.29929999
1885,2023,0.3044
1885,2024,0.31220001
1904,2006,0.2119
1904,2007,0.2158
1904,2008,0.2158
1904,2009,0.22840001
1904,2010,0.2307
1904,2011,0.22920001
1904,2012,0.2358
1904,2013,0.2456
1904,2014,0.2349
1904,2015,0.23890001
1904,2016,0.2353
1904,2017,0.2384
1904,2018,0.2299
1904,2019,0.2357
1904,2020,0.24259999
1904,2021,0.25459999
1904,2022,0.26969999
1904,2023,0.27239999
1904,2024,0.28940001
1907,2006,0.18529999
1907,2007,0.19149999
1907,2008,0.1978
1907,2009,0.1982
1907,2010,0.20290001
1907,2011,0.20720001
1907,2012,0.2111
1907,2013,0.21259999
1907,2014,0.2217
1907,2015,0.22139999
1907,2016,0.2252
1907,2017,0.2316
1907,2018,0.2352
1907,2019,0.2405
1907,2020,0.24529999
1907,2021,0.25319999
1907,2022,0.2649
1907,2023,0.27590001
1907,2024,0.29390001
1960,2006,0.2287
1960,2007,0.2342
1960,2008,0.244
1960,2009,0.2516
1960,2010,0.25119999
1960,2011,0.2577
1960,2012,0.2572
1960,2013,0.25960001
1960,2014,0.26730001
1960,2015,0.27419999
1960,2016,0.28470001
1960,2017,0.2852
1960,2018,0.28960001
1960,2019,0.29280001
1960,2020,0.29710001
1960,2021,0.30849999
1960,2022,0.31259999
1960,2023,0.31920001
1960,2024,0.33419999
1961,2006,0.2209
1961,2007,0.2265
1961,2008,0.2288
1961,2009,0.23360001
1961,2010,0.2422
1961,2011,0.24950001
1961,2012,0.25420001
1961,2013,0.2613
1961,2014,0.2626
1961,2015,0.26859999
1961,2016,0.27489999
1961,2017,0.27880001
1961,2018,0.28529999
1961,2019,0.29049999
1961,2020,0.29629999
1961,2021,0.3082
1961,2022,0.32100001
1961,2023,0.32890001
1961,2024,0.33770001
1962,2006,0.207
1962,2007,0.2068
1962,2008,0.208
1962,2009,0.21250001
1962,2010,0.21269999
1962,2011,0.2181
1962,2012,0.22050001
1962,2013,0.2228
1962,2014,0.2273
1962,2015,0.2242
1962,2016,0.2271
1962,2017,0.2315
1962,2018,0.23980001
1962,2019,0.2448
1962,2020,0.25009999
1962,2021,0.25319999
1962,2022,0.26429999
1962,2023,0.2726
1962,2024,0.27599999
1980,2006,0.38789999
1980,2007,0.39399999
1980,2008,0.39969999
1980,2009,0.40689999
1980,2010,0.4122
1980,2011,0.4179
1980,2012,0.4242
1980,2013,0.42989999
1980,2014,0.43540001
1980,2015,0.43869999
1980,2016,0.44220001
1980,2017,0.44589999
1980,2018,0.4515
1980,2019,0.4571
1980,2020,0.4621
1980,2021,0.4689
1980,2022,0.4824
1980,2023,0.48949999
1980,2024,0.4962
1981,2006,0.25080001
1981,2007,0.2563
1981,2008,0.2617
1981,2009,0.26660001
1981,2010,0.2703
1981,2011,0.2764
1981,2012,0.28130001
1981,2013,0.28400001
1981,2014,0.28940001
1981,2015,0.28870001
1981,2016,0.29359999
1981,2017,0.29960001
1981,2018,0.31220001
1981,2019,0.31639999
1981,2020,0.3188
1981,2021,0.32409999
1981,2022,0.32980001
1981,2023,0.3371
1981,2024,0.34670001
1982,2006,0.2078
1982,2007,0.2119
1982,2008,0.2165
1982,2009,0.2175
1982,2010,0.219
1982,2011,0.22849999
1982,2012,0.2299
1982,2013,0.2321
1982,2014,0.244
1982,2015,0.25
1982,2016,0.2507
1982,2017,0.25839999
1982,2018,0.25940001
1982,2019,0.25729999
1982,2020,0.25979999
1982,2021,0.26840001
1982,2022,0.2744
1982,2023,0.278
1982,2024,0.28290001
1983,2006,0.2304
1983,2007,0.23540001
1983,2008,0.242
1983,2009,0.2445
1983,2010,0.24860001
1983,2011,0.25459999
1983,2012,0.25760001
1983,2013,0.2606
1983,2014,0.26539999
1983,2015,0.2728
1983,2016,0.27810001
1983,2017,0.28189999
1983,2018,0.28290001
1983,2019,0.28889999
1983,2020,0.2933
1983,2021,0.2992
1983,2022,0.30779999
1983,2023,0.3123
1983,2024,0.3197
1984,2006,0.25400001
1984,2007,0.26530001
1984,2008,0.26930001
1984,2009,0.27070001
1984,2010,0.27860001
1984,2011,0.28619999
1984,2012,0.29069999
1984,2013,0.29789999
1984,2014,0.29890001
1984,2015,0.3048
1984,2016,0.31169999
1984,2017,0.31279999
1984,2018,0.31729999
1984,2019,0.31909999
1984,2020,0.32699999
1984,2021,0.33149999
1984,2022,0.34400001
1984,2023,0.35120001
1984,2024,0.3633
2021,2006,0.1726
2021,2007,0.1798
2021,2008,0.1822
2021,2009,0.1886
2021,2010,0.1936
2021,2011,0.19220001
2021,2012,0.1964
2021,2013,0.2015
2021,2014,0.20649999
2021,2015,0.2155
2021,2016,0.21699999
2021,2017,0.2234
2021,2018,0.22660001
2021,2019,0.23190001
2021,2020,0.2361
2021,2021,0.24070001
2021,2022,0.249
2021,2023,0.25400001
2021,2024,0.25369999
2023,2006,0.1946
2023,2007,0.2
2023,2008,0.20810001
2023,2009,0.2129
2023,2010,0.21619999
2023,2011,0.2233
2023,2012,0.2238
2023,2013,0.22920001
2023,2014,0.23280001
2023,2015,0.24079999
2023,2016,0.249
2023,2017,0.25569999
2023,2018,0.2534
2023,2019,0.25920001
2023,2020,0.2638
2023,2021,0.27270001
2023,2022,0.28240001
2023,2023,0.28470001
2023,2024,0.29139999
2026,2006,0.2606
2026,2007,0.26300001
2026,2008,0.2696
2026,2009,0.27469999
2026,2010,0.28349999
2026,2011,0.29210001
2026,2012,0.30000001
2026,2013,0.30599999
2026,2014,0.3039
2026,2015,0.30239999
2026,2016,0.30360001
2026,2017,0.30129999
2026,2018,0.30559999
2026,2019,0.3114
2026,2020,0.3184
2026,2021,0.33050001
2026,2022,0.3423
2026,2023,0.34580001
2026,2024,0.3558
2029,2006,0.30590001
2029,2007,0.3145
2029,2008,0.31619999
2029,2009,0.3233
2029,2010,0.32449999
2029,2011,0.33419999
2029,2012,0.33950001
2029,2013,0.3457
2029,2014,0.35159999
2029,2015,0.35609999
2029,2016,0.35969999
2029,2017,0.36579999
2029,2018,0.37450001
2029,2019,0.38
2029,2020,0.38119999
2029,2021,0.39050001
2029,2022,0.39989999
2029,2023,0.40650001
2029,2024,0.41229999
2031,2006,0.24869999
2031,2007,0.2563
2031,2008,0.26030001
2031,2009,0.26660001
2031,2010,0.2694
2031,2011,0.27379999
2031,2012,0.28119999
2031,2013,0.2899
2031,2014,0.29809999
2031,2015,0.3048
2031,2016,0.30669999
2031,2017,0.30450001
2031,2018,0.30689999
2031,2019,0.30919999
2031,2020,0.31420001
2031,2021,0.3202
2031,2022,0.32929999
2031,2023,0.33469999
2031,2024,0.34110001
2034,2006,0.2441
2034,2007,0.25029999
2034,2008,0.2507
2034,2009,0.25670001
2034,2010,0.25409999
2034,2011,0.2545
2034,2012,0.2543
2034,2013,0.26249999
2034,2014,0.26409999
2034,2015,0.26719999
2034,2016,0.26930001
2034,2017,0.2775
2034,2018,0.27739999
2034,2019,0.2757
2034,2020,0.2843
2034,2021,0.28709999
2034,2022,0.2924
2034,2023,0.301
2034,2024,0.3057
2039,2006,0.17640001
2039,2007,0.186
2039,2008,0.19159999
2039,2009,0.19670001
2039,2010,0.20190001
2039,2011,0.2075
2039,2012,0.20909999
2039,2013,0.2104
2039,2014,0.2088
2039,2015,0.2199
2039,2016,0.2245
2039,2017,0.2238
2039,2018,0.2321
2039,2019,0.23450001
2039,2020,0.23710001
2039,2021,0.2467
2039,2022,0.25229999
2039,2023,0.25420001
2039,2024,0.25870001
2061,2006,0.20200001
2061,2007,0.2068
2061,2008,0.2084
2061,2009,0.21510001
2061,2010,0.221
2061,2011,0.2274
2061,2012,0.22579999
2061,2013,0.2315
2061,2014,0.23270001
2061,2015,0.2384
2061,2016,0.24339999
2061,2017,0.2527
2061,2018,0.25260001
2061,2019,0.25580001
2061,2020,0.2638
2061,2021,0.2739
2061,2022,0.28389999
2061,2023,0.2947
2061,2024,0.30410001
2062,2006,0.26609999
2062,2007,0.27419999
2062,2008,0.28
2062,2009,0.28780001
2062,2010,0.29530001
2062,2011,0.30219999
2062,2012,0.30970001
2062,2013,0.3188
2062,2014,0.32359999
2062,2015,0.33149999
2062,2016,0.34110001
2062,2017,0.3391
2062,2018,0.34220001
2062,2019,0.3486
2062,2020,0.35389999
2062,2021,0.36539999
2062,2022,0.3725
2062,2023,0.37869999
2062,2024,0.38620001
2080,2006,0.38229999
2080,2007,0.38800001
2080,2008,0.3935
2080,2009,0.4005
2080,2010,0.40849999
2080,2011,0.41429999
2080,2012,0.42019999
2080,2013,0.4242
2080,2014,0.42899999
2080,2015,0.4325
2080,2016,0.4404
2080,2017,0.44580001
2080,2018,0.45300001
2080,2019,0.458
2080,2020,0.46270001
2080,2021,0.47139999
2080,2022,0.4822
2080,2023,0.4887
2080,2024,0.49720001
2081,2006,0.28240001
2081,2007,0.28889999
2081,2008,0.29539999
2081,2009,0.30199999
2081,2010,0.30930001
2081,2011,0.3116
2081,2012,0.31560001
2081,2013,0.32049999
2081,2014,0.32640001
2081,2015,0.32839999
2081,2016,0.3312
2081,2017,0.33579999
2081,2018,0.34029999
2081,2019,0.34470001
2081,2020,0.35080001
2081,2021,0.3545
2081,2022,0.36379999
2081,2023,0.3687
2081,2024,0.3739
2082,2006,0.25830001
2082,2007,0.2626
2082,2008,0.27039999
2082,2009,0.27410001
2082,2010,0.2762
2082,2011,0.27990001
2082,2012,0.2825
2082,2013,0.2868
2082,2014,0.2922
2082,2015,0.29750001
2082,2016,0.30219999
2082,2017,0.3062
2082,2018,0.3109
2082,2019,0.32229999
2082,2020,0.3247
2082,2021,0.3348
2082,2022,0.3448
2082,2023,0.3497
2082,2024,0.36109999
2083,2006,0.2253
2083,2007,0.22930001
2083,2008,0.23100001
2083,2009,0.2342
2083,2010,0.23810001
2083,2011,0.244
2083,2012,0.2466
2083,2013,0.2476
2083,2014,0.2525
2083,2015,0.26230001
2083,2016,0.26620001
2083,2017,0.27200001
2083,2018,0.27610001
2083,2019,0.28119999
2083,2020,0.2836
2083,2021,0.287
2083,2022,0.2951
2083,2023,0.29899999
2083,2024,0.30309999
2084,2006,0.2085
2084,2007,0.2148
2084,2008,0.2219
2084,2009,0.227
2084,2010,0.23199999
2084,2011,0.23710001
2084,2012,0.242
2084,2013,0.2473
2084,2014,0.25510001
2084,2015,0.2579
2084,2016,0.26499999
2084,2017,0.26429999
2084,2018,0.26570001
2084,2019,0.26899999
2084,2020,0.2728
2084,2021,0.27759999
2084,2022,0.28830001
2084,2023,0.29069999
2084,2024,0.2976
2085,2006,0.25279999
2085,2007,0.26019999
2085,2008,0.26859999
2085,2009,0.27950001
2085,2010,0.28760001
2085,2011,0.29229999
2085,2012,0.30019999
2085,2013,0.30320001
2085,2014,0.30849999
2085,2015,0.31110001
2085,2016,0.3132
2085,2017,0.3168
2085,2018,0.31999999
2085,2019,0.32370001
2085,2020,0.3299
2085,2021,0.33790001
2085,2022,0.34819999
2085,2023,0.35949999
2085,2024,0.37650001
2101,2006,0.2163
2101,2007,0.2202
2101,2008,0.22679999
2101,2009,0.2287
2101,2010,0.2306
2101,2011,0.2334
2101,2012,0.2406
2101,2013,0.23639999
2101,2014,0.2375
2101,2015,0.24089999
2101,2016,0.23819999
2101,2017,0.243
2101,2018,0.2536
2101,2019,0.2624
2101,2020,0.26530001
2101,2021,0.26930001
2101,2022,0.27779999
2101,2023,0.2841
2101,2024,0.2924
2104,2006,0.1956
2104,2007,0.1996
2104,2008,0.20389999
2104,2009,0.207
2104,2010,0.2103
2104,2011,0.21170001
2104,2012,0.2155
2104,2013,0.21070001
2104,2014,0.2102
2104,2015,0.2141
2104,2016,0.2154
2104,2017,0.21709999
2104,2018,0.2218
2104,2019,0.2274
2104,2020,0.2323
2104,2021,0.24089999
2104,2022,0.2507
2104,2023,0.25819999
2104,2024,0.2692
2121,2006,0.1788
2121,2007,0.18340001
2121,2008,0.1899
2121,2009,0.1936
2121,2010,0.1992
2121,2011,0.20640001
2121,2012,0.21359999
2121,2013,0.2194
2121,2014,0.2272
2121,2015,0.2361
2121,2016,0.24349999
2121,2017,0.2463
2121,2018,0.25299999
2121,2019,0.2559
2121,2020,0.26499999
2121,2021,0.27399999
2121,2022,0.285
2121,2023,0.2924
2121,2024,0.3017
2132,2006,0.1928
2132,2007,0.2005
2132,2008,0.207
2132,2009,0.2075
2132,2010,0.2114
2132,2011,0.2168
2132,2012,0.22319999
2132,2013,0.2238
2132,2014,0.2272
2132,2015,0.2344
2132,2016,0.24089999
2132,2017,0.2456
2132,2018,0.2476
2132,2019,0.25350001
2132,2020,0.26269999
2132,2021,0.27379999
2132,2022,0.28760001
2132,2023,0.2992
2132,2024,0.31009999
2161,2006,0.19930001
2161,2007,0.2071
2161,2008,0.20999999
2161,2009,0.21340001
2161,2010,0.21699999
2161,2011,0.2212
2161,2012,0.2221
2161,2013,0.2262
2161,2014,0.2324
2161,2015,0.23630001
2161,2016,0.23890001
2161,2017,0.24259999
2161,2018,0.2498
2161,2019,0.25830001
2161,2020,0.26280001
2161,2021,0.27059999
2161,2022,0.28479999
2161,2023,0.29179999
2161,2024,0.3026
2180,2006,0.3391
2180,2007,0.34650001
2180,2008,0.35350001
2180,2009,0.36019999
2180,2010,0.36700001
2180,2011,0.3741
2180,2012,0.37869999
2180,2013,0.38530001
2180,2014,0.39250001
2180,2015,0.39669999
2180,2016,0.4023
2180,2017,0.40360001
2180,2018,0.412
2180,2019,0.41589999
2180,2020,0.4224
2180,2021,0.42719999
2180,2022,0.43579999
2180,2023,0.44119999
2180,2024,0.4481
2181,2006,0.2581
2181,2007,0.26350001
2181,2008,0.27110001
2181,2009,0.27669999
2181,2010,0.28299999
2181,2011,0.29170001
2181,2012,0.2956
2181,2013,0.3003
2181,2014,0.30289999
2181,2015,0.30450001
2181,2016,0.30540001
2181,2017,0.3062
2181,2018,0.30950001
2181,2019,0.31619999
2181,2020,0.31940001
2181,2021,0.32300001
2181,2022,0.32910001
2181,2023,0.33559999
2181,2024,0.3425
2182,2006,0.2138
2182,2007,0.2192
2182,2008,0.2265
2182,2009,0.2314
2182,2010,0.2376
2182,2011,0.23909999
2182,2012,0.24339999
2182,2013,0.24770001
2182,2014,0.25479999
2182,2015,0.26140001
2182,2016,0.26800001
2182,2017,0.266
2182,2018,0.26989999
2182,2019,0.27520001
2182,2020,0.28099999
2182,2021,0.28690001
2182,2022,0.2958
2182,2023,0.30160001
2182,2024,0.3087
2183,2006,0.23459999
2183,2007,0.2419
2183,2008,0.2464
2183,2009,0.25369999
2183,2010,0.25960001
2183,2011,0.2647
2183,2012,0.26899999
2183,2013,0.27489999
2183,2014,0.2793
2183,2015,0.28220001
2183,2016,0.28729999
2183,2017,0.28830001
2183,2018,0.29429999
2183,2019,0.29960001
2183,2020,0.30320001
2183,2021,0.3118
2183,2022,0.31990001
2183,2023,0.32440001
2183,2024,0.32859999
2184,2006,0.2683
2184,2007,0.2728
2184,2008,0.27810001
2184,2009,0.28799999
2184,2010,0.2965
2184,2011,0.303
2184,2012,0.31060001
2184,2013,0.31549999
2184,2014,0.322
2184,2015,0.32780001
2184,2016,0.33199999
2184,2017,0.336
2184,2018,0.3407
2184,2019,0.34580001
2184,2020,0.3549
2184,2021,0.36539999
2184,2022,0.37920001
2184,2023,0.38620001
2184,2024,0.39140001
2260,2006,0.1883
2260,2007,0.19220001
2260,2008,0.1946
2260,2009,0.20290001
2260,2010,0.20720001
2260,2011,0.2133
2260,2012,0.215
2260,2013,0.21780001
2260,2014,0.2234
2260,2015,0.2261
2260,2016,0.2309
2260,2017,0.2359
2260,2018,0.24089999
2260,2019,0.2419
2260,2020,0.2455
2260,2021,0.25189999
2260,2022,0.25749999
2260,2023,0.26800001
2260,2024,0.27970001
2262,2006,0.22499999
2262,2007,0.2335
2262,2008,0.2393
2262,2009,0.24860001
2262,2010,0.257
2262,2011,0.2626
2262,2012,0.26969999
2262,2013,0.27450001
2262,2014,0.27790001
2262,2015,0.28029999
2262,2016,0.28740001
2262,2017,0.29409999
2262,2018,0.2974
2262,2019,0.30379999
2262,2020,0.3066
2262,2021,0.31670001
2262,2022,0.33019999
2262,2023,0.3378
2262,2024,0.34200001
2280,2006,0.35589999
2280,2007,0.35879999
2280,2008,0.3619
2280,2009,0.3655
2280,2010,0.37090001
2280,2011,0.3759
2280,2012,0.37830001
2280,2013,0.37920001
2280,2014,0.38029999
2280,2015,0.38080001
2280,2016,0.3788
2280,2017,0.38150001
2280,2018,0.39520001
2280,2019,0.3962
2280,2020,0.40149999
2280,2021,0.4077
2280,2022,0.41909999
2280,2023,0.42460001
2280,2024,0.43520001
2281,2006,0.3443
2281,2007,0.3502
2281,2008,0.35609999
2281,2009,0.36289999
2281,2010,0.37099999
2281,2011,0.37709999
2281,2012,0.38280001
2281,2013,0.38789999
2281,2014,0.3926
2281,2015,0.39570001
2281,2016,0.40099999
2281,2017,0.40619999
2281,2018,0.4122
2281,2019,0.41819999
2281,2020,0.42539999
2281,2021,0.4307
2281,2022,0.44150001
2281,2023,0.44819999
2281,2024,0.45429999
2282,2006,0.2185
2282,2007,0.2226
2282,2008,0.2278
2282,2009,0.2341
2282,2010,0.2396
2282,2011,0.2423
2282,2012,0.24779999
2282,2013,0.25479999
2282,2014,0.25819999
2282,2015,0.26179999
2282,2016,0.26210001
2282,2017,0.2622
2282,2018,0.2683
2282,2019,0.2694
2282,2020,0.27680001
2282,2021,0.28580001
2282,2022,0.30000001
2282,2023,0.3071
2282,2024,0.31220001
2283,2006,0.25549999
2283,2007,0.2581
2283,2008,0.2626
2283,2009,0.26890001
2283,2010,0.27129999
2283,2011,0.27669999
2283,2012,0.2793
2283,2013,0.27900001
2283,2014,0.28349999
2283,2015,0.2841
2283,2016,0.28690001
2283,2017,0.28760001
2283,2018,0.29170001
2283,2019,0.29660001
2283,2020,0.30289999
2283,2021,0.31099999
2283,2022,0.32030001
2283,2023,0.32870001
2283,2024,0.3335
2284,2006,0.30059999
2284,2007,0.30989999
2284,2008,0.3184
2284,2009,0.3256
2284,2010,0.33180001
2284,2011,0.33930001
2284,2012,0.34779999
2284,2013,0.35389999
2284,2014,0.35890001
2284,2015,0.3624
2284,2016,0.36660001
2284,2017,0.37099999
2284,2018,0.37439999
2284,2019,0.37940001
2284,2020,0.3854
2284,2021,0.39199999
2284,2022,0.40239999
2284,2023,0.40920001
2284,2024,0.41569999
2303,2006,0.1894
2303,2007,0.1963
2303,2008,0.1972
2303,2009,0.20200001
2303,2010,0.2027
2303,2011,0.2044
2303,2012,0.2
2303,2013,0.19930001
2303,2014,0.2052
2303,2015,0.2156
2303,2016,0.21969999
2303,2017,0.22409999
2303,2018,0.2253
2303,2019,0.2263
2303,2020,0.2247
2303,2021,0.2291
2303,2022,0.2489
2303,2023,0.25600001
2303,2024,0.2692
2305,2006,0.2095
2305,2007,0.214
2305,2008,0.21510001
2305,2009,0.22750001
2305,2010,0.23379999
2305,2011,0.2316
2305,2012,0.2272
2305,2013,0.22849999
2305,2014,0.2299
2305,2015,0.23540001
2305,2016,0.24079999
2305,2017,0.2475
2305,2018,0.25080001
2305,2019,0.25279999
2305,2020,0.25080001
2305,2021,0.25960001
2305,2022,0.27590001
2305,2023,0.2762
2305,2024,0.28780001
2309,2006,0.29519999
2309,2007,0.3046
2309,2008,0.31259999
2309,2009,0.32010001
2309,2010,0.32910001
2309,2011,0.336
2309,2012,0.34259999
2309,2013,0.3497
2309,2014,0.35299999
2309,2015,0.3576
2309,2016,0.36149999
2309,2017,0.3682
2309,2018,0.3766
2309,2019,0.37959999
2309,2020,0.38850001
2309,2021,0.3994
2309,2022,0.4206
2309,2023,0.426
2309,2024,0.43939999
2313,2006,0.1928
2313,2007,0.19760001
2313,2008,0.2024
2313,2009,0.20640001
2313,2010,0.2115
2313,2011,0.2174
2313,2012,0.2217
2313,2013,0.2278
2313,2014,0.2295
2313,2015,0.2297
2313,2016,0.23109999
2313,2017,0.2343
2313,2018,0.2397
2313,2019,0.2431
2313,2020,0.2475
2313,2021,0.2529
2313,2022,0.2622
2313,2023,0.2692
2313,2024,0.27610001
2321,2006,0.30219999
2321,2007,0.31029999
2321,2008,0.32390001
2321,2009,0.3294
2321,2010,0.33700001
2321,2011,0.34560001
2321,2012,0.35879999
2321,2013,0.35949999
2321,2014,0.36660001
2321,2015,0.37239999
2321,2016,0.37670001
2321,2017,0.3883
2321,2018,0.3951
2321,2019,0.4052
2321,2020,0.4208
2321,2021,0.4393
2321,2022,0.45730001
2321,2023,0.47029999
2321,2024,0.48269999
2326,2006,0.2203
2326,2007,0.2263
2326,2008,0.2254
2326,2009,0.2274
2326,2010,0.22830001
2326,2011,0.2395
2326,2012,0.24150001
2326,2013,0.2492
2326,2014,0.2543
2326,2015,0.25479999
2326,2016,0.2617
2326,2017,0.2626
2326,2018,0.26460001
2326,2019,0.27149999
2326,2020,0.27880001
2326,2021,0.28639999
2326,2022,0.3039
2326,2023,0.31200001
2326,2024,0.3233
2361,2006,0.19320001
2361,2007,0.19930001
2361,2008,0.2089
2361,2009,0.213
2361,2010,0.21179999
2361,2011,0.21439999
2361,2012,0.2201
2361,2013,0.2252
2361,2014,0.2308
2361,2015,0.23199999
2361,2016,0.23549999
2361,2017,0.2406
2361,2018,0.25260001
2361,2019,0.26089999
2361,2020,0.2735
2361,2021,0.28709999
2361,2022,0.29519999
2361,2023,0.30320001
2361,2024,0.31470001
2380,2006,0.39820001
2380,2007,0.4048
2380,2008,0.4118
2380,2009,0.4179
2380,2010,0.42300001
2380,2011,0.4278
2380,2012,0.4321
2380,2013,0.43439999
2380,2014,0.43700001
2380,2015,0.43990001
2380,2016,0.44409999
2380,2017,0.45039999
2380,2018,0.4535
2380,2019,0.46000001
2380,2020,0.4646
2380,2021,0.47060001
2380,2022,0.47979999
2380,2023,0.4876
2380,2024,0.49329999
2401,2006,0.21269999
2401,2007,0.21690001
2401,2008,0.2218
2401,2009,0.2277
2401,2010,0.2326
2401,2011,0.2383
2401,2012,0.245
2401,2013,0.245
2401,2014,0.25029999
2401,2015,0.25389999
2401,2016,0.26320001
2401,2017,0.2599
2401,2018,0.2669
2401,2019,0.26989999
2401,2020,0.27000001
2401,2021,0.2852
2401,2022,0.30149999
2401,2023,0.30970001
2401,2024,0.31389999
2403,2006,0.2096
2403,2007,0.22310001
2403,2008,0.2369
2403,2009,0.2423
2403,2010,0.2353
2403,2011,0.2377
2403,2012,0.2315
2403,2013,0.2403
2403,2014,0.2498
2403,2015,0.2538
2403,2016,0.2476
2403,2017,0.2527
2403,2018,0.26019999
2403,2019,0.26249999
2403,2020,0.26710001
2403,2021,0.26980001
2403,2022,0.2696
2403,2023,0.26989999
2403,2024,0.27419999
2404,2006,0.23190001
2404,2007,0.23289999
2404,2008,0.2388
2404,2009,0.24429999
2404,2010,0.25060001
2404,2011,0.25799999
2404,2012,0.26370001
2404,2013,0.27410001
2404,2014,0.287
2404,2015,0.28940001
2404,2016,0.2915
2404,2017,0.2933
2404,2018,0.2951
2404,2019,0.30219999
2404,2020,0.30630001
2404,2021,0.31650001
2404,2022,0.32280001
2404,2023,0.32710001
2404,2024,0.33500001
2409,2006,0.25639999
2409,2007,0.25920001
2409,2008,0.2658
2409,2009,0.2685
2409,2010,0.2728
2409,2011,0.28130001
2409,2012,0.2816
2409,2013,0.28889999
2409,2014,0.28999999
2409,2015,0.28749999
2409,2016,0.2929
2409,2017,0.30149999
2409,2018,0.30880001
2409,2019,0.3123
2409,2020,0.3197
2409,2021,0.32300001
2409,2022,0.32409999
2409,2023,0.33750001
2409,2024,0.34819999
2417,2006,0.18189999
2417,2007,0.18719999
2417,2008,0.1946
2417,2009,0.2031
2417,2010,0.20909999
2417,2011,0.2112
2417,2012,0.2202
2417,2013,0.2199
2417,2014,0.228
2417,2015,0.22930001
2417,2016,0.2252
2417,2017,0.2262
2417,2018,0.2271
2417,2019,0.2351
2417,2020,0.2432
2417,2021,0.2472
2417,2022,0.2597
2417,2023,0.2703
2417,2024,0.28580001
2418,2006,0.2076
2418,2007,0.2111
2418,2008,0.2157
2418,2009,0.2211
2418,2010,0.2192
2418,2011,0.22310001
2418,2012,0.23029999
2418,2013,0.2384
2418,2014,0.237
2418,2015,0.2379
2418,2016,0.2411
2418,2017,0.2449
2418,2018,0.24590001
2418,2019,0.25529999
2418,2020,0.26210001
2418,2021,0.26190001
2418,2022,0.26480001
2418,2023,0.26769999
2418,2024,0.271
2421,2006,0.2286
2421,2007,0.2335
2421,2008,0.23890001
2421,2009,0.2465
2421,2010,0.25310001
2421,2011,0.26030001
2421,2012,0.26730001
2421,2013,0.27689999
2421,2014,0.28220001
2421,2015,0.29300001
2421,2016,0.29620001
2421,2017,0.29499999
2421,2018,0.29719999
2421,2019,0.30239999
2421,2020,0.3028
2421,2021,0.31240001
2421,2022,0.3224
2421,2023,0.32589999
2421,2024,0.33050001
2422,2006,0.2174
2422,2007,0.2296
2422,2008,0.22939999
2422,2009,0.2209
2422,2010,0.2305
2422,2011,0.23280001
2422,2012,0.2411
2422,2013,0.26019999
2422,2014,0.25889999
2422,2015,0.25830001
2422,2016,0.25490001
2422,2017,0.2617
2422,2018,0.26719999
2422,2019,0.26679999
2422,2020,0.27309999
2422,2021,0.27540001
2422,2022,0.27900001
2422,2023,0.29089999
2422,2024,0.2965
2425,2006,0.167
2425,2007,0.16670001
2425,2008,0.1621
2425,2009,0.1705
2425,2010,0.17209999
2425,2011,0.1761
2425,2012,0.1829
2425,2013,0.19580001
2425,2014,0.19599999
2425,2015,0.19949999
2425,2016,0.2025
2425,2017,0.20720001
2425,2018,0.21780001
2425,2019,0.2286
2425,2020,0.2393
2425,2021,0.23710001
2425,2022,0.2429
2425,2023,0.2475
2425,2024,0.2492
2460,2006,0.30989999
2460,2007,0.3163
2460,2008,0.32409999
2460,2009,0.3265
2460,2010,0.33250001
2460,2011,0.33939999
2460,2012,0.34349999
2460,2013,0.34920001
2460,2014,0.35460001
2460,2015,0.36590001
2460,2016,0.37040001
2460,2017,0.3714
2460,2018,0.3757
2460,2019,0.3757
2460,2020,0.3865
2460,2021,0.39309999
2460,2022,0.403
2460,2023,0.40689999
2460,2024,0.41440001
2462,2006,0.22059999
2462,2007,0.2181
2462,2008,0.22149999
2462,2009,0.2272
2462,2010,0.2299
2462,2011,0.23729999
2462,2012,0.2367
2462,2013,0.2361
2462,2014,0.2412
2462,2015,0.2473
2462,2016,0.2518
2462,2017,0.25459999
2462,2018,0.2577
2462,2019,0.2642
2462,2020,0.26370001
2462,2021,0.2656
2462,2022,0.27410001
2462,2023,0.27770001
2462,2024,0.28400001
2463,2006,0.1989
2463,2007,0.213
2463,2008,0.2238
2463,2009,0.22400001
2463,2010,0.2262
2463,2011,0.2295
2463,2012,0.24089999
2463,2013,0.252
2463,2014,0.26359999
2463,2015,0.27410001
2463,2016,0.2748
2463,2017,0.28439999
2463,2018,0.28400001
2463,2019,0.28490001
2463,2020,0.28479999
2463,2021,0.2969
2463,2022,0.30219999
2463,2023,0.31580001
2463,2024,0.3136
2480,2006,0.51249999
2480,2007,0.51899999
2480,2008,0.52310002
2480,2009,0.53100002
2480,2010,0.53799999
2480,2011,0.54439998
2480,2012,0.54820001
2480,2013,0.55229998
2480,2014,0.55790001
2480,2015,0.5582
2480,2016,0.56239998
2480,2017,0.565
2480,2018,0.56919998
2480,2019,0.57419997
2480,2020,0.57800001
2480,2021,0.58350003
2480,2022,0.59039998
2480,2023,0.59469998
2480,2024,0.60089999
2481,2006,0.2809
2481,2007,0.28490001
2481,2008,0.2863
2481,2009,0.29120001
2481,2010,0.29750001
2481,2011,0.29800001
2481,2012,0.30140001
2481,2013,0.29750001
2481,2014,0.30160001
2481,2015,0.30360001
2481,2016,0.30469999
2481,2017,0.30779999
2481,2018,0.31220001
2481,2019,0.31560001
2481,2020,0.31869999
2481,2021,0.32710001
2481,2022,0.3362
2481,2023,0.3432
2481,2024,0.34470001
2482,2006,0.31510001
2482,2007,0.3215
2482,2008,0.32769999
2482,2009,0.33419999
2482,2010,0.3409
2482,2011,0.34650001
2482,2012,0.35260001
2482,2013,0.3583
2482,2014,0.36430001
2482,2015,0.36750001
2482,2016,0.37130001
2482,2017,0.3761
2482,2018,0.38069999
2482,2019,0.38510001
2482,2020,0.38999999
2482,2021,0.39950001
2482,2022,0.41240001
2482,2023,0.43099999
2482,2024,0.44800001
2505,2006,0.2462
2505,2007,0.2465
2505,2008,0.2448
2505,2009,0.2484
2505,2010,0.2536
2505,2011,0.25440001
2505,2012,0.25529999
2505,2013,0.25279999
2505,2014,0.25510001
2505,2015,0.25420001
2505,2016,0.26069999
2505,2017,0.25659999
2505,2018,0.26359999
2505,2019,0.2674
2505,2020,0.26899999
2505,2021,0.2714
2505,2022,0.2832
2505,2023,0.2879
2505,2024,0.29249999
2506,2006,0.23540001
2506,2007,0.2406
2506,2008,0.2534
2506,2009,0.2538
2506,2010,0.2466
2506,2011,0.25
2506,2012,0.25189999
2506,2013,0.25850001
2506,2014,0.2534
2506,2015,0.2563
2506,2016,0.25889999
2506,2017,0.2545
2506,2018,0.26089999
2506,2019,0.26280001
2506,2020,0.27160001
2506,2021,0.27759999
2506,2022,0.2861
2506,2023,0.29280001
2506,2024,0.30849999
2510,2006,0.25749999
2510,2007,0.2615
2510,2008,0.26820001
2510,2009,0.2753
2510,2010,0.28080001
2510,2011,0.29080001
2510,2012,0.28839999
2510,2013,0.29300001
2510,2014,0.29480001
2510,2015,0.30419999
2510,2016,0.3066
2510,2017,0.30790001
2510,2018,0.30849999
2510,2019,0.30860001
2510,2020,0.3136
2510,2021,0.3258
2510,2022,0.34290001
2510,2023,0.34020001
2510,2024,0.34369999
2513,2006,0.204
2513,2007,0.20389999
2513,2008,0.2058
2513,2009,0.2128
2513,2010,0.22
2513,2011,0.2202
2513,2012,0.21870001
2513,2013,0.2184
2513,2014,0.2237
2513,2015,0.2216
2513,2016,0.2322
2513,2017,0.2341
2513,2018,0.23199999
2513,2019,0.234
2513,2020,0.2414
2513,2021,0.2489
2513,2022,0.27169999
2513,2023,0.2782
2513,2024,0.28169999
2514,2006,0.2561
2514,2007,0.26120001
2514,2008,0.264
2514,2009,0.26910001
2514,2010,0.26980001
2514,2011,0.2735
2514,2012,0.27469999
2514,2013,0.28040001
2514,2014,0.28029999
2514,2015,0.28389999
2514,2016,0.28299999
2514,2017,0.28490001
2514,2018,0.29179999
2514,2019,0.29640001
2514,2020,0.30050001
2514,2021,0.30500001
2514,2022,0.3114
2514,2023,0.31549999
2514,2024,0.32730001
2518,2006,0.2324
2518,2007,0.2351
2518,2008,0.23819999
2518,2009,0.2422
2518,2010,0.24510001
2518,2011,0.25139999
2518,2012,0.25549999
2518,2013,0.25729999
2518,2014,0.2597
2518,2015,0.25709999
2518,2016,0.2599
2518,2017,0.27270001
2518,2018,0.27919999
2518,2019,0.28049999
2518,2020,0.28380001
2518,2021,0.30399999
2518,2022,0.3105
2518,2023,0.32080001
2518,2024,0.33950001
2521,2006,0.2141
2521,2007,0.22149999
2521,2008,0.2278
2521,2009,0.2264
2521,2010,0.2288
2521,2011,0.2309
2521,2012,0.24079999
2521,2013,0.2412
2521,2014,0.24609999
2521,2015,0.24529999
2521,2016,0.2534
2521,2017,0.25229999
2521,2018,0.25139999
2521,2019,0.25350001
2521,2020,0.25659999
2521,2021,0.26010001
2521,2022,0.2674
2521,2023,0.2723
2521,2024,0.2771
2523,2006,0.22660001
2523,2007,0.2335
2523,2008,0.2368
2523,2009,0.2377
2523,2010,0.2397
2523,2011,0.24429999
2523,2012,0.2494
2523,2013,0.25619999
2523,2014,0.2624
2523,2015,0.26390001
2523,2016,0.2658
2523,2017,0.26629999
2523,2018,0.26890001
2523,2019,0.2723
2523,2020,0.27939999
2523,2021,0.28330001
2523,2022,0.2904
2523,2023,0.2969
2523,2024,0.30070001
2560,2006,0.2052
2560,2007,0.2061
2560,2008,0.2102
2560,2009,0.2112
2560,2010,0.21610001
2560,2011,0.2228
2560,2012,0.2236
2560,2013,0.2253
2560,2014,0.22849999
2560,2015,0.2343
2560,2016,0.2369
2560,2017,0.2412
2560,2018,0.245
2560,2019,0.25049999
2560,2020,0.2568
2560,2021,0.2608
2560,2022,0.27169999
2560,2023,0.27610001
2560,2024,0.27919999
2580,2006,0.41159999
2580,2007,0.41580001
2580,2008,0.42129999
2580,2009,0.4271
2580,2010,0.43489999
2580,2011,0.44209999
2580,2012,0.45109999
2580,2013,0.4587
2580,2014,0.4655
2580,2015,0.46880001
2580,2016,0.4718
2580,2017,0.47499999
2580,2018,0.47839999
2580,2019,0.4831
2580,2020,0.48969999
2580,2021,0.49630001
2580,2022,0.505
2580,2023,0.51230001
2580,2024,0.51810002
2581,2006,0.30000001
2581,2007,0.30630001
2581,2008,0.31259999
2581,2009,0.31819999
2581,2010,0.32269999
2581,2011,0.3303
2581,2012,0.33520001
2581,2013,0.34240001
2581,2014,0.34799999
2581,2015,0.3515
2581,2016,0.3538
2581,2017,0.35710001
2581,2018,0.36300001
2581,2019,0.3678
2581,2020,0.37490001
2581,2021,0.38010001
2581,2022,0.3901
2581,2023,0.3969
2581,2024,0.40130001
2582,2006,0.35249999
2582,2007,0.35569999
2582,2008,0.35910001
2582,2009,0.36250001
2582,2010,0.36700001
2582,2011,0.36950001
2582,2012,0.3721
2582,2013,0.37630001
2582,2014,0.37639999
2582,2015,0.37830001
2582,2016,0.38069999
2582,2017,0.38249999
2582,2018,0.38460001
2582,2019,0.38499999
2582,2020,0.389
2582,2021,0.39390001
2582,2022,0.3996
2582,2023,0.4057
2582,2024,0.41420001
2583,2006,0.19949999
2583,2007,0.20479999
2583,2008,0.2084
2583,2009,0.2128
2583,2010,0.2154
2583,2011,0.2201
2583,2012,0.2235
2583,2013,0.2203
2583,2014,0.22660001
2583,2015,0.2287
2583,2016,0.2295
2583,2017,0.24349999
2583,2018,0.25099999
2583,2019,0.25209999
2583,2020,0.25850001
2583,2021,0.2638
2583,2022,0.2753
2583,2023,0.27880001
2583,2024,0.28960001
2584,2006,0.26449999
2584,2007,0.2703
2584,2008,0.27540001
2584,2009,0.28009999
2584,2010,0.2861
2584,2011,0.28839999
2584,2012,0.29609999
2584,2013,0.30090001
2584,2014,0.30579999
2584,2015,0.30779999
2584,2016,0.3066
2584,2017,0.30669999
2584,2018,0.31259999
2584,2019,0.31729999
2584,2020,0.32049999
2584,2021,0.32339999
2584,2022,0.33250001
2584,2023,0.33559999
2584,2024,0.34029999
