kommun,year,andel_adhd_lakemedel_man
0114,2006,0.0033
0114,2007,0.0043000001
0114,2008,0.0057000001
0114,2009,0.0074999998
0114,2010,0.0092000002
0114,2011,0.0116
0114,2012,0.0131
0114,2013,0.0145
0114,2014,0.015799999
0114,2015,0.016100001
0114,2016,0.0175
0114,2017,0.0185
0114,2018,0.019400001
0114,2019,0.020300001
0114,2020,0.0219
0114,2021,0.024
0114,2022,0.022500001
0114,2023,0.0244
0114,2024,0.025900001
0114,2025,0.0285
0115,2006,0.0024999999
0115,2007,0.0035999999
0115,2008,0.0052
0115,2009,0.0070000002
0115,2010,0.0105
0115,2011,0.0133
0115,2012,0.0165
0115,2013,0.0206
0115,2014,0.0232
0115,2015,0.0241
0115,2016,0.026000001
0115,2017,0.0274
0115,2018,0.027899999
0115,2019,0.0294
0115,2020,0.033100002
0115,2021,0.0352
0115,2022,0.0359
0115,2023,0.038400002
0115,2024,0.041700002
0115,2025,0.043099999
0117,2006,0.0035999999
0117,2007,0.0051000002
0117,2008,0.0071999999
0117,2009,0.0102
0117,2010,0.0139
0117,2011,0.0167
0117,2012,0.0188
0117,2013,0.020500001
0117,2014,0.0217
0117,2015,0.022399999
0117,2016,0.0219
0117,2017,0.023
0117,2018,0.0231
0117,2019,0.0233
0117,2020,0.0239
0117,2021,0.0243
0117,2022,0.0252
0117,2023,0.026900001
0117,2024,0.028899999
0117,2025,0.032099999
0120,2006,0.0013
0120,2007,0.0022
0120,2008,0.0034
0120,2009,0.0049000001
0120,2010,0.0066999998
0120,2011,0.0092000002
0120,2012,0.0106
0120,2013,0.0129
0120,2014,0.0153
0120,2015,0.0173
0120,2016,0.018200001
0120,2017,0.018999999
0120,2018,0.020099999
0120,2019,0.0219
0120,2020,0.0232
0120,2021,0.024
0120,2022,0.027100001
0120,2023,0.0297
0120,2024,0.0328
0120,2025,0.035799999
0123,2006,0.0033
0123,2007,0.0046000001
0123,2008,0.0046000001
0123,2009,0.0060999999
0123,2010,0.0080000004
0123,2011,0.0088999998
0123,2012,0.0101
0123,2013,0.0115
0123,2014,0.0122
0123,2015,0.0129
0123,2016,0.0134
0123,2017,0.0141
0123,2018,0.0149
0123,2019,0.0153
0123,2020,0.0162
0123,2021,0.0173
0123,2022,0.019300001
0123,2023,0.021400001
0123,2024,0.024
0123,2025,0.025699999
0125,2006,0.0026
0125,2007,0.0038999999
0125,2008,0.0059000002
0125,2009,0.0077999998
0125,2010,0.0089999996
0125,2011,0.0102
0125,2012,0.0136
0125,2013,0.015
0125,2014,0.0175
0125,2015,0.017899999
0125,2016,0.0195
0125,2017,0.020400001
0125,2018,0.0195
0125,2019,0.021299999
0125,2020,0.023399999
0125,2021,0.0265
0125,2022,0.0274
0125,2023,0.030099999
0125,2024,0.0319
0125,2025,0.032699998
0126,2006,0.0031000001
0126,2007,0.0040000002
0126,2008,0.0048000002
0126,2009,0.0063999998
0126,2010,0.0076000001
0126,2011,0.0092000002
0126,2012,0.011
0126,2013,0.0126
0126,2014,0.0139
0126,2015,0.0149
0126,2016,0.0151
0126,2017,0.017100001
0126,2018,0.018200001
0126,2019,0.019099999
0126,2020,0.0207
0126,2021,0.0219
0126,2022,0.022500001
0126,2023,0.0261
0126,2024,0.029200001
0126,2025,0.031099999
0127,2006,0.0020999999
0127,2007,0.0027000001
0127,2008,0.0038999999
0127,2009,0.0048000002
0127,2010,0.0059000002
0127,2011,0.0066
0127,2012,0.0071999999
0127,2013,0.0085000005
0127,2014,0.0103
0127,2015,0.0123
0127,2016,0.0134
0127,2017,0.0142
0127,2018,0.015799999
0127,2019,0.017200001
0127,2020,0.019300001
0127,2021,0.020099999
0127,2022,0.021299999
0127,2023,0.022600001
0127,2024,0.024599999
0127,2025,0.026699999
0128,2006,0.0038999999
0128,2007,0.0059000002
0128,2008,0.0086000003
0128,2009,0.0114
0128,2010,0.0146
0128,2011,0.0162
0128,2012,0.018300001
0128,2013,0.0187
0128,2014,0.020400001
0128,2015,0.021600001
0128,2016,0.0232
0128,2017,0.021600001
0128,2018,0.023399999
0128,2019,0.0217
0128,2020,0.023499999
0128,2021,0.024700001
0128,2022,0.0266
0128,2023,0.0275
0128,2024,0.0317
0128,2025,0.033399999
0136,2006,0.0029
0136,2007,0.0038000001
0136,2008,0.0049999999
0136,2009,0.0078999996
0136,2010,0.0109
0136,2011,0.014
0136,2012,0.015900001
0136,2013,0.0167
0136,2014,0.018100001
0136,2015,0.019099999
0136,2016,0.0198
0136,2017,0.0209
0136,2018,0.0219
0136,2019,0.022600001
0136,2020,0.023800001
0136,2021,0.023800001
0136,2022,0.0253
0136,2023,0.027000001
0136,2024,0.0298
0136,2025,0.031500001
0138,2006,0.0022
0138,2007,0.0023000001
0138,2008,0.0035000001
0138,2009,0.0068999999
0138,2010,0.0092000002
0138,2011,0.0116
0138,2012,0.0137
0138,2013,0.015799999
0138,2014,0.0166
0138,2015,0.018999999
0138,2016,0.020099999
0138,2017,0.022
0138,2018,0.023
0138,2019,0.024700001
0138,2020,0.0265
0138,2021,0.0263
0138,2022,0.0261
0138,2023,0.0288
0138,2024,0.031599998
0138,2025,0.034400001
0139,2006,0.0027999999
0139,2007,0.0048000002
0139,2008,0.0068999999
0139,2009,0.0085000005
0139,2010,0.0105
0139,2011,0.0131
0139,2012,0.0148
0139,2013,0.0152
0139,2014,0.015799999
0139,2015,0.0154
0139,2016,0.0154
0139,2017,0.0155
0139,2018,0.015799999
0139,2019,0.015900001
0139,2020,0.0178
0139,2021,0.021199999
0139,2022,0.0218
0139,2023,0.024599999
0139,2024,0.027000001
0139,2025,0.0285
0140,2006,0.0023000001
0140,2007,0.0040000002
0140,2008,0.0052
0140,2009,0.0093999999
0140,2010,0.0126
0140,2011,0.0145
0140,2012,0.0187
0140,2013,0.022
0140,2014,0.023499999
0140,2015,0.0229
0140,2016,0.023
0140,2017,0.022700001
0140,2018,0.024
0140,2019,0.024
0140,2020,0.025599999
0140,2021,0.026799999
0140,2022,0.029200001
0140,2023,0.0309
0140,2024,0.0319
0140,2025,0.031300001
0160,2006,0.0027000001
0160,2007,0.0034
0160,2008,0.0044
0160,2009,0.0055
0160,2010,0.0078999996
0160,2011,0.0097000003
0160,2012,0.0107
0160,2013,0.0115
0160,2014,0.0132
0160,2015,0.0141
0160,2016,0.016100001
0160,2017,0.016799999
0160,2018,0.0195
0160,2019,0.022
0160,2020,0.0242
0160,2021,0.026000001
0160,2022,0.026799999
0160,2023,0.029300001
0160,2024,0.031599998
0160,2025,0.033599999
0162,2006,0.0020000001
0162,2007,0.0022
0162,2008,0.0034
0162,2009,0.0041
0162,2010,0.0048000002
0162,2011,0.0060999999
0162,2012,0.0066999998
0162,2013,0.0081000002
0162,2014,0.0094999997
0162,2015,0.0097000003
0162,2016,0.0121
0162,2017,0.0155
0162,2018,0.0166
0162,2019,0.0196
0162,2020,0.021500001
0162,2021,0.024
0162,2022,0.0263
0162,2023,0.029200001
0162,2024,0.031800002
0162,2025,0.033799998
0163,2006,0.0026
0163,2007,0.0037
0163,2008,0.0048000002
0163,2009,0.0060000001
0163,2010,0.0076000001
0163,2011,0.0092000002
0163,2012,0.0107
0163,2013,0.0115
0163,2014,0.0123
0163,2015,0.0136
0163,2016,0.0141
0163,2017,0.0149
0163,2018,0.0162
0163,2019,0.017200001
0163,2020,0.0184
0163,2021,0.0197
0163,2022,0.021400001
0163,2023,0.022700001
0163,2024,0.025
0163,2025,0.0264
0180,2006,0.0018
0180,2007,0.0026
0180,2008,0.0035999999
0180,2009,0.0048000002
0180,2010,0.0062000002
0180,2011,0.0077
0180,2012,0.0089999996
0180,2013,0.0101
0180,2014,0.0112
0180,2015,0.0125
0180,2016,0.0136
0180,2017,0.0146
0180,2018,0.015799999
0180,2019,0.016899999
0180,2020,0.018300001
0180,2021,0.020099999
0180,2022,0.0221
0180,2023,0.024599999
0180,2024,0.027000001
0180,2025,0.029300001
0181,2006,0.0024999999
0181,2007,0.0038000001
0181,2008,0.0046999999
0181,2009,0.0059000002
0181,2010,0.0074999998
0181,2011,0.0091000004
0181,2012,0.0113
0181,2013,0.0135
0181,2014,0.0146
0181,2015,0.0163
0181,2016,0.0164
0181,2017,0.0163
0181,2018,0.017200001
0181,2019,0.017899999
0181,2020,0.0188
0181,2021,0.0188
0181,2022,0.019200001
0181,2023,0.0199
0181,2024,0.0207
0181,2025,0.021600001
0182,2006,0.0020999999
0182,2007,0.0022
0182,2008,0.003
0182,2009,0.0035999999
0182,2010,0.0055
0182,2011,0.0073000002
0182,2012,0.0087000001
0182,2013,0.0111
0182,2014,0.012
0182,2015,0.0132
0182,2016,0.0142
0182,2017,0.0151
0182,2018,0.016100001
0182,2019,0.017200001
0182,2020,0.018999999
0182,2021,0.0197
0182,2022,0.021400001
0182,2023,0.0231
0182,2024,0.0262
0182,2025,0.0284
0183,2006,0.0014
0183,2007,0.0020000001
0183,2008,0.0024999999
0183,2009,0.0033
0183,2010,0.0044999998
0183,2011,0.0049999999
0183,2012,0.0063
0183,2013,0.0071999999
0183,2014,0.0078999996
0183,2015,0.0087000001
0183,2016,0.0105
0183,2017,0.011
0183,2018,0.0121
0183,2019,0.0128
0183,2020,0.0141
0183,2021,0.015900001
0183,2022,0.0184
0183,2023,0.0198
0183,2024,0.022299999
0183,2025,0.024
0184,2006,0.0013
0184,2007,0.0013
0184,2008,0.0024000001
0184,2009,0.0029
0184,2010,0.0040000002
0184,2011,0.0051000002
0184,2012,0.0057999999
0184,2013,0.0066999998
0184,2014,0.0078999996
0184,2015,0.0086000003
0184,2016,0.0096000005
0184,2017,0.0098999999
0184,2018,0.0105
0184,2019,0.0118
0184,2020,0.0128
0184,2021,0.0147
0184,2022,0.0166
0184,2023,0.0187
0184,2024,0.020400001
0184,2025,0.0232
0186,2006,0.0023000001
0186,2007,0.0027999999
0186,2008,0.0037
0186,2009,0.0046000001
0186,2010,0.0052999998
0186,2011,0.0063999998
0186,2012,0.0076000001
0186,2013,0.0089999996
0186,2014,0.0107
0186,2015,0.0119
0186,2016,0.0133
0186,2017,0.0141
0186,2018,0.0154
0186,2019,0.0175
0186,2020,0.017899999
0186,2021,0.0198
0186,2022,0.022500001
0186,2023,0.0255
0186,2024,0.029200001
0186,2025,0.032000002
0187,2006,0.0019
0187,2007,0.0033
0187,2008,0.0046999999
0187,2009,0.0068000001
0187,2010,0.0087000001
0187,2011,0.0091000004
0187,2012,0.0088999998
0187,2013,0.0121
0187,2014,0.0142
0187,2015,0.016100001
0187,2016,0.0163
0187,2017,0.0175
0187,2018,0.020300001
0187,2019,0.0209
0187,2020,0.0233
0187,2021,0.0266
0187,2022,0.0286
0187,2023,0.0274
0187,2024,0.0286
0187,2025,0.0284
0188,2006,0.0037
0188,2007,0.0052
0188,2008,0.0062000002
0188,2009,0.0077
0188,2010,0.0101
0188,2011,0.0114
0188,2012,0.0126
0188,2013,0.0147
0188,2014,0.015900001
0188,2015,0.0166
0188,2016,0.019300001
0188,2017,0.0206
0188,2018,0.022399999
0188,2019,0.023800001
0188,2020,0.0252
0188,2021,0.0265
0188,2022,0.0298
0188,2023,0.0308
0188,2024,0.033399999
0188,2025,0.0372
0191,2006,0.0038999999
0191,2007,0.0049000001
0191,2008,0.0062000002
0191,2009,0.0070000002
0191,2010,0.0088
0191,2011,0.0094999997
0191,2012,0.0104
0191,2013,0.0108
0191,2014,0.0113
0191,2015,0.0123
0191,2016,0.0123
0191,2017,0.013
0191,2018,0.014
0191,2019,0.0138
0191,2020,0.0152
0191,2021,0.0162
0191,2022,0.0166
0191,2023,0.018100001
0191,2024,0.0198
0191,2025,0.021400001
0192,2006,0.0033
0192,2007,0.0044999998
0192,2008,0.0051000002
0192,2009,0.0089999996
0192,2010,0.0119
0192,2011,0.0136
0192,2012,0.016000001
0192,2013,0.017100001
0192,2014,0.0196
0192,2015,0.0219
0192,2016,0.0241
0192,2017,0.0239
0192,2018,0.0231
0192,2019,0.0228
0192,2020,0.0228
0192,2021,0.023800001
0192,2022,0.025
0192,2023,0.0265
0192,2024,0.029100001
0192,2025,0.032900002
0305,2006,0.0063999998
0305,2007,0.0074999998
0305,2008,0.0085000005
0305,2009,0.0122
0305,2010,0.015
0305,2011,0.017200001
0305,2012,0.0196
0305,2013,0.021500001
0305,2014,0.026000001
0305,2015,0.0277
0305,2016,0.027899999
0305,2017,0.026699999
0305,2018,0.0243
0305,2019,0.026799999
0305,2020,0.025599999
0305,2021,0.0262
0305,2022,0.0243
0305,2023,0.027000001
0305,2024,0.0305
0305,2025,0.034200002
0319,2006,0.0052
0319,2007,0.0059000002
0319,2008,0.0074
0319,2009,0.0094999997
0319,2010,0.0123
0319,2011,0.0118
0319,2012,0.0155
0319,2013,0.0186
0319,2014,0.02
0319,2015,0.021199999
0319,2016,0.0195
0319,2017,0.02
0319,2018,0.0178
0319,2019,0.0184
0319,2020,0.020099999
0319,2021,0.0217
0319,2022,0.022
0319,2023,0.024499999
0319,2024,0.025699999
0319,2025,0.034200002
0330,2006,0.0043000001
0330,2007,0.0049999999
0330,2008,0.0052
0330,2009,0.0060000001
0330,2010,0.0070000002
0330,2011,0.0077
0330,2012,0.0081000002
0330,2013,0.0096000005
0330,2014,0.0098999999
0330,2015,0.0109
0330,2016,0.0112
0330,2017,0.0123
0330,2018,0.0156
0330,2019,0.015900001
0330,2020,0.0184
0330,2021,0.018999999
0330,2022,0.021600001
0330,2023,0.024
0330,2024,0.027799999
0330,2025,0.031599998
0331,2006,0.0049999999
0331,2007,0.0057999999
0331,2008,0.0078999996
0331,2009,0.0098000001
0331,2010,0.0108
0331,2011,0.0128
0331,2012,0.016100001
0331,2013,0.0151
0331,2014,0.0162
0331,2015,0.0187
0331,2016,0.0184
0331,2017,0.0186
0331,2018,0.020099999
0331,2019,0.020300001
0331,2020,0.0239
0331,2021,0.0255
0331,2022,0.025800001
0331,2023,0.028200001
0331,2024,0.029200001
0331,2025,0.033500001
0360,2006,0.0063999998
0360,2007,0.0073000002
0360,2008,0.0083999997
0360,2009,0.0098999999
0360,2010,0.0109
0360,2011,0.0114
0360,2012,0.0138
0360,2013,0.0176
0360,2014,0.0167
0360,2015,0.016799999
0360,2016,0.017000001
0360,2017,0.0163
0360,2018,0.016100001
0360,2019,0.0177
0360,2020,0.0186
0360,2021,0.019400001
0360,2022,0.0207
0360,2023,0.0239
0360,2024,0.0276
0360,2025,0.0319
0380,2006,0.0041
0380,2007,0.0051000002
0380,2008,0.0060999999
0380,2009,0.0070000002
0380,2010,0.0077999998
0380,2011,0.0086000003
0380,2012,0.0092000002
0380,2013,0.0098000001
0380,2014,0.0117
0380,2015,0.0125
0380,2016,0.0132
0380,2017,0.0133
0380,2018,0.014
0380,2019,0.015699999
0380,2020,0.0178
0380,2021,0.019200001
0380,2022,0.0211
0380,2023,0.0229
0380,2024,0.0251
0380,2025,0.028899999
0381,2006,0.0041999999
0381,2007,0.0048000002
0381,2008,0.0063
0381,2009,0.0089999996
0381,2010,0.0103
0381,2011,0.0119
0381,2012,0.0139
0381,2013,0.0143
0381,2014,0.016100001
0381,2015,0.0162
0381,2016,0.016899999
0381,2017,0.0163
0381,2018,0.0167
0381,2019,0.0186
0381,2020,0.020099999
0381,2021,0.020300001
0381,2022,0.0221
0381,2023,0.0239
0381,2024,0.0275
0381,2025,0.030999999
0382,2006,0.0041
0382,2007,0.0049999999
0382,2008,0.0057999999
0382,2009,0.0080000004
0382,2010,0.0098999999
0382,2011,0.0106
0382,2012,0.0097000003
0382,2013,0.0109
0382,2014,0.0122
0382,2015,0.0134
0382,2016,0.0135
0382,2017,0.0137
0382,2018,0.0134
0382,2019,0.0146
0382,2020,0.016000001
0382,2021,0.017100001
0382,2022,0.0207
0382,2023,0.0231
0382,2024,0.0243
0382,2025,0.0273
0428,2006,0.00089999998
0428,2007,0.0017
0428,2008,0.0035000001
0428,2009,0.0052999998
0428,2010,0.0062000002
0428,2011,0.0060000001
0428,2012,0.0074
0428,2013,0.0077999998
0428,2014,0.0086000003
0428,2015,0.0092000002
0428,2016,0.0107
0428,2017,0.0105
0428,2018,0.0111
0428,2019,0.0137
0428,2020,0.0143
0428,2021,0.02
0428,2022,0.022600001
0428,2023,0.030099999
0428,2024,0.031800002
0428,2025,0.032499999
0461,2006,0.0038000001
0461,2007,0.0040000002
0461,2008,0.0043000001
0461,2009,0.0051000002
0461,2010,0.0066
0461,2011,0.0080000004
0461,2012,0.0077999998
0461,2013,0.0086000003
0461,2014,0.0109
0461,2015,0.0133
0461,2016,0.0175
0461,2017,0.0177
0461,2018,0.021199999
0461,2019,0.0255
0461,2020,0.027799999
0461,2021,0.0276
0461,2022,0.028200001
0461,2023,0.031800002
0461,2024,0.037
0461,2025,0.037900001
0480,2006,0.0017
0480,2007,0.0022
0480,2008,0.0034
0480,2009,0.0041999999
0480,2010,0.0054000001
0480,2011,0.0066999998
0480,2012,0.0077999998
0480,2013,0.0086000003
0480,2014,0.0103
0480,2015,0.011
0480,2016,0.0117
0480,2017,0.0128
0480,2018,0.0129
0480,2019,0.0139
0480,2020,0.015900001
0480,2021,0.0178
0480,2022,0.02
0480,2023,0.023700001
0480,2024,0.026699999
0480,2025,0.0294
0481,2006,0.0034
0481,2007,0.0034
0481,2008,0.0051000002
0481,2009,0.0060000001
0481,2010,0.0071
0481,2011,0.0098000001
0481,2012,0.0114
0481,2013,0.0116
0481,2014,0.0109
0481,2015,0.0118
0481,2016,0.0123
0481,2017,0.0139
0481,2018,0.016100001
0481,2019,0.0164
0481,2020,0.019099999
0481,2021,0.0208
0481,2022,0.0233
0481,2023,0.0254
0481,2024,0.030300001
0481,2025,0.032299999
0482,2006,0.001
0482,2007,0.0015
0482,2008,0.0027000001
0482,2009,0.0027999999
0482,2010,0.0035999999
0482,2011,0.0043000001
0482,2012,0.0057999999
0482,2013,0.0062000002
0482,2014,0.0081000002
0482,2015,0.0091000004
0482,2016,0.0098000001
0482,2017,0.0091000004
0482,2018,0.0112
0482,2019,0.0118
0482,2020,0.013
0482,2021,0.016100001
0482,2022,0.0173
0482,2023,0.019300001
0482,2024,0.0199
0482,2025,0.021299999
0483,2006,0.0014
0483,2007,0.0026
0483,2008,0.0040000002
0483,2009,0.0054000001
0483,2010,0.0063999998
0483,2011,0.0074
0483,2012,0.0091000004
0483,2013,0.0094999997
0483,2014,0.0102
0483,2015,0.0109
0483,2016,0.0127
0483,2017,0.013
0483,2018,0.0144
0483,2019,0.0138
0483,2020,0.0151
0483,2021,0.016799999
0483,2022,0.0184
0483,2023,0.021400001
0483,2024,0.024499999
0483,2025,0.0253
0484,2006,0.0014
0484,2007,0.0020000001
0484,2008,0.0024999999
0484,2009,0.0027999999
0484,2010,0.0035999999
0484,2011,0.0052
0484,2012,0.0063
0484,2013,0.0071999999
0484,2014,0.0081000002
0484,2015,0.0086000003
0484,2016,0.0093999999
0484,2017,0.0098000001
0484,2018,0.0104
0484,2019,0.0108
0484,2020,0.0122
0484,2021,0.0132
0484,2022,0.0148
0484,2023,0.017899999
0484,2024,0.020199999
0484,2025,0.0229
0486,2006,0.00069999998
0486,2007,0.0019
0486,2008,0.0026
0486,2009,0.0040000002
0486,2010,0.0046000001
0486,2011,0.0060000001
0486,2012,0.0073000002
0486,2013,0.0082
0486,2014,0.0103
0486,2015,0.0123
0486,2016,0.0143
0486,2017,0.0151
0486,2018,0.016000001
0486,2019,0.0173
0486,2020,0.0184
0486,2021,0.0195
0486,2022,0.021199999
0486,2023,0.0242
0486,2024,0.0265
0486,2025,0.0286
0488,2006,0.0020000001
0488,2007,0.0027000001
0488,2008,0.0035000001
0488,2009,0.0035000001
0488,2010,0.0041999999
0488,2011,0.0065000001
0488,2012,0.0087000001
0488,2013,0.0088999998
0488,2014,0.0107
0488,2015,0.0123
0488,2016,0.015900001
0488,2017,0.018100001
0488,2018,0.020199999
0488,2019,0.0219
0488,2020,0.0244
0488,2021,0.025699999
0488,2022,0.0251
0488,2023,0.0272
0488,2024,0.0287
0488,2025,0.029999999
0509,2006,0.0026
0509,2007,0.0041
0509,2008,0.0060999999
0509,2009,0.0080000004
0509,2010,0.0088
0509,2011,0.0127
0509,2012,0.0127
0509,2013,0.012
0509,2014,0.0129
0509,2015,0.0118
0509,2016,0.0133
0509,2017,0.0143
0509,2018,0.0135
0509,2019,0.0142
0509,2020,0.012
0509,2021,0.0132
0509,2022,0.016799999
0509,2023,0.0232
0509,2024,0.0294
0509,2025,0.0305
0512,2006,0.0024999999
0512,2007,0.0031000001
0512,2008,0.0026
0512,2009,0.0041999999
0512,2010,0.0041999999
0512,2011,0.0068000001
0512,2012,0.0059000002
0512,2013,0.0074
0512,2014,0.0085000005
0512,2015,0.0085000005
0512,2016,0.0088999998
0512,2017,0.0088
0512,2018,0.0103
0512,2019,0.0109
0512,2020,0.0155
0512,2021,0.0151
0512,2022,0.0154
0512,2023,0.0188
0512,2024,0.019200001
0512,2025,0.021400001
0513,2006,0.001
0513,2007,0.0027999999
0513,2008,0.0046000001
0513,2009,0.0051000002
0513,2010,0.0066999998
0513,2011,0.0081000002
0513,2012,0.0093
0513,2013,0.0107
0513,2014,0.0108
0513,2015,0.0124
0513,2016,0.0146
0513,2017,0.0146
0513,2018,0.015900001
0513,2019,0.0155
0513,2020,0.015900001
0513,2021,0.017200001
0513,2022,0.0197
0513,2023,0.023600001
0513,2024,0.024900001
0513,2025,0.0254
0560,2006,0.0033
0560,2007,0.003
0560,2008,0.0052
0560,2009,0.0066999998
0560,2010,0.0063999998
0560,2011,0.0113
0560,2012,0.0132
0560,2013,0.0131
0560,2014,0.0118
0560,2015,0.0107
0560,2016,0.0142
0560,2017,0.0132
0560,2018,0.0132
0560,2019,0.0152
0560,2020,0.0139
0560,2021,0.0151
0560,2022,0.0155
0560,2023,0.0189
0560,2024,0.0186
0560,2025,0.020500001
0561,2006,0.0020000001
0561,2007,0.0029
0561,2008,0.0034
0561,2009,0.0048000002
0561,2010,0.0057000001
0561,2011,0.0081000002
0561,2012,0.0104
0561,2013,0.0113
0561,2014,0.0128
0561,2015,0.0118
0561,2016,0.0128
0561,2017,0.0133
0561,2018,0.0141
0561,2019,0.018100001
0561,2020,0.020400001
0561,2021,0.022
0561,2022,0.024499999
0561,2023,0.026000001
0561,2024,0.0284
0561,2025,0.029300001
0562,2006,0.0013
0562,2007,0.0024000001
0562,2008,0.0029
0562,2009,0.0038999999
0562,2010,0.0051000002
0562,2011,0.0055999998
0562,2012,0.0068000001
0562,2013,0.0068999999
0562,2014,0.0085000005
0562,2015,0.0077999998
0562,2016,0.0086000003
0562,2017,0.0097000003
0562,2018,0.0113
0562,2019,0.0112
0562,2020,0.0119
0562,2021,0.0138
0562,2022,0.0137
0562,2023,0.016000001
0562,2024,0.0188
0562,2025,0.0198
0563,2006,0.001
0563,2007,0.0015
0563,2008,0.0033
0563,2009,0.0044
0563,2010,0.0041
0563,2011,0.0038999999
0563,2012,0.0038999999
0563,2013,0.0059000002
0563,2014,0.0055999998
0563,2015,0.0049999999
0563,2016,0.0071999999
0563,2017,0.0082999999
0563,2018,0.0094999997
0563,2019,0.0088999998
0563,2020,0.0098000001
0563,2021,0.0119
0563,2022,0.0122
0563,2023,0.0146
0563,2024,0.0165
0563,2025,0.017899999
0580,2006,0.0024999999
0580,2007,0.0031000001
0580,2008,0.0041999999
0580,2009,0.0052
0580,2010,0.0062000002
0580,2011,0.0080000004
0580,2012,0.0093
0580,2013,0.0099999998
0580,2014,0.011
0580,2015,0.0109
0580,2016,0.0118
0580,2017,0.0131
0580,2018,0.0139
0580,2019,0.015699999
0580,2020,0.017200001
0580,2021,0.0188
0580,2022,0.020199999
0580,2023,0.0221
0580,2024,0.024499999
0580,2025,0.0266
0581,2006,0.0015
0581,2007,0.0020999999
0581,2008,0.0027999999
0581,2009,0.0034
0581,2010,0.0046999999
0581,2011,0.0052
0581,2012,0.0060000001
0581,2013,0.0066
0581,2014,0.0068000001
0581,2015,0.0070000002
0581,2016,0.0074999998
0581,2017,0.0082
0581,2018,0.0094999997
0581,2019,0.011
0581,2020,0.0123
0581,2021,0.0136
0581,2022,0.0151
0581,2023,0.0174
0581,2024,0.0196
0581,2025,0.021500001
0582,2006,0.0020999999
0582,2007,0.0020999999
0582,2008,0.0034
0582,2009,0.0048000002
0582,2010,0.0052999998
0582,2011,0.0051000002
0582,2012,0.0059000002
0582,2013,0.0066999998
0582,2014,0.0071
0582,2015,0.0085000005
0582,2016,0.0098000001
0582,2017,0.0102
0582,2018,0.0118
0582,2019,0.0124
0582,2020,0.0143
0582,2021,0.0138
0582,2022,0.0164
0582,2023,0.018300001
0582,2024,0.019400001
0582,2025,0.02
0583,2006,0.0026
0583,2007,0.0040000002
0583,2008,0.0054000001
0583,2009,0.0077
0583,2010,0.0101
0583,2011,0.0119
0583,2012,0.0133
0583,2013,0.014
0583,2014,0.015
0583,2015,0.0153
0583,2016,0.0154
0583,2017,0.0148
0583,2018,0.0146
0583,2019,0.0146
0583,2020,0.0153
0583,2021,0.018300001
0583,2022,0.019300001
0583,2023,0.0211
0583,2024,0.0217
0583,2025,0.0218
0584,2006,0.0011
0584,2007,0.0014
0584,2008,0.0033
0584,2009,0.0035999999
0584,2010,0.0052999998
0584,2011,0.0106
0584,2012,0.0094999997
0584,2013,0.0086000003
0584,2014,0.0113
0584,2015,0.0107
0584,2016,0.0105
0584,2017,0.0103
0584,2018,0.0118
0584,2019,0.0116
0584,2020,0.0125
0584,2021,0.0165
0584,2022,0.017999999
0584,2023,0.0174
0584,2024,0.020099999
0584,2025,0.021299999
0586,2006,0.0031000001
0586,2007,0.0044999998
0586,2008,0.0051000002
0586,2009,0.0057999999
0586,2010,0.0063
0586,2011,0.0076000001
0586,2012,0.0088999998
0586,2013,0.0106
0586,2014,0.0112
0586,2015,0.0124
0586,2016,0.0129
0586,2017,0.0127
0586,2018,0.013
0586,2019,0.0134
0586,2020,0.016100001
0586,2021,0.017200001
0586,2022,0.0189
0586,2023,0.021500001
0586,2024,0.023399999
0586,2025,0.024700001
0604,2006,0.00060000003
0604,2007,0.0020999999
0604,2008,0.003
0604,2009,0.0038999999
0604,2010,0.0049000001
0604,2011,0.0060999999
0604,2012,0.0066999998
0604,2013,0.0073000002
0604,2014,0.0093999999
0604,2015,0.0098999999
0604,2016,0.0122
0604,2017,0.0127
0604,2018,0.0129
0604,2019,0.0149
0604,2020,0.016000001
0604,2021,0.0167
0604,2022,0.0187
0604,2023,0.022600001
0604,2024,0.025599999
0604,2025,0.026900001
0617,2006,0.0018
0617,2007,0.0024000001
0617,2008,0.0034
0617,2009,0.0037
0617,2010,0.0044999998
0617,2011,0.0052
0617,2012,0.0066999998
0617,2013,0.0066
0617,2014,0.0070000002
0617,2015,0.0063
0617,2016,0.0068000001
0617,2017,0.0074999998
0617,2018,0.0091000004
0617,2019,0.0088999998
0617,2020,0.0118
0617,2021,0.0145
0617,2022,0.015900001
0617,2023,0.0165
0617,2024,0.020400001
0617,2025,0.0206
0642,2006,0.0044999998
0642,2007,0.0059000002
0642,2008,0.0062000002
0642,2009,0.0077
0642,2010,0.0074
0642,2011,0.0098999999
0642,2012,0.0091000004
0642,2013,0.0108
0642,2014,0.0113
0642,2015,0.0123
0642,2016,0.0146
0642,2017,0.016000001
0642,2018,0.0147
0642,2019,0.0142
0642,2020,0.0148
0642,2021,0.016799999
0642,2022,0.0206
0642,2023,0.0228
0642,2024,0.0266
0642,2025,0.027000001
0643,2006,0.0014
0643,2007,0.0029
0643,2008,0.0038000001
0643,2009,0.0038999999
0643,2010,0.0044
0643,2011,0.0052999998
0643,2012,0.0062000002
0643,2013,0.0089999996
0643,2014,0.0093999999
0643,2015,0.0105
0643,2016,0.0109
0643,2017,0.0125
0643,2018,0.0116
0643,2019,0.0119
0643,2020,0.0137
0643,2021,0.0156
0643,2022,0.0195
0643,2023,0.0217
0643,2024,0.023499999
0643,2025,0.0276
0662,2006,0.00060000003
0662,2007,0.0016
0662,2008,0.0017
0662,2009,0.0020000001
0662,2010,0.0031000001
0662,2011,0.0034
0662,2012,0.0031000001
0662,2013,0.0046999999
0662,2014,0.0059000002
0662,2015,0.0060999999
0662,2016,0.0065000001
0662,2017,0.0066
0662,2018,0.0074
0662,2019,0.0092000002
0662,2020,0.0116
0662,2021,0.0147
0662,2022,0.0174
0662,2023,0.020400001
0662,2024,0.023
0662,2025,0.024900001
0665,2006,0.0019
0665,2007,0.0037
0665,2008,0.0041999999
0665,2009,0.0034
0665,2010,0.0049000001
0665,2011,0.0049999999
0665,2012,0.0062000002
0665,2013,0.0063
0665,2014,0.0068000001
0665,2015,0.0085000005
0665,2016,0.0082999999
0665,2017,0.0070000002
0665,2018,0.0068999999
0665,2019,0.0080000004
0665,2020,0.0098999999
0665,2021,0.0155
0665,2022,0.0173
0665,2023,0.0198
0665,2024,0.0222
0665,2025,0.0231
0680,2006,0.0019
0680,2007,0.0026
0680,2008,0.0034
0680,2009,0.0040000002
0680,2010,0.0049000001
0680,2011,0.0062000002
0680,2012,0.0068000001
0680,2013,0.0076000001
0680,2014,0.0081000002
0680,2015,0.0086000003
0680,2016,0.0093999999
0680,2017,0.0103
0680,2018,0.0106
0680,2019,0.0109
0680,2020,0.0125
0680,2021,0.0141
0680,2022,0.016799999
0680,2023,0.020500001
0680,2024,0.023600001
0680,2025,0.025
0682,2006,0.0022
0682,2007,0.0023000001
0682,2008,0.0038999999
0682,2009,0.0051000002
0682,2010,0.0060999999
0682,2011,0.0080000004
0682,2012,0.0083999997
0682,2013,0.0094999997
0682,2014,0.0101
0682,2015,0.0108
0682,2016,0.0118
0682,2017,0.0126
0682,2018,0.0134
0682,2019,0.0141
0682,2020,0.015900001
0682,2021,0.0189
0682,2022,0.019400001
0682,2023,0.022399999
0682,2024,0.024900001
0682,2025,0.027000001
0683,2006,0.0012000001
0683,2007,0.0015
0683,2008,0.0015
0683,2009,0.0020999999
0683,2010,0.0027999999
0683,2011,0.0035999999
0683,2012,0.0041
0683,2013,0.0046000001
0683,2014,0.0054000001
0683,2015,0.0065000001
0683,2016,0.0070000002
0683,2017,0.0074999998
0683,2018,0.0077999998
0683,2019,0.0089999996
0683,2020,0.0108
0683,2021,0.013
0683,2022,0.0147
0683,2023,0.0173
0683,2024,0.019200001
0683,2025,0.021500001
0684,2006,0.0024000001
0684,2007,0.0029
0684,2008,0.0038000001
0684,2009,0.0052999998
0684,2010,0.0066
0684,2011,0.0071
0684,2012,0.0077
0684,2013,0.0088
0684,2014,0.0106
0684,2015,0.0106
0684,2016,0.0118
0684,2017,0.0089999996
0684,2018,0.0097000003
0684,2019,0.0119
0684,2020,0.014
0684,2021,0.017100001
0684,2022,0.016000001
0684,2023,0.021500001
0684,2024,0.0239
0684,2025,0.028200001
0685,2006,0.0019
0685,2007,0.003
0685,2008,0.0041
0685,2009,0.0049000001
0685,2010,0.0057999999
0685,2011,0.0071999999
0685,2012,0.0094999997
0685,2013,0.0108
0685,2014,0.014
0685,2015,0.0147
0685,2016,0.0153
0685,2017,0.0154
0685,2018,0.0167
0685,2019,0.0167
0685,2020,0.018999999
0685,2021,0.022
0685,2022,0.0255
0685,2023,0.027000001
0685,2024,0.029200001
0685,2025,0.030300001
0686,2006,0.0018
0686,2007,0.0037
0686,2008,0.0043000001
0686,2009,0.0046999999
0686,2010,0.0057000001
0686,2011,0.0054000001
0686,2012,0.0063999998
0686,2013,0.0066999998
0686,2014,0.0099999998
0686,2015,0.0122
0686,2016,0.0123
0686,2017,0.014
0686,2018,0.0148
0686,2019,0.0146
0686,2020,0.016100001
0686,2021,0.0207
0686,2022,0.023
0686,2023,0.0254
0686,2024,0.028100001
0686,2025,0.029200001
0687,2006,0.0020000001
0687,2007,0.0024000001
0687,2008,0.0022
0687,2009,0.0046999999
0687,2010,0.0068999999
0687,2011,0.0096000005
0687,2012,0.0118
0687,2013,0.0129
0687,2014,0.0135
0687,2015,0.0141
0687,2016,0.0148
0687,2017,0.0143
0687,2018,0.0149
0687,2019,0.016100001
0687,2020,0.0174
0687,2021,0.0208
0687,2022,0.021
0687,2023,0.0221
0687,2024,0.0233
0687,2025,0.0275
0760,2006,0.0016
0760,2007,0.0023000001
0760,2008,0.0024999999
0760,2009,0.0038000001
0760,2010,0.0035999999
0760,2011,0.0057000001
0760,2012,0.0063999998
0760,2013,0.0062000002
0760,2014,0.0071
0760,2015,0.0063999998
0760,2016,0.0086000003
0760,2017,0.0074
0760,2018,0.0082
0760,2019,0.0098000001
0760,2020,0.0115
0760,2021,0.0132
0760,2022,0.0153
0760,2023,0.016899999
0760,2024,0.020199999
0760,2025,0.023
0761,2006,0.0027000001
0761,2007,0.0024999999
0761,2008,0.0037
0761,2009,0.0052999998
0761,2010,0.0083999997
0761,2011,0.0074999998
0761,2012,0.0108
0761,2013,0.0104
0761,2014,0.0104
0761,2015,0.0114
0761,2016,0.0117
0761,2017,0.0137
0761,2018,0.0131
0761,2019,0.014
0761,2020,0.0122
0761,2021,0.0153
0761,2022,0.0163
0761,2023,0.0211
0761,2024,0.022399999
0761,2025,0.024700001
0763,2006,0.0011
0763,2007,0.0016
0763,2008,0.0024999999
0763,2009,0.0037
0763,2010,0.0048000002
0763,2011,0.0049999999
0763,2012,0.0062000002
0763,2013,0.0080000004
0763,2014,0.0096000005
0763,2015,0.0106
0763,2016,0.0101
0763,2017,0.0104
0763,2018,0.0118
0763,2019,0.0123
0763,2020,0.0132
0763,2021,0.0156
0763,2022,0.0163
0763,2023,0.018300001
0763,2024,0.022
0763,2025,0.022700001
0764,2006,0.0011
0764,2007,0.001
0764,2008,0.0019
0764,2009,0.0026
0764,2010,0.0040000002
0764,2011,0.0044
0764,2012,0.0055
0764,2013,0.0060000001
0764,2014,0.0074999998
0764,2015,0.0091000004
0764,2016,0.0088999998
0764,2017,0.0098000001
0764,2018,0.0096000005
0764,2019,0.0097000003
0764,2020,0.0104
0764,2021,0.0125
0764,2022,0.015
0764,2023,0.017100001
0764,2024,0.0196
0764,2025,0.0209
0765,2006,0.0013
0765,2007,0.0017
0765,2008,0.0016
0765,2009,0.0027000001
0765,2010,0.0035000001
0765,2011,0.0041
0765,2012,0.0049000001
0765,2013,0.0060999999
0765,2014,0.0066
0765,2015,0.0076000001
0765,2016,0.0068000001
0765,2017,0.0071999999
0765,2018,0.0062000002
0765,2019,0.0070000002
0765,2020,0.0082
0765,2021,0.0107
0765,2022,0.0125
0765,2023,0.0144
0765,2024,0.0185
0765,2025,0.0197
0767,2006,0.0019
0767,2007,0.0019
0767,2008,0.0019
0767,2009,0.0027000001
0767,2010,0.0033
0767,2011,0.0041999999
0767,2012,0.0041999999
0767,2013,0.0046000001
0767,2014,0.0049999999
0767,2015,0.0048000002
0767,2016,0.0046999999
0767,2017,0.0057000001
0767,2018,0.0057000001
0767,2019,0.0074999998
0767,2020,0.0086000003
0767,2021,0.0122
0767,2022,0.0141
0767,2023,0.016100001
0767,2024,0.0173
0767,2025,0.020500001
0780,2006,0.0016
0780,2007,0.0020000001
0780,2008,0.0027999999
0780,2009,0.0043000001
0780,2010,0.0060000001
0780,2011,0.0066999998
0780,2012,0.0077999998
0780,2013,0.0080000004
0780,2014,0.0078999996
0780,2015,0.0085000005
0780,2016,0.0096000005
0780,2017,0.0105
0780,2018,0.0109
0780,2019,0.0116
0780,2020,0.0127
0780,2021,0.0148
0780,2022,0.0163
0780,2023,0.0188
0780,2024,0.0221
0780,2025,0.023600001
0781,2006,0.00079999998
0781,2007,0.0012000001
0781,2008,0.0014
0781,2009,0.0024999999
0781,2010,0.0029
0781,2011,0.0044
0781,2012,0.0043000001
0781,2013,0.0043000001
0781,2014,0.0041
0781,2015,0.0046000001
0781,2016,0.0048000002
0781,2017,0.0052
0781,2018,0.0055999998
0781,2019,0.0060000001
0781,2020,0.0071999999
0781,2021,0.0105
0781,2022,0.0131
0781,2023,0.0143
0781,2024,0.0156
0781,2025,0.0184
0821,2006,0.0023000001
0821,2007,0.0040000002
0821,2008,0.0043000001
0821,2009,0.0052999998
0821,2010,0.0077999998
0821,2011,0.0082
0821,2012,0.0074999998
0821,2013,0.0071999999
0821,2014,0.0098999999
0821,2015,0.0116
0821,2016,0.0138
0821,2017,0.0111
0821,2018,0.0108
0821,2019,0.0121
0821,2020,0.016899999
0821,2021,0.0207
0821,2022,0.0196
0821,2023,0.0198
0821,2024,0.0229
0821,2025,0.0251
0834,2006,0.0011
0834,2007,0.0024999999
0834,2008,0.0049000001
0834,2009,0.0060999999
0834,2010,0.0068999999
0834,2011,0.0082999999
0834,2012,0.0098000001
0834,2013,0.012
0834,2014,0.0111
0834,2015,0.011
0834,2016,0.0107
0834,2017,0.0102
0834,2018,0.0127
0834,2019,0.0132
0834,2020,0.015
0834,2021,0.0167
0834,2022,0.0164
0834,2023,0.019300001
0834,2024,0.022600001
0834,2025,0.021500001
0840,2006,0.0018
0840,2007,0.003
0840,2008,0.0040000002
0840,2009,0.0043000001
0840,2010,0.0051000002
0840,2011,0.0066999998
0840,2012,0.0063
0840,2013,0.0066999998
0840,2014,0.0063999998
0840,2015,0.0081000002
0840,2016,0.0080000004
0840,2017,0.0087000001
0840,2018,0.0091000004
0840,2019,0.0094999997
0840,2020,0.0088
0840,2021,0.0093999999
0840,2022,0.0117
0840,2023,0.0142
0840,2024,0.0156
0840,2025,0.017999999
0860,2006,0.0046999999
0860,2007,0.0044999998
0860,2008,0.0057999999
0860,2009,0.0066999998
0860,2010,0.0065000001
0860,2011,0.0068000001
0860,2012,0.0070000002
0860,2013,0.0082
0860,2014,0.0097000003
0860,2015,0.011
0860,2016,0.0098000001
0860,2017,0.0126
0860,2018,0.0152
0860,2019,0.0176
0860,2020,0.0198
0860,2021,0.0233
0860,2022,0.024
0860,2023,0.025
0860,2024,0.025699999
0860,2025,0.0276
0861,2006,0.0033
0861,2007,0.0031999999
0861,2008,0.0043000001
0861,2009,0.0063
0861,2010,0.0082
0861,2011,0.0088
0861,2012,0.0098999999
0861,2013,0.0109
0861,2014,0.011
0861,2015,0.0117
0861,2016,0.0124
0861,2017,0.0121
0861,2018,0.012
0861,2019,0.0143
0861,2020,0.016100001
0861,2021,0.0173
0861,2022,0.0199
0861,2023,0.023399999
0861,2024,0.0251
0861,2025,0.029300001
0862,2006,0.001
0862,2007,0.0017
0862,2008,0.0015
0862,2009,0.0026
0862,2010,0.0051000002
0862,2011,0.0054000001
0862,2012,0.0046000001
0862,2013,0.0057000001
0862,2014,0.0038999999
0862,2015,0.0054000001
0862,2016,0.0063
0862,2017,0.0054000001
0862,2018,0.0052
0862,2019,0.0066
0862,2020,0.0068000001
0862,2021,0.0081000002
0862,2022,0.0103
0862,2023,0.0138
0862,2024,0.0147
0862,2025,0.015699999
0880,2006,0.0014
0880,2007,0.0022
0880,2008,0.0033
0880,2009,0.0041999999
0880,2010,0.0059000002
0880,2011,0.0071999999
0880,2012,0.0076000001
0880,2013,0.0083999997
0880,2014,0.0091000004
0880,2015,0.0101
0880,2016,0.0103
0880,2017,0.0098999999
0880,2018,0.0097000003
0880,2019,0.0097000003
0880,2020,0.0107
0880,2021,0.012
0880,2022,0.0143
0880,2023,0.016799999
0880,2024,0.018100001
0880,2025,0.0199
0881,2006,0.0022
0881,2007,0.0031000001
0881,2008,0.0049999999
0881,2009,0.0063999998
0881,2010,0.0078999996
0881,2011,0.0098999999
0881,2012,0.0101
0881,2013,0.0106
0881,2014,0.0102
0881,2015,0.0094999997
0881,2016,0.0098000001
0881,2017,0.0094999997
0881,2018,0.0093999999
0881,2019,0.0099999998
0881,2020,0.0119
0881,2021,0.0131
0881,2022,0.0156
0881,2023,0.0175
0881,2024,0.0178
0881,2025,0.0206
0882,2006,0.0027000001
0882,2007,0.0040000002
0882,2008,0.0052
0882,2009,0.0065000001
0882,2010,0.0092000002
0882,2011,0.0097000003
0882,2012,0.0121
0882,2013,0.0131
0882,2014,0.0142
0882,2015,0.015799999
0882,2016,0.017100001
0882,2017,0.017200001
0882,2018,0.018200001
0882,2019,0.0189
0882,2020,0.0208
0882,2021,0.0241
0882,2022,0.028899999
0882,2023,0.032000002
0882,2024,0.032299999
0882,2025,0.0348
0883,2006,0.0038999999
0883,2007,0.0046999999
0883,2008,0.0060000001
0883,2009,0.0082
0883,2010,0.0099999998
0883,2011,0.0114
0883,2012,0.0116
0883,2013,0.0128
0883,2014,0.0144
0883,2015,0.0149
0883,2016,0.0163
0883,2017,0.017899999
0883,2018,0.018300001
0883,2019,0.019300001
0883,2020,0.0209
0883,2021,0.022
0883,2022,0.023600001
0883,2023,0.0276
0883,2024,0.028999999
0883,2025,0.032600001
0884,2006,0.0029
0884,2007,0.0038999999
0884,2008,0.0051000002
0884,2009,0.0065000001
0884,2010,0.0077
0884,2011,0.0068999999
0884,2012,0.0080000004
0884,2013,0.0088
0884,2014,0.0091000004
0884,2015,0.0107
0884,2016,0.0125
0884,2017,0.014
0884,2018,0.0148
0884,2019,0.017200001
0884,2020,0.020400001
0884,2021,0.0218
0884,2022,0.0251
0884,2023,0.0251
0884,2024,0.0263
0884,2025,0.0287
0885,2006,0.0015
0885,2007,0.0033
0885,2008,0.0024000001
0885,2009,0.003
0885,2010,0.0038000001
0885,2011,0.0051000002
0885,2012,0.0054000001
0885,2013,0.0051000002
0885,2014,0.0057999999
0885,2015,0.0077999998
0885,2016,0.0088999998
0885,2017,0.0093
0885,2018,0.0106
0885,2019,0.0105
0885,2020,0.0109
0885,2021,0.0124
0885,2022,0.0138
0885,2023,0.0145
0885,2024,0.0162
0885,2025,0.017200001
0980,2006,0.0037
0980,2007,0.0063
0980,2008,0.0083999997
0980,2009,0.0105
0980,2010,0.0131
0980,2011,0.0148
0980,2012,0.0163
0980,2013,0.016799999
0980,2014,0.015900001
0980,2015,0.0166
0980,2016,0.017200001
0980,2017,0.0184
0980,2018,0.0197
0980,2019,0.021600001
0980,2020,0.023
0980,2021,0.024900001
0980,2022,0.0254
0980,2023,0.028000001
0980,2024,0.030099999
0980,2025,0.0307
1060,2006,0.0013
1060,2007,0.0026
1060,2008,0.003
1060,2009,0.003
1060,2010,0.0035000001
1060,2011,0.0057000001
1060,2012,0.0052999998
1060,2013,0.0063999998
1060,2014,0.0060000001
1060,2015,0.0078999996
1060,2016,0.0093999999
1060,2017,0.0093
1060,2018,0.0123
1060,2019,0.0127
1060,2020,0.0147
1060,2021,0.019099999
1060,2022,0.024700001
1060,2023,0.0283
1060,2024,0.034400001
1060,2025,0.038400002
1080,2006,0.0020000001
1080,2007,0.0027000001
1080,2008,0.0041999999
1080,2009,0.0054000001
1080,2010,0.0060000001
1080,2011,0.0063999998
1080,2012,0.0063999998
1080,2013,0.0073000002
1080,2014,0.0077
1080,2015,0.0082999999
1080,2016,0.0091000004
1080,2017,0.0103
1080,2018,0.011
1080,2019,0.0126
1080,2020,0.0138
1080,2021,0.0152
1080,2022,0.017200001
1080,2023,0.0207
1080,2024,0.0228
1080,2025,0.0263
1081,2006,0.0031000001
1081,2007,0.0044999998
1081,2008,0.0049000001
1081,2009,0.0052
1081,2010,0.0054000001
1081,2011,0.0068000001
1081,2012,0.0076000001
1081,2013,0.0073000002
1081,2014,0.0077999998
1081,2015,0.0087000001
1081,2016,0.0092000002
1081,2017,0.0114
1081,2018,0.0127
1081,2019,0.0143
1081,2020,0.016799999
1081,2021,0.0176
1081,2022,0.0208
1081,2023,0.023700001
1081,2024,0.0287
1081,2025,0.032699998
1082,2006,0.0015
1082,2007,0.0020000001
1082,2008,0.0024000001
1082,2009,0.0029
1082,2010,0.0037
1082,2011,0.0049999999
1082,2012,0.0065000001
1082,2013,0.0074
1082,2014,0.0086000003
1082,2015,0.0098999999
1082,2016,0.0098000001
1082,2017,0.0109
1082,2018,0.0116
1082,2019,0.0134
1082,2020,0.0143
1082,2021,0.0186
1082,2022,0.021600001
1082,2023,0.0266
1082,2024,0.0284
1082,2025,0.032299999
1083,2006,0.0013
1083,2007,0.0020000001
1083,2008,0.0031999999
1083,2009,0.0034
1083,2010,0.0029
1083,2011,0.0046000001
1083,2012,0.0060999999
1083,2013,0.0077999998
1083,2014,0.0083999997
1083,2015,0.011
1083,2016,0.0134
1083,2017,0.0143
1083,2018,0.016000001
1083,2019,0.0186
1083,2020,0.023700001
1083,2021,0.027799999
1083,2022,0.0309
1083,2023,0.034499999
1083,2024,0.040399998
1083,2025,0.042599998
1214,2006,0.0020999999
1214,2007,0.0024000001
1214,2008,0.0034
1214,2009,0.0048000002
1214,2010,0.0071999999
1214,2011,0.0114
1214,2012,0.0115
1214,2013,0.0132
1214,2014,0.0127
1214,2015,0.0134
1214,2016,0.0126
1214,2017,0.0127
1214,2018,0.0142
1214,2019,0.0162
1214,2020,0.0187
1214,2021,0.020400001
1214,2022,0.022600001
1214,2023,0.0254
1214,2024,0.028100001
1214,2025,0.0297
1230,2006,0.0031999999
1230,2007,0.0037
1230,2008,0.0038999999
1230,2009,0.0049000001
1230,2010,0.0065000001
1230,2011,0.0078999996
1230,2012,0.0085000005
1230,2013,0.0091000004
1230,2014,0.0093999999
1230,2015,0.0109
1230,2016,0.0126
1230,2017,0.0124
1230,2018,0.0136
1230,2019,0.0141
1230,2020,0.0156
1230,2021,0.0184
1230,2022,0.0211
1230,2023,0.0233
1230,2024,0.024700001
1230,2025,0.0275
1231,2006,0.0026
1231,2007,0.0024999999
1231,2008,0.0034
1231,2009,0.0040000002
1231,2010,0.0048000002
1231,2011,0.0052999998
1231,2012,0.0068999999
1231,2013,0.0074
1231,2014,0.0087000001
1231,2015,0.0092000002
1231,2016,0.0098000001
1231,2017,0.0094999997
1231,2018,0.0097000003
1231,2019,0.0106
1231,2020,0.0109
1231,2021,0.0115
1231,2022,0.0139
1231,2023,0.014
1231,2024,0.0165
1231,2025,0.017999999
1233,2006,0.0019
1233,2007,0.0024999999
1233,2008,0.0027000001
1233,2009,0.0037
1233,2010,0.0052
1233,2011,0.0060999999
1233,2012,0.0073000002
1233,2013,0.0087000001
1233,2014,0.0094999997
1233,2015,0.0102
1233,2016,0.0108
1233,2017,0.0127
1233,2018,0.0136
1233,2019,0.0146
1233,2020,0.0151
1233,2021,0.0166
1233,2022,0.0178
1233,2023,0.0208
1233,2024,0.0228
1233,2025,0.025
1256,2006,0.0031000001
1256,2007,0.0055999998
1256,2008,0.0074
1256,2009,0.0092000002
1256,2010,0.0108
1256,2011,0.0117
1256,2012,0.0148
1256,2013,0.0129
1256,2014,0.0127
1256,2015,0.0137
1256,2016,0.0143
1256,2017,0.017100001
1256,2018,0.0174
1256,2019,0.021400001
1256,2020,0.0229
1256,2021,0.023600001
1256,2022,0.024
1256,2023,0.025
1256,2024,0.025699999
1256,2025,0.027899999
1257,2006,0.0020999999
1257,2007,0.0024999999
1257,2008,0.0043000001
1257,2009,0.0044999998
1257,2010,0.0057000001
1257,2011,0.0080000004
1257,2012,0.0083999997
1257,2013,0.0089999996
1257,2014,0.0107
1257,2015,0.0132
1257,2016,0.0129
1257,2017,0.012
1257,2018,0.0126
1257,2019,0.015799999
1257,2020,0.016799999
1257,2021,0.0177
1257,2022,0.020400001
1257,2023,0.023700001
1257,2024,0.0254
1257,2025,0.028000001
1260,2006,0.0014
1260,2007,0.0022
1260,2008,0.0035000001
1260,2009,0.0054000001
1260,2010,0.0068999999
1260,2011,0.0070000002
1260,2012,0.0094999997
1260,2013,0.0121
1260,2014,0.013
1260,2015,0.0139
1260,2016,0.014
1260,2017,0.0142
1260,2018,0.0147
1260,2019,0.0135
1260,2020,0.015
1260,2021,0.0178
1260,2022,0.021400001
1260,2023,0.022600001
1260,2024,0.0266
1260,2025,0.029100001
1261,2006,0.0033
1261,2007,0.0035999999
1261,2008,0.0046999999
1261,2009,0.0052999998
1261,2010,0.0071999999
1261,2011,0.0074999998
1261,2012,0.0086000003
1261,2013,0.0096000005
1261,2014,0.0111
1261,2015,0.011
1261,2016,0.013
1261,2017,0.0142
1261,2018,0.0147
1261,2019,0.0165
1261,2020,0.019400001
1261,2021,0.021299999
1261,2022,0.0233
1261,2023,0.023800001
1261,2024,0.025800001
1261,2025,0.0275
1262,2006,0.0018
1262,2007,0.0023000001
1262,2008,0.0027999999
1262,2009,0.0033
1262,2010,0.0038999999
1262,2011,0.0046000001
1262,2012,0.0048000002
1262,2013,0.0057999999
1262,2014,0.0057000001
1262,2015,0.0062000002
1262,2016,0.0068999999
1262,2017,0.0071
1262,2018,0.0071
1262,2019,0.0078999996
1262,2020,0.0094999997
1262,2021,0.0105
1262,2022,0.012
1262,2023,0.0137
1262,2024,0.0156
1262,2025,0.0175
1263,2006,0.0019
1263,2007,0.003
1263,2008,0.0037
1263,2009,0.0051000002
1263,2010,0.0054000001
1263,2011,0.0068999999
1263,2012,0.0077999998
1263,2013,0.0088
1263,2014,0.0121
1263,2015,0.0136
1263,2016,0.0147
1263,2017,0.018300001
1263,2018,0.017999999
1263,2019,0.019099999
1263,2020,0.020400001
1263,2021,0.021600001
1263,2022,0.023
1263,2023,0.024
1263,2024,0.0253
1263,2025,0.0263
1264,2006,0.0011
1264,2007,0.0019
1264,2008,0.0016
1264,2009,0.0034
1264,2010,0.0049999999
1264,2011,0.0055999998
1264,2012,0.0076000001
1264,2013,0.0093
1264,2014,0.0093999999
1264,2015,0.0093999999
1264,2016,0.0113
1264,2017,0.0136
1264,2018,0.0146
1264,2019,0.0136
1264,2020,0.015799999
1264,2021,0.018200001
1264,2022,0.0209
1264,2023,0.0219
1264,2024,0.0254
1264,2025,0.027899999
1265,2006,0.0029
1265,2007,0.0038000001
1265,2008,0.0041
1265,2009,0.0054000001
1265,2010,0.0059000002
1265,2011,0.0066999998
1265,2012,0.0078999996
1265,2013,0.0089999996
1265,2014,0.0098999999
1265,2015,0.0128
1265,2016,0.0136
1265,2017,0.0136
1265,2018,0.0148
1265,2019,0.0153
1265,2020,0.0177
1265,2021,0.019099999
1265,2022,0.021500001
1265,2023,0.023700001
1265,2024,0.0266
1265,2025,0.0297
1266,2006,0.0041
1266,2007,0.0052999998
1266,2008,0.0054000001
1266,2009,0.0063
1266,2010,0.0066
1266,2011,0.0066999998
1266,2012,0.0077
1266,2013,0.0077999998
1266,2014,0.0082999999
1266,2015,0.0096000005
1266,2016,0.0104
1266,2017,0.0109
1266,2018,0.0132
1266,2019,0.0141
1266,2020,0.016000001
1266,2021,0.017899999
1266,2022,0.0199
1266,2023,0.022600001
1266,2024,0.024599999
1266,2025,0.0272
1267,2006,0.0023000001
1267,2007,0.0029
1267,2008,0.0048000002
1267,2009,0.0054000001
1267,2010,0.0057999999
1267,2011,0.0076000001
1267,2012,0.0078999996
1267,2013,0.0093999999
1267,2014,0.0107
1267,2015,0.0118
1267,2016,0.0133
1267,2017,0.0151
1267,2018,0.017899999
1267,2019,0.0185
1267,2020,0.020199999
1267,2021,0.0233
1267,2022,0.0284
1267,2023,0.0306
1267,2024,0.032299999
1267,2025,0.033100002
1270,2006,0.0033
1270,2007,0.0041999999
1270,2008,0.0048000002
1270,2009,0.0059000002
1270,2010,0.0065000001
1270,2011,0.0089999996
1270,2012,0.0108
1270,2013,0.011
1270,2014,0.0124
1270,2015,0.0135
1270,2016,0.0128
1270,2017,0.0134
1270,2018,0.014
1270,2019,0.0162
1270,2020,0.017999999
1270,2021,0.0207
1270,2022,0.0239
1270,2023,0.025800001
1270,2024,0.0286
1270,2025,0.030099999
1272,2006,0.0041
1272,2007,0.0054000001
1272,2008,0.0089999996
1272,2009,0.0093
1272,2010,0.0112
1272,2011,0.0107
1272,2012,0.0115
1272,2013,0.0098000001
1272,2014,0.0098999999
1272,2015,0.0125
1272,2016,0.0121
1272,2017,0.014
1272,2018,0.017100001
1272,2019,0.017100001
1272,2020,0.020099999
1272,2021,0.0208
1272,2022,0.023800001
1272,2023,0.0276
1272,2024,0.0277
1272,2025,0.032900002
1273,2006,0.0016
1273,2007,0.0024999999
1273,2008,0.0033
1273,2009,0.0068000001
1273,2010,0.0080000004
1273,2011,0.0089999996
1273,2012,0.0103
1273,2013,0.0133
1273,2014,0.0132
1273,2015,0.0153
1273,2016,0.0173
1273,2017,0.016100001
1273,2018,0.018100001
1273,2019,0.0187
1273,2020,0.0196
1273,2021,0.021500001
1273,2022,0.020400001
1273,2023,0.0218
1273,2024,0.0255
1273,2025,0.0285
1275,2006,0.0011
1275,2007,0.0020000001
1275,2008,0.0031000001
1275,2009,0.0066999998
1275,2010,0.0086000003
1275,2011,0.012
1275,2012,0.0113
1275,2013,0.013
1275,2014,0.014
1275,2015,0.0148
1275,2016,0.0156
1275,2017,0.0162
1275,2018,0.0156
1275,2019,0.0187
1275,2020,0.0176
1275,2021,0.020199999
1275,2022,0.023
1275,2023,0.0231
1275,2024,0.027799999
1275,2025,0.028200001
1276,2006,0.0011
1276,2007,0.0013
1276,2008,0.0018
1276,2009,0.0023000001
1276,2010,0.0049999999
1276,2011,0.0076000001
1276,2012,0.0093999999
1276,2013,0.0111
1276,2014,0.0125
1276,2015,0.0124
1276,2016,0.0129
1276,2017,0.0145
1276,2018,0.0136
1276,2019,0.015
1276,2020,0.017200001
1276,2021,0.0184
1276,2022,0.022500001
1276,2023,0.0251
1276,2024,0.027100001
1276,2025,0.0276
1277,2006,0.0026
1277,2007,0.0035000001
1277,2008,0.0041999999
1277,2009,0.0052
1277,2010,0.0071999999
1277,2011,0.0098000001
1277,2012,0.0093
1277,2013,0.0111
1277,2014,0.0139
1277,2015,0.0145
1277,2016,0.0151
1277,2017,0.0166
1277,2018,0.015799999
1277,2019,0.0155
1277,2020,0.017100001
1277,2021,0.0178
1277,2022,0.0188
1277,2023,0.021299999
1277,2024,0.0219
1277,2025,0.025599999
1278,2006,0.0019
1278,2007,0.0014
1278,2008,0.0020999999
1278,2009,0.0031000001
1278,2010,0.0044
1278,2011,0.0054000001
1278,2012,0.0063999998
1278,2013,0.0066999998
1278,2014,0.0059000002
1278,2015,0.0068999999
1278,2016,0.0070000002
1278,2017,0.0076000001
1278,2018,0.0082
1278,2019,0.0083999997
1278,2020,0.0091000004
1278,2021,0.0083999997
1278,2022,0.0107
1278,2023,0.0139
1278,2024,0.0154
1278,2025,0.016799999
1280,2006,0.0015
1280,2007,0.0020000001
1280,2008,0.0024999999
1280,2009,0.003
1280,2010,0.0038999999
1280,2011,0.0044
1280,2012,0.0046999999
1280,2013,0.0051000002
1280,2014,0.0057000001
1280,2015,0.0068000001
1280,2016,0.0074999998
1280,2017,0.0080000004
1280,2018,0.0082999999
1280,2019,0.0088999998
1280,2020,0.0098000001
1280,2021,0.0109
1280,2022,0.0127
1280,2023,0.0144
1280,2024,0.016100001
1280,2025,0.0174
1281,2006,0.0023000001
1281,2007,0.0023000001
1281,2008,0.0031000001
1281,2009,0.0040000002
1281,2010,0.0055999998
1281,2011,0.0059000002
1281,2012,0.0063
1281,2013,0.0071
1281,2014,0.0077
1281,2015,0.0088999998
1281,2016,0.0101
1281,2017,0.0109
1281,2018,0.0114
1281,2019,0.0132
1281,2020,0.0148
1281,2021,0.0167
1281,2022,0.0185
1281,2023,0.0208
1281,2024,0.022600001
1281,2025,0.0254
1282,2006,0.0020999999
1282,2007,0.0026
1282,2008,0.0027999999
1282,2009,0.0035999999
1282,2010,0.0048000002
1282,2011,0.0063
1282,2012,0.0074
1282,2013,0.0068999999
1282,2014,0.0073000002
1282,2015,0.0078999996
1282,2016,0.0085000005
1282,2017,0.0086000003
1282,2018,0.0083999997
1282,2019,0.0089999996
1282,2020,0.0098000001
1282,2021,0.0123
1282,2022,0.0133
1282,2023,0.0146
1282,2024,0.015699999
1282,2025,0.017899999
1283,2006,0.0012000001
1283,2007,0.0016
1283,2008,0.0023000001
1283,2009,0.0033
1283,2010,0.0041
1283,2011,0.0046999999
1283,2012,0.0052
1283,2013,0.0060000001
1283,2014,0.0071999999
1283,2015,0.0080000004
1283,2016,0.0087000001
1283,2017,0.0085000005
1283,2018,0.0086000003
1283,2019,0.0088999998
1283,2020,0.0107
1283,2021,0.0128
1283,2022,0.0145
1283,2023,0.0165
1283,2024,0.018300001
1283,2025,0.020500001
1284,2006,0.0011
1284,2007,0.0018
1284,2008,0.0020000001
1284,2009,0.0024000001
1284,2010,0.0034
1284,2011,0.0040000002
1284,2012,0.0044999998
1284,2013,0.0062000002
1284,2014,0.0070000002
1284,2015,0.0082999999
1284,2016,0.0086000003
1284,2017,0.0082
1284,2018,0.0091000004
1284,2019,0.0092000002
1284,2020,0.0104
1284,2021,0.0125
1284,2022,0.0136
1284,2023,0.0167
1284,2024,0.0195
1284,2025,0.022700001
1285,2006,0.0043000001
1285,2007,0.0044999998
1285,2008,0.0051000002
1285,2009,0.0063999998
1285,2010,0.0074
1285,2011,0.0081000002
1285,2012,0.0071999999
1285,2013,0.0078999996
1285,2014,0.0093999999
1285,2015,0.0111
1285,2016,0.0125
1285,2017,0.0134
1285,2018,0.0164
1285,2019,0.0178
1285,2020,0.019099999
1285,2021,0.0206
1285,2022,0.023700001
1285,2023,0.026699999
1285,2024,0.0276
1285,2025,0.029100001
1286,2006,0.0016
1286,2007,0.0020000001
1286,2008,0.0029
1286,2009,0.0040000002
1286,2010,0.0040000002
1286,2011,0.0049000001
1286,2012,0.0057999999
1286,2013,0.0068999999
1286,2014,0.0077
1286,2015,0.0088999998
1286,2016,0.0089999996
1286,2017,0.0094999997
1286,2018,0.0101
1286,2019,0.012
1286,2020,0.0125
1286,2021,0.0137
1286,2022,0.0152
1286,2023,0.0173
1286,2024,0.0208
1286,2025,0.023399999
1287,2006,0.0022
1287,2007,0.0027000001
1287,2008,0.0033
1287,2009,0.0040000002
1287,2010,0.0055
1287,2011,0.0068000001
1287,2012,0.0074
1287,2013,0.0091000004
1287,2014,0.0109
1287,2015,0.012
1287,2016,0.0135
1287,2017,0.0156
1287,2018,0.0156
1287,2019,0.015699999
1287,2020,0.0162
1287,2021,0.017899999
1287,2022,0.020300001
1287,2023,0.021299999
1287,2024,0.022500001
1287,2025,0.024800001
1290,2006,0.0024999999
1290,2007,0.003
1290,2008,0.0041999999
1290,2009,0.0049000001
1290,2010,0.0055999998
1290,2011,0.0070000002
1290,2012,0.0078999996
1290,2013,0.0087000001
1290,2014,0.0088
1290,2015,0.0099999998
1290,2016,0.011
1290,2017,0.0124
1290,2018,0.0143
1290,2019,0.0152
1290,2020,0.016799999
1290,2021,0.0176
1290,2022,0.019400001
1290,2023,0.021
1290,2024,0.022
1290,2025,0.025599999
1291,2006,0.0029
1291,2007,0.0040000002
1291,2008,0.0044
1291,2009,0.0055
1291,2010,0.0060999999
1291,2011,0.0078999996
1291,2012,0.0080000004
1291,2013,0.0087000001
1291,2014,0.0096000005
1291,2015,0.0108
1291,2016,0.0098000001
1291,2017,0.0101
1291,2018,0.0101
1291,2019,0.0125
1291,2020,0.0138
1291,2021,0.015699999
1291,2022,0.0189
1291,2023,0.0206
1291,2024,0.022600001
1291,2025,0.023700001
1292,2006,0.0018
1292,2007,0.0023000001
1292,2008,0.0029
1292,2009,0.0034
1292,2010,0.0043000001
1292,2011,0.0048000002
1292,2012,0.0051000002
1292,2013,0.0066999998
1292,2014,0.0068000001
1292,2015,0.0081000002
1292,2016,0.0087000001
1292,2017,0.0088999998
1292,2018,0.0107
1292,2019,0.0114
1292,2020,0.0126
1292,2021,0.0137
1292,2022,0.0145
1292,2023,0.016899999
1292,2024,0.0188
1292,2025,0.0209
1293,2006,0.0024000001
1293,2007,0.0033
1293,2008,0.0041
1293,2009,0.0060999999
1293,2010,0.0088
1293,2011,0.0105
1293,2012,0.0115
1293,2013,0.0124
1293,2014,0.013
1293,2015,0.0137
1293,2016,0.0145
1293,2017,0.0156
1293,2018,0.015900001
1293,2019,0.017100001
1293,2020,0.0178
1293,2021,0.0188
1293,2022,0.0198
1293,2023,0.0228
1293,2024,0.024700001
1293,2025,0.0273
1315,2006,0.0049000001
1315,2007,0.0060000001
1315,2008,0.0071
1315,2009,0.0088
1315,2010,0.0094999997
1315,2011,0.0098999999
1315,2012,0.0099999998
1315,2013,0.0113
1315,2014,0.0146
1315,2015,0.016100001
1315,2016,0.015900001
1315,2017,0.0164
1315,2018,0.019099999
1315,2019,0.021600001
1315,2020,0.024900001
1315,2021,0.027000001
1315,2022,0.027000001
1315,2023,0.032499999
1315,2024,0.037900001
1315,2025,0.044
1380,2006,0.0020000001
1380,2007,0.0027999999
1380,2008,0.0037
1380,2009,0.0054000001
1380,2010,0.0078999996
1380,2011,0.0102
1380,2012,0.0107
1380,2013,0.0116
1380,2014,0.0139
1380,2015,0.0143
1380,2016,0.0155
1380,2017,0.017899999
1380,2018,0.019400001
1380,2019,0.020400001
1380,2020,0.0222
1380,2021,0.023600001
1380,2022,0.026000001
1380,2023,0.0287
1380,2024,0.031099999
1380,2025,0.032900002
1381,2006,0.0023000001
1381,2007,0.0031000001
1381,2008,0.0038000001
1381,2009,0.0046999999
1381,2010,0.0059000002
1381,2011,0.0063
1381,2012,0.0077
1381,2013,0.0092000002
1381,2014,0.0102
1381,2015,0.0127
1381,2016,0.0132
1381,2017,0.015
1381,2018,0.0162
1381,2019,0.016899999
1381,2020,0.0178
1381,2021,0.0187
1381,2022,0.0206
1381,2023,0.0217
1381,2024,0.0239
1381,2025,0.025699999
1382,2006,0.0022
1382,2007,0.0027999999
1382,2008,0.0046999999
1382,2009,0.0066999998
1382,2010,0.0088
1382,2011,0.0097000003
1382,2012,0.0102
1382,2013,0.0113
1382,2014,0.0126
1382,2015,0.015699999
1382,2016,0.0175
1382,2017,0.0195
1382,2018,0.0198
1382,2019,0.0207
1382,2020,0.0222
1382,2021,0.023800001
1382,2022,0.025
1382,2023,0.0276
1382,2024,0.031199999
1382,2025,0.033399999
1383,2006,0.0027000001
1383,2007,0.0034
1383,2008,0.0044999998
1383,2009,0.0059000002
1383,2010,0.0077
1383,2011,0.0083999997
1383,2012,0.0097000003
1383,2013,0.0102
1383,2014,0.0115
1383,2015,0.0121
1383,2016,0.0134
1383,2017,0.014
1383,2018,0.015
1383,2019,0.017100001
1383,2020,0.0199
1383,2021,0.0209
1383,2022,0.023499999
1383,2023,0.026000001
1383,2024,0.0283
1383,2025,0.0296
1384,2006,0.0060999999
1384,2007,0.0066999998
1384,2008,0.0082999999
1384,2009,0.0091000004
1384,2010,0.0097000003
1384,2011,0.011
1384,2012,0.0117
1384,2013,0.0131
1384,2014,0.0142
1384,2015,0.0156
1384,2016,0.0175
1384,2017,0.018999999
1384,2018,0.0207
1384,2019,0.022299999
1384,2020,0.0241
1384,2021,0.0265
1384,2022,0.0286
1384,2023,0.032000002
1384,2024,0.035799999
1384,2025,0.0374
1401,2006,0.0048000002
1401,2007,0.0057000001
1401,2008,0.0066999998
1401,2009,0.0071
1401,2010,0.0078999996
1401,2011,0.0099999998
1401,2012,0.0102
1401,2013,0.0107
1401,2014,0.0111
1401,2015,0.0123
1401,2016,0.0128
1401,2017,0.0134
1401,2018,0.0137
1401,2019,0.016100001
1401,2020,0.0178
1401,2021,0.019300001
1401,2022,0.021199999
1401,2023,0.023
1401,2024,0.0244
1401,2025,0.0266
1402,2006,0.0034
1402,2007,0.0043000001
1402,2008,0.0049999999
1402,2009,0.0066999998
1402,2010,0.0073000002
1402,2011,0.0076000001
1402,2012,0.0081000002
1402,2013,0.0093999999
1402,2014,0.0088999998
1402,2015,0.0102
1402,2016,0.0108
1402,2017,0.0108
1402,2018,0.0117
1402,2019,0.013
1402,2020,0.0138
1402,2021,0.0149
1402,2022,0.0146
1402,2023,0.0173
1402,2024,0.018999999
1402,2025,0.021400001
1407,2006,0.0029
1407,2007,0.0041999999
1407,2008,0.0054000001
1407,2009,0.0092000002
1407,2010,0.0105
1407,2011,0.0098999999
1407,2012,0.0121
1407,2013,0.0146
1407,2014,0.017000001
1407,2015,0.019099999
1407,2016,0.020199999
1407,2017,0.017000001
1407,2018,0.019300001
1407,2019,0.018999999
1407,2020,0.019400001
1407,2021,0.022600001
1407,2022,0.023
1407,2023,0.024499999
1407,2024,0.023600001
1407,2025,0.024900001
1415,2006,0.0081000002
1415,2007,0.0088
1415,2008,0.0104
1415,2009,0.0121
1415,2010,0.0145
1415,2011,0.015
1415,2012,0.0142
1415,2013,0.0146
1415,2014,0.0142
1415,2015,0.0148
1415,2016,0.0148
1415,2017,0.0151
1415,2018,0.0146
1415,2019,0.0142
1415,2020,0.0156
1415,2021,0.0178
1415,2022,0.019400001
1415,2023,0.021
1415,2024,0.0241
1415,2025,0.027000001
1419,2006,0.0034
1419,2007,0.0046000001
1419,2008,0.0077999998
1419,2009,0.0091000004
1419,2010,0.0097000003
1419,2011,0.0104
1419,2012,0.0108
1419,2013,0.0118
1419,2014,0.0124
1419,2015,0.0141
1419,2016,0.0149
1419,2017,0.0125
1419,2018,0.0124
1419,2019,0.0155
1419,2020,0.015
1419,2021,0.0177
1419,2022,0.018200001
1419,2023,0.0188
1419,2024,0.022600001
1419,2025,0.0261
1421,2006,0.0016
1421,2007,0.0017
1421,2008,0.0023000001
1421,2009,0.0037
1421,2010,0.0040000002
1421,2011,0.0046000001
1421,2012,0.0059000002
1421,2013,0.0071999999
1421,2014,0.0102
1421,2015,0.0125
1421,2016,0.014
1421,2017,0.015
1421,2018,0.016899999
1421,2019,0.0166
1421,2020,0.017100001
1421,2021,0.0187
1421,2022,0.020300001
1421,2023,0.0228
1421,2024,0.0241
1421,2025,0.0255
1427,2006,0.0019
1427,2007,0.0026
1427,2008,0.0038999999
1427,2009,0.0057000001
1427,2010,0.0049000001
1427,2011,0.0073000002
1427,2012,0.0088999998
1427,2013,0.0099999998
1427,2014,0.0094999997
1427,2015,0.0115
1427,2016,0.0103
1427,2017,0.0113
1427,2018,0.012
1427,2019,0.0145
1427,2020,0.016100001
1427,2021,0.0167
1427,2022,0.0177
1427,2023,0.018200001
1427,2024,0.0206
1427,2025,0.0233
1430,2006,0.0027000001
1430,2007,0.0033
1430,2008,0.0040000002
1430,2009,0.0059000002
1430,2010,0.0071999999
1430,2011,0.0097000003
1430,2012,0.0107
1430,2013,0.012
1430,2014,0.0136
1430,2015,0.0138
1430,2016,0.0123
1430,2017,0.0135
1430,2018,0.0151
1430,2019,0.0156
1430,2020,0.0178
1430,2021,0.021299999
1430,2022,0.023399999
1430,2023,0.0241
1430,2024,0.028899999
1430,2025,0.0296
1435,2006,0.0023000001
1435,2007,0.0035999999
1435,2008,0.0060999999
1435,2009,0.0066
1435,2010,0.0071999999
1435,2011,0.0094999997
1435,2012,0.0107
1435,2013,0.0114
1435,2014,0.0146
1435,2015,0.0139
1435,2016,0.0128
1435,2017,0.0128
1435,2018,0.0124
1435,2019,0.0128
1435,2020,0.0137
1435,2021,0.0143
1435,2022,0.0145
1435,2023,0.0175
1435,2024,0.020300001
1435,2025,0.022299999
1438,2006,0.0020000001
1438,2007,0.0027999999
1438,2008,0.0033
1438,2009,0.0044999998
1438,2010,0.0057999999
1438,2011,0.0071
1438,2012,0.0082999999
1438,2013,0.0081000002
1438,2014,0.0105
1438,2015,0.0099999998
1438,2016,0.0128
1438,2017,0.0141
1438,2018,0.015900001
1438,2019,0.017100001
1438,2020,0.0184
1438,2021,0.020500001
1438,2022,0.021500001
1438,2023,0.0222
1438,2024,0.024599999
1438,2025,0.026900001
1439,2006,0.0031000001
1439,2007,0.0043000001
1439,2008,0.0046000001
1439,2009,0.0057000001
1439,2010,0.0049000001
1439,2011,0.0070000002
1439,2012,0.0099999998
1439,2013,0.0082999999
1439,2014,0.0101
1439,2015,0.0128
1439,2016,0.0128
1439,2017,0.0152
1439,2018,0.0143
1439,2019,0.0196
1439,2020,0.0188
1439,2021,0.020500001
1439,2022,0.020300001
1439,2023,0.0233
1439,2024,0.027000001
1439,2025,0.029300001
1440,2006,0.0029
1440,2007,0.0038000001
1440,2008,0.0059000002
1440,2009,0.0074999998
1440,2010,0.0094999997
1440,2011,0.0111
1440,2012,0.0122
1440,2013,0.0131
1440,2014,0.0146
1440,2015,0.0148
1440,2016,0.015900001
1440,2017,0.0153
1440,2018,0.0152
1440,2019,0.0142
1440,2020,0.0148
1440,2021,0.0163
1440,2022,0.019200001
1440,2023,0.021199999
1440,2024,0.024499999
1440,2025,0.028999999
1441,2006,0.0033
1441,2007,0.0038999999
1441,2008,0.0037
1441,2009,0.0048000002
1441,2010,0.0052999998
1441,2011,0.0055999998
1441,2012,0.0063999998
1441,2013,0.0071999999
1441,2014,0.0073000002
1441,2015,0.0096000005
1441,2016,0.0106
1441,2017,0.011
1441,2018,0.0122
1441,2019,0.0139
1441,2020,0.0163
1441,2021,0.015900001
1441,2022,0.0186
1441,2023,0.020300001
1441,2024,0.023
1441,2025,0.027000001
1442,2006,0.0035000001
1442,2007,0.0038000001
1442,2008,0.0044999998
1442,2009,0.0054000001
1442,2010,0.0062000002
1442,2011,0.0074
1442,2012,0.0082999999
1442,2013,0.0086000003
1442,2014,0.0088
1442,2015,0.0103
1442,2016,0.0104
1442,2017,0.0106
1442,2018,0.0104
1442,2019,0.0104
1442,2020,0.012
1442,2021,0.0129
1442,2022,0.0132
1442,2023,0.0166
1442,2024,0.020199999
1442,2025,0.0222
1443,2006,0.0022
1443,2007,0.0019
1443,2008,0.0014
1443,2009,0.0020999999
1443,2010,0.0040000002
1443,2011,0.0041999999
1443,2012,0.0046000001
1443,2013,0.0057999999
1443,2014,0.0066
1443,2015,0.0071999999
1443,2016,0.0080000004
1443,2017,0.0089999996
1443,2018,0.0092000002
1443,2019,0.0108
1443,2020,0.0131
1443,2021,0.0164
1443,2022,0.015799999
1443,2023,0.019099999
1443,2024,0.022
1443,2025,0.0253
1444,2006,0.0065000001
1444,2007,0.0071
1444,2008,0.0068000001
1444,2009,0.0101
1444,2010,0.0113
1444,2011,0.015
1444,2012,0.0137
1444,2013,0.015699999
1444,2014,0.0143
1444,2015,0.0149
1444,2016,0.0162
1444,2017,0.0151
1444,2018,0.0166
1444,2019,0.016899999
1444,2020,0.0146
1444,2021,0.0152
1444,2022,0.0175
1444,2023,0.019099999
1444,2024,0.0209
1444,2025,0.024900001
1445,2006,0.0116
1445,2007,0.0137
1445,2008,0.0152
1445,2009,0.0155
1445,2010,0.0138
1445,2011,0.0166
1445,2012,0.017999999
1445,2013,0.0188
1445,2014,0.016100001
1445,2015,0.020099999
1445,2016,0.0218
1445,2017,0.0208
1445,2018,0.0197
1445,2019,0.018999999
1445,2020,0.0199
1445,2021,0.021600001
1445,2022,0.024499999
1445,2023,0.028000001
1445,2024,0.030099999
1445,2025,0.032299999
1446,2006,0.0031999999
1446,2007,0.0046999999
1446,2008,0.0062000002
1446,2009,0.0065000001
1446,2010,0.0071
1446,2011,0.0086000003
1446,2012,0.0094999997
1446,2013,0.0105
1446,2014,0.0131
1446,2015,0.015699999
1446,2016,0.0139
1446,2017,0.0175
1446,2018,0.0184
1446,2019,0.017200001
1446,2020,0.016899999
1446,2021,0.0149
1446,2022,0.0174
1446,2023,0.0188
1446,2024,0.020300001
1446,2025,0.0232
1447,2006,0.0060000001
1447,2007,0.0076000001
1447,2008,0.0083999997
1447,2009,0.0096000005
1447,2010,0.0085000005
1447,2011,0.0101
1447,2012,0.012
1447,2013,0.0129
1447,2014,0.0132
1447,2015,0.0124
1447,2016,0.0133
1447,2017,0.0175
1447,2018,0.017899999
1447,2019,0.017200001
1447,2020,0.019099999
1447,2021,0.019200001
1447,2022,0.0242
1447,2023,0.0244
1447,2024,0.022600001
1447,2025,0.024900001
1452,2006,0.0013
1452,2007,0.0017
1452,2008,0.0023000001
1452,2009,0.0031999999
1452,2010,0.003
1452,2011,0.0038999999
1452,2012,0.0046999999
1452,2013,0.0049000001
1452,2014,0.0059000002
1452,2015,0.0057000001
1452,2016,0.0060999999
1452,2017,0.0060000001
1452,2018,0.0081000002
1452,2019,0.0087000001
1452,2020,0.0103
1452,2021,0.0126
1452,2022,0.0135
1452,2023,0.0152
1452,2024,0.0199
1452,2025,0.0218
1460,2006,0.00079999998
1460,2007,0.0016
1460,2008,0.0020000001
1460,2009,0.0022
1460,2010,0.0034
1460,2011,0.0035999999
1460,2012,0.0046999999
1460,2013,0.0077
1460,2014,0.0081000002
1460,2015,0.0087000001
1460,2016,0.0105
1460,2017,0.0097000003
1460,2018,0.0122
1460,2019,0.015699999
1460,2020,0.019400001
1460,2021,0.019099999
1460,2022,0.017899999
1460,2023,0.02
1460,2024,0.0232
1460,2025,0.0262
1461,2006,0.0018
1461,2007,0.0029
1461,2008,0.0040000002
1461,2009,0.0040000002
1461,2010,0.0035999999
1461,2011,0.0057999999
1461,2012,0.0074
1461,2013,0.0081000002
1461,2014,0.0099999998
1461,2015,0.0098999999
1461,2016,0.0101
1461,2017,0.0109
1461,2018,0.0128
1461,2019,0.0153
1461,2020,0.015699999
1461,2021,0.018200001
1461,2022,0.017899999
1461,2023,0.019300001
1461,2024,0.0265
1461,2025,0.030999999
1462,2006,0.0020000001
1462,2007,0.0026
1462,2008,0.0046999999
1462,2009,0.0060999999
1462,2010,0.0093999999
1462,2011,0.0102
1462,2012,0.0129
1462,2013,0.0119
1462,2014,0.0145
1462,2015,0.0155
1462,2016,0.018100001
1462,2017,0.0164
1462,2018,0.0163
1462,2019,0.0164
1462,2020,0.0196
1462,2021,0.0206
1462,2022,0.021500001
1462,2023,0.0217
1462,2024,0.025800001
1462,2025,0.0285
1463,2006,0.0015
1463,2007,0.0020000001
1463,2008,0.0024000001
1463,2009,0.0031999999
1463,2010,0.0037
1463,2011,0.0049000001
1463,2012,0.0068000001
1463,2013,0.0076000001
1463,2014,0.0094999997
1463,2015,0.0099999998
1463,2016,0.011
1463,2017,0.0128
1463,2018,0.0145
1463,2019,0.0148
1463,2020,0.0153
1463,2021,0.0175
1463,2022,0.0185
1463,2023,0.0219
1463,2024,0.0244
1463,2025,0.025
1465,2006,0.0017
1465,2007,0.0024999999
1465,2008,0.0023000001
1465,2009,0.0033
1465,2010,0.0040000002
1465,2011,0.0051000002
1465,2012,0.0055
1465,2013,0.0066999998
1465,2014,0.0081000002
1465,2015,0.0087000001
1465,2016,0.0094999997
1465,2017,0.0107
1465,2018,0.0117
1465,2019,0.0137
1465,2020,0.0141
1465,2021,0.0149
1465,2022,0.015
1465,2023,0.016899999
1465,2024,0.0184
1465,2025,0.021199999
1466,2006,0.0015
1466,2007,0.0017
1466,2008,0.0013
1466,2009,0.0020999999
1466,2010,0.0038000001
1466,2011,0.0046000001
1466,2012,0.0065000001
1466,2013,0.0074
1466,2014,0.0086000003
1466,2015,0.0091000004
1466,2016,0.0108
1466,2017,0.0129
1466,2018,0.0126
1466,2019,0.0128
1466,2020,0.014
1466,2021,0.0142
1466,2022,0.015799999
1466,2023,0.0173
1466,2024,0.020500001
1466,2025,0.0228
1470,2006,0.0060000001
1470,2007,0.0068000001
1470,2008,0.0087000001
1470,2009,0.0088999998
1470,2010,0.0101
1470,2011,0.0118
1470,2012,0.0122
1470,2013,0.0118
1470,2014,0.0149
1470,2015,0.016000001
1470,2016,0.0163
1470,2017,0.0174
1470,2018,0.0189
1470,2019,0.019300001
1470,2020,0.021299999
1470,2021,0.023800001
1470,2022,0.0275
1470,2023,0.0307
1470,2024,0.031199999
1470,2025,0.035700001
1471,2006,0.003
1471,2007,0.0029
1471,2008,0.0038999999
1471,2009,0.0060999999
1471,2010,0.0078999996
1471,2011,0.0082
1471,2012,0.0101
1471,2013,0.0112
1471,2014,0.0119
1471,2015,0.0143
1471,2016,0.0146
1471,2017,0.0142
1471,2018,0.0151
1471,2019,0.015799999
1471,2020,0.0176
1471,2021,0.0208
1471,2022,0.023700001
1471,2023,0.026699999
1471,2024,0.030999999
1471,2025,0.0348
1472,2006,0.0031999999
1472,2007,0.0035999999
1472,2008,0.0057999999
1472,2009,0.0062000002
1472,2010,0.0068000001
1472,2011,0.0080000004
1472,2012,0.0082999999
1472,2013,0.0093999999
1472,2014,0.0091000004
1472,2015,0.0098999999
1472,2016,0.0105
1472,2017,0.0109
1472,2018,0.0117
1472,2019,0.0133
1472,2020,0.0127
1472,2021,0.0155
1472,2022,0.0199
1472,2023,0.022600001
1472,2024,0.0253
1472,2025,0.030300001
1473,2006,0.0038000001
1473,2007,0.0040000002
1473,2008,0.0057000001
1473,2009,0.0068000001
1473,2010,0.0080000004
1473,2011,0.0104
1473,2012,0.0143
1473,2013,0.0151
1473,2014,0.0175
1473,2015,0.020500001
1473,2016,0.018300001
1473,2017,0.020199999
1473,2018,0.022700001
1473,2019,0.024499999
1473,2020,0.025
1473,2021,0.0261
1473,2022,0.0306
1473,2023,0.029999999
1473,2024,0.033199999
1473,2025,0.038800001
1480,2006,0.0023000001
1480,2007,0.003
1480,2008,0.0038000001
1480,2009,0.0041999999
1480,2010,0.0049999999
1480,2011,0.0059000002
1480,2012,0.0066
1480,2013,0.0071
1480,2014,0.0081000002
1480,2015,0.0088999998
1480,2016,0.0096000005
1480,2017,0.0099999998
1480,2018,0.0102
1480,2019,0.0112
1480,2020,0.0124
1480,2021,0.0138
1480,2022,0.015
1480,2023,0.0165
1480,2024,0.0184
1480,2025,0.0208
1481,2006,0.0026
1481,2007,0.0034
1481,2008,0.0041999999
1481,2009,0.0049000001
1481,2010,0.0060999999
1481,2011,0.0080000004
1481,2012,0.0087000001
1481,2013,0.0092000002
1481,2014,0.0098999999
1481,2015,0.0104
1481,2016,0.011
1481,2017,0.0115
1481,2018,0.0125
1481,2019,0.0138
1481,2020,0.0154
1481,2021,0.0163
1481,2022,0.018300001
1481,2023,0.0206
1481,2024,0.0222
1481,2025,0.0243
1482,2006,0.0054000001
1482,2007,0.0063
1482,2008,0.0073000002
1482,2009,0.0076000001
1482,2010,0.0089999996
1482,2011,0.0101
1482,2012,0.0115
1482,2013,0.0121
1482,2014,0.0127
1482,2015,0.014
1482,2016,0.0145
1482,2017,0.0145
1482,2018,0.0141
1482,2019,0.0138
1482,2020,0.0152
1482,2021,0.0166
1482,2022,0.017200001
1482,2023,0.0188
1482,2024,0.0218
1482,2025,0.024800001
1484,2006,0.0023000001
1484,2007,0.0026
1484,2008,0.0052
1484,2009,0.0054000001
1484,2010,0.0068999999
1484,2011,0.0092000002
1484,2012,0.0086000003
1484,2013,0.0091000004
1484,2014,0.012
1484,2015,0.0134
1484,2016,0.0127
1484,2017,0.0142
1484,2018,0.0144
1484,2019,0.016799999
1484,2020,0.016000001
1484,2021,0.016000001
1484,2022,0.0178
1484,2023,0.019099999
1484,2024,0.021
1484,2025,0.025
1485,2006,0.0017
1485,2007,0.0024000001
1485,2008,0.003
1485,2009,0.0044
1485,2010,0.0062000002
1485,2011,0.0068000001
1485,2012,0.0074999998
1485,2013,0.0078999996
1485,2014,0.0087000001
1485,2015,0.0089999996
1485,2016,0.0092000002
1485,2017,0.0103
1485,2018,0.0114
1485,2019,0.0112
1485,2020,0.0128
1485,2021,0.0141
1485,2022,0.015900001
1485,2023,0.0188
1485,2024,0.0218
1485,2025,0.0255
1486,2006,0.0017
1486,2007,0.0038000001
1486,2008,0.0044999998
1486,2009,0.0052999998
1486,2010,0.0060999999
1486,2011,0.0063
1486,2012,0.0074
1486,2013,0.0088
1486,2014,0.0097000003
1486,2015,0.0104
1486,2016,0.0114
1486,2017,0.011
1486,2018,0.0104
1486,2019,0.0107
1486,2020,0.0102
1486,2021,0.0109
1486,2022,0.0093
1486,2023,0.0129
1486,2024,0.0155
1486,2025,0.017000001
1487,2006,0.0015
1487,2007,0.0020999999
1487,2008,0.0027999999
1487,2009,0.0049000001
1487,2010,0.0055
1487,2011,0.0068000001
1487,2012,0.0066
1487,2013,0.0076000001
1487,2014,0.0083999997
1487,2015,0.0096000005
1487,2016,0.0109
1487,2017,0.0129
1487,2018,0.0133
1487,2019,0.014
1487,2020,0.017100001
1487,2021,0.0196
1487,2022,0.0217
1487,2023,0.024499999
1487,2024,0.027100001
1487,2025,0.031500001
1488,2006,0.0012000001
1488,2007,0.0017
1488,2008,0.0024999999
1488,2009,0.0038000001
1488,2010,0.0049000001
1488,2011,0.0060999999
1488,2012,0.0066999998
1488,2013,0.0076000001
1488,2014,0.0085000005
1488,2015,0.0104
1488,2016,0.0116
1488,2017,0.0121
1488,2018,0.013
1488,2019,0.0139
1488,2020,0.0152
1488,2021,0.0162
1488,2022,0.0163
1488,2023,0.0188
1488,2024,0.0221
1488,2025,0.025599999
1489,2006,0.0016
1489,2007,0.0027000001
1489,2008,0.0031000001
1489,2009,0.0038000001
1489,2010,0.0044999998
1489,2011,0.0057000001
1489,2012,0.0060999999
1489,2013,0.0071999999
1489,2014,0.0088
1489,2015,0.0102
1489,2016,0.0104
1489,2017,0.0105
1489,2018,0.0106
1489,2019,0.0122
1489,2020,0.0126
1489,2021,0.0132
1489,2022,0.0148
1489,2023,0.017200001
1489,2024,0.019400001
1489,2025,0.0232
1490,2006,0.0014
1490,2007,0.0016
1490,2008,0.0020999999
1490,2009,0.0026
1490,2010,0.0037
1490,2011,0.0052
1490,2012,0.0060999999
1490,2013,0.0063
1490,2014,0.0065000001
1490,2015,0.0068000001
1490,2016,0.0073000002
1490,2017,0.0077999998
1490,2018,0.0081000002
1490,2019,0.0088
1490,2020,0.0097000003
1490,2021,0.0108
1490,2022,0.012
1490,2023,0.0129
1490,2024,0.0155
1490,2025,0.017999999
1491,2006,0.0012000001
1491,2007,0.0014
1491,2008,0.0018
1491,2009,0.0027000001
1491,2010,0.003
1491,2011,0.0034
1491,2012,0.0041
1491,2013,0.0041
1491,2014,0.0044
1491,2015,0.0059000002
1491,2016,0.0060999999
1491,2017,0.0062000002
1491,2018,0.0063999998
1491,2019,0.0068999999
1491,2020,0.0078999996
1491,2021,0.0096000005
1491,2022,0.0109
1491,2023,0.0114
1491,2024,0.0147
1491,2025,0.018100001
1492,2006,0.0011
1492,2007,0.0016
1492,2008,0.0019
1492,2009,0.0033
1492,2010,0.0033
1492,2011,0.0048000002
1492,2012,0.0063999998
1492,2013,0.0099999998
1492,2014,0.0118
1492,2015,0.0106
1492,2016,0.0136
1492,2017,0.0153
1492,2018,0.017000001
1492,2019,0.019099999
1492,2020,0.0167
1492,2021,0.016899999
1492,2022,0.0173
1492,2023,0.0185
1492,2024,0.020199999
1492,2025,0.027100001
1493,2006,0.0027000001
1493,2007,0.0037
1493,2008,0.0046000001
1493,2009,0.0057999999
1493,2010,0.0078999996
1493,2011,0.0103
1493,2012,0.0116
1493,2013,0.013
1493,2014,0.0152
1493,2015,0.017000001
1493,2016,0.0173
1493,2017,0.017899999
1493,2018,0.0187
1493,2019,0.0195
1493,2020,0.0197
1493,2021,0.0218
1493,2022,0.025
1493,2023,0.0274
1493,2024,0.0319
1493,2025,0.034699999
1494,2006,0.0027000001
1494,2007,0.0033
1494,2008,0.0046999999
1494,2009,0.0060000001
1494,2010,0.0068999999
1494,2011,0.0077
1494,2012,0.0085000005
1494,2013,0.0091000004
1494,2014,0.0108
1494,2015,0.0128
1494,2016,0.014
1494,2017,0.014
1494,2018,0.0156
1494,2019,0.0156
1494,2020,0.016799999
1494,2021,0.019200001
1494,2022,0.021500001
1494,2023,0.024
1494,2024,0.025800001
1494,2025,0.028899999
1495,2006,0.0031999999
1495,2007,0.0035000001
1495,2008,0.0044
1495,2009,0.0046999999
1495,2010,0.0057999999
1495,2011,0.0074
1495,2012,0.0077
1495,2013,0.0082999999
1495,2014,0.0087000001
1495,2015,0.0101
1495,2016,0.0104
1495,2017,0.0119
1495,2018,0.014
1495,2019,0.0152
1495,2020,0.017999999
1495,2021,0.020199999
1495,2022,0.022
1495,2023,0.0241
1495,2024,0.0295
1495,2025,0.034400001
1496,2006,0.0024000001
1496,2007,0.0029
1496,2008,0.0031000001
1496,2009,0.0046000001
1496,2010,0.0051000002
1496,2011,0.0060000001
1496,2012,0.0063999998
1496,2013,0.0071
1496,2014,0.0078999996
1496,2015,0.0086000003
1496,2016,0.0088999998
1496,2017,0.0098000001
1496,2018,0.0108
1496,2019,0.0113
1496,2020,0.0126
1496,2021,0.0144
1496,2022,0.0167
1496,2023,0.0188
1496,2024,0.0208
1496,2025,0.024599999
1497,2006,0.0016
1497,2007,0.0031999999
1497,2008,0.0034
1497,2009,0.0043000001
1497,2010,0.0068999999
1497,2011,0.0098000001
1497,2012,0.0101
1497,2013,0.0101
1497,2014,0.0113
1497,2015,0.0133
1497,2016,0.0134
1497,2017,0.0136
1497,2018,0.0145
1497,2019,0.016899999
1497,2020,0.0173
1497,2021,0.0199
1497,2022,0.0211
1497,2023,0.023800001
1497,2024,0.024
1497,2025,0.0283
1498,2006,0.0022
1498,2007,0.0046000001
1498,2008,0.0057999999
1498,2009,0.0082
1498,2010,0.0117
1498,2011,0.0123
1498,2012,0.0143
1498,2013,0.015799999
1498,2014,0.017100001
1498,2015,0.0167
1498,2016,0.0165
1498,2017,0.0178
1498,2018,0.016000001
1498,2019,0.017000001
1498,2020,0.019300001
1498,2021,0.0174
1498,2022,0.021500001
1498,2023,0.027100001
1498,2024,0.032000002
1498,2025,0.0352
1499,2006,0.0027999999
1499,2007,0.0035000001
1499,2008,0.0038000001
1499,2009,0.0043000001
1499,2010,0.0051000002
1499,2011,0.0049999999
1499,2012,0.0060999999
1499,2013,0.0066
1499,2014,0.0068999999
1499,2015,0.0071999999
1499,2016,0.0068000001
1499,2017,0.0082
1499,2018,0.0099999998
1499,2019,0.0109
1499,2020,0.0113
1499,2021,0.0131
1499,2022,0.0156
1499,2023,0.018200001
1499,2024,0.020300001
1499,2025,0.0231
1715,2006,0.0015
1715,2007,0.0031999999
1715,2008,0.0041
1715,2009,0.0055
1715,2010,0.0070000002
1715,2011,0.0065000001
1715,2012,0.0080000004
1715,2013,0.0088
1715,2014,0.0091000004
1715,2015,0.0103
1715,2016,0.0141
1715,2017,0.0164
1715,2018,0.0152
1715,2019,0.0184
1715,2020,0.0218
1715,2021,0.023800001
1715,2022,0.025599999
1715,2023,0.028200001
1715,2024,0.033399999
1715,2025,0.037500001
1730,2006,0.0018
1730,2007,0.0027000001
1730,2008,0.0043000001
1730,2009,0.0049999999
1730,2010,0.0062000002
1730,2011,0.0074
1730,2012,0.0055
1730,2013,0.0051000002
1730,2014,0.0071999999
1730,2015,0.0089999996
1730,2016,0.0104
1730,2017,0.0099999998
1730,2018,0.0105
1730,2019,0.0125
1730,2020,0.0144
1730,2021,0.0156
1730,2022,0.0166
1730,2023,0.0156
1730,2024,0.0217
1730,2025,0.0266
1737,2006,0.0015
1737,2007,0.0018
1737,2008,0.0041999999
1737,2009,0.0051000002
1737,2010,0.0070000002
1737,2011,0.0074999998
1737,2012,0.0083999997
1737,2013,0.0102
1737,2014,0.0087000001
1737,2015,0.0088
1737,2016,0.0099999998
1737,2017,0.0109
1737,2018,0.0126
1737,2019,0.014
1737,2020,0.0136
1737,2021,0.0154
1737,2022,0.0163
1737,2023,0.017899999
1737,2024,0.0222
1737,2025,0.023700001
1760,2006,0.0035000001
1760,2007,0.0038999999
1760,2008,0.0062000002
1760,2009,0.0080000004
1760,2010,0.0099999998
1760,2011,0.0128
1760,2012,0.0106
1760,2013,0.0103
1760,2014,0.0093
1760,2015,0.0062000002
1760,2016,0.0136
1760,2017,0.0167
1760,2018,0.0175
1760,2019,0.0209
1760,2020,0.024800001
1760,2021,0.027100001
1760,2022,0.0272
1760,2023,0.0305
1760,2024,0.037999999
1760,2025,0.044599999
1761,2006,0.0020999999
1761,2007,0.0023000001
1761,2008,0.0031000001
1761,2009,0.0046000001
1761,2010,0.0055
1761,2011,0.0048000002
1761,2012,0.0052
1761,2013,0.0051000002
1761,2014,0.0060999999
1761,2015,0.0068999999
1761,2016,0.0083999997
1761,2017,0.0098000001
1761,2018,0.0104
1761,2019,0.0116
1761,2020,0.0119
1761,2021,0.0124
1761,2022,0.0149
1761,2023,0.0166
1761,2024,0.022700001
1761,2025,0.027000001
1762,2006,0.0046000001
1762,2007,0.0052
1762,2008,0.0083999997
1762,2009,0.0085000005
1762,2010,0.0116
1762,2011,0.0134
1762,2012,0.0163
1762,2013,0.0141
1762,2014,0.0114
1762,2015,0.0146
1762,2016,0.0147
1762,2017,0.0152
1762,2018,0.0151
1762,2019,0.017000001
1762,2020,0.020199999
1762,2021,0.022600001
1762,2022,0.0229
1762,2023,0.024800001
1762,2024,0.0218
1762,2025,0.0274
1763,2006,0.0020999999
1763,2007,0.0035000001
1763,2008,0.0038000001
1763,2009,0.0057999999
1763,2010,0.0068999999
1763,2011,0.0071
1763,2012,0.0088
1763,2013,0.0107
1763,2014,0.0102
1763,2015,0.0121
1763,2016,0.0154
1763,2017,0.0156
1763,2018,0.017200001
1763,2019,0.0164
1763,2020,0.0187
1763,2021,0.0195
1763,2022,0.024
1763,2023,0.025
1763,2024,0.027000001
1763,2025,0.030400001
1764,2006,0.0038000001
1764,2007,0.0057999999
1764,2008,0.0057999999
1764,2009,0.0063
1764,2010,0.0081000002
1764,2011,0.0092000002
1764,2012,0.0127
1764,2013,0.0137
1764,2014,0.0133
1764,2015,0.0145
1764,2016,0.0164
1764,2017,0.0187
1764,2018,0.019099999
1764,2019,0.0188
1764,2020,0.0209
1764,2021,0.0231
1764,2022,0.027000001
1764,2023,0.031599998
1764,2024,0.035799999
1764,2025,0.039000001
1765,2006,0.0027999999
1765,2007,0.0040000002
1765,2008,0.0055999998
1765,2009,0.0068000001
1765,2010,0.0074
1765,2011,0.0068000001
1765,2012,0.0074
1765,2013,0.0083999997
1765,2014,0.0077999998
1765,2015,0.0094999997
1765,2016,0.0106
1765,2017,0.0112
1765,2018,0.0109
1765,2019,0.012
1765,2020,0.0132
1765,2021,0.0151
1765,2022,0.0141
1765,2023,0.0145
1765,2024,0.019400001
1765,2025,0.0206
1766,2006,0.0018
1766,2007,0.0031000001
1766,2008,0.0052
1766,2009,0.0063
1766,2010,0.0074999998
1766,2011,0.0077
1766,2012,0.0082
1766,2013,0.0096000005
1766,2014,0.0089999996
1766,2015,0.0094999997
1766,2016,0.0102
1766,2017,0.0119
1766,2018,0.0141
1766,2019,0.0156
1766,2020,0.0152
1766,2021,0.0177
1766,2022,0.018999999
1766,2023,0.021500001
1766,2024,0.0263
1766,2025,0.029999999
1780,2006,0.0035999999
1780,2007,0.0046999999
1780,2008,0.0066999998
1780,2009,0.0088999998
1780,2010,0.0108
1780,2011,0.0115
1780,2012,0.012
1780,2013,0.0123
1780,2014,0.0126
1780,2015,0.0136
1780,2016,0.0151
1780,2017,0.0156
1780,2018,0.0155
1780,2019,0.016000001
1780,2020,0.0167
1780,2021,0.017100001
1780,2022,0.0185
1780,2023,0.0207
1780,2024,0.024499999
1780,2025,0.0284
1781,2006,0.0029
1781,2007,0.0034
1781,2008,0.0031999999
1781,2009,0.0048000002
1781,2010,0.0055
1781,2011,0.0063
1781,2012,0.0077
1781,2013,0.0070000002
1781,2014,0.0083999997
1781,2015,0.0101
1781,2016,0.0124
1781,2017,0.0134
1781,2018,0.015699999
1781,2019,0.018100001
1781,2020,0.0188
1781,2021,0.0207
1781,2022,0.0233
1781,2023,0.025
1781,2024,0.0296
1781,2025,0.033399999
1782,2006,0.0038000001
1782,2007,0.0046000001
1782,2008,0.0054000001
1782,2009,0.0066
1782,2010,0.0081000002
1782,2011,0.0105
1782,2012,0.0126
1782,2013,0.0106
1782,2014,0.0099999998
1782,2015,0.0127
1782,2016,0.0135
1782,2017,0.0143
1782,2018,0.015699999
1782,2019,0.02
1782,2020,0.018999999
1782,2021,0.018300001
1782,2022,0.021600001
1782,2023,0.0239
1782,2024,0.026900001
1782,2025,0.030300001
1783,2006,0.0035000001
1783,2007,0.0057999999
1783,2008,0.0085000005
1783,2009,0.0099999998
1783,2010,0.0117
1783,2011,0.0127
1783,2012,0.0136
1783,2013,0.0154
1783,2014,0.015799999
1783,2015,0.017999999
1783,2016,0.018300001
1783,2017,0.018300001
1783,2018,0.0177
1783,2019,0.019300001
1783,2020,0.0206
1783,2021,0.0208
1783,2022,0.020500001
1783,2023,0.023399999
1783,2024,0.0241
1783,2025,0.0231
1784,2006,0.0015
1784,2007,0.0024000001
1784,2008,0.0031999999
1784,2009,0.0031000001
1784,2010,0.0052
1784,2011,0.0066999998
1784,2012,0.0074
1784,2013,0.0082
1784,2014,0.0093999999
1784,2015,0.0107
1784,2016,0.0115
1784,2017,0.0123
1784,2018,0.0131
1784,2019,0.0134
1784,2020,0.0151
1784,2021,0.0162
1784,2022,0.0175
1784,2023,0.0198
1784,2024,0.023
1784,2025,0.0266
1785,2006,0.0026
1785,2007,0.0037
1785,2008,0.0040000002
1785,2009,0.0049999999
1785,2010,0.0055
1785,2011,0.0066999998
1785,2012,0.0074999998
1785,2013,0.0065000001
1785,2014,0.0065000001
1785,2015,0.0093
1785,2016,0.0096000005
1785,2017,0.0098000001
1785,2018,0.0104
1785,2019,0.0127
1785,2020,0.0154
1785,2021,0.0166
1785,2022,0.017899999
1785,2023,0.019099999
1785,2024,0.023499999
1785,2025,0.0266
1814,2006,0.00050000002
1814,2007,0.0016
1814,2008,0.0024999999
1814,2009,0.0035000001
1814,2010,0.0043000001
1814,2011,0.0051000002
1814,2012,0.0060999999
1814,2013,0.0087000001
1814,2014,0.0088999998
1814,2015,0.0074999998
1814,2016,0.0082999999
1814,2017,0.0093
1814,2018,0.0094999997
1814,2019,0.0083999997
1814,2020,0.0104
1814,2021,0.0148
1814,2022,0.016100001
1814,2023,0.018300001
1814,2024,0.0196
1814,2025,0.0187
1860,2006,0.00069999998
1860,2007,0.0017
1860,2008,0.0023000001
1860,2009,0.0031000001
1860,2010,0.0062000002
1860,2011,0.0068999999
1860,2012,0.0060000001
1860,2013,0.0087000001
1860,2014,0.0096000005
1860,2015,0.0106
1860,2016,0.0105
1860,2017,0.0088999998
1860,2018,0.0088999998
1860,2019,0.0105
1860,2020,0.0123
1860,2021,0.0153
1860,2022,0.0174
1860,2023,0.019300001
1860,2024,0.021400001
1860,2025,0.020400001
1861,2006,0.0014
1861,2007,0.0026
1861,2008,0.0031000001
1861,2009,0.0048000002
1861,2010,0.0057000001
1861,2011,0.0071999999
1861,2012,0.0082999999
1861,2013,0.0093999999
1861,2014,0.0091000004
1861,2015,0.0103
1861,2016,0.0098000001
1861,2017,0.0093
1861,2018,0.0088
1861,2019,0.0089999996
1861,2020,0.0101
1861,2021,0.0128
1861,2022,0.015
1861,2023,0.0165
1861,2024,0.0196
1861,2025,0.021400001
1862,2006,0.0052999998
1862,2007,0.0068000001
1862,2008,0.0074
1862,2009,0.0087000001
1862,2010,0.0116
1862,2011,0.0146
1862,2012,0.0134
1862,2013,0.015699999
1862,2014,0.0197
1862,2015,0.0211
1862,2016,0.0233
1862,2017,0.0254
1862,2018,0.0229
1862,2019,0.022
1862,2020,0.024499999
1862,2021,0.024599999
1862,2022,0.0242
1862,2023,0.026000001
1862,2024,0.0287
1862,2025,0.029200001
1863,2006,0.00079999998
1863,2007,0.0016
1863,2008,0.003
1863,2009,0.0035000001
1863,2010,0.0046999999
1863,2011,0.0074999998
1863,2012,0.0076000001
1863,2013,0.0096000005
1863,2014,0.0085000005
1863,2015,0.0086000003
1863,2016,0.0085000005
1863,2017,0.0089999996
1863,2018,0.0081000002
1863,2019,0.0088999998
1863,2020,0.0132
1863,2021,0.0167
1863,2022,0.021400001
1863,2023,0.022700001
1863,2024,0.024
1863,2025,0.023
1864,2006,0.0015
1864,2007,0.0023000001
1864,2008,0.0057999999
1864,2009,0.0057999999
1864,2010,0.0091000004
1864,2011,0.0099999998
1864,2012,0.0124
1864,2013,0.013
1864,2014,0.0132
1864,2015,0.0127
1864,2016,0.0167
1864,2017,0.016000001
1864,2018,0.0152
1864,2019,0.0166
1864,2020,0.017000001
1864,2021,0.02
1864,2022,0.0178
1864,2023,0.020400001
1864,2024,0.0188
1864,2025,0.0217
1880,2006,0.0011
1880,2007,0.0017
1880,2008,0.0020999999
1880,2009,0.0026
1880,2010,0.0034
1880,2011,0.0044
1880,2012,0.0049999999
1880,2013,0.0051000002
1880,2014,0.0059000002
1880,2015,0.0060000001
1880,2016,0.0068000001
1880,2017,0.0070000002
1880,2018,0.0077
1880,2019,0.0087000001
1880,2020,0.0107
1880,2021,0.0128
1880,2022,0.0147
1880,2023,0.017100001
1880,2024,0.0189
1880,2025,0.0207
1881,2006,0.0020999999
1881,2007,0.003
1881,2008,0.0037
1881,2009,0.0048000002
1881,2010,0.0063999998
1881,2011,0.0083999997
1881,2012,0.0092000002
1881,2013,0.0101
1881,2014,0.011
1881,2015,0.0116
1881,2016,0.0122
1881,2017,0.0142
1881,2018,0.0147
1881,2019,0.0155
1881,2020,0.016799999
1881,2021,0.020500001
1881,2022,0.020300001
1881,2023,0.022
1881,2024,0.024499999
1881,2025,0.0255
1882,2006,0.0023000001
1882,2007,0.003
1882,2008,0.0033
1882,2009,0.0041999999
1882,2010,0.0057999999
1882,2011,0.0080000004
1882,2012,0.0078999996
1882,2013,0.0093
1882,2014,0.0105
1882,2015,0.0106
1882,2016,0.011
1882,2017,0.0104
1882,2018,0.0133
1882,2019,0.0128
1882,2020,0.015
1882,2021,0.0154
1882,2022,0.016799999
1882,2023,0.0163
1882,2024,0.0186
1882,2025,0.0206
1883,2006,0.0024999999
1883,2007,0.0033
1883,2008,0.0046000001
1883,2009,0.0059000002
1883,2010,0.0086000003
1883,2011,0.0105
1883,2012,0.0119
1883,2013,0.0123
1883,2014,0.0132
1883,2015,0.0138
1883,2016,0.0136
1883,2017,0.0132
1883,2018,0.0132
1883,2019,0.0142
1883,2020,0.0153
1883,2021,0.0176
1883,2022,0.0189
1883,2023,0.021500001
1883,2024,0.0232
1883,2025,0.0266
1884,2006,0.0024999999
1884,2007,0.0031000001
1884,2008,0.0035000001
1884,2009,0.0059000002
1884,2010,0.0081000002
1884,2011,0.0074
1884,2012,0.0088
1884,2013,0.0098000001
1884,2014,0.0103
1884,2015,0.0092000002
1884,2016,0.0093999999
1884,2017,0.0098999999
1884,2018,0.0094999997
1884,2019,0.0122
1884,2020,0.016000001
1884,2021,0.0189
1884,2022,0.020099999
1884,2023,0.024
1884,2024,0.026900001
1884,2025,0.0251
1885,2006,0.0018
1885,2007,0.0023000001
1885,2008,0.0029
1885,2009,0.0041
1885,2010,0.0055
1885,2011,0.0074
1885,2012,0.0087000001
1885,2013,0.0092000002
1885,2014,0.0093
1885,2015,0.0102
1885,2016,0.0103
1885,2017,0.0112
1885,2018,0.0114
1885,2019,0.0117
1885,2020,0.014
1885,2021,0.0173
1885,2022,0.0184
1885,2023,0.020500001
1885,2024,0.021600001
1885,2025,0.023499999
1904,2006,0.0024999999
1904,2007,0.0055
1904,2008,0.0071999999
1904,2009,0.0077
1904,2010,0.0057000001
1904,2011,0.0082999999
1904,2012,0.0088
1904,2013,0.0078999996
1904,2014,0.0096000005
1904,2015,0.0091000004
1904,2016,0.011
1904,2017,0.0093
1904,2018,0.0128
1904,2019,0.0124
1904,2020,0.0125
1904,2021,0.0143
1904,2022,0.0138
1904,2023,0.015699999
1904,2024,0.0188
1904,2025,0.0222
1907,2006,0.0023000001
1907,2007,0.0033
1907,2008,0.0055
1907,2009,0.0068999999
1907,2010,0.0082999999
1907,2011,0.0094999997
1907,2012,0.0119
1907,2013,0.0125
1907,2014,0.011
1907,2015,0.0103
1907,2016,0.0116
1907,2017,0.0132
1907,2018,0.0135
1907,2019,0.0133
1907,2020,0.0167
1907,2021,0.021500001
1907,2022,0.026900001
1907,2023,0.032099999
1907,2024,0.035300002
1907,2025,0.040100001
1960,2006,0.0027000001
1960,2007,0.0031000001
1960,2008,0.0041
1960,2009,0.0051000002
1960,2010,0.0088
1960,2011,0.0106
1960,2012,0.0129
1960,2013,0.0093999999
1960,2014,0.011
1960,2015,0.0113
1960,2016,0.0132
1960,2017,0.0127
1960,2018,0.0113
1960,2019,0.0126
1960,2020,0.0148
1960,2021,0.0145
1960,2022,0.016100001
1960,2023,0.0206
1960,2024,0.0197
1960,2025,0.024800001
1961,2006,0.0031000001
1961,2007,0.0035000001
1961,2008,0.0049000001
1961,2009,0.0070000002
1961,2010,0.0063999998
1961,2011,0.0081000002
1961,2012,0.0081000002
1961,2013,0.0082999999
1961,2014,0.0099999998
1961,2015,0.0094999997
1961,2016,0.0117
1961,2017,0.0113
1961,2018,0.0118
1961,2019,0.0144
1961,2020,0.0151
1961,2021,0.0185
1961,2022,0.0232
1961,2023,0.0266
1961,2024,0.028999999
1961,2025,0.033
1962,2006,0.0017
1962,2007,0.0034
1962,2008,0.0034
1962,2009,0.0044999998
1962,2010,0.0068999999
1962,2011,0.0097000003
1962,2012,0.0098000001
1962,2013,0.0108
1962,2014,0.0126
1962,2015,0.014
1962,2016,0.0174
1962,2017,0.020400001
1962,2018,0.021500001
1962,2019,0.024700001
1962,2020,0.022500001
1962,2021,0.023600001
1962,2022,0.025699999
1962,2023,0.0285
1962,2024,0.034200002
1962,2025,0.0381
1980,2006,0.0031000001
1980,2007,0.0038999999
1980,2008,0.0046000001
1980,2009,0.0057999999
1980,2010,0.0066
1980,2011,0.0074999998
1980,2012,0.0078999996
1980,2013,0.0085000005
1980,2014,0.0086000003
1980,2015,0.0088999998
1980,2016,0.0103
1980,2017,0.0109
1980,2018,0.0118
1980,2019,0.0129
1980,2020,0.0147
1980,2021,0.016799999
1980,2022,0.018999999
1980,2023,0.022299999
1980,2024,0.0253
1980,2025,0.0277
1981,2006,0.0059000002
1981,2007,0.0080000004
1981,2008,0.0089999996
1981,2009,0.0109
1981,2010,0.0114
1981,2011,0.0117
1981,2012,0.0128
1981,2013,0.0147
1981,2014,0.017000001
1981,2015,0.0164
1981,2016,0.018999999
1981,2017,0.0186
1981,2018,0.017999999
1981,2019,0.021400001
1981,2020,0.022299999
1981,2021,0.024599999
1981,2022,0.027100001
1981,2023,0.031599998
1981,2024,0.034600001
1981,2025,0.037799999
1982,2006,0.0038000001
1982,2007,0.0044
1982,2008,0.0044
1982,2009,0.0065000001
1982,2010,0.0071999999
1982,2011,0.0081000002
1982,2012,0.0068999999
1982,2013,0.0088
1982,2014,0.0106
1982,2015,0.0115
1982,2016,0.015799999
1982,2017,0.0164
1982,2018,0.0174
1982,2019,0.020500001
1982,2020,0.0184
1982,2021,0.020099999
1982,2022,0.0219
1982,2023,0.023600001
1982,2024,0.0306
1982,2025,0.030999999
1983,2006,0.003
1983,2007,0.0037
1983,2008,0.0037
1983,2009,0.0041
1983,2010,0.0055
1983,2011,0.0066
1983,2012,0.0077
1983,2013,0.0074
1983,2014,0.0078999996
1983,2015,0.0078999996
1983,2016,0.0106
1983,2017,0.0102
1983,2018,0.0093999999
1983,2019,0.0103
1983,2020,0.0125
1983,2021,0.0143
1983,2022,0.015799999
1983,2023,0.0175
1983,2024,0.018999999
1983,2025,0.022500001
1984,2006,0.0018
1984,2007,0.0026
1984,2008,0.0023000001
1984,2009,0.0041999999
1984,2010,0.0052999998
1984,2011,0.0077999998
1984,2012,0.0071999999
1984,2013,0.0060999999
1984,2014,0.0063
1984,2015,0.0066999998
1984,2016,0.0070000002
1984,2017,0.0081000002
1984,2018,0.0081000002
1984,2019,0.0096000005
1984,2020,0.0099999998
1984,2021,0.0116
1984,2022,0.0136
1984,2023,0.0141
1984,2024,0.0145
1984,2025,0.0174
2021,2006,0.0017
2021,2007,0.0029
2021,2008,0.0026
2021,2009,0.0038000001
2021,2010,0.0052
2021,2011,0.0060999999
2021,2012,0.0078999996
2021,2013,0.0105
2021,2014,0.0105
2021,2015,0.0113
2021,2016,0.0135
2021,2017,0.0122
2021,2018,0.0123
2021,2019,0.0123
2021,2020,0.016899999
2021,2021,0.018999999
2021,2022,0.021299999
2021,2023,0.0217
2021,2024,0.028000001
2021,2025,0.033500001
2023,2006,0.0015
2023,2007,0.0027999999
2023,2008,0.0041999999
2023,2009,0.0057000001
2023,2010,0.0066
2023,2011,0.0071
2023,2012,0.0063
2023,2013,0.0063999998
2023,2014,0.0065000001
2023,2015,0.0076000001
2023,2016,0.0083999997
2023,2017,0.0089999996
2023,2018,0.0107
2023,2019,0.0105
2023,2020,0.0115
2023,2021,0.0126
2023,2022,0.0136
2023,2023,0.0175
2023,2024,0.0187
2023,2025,0.0218
2026,2006,0.0026
2026,2007,0.0035000001
2026,2008,0.0046999999
2026,2009,0.0052999998
2026,2010,0.0066
2026,2011,0.0077999998
2026,2012,0.0086000003
2026,2013,0.0097000003
2026,2014,0.0088
2026,2015,0.0101
2026,2016,0.0127
2026,2017,0.0145
2026,2018,0.0156
2026,2019,0.015799999
2026,2020,0.0166
2026,2021,0.0178
2026,2022,0.0195
2026,2023,0.024599999
2026,2024,0.028999999
2026,2025,0.032499999
2029,2006,0.003
2029,2007,0.0046999999
2029,2008,0.0070000002
2029,2009,0.0077999998
2029,2010,0.0066999998
2029,2011,0.0077999998
2029,2012,0.0077
2029,2013,0.0078999996
2029,2014,0.0093999999
2029,2015,0.0099999998
2029,2016,0.0112
2029,2017,0.0116
2029,2018,0.0111
2029,2019,0.0118
2029,2020,0.0134
2029,2021,0.016000001
2029,2022,0.018200001
2029,2023,0.023800001
2029,2024,0.0266
2029,2025,0.028899999
2031,2006,0.0017
2031,2007,0.0018
2031,2008,0.0015
2031,2009,0.0020999999
2031,2010,0.0041
2031,2011,0.0046000001
2031,2012,0.0055999998
2031,2013,0.0065000001
2031,2014,0.0068999999
2031,2015,0.0077999998
2031,2016,0.0092000002
2031,2017,0.0103
2031,2018,0.0117
2031,2019,0.0131
2031,2020,0.0153
2031,2021,0.0177
2031,2022,0.0209
2031,2023,0.0219
2031,2024,0.023800001
2031,2025,0.0286
2034,2006,0.0029
2034,2007,0.0043000001
2034,2008,0.0049000001
2034,2009,0.0060000001
2034,2010,0.0097000003
2034,2011,0.0094999997
2034,2012,0.0116
2034,2013,0.0127
2034,2014,0.015799999
2034,2015,0.0156
2034,2016,0.015900001
2034,2017,0.0141
2034,2018,0.015900001
2034,2019,0.0206
2034,2020,0.023800001
2034,2021,0.0232
2034,2022,0.0272
2034,2023,0.031500001
2034,2024,0.030999999
2034,2025,0.038600001
2039,2006,0.00050000002
2039,2007,0.0011
2039,2008,0.0027000001
2039,2009,0.0038000001
2039,2010,0.0043000001
2039,2011,0.0041
2039,2012,0.0057999999
2039,2013,0.0066
2039,2014,0.0080000004
2039,2015,0.0068999999
2039,2016,0.0068999999
2039,2017,0.0080000004
2039,2018,0.0093
2039,2019,0.0113
2039,2020,0.0122
2039,2021,0.0155
2039,2022,0.020300001
2039,2023,0.022600001
2039,2024,0.0251
2039,2025,0.026799999
2061,2006,0.0026
2061,2007,0.0035000001
2061,2008,0.0041999999
2061,2009,0.0055
2061,2010,0.0052999998
2061,2011,0.0060999999
2061,2012,0.0063
2061,2013,0.0081000002
2061,2014,0.0094999997
2061,2015,0.0105
2061,2016,0.0093999999
2061,2017,0.0102
2061,2018,0.0106
2061,2019,0.0122
2061,2020,0.0133
2061,2021,0.0151
2061,2022,0.0176
2061,2023,0.0198
2061,2024,0.023800001
2061,2025,0.029899999
2062,2006,0.0029
2062,2007,0.0041999999
2062,2008,0.0046999999
2062,2009,0.0054000001
2062,2010,0.0074
2062,2011,0.0091000004
2062,2012,0.0104
2062,2013,0.0116
2062,2014,0.012
2062,2015,0.0121
2062,2016,0.0125
2062,2017,0.0134
2062,2018,0.0151
2062,2019,0.0152
2062,2020,0.016899999
2062,2021,0.018300001
2062,2022,0.022
2062,2023,0.022700001
2062,2024,0.024499999
2062,2025,0.0273
2080,2006,0.0022
2080,2007,0.0026
2080,2008,0.0035000001
2080,2009,0.0043000001
2080,2010,0.0060999999
2080,2011,0.0077999998
2080,2012,0.0087000001
2080,2013,0.0101
2080,2014,0.0118
2080,2015,0.0128
2080,2016,0.0146
2080,2017,0.015799999
2080,2018,0.0173
2080,2019,0.0184
2080,2020,0.0198
2080,2021,0.021299999
2080,2022,0.0231
2080,2023,0.027100001
2080,2024,0.029300001
2080,2025,0.033500001
2081,2006,0.0016
2081,2007,0.0027000001
2081,2008,0.0038000001
2081,2009,0.0046999999
2081,2010,0.0065000001
2081,2011,0.0086000003
2081,2012,0.0108
2081,2013,0.0111
2081,2014,0.0122
2081,2015,0.0125
2081,2016,0.0134
2081,2017,0.0139
2081,2018,0.0134
2081,2019,0.0153
2081,2020,0.017100001
2081,2021,0.020099999
2081,2022,0.022600001
2081,2023,0.026900001
2081,2024,0.031399999
2081,2025,0.0341
2082,2006,0.0020999999
2082,2007,0.0027000001
2082,2008,0.0031000001
2082,2009,0.0031999999
2082,2010,0.0049000001
2082,2011,0.0060000001
2082,2012,0.0082999999
2082,2013,0.0103
2082,2014,0.0114
2082,2015,0.0105
2082,2016,0.0122
2082,2017,0.012
2082,2018,0.0126
2082,2019,0.0121
2082,2020,0.0154
2082,2021,0.0174
2082,2022,0.020199999
2082,2023,0.0241
2082,2024,0.0298
2082,2025,0.035700001
2083,2006,0.0018
2083,2007,0.0029
2083,2008,0.0040000002
2083,2009,0.0044
2083,2010,0.0057999999
2083,2011,0.0055999998
2083,2012,0.0080000004
2083,2013,0.0094999997
2083,2014,0.0102
2083,2015,0.0091000004
2083,2016,0.0099999998
2083,2017,0.0113
2083,2018,0.0127
2083,2019,0.013
2083,2020,0.0144
2083,2021,0.0187
2083,2022,0.022600001
2083,2023,0.028899999
2083,2024,0.033500001
2083,2025,0.0381
2084,2006,0.0023000001
2084,2007,0.0024999999
2084,2008,0.0027999999
2084,2009,0.0034
2084,2010,0.0052999998
2084,2011,0.0054000001
2084,2012,0.0080000004
2084,2013,0.0097000003
2084,2014,0.011
2084,2015,0.0125
2084,2016,0.0112
2084,2017,0.0113
2084,2018,0.0124
2084,2019,0.0139
2084,2020,0.0164
2084,2021,0.019400001
2084,2022,0.0232
2084,2023,0.026799999
2084,2024,0.0296
2084,2025,0.033199999
2085,2006,0.0024999999
2085,2007,0.0033
2085,2008,0.0049999999
2085,2009,0.0055999998
2085,2010,0.0068999999
2085,2011,0.0085000005
2085,2012,0.0082
2085,2013,0.0099999998
2085,2014,0.0107
2085,2015,0.012
2085,2016,0.0124
2085,2017,0.0119
2085,2018,0.0124
2085,2019,0.0126
2085,2020,0.0131
2085,2021,0.0136
2085,2022,0.0162
2085,2023,0.0206
2085,2024,0.022399999
2085,2025,0.0255
2101,2006,0.001
2101,2007,0.0020000001
2101,2008,0.0038999999
2101,2009,0.0035999999
2101,2010,0.0049999999
2101,2011,0.0071
2101,2012,0.0074999998
2101,2013,0.0098000001
2101,2014,0.0137
2101,2015,0.0153
2101,2016,0.0166
2101,2017,0.0198
2101,2018,0.0228
2101,2019,0.024900001
2101,2020,0.0254
2101,2021,0.0286
2101,2022,0.0284
2101,2023,0.030400001
2101,2024,0.028100001
2101,2025,0.030099999
2104,2006,0.0033
2104,2007,0.0049000001
2104,2008,0.0062000002
2104,2009,0.0052
2104,2010,0.0066
2104,2011,0.0089999996
2104,2012,0.0105
2104,2013,0.0134
2104,2014,0.0167
2104,2015,0.0173
2104,2016,0.018200001
2104,2017,0.016799999
2104,2018,0.019200001
2104,2019,0.0221
2104,2020,0.022500001
2104,2021,0.021199999
2104,2022,0.0252
2104,2023,0.027899999
2104,2024,0.0305
2104,2025,0.032299999
2121,2006,0.0013
2121,2007,0.0017
2121,2008,0.0017
2121,2009,0.0020000001
2121,2010,0.0020999999
2121,2011,0.0029
2121,2012,0.0033
2121,2013,0.0043000001
2121,2014,0.0060000001
2121,2015,0.0070000002
2121,2016,0.0087000001
2121,2017,0.0099999998
2121,2018,0.0088
2121,2019,0.0101
2121,2020,0.0118
2121,2021,0.0148
2121,2022,0.0145
2121,2023,0.015
2121,2024,0.0189
2121,2025,0.020199999
2132,2006,0.0027999999
2132,2007,0.0027999999
2132,2008,0.0034
2132,2009,0.0034
2132,2010,0.0044999998
2132,2011,0.0063
2132,2012,0.0092000002
2132,2013,0.0115
2132,2014,0.0128
2132,2015,0.0128
2132,2016,0.0144
2132,2017,0.0149
2132,2018,0.016100001
2132,2019,0.019300001
2132,2020,0.019300001
2132,2021,0.022399999
2132,2022,0.022299999
2132,2023,0.0241
2132,2024,0.0252
2132,2025,0.0261
2161,2006,0.0019
2161,2007,0.0020000001
2161,2008,0.0026
2161,2009,0.0041999999
2161,2010,0.0055999998
2161,2011,0.0066999998
2161,2012,0.0080000004
2161,2013,0.0096000005
2161,2014,0.0108
2161,2015,0.0127
2161,2016,0.0127
2161,2017,0.013
2161,2018,0.014
2161,2019,0.0153
2161,2020,0.015799999
2161,2021,0.016899999
2161,2022,0.0189
2161,2023,0.0199
2161,2024,0.0218
2161,2025,0.0253
2180,2006,0.0011
2180,2007,0.0027000001
2180,2008,0.0041
2180,2009,0.0057000001
2180,2010,0.0068000001
2180,2011,0.0092000002
2180,2012,0.0123
2180,2013,0.015900001
2180,2014,0.0177
2180,2015,0.0185
2180,2016,0.0187
2180,2017,0.018999999
2180,2018,0.019400001
2180,2019,0.0209
2180,2020,0.0208
2180,2021,0.0219
2180,2022,0.0231
2180,2023,0.0244
2180,2024,0.027100001
2180,2025,0.028899999
2181,2006,0.0033
2181,2007,0.0055
2181,2008,0.0074
2181,2009,0.0086000003
2181,2010,0.0104
2181,2011,0.0132
2181,2012,0.016100001
2181,2013,0.0176
2181,2014,0.018999999
2181,2015,0.0207
2181,2016,0.0187
2181,2017,0.0189
2181,2018,0.0188
2181,2019,0.020400001
2181,2020,0.02
2181,2021,0.020400001
2181,2022,0.022
2181,2023,0.0244
2181,2024,0.0266
2181,2025,0.0288
2182,2006,0.0014
2182,2007,0.0018
2182,2008,0.0022
2182,2009,0.0031000001
2182,2010,0.0057000001
2182,2011,0.0082
2182,2012,0.0098999999
2182,2013,0.0116
2182,2014,0.013
2182,2015,0.0138
2182,2016,0.0129
2182,2017,0.0149
2182,2018,0.0129
2182,2019,0.0132
2182,2020,0.0142
2182,2021,0.0162
2182,2022,0.017999999
2182,2023,0.0186
2182,2024,0.0222
2182,2025,0.0272
2183,2006,0.0024999999
2183,2007,0.0024999999
2183,2008,0.0031000001
2183,2009,0.0038000001
2183,2010,0.0041
2183,2011,0.0060999999
2183,2012,0.0071
2183,2013,0.0081000002
2183,2014,0.0092000002
2183,2015,0.0099999998
2183,2016,0.0103
2183,2017,0.0121
2183,2018,0.0123
2183,2019,0.0132
2183,2020,0.0145
2183,2021,0.0152
2183,2022,0.016799999
2183,2023,0.0185
2183,2024,0.0206
2183,2025,0.023800001
2184,2006,0.0034
2184,2007,0.0049000001
2184,2008,0.0063
2184,2009,0.0068000001
2184,2010,0.0071
2184,2011,0.0083999997
2184,2012,0.0098000001
2184,2013,0.0115
2184,2014,0.0142
2184,2015,0.0145
2184,2016,0.015
2184,2017,0.0152
2184,2018,0.0166
2184,2019,0.017100001
2184,2020,0.019200001
2184,2021,0.022299999
2184,2022,0.0241
2184,2023,0.0255
2184,2024,0.0261
2184,2025,0.0296
2260,2006,0.0013
2260,2007,0.0011
2260,2008,0.0015
2260,2009,0.0024999999
2260,2010,0.0035000001
2260,2011,0.0066
2260,2012,0.0068999999
2260,2013,0.0068999999
2260,2014,0.0078999996
2260,2015,0.0086000003
2260,2016,0.0098999999
2260,2017,0.0126
2260,2018,0.0112
2260,2019,0.0111
2260,2020,0.0123
2260,2021,0.0119
2260,2022,0.0124
2260,2023,0.0139
2260,2024,0.015
2260,2025,0.0153
2262,2006,0.0034
2262,2007,0.0033
2262,2008,0.0044
2262,2009,0.0060999999
2262,2010,0.0070000002
2262,2011,0.0089999996
2262,2012,0.0098999999
2262,2013,0.011
2262,2014,0.0115
2262,2015,0.0113
2262,2016,0.0128
2262,2017,0.0138
2262,2018,0.0145
2262,2019,0.0143
2262,2020,0.0173
2262,2021,0.018100001
2262,2022,0.016799999
2262,2023,0.019099999
2262,2024,0.0211
2262,2025,0.0241
2280,2006,0.0023000001
2280,2007,0.0029
2280,2008,0.0035000001
2280,2009,0.0041999999
2280,2010,0.0052999998
2280,2011,0.0070000002
2280,2012,0.0088999998
2280,2013,0.0101
2280,2014,0.0111
2280,2015,0.0106
2280,2016,0.0099999998
2280,2017,0.0101
2280,2018,0.0101
2280,2019,0.0117
2280,2020,0.0126
2280,2021,0.0133
2280,2022,0.0139
2280,2023,0.0163
2280,2024,0.0186
2280,2025,0.021400001
2281,2006,0.0016
2281,2007,0.0024000001
2281,2008,0.0033
2281,2009,0.0041999999
2281,2010,0.0049000001
2281,2011,0.0055
2281,2012,0.0068000001
2281,2013,0.0077999998
2281,2014,0.0085000005
2281,2015,0.0092000002
2281,2016,0.0099999998
2281,2017,0.0111
2281,2018,0.0114
2281,2019,0.0127
2281,2020,0.0144
2281,2021,0.0146
2281,2022,0.015799999
2281,2023,0.0167
2281,2024,0.017999999
2281,2025,0.020400001
2282,2006,0.001
2282,2007,0.0031000001
2282,2008,0.0044999998
2282,2009,0.0046999999
2282,2010,0.0059000002
2282,2011,0.0091000004
2282,2012,0.0087000001
2282,2013,0.0091000004
2282,2014,0.0113
2282,2015,0.0117
2282,2016,0.0125
2282,2017,0.0126
2282,2018,0.0139
2282,2019,0.015
2282,2020,0.016799999
2282,2021,0.0177
2282,2022,0.0174
2282,2023,0.0187
2282,2024,0.020300001
2282,2025,0.0239
2283,2006,0.0027999999
2283,2007,0.0049000001
2283,2008,0.0059000002
2283,2009,0.0066999998
2283,2010,0.0082999999
2283,2011,0.0089999996
2283,2012,0.0092000002
2283,2013,0.0096000005
2283,2014,0.0088999998
2283,2015,0.0091000004
2283,2016,0.0104
2283,2017,0.0104
2283,2018,0.0113
2283,2019,0.0109
2283,2020,0.0134
2283,2021,0.0151
2283,2022,0.015900001
2283,2023,0.016799999
2283,2024,0.0186
2283,2025,0.0198
2284,2006,0.0011
2284,2007,0.0019
2284,2008,0.0024999999
2284,2009,0.0034
2284,2010,0.0043000001
2284,2011,0.0059000002
2284,2012,0.0063999998
2284,2013,0.0063999998
2284,2014,0.0068999999
2284,2015,0.0076000001
2284,2016,0.0082999999
2284,2017,0.0093
2284,2018,0.0099999998
2284,2019,0.0117
2284,2020,0.0138
2284,2021,0.016000001
2284,2022,0.0176
2284,2023,0.0197
2284,2024,0.0196
2284,2025,0.020099999
2303,2006,0.0014
2303,2007,0.0017
2303,2008,0.0035000001
2303,2009,0.0041999999
2303,2010,0.0038999999
2303,2011,0.0054000001
2303,2012,0.0068000001
2303,2013,0.0057999999
2303,2014,0.0060999999
2303,2015,0.0068999999
2303,2016,0.0076000001
2303,2017,0.0088999998
2303,2018,0.0109
2303,2019,0.0092000002
2303,2020,0.0116
2303,2021,0.0123
2303,2022,0.0152
2303,2023,0.017100001
2303,2024,0.019400001
2303,2025,0.024599999
2305,2006,0.00079999998
2305,2007,0.0014
2305,2008,0.0022
2305,2009,0.0048000002
2305,2010,0.0049999999
2305,2011,0.0071
2305,2012,0.0080000004
2305,2013,0.0060999999
2305,2014,0.0052999998
2305,2015,0.0065000001
2305,2016,0.0097000003
2305,2017,0.0082
2305,2018,0.0098000001
2305,2019,0.0089999996
2305,2020,0.0123
2305,2021,0.015699999
2305,2022,0.016100001
2305,2023,0.015900001
2305,2024,0.017000001
2305,2025,0.0207
2309,2006,0.0016
2309,2007,0.0022
2309,2008,0.0027000001
2309,2009,0.0041
2309,2010,0.0040000002
2309,2011,0.0059000002
2309,2012,0.0066999998
2309,2013,0.0059000002
2309,2014,0.0068999999
2309,2015,0.0087000001
2309,2016,0.0112
2309,2017,0.0117
2309,2018,0.0129
2309,2019,0.0149
2309,2020,0.0149
2309,2021,0.017000001
2309,2022,0.017899999
2309,2023,0.0207
2309,2024,0.0253
2309,2025,0.0274
2313,2006,0.0015
2313,2007,0.0022
2313,2008,0.0024999999
2313,2009,0.0024000001
2313,2010,0.0040000002
2313,2011,0.0040000002
2313,2012,0.0044999998
2313,2013,0.0035999999
2313,2014,0.0052
2313,2015,0.0060999999
2313,2016,0.0070000002
2313,2017,0.0080000004
2313,2018,0.0093999999
2313,2019,0.0091000004
2313,2020,0.0088999998
2313,2021,0.0109
2313,2022,0.0144
2313,2023,0.017200001
2313,2024,0.0197
2313,2025,0.0228
2321,2006,0.001
2321,2007,0.0013
2321,2008,0.0015
2321,2009,0.0035999999
2321,2010,0.0031999999
2321,2011,0.0044
2321,2012,0.0035999999
2321,2013,0.0037
2321,2014,0.0059000002
2321,2015,0.0057999999
2321,2016,0.0077999998
2321,2017,0.0073000002
2321,2018,0.0088
2321,2019,0.0102
2321,2020,0.0111
2321,2021,0.0117
2321,2022,0.015900001
2321,2023,0.019400001
2321,2024,0.0217
2321,2025,0.0254
2326,2006,0.0013
2326,2007,0.0023000001
2326,2008,0.0023000001
2326,2009,0.0031000001
2326,2010,0.0031999999
2326,2011,0.0048000002
2326,2012,0.0046000001
2326,2013,0.0054000001
2326,2014,0.0063
2326,2015,0.0046999999
2326,2016,0.0068000001
2326,2017,0.0086000003
2326,2018,0.0098000001
2326,2019,0.0104
2326,2020,0.0128
2326,2021,0.0125
2326,2022,0.0134
2326,2023,0.016799999
2326,2024,0.0206
2326,2025,0.021199999
2361,2006,0.00089999998
2361,2007,0.0018
2361,2008,0.0027999999
2361,2009,0.0041
2361,2010,0.0051000002
2361,2011,0.0066
2361,2012,0.0077999998
2361,2013,0.0073000002
2361,2014,0.0085000005
2361,2015,0.0086000003
2361,2016,0.0081000002
2361,2017,0.0073000002
2361,2018,0.0081000002
2361,2019,0.0074
2361,2020,0.0097000003
2361,2021,0.0117
2361,2022,0.0133
2361,2023,0.0163
2361,2024,0.018200001
2361,2025,0.021
2380,2006,0.0016
2380,2007,0.0024000001
2380,2008,0.0027000001
2380,2009,0.0033
2380,2010,0.0041999999
2380,2011,0.0055999998
2380,2012,0.0062000002
2380,2013,0.0068000001
2380,2014,0.0088999998
2380,2015,0.0097000003
2380,2016,0.0115
2380,2017,0.0124
2380,2018,0.0134
2380,2019,0.0148
2380,2020,0.017200001
2380,2021,0.0189
2380,2022,0.021299999
2380,2023,0.0244
2380,2024,0.0288
2380,2025,0.033100002
2401,2006,0.0031999999
2401,2007,0.0035000001
2401,2008,0.0049000001
2401,2009,0.0076000001
2401,2010,0.0086000003
2401,2011,0.0117
2401,2012,0.0139
2401,2013,0.0128
2401,2014,0.0146
2401,2015,0.0132
2401,2016,0.0142
2401,2017,0.014
2401,2018,0.015900001
2401,2019,0.0167
2401,2020,0.015900001
2401,2021,0.017000001
2401,2022,0.0187
2401,2023,0.0207
2401,2024,0.0218
2401,2025,0.0217
2403,2006,0.0038000001
2403,2007,0.0046000001
2403,2008,0.0038999999
2403,2009,0.0046000001
2403,2010,0.0063
2403,2011,0.0088
2403,2012,0.0104
2403,2013,0.012
2403,2014,0.0119
2403,2015,0.0103
2403,2016,0.011
2403,2017,0.0118
2403,2018,0.0125
2403,2019,0.0144
2403,2020,0.0178
2403,2021,0.0207
2403,2022,0.022600001
2403,2023,0.021199999
2403,2024,0.0221
2403,2025,0.018200001
2404,2006,0.0035000001
2404,2007,0.0060999999
2404,2008,0.0060999999
2404,2009,0.0083999997
2404,2010,0.0109
2404,2011,0.0139
2404,2012,0.0148
2404,2013,0.0148
2404,2014,0.015
2404,2015,0.017000001
2404,2016,0.017899999
2404,2017,0.0185
2404,2018,0.0198
2404,2019,0.019400001
2404,2020,0.0199
2404,2021,0.021
2404,2022,0.0228
2404,2023,0.023
2404,2024,0.0239
2404,2025,0.024700001
2409,2006,0.0023000001
2409,2007,0.0026
2409,2008,0.0051000002
2409,2009,0.0065000001
2409,2010,0.0080000004
2409,2011,0.011
2409,2012,0.0119
2409,2013,0.0144
2409,2014,0.015
2409,2015,0.0152
2409,2016,0.0143
2409,2017,0.014
2409,2018,0.0167
2409,2019,0.0144
2409,2020,0.0164
2409,2021,0.016899999
2409,2022,0.017200001
2409,2023,0.0207
2409,2024,0.022299999
2409,2025,0.0197
2417,2006,0.0022
2417,2007,0.0035999999
2417,2008,0.0044999998
2417,2009,0.0063
2417,2010,0.0073000002
2417,2011,0.0060000001
2417,2012,0.0065000001
2417,2013,0.0088
2417,2014,0.0074
2417,2015,0.012
2417,2016,0.0131
2417,2017,0.0123
2417,2018,0.0132
2417,2019,0.0189
2417,2020,0.020099999
2417,2021,0.020500001
2417,2022,0.0195
2417,2023,0.0242
2417,2024,0.0209
2417,2025,0.0261
2418,2006,0.0035000001
2418,2007,0.0048000002
2418,2008,0.0041
2418,2009,0.0035999999
2418,2010,0.0031000001
2418,2011,0.0049000001
2418,2012,0.0093999999
2418,2013,0.0108
2418,2014,0.0102
2418,2015,0.0134
2418,2016,0.0178
2418,2017,0.017999999
2418,2018,0.020500001
2418,2019,0.021400001
2418,2020,0.0219
2418,2021,0.0262
2418,2022,0.028899999
2418,2023,0.0317
2418,2024,0.037799999
2418,2025,0.039700001
2421,2006,0.0020999999
2421,2007,0.0049000001
2421,2008,0.0062000002
2421,2009,0.0091000004
2421,2010,0.0089999996
2421,2011,0.0088
2421,2012,0.0098000001
2421,2013,0.0122
2421,2014,0.0146
2421,2015,0.0133
2421,2016,0.0147
2421,2017,0.0152
2421,2018,0.0164
2421,2019,0.0188
2421,2020,0.0217
2421,2021,0.024700001
2421,2022,0.025800001
2421,2023,0.0295
2421,2024,0.035
2421,2025,0.037300002
2422,2006,0.0014
2422,2007,0.0027000001
2422,2008,0.0041999999
2422,2009,0.0077
2422,2010,0.0041999999
2422,2011,0.0083999997
2422,2012,0.0086000003
2422,2013,0.0074
2422,2014,0.0057999999
2422,2015,0.0105
2422,2016,0.0096000005
2422,2017,0.0089999996
2422,2018,0.0104
2422,2019,0.0098999999
2422,2020,0.0117
2422,2021,0.0124
2422,2022,0.0155
2422,2023,0.0199
2422,2024,0.0208
2422,2025,0.0274
2425,2006,0.00060000003
2425,2007,0.0026
2425,2008,0.0040000002
2425,2009,0.0046999999
2425,2010,0.0074
2425,2011,0.0073000002
2425,2012,0.0115
2425,2013,0.0111
2425,2014,0.0131
2425,2015,0.0131
2425,2016,0.0126
2425,2017,0.0151
2425,2018,0.0162
2425,2019,0.0162
2425,2020,0.0151
2425,2021,0.0153
2425,2022,0.0163
2425,2023,0.0176
2425,2024,0.0244
2425,2025,0.0251
2460,2006,0.0041
2460,2007,0.0046000001
2460,2008,0.0055
2460,2009,0.0068999999
2460,2010,0.0088
2460,2011,0.0109
2460,2012,0.0119
2460,2013,0.0142
2460,2014,0.0139
2460,2015,0.013
2460,2016,0.0149
2460,2017,0.016000001
2460,2018,0.015799999
2460,2019,0.015900001
2460,2020,0.0174
2460,2021,0.018300001
2460,2022,0.020199999
2460,2023,0.024599999
2460,2024,0.026799999
2460,2025,0.026900001
2462,2006,0.0027000001
2462,2007,0.0038000001
2462,2008,0.0057000001
2462,2009,0.0066
2462,2010,0.0049000001
2462,2011,0.0063999998
2462,2012,0.0076000001
2462,2013,0.0088
2462,2014,0.0103
2462,2015,0.0112
2462,2016,0.0123
2462,2017,0.0127
2462,2018,0.0137
2462,2019,0.019300001
2462,2020,0.023499999
2462,2021,0.024900001
2462,2022,0.0261
2462,2023,0.0276
2462,2024,0.027000001
2462,2025,0.0274
2463,2006,0.0024000001
2463,2007,0.003
2463,2008,0.0018
2463,2009,0.0031000001
2463,2010,0.0031999999
2463,2011,0.0038999999
2463,2012,0.0046000001
2463,2013,0.0052999998
2463,2014,0.0082
2463,2015,0.0068000001
2463,2016,0.0066999998
2463,2017,0.0082
2463,2018,0.0102
2463,2019,0.0117
2463,2020,0.0184
2463,2021,0.020500001
2463,2022,0.022600001
2463,2023,0.024800001
2463,2024,0.0284
2463,2025,0.029200001
2480,2006,0.003
2480,2007,0.0040000002
2480,2008,0.0049999999
2480,2009,0.0057000001
2480,2010,0.0068000001
2480,2011,0.0077
2480,2012,0.0087000001
2480,2013,0.0097000003
2480,2014,0.0105
2480,2015,0.0112
2480,2016,0.0115
2480,2017,0.0123
2480,2018,0.0132
2480,2019,0.014
2480,2020,0.0154
2480,2021,0.017000001
2480,2022,0.019200001
2480,2023,0.021500001
2480,2024,0.023700001
2480,2025,0.0242
2481,2006,0.0020999999
2481,2007,0.0035000001
2481,2008,0.0065000001
2481,2009,0.0071
2481,2010,0.0086000003
2481,2011,0.0112
2481,2012,0.0133
2481,2013,0.018200001
2481,2014,0.019099999
2481,2015,0.018300001
2481,2016,0.019300001
2481,2017,0.018999999
2481,2018,0.021500001
2481,2019,0.022399999
2481,2020,0.0274
2481,2021,0.030300001
2481,2022,0.032000002
2481,2023,0.034299999
2481,2024,0.0396
2481,2025,0.0405
2482,2006,0.0027000001
2482,2007,0.0035999999
2482,2008,0.0049999999
2482,2009,0.0074999998
2482,2010,0.0105
2482,2011,0.0123
2482,2012,0.0144
2482,2013,0.0149
2482,2014,0.0162
2482,2015,0.017100001
2482,2016,0.0173
2482,2017,0.017100001
2482,2018,0.0177
2482,2019,0.019200001
2482,2020,0.020500001
2482,2021,0.0231
2482,2022,0.0242
2482,2023,0.023800001
2482,2024,0.025
2482,2025,0.0274
2505,2006,0.0041
2505,2007,0.0062000002
2505,2008,0.0055999998
2505,2009,0.0082999999
2505,2010,0.0097000003
2505,2011,0.0093999999
2505,2012,0.011
2505,2013,0.0137
2505,2014,0.0153
2505,2015,0.0146
2505,2016,0.0137
2505,2017,0.0119
2505,2018,0.0145
2505,2019,0.016000001
2505,2020,0.0189
2505,2021,0.017000001
2505,2022,0.020400001
2505,2023,0.0242
2505,2024,0.0244
2505,2025,0.022600001
2506,2006,0.0018
2506,2007,0.0019
2506,2008,0.0049000001
2506,2009,0.0043000001
2506,2010,0.0086000003
2506,2011,0.0123
2506,2012,0.015
2506,2013,0.016799999
2506,2014,0.015
2506,2015,0.014
2506,2016,0.016000001
2506,2017,0.0135
2506,2018,0.0124
2506,2019,0.0144
2506,2020,0.0133
2506,2021,0.0177
2506,2022,0.017200001
2506,2023,0.021199999
2506,2024,0.0185
2506,2025,0.0208
2510,2006,0.0029
2510,2007,0.0033
2510,2008,0.0048000002
2510,2009,0.0060000001
2510,2010,0.0060999999
2510,2011,0.0077
2510,2012,0.0081000002
2510,2013,0.0088999998
2510,2014,0.0088
2510,2015,0.0092000002
2510,2016,0.0106
2510,2017,0.0103
2510,2018,0.0093
2510,2019,0.0118
2510,2020,0.0119
2510,2021,0.0162
2510,2022,0.017899999
2510,2023,0.0209
2510,2024,0.022299999
2510,2025,0.0263
2513,2006,0.0035000001
2513,2007,0.0031000001
2513,2008,0.0031000001
2513,2009,0.0052999998
2513,2010,0.0054000001
2513,2011,0.0054000001
2513,2012,0.0066
2513,2013,0.0066999998
2513,2014,0.0083999997
2513,2015,0.0078999996
2513,2016,0.0085000005
2513,2017,0.0096000005
2513,2018,0.0121
2513,2019,0.0104
2513,2020,0.011
2513,2021,0.0111
2513,2022,0.0132
2513,2023,0.0132
2513,2024,0.0154
2513,2025,0.017899999
2514,2006,0.0024000001
2514,2007,0.0037
2514,2008,0.0055999998
2514,2009,0.0077
2514,2010,0.0077999998
2514,2011,0.0085000005
2514,2012,0.0111
2514,2013,0.0137
2514,2014,0.015799999
2514,2015,0.0163
2514,2016,0.0163
2514,2017,0.0176
2514,2018,0.0186
2514,2019,0.019300001
2514,2020,0.0208
2514,2021,0.022600001
2514,2022,0.0219
2514,2023,0.024
2514,2024,0.0283
2514,2025,0.030400001
2518,2006,0.0026
2518,2007,0.0026
2518,2008,0.0019
2518,2009,0.0023000001
2518,2010,0.0027000001
2518,2011,0.0027000001
2518,2012,0.0027000001
2518,2013,0.0027999999
2518,2014,0.0035999999
2518,2015,0.0041
2518,2016,0.0046000001
2518,2017,0.0046000001
2518,2018,0.0055999998
2518,2019,0.0057999999
2518,2020,0.0049999999
2518,2021,0.0073000002
2518,2022,0.0098000001
2518,2023,0.0122
2518,2024,0.0142
2518,2025,0.0178
2521,2006,0.00089999998
2521,2007,0.00089999998
2521,2008,0.00060000003
2521,2009,0.0018
2521,2010,0.003
2521,2011,0.0038999999
2521,2012,0.003
2521,2013,0.0035999999
2521,2014,0.003
2521,2015,0.0034
2521,2016,0.0044
2521,2017,0.0049000001
2521,2018,0.0062000002
2521,2019,0.0077999998
2521,2020,0.0093999999
2521,2021,0.0112
2521,2022,0.0136
2521,2023,0.0156
2521,2024,0.016899999
2521,2025,0.0206
2523,2006,0.0023000001
2523,2007,0.0027000001
2523,2008,0.0031000001
2523,2009,0.0041999999
2523,2010,0.0048000002
2523,2011,0.0059000002
2523,2012,0.0070000002
2523,2013,0.0074
2523,2014,0.0070000002
2523,2015,0.0070000002
2523,2016,0.0089999996
2523,2017,0.0088999998
2523,2018,0.0093999999
2523,2019,0.0107
2523,2020,0.0134
2523,2021,0.015799999
2523,2022,0.016799999
2523,2023,0.0211
2523,2024,0.024499999
2523,2025,0.0276
2560,2006,0.0031999999
2560,2007,0.0041999999
2560,2008,0.0040000002
2560,2009,0.0054000001
2560,2010,0.0063999998
2560,2011,0.0103
2560,2012,0.014
2560,2013,0.0164
2560,2014,0.0132
2560,2015,0.0129
2560,2016,0.0131
2560,2017,0.012
2560,2018,0.0141
2560,2019,0.0154
2560,2020,0.016100001
2560,2021,0.0184
2560,2022,0.0207
2560,2023,0.0261
2560,2024,0.0262
2560,2025,0.0309
2580,2006,0.003
2580,2007,0.0040000002
2580,2008,0.0055999998
2580,2009,0.0071
2580,2010,0.0077
2580,2011,0.0088999998
2580,2012,0.0102
2580,2013,0.0114
2580,2014,0.0124
2580,2015,0.0127
2580,2016,0.013
2580,2017,0.0143
2580,2018,0.0152
2580,2019,0.0162
2580,2020,0.0177
2580,2021,0.0187
2580,2022,0.021
2580,2023,0.0232
2580,2024,0.024900001
2580,2025,0.0262
2581,2006,0.0018
2581,2007,0.003
2581,2008,0.0035999999
2581,2009,0.0046999999
2581,2010,0.0066
2581,2011,0.0088
2581,2012,0.011
2581,2013,0.0116
2581,2014,0.012
2581,2015,0.0135
2581,2016,0.0133
2581,2017,0.0132
2581,2018,0.0134
2581,2019,0.0143
2581,2020,0.016100001
2581,2021,0.017100001
2581,2022,0.019300001
2581,2023,0.0254
2581,2024,0.0295
2581,2025,0.0339
2582,2006,0.0044999998
2582,2007,0.0057999999
2582,2008,0.0086000003
2582,2009,0.0104
2582,2010,0.0138
2582,2011,0.0155
2582,2012,0.015
2582,2013,0.0155
2582,2014,0.0163
2582,2015,0.015900001
2582,2016,0.017999999
2582,2017,0.016899999
2582,2018,0.018200001
2582,2019,0.020099999
2582,2020,0.0229
2582,2021,0.0251
2582,2022,0.0262
2582,2023,0.029200001
2582,2024,0.030200001
2582,2025,0.031199999
2583,2006,0.0017
2583,2007,0.0035999999
2583,2008,0.0055999998
2583,2009,0.0055999998
2583,2010,0.0055
2583,2011,0.0071
2583,2012,0.0078999996
2583,2013,0.0097000003
2583,2014,0.0086000003
2583,2015,0.0103
2583,2016,0.0105
2583,2017,0.0125
2583,2018,0.015799999
2583,2019,0.0166
2583,2020,0.0188
2583,2021,0.022500001
2583,2022,0.0208
2583,2023,0.021600001
2583,2024,0.0207
2583,2025,0.023399999
2584,2006,0.0018
2584,2007,0.0027000001
2584,2008,0.0031999999
2584,2009,0.0038999999
2584,2010,0.0044999998
2584,2011,0.0046999999
2584,2012,0.0051000002
2584,2013,0.0057999999
2584,2014,0.0052
2584,2015,0.0060999999
2584,2016,0.0071999999
2584,2017,0.0074
2584,2018,0.0071999999
2584,2019,0.0085000005
2584,2020,0.0107
2584,2021,0.0128
2584,2022,0.0143
2584,2023,0.0166
2584,2024,0.0178
2584,2025,0.0198
