kommun,year,andel_vaccinerade_25_35
0114,2,0.002
0114,3,0.01
0114,4,0.013
0114,5,0.016
0114,6,0.02
0114,7,0.02
0114,8,0.021
0114,9,0.027
0114,10,0.036
0114,11,0.039
0114,12,0.041
0114,13,0.042
0114,14,0.042
0114,15,0.043
0114,16,0.044
0114,17,0.05
0114,18,0.058
0114,19,0.067
0114,20,0.074
0114,21,0.08
0114,22,0.085
0114,23,0.089
0114,24,0.093
0114,25,0.1
0114,26,0.121
0114,27,0.2
0114,28,0.306
0114,29,0.391
0114,30,0.452
0114,31,0.475
0114,32,0.497
0114,33,0.517
0114,34,0.534
0114,35,0.549
0114,36,0.567
0114,37,0.582
0114,38,0.591
0114,39,0.6
0114,40,0.604
0114,41,0.611
0114,42,0.615
0114,43,0.618
0114,44,0.62
0114,45,0.623
0114,46,0.625
0114,47,0.629
0114,48,0.633
0114,49,0.64
0114,50,0.647
0114,51,0.652
0114,52,0.653
0115,2,0.002
0115,3,0.006
0115,4,0.008
0115,5,0.02
0115,6,0.021
0115,7,0.023
0115,8,0.025
0115,9,0.031
0115,10,0.044
0115,11,0.046
0115,12,0.047
0115,13,0.049
0115,14,0.05
0115,15,0.05
0115,16,0.052
0115,17,0.055
0115,18,0.064
0115,19,0.071
0115,20,0.08
0115,21,0.087
0115,22,0.094
0115,23,0.101
0115,24,0.105
0115,25,0.11
0115,26,0.141
0115,27,0.248
0115,28,0.394
0115,29,0.495
0115,30,0.572
0115,31,0.597
0115,32,0.613
0115,33,0.631
0115,34,0.649
0115,35,0.662
0115,36,0.678
0115,37,0.692
0115,38,0.702
0115,39,0.71
0115,40,0.714
0115,41,0.72
0115,42,0.724
0115,43,0.725
0115,44,0.727
0115,45,0.729
0115,46,0.731
0115,47,0.734
0115,48,0.74
0115,49,0.749
0115,50,0.751
0115,51,0.755
0115,52,0.755
0117,2,0.003
0117,3,0.009
0117,4,0.016
0117,5,0.024
0117,6,0.026
0117,7,0.027
0117,8,0.031
0117,9,0.037
0117,10,0.045
0117,11,0.049
0117,12,0.051
0117,13,0.053
0117,14,0.053
0117,15,0.054
0117,16,0.057
0117,17,0.06
0117,18,0.065
0117,19,0.078
0117,20,0.086
0117,21,0.093
0117,22,0.097
0117,23,0.103
0117,24,0.108
0117,25,0.114
0117,26,0.137
0117,27,0.258
0117,28,0.391
0117,29,0.49
0117,30,0.569
0117,31,0.588
0117,32,0.614
0117,33,0.639
0117,34,0.656
0117,35,0.669
0117,36,0.683
0117,37,0.699
0117,38,0.709
0117,39,0.714
0117,40,0.719
0117,41,0.725
0117,42,0.728
0117,43,0.731
0117,44,0.734
0117,45,0.737
0117,46,0.739
0117,47,0.742
0117,48,0.748
0117,49,0.757
0117,50,0.762
0117,51,0.766
0117,52,0.767
0120,1,0.001
0120,2,0.01
0120,3,0.013
0120,4,0.021
0120,5,0.024
0120,6,0.024
0120,7,0.025
0120,8,0.031
0120,9,0.039
0120,10,0.044
0120,11,0.046
0120,12,0.047
0120,13,0.048
0120,14,0.049
0120,15,0.049
0120,16,0.05
0120,17,0.054
0120,18,0.062
0120,19,0.068
0120,20,0.078
0120,21,0.082
0120,22,0.085
0120,23,0.087
0120,24,0.091
0120,25,0.095
0120,26,0.115
0120,27,0.205
0120,28,0.351
0120,29,0.466
0120,30,0.532
0120,31,0.567
0120,32,0.603
0120,33,0.63
0120,34,0.646
0120,35,0.665
0120,36,0.684
0120,37,0.696
0120,38,0.707
0120,39,0.714
0120,40,0.721
0120,41,0.725
0120,42,0.727
0120,43,0.729
0120,44,0.73
0120,45,0.734
0120,46,0.737
0120,47,0.74
0120,48,0.744
0120,49,0.752
0120,50,0.758
0120,51,0.764
0120,52,0.765
0123,2,0.002
0123,3,0.005
0123,4,0.007
0123,5,0.009
0123,6,0.014
0123,7,0.016
0123,8,0.017
0123,9,0.024
0123,10,0.031
0123,11,0.034
0123,12,0.034
0123,13,0.035
0123,14,0.035
0123,15,0.036
0123,16,0.038
0123,17,0.042
0123,18,0.051
0123,19,0.058
0123,20,0.064
0123,21,0.068
0123,22,0.071
0123,23,0.074
0123,24,0.079
0123,25,0.084
0123,26,0.106
0123,27,0.177
0123,28,0.29
0123,29,0.383
0123,30,0.432
0123,31,0.466
0123,32,0.49
0123,33,0.507
0123,34,0.524
0123,35,0.536
0123,36,0.55
0123,37,0.562
0123,38,0.572
0123,39,0.581
0123,40,0.587
0123,41,0.593
0123,42,0.596
0123,43,0.599
0123,44,0.602
0123,45,0.605
0123,46,0.608
0123,47,0.613
0123,48,0.618
0123,49,0.626
0123,50,0.633
0123,51,0.638
0123,52,0.64
0125,2,0.003
0125,3,0.006
0125,4,0.018
0125,5,0.021
0125,6,0.021
0125,7,0.026
0125,8,0.027
0125,9,0.031
0125,10,0.039
0125,11,0.043
0125,12,0.044
0125,13,0.046
0125,14,0.046
0125,15,0.046
0125,16,0.048
0125,17,0.054
0125,18,0.062
0125,19,0.069
0125,20,0.078
0125,21,0.088
0125,22,0.09
0125,23,0.094
0125,24,0.097
0125,25,0.109
0125,26,0.138
0125,27,0.226
0125,28,0.345
0125,29,0.441
0125,30,0.491
0125,31,0.513
0125,32,0.552
0125,33,0.579
0125,34,0.609
0125,35,0.625
0125,36,0.645
0125,37,0.654
0125,38,0.666
0125,39,0.676
0125,40,0.683
0125,41,0.689
0125,42,0.691
0125,43,0.695
0125,44,0.696
0125,45,0.698
0125,46,0.7
0125,47,0.703
0125,48,0.709
0125,49,0.715
0125,50,0.724
0125,51,0.728
0125,52,0.733
0126,1,0.0
0126,2,0.003
0126,3,0.007
0126,4,0.011
0126,5,0.013
0126,6,0.014
0126,7,0.017
0126,8,0.021
0126,9,0.028
0126,10,0.035
0126,11,0.037
0126,12,0.039
0126,13,0.039
0126,14,0.04
0126,15,0.041
0126,16,0.042
0126,17,0.044
0126,18,0.051
0126,19,0.058
0126,20,0.064
0126,21,0.069
0126,22,0.074
0126,23,0.078
0126,24,0.084
0126,25,0.089
0126,26,0.108
0126,27,0.181
0126,28,0.29
0126,29,0.378
0126,30,0.438
0126,31,0.468
0126,32,0.489
0126,33,0.509
0126,34,0.525
0126,35,0.54
0126,36,0.552
0126,37,0.563
0126,38,0.571
0126,39,0.579
0126,40,0.584
0126,41,0.588
0126,42,0.591
0126,43,0.595
0126,44,0.597
0126,45,0.6
0126,46,0.603
0126,47,0.607
0126,48,0.612
0126,49,0.619
0126,50,0.627
0126,51,0.632
0126,52,0.635
0127,1,0.0
0127,2,0.002
0127,3,0.008
0127,4,0.011
0127,5,0.014
0127,6,0.019
0127,7,0.021
0127,8,0.022
0127,9,0.028
0127,10,0.034
0127,11,0.036
0127,12,0.037
0127,13,0.037
0127,14,0.038
0127,15,0.039
0127,16,0.039
0127,17,0.041
0127,18,0.046
0127,19,0.056
0127,20,0.064
0127,21,0.068
0127,22,0.074
0127,23,0.077
0127,24,0.081
0127,25,0.085
0127,26,0.099
0127,27,0.144
0127,28,0.22
0127,29,0.273
0127,30,0.316
0127,31,0.338
0127,32,0.357
0127,33,0.376
0127,34,0.389
0127,35,0.405
0127,36,0.418
0127,37,0.432
0127,38,0.443
0127,39,0.451
0127,40,0.459
0127,41,0.466
0127,42,0.471
0127,43,0.476
0127,44,0.48
0127,45,0.483
0127,46,0.487
0127,47,0.493
0127,48,0.502
0127,49,0.509
0127,50,0.518
0127,51,0.523
0127,52,0.527
0128,2,0.003
0128,3,0.008
0128,4,0.011
0128,5,0.017
0128,6,0.026
0128,7,0.028
0128,8,0.029
0128,9,0.039
0128,10,0.048
0128,11,0.05
0128,12,0.052
0128,13,0.053
0128,14,0.055
0128,15,0.055
0128,16,0.056
0128,17,0.057
0128,18,0.063
0128,19,0.078
0128,20,0.089
0128,21,0.092
0128,22,0.102
0128,23,0.108
0128,24,0.113
0128,25,0.123
0128,26,0.144
0128,27,0.211
0128,28,0.319
0128,29,0.391
0128,30,0.461
0128,31,0.49
0128,32,0.509
0128,33,0.536
0128,34,0.549
0128,35,0.564
0128,36,0.575
0128,37,0.586
0128,38,0.602
0128,39,0.61
0128,40,0.615
0128,41,0.62
0128,42,0.622
0128,43,0.624
0128,44,0.628
0128,45,0.634
0128,46,0.638
0128,47,0.651
0128,48,0.659
0128,49,0.669
0128,50,0.676
0128,51,0.68
0128,52,0.682
0136,1,0.0
0136,2,0.002
0136,3,0.009
0136,4,0.013
0136,5,0.016
0136,6,0.019
0136,7,0.021
0136,8,0.023
0136,9,0.029
0136,10,0.034
0136,11,0.037
0136,12,0.039
0136,13,0.04
0136,14,0.04
0136,15,0.041
0136,16,0.042
0136,17,0.045
0136,18,0.055
0136,19,0.062
0136,20,0.068
0136,21,0.074
0136,22,0.077
0136,23,0.081
0136,24,0.084
0136,25,0.088
0136,26,0.102
0136,27,0.166
0136,28,0.274
0136,29,0.371
0136,30,0.431
0136,31,0.467
0136,32,0.487
0136,33,0.508
0136,34,0.527
0136,35,0.544
0136,36,0.559
0136,37,0.57
0136,38,0.578
0136,39,0.585
0136,40,0.591
0136,41,0.596
0136,42,0.599
0136,43,0.601
0136,44,0.605
0136,45,0.607
0136,46,0.61
0136,47,0.614
0136,48,0.622
0136,49,0.631
0136,50,0.639
0136,51,0.645
0136,52,0.65
0138,2,0.003
0138,3,0.007
0138,4,0.011
0138,5,0.024
0138,6,0.026
0138,7,0.027
0138,8,0.03
0138,9,0.038
0138,10,0.044
0138,11,0.047
0138,12,0.049
0138,13,0.05
0138,14,0.051
0138,15,0.052
0138,16,0.054
0138,17,0.058
0138,18,0.068
0138,19,0.074
0138,20,0.081
0138,21,0.085
0138,22,0.088
0138,23,0.094
0138,24,0.1
0138,25,0.109
0138,26,0.129
0138,27,0.201
0138,28,0.348
0138,29,0.457
0138,30,0.516
0138,31,0.552
0138,32,0.583
0138,33,0.6
0138,34,0.62
0138,35,0.64
0138,36,0.652
0138,37,0.662
0138,38,0.672
0138,39,0.68
0138,40,0.683
0138,41,0.687
0138,42,0.691
0138,43,0.693
0138,44,0.697
0138,45,0.699
0138,46,0.701
0138,47,0.705
0138,48,0.711
0138,49,0.722
0138,50,0.727
0138,51,0.733
0138,52,0.736
0139,2,0.002
0139,3,0.004
0139,4,0.006
0139,5,0.012
0139,6,0.015
0139,7,0.017
0139,8,0.019
0139,9,0.022
0139,10,0.029
0139,11,0.03
0139,12,0.03
0139,13,0.031
0139,14,0.031
0139,15,0.032
0139,16,0.033
0139,17,0.037
0139,18,0.05
0139,19,0.055
0139,20,0.062
0139,21,0.063
0139,22,0.066
0139,23,0.068
0139,24,0.071
0139,25,0.079
0139,26,0.107
0139,27,0.171
0139,28,0.271
0139,29,0.358
0139,30,0.411
0139,31,0.443
0139,32,0.464
0139,33,0.483
0139,34,0.499
0139,35,0.514
0139,36,0.528
0139,37,0.543
0139,38,0.551
0139,39,0.559
0139,40,0.567
0139,41,0.57
0139,42,0.573
0139,43,0.576
0139,44,0.58
0139,45,0.584
0139,46,0.589
0139,47,0.595
0139,48,0.601
0139,49,0.611
0139,50,0.619
0139,51,0.625
0139,52,0.628
0140,3,0.017
0140,4,0.02
0140,5,0.022
0140,6,0.025
0140,7,0.028
0140,8,0.029
0140,9,0.038
0140,10,0.041
0140,11,0.043
0140,12,0.043
0140,13,0.043
0140,14,0.044
0140,15,0.045
0140,16,0.049
0140,17,0.053
0140,18,0.071
0140,19,0.076
0140,20,0.104
0140,21,0.115
0140,22,0.127
0140,23,0.142
0140,24,0.153
0140,25,0.172
0140,26,0.205
0140,27,0.296
0140,28,0.416
0140,29,0.487
0140,30,0.539
0140,31,0.573
0140,32,0.6
0140,33,0.616
0140,34,0.634
0140,35,0.65
0140,36,0.666
0140,37,0.68
0140,38,0.686
0140,39,0.696
0140,40,0.706
0140,41,0.709
0140,42,0.716
0140,43,0.718
0140,44,0.724
0140,45,0.725
0140,46,0.729
0140,47,0.734
0140,48,0.741
0140,49,0.75
0140,50,0.757
0140,51,0.76
0140,52,0.761
0160,2,0.002
0160,3,0.007
0160,4,0.01
0160,5,0.013
0160,6,0.015
0160,7,0.015
0160,8,0.018
0160,9,0.025
0160,10,0.035
0160,11,0.04
0160,12,0.041
0160,13,0.042
0160,14,0.042
0160,15,0.043
0160,16,0.045
0160,17,0.051
0160,18,0.059
0160,19,0.065
0160,20,0.075
0160,21,0.08
0160,22,0.084
0160,23,0.09
0160,24,0.096
0160,25,0.106
0160,26,0.14
0160,27,0.263
0160,28,0.409
0160,29,0.519
0160,30,0.595
0160,31,0.622
0160,32,0.643
0160,33,0.663
0160,34,0.681
0160,35,0.698
0160,36,0.71
0160,37,0.724
0160,38,0.732
0160,39,0.739
0160,40,0.743
0160,41,0.745
0160,42,0.749
0160,43,0.751
0160,44,0.753
0160,45,0.755
0160,46,0.757
0160,47,0.76
0160,48,0.765
0160,49,0.771
0160,50,0.776
0160,51,0.78
0160,52,0.78
0162,2,0.002
0162,3,0.003
0162,4,0.006
0162,5,0.008
0162,6,0.011
0162,7,0.012
0162,8,0.015
0162,9,0.02
0162,10,0.031
0162,11,0.032
0162,12,0.032
0162,13,0.032
0162,14,0.032
0162,15,0.035
0162,16,0.036
0162,17,0.042
0162,18,0.049
0162,19,0.056
0162,20,0.065
0162,21,0.071
0162,22,0.075
0162,23,0.084
0162,24,0.09
0162,25,0.104
0162,26,0.147
0162,27,0.256
0162,28,0.405
0162,29,0.518
0162,30,0.577
0162,31,0.605
0162,32,0.627
0162,33,0.643
0162,34,0.653
0162,35,0.669
0162,36,0.678
0162,37,0.689
0162,38,0.694
0162,39,0.699
0162,40,0.704
0162,41,0.706
0162,42,0.707
0162,43,0.708
0162,44,0.71
0162,45,0.712
0162,46,0.713
0162,47,0.715
0162,48,0.719
0162,49,0.723
0162,50,0.727
0162,51,0.732
0162,52,0.733
0163,2,0.001
0163,3,0.006
0163,4,0.007
0163,5,0.013
0163,6,0.014
0163,7,0.015
0163,8,0.018
0163,9,0.025
0163,10,0.033
0163,11,0.034
0163,12,0.036
0163,13,0.037
0163,14,0.038
0163,15,0.039
0163,16,0.04
0163,17,0.044
0163,18,0.054
0163,19,0.061
0163,20,0.072
0163,21,0.078
0163,22,0.084
0163,23,0.09
0163,24,0.096
0163,25,0.103
0163,26,0.136
0163,27,0.24
0163,28,0.361
0163,29,0.458
0163,30,0.512
0163,31,0.536
0163,32,0.561
0163,33,0.578
0163,34,0.595
0163,35,0.608
0163,36,0.619
0163,37,0.632
0163,38,0.64
0163,39,0.648
0163,40,0.651
0163,41,0.655
0163,42,0.659
0163,43,0.661
0163,44,0.664
0163,45,0.666
0163,46,0.668
0163,47,0.672
0163,48,0.676
0163,49,0.681
0163,50,0.685
0163,51,0.689
0163,52,0.691
0180,1,0.0
0180,2,0.002
0180,3,0.007
0180,4,0.01
0180,5,0.012
0180,6,0.014
0180,7,0.015
0180,8,0.017
0180,9,0.025
0180,10,0.032
0180,11,0.034
0180,12,0.035
0180,13,0.035
0180,14,0.036
0180,15,0.036
0180,16,0.037
0180,17,0.04
0180,18,0.049
0180,19,0.056
0180,20,0.063
0180,21,0.068
0180,22,0.073
0180,23,0.078
0180,24,0.084
0180,25,0.095
0180,26,0.133
0180,27,0.254
0180,28,0.41
0180,29,0.519
0180,30,0.579
0180,31,0.611
0180,32,0.635
0180,33,0.654
0180,34,0.669
0180,35,0.68
0180,36,0.69
0180,37,0.699
0180,38,0.706
0180,39,0.711
0180,40,0.715
0180,41,0.717
0180,42,0.72
0180,43,0.723
0180,44,0.725
0180,45,0.727
0180,46,0.729
0180,47,0.732
0180,48,0.736
0180,49,0.741
0180,50,0.746
0180,51,0.75
0180,52,0.751
0181,2,0.002
0181,3,0.007
0181,4,0.013
0181,5,0.014
0181,6,0.016
0181,7,0.021
0181,8,0.022
0181,9,0.03
0181,10,0.035
0181,11,0.037
0181,12,0.037
0181,13,0.038
0181,14,0.039
0181,15,0.039
0181,16,0.04
0181,17,0.042
0181,18,0.05
0181,19,0.057
0181,20,0.066
0181,21,0.072
0181,22,0.079
0181,23,0.086
0181,24,0.094
0181,25,0.104
0181,26,0.123
0181,27,0.171
0181,28,0.246
0181,29,0.301
0181,30,0.342
0181,31,0.362
0181,32,0.38
0181,33,0.395
0181,34,0.415
0181,35,0.431
0181,36,0.442
0181,37,0.456
0181,38,0.467
0181,39,0.477
0181,40,0.484
0181,41,0.489
0181,42,0.493
0181,43,0.497
0181,44,0.502
0181,45,0.506
0181,46,0.51
0181,47,0.517
0181,48,0.527
0181,49,0.536
0181,50,0.545
0181,51,0.55
0181,52,0.552
0182,1,0.001
0182,2,0.003
0182,3,0.007
0182,4,0.01
0182,5,0.014
0182,6,0.015
0182,7,0.016
0182,8,0.018
0182,9,0.025
0182,10,0.033
0182,11,0.036
0182,12,0.037
0182,13,0.037
0182,14,0.038
0182,15,0.038
0182,16,0.039
0182,17,0.042
0182,18,0.049
0182,19,0.054
0182,20,0.062
0182,21,0.067
0182,22,0.071
0182,23,0.075
0182,24,0.081
0182,25,0.089
0182,26,0.124
0182,27,0.23
0182,28,0.376
0182,29,0.494
0182,30,0.562
0182,31,0.593
0182,32,0.62
0182,33,0.641
0182,34,0.656
0182,35,0.675
0182,36,0.689
0182,37,0.698
0182,38,0.708
0182,39,0.714
0182,40,0.718
0182,41,0.72
0182,42,0.722
0182,43,0.725
0182,44,0.727
0182,45,0.73
0182,46,0.733
0182,47,0.738
0182,48,0.742
0182,49,0.749
0182,50,0.756
0182,51,0.761
0182,52,0.762
0183,2,0.002
0183,3,0.005
0183,4,0.007
0183,5,0.01
0183,6,0.012
0183,7,0.013
0183,8,0.015
0183,9,0.022
0183,10,0.028
0183,11,0.03
0183,12,0.03
0183,13,0.031
0183,14,0.031
0183,15,0.031
0183,16,0.032
0183,17,0.034
0183,18,0.042
0183,19,0.049
0183,20,0.056
0183,21,0.061
0183,22,0.065
0183,23,0.068
0183,24,0.072
0183,25,0.079
0183,26,0.116
0183,27,0.231
0183,28,0.383
0183,29,0.484
0183,30,0.537
0183,31,0.565
0183,32,0.588
0183,33,0.606
0183,34,0.618
0183,35,0.632
0183,36,0.645
0183,37,0.657
0183,38,0.665
0183,39,0.67
0183,40,0.674
0183,41,0.677
0183,42,0.679
0183,43,0.682
0183,44,0.685
0183,45,0.687
0183,46,0.69
0183,47,0.693
0183,48,0.699
0183,49,0.706
0183,50,0.711
0183,51,0.716
0183,52,0.716
0184,2,0.002
0184,3,0.006
0184,4,0.008
0184,5,0.011
0184,6,0.012
0184,7,0.013
0184,8,0.015
0184,9,0.022
0184,10,0.029
0184,11,0.032
0184,12,0.032
0184,13,0.033
0184,14,0.033
0184,15,0.034
0184,16,0.035
0184,17,0.037
0184,18,0.046
0184,19,0.053
0184,20,0.06
0184,21,0.065
0184,22,0.069
0184,23,0.074
0184,24,0.08
0184,25,0.091
0184,26,0.13
0184,27,0.244
0184,28,0.394
0184,29,0.492
0184,30,0.542
0184,31,0.566
0184,32,0.586
0184,33,0.6
0184,34,0.613
0184,35,0.626
0184,36,0.634
0184,37,0.642
0184,38,0.648
0184,39,0.652
0184,40,0.655
0184,41,0.658
0184,42,0.661
0184,43,0.663
0184,44,0.665
0184,45,0.668
0184,46,0.67
0184,47,0.673
0184,48,0.676
0184,49,0.68
0184,50,0.685
0184,51,0.688
0184,52,0.69
0186,2,0.001
0186,3,0.005
0186,4,0.011
0186,5,0.014
0186,6,0.014
0186,7,0.015
0186,8,0.019
0186,9,0.024
0186,10,0.032
0186,11,0.036
0186,12,0.036
0186,13,0.037
0186,14,0.038
0186,15,0.039
0186,16,0.041
0186,17,0.044
0186,18,0.052
0186,19,0.058
0186,20,0.066
0186,21,0.072
0186,22,0.076
0186,23,0.083
0186,24,0.089
0186,25,0.097
0186,26,0.131
0186,27,0.245
0186,28,0.389
0186,29,0.499
0186,30,0.565
0186,31,0.604
0186,32,0.63
0186,33,0.645
0186,34,0.661
0186,35,0.676
0186,36,0.689
0186,37,0.697
0186,38,0.705
0186,39,0.712
0186,40,0.715
0186,41,0.72
0186,42,0.723
0186,43,0.726
0186,44,0.728
0186,45,0.73
0186,46,0.732
0186,47,0.736
0186,48,0.74
0186,49,0.748
0186,50,0.753
0186,51,0.756
0186,52,0.757
0187,3,0.007
0187,4,0.013
0187,5,0.032
0187,6,0.033
0187,7,0.034
0187,8,0.035
0187,9,0.043
0187,10,0.051
0187,11,0.053
0187,12,0.053
0187,13,0.053
0187,14,0.053
0187,15,0.053
0187,16,0.055
0187,17,0.059
0187,18,0.064
0187,19,0.074
0187,20,0.089
0187,21,0.096
0187,22,0.099
0187,23,0.111
0187,24,0.119
0187,25,0.125
0187,26,0.158
0187,27,0.263
0187,28,0.394
0187,29,0.507
0187,30,0.586
0187,31,0.612
0187,32,0.632
0187,33,0.654
0187,34,0.678
0187,35,0.702
0187,36,0.712
0187,37,0.733
0187,38,0.739
0187,39,0.747
0187,40,0.754
0187,41,0.756
0187,42,0.759
0187,43,0.76
0187,44,0.762
0187,45,0.763
0187,46,0.764
0187,47,0.77
0187,48,0.773
0187,49,0.775
0187,50,0.779
0187,51,0.781
0187,52,0.782
0188,2,0.003
0188,3,0.038
0188,4,0.04
0188,5,0.043
0188,6,0.051
0188,7,0.054
0188,8,0.059
0188,9,0.066
0188,10,0.074
0188,11,0.076
0188,12,0.077
0188,13,0.079
0188,14,0.08
0188,15,0.08
0188,16,0.082
0188,17,0.096
0188,18,0.106
0188,19,0.113
0188,20,0.12
0188,21,0.127
0188,22,0.13
0188,23,0.134
0188,24,0.136
0188,25,0.145
0188,26,0.159
0188,27,0.232
0188,28,0.346
0188,29,0.447
0188,30,0.551
0188,31,0.576
0188,32,0.601
0188,33,0.62
0188,34,0.636
0188,35,0.657
0188,36,0.676
0188,37,0.692
0188,38,0.702
0188,39,0.71
0188,40,0.716
0188,41,0.72
0188,42,0.723
0188,43,0.724
0188,44,0.726
0188,45,0.728
0188,46,0.731
0188,47,0.734
0188,48,0.742
0188,49,0.751
0188,50,0.757
0188,51,0.762
0188,52,0.764
0191,2,0.001
0191,3,0.005
0191,4,0.009
0191,5,0.011
0191,6,0.014
0191,7,0.017
0191,8,0.019
0191,9,0.023
0191,10,0.029
0191,11,0.031
0191,12,0.031
0191,13,0.033
0191,14,0.033
0191,15,0.034
0191,16,0.036
0191,17,0.039
0191,18,0.047
0191,19,0.054
0191,20,0.063
0191,21,0.07
0191,22,0.077
0191,23,0.083
0191,24,0.088
0191,25,0.095
0191,26,0.112
0191,27,0.166
0191,28,0.25
0191,29,0.319
0191,30,0.382
0191,31,0.412
0191,32,0.44
0191,33,0.46
0191,34,0.474
0191,35,0.485
0191,36,0.496
0191,37,0.509
0191,38,0.518
0191,39,0.525
0191,40,0.531
0191,41,0.536
0191,42,0.543
0191,43,0.548
0191,44,0.551
0191,45,0.554
0191,46,0.558
0191,47,0.561
0191,48,0.567
0191,49,0.575
0191,50,0.582
0191,51,0.587
0191,52,0.59
0192,2,0.001
0192,3,0.008
0192,4,0.027
0192,5,0.03
0192,6,0.03
0192,7,0.033
0192,8,0.038
0192,9,0.046
0192,10,0.05
0192,11,0.053
0192,12,0.053
0192,13,0.054
0192,14,0.054
0192,15,0.054
0192,16,0.055
0192,17,0.06
0192,18,0.068
0192,19,0.075
0192,20,0.087
0192,21,0.092
0192,22,0.098
0192,23,0.103
0192,24,0.106
0192,25,0.11
0192,26,0.119
0192,27,0.174
0192,28,0.29
0192,29,0.39
0192,30,0.461
0192,31,0.503
0192,32,0.531
0192,33,0.552
0192,34,0.571
0192,35,0.586
0192,36,0.599
0192,37,0.612
0192,38,0.624
0192,39,0.635
0192,40,0.64
0192,41,0.644
0192,42,0.647
0192,43,0.65
0192,44,0.651
0192,45,0.653
0192,46,0.654
0192,47,0.656
0192,48,0.662
0192,49,0.668
0192,50,0.672
0192,51,0.677
0192,52,0.68
0305,2,0.01
0305,3,0.012
0305,4,0.015
0305,5,0.019
0305,6,0.021
0305,7,0.026
0305,8,0.028
0305,9,0.032
0305,10,0.037
0305,11,0.038
0305,12,0.039
0305,13,0.039
0305,14,0.045
0305,15,0.047
0305,16,0.048
0305,17,0.051
0305,18,0.062
0305,19,0.069
0305,20,0.103
0305,21,0.113
0305,22,0.127
0305,23,0.132
0305,24,0.133
0305,25,0.169
0305,26,0.404
0305,27,0.437
0305,28,0.545
0305,29,0.587
0305,30,0.613
0305,31,0.628
0305,32,0.636
0305,33,0.652
0305,34,0.673
0305,35,0.685
0305,36,0.701
0305,37,0.709
0305,38,0.719
0305,39,0.726
0305,40,0.732
0305,41,0.736
0305,42,0.74
0305,43,0.743
0305,44,0.743
0305,45,0.746
0305,46,0.748
0305,47,0.751
0305,48,0.755
0305,49,0.759
0305,50,0.762
0305,51,0.771
0305,52,0.772
0319,2,0.011
0319,3,0.015
0319,4,0.017
0319,5,0.03
0319,6,0.037
0319,7,0.045
0319,8,0.056
0319,9,0.062
0319,10,0.066
0319,11,0.067
0319,12,0.067
0319,13,0.067
0319,14,0.067
0319,15,0.068
0319,16,0.068
0319,17,0.07
0319,18,0.078
0319,19,0.09
0319,20,0.118
0319,21,0.136
0319,22,0.144
0319,23,0.16
0319,24,0.172
0319,25,0.277
0319,26,0.487
0319,27,0.534
0319,28,0.566
0319,29,0.629
0319,30,0.642
0319,31,0.645
0319,32,0.657
0319,33,0.664
0319,34,0.691
0319,35,0.693
0319,36,0.723
0319,37,0.726
0319,38,0.74
0319,39,0.751
0319,40,0.756
0319,41,0.761
0319,42,0.765
0319,43,0.766
0319,44,0.768
0319,45,0.768
0319,46,0.771
0319,47,0.771
0319,48,0.776
0319,49,0.782
0319,50,0.783
0319,51,0.783
0319,52,0.784
0330,2,0.005
0330,3,0.012
0330,4,0.015
0330,5,0.019
0330,6,0.021
0330,7,0.022
0330,8,0.025
0330,9,0.031
0330,10,0.037
0330,11,0.038
0330,12,0.038
0330,13,0.039
0330,14,0.039
0330,15,0.04
0330,16,0.041
0330,17,0.048
0330,18,0.06
0330,19,0.078
0330,20,0.106
0330,21,0.119
0330,22,0.127
0330,23,0.133
0330,24,0.143
0330,25,0.215
0330,26,0.453
0330,27,0.555
0330,28,0.619
0330,29,0.659
0330,30,0.676
0330,31,0.694
0330,32,0.702
0330,33,0.711
0330,34,0.725
0330,35,0.733
0330,36,0.744
0330,37,0.746
0330,38,0.755
0330,39,0.76
0330,40,0.763
0330,41,0.765
0330,42,0.767
0330,43,0.772
0330,44,0.773
0330,45,0.774
0330,46,0.776
0330,47,0.777
0330,48,0.78
0330,49,0.782
0330,50,0.786
0330,51,0.788
0330,52,0.789
0331,1,0.002
0331,2,0.013
0331,3,0.019
0331,4,0.024
0331,5,0.03
0331,6,0.032
0331,7,0.033
0331,8,0.04
0331,9,0.049
0331,10,0.053
0331,11,0.053
0331,12,0.054
0331,13,0.054
0331,14,0.055
0331,15,0.055
0331,16,0.058
0331,17,0.066
0331,18,0.08
0331,19,0.114
0331,20,0.118
0331,21,0.148
0331,22,0.163
0331,23,0.174
0331,24,0.183
0331,25,0.243
0331,26,0.481
0331,27,0.534
0331,28,0.611
0331,29,0.649
0331,30,0.666
0331,31,0.678
0331,32,0.683
0331,33,0.697
0331,34,0.709
0331,35,0.723
0331,36,0.737
0331,37,0.745
0331,38,0.75
0331,39,0.754
0331,40,0.761
0331,41,0.766
0331,42,0.767
0331,43,0.769
0331,44,0.769
0331,45,0.77
0331,46,0.772
0331,47,0.773
0331,48,0.775
0331,49,0.78
0331,50,0.783
0331,51,0.784
0331,52,0.784
0360,2,0.018
0360,3,0.023
0360,4,0.027
0360,5,0.044
0360,6,0.046
0360,7,0.047
0360,8,0.048
0360,9,0.063
0360,10,0.067
0360,11,0.069
0360,12,0.07
0360,13,0.073
0360,14,0.074
0360,15,0.079
0360,16,0.079
0360,17,0.087
0360,18,0.103
0360,19,0.119
0360,20,0.163
0360,21,0.179
0360,22,0.196
0360,23,0.201
0360,24,0.205
0360,25,0.305
0360,26,0.532
0360,27,0.555
0360,28,0.62
0360,29,0.654
0360,30,0.676
0360,31,0.688
0360,32,0.694
0360,33,0.699
0360,34,0.717
0360,35,0.728
0360,36,0.739
0360,37,0.75
0360,38,0.766
0360,39,0.769
0360,40,0.773
0360,41,0.774
0360,42,0.778
0360,43,0.779
0360,44,0.782
0360,45,0.783
0360,46,0.785
0360,47,0.786
0360,48,0.789
0360,49,0.794
0360,50,0.8
0360,51,0.801
0360,52,0.802
0380,1,0.0
0380,2,0.005
0380,3,0.012
0380,4,0.018
0380,5,0.022
0380,6,0.023
0380,7,0.024
0380,8,0.028
0380,9,0.038
0380,10,0.048
0380,11,0.051
0380,12,0.052
0380,13,0.055
0380,14,0.056
0380,15,0.056
0380,16,0.057
0380,17,0.065
0380,18,0.076
0380,19,0.097
0380,20,0.11
0380,21,0.129
0380,22,0.139
0380,23,0.15
0380,24,0.159
0380,25,0.231
0380,26,0.41
0380,27,0.547
0380,28,0.614
0380,29,0.653
0380,30,0.676
0380,31,0.69
0380,32,0.697
0380,33,0.705
0380,34,0.716
0380,35,0.728
0380,36,0.737
0380,37,0.742
0380,38,0.747
0380,39,0.75
0380,40,0.753
0380,41,0.755
0380,42,0.757
0380,43,0.759
0380,44,0.761
0380,45,0.762
0380,46,0.763
0380,47,0.765
0380,48,0.768
0380,49,0.772
0380,50,0.776
0380,51,0.778
0380,52,0.779
0381,2,0.007
0381,3,0.014
0381,4,0.02
0381,5,0.027
0381,6,0.028
0381,7,0.029
0381,8,0.03
0381,9,0.042
0381,10,0.047
0381,11,0.048
0381,12,0.049
0381,13,0.052
0381,14,0.054
0381,15,0.054
0381,16,0.055
0381,17,0.061
0381,18,0.075
0381,19,0.088
0381,20,0.109
0381,21,0.131
0381,22,0.141
0381,23,0.152
0381,24,0.158
0381,25,0.208
0381,26,0.422
0381,27,0.506
0381,28,0.598
0381,29,0.648
0381,30,0.674
0381,31,0.687
0381,32,0.697
0381,33,0.712
0381,34,0.726
0381,35,0.736
0381,36,0.744
0381,37,0.753
0381,38,0.758
0381,39,0.764
0381,40,0.769
0381,41,0.772
0381,42,0.774
0381,43,0.776
0381,44,0.779
0381,45,0.779
0381,46,0.783
0381,47,0.787
0381,48,0.788
0381,49,0.793
0381,50,0.798
0381,51,0.799
0381,52,0.8
0382,2,0.011
0382,3,0.019
0382,4,0.037
0382,5,0.043
0382,6,0.046
0382,7,0.047
0382,8,0.052
0382,9,0.056
0382,10,0.06
0382,11,0.062
0382,12,0.064
0382,13,0.064
0382,14,0.064
0382,15,0.064
0382,16,0.065
0382,17,0.074
0382,18,0.083
0382,19,0.097
0382,20,0.103
0382,21,0.158
0382,22,0.171
0382,23,0.178
0382,24,0.181
0382,25,0.351
0382,26,0.501
0382,27,0.603
0382,28,0.673
0382,29,0.698
0382,30,0.714
0382,31,0.724
0382,32,0.73
0382,33,0.737
0382,34,0.757
0382,35,0.772
0382,36,0.783
0382,37,0.788
0382,38,0.794
0382,39,0.798
0382,40,0.801
0382,41,0.802
0382,42,0.806
0382,43,0.807
0382,44,0.809
0382,45,0.809
0382,46,0.809
0382,47,0.812
0382,48,0.813
0382,49,0.815
0382,50,0.821
0382,51,0.821
0382,52,0.822
0428,2,0.021
0428,3,0.022
0428,4,0.024
0428,5,0.027
0428,6,0.029
0428,7,0.029
0428,8,0.057
0428,9,0.07
0428,10,0.077
0428,11,0.077
0428,12,0.077
0428,13,0.077
0428,14,0.079
0428,15,0.08
0428,16,0.085
0428,17,0.112
0428,18,0.128
0428,19,0.15
0428,20,0.161
0428,21,0.168
0428,22,0.18
0428,23,0.194
0428,24,0.221
0428,25,0.352
0428,26,0.418
0428,27,0.504
0428,28,0.562
0428,29,0.619
0428,30,0.633
0428,31,0.66
0428,32,0.691
0428,33,0.712
0428,34,0.722
0428,35,0.732
0428,36,0.749
0428,37,0.758
0428,38,0.768
0428,39,0.776
0428,40,0.778
0428,41,0.779
0428,42,0.781
0428,43,0.785
0428,44,0.787
0428,45,0.787
0428,46,0.788
0428,47,0.792
0428,48,0.797
0428,49,0.81
0428,50,0.818
0428,51,0.822
0428,52,0.822
0461,2,0.007
0461,3,0.016
0461,4,0.02
0461,5,0.02
0461,6,0.02
0461,7,0.033
0461,8,0.038
0461,9,0.047
0461,10,0.05
0461,11,0.051
0461,12,0.051
0461,13,0.051
0461,14,0.051
0461,15,0.06
0461,16,0.068
0461,17,0.077
0461,18,0.082
0461,19,0.097
0461,20,0.11
0461,21,0.115
0461,22,0.121
0461,23,0.127
0461,24,0.136
0461,25,0.191
0461,26,0.309
0461,27,0.362
0461,28,0.496
0461,29,0.533
0461,30,0.585
0461,31,0.611
0461,32,0.625
0461,33,0.636
0461,34,0.657
0461,35,0.671
0461,36,0.685
0461,37,0.702
0461,38,0.713
0461,39,0.719
0461,40,0.73
0461,41,0.732
0461,42,0.733
0461,43,0.738
0461,44,0.739
0461,45,0.741
0461,46,0.746
0461,47,0.747
0461,48,0.75
0461,49,0.754
0461,50,0.759
0461,51,0.765
0461,52,0.767
0480,1,0.002
0480,2,0.004
0480,3,0.008
0480,4,0.009
0480,5,0.01
0480,6,0.017
0480,7,0.018
0480,8,0.032
0480,9,0.054
0480,10,0.065
0480,11,0.065
0480,12,0.065
0480,13,0.065
0480,14,0.065
0480,15,0.067
0480,16,0.074
0480,17,0.088
0480,18,0.101
0480,19,0.116
0480,20,0.13
0480,21,0.14
0480,22,0.147
0480,23,0.158
0480,24,0.17
0480,25,0.231
0480,26,0.335
0480,27,0.451
0480,28,0.52
0480,29,0.564
0480,30,0.6
0480,31,0.618
0480,32,0.632
0480,33,0.664
0480,34,0.689
0480,35,0.702
0480,36,0.712
0480,37,0.725
0480,38,0.731
0480,39,0.74
0480,40,0.744
0480,41,0.747
0480,42,0.749
0480,43,0.752
0480,44,0.754
0480,45,0.755
0480,46,0.759
0480,47,0.764
0480,48,0.766
0480,49,0.772
0480,50,0.778
0480,51,0.784
0480,52,0.786
0481,2,0.012
0481,3,0.014
0481,4,0.015
0481,5,0.015
0481,6,0.02
0481,7,0.02
0481,8,0.026
0481,9,0.043
0481,10,0.049
0481,11,0.049
0481,12,0.049
0481,13,0.049
0481,14,0.049
0481,15,0.049
0481,16,0.057
0481,17,0.079
0481,18,0.094
0481,19,0.116
0481,20,0.128
0481,21,0.147
0481,22,0.159
0481,23,0.168
0481,24,0.183
0481,25,0.283
0481,26,0.343
0481,27,0.426
0481,28,0.482
0481,29,0.545
0481,30,0.587
0481,31,0.614
0481,32,0.631
0481,33,0.655
0481,34,0.693
0481,35,0.703
0481,36,0.713
0481,37,0.725
0481,38,0.735
0481,39,0.743
0481,40,0.744
0481,41,0.747
0481,42,0.752
0481,43,0.755
0481,44,0.755
0481,45,0.758
0481,46,0.761
0481,47,0.763
0481,48,0.766
0481,49,0.773
0481,50,0.779
0481,51,0.784
0481,52,0.785
0482,2,0.006
0482,3,0.007
0482,4,0.007
0482,5,0.008
0482,6,0.01
0482,7,0.011
0482,8,0.044
0482,9,0.048
0482,10,0.054
0482,11,0.054
0482,12,0.054
0482,13,0.054
0482,14,0.054
0482,15,0.068
0482,16,0.074
0482,17,0.081
0482,18,0.083
0482,19,0.098
0482,20,0.111
0482,21,0.113
0482,22,0.119
0482,23,0.125
0482,24,0.175
0482,25,0.232
0482,26,0.308
0482,27,0.373
0482,28,0.446
0482,29,0.492
0482,30,0.518
0482,31,0.527
0482,32,0.545
0482,33,0.557
0482,34,0.582
0482,35,0.587
0482,36,0.598
0482,37,0.613
0482,38,0.624
0482,39,0.635
0482,40,0.639
0482,41,0.64
0482,42,0.64
0482,43,0.642
0482,44,0.647
0482,45,0.649
0482,46,0.65
0482,47,0.653
0482,48,0.657
0482,49,0.664
0482,50,0.674
0482,51,0.682
0482,52,0.686
0483,1,0.002
0483,2,0.026
0483,3,0.027
0483,4,0.029
0483,5,0.03
0483,6,0.035
0483,7,0.035
0483,8,0.051
0483,9,0.063
0483,10,0.071
0483,11,0.072
0483,12,0.072
0483,13,0.072
0483,14,0.073
0483,15,0.075
0483,16,0.089
0483,17,0.106
0483,18,0.116
0483,19,0.141
0483,20,0.167
0483,21,0.17
0483,22,0.187
0483,23,0.2
0483,24,0.222
0483,25,0.311
0483,26,0.382
0483,27,0.476
0483,28,0.543
0483,29,0.61
0483,30,0.642
0483,31,0.664
0483,32,0.673
0483,33,0.69
0483,34,0.706
0483,35,0.717
0483,36,0.726
0483,37,0.733
0483,38,0.741
0483,39,0.747
0483,40,0.751
0483,41,0.754
0483,42,0.758
0483,43,0.759
0483,44,0.762
0483,45,0.765
0483,46,0.768
0483,47,0.773
0483,48,0.776
0483,49,0.783
0483,50,0.788
0483,51,0.796
0483,52,0.798
0484,1,0.005
0484,2,0.007
0484,3,0.014
0484,4,0.016
0484,5,0.017
0484,6,0.018
0484,7,0.02
0484,8,0.028
0484,9,0.042
0484,10,0.05
0484,11,0.051
0484,12,0.051
0484,13,0.052
0484,14,0.052
0484,15,0.054
0484,16,0.058
0484,17,0.073
0484,18,0.081
0484,19,0.096
0484,20,0.107
0484,21,0.113
0484,22,0.123
0484,23,0.128
0484,24,0.146
0484,25,0.191
0484,26,0.238
0484,27,0.319
0484,28,0.439
0484,29,0.51
0484,30,0.562
0484,31,0.58
0484,32,0.596
0484,33,0.61
0484,34,0.629
0484,35,0.646
0484,36,0.661
0484,37,0.672
0484,38,0.682
0484,39,0.688
0484,40,0.694
0484,41,0.699
0484,42,0.703
0484,43,0.707
0484,44,0.711
0484,45,0.713
0484,46,0.717
0484,47,0.723
0484,48,0.732
0484,49,0.738
0484,50,0.744
0484,51,0.75
0484,52,0.753
0486,1,0.001
0486,2,0.005
0486,3,0.011
0486,4,0.019
0486,5,0.019
0486,6,0.019
0486,7,0.028
0486,8,0.043
0486,9,0.058
0486,10,0.062
0486,11,0.063
0486,12,0.063
0486,13,0.064
0486,14,0.064
0486,15,0.066
0486,16,0.068
0486,17,0.073
0486,18,0.081
0486,19,0.095
0486,20,0.107
0486,21,0.118
0486,22,0.123
0486,23,0.127
0486,24,0.137
0486,25,0.221
0486,26,0.284
0486,27,0.402
0486,28,0.478
0486,29,0.528
0486,30,0.557
0486,31,0.577
0486,32,0.592
0486,33,0.605
0486,34,0.63
0486,35,0.654
0486,36,0.665
0486,37,0.677
0486,38,0.686
0486,39,0.696
0486,40,0.698
0486,41,0.699
0486,42,0.705
0486,43,0.707
0486,44,0.709
0486,45,0.711
0486,46,0.714
0486,47,0.717
0486,48,0.722
0486,49,0.729
0486,50,0.739
0486,51,0.743
0486,52,0.743
0488,2,0.019
0488,3,0.026
0488,4,0.031
0488,5,0.033
0488,6,0.033
0488,7,0.037
0488,8,0.039
0488,9,0.043
0488,10,0.046
0488,11,0.047
0488,12,0.048
0488,13,0.048
0488,14,0.048
0488,15,0.049
0488,16,0.052
0488,17,0.063
0488,18,0.069
0488,19,0.087
0488,20,0.098
0488,21,0.107
0488,22,0.112
0488,23,0.121
0488,24,0.138
0488,25,0.184
0488,26,0.287
0488,27,0.367
0488,28,0.464
0488,29,0.51
0488,30,0.554
0488,31,0.574
0488,32,0.598
0488,33,0.617
0488,34,0.64
0488,35,0.661
0488,36,0.677
0488,37,0.687
0488,38,0.701
0488,39,0.706
0488,40,0.707
0488,41,0.709
0488,42,0.713
0488,43,0.716
0488,44,0.716
0488,45,0.718
0488,46,0.722
0488,47,0.728
0488,48,0.737
0488,49,0.74
0488,50,0.746
0488,51,0.749
0488,52,0.75
0509,3,0.011
0509,4,0.011
0509,5,0.014
0509,6,0.022
0509,7,0.022
0509,8,0.047
0509,9,0.061
0509,10,0.072
0509,11,0.072
0509,12,0.072
0509,13,0.072
0509,14,0.072
0509,15,0.074
0509,16,0.085
0509,17,0.09
0509,18,0.103
0509,19,0.116
0509,20,0.132
0509,21,0.15
0509,22,0.181
0509,23,0.193
0509,24,0.199
0509,25,0.217
0509,26,0.259
0509,27,0.483
0509,28,0.53
0509,29,0.561
0509,30,0.573
0509,31,0.588
0509,32,0.597
0509,33,0.609
0509,34,0.653
0509,35,0.662
0509,36,0.673
0509,37,0.689
0509,38,0.703
0509,39,0.705
0509,40,0.707
0509,41,0.711
0509,42,0.718
0509,43,0.718
0509,44,0.72
0509,45,0.72
0509,46,0.722
0509,47,0.723
0509,48,0.729
0509,49,0.745
0509,50,0.75
0509,51,0.75
0509,52,0.75
0512,7,0.035
0512,8,0.068
0512,9,0.074
0512,10,0.081
0512,11,0.081
0512,12,0.081
0512,13,0.081
0512,14,0.081
0512,15,0.081
0512,16,0.087
0512,17,0.087
0512,18,0.11
0512,19,0.126
0512,20,0.148
0512,21,0.181
0512,22,0.19
0512,23,0.203
0512,24,0.216
0512,25,0.226
0512,26,0.345
0512,27,0.5
0512,28,0.577
0512,29,0.626
0512,30,0.652
0512,31,0.665
0512,32,0.674
0512,33,0.681
0512,34,0.706
0512,35,0.726
0512,36,0.742
0512,37,0.752
0512,38,0.771
0512,39,0.771
0512,40,0.781
0512,41,0.781
0512,42,0.787
0512,43,0.794
0512,44,0.794
0512,45,0.794
0512,46,0.797
0512,47,0.806
0512,48,0.806
0512,49,0.81
0512,50,0.816
0512,51,0.816
0512,52,0.819
0513,2,0.004
0513,3,0.004
0513,4,0.005
0513,5,0.006
0513,6,0.006
0513,7,0.009
0513,8,0.022
0513,9,0.028
0513,10,0.038
0513,11,0.047
0513,12,0.051
0513,13,0.055
0513,14,0.056
0513,15,0.057
0513,16,0.062
0513,17,0.083
0513,18,0.098
0513,19,0.116
0513,20,0.159
0513,21,0.191
0513,22,0.2
0513,23,0.214
0513,24,0.226
0513,25,0.235
0513,26,0.265
0513,27,0.494
0513,28,0.563
0513,29,0.62
0513,30,0.648
0513,31,0.672
0513,32,0.684
0513,33,0.71
0513,34,0.722
0513,35,0.736
0513,36,0.752
0513,37,0.767
0513,38,0.777
0513,39,0.79
0513,40,0.796
0513,41,0.797
0513,42,0.8
0513,43,0.802
0513,44,0.808
0513,45,0.812
0513,46,0.812
0513,47,0.818
0513,48,0.826
0513,49,0.832
0513,50,0.839
0513,51,0.841
0513,52,0.843
0560,3,0.009
0560,4,0.015
0560,5,0.017
0560,6,0.019
0560,7,0.026
0560,8,0.039
0560,9,0.049
0560,10,0.073
0560,11,0.078
0560,12,0.078
0560,13,0.083
0560,14,0.083
0560,15,0.085
0560,16,0.094
0560,17,0.101
0560,18,0.118
0560,19,0.145
0560,20,0.167
0560,21,0.204
0560,22,0.218
0560,23,0.225
0560,24,0.232
0560,25,0.24
0560,26,0.295
0560,27,0.443
0560,28,0.583
0560,29,0.615
0560,30,0.642
0560,31,0.651
0560,32,0.663
0560,33,0.695
0560,34,0.733
0560,35,0.746
0560,36,0.768
0560,37,0.784
0560,38,0.797
0560,39,0.797
0560,40,0.797
0560,41,0.797
0560,42,0.801
0560,43,0.802
0560,44,0.802
0560,45,0.806
0560,46,0.807
0560,47,0.809
0560,48,0.811
0560,49,0.814
0560,50,0.818
0560,51,0.821
0560,52,0.821
0561,3,0.007
0561,4,0.008
0561,5,0.013
0561,6,0.014
0561,7,0.02
0561,8,0.039
0561,9,0.059
0561,10,0.076
0561,11,0.077
0561,12,0.077
0561,13,0.077
0561,14,0.077
0561,15,0.077
0561,16,0.079
0561,17,0.088
0561,18,0.097
0561,19,0.111
0561,20,0.154
0561,21,0.178
0561,22,0.205
0561,23,0.226
0561,24,0.236
0561,25,0.247
0561,26,0.264
0561,27,0.546
0561,28,0.627
0561,29,0.662
0561,30,0.698
0561,31,0.719
0561,32,0.733
0561,33,0.752
0561,34,0.763
0561,35,0.772
0561,36,0.78
0561,37,0.788
0561,38,0.802
0561,39,0.806
0561,40,0.81
0561,41,0.815
0561,42,0.816
0561,43,0.818
0561,44,0.818
0561,45,0.818
0561,46,0.822
0561,47,0.827
0561,48,0.83
0561,49,0.836
0561,50,0.842
0561,51,0.844
0561,52,0.845
0562,2,0.003
0562,3,0.006
0562,4,0.006
0562,5,0.008
0562,6,0.01
0562,7,0.018
0562,8,0.019
0562,9,0.029
0562,10,0.035
0562,11,0.043
0562,12,0.044
0562,13,0.045
0562,14,0.045
0562,15,0.046
0562,16,0.049
0562,17,0.073
0562,18,0.084
0562,19,0.091
0562,20,0.142
0562,21,0.191
0562,22,0.208
0562,23,0.216
0562,24,0.23
0562,25,0.245
0562,26,0.269
0562,27,0.368
0562,28,0.476
0562,29,0.577
0562,30,0.603
0562,31,0.62
0562,32,0.654
0562,33,0.676
0562,34,0.698
0562,35,0.704
0562,36,0.71
0562,37,0.718
0562,38,0.732
0562,39,0.742
0562,40,0.747
0562,41,0.749
0562,42,0.752
0562,43,0.754
0562,44,0.757
0562,45,0.759
0562,46,0.763
0562,47,0.769
0562,48,0.773
0562,49,0.778
0562,50,0.783
0562,51,0.787
0562,52,0.791
0563,3,0.005
0563,4,0.007
0563,5,0.011
0563,6,0.015
0563,7,0.016
0563,8,0.033
0563,9,0.037
0563,10,0.059
0563,11,0.078
0563,12,0.089
0563,13,0.09
0563,14,0.09
0563,15,0.09
0563,16,0.092
0563,17,0.112
0563,18,0.119
0563,19,0.152
0563,20,0.195
0563,21,0.225
0563,22,0.236
0563,23,0.252
0563,24,0.26
0563,25,0.263
0563,26,0.286
0563,27,0.34
0563,28,0.423
0563,29,0.468
0563,30,0.556
0563,31,0.581
0563,32,0.648
0563,33,0.67
0563,34,0.673
0563,35,0.688
0563,36,0.705
0563,37,0.708
0563,38,0.734
0563,39,0.742
0563,40,0.748
0563,41,0.748
0563,42,0.752
0563,43,0.755
0563,44,0.755
0563,45,0.756
0563,46,0.758
0563,47,0.759
0563,48,0.762
0563,49,0.767
0563,50,0.771
0563,51,0.773
0563,52,0.773
0580,1,0.003
0580,2,0.004
0580,3,0.008
0580,4,0.013
0580,5,0.016
0580,6,0.018
0580,7,0.027
0580,8,0.033
0580,9,0.051
0580,10,0.064
0580,11,0.067
0580,12,0.068
0580,13,0.069
0580,14,0.07
0580,15,0.071
0580,16,0.072
0580,17,0.081
0580,18,0.089
0580,19,0.102
0580,20,0.133
0580,21,0.165
0580,22,0.193
0580,23,0.205
0580,24,0.219
0580,25,0.233
0580,26,0.27
0580,27,0.541
0580,28,0.616
0580,29,0.663
0580,30,0.691
0580,31,0.706
0580,32,0.714
0580,33,0.726
0580,34,0.739
0580,35,0.745
0580,36,0.756
0580,37,0.764
0580,38,0.775
0580,39,0.779
0580,40,0.782
0580,41,0.784
0580,42,0.786
0580,43,0.787
0580,44,0.788
0580,45,0.789
0580,46,0.792
0580,47,0.795
0580,48,0.8
0580,49,0.804
0580,50,0.808
0580,51,0.809
0580,52,0.81
0581,1,0.001
0581,2,0.002
0581,3,0.005
0581,4,0.009
0581,5,0.012
0581,6,0.013
0581,7,0.018
0581,8,0.026
0581,9,0.038
0581,10,0.046
0581,11,0.051
0581,12,0.052
0581,13,0.053
0581,14,0.054
0581,15,0.055
0581,16,0.056
0581,17,0.065
0581,18,0.073
0581,19,0.084
0581,20,0.129
0581,21,0.155
0581,22,0.172
0581,23,0.181
0581,24,0.199
0581,25,0.209
0581,26,0.238
0581,27,0.373
0581,28,0.492
0581,29,0.586
0581,30,0.618
0581,31,0.634
0581,32,0.644
0581,33,0.659
0581,34,0.671
0581,35,0.683
0581,36,0.694
0581,37,0.701
0581,38,0.713
0581,39,0.721
0581,40,0.726
0581,41,0.728
0581,42,0.731
0581,43,0.733
0581,44,0.736
0581,45,0.738
0581,46,0.741
0581,47,0.745
0581,48,0.752
0581,49,0.759
0581,50,0.764
0581,51,0.767
0581,52,0.768
0582,3,0.004
0582,4,0.01
0582,5,0.031
0582,6,0.037
0582,7,0.046
0582,8,0.053
0582,9,0.058
0582,10,0.073
0582,11,0.079
0582,12,0.08
0582,13,0.082
0582,14,0.082
0582,15,0.082
0582,16,0.09
0582,17,0.099
0582,18,0.107
0582,19,0.13
0582,20,0.162
0582,21,0.196
0582,22,0.22
0582,23,0.229
0582,24,0.244
0582,25,0.255
0582,26,0.276
0582,27,0.41
0582,28,0.524
0582,29,0.625
0582,30,0.659
0582,31,0.672
0582,32,0.686
0582,33,0.713
0582,34,0.728
0582,35,0.743
0582,36,0.757
0582,37,0.769
0582,38,0.783
0582,39,0.791
0582,40,0.794
0582,41,0.796
0582,42,0.799
0582,43,0.803
0582,44,0.803
0582,45,0.805
0582,46,0.808
0582,47,0.81
0582,48,0.812
0582,49,0.821
0582,50,0.829
0582,51,0.832
0582,52,0.834
0583,1,0.002
0583,2,0.005
0583,3,0.009
0583,4,0.013
0583,5,0.014
0583,6,0.016
0583,7,0.022
0583,8,0.031
0583,9,0.045
0583,10,0.065
0583,11,0.072
0583,12,0.074
0583,13,0.074
0583,14,0.075
0583,15,0.077
0583,16,0.088
0583,17,0.1
0583,18,0.108
0583,19,0.122
0583,20,0.137
0583,21,0.158
0583,22,0.194
0583,23,0.226
0583,24,0.244
0583,25,0.258
0583,26,0.332
0583,27,0.552
0583,28,0.614
0583,29,0.639
0583,30,0.663
0583,31,0.679
0583,32,0.692
0583,33,0.701
0583,34,0.717
0583,35,0.73
0583,36,0.74
0583,37,0.75
0583,38,0.765
0583,39,0.769
0583,40,0.774
0583,41,0.777
0583,42,0.78
0583,43,0.782
0583,44,0.783
0583,45,0.784
0583,46,0.787
0583,47,0.791
0583,48,0.799
0583,49,0.805
0583,50,0.81
0583,51,0.813
0583,52,0.815
0584,2,0.006
0584,3,0.012
0584,4,0.018
0584,5,0.031
0584,6,0.035
0584,7,0.047
0584,8,0.066
0584,9,0.075
0584,10,0.089
0584,11,0.102
0584,12,0.107
0584,13,0.107
0584,14,0.108
0584,15,0.114
0584,16,0.142
0584,17,0.167
0584,18,0.184
0584,19,0.2
0584,20,0.221
0584,21,0.268
0584,22,0.294
0584,23,0.317
0584,24,0.342
0584,25,0.377
0584,26,0.475
0584,27,0.576
0584,28,0.667
0584,29,0.699
0584,30,0.721
0584,31,0.738
0584,32,0.75
0584,33,0.763
0584,34,0.766
0584,35,0.784
0584,36,0.792
0584,37,0.797
0584,38,0.808
0584,39,0.81
0584,40,0.822
0584,41,0.822
0584,42,0.822
0584,43,0.826
0584,44,0.826
0584,45,0.826
0584,46,0.826
0584,47,0.83
0584,48,0.832
0584,49,0.841
0584,50,0.849
0584,51,0.852
0584,52,0.854
0586,1,0.004
0586,2,0.004
0586,3,0.009
0586,4,0.01
0586,5,0.012
0586,6,0.012
0586,7,0.02
0586,8,0.026
0586,9,0.048
0586,10,0.058
0586,11,0.062
0586,12,0.064
0586,13,0.066
0586,14,0.067
0586,15,0.069
0586,16,0.074
0586,17,0.083
0586,18,0.087
0586,19,0.098
0586,20,0.115
0586,21,0.158
0586,22,0.198
0586,23,0.212
0586,24,0.23
0586,25,0.243
0586,26,0.339
0586,27,0.609
0586,28,0.651
0586,29,0.688
0586,30,0.703
0586,31,0.721
0586,32,0.726
0586,33,0.739
0586,34,0.756
0586,35,0.773
0586,36,0.782
0586,37,0.789
0586,38,0.802
0586,39,0.804
0586,40,0.808
0586,41,0.81
0586,42,0.812
0586,43,0.814
0586,44,0.816
0586,45,0.816
0586,46,0.819
0586,47,0.822
0586,48,0.825
0586,49,0.83
0586,50,0.833
0586,51,0.836
0586,52,0.838
0604,2,0.009
0604,3,0.015
0604,4,0.018
0604,5,0.018
0604,6,0.018
0604,7,0.028
0604,8,0.04
0604,9,0.054
0604,10,0.074
0604,11,0.077
0604,12,0.078
0604,13,0.078
0604,14,0.078
0604,15,0.078
0604,16,0.085
0604,17,0.096
0604,18,0.109
0604,19,0.116
0604,20,0.12
0604,21,0.125
0604,22,0.13
0604,23,0.132
0604,24,0.146
0604,25,0.248
0604,26,0.384
0604,27,0.476
0604,28,0.523
0604,29,0.577
0604,30,0.594
0604,31,0.617
0604,32,0.63
0604,33,0.636
0604,34,0.661
0604,35,0.682
0604,36,0.695
0604,37,0.708
0604,38,0.719
0604,39,0.727
0604,40,0.731
0604,41,0.733
0604,42,0.734
0604,43,0.738
0604,44,0.74
0604,45,0.743
0604,46,0.75
0604,47,0.76
0604,48,0.769
0604,49,0.777
0604,50,0.784
0604,51,0.787
0604,52,0.787
0617,2,0.004
0617,3,0.005
0617,4,0.009
0617,5,0.009
0617,6,0.011
0617,7,0.021
0617,8,0.026
0617,9,0.027
0617,10,0.038
0617,11,0.039
0617,12,0.04
0617,13,0.041
0617,14,0.041
0617,15,0.044
0617,16,0.044
0617,17,0.053
0617,18,0.064
0617,19,0.066
0617,20,0.068
0617,21,0.072
0617,22,0.087
0617,23,0.089
0617,24,0.095
0617,25,0.142
0617,26,0.25
0617,27,0.372
0617,28,0.403
0617,29,0.459
0617,30,0.51
0617,31,0.533
0617,32,0.543
0617,33,0.551
0617,34,0.581
0617,35,0.6
0617,36,0.616
0617,37,0.627
0617,38,0.636
0617,39,0.641
0617,40,0.655
0617,41,0.661
0617,42,0.666
0617,43,0.669
0617,44,0.672
0617,45,0.674
0617,46,0.681
0617,47,0.69
0617,48,0.695
0617,49,0.702
0617,50,0.705
0617,51,0.707
0617,52,0.707
0642,2,0.018
0642,3,0.026
0642,4,0.027
0642,5,0.027
0642,6,0.029
0642,7,0.037
0642,8,0.046
0642,9,0.059
0642,10,0.068
0642,11,0.07
0642,12,0.072
0642,13,0.074
0642,14,0.074
0642,15,0.074
0642,16,0.075
0642,17,0.087
0642,18,0.099
0642,19,0.11
0642,20,0.118
0642,21,0.121
0642,22,0.138
0642,23,0.144
0642,24,0.151
0642,25,0.198
0642,26,0.298
0642,27,0.399
0642,28,0.437
0642,29,0.5
0642,30,0.561
0642,31,0.567
0642,32,0.59
0642,33,0.614
0642,34,0.621
0642,35,0.671
0642,36,0.691
0642,37,0.703
0642,38,0.704
0642,39,0.715
0642,40,0.72
0642,41,0.727
0642,42,0.732
0642,43,0.736
0642,44,0.739
0642,45,0.742
0642,46,0.743
0642,47,0.752
0642,48,0.76
0642,49,0.77
0642,50,0.779
0642,51,0.785
0642,52,0.789
0643,2,0.009
0643,3,0.015
0643,4,0.017
0643,5,0.017
0643,6,0.024
0643,7,0.028
0643,8,0.039
0643,9,0.049
0643,10,0.056
0643,11,0.06
0643,12,0.063
0643,13,0.064
0643,14,0.064
0643,15,0.064
0643,16,0.068
0643,17,0.079
0643,18,0.099
0643,19,0.108
0643,20,0.113
0643,21,0.121
0643,22,0.134
0643,23,0.147
0643,24,0.172
0643,25,0.225
0643,26,0.38
0643,27,0.519
0643,28,0.564
0643,29,0.629
0643,30,0.68
0643,31,0.696
0643,32,0.718
0643,33,0.73
0643,34,0.756
0643,35,0.787
0643,36,0.798
0643,37,0.814
0643,38,0.819
0643,39,0.823
0643,40,0.832
0643,41,0.833
0643,42,0.835
0643,43,0.836
0643,44,0.837
0643,45,0.839
0643,46,0.84
0643,47,0.845
0643,48,0.851
0643,49,0.857
0643,50,0.862
0643,51,0.865
0643,52,0.866
0662,2,0.003
0662,3,0.006
0662,4,0.006
0662,5,0.008
0662,6,0.009
0662,7,0.013
0662,8,0.025
0662,9,0.033
0662,10,0.042
0662,11,0.045
0662,12,0.046
0662,13,0.047
0662,14,0.047
0662,15,0.049
0662,16,0.049
0662,17,0.055
0662,18,0.066
0662,19,0.07
0662,20,0.076
0662,21,0.082
0662,22,0.091
0662,23,0.095
0662,24,0.099
0662,25,0.17
0662,26,0.277
0662,27,0.379
0662,28,0.426
0662,29,0.469
0662,30,0.498
0662,31,0.51
0662,32,0.525
0662,33,0.533
0662,34,0.562
0662,35,0.579
0662,36,0.596
0662,37,0.61
0662,38,0.618
0662,39,0.624
0662,40,0.633
0662,41,0.637
0662,42,0.643
0662,43,0.645
0662,44,0.648
0662,45,0.651
0662,46,0.657
0662,47,0.663
0662,48,0.673
0662,49,0.682
0662,50,0.69
0662,51,0.699
0662,52,0.702
0665,2,0.003
0665,3,0.007
0665,4,0.01
0665,5,0.012
0665,6,0.013
0665,7,0.016
0665,8,0.025
0665,9,0.035
0665,10,0.04
0665,11,0.045
0665,12,0.046
0665,13,0.048
0665,14,0.048
0665,15,0.049
0665,16,0.05
0665,17,0.064
0665,18,0.076
0665,19,0.082
0665,20,0.087
0665,21,0.091
0665,22,0.098
0665,23,0.107
0665,24,0.117
0665,25,0.184
0665,26,0.325
0665,27,0.433
0665,28,0.465
0665,29,0.51
0665,30,0.528
0665,31,0.558
0665,32,0.562
0665,33,0.564
0665,34,0.585
0665,35,0.613
0665,36,0.63
0665,37,0.645
0665,38,0.661
0665,39,0.672
0665,40,0.675
0665,41,0.675
0665,42,0.677
0665,43,0.683
0665,44,0.687
0665,45,0.688
0665,46,0.697
0665,47,0.701
0665,48,0.71
0665,49,0.715
0665,50,0.723
0665,51,0.731
0665,52,0.731
0680,1,0.0
0680,2,0.006
0680,3,0.014
0680,4,0.018
0680,5,0.019
0680,6,0.026
0680,7,0.03
0680,8,0.037
0680,9,0.043
0680,10,0.054
0680,11,0.06
0680,12,0.061
0680,13,0.062
0680,14,0.062
0680,15,0.064
0680,16,0.067
0680,17,0.078
0680,18,0.09
0680,19,0.096
0680,20,0.101
0680,21,0.106
0680,22,0.113
0680,23,0.122
0680,24,0.135
0680,25,0.196
0680,26,0.289
0680,27,0.431
0680,28,0.474
0680,29,0.522
0680,30,0.543
0680,31,0.568
0680,32,0.591
0680,33,0.609
0680,34,0.63
0680,35,0.653
0680,36,0.669
0680,37,0.681
0680,38,0.69
0680,39,0.697
0680,40,0.703
0680,41,0.707
0680,42,0.709
0680,43,0.712
0680,44,0.714
0680,45,0.717
0680,46,0.722
0680,47,0.728
0680,48,0.735
0680,49,0.74
0680,50,0.747
0680,51,0.75
0680,52,0.752
0682,1,0.001
0682,2,0.009
0682,3,0.017
0682,4,0.019
0682,5,0.02
0682,6,0.021
0682,7,0.029
0682,8,0.037
0682,9,0.045
0682,10,0.059
0682,11,0.065
0682,12,0.066
0682,13,0.067
0682,14,0.067
0682,15,0.068
0682,16,0.071
0682,17,0.086
0682,18,0.104
0682,19,0.115
0682,20,0.119
0682,21,0.124
0682,22,0.135
0682,23,0.147
0682,24,0.157
0682,25,0.216
0682,26,0.317
0682,27,0.434
0682,28,0.464
0682,29,0.519
0682,30,0.556
0682,31,0.569
0682,32,0.576
0682,33,0.589
0682,34,0.605
0682,35,0.635
0682,36,0.653
0682,37,0.661
0682,38,0.677
0682,39,0.688
0682,40,0.693
0682,41,0.699
0682,42,0.704
0682,43,0.707
0682,44,0.71
0682,45,0.711
0682,46,0.72
0682,47,0.727
0682,48,0.733
0682,49,0.739
0682,50,0.747
0682,51,0.748
0682,52,0.749
0683,2,0.007
0683,3,0.014
0683,4,0.017
0683,5,0.018
0683,6,0.02
0683,7,0.023
0683,8,0.049
0683,9,0.054
0683,10,0.062
0683,11,0.065
0683,12,0.065
0683,13,0.07
0683,14,0.07
0683,15,0.071
0683,16,0.074
0683,17,0.086
0683,18,0.099
0683,19,0.105
0683,20,0.112
0683,21,0.115
0683,22,0.126
0683,23,0.132
0683,24,0.14
0683,25,0.203
0683,26,0.32
0683,27,0.446
0683,28,0.489
0683,29,0.538
0683,30,0.579
0683,31,0.599
0683,32,0.611
0683,33,0.624
0683,34,0.639
0683,35,0.661
0683,36,0.679
0683,37,0.69
0683,38,0.696
0683,39,0.702
0683,40,0.708
0683,41,0.712
0683,42,0.716
0683,43,0.719
0683,44,0.722
0683,45,0.726
0683,46,0.732
0683,47,0.739
0683,48,0.747
0683,49,0.757
0683,50,0.764
0683,51,0.769
0683,52,0.773
0684,2,0.006
0684,3,0.009
0684,4,0.011
0684,5,0.011
0684,6,0.012
0684,7,0.013
0684,8,0.016
0684,9,0.054
0684,10,0.06
0684,11,0.067
0684,12,0.069
0684,13,0.069
0684,14,0.07
0684,15,0.07
0684,16,0.07
0684,17,0.075
0684,18,0.085
0684,19,0.088
0684,20,0.093
0684,21,0.093
0684,22,0.099
0684,23,0.102
0684,24,0.103
0684,25,0.187
0684,26,0.289
0684,27,0.426
0684,28,0.469
0684,29,0.506
0684,30,0.536
0684,31,0.557
0684,32,0.563
0684,33,0.565
0684,34,0.584
0684,35,0.598
0684,36,0.628
0684,37,0.638
0684,38,0.65
0684,39,0.663
0684,40,0.667
0684,41,0.668
0684,42,0.67
0684,43,0.672
0684,44,0.674
0684,45,0.676
0684,46,0.69
0684,47,0.702
0684,48,0.714
0684,49,0.719
0684,50,0.722
0684,51,0.727
0684,52,0.73
0685,2,0.003
0685,3,0.009
0685,4,0.011
0685,5,0.012
0685,6,0.012
0685,7,0.02
0685,8,0.022
0685,9,0.045
0685,10,0.059
0685,11,0.062
0685,12,0.064
0685,13,0.065
0685,14,0.065
0685,15,0.066
0685,16,0.069
0685,17,0.077
0685,18,0.096
0685,19,0.105
0685,20,0.116
0685,21,0.119
0685,22,0.127
0685,23,0.136
0685,24,0.144
0685,25,0.227
0685,26,0.364
0685,27,0.462
0685,28,0.51
0685,29,0.562
0685,30,0.589
0685,31,0.609
0685,32,0.627
0685,33,0.645
0685,34,0.662
0685,35,0.681
0685,36,0.696
0685,37,0.713
0685,38,0.724
0685,39,0.729
0685,40,0.735
0685,41,0.741
0685,42,0.743
0685,43,0.745
0685,44,0.748
0685,45,0.75
0685,46,0.757
0685,47,0.765
0685,48,0.769
0685,49,0.776
0685,50,0.782
0685,51,0.785
0685,52,0.785
0686,2,0.006
0686,3,0.014
0686,4,0.015
0686,5,0.018
0686,6,0.025
0686,7,0.059
0686,8,0.08
0686,9,0.095
0686,10,0.115
0686,11,0.119
0686,12,0.119
0686,13,0.119
0686,14,0.119
0686,15,0.121
0686,16,0.127
0686,17,0.138
0686,18,0.159
0686,19,0.166
0686,20,0.171
0686,21,0.175
0686,22,0.189
0686,23,0.194
0686,24,0.198
0686,25,0.244
0686,26,0.366
0686,27,0.51
0686,28,0.548
0686,29,0.61
0686,30,0.634
0686,31,0.652
0686,32,0.655
0686,33,0.665
0686,34,0.684
0686,35,0.709
0686,36,0.719
0686,37,0.728
0686,38,0.735
0686,39,0.741
0686,40,0.751
0686,41,0.753
0686,42,0.755
0686,43,0.757
0686,44,0.761
0686,45,0.765
0686,46,0.773
0686,47,0.775
0686,48,0.782
0686,49,0.79
0686,50,0.796
0686,51,0.797
0686,52,0.799
0687,2,0.004
0687,3,0.007
0687,4,0.009
0687,5,0.009
0687,6,0.009
0687,7,0.02
0687,8,0.035
0687,9,0.044
0687,10,0.049
0687,11,0.049
0687,12,0.05
0687,13,0.051
0687,14,0.052
0687,15,0.053
0687,16,0.076
0687,17,0.083
0687,18,0.097
0687,19,0.107
0687,20,0.114
0687,21,0.122
0687,22,0.139
0687,23,0.141
0687,24,0.148
0687,25,0.192
0687,26,0.317
0687,27,0.442
0687,28,0.49
0687,29,0.565
0687,30,0.604
0687,31,0.611
0687,32,0.649
0687,33,0.662
0687,34,0.682
0687,35,0.707
0687,36,0.723
0687,37,0.735
0687,38,0.746
0687,39,0.75
0687,40,0.756
0687,41,0.76
0687,42,0.764
0687,43,0.767
0687,44,0.77
0687,45,0.772
0687,46,0.777
0687,47,0.786
0687,48,0.791
0687,49,0.798
0687,50,0.802
0687,51,0.807
0687,52,0.808
0760,3,0.008
0760,4,0.008
0760,5,0.011
0760,6,0.013
0760,7,0.015
0760,8,0.02
0760,9,0.031
0760,10,0.04
0760,11,0.042
0760,12,0.046
0760,13,0.052
0760,14,0.053
0760,15,0.053
0760,16,0.055
0760,17,0.068
0760,18,0.077
0760,19,0.088
0760,20,0.105
0760,21,0.106
0760,22,0.107
0760,23,0.125
0760,24,0.137
0760,25,0.144
0760,26,0.169
0760,27,0.249
0760,28,0.367
0760,29,0.43
0760,30,0.465
0760,31,0.495
0760,32,0.513
0760,33,0.536
0760,34,0.545
0760,35,0.562
0760,36,0.583
0760,37,0.598
0760,38,0.615
0760,39,0.622
0760,40,0.636
0760,41,0.644
0760,42,0.654
0760,43,0.662
0760,44,0.667
0760,45,0.67
0760,46,0.674
0760,47,0.676
0760,48,0.687
0760,49,0.692
0760,50,0.698
0760,51,0.705
0760,52,0.706
0761,2,0.006
0761,3,0.018
0761,4,0.026
0761,5,0.028
0761,6,0.031
0761,7,0.038
0761,8,0.041
0761,9,0.07
0761,10,0.077
0761,11,0.078
0761,12,0.079
0761,13,0.085
0761,14,0.088
0761,15,0.097
0761,16,0.102
0761,17,0.109
0761,18,0.125
0761,19,0.146
0761,20,0.162
0761,21,0.164
0761,22,0.169
0761,23,0.183
0761,24,0.198
0761,25,0.219
0761,26,0.23
0761,27,0.326
0761,28,0.468
0761,29,0.532
0761,30,0.574
0761,31,0.6
0761,32,0.619
0761,33,0.638
0761,34,0.651
0761,35,0.663
0761,36,0.674
0761,37,0.691
0761,38,0.7
0761,39,0.71
0761,40,0.718
0761,41,0.733
0761,42,0.735
0761,43,0.737
0761,44,0.747
0761,45,0.749
0761,46,0.752
0761,47,0.758
0761,48,0.764
0761,49,0.776
0761,50,0.781
0761,51,0.787
0761,52,0.787
0763,1,0.008
0763,2,0.011
0763,3,0.025
0763,4,0.03
0763,5,0.033
0763,6,0.034
0763,7,0.044
0763,8,0.045
0763,9,0.065
0763,10,0.077
0763,11,0.081
0763,12,0.09
0763,13,0.098
0763,14,0.1
0763,15,0.121
0763,16,0.134
0763,17,0.139
0763,18,0.156
0763,19,0.175
0763,20,0.181
0763,21,0.185
0763,22,0.19
0763,23,0.205
0763,24,0.215
0763,25,0.226
0763,26,0.252
0763,27,0.333
0763,28,0.471
0763,29,0.566
0763,30,0.599
0763,31,0.618
0763,32,0.635
0763,33,0.648
0763,34,0.656
0763,35,0.666
0763,36,0.679
0763,37,0.685
0763,38,0.697
0763,39,0.702
0763,40,0.71
0763,41,0.72
0763,42,0.723
0763,43,0.73
0763,44,0.735
0763,45,0.736
0763,46,0.741
0763,47,0.746
0763,48,0.754
0763,49,0.758
0763,50,0.762
0763,51,0.771
0763,52,0.772
0764,1,0.003
0764,2,0.008
0764,3,0.015
0764,4,0.015
0764,5,0.017
0764,6,0.018
0764,7,0.025
0764,8,0.037
0764,9,0.047
0764,10,0.055
0764,11,0.062
0764,12,0.065
0764,13,0.067
0764,14,0.067
0764,15,0.072
0764,16,0.084
0764,17,0.09
0764,18,0.109
0764,19,0.121
0764,20,0.127
0764,21,0.135
0764,22,0.14
0764,23,0.148
0764,24,0.156
0764,25,0.165
0764,26,0.174
0764,27,0.267
0764,28,0.387
0764,29,0.5
0764,30,0.552
0764,31,0.582
0764,32,0.599
0764,33,0.615
0764,34,0.627
0764,35,0.647
0764,36,0.656
0764,37,0.673
0764,38,0.685
0764,39,0.691
0764,40,0.702
0764,41,0.708
0764,42,0.715
0764,43,0.719
0764,44,0.72
0764,45,0.722
0764,46,0.726
0764,47,0.729
0764,48,0.731
0764,49,0.737
0764,50,0.743
0764,51,0.746
0764,52,0.749
0765,1,0.007
0765,2,0.012
0765,3,0.023
0765,4,0.023
0765,5,0.023
0765,6,0.025
0765,7,0.026
0765,8,0.026
0765,9,0.042
0765,10,0.045
0765,11,0.047
0765,12,0.049
0765,13,0.05
0765,14,0.05
0765,15,0.051
0765,16,0.055
0765,17,0.065
0765,18,0.081
0765,19,0.097
0765,20,0.103
0765,21,0.104
0765,22,0.104
0765,23,0.111
0765,24,0.119
0765,25,0.126
0765,26,0.146
0765,27,0.242
0765,28,0.359
0765,29,0.459
0765,30,0.51
0765,31,0.539
0765,32,0.558
0765,33,0.585
0765,34,0.595
0765,35,0.608
0765,36,0.619
0765,37,0.627
0765,38,0.634
0765,39,0.64
0765,40,0.651
0765,41,0.659
0765,42,0.663
0765,43,0.664
0765,44,0.669
0765,45,0.669
0765,46,0.671
0765,47,0.679
0765,48,0.685
0765,49,0.691
0765,50,0.695
0765,51,0.697
0765,52,0.698
0767,1,0.004
0767,2,0.006
0767,3,0.014
0767,4,0.015
0767,5,0.016
0767,6,0.018
0767,7,0.023
0767,8,0.025
0767,9,0.029
0767,10,0.035
0767,11,0.038
0767,12,0.041
0767,13,0.049
0767,14,0.05
0767,15,0.05
0767,16,0.057
0767,17,0.069
0767,18,0.078
0767,19,0.091
0767,20,0.103
0767,21,0.104
0767,22,0.106
0767,23,0.112
0767,24,0.116
0767,25,0.125
0767,26,0.135
0767,27,0.205
0767,28,0.322
0767,29,0.408
0767,30,0.434
0767,31,0.452
0767,32,0.475
0767,33,0.491
0767,34,0.504
0767,35,0.512
0767,36,0.538
0767,37,0.55
0767,38,0.557
0767,39,0.564
0767,40,0.567
0767,41,0.575
0767,42,0.585
0767,43,0.594
0767,44,0.597
0767,45,0.601
0767,46,0.609
0767,47,0.626
0767,48,0.632
0767,49,0.638
0767,50,0.647
0767,51,0.649
0767,52,0.654
0780,1,0.002
0780,2,0.004
0780,3,0.011
0780,4,0.014
0780,5,0.017
0780,6,0.023
0780,7,0.027
0780,8,0.033
0780,9,0.048
0780,10,0.059
0780,11,0.066
0780,12,0.069
0780,13,0.073
0780,14,0.075
0780,15,0.079
0780,16,0.09
0780,17,0.1
0780,18,0.112
0780,19,0.124
0780,20,0.134
0780,21,0.14
0780,22,0.145
0780,23,0.152
0780,24,0.161
0780,25,0.172
0780,26,0.192
0780,27,0.269
0780,28,0.406
0780,29,0.508
0780,30,0.571
0780,31,0.611
0780,32,0.63
0780,33,0.648
0780,34,0.662
0780,35,0.673
0780,36,0.686
0780,37,0.697
0780,38,0.706
0780,39,0.714
0780,40,0.724
0780,41,0.73
0780,42,0.734
0780,43,0.737
0780,44,0.74
0780,45,0.742
0780,46,0.746
0780,47,0.751
0780,48,0.758
0780,49,0.762
0780,50,0.766
0780,51,0.769
0780,52,0.77
0781,2,0.001
0781,3,0.002
0781,4,0.009
0781,5,0.015
0781,6,0.021
0781,7,0.029
0781,8,0.033
0781,9,0.049
0781,10,0.06
0781,11,0.067
0781,12,0.068
0781,13,0.071
0781,14,0.072
0781,15,0.076
0781,16,0.081
0781,17,0.089
0781,18,0.106
0781,19,0.123
0781,20,0.13
0781,21,0.133
0781,22,0.136
0781,23,0.147
0781,24,0.15
0781,25,0.157
0781,26,0.188
0781,27,0.297
0781,28,0.423
0781,29,0.492
0781,30,0.524
0781,31,0.553
0781,32,0.566
0781,33,0.582
0781,34,0.6
0781,35,0.609
0781,36,0.625
0781,37,0.636
0781,38,0.645
0781,39,0.651
0781,40,0.659
0781,41,0.668
0781,42,0.674
0781,43,0.674
0781,44,0.679
0781,45,0.68
0781,46,0.684
0781,47,0.69
0781,48,0.692
0781,49,0.696
0781,50,0.704
0781,51,0.708
0781,52,0.709
0821,2,0.008
0821,3,0.016
0821,4,0.024
0821,5,0.042
0821,6,0.042
0821,7,0.059
0821,8,0.073
0821,9,0.081
0821,10,0.087
0821,11,0.087
0821,12,0.089
0821,13,0.089
0821,14,0.089
0821,15,0.089
0821,16,0.089
0821,17,0.091
0821,18,0.099
0821,19,0.109
0821,20,0.109
0821,21,0.113
0821,22,0.113
0821,23,0.117
0821,24,0.123
0821,25,0.127
0821,26,0.18
0821,27,0.269
0821,28,0.394
0821,29,0.467
0821,30,0.499
0821,31,0.523
0821,32,0.535
0821,33,0.539
0821,34,0.545
0821,35,0.549
0821,36,0.592
0821,37,0.598
0821,38,0.62
0821,39,0.622
0821,40,0.624
0821,41,0.638
0821,42,0.648
0821,43,0.653
0821,44,0.653
0821,45,0.655
0821,46,0.657
0821,47,0.665
0821,48,0.685
0821,49,0.695
0821,50,0.699
0821,51,0.701
0821,52,0.701
0834,3,0.02
0834,4,0.027
0834,5,0.03
0834,6,0.033
0834,7,0.059
0834,8,0.066
0834,9,0.08
0834,10,0.09
0834,11,0.093
0834,12,0.093
0834,13,0.095
0834,14,0.095
0834,15,0.095
0834,16,0.098
0834,17,0.116
0834,18,0.122
0834,19,0.128
0834,20,0.132
0834,21,0.135
0834,22,0.14
0834,23,0.15
0834,24,0.165
0834,25,0.177
0834,26,0.268
0834,27,0.395
0834,28,0.526
0834,29,0.582
0834,30,0.605
0834,31,0.611
0834,32,0.62
0834,33,0.639
0834,34,0.642
0834,35,0.66
0834,36,0.675
0834,37,0.683
0834,38,0.713
0834,39,0.717
0834,40,0.719
0834,41,0.723
0834,42,0.732
0834,43,0.737
0834,44,0.738
0834,45,0.738
0834,46,0.741
0834,47,0.75
0834,48,0.758
0834,49,0.762
0834,50,0.771
0834,51,0.774
0834,52,0.776
0840,1,0.004
0840,2,0.038
0840,3,0.05
0840,4,0.062
0840,5,0.069
0840,6,0.08
0840,7,0.083
0840,8,0.09
0840,9,0.098
0840,10,0.108
0840,11,0.111
0840,12,0.111
0840,13,0.111
0840,14,0.111
0840,15,0.111
0840,16,0.114
0840,17,0.127
0840,18,0.147
0840,19,0.151
0840,20,0.153
0840,21,0.156
0840,22,0.165
0840,23,0.169
0840,24,0.177
0840,25,0.185
0840,26,0.33
0840,27,0.49
0840,28,0.616
0840,29,0.669
0840,30,0.685
0840,31,0.693
0840,32,0.711
0840,33,0.724
0840,34,0.724
0840,35,0.736
0840,36,0.754
0840,37,0.763
0840,38,0.768
0840,39,0.776
0840,40,0.779
0840,41,0.783
0840,42,0.788
0840,43,0.795
0840,44,0.798
0840,45,0.8
0840,46,0.803
0840,47,0.805
0840,48,0.813
0840,49,0.819
0840,50,0.828
0840,51,0.828
0840,52,0.828
0860,3,0.011
0860,4,0.015
0860,5,0.018
0860,6,0.018
0860,7,0.035
0860,8,0.043
0860,9,0.055
0860,10,0.065
0860,11,0.066
0860,12,0.067
0860,13,0.069
0860,14,0.069
0860,15,0.069
0860,16,0.071
0860,17,0.078
0860,18,0.091
0860,19,0.1
0860,20,0.103
0860,21,0.109
0860,22,0.114
0860,23,0.116
0860,24,0.132
0860,25,0.146
0860,26,0.239
0860,27,0.374
0860,28,0.462
0860,29,0.514
0860,30,0.567
0860,31,0.584
0860,32,0.592
0860,33,0.604
0860,34,0.613
0860,35,0.64
0860,36,0.649
0860,37,0.659
0860,38,0.668
0860,39,0.682
0860,40,0.687
0860,41,0.689
0860,42,0.697
0860,43,0.702
0860,44,0.702
0860,45,0.703
0860,46,0.708
0860,47,0.716
0860,48,0.722
0860,49,0.727
0860,50,0.733
0860,51,0.736
0860,52,0.737
0861,1,0.004
0861,2,0.009
0861,3,0.017
0861,4,0.025
0861,5,0.027
0861,6,0.036
0861,7,0.043
0861,8,0.07
0861,9,0.082
0861,10,0.089
0861,11,0.09
0861,12,0.091
0861,13,0.092
0861,14,0.093
0861,15,0.093
0861,16,0.095
0861,17,0.107
0861,18,0.12
0861,19,0.132
0861,20,0.135
0861,21,0.14
0861,22,0.145
0861,23,0.154
0861,24,0.163
0861,25,0.167
0861,26,0.26
0861,27,0.378
0861,28,0.516
0861,29,0.554
0861,30,0.573
0861,31,0.58
0861,32,0.597
0861,33,0.606
0861,34,0.618
0861,35,0.632
0861,36,0.639
0861,37,0.651
0861,38,0.658
0861,39,0.667
0861,40,0.674
0861,41,0.676
0861,42,0.681
0861,43,0.688
0861,44,0.691
0861,45,0.691
0861,46,0.695
0861,47,0.7
0861,48,0.704
0861,49,0.715
0861,50,0.72
0861,51,0.722
0861,52,0.727
0862,1,0.008
0862,2,0.008
0862,3,0.018
0862,4,0.03
0862,5,0.033
0862,6,0.047
0862,7,0.071
0862,8,0.073
0862,9,0.083
0862,10,0.095
0862,11,0.099
0862,12,0.099
0862,13,0.102
0862,14,0.103
0862,15,0.103
0862,16,0.106
0862,17,0.113
0862,18,0.123
0862,19,0.127
0862,20,0.13
0862,21,0.132
0862,22,0.137
0862,23,0.14
0862,24,0.146
0862,25,0.164
0862,26,0.271
0862,27,0.34
0862,28,0.425
0862,29,0.536
0862,30,0.549
0862,31,0.588
0862,32,0.598
0862,33,0.613
0862,34,0.614
0862,35,0.647
0862,36,0.657
0862,37,0.669
0862,38,0.674
0862,39,0.691
0862,40,0.699
0862,41,0.704
0862,42,0.71
0862,43,0.719
0862,44,0.721
0862,45,0.722
0862,46,0.722
0862,47,0.724
0862,48,0.725
0862,49,0.732
0862,50,0.74
0862,51,0.743
0862,52,0.745
0880,1,0.0
0880,2,0.005
0880,3,0.014
0880,4,0.026
0880,5,0.031
0880,6,0.041
0880,7,0.046
0880,8,0.055
0880,9,0.074
0880,10,0.088
0880,11,0.092
0880,12,0.095
0880,13,0.097
0880,14,0.097
0880,15,0.098
0880,16,0.1
0880,17,0.116
0880,18,0.139
0880,19,0.144
0880,20,0.147
0880,21,0.149
0880,22,0.159
0880,23,0.168
0880,24,0.174
0880,25,0.181
0880,26,0.32
0880,27,0.463
0880,28,0.597
0880,29,0.663
0880,30,0.681
0880,31,0.69
0880,32,0.712
0880,33,0.723
0880,34,0.725
0880,35,0.736
0880,36,0.747
0880,37,0.757
0880,38,0.766
0880,39,0.774
0880,40,0.781
0880,41,0.784
0880,42,0.788
0880,43,0.791
0880,44,0.792
0880,45,0.793
0880,46,0.794
0880,47,0.798
0880,48,0.805
0880,49,0.81
0880,50,0.817
0880,51,0.822
0880,52,0.822
0881,3,0.01
0881,4,0.017
0881,5,0.022
0881,6,0.025
0881,7,0.031
0881,8,0.042
0881,9,0.057
0881,10,0.067
0881,11,0.076
0881,12,0.078
0881,13,0.08
0881,14,0.08
0881,15,0.081
0881,16,0.082
0881,17,0.093
0881,18,0.123
0881,19,0.135
0881,20,0.141
0881,21,0.147
0881,22,0.161
0881,23,0.168
0881,24,0.178
0881,25,0.188
0881,26,0.302
0881,27,0.421
0881,28,0.537
0881,29,0.59
0881,30,0.609
0881,31,0.618
0881,32,0.636
0881,33,0.64
0881,34,0.642
0881,35,0.665
0881,36,0.674
0881,37,0.692
0881,38,0.706
0881,39,0.713
0881,40,0.722
0881,41,0.724
0881,42,0.731
0881,43,0.737
0881,44,0.739
0881,45,0.741
0881,46,0.743
0881,47,0.747
0881,48,0.752
0881,49,0.761
0881,50,0.769
0881,51,0.771
0881,52,0.773
0882,2,0.006
0882,3,0.01
0882,4,0.013
0882,5,0.017
0882,6,0.023
0882,7,0.03
0882,8,0.043
0882,9,0.064
0882,10,0.075
0882,11,0.075
0882,12,0.076
0882,13,0.077
0882,14,0.078
0882,15,0.078
0882,16,0.08
0882,17,0.086
0882,18,0.103
0882,19,0.106
0882,20,0.114
0882,21,0.12
0882,22,0.126
0882,23,0.134
0882,24,0.141
0882,25,0.149
0882,26,0.217
0882,27,0.373
0882,28,0.538
0882,29,0.586
0882,30,0.606
0882,31,0.616
0882,32,0.634
0882,33,0.647
0882,34,0.653
0882,35,0.669
0882,36,0.679
0882,37,0.694
0882,38,0.705
0882,39,0.713
0882,40,0.719
0882,41,0.723
0882,42,0.729
0882,43,0.733
0882,44,0.736
0882,45,0.736
0882,46,0.738
0882,47,0.745
0882,48,0.749
0882,49,0.758
0882,50,0.765
0882,51,0.769
0882,52,0.771
0883,1,0.002
0883,2,0.008
0883,3,0.016
0883,4,0.026
0883,5,0.029
0883,6,0.04
0883,7,0.043
0883,8,0.054
0883,9,0.08
0883,10,0.111
0883,11,0.119
0883,12,0.123
0883,13,0.125
0883,14,0.126
0883,15,0.128
0883,16,0.13
0883,17,0.149
0883,18,0.17
0883,19,0.173
0883,20,0.177
0883,21,0.187
0883,22,0.191
0883,23,0.2
0883,24,0.21
0883,25,0.22
0883,26,0.372
0883,27,0.509
0883,28,0.623
0883,29,0.653
0883,30,0.667
0883,31,0.683
0883,32,0.686
0883,33,0.705
0883,34,0.718
0883,35,0.727
0883,36,0.734
0883,37,0.744
0883,38,0.756
0883,39,0.765
0883,40,0.771
0883,41,0.774
0883,42,0.78
0883,43,0.782
0883,44,0.784
0883,45,0.785
0883,46,0.786
0883,47,0.789
0883,48,0.793
0883,49,0.8
0883,50,0.807
0883,51,0.81
0883,52,0.813
0884,2,0.003
0884,3,0.012
0884,4,0.018
0884,5,0.024
0884,6,0.026
0884,7,0.036
0884,8,0.045
0884,9,0.054
0884,10,0.075
0884,11,0.08
0884,12,0.081
0884,13,0.083
0884,14,0.084
0884,15,0.084
0884,16,0.085
0884,17,0.092
0884,18,0.101
0884,19,0.106
0884,20,0.114
0884,21,0.119
0884,22,0.125
0884,23,0.13
0884,24,0.136
0884,25,0.143
0884,26,0.278
0884,27,0.415
0884,28,0.52
0884,29,0.565
0884,30,0.614
0884,31,0.627
0884,32,0.633
0884,33,0.647
0884,34,0.671
0884,35,0.696
0884,36,0.702
0884,37,0.722
0884,38,0.744
0884,39,0.751
0884,40,0.755
0884,41,0.758
0884,42,0.764
0884,43,0.77
0884,44,0.772
0884,45,0.772
0884,46,0.773
0884,47,0.777
0884,48,0.784
0884,49,0.789
0884,50,0.791
0884,51,0.793
0884,52,0.793
0885,2,0.027
0885,3,0.041
0885,4,0.056
0885,5,0.061
0885,6,0.071
0885,7,0.071
0885,8,0.075
0885,9,0.077
0885,10,0.084
0885,11,0.084
0885,12,0.084
0885,13,0.086
0885,14,0.087
0885,15,0.087
0885,16,0.09
0885,17,0.11
0885,18,0.121
0885,19,0.122
0885,20,0.135
0885,21,0.136
0885,22,0.146
0885,23,0.155
0885,24,0.167
0885,25,0.175
0885,26,0.292
0885,27,0.45
0885,28,0.592
0885,29,0.632
0885,30,0.653
0885,31,0.67
0885,32,0.681
0885,33,0.688
0885,34,0.69
0885,35,0.698
0885,36,0.706
0885,37,0.713
0885,38,0.734
0885,39,0.744
0885,40,0.753
0885,41,0.754
0885,42,0.758
0885,43,0.762
0885,44,0.763
0885,45,0.764
0885,46,0.764
0885,47,0.768
0885,48,0.769
0885,49,0.774
0885,50,0.781
0885,51,0.783
0885,52,0.786
0980,2,0.009
0980,3,0.017
0980,4,0.023
0980,5,0.035
0980,6,0.038
0980,7,0.039
0980,8,0.045
0980,9,0.062
0980,10,0.076
0980,11,0.079
0980,12,0.079
0980,13,0.081
0980,14,0.083
0980,15,0.084
0980,16,0.084
0980,17,0.085
0980,18,0.09
0980,19,0.098
0980,20,0.107
0980,21,0.112
0980,22,0.122
0980,23,0.132
0980,24,0.139
0980,25,0.15
0980,26,0.187
0980,27,0.301
0980,28,0.468
0980,29,0.543
0980,30,0.629
0980,31,0.663
0980,32,0.672
0980,33,0.696
0980,34,0.722
0980,35,0.736
0980,36,0.756
0980,37,0.771
0980,38,0.778
0980,39,0.785
0980,40,0.789
0980,41,0.792
0980,42,0.793
0980,43,0.795
0980,44,0.796
0980,45,0.798
0980,46,0.8
0980,47,0.802
0980,48,0.806
0980,49,0.81
0980,50,0.815
0980,51,0.817
0980,52,0.818
1060,2,0.01
1060,3,0.023
1060,4,0.025
1060,5,0.025
1060,6,0.025
1060,7,0.035
1060,8,0.04
1060,9,0.044
1060,10,0.053
1060,11,0.058
1060,12,0.058
1060,13,0.059
1060,14,0.059
1060,15,0.063
1060,16,0.066
1060,17,0.077
1060,18,0.088
1060,19,0.095
1060,20,0.105
1060,21,0.111
1060,22,0.118
1060,23,0.126
1060,24,0.146
1060,25,0.173
1060,26,0.274
1060,27,0.352
1060,28,0.468
1060,29,0.541
1060,30,0.579
1060,31,0.596
1060,32,0.605
1060,33,0.62
1060,34,0.635
1060,35,0.647
1060,36,0.66
1060,37,0.672
1060,38,0.686
1060,39,0.689
1060,40,0.696
1060,41,0.704
1060,42,0.71
1060,43,0.712
1060,44,0.714
1060,45,0.717
1060,46,0.721
1060,47,0.721
1060,48,0.729
1060,49,0.738
1060,50,0.744
1060,51,0.749
1060,52,0.749
1080,1,0.002
1080,2,0.006
1080,3,0.016
1080,4,0.021
1080,5,0.025
1080,6,0.027
1080,7,0.04
1080,8,0.048
1080,9,0.065
1080,10,0.086
1080,11,0.091
1080,12,0.093
1080,13,0.096
1080,14,0.096
1080,15,0.097
1080,16,0.098
1080,17,0.111
1080,18,0.122
1080,19,0.135
1080,20,0.147
1080,21,0.151
1080,22,0.157
1080,23,0.162
1080,24,0.181
1080,25,0.212
1080,26,0.346
1080,27,0.461
1080,28,0.556
1080,29,0.624
1080,30,0.663
1080,31,0.684
1080,32,0.699
1080,33,0.711
1080,34,0.725
1080,35,0.735
1080,36,0.744
1080,37,0.753
1080,38,0.761
1080,39,0.765
1080,40,0.77
1080,41,0.775
1080,42,0.777
1080,43,0.779
1080,44,0.782
1080,45,0.783
1080,46,0.786
1080,47,0.789
1080,48,0.793
1080,49,0.798
1080,50,0.804
1080,51,0.806
1080,52,0.808
1081,1,0.003
1081,2,0.01
1081,3,0.019
1081,4,0.022
1081,5,0.026
1081,6,0.027
1081,7,0.036
1081,8,0.042
1081,9,0.062
1081,10,0.083
1081,11,0.087
1081,12,0.089
1081,13,0.09
1081,14,0.093
1081,15,0.093
1081,16,0.094
1081,17,0.107
1081,18,0.113
1081,19,0.126
1081,20,0.138
1081,21,0.148
1081,22,0.17
1081,23,0.178
1081,24,0.2
1081,25,0.239
1081,26,0.337
1081,27,0.446
1081,28,0.518
1081,29,0.579
1081,30,0.606
1081,31,0.622
1081,32,0.637
1081,33,0.647
1081,34,0.658
1081,35,0.677
1081,36,0.687
1081,37,0.695
1081,38,0.703
1081,39,0.71
1081,40,0.721
1081,41,0.724
1081,42,0.727
1081,43,0.73
1081,44,0.732
1081,45,0.734
1081,46,0.738
1081,47,0.742
1081,48,0.75
1081,49,0.752
1081,50,0.764
1081,51,0.767
1081,52,0.769
1082,1,0.001
1082,2,0.013
1082,3,0.024
1082,4,0.027
1082,5,0.031
1082,6,0.031
1082,7,0.04
1082,8,0.044
1082,9,0.055
1082,10,0.074
1082,11,0.076
1082,12,0.077
1082,13,0.081
1082,14,0.082
1082,15,0.082
1082,16,0.084
1082,17,0.095
1082,18,0.106
1082,19,0.113
1082,20,0.128
1082,21,0.132
1082,22,0.143
1082,23,0.151
1082,24,0.155
1082,25,0.177
1082,26,0.257
1082,27,0.367
1082,28,0.469
1082,29,0.556
1082,30,0.632
1082,31,0.651
1082,32,0.665
1082,33,0.675
1082,34,0.69
1082,35,0.702
1082,36,0.708
1082,37,0.724
1082,38,0.73
1082,39,0.737
1082,40,0.743
1082,41,0.747
1082,42,0.751
1082,43,0.755
1082,44,0.756
1082,45,0.757
1082,46,0.759
1082,47,0.763
1082,48,0.769
1082,49,0.773
1082,50,0.783
1082,51,0.787
1082,52,0.792
1083,1,0.003
1083,2,0.017
1083,3,0.021
1083,4,0.025
1083,5,0.026
1083,6,0.026
1083,7,0.031
1083,8,0.039
1083,9,0.043
1083,10,0.059
1083,11,0.067
1083,12,0.069
1083,13,0.072
1083,14,0.072
1083,15,0.072
1083,16,0.077
1083,17,0.088
1083,18,0.101
1083,19,0.111
1083,20,0.12
1083,21,0.124
1083,22,0.129
1083,23,0.137
1083,24,0.147
1083,25,0.164
1083,26,0.255
1083,27,0.36
1083,28,0.466
1083,29,0.555
1083,30,0.581
1083,31,0.634
1083,32,0.645
1083,33,0.661
1083,34,0.673
1083,35,0.688
1083,36,0.7
1083,37,0.706
1083,38,0.717
1083,39,0.726
1083,40,0.728
1083,41,0.733
1083,42,0.738
1083,43,0.741
1083,44,0.743
1083,45,0.743
1083,46,0.745
1083,47,0.753
1083,48,0.756
1083,49,0.761
1083,50,0.766
1083,51,0.768
1083,52,0.771
1214,2,0.004
1214,3,0.009
1214,4,0.023
1214,5,0.023
1214,6,0.024
1214,7,0.032
1214,8,0.038
1214,9,0.046
1214,10,0.054
1214,11,0.057
1214,12,0.058
1214,13,0.058
1214,14,0.06
1214,15,0.064
1214,16,0.078
1214,17,0.084
1214,18,0.092
1214,19,0.096
1214,20,0.109
1214,21,0.114
1214,22,0.118
1214,23,0.121
1214,24,0.124
1214,25,0.127
1214,26,0.152
1214,27,0.223
1214,28,0.344
1214,29,0.438
1214,30,0.475
1214,31,0.51
1214,32,0.525
1214,33,0.528
1214,34,0.54
1214,35,0.558
1214,36,0.571
1214,37,0.587
1214,38,0.591
1214,39,0.593
1214,40,0.594
1214,41,0.594
1214,42,0.61
1214,43,0.611
1214,44,0.612
1214,45,0.615
1214,46,0.619
1214,47,0.625
1214,48,0.627
1214,49,0.633
1214,50,0.643
1214,51,0.646
1214,52,0.648
1230,1,0.002
1230,2,0.01
1230,3,0.016
1230,4,0.023
1230,5,0.027
1230,6,0.029
1230,7,0.032
1230,8,0.036
1230,9,0.044
1230,10,0.052
1230,11,0.055
1230,12,0.057
1230,13,0.058
1230,14,0.059
1230,15,0.062
1230,16,0.075
1230,17,0.082
1230,18,0.089
1230,19,0.095
1230,20,0.104
1230,21,0.116
1230,22,0.119
1230,23,0.124
1230,24,0.128
1230,25,0.142
1230,26,0.215
1230,27,0.38
1230,28,0.543
1230,29,0.611
1230,30,0.639
1230,31,0.659
1230,32,0.67
1230,33,0.681
1230,34,0.695
1230,35,0.701
1230,36,0.709
1230,37,0.721
1230,38,0.727
1230,39,0.729
1230,40,0.732
1230,41,0.734
1230,42,0.745
1230,43,0.747
1230,44,0.75
1230,45,0.75
1230,46,0.754
1230,47,0.758
1230,48,0.761
1230,49,0.768
1230,50,0.776
1230,51,0.78
1230,52,0.781
1231,1,0.002
1231,2,0.008
1231,3,0.013
1231,4,0.019
1231,5,0.02
1231,6,0.022
1231,7,0.025
1231,8,0.03
1231,9,0.034
1231,10,0.045
1231,11,0.047
1231,12,0.048
1231,13,0.048
1231,14,0.049
1231,15,0.053
1231,16,0.062
1231,17,0.069
1231,18,0.076
1231,19,0.08
1231,20,0.088
1231,21,0.09
1231,22,0.09
1231,23,0.092
1231,24,0.095
1231,25,0.105
1231,26,0.138
1231,27,0.237
1231,28,0.353
1231,29,0.405
1231,30,0.424
1231,31,0.445
1231,32,0.461
1231,33,0.473
1231,34,0.486
1231,35,0.501
1231,36,0.516
1231,37,0.525
1231,38,0.532
1231,39,0.539
1231,40,0.541
1231,41,0.542
1231,42,0.549
1231,43,0.55
1231,44,0.55
1231,45,0.553
1231,46,0.555
1231,47,0.559
1231,48,0.566
1231,49,0.57
1231,50,0.577
1231,51,0.582
1231,52,0.584
1233,2,0.003
1233,3,0.009
1233,4,0.013
1233,5,0.015
1233,6,0.015
1233,7,0.018
1233,8,0.022
1233,9,0.027
1233,10,0.037
1233,11,0.04
1233,12,0.041
1233,13,0.041
1233,14,0.044
1233,15,0.046
1233,16,0.053
1233,17,0.06
1233,18,0.069
1233,19,0.078
1233,20,0.091
1233,21,0.1
1233,22,0.105
1233,23,0.11
1233,24,0.12
1233,25,0.136
1233,26,0.201
1233,27,0.43
1233,28,0.573
1233,29,0.617
1233,30,0.647
1233,31,0.67
1233,32,0.683
1233,33,0.688
1233,34,0.7
1233,35,0.719
1233,36,0.728
1233,37,0.738
1233,38,0.747
1233,39,0.748
1233,40,0.751
1233,41,0.752
1233,42,0.76
1233,43,0.762
1233,44,0.764
1233,45,0.766
1233,46,0.767
1233,47,0.772
1233,48,0.777
1233,49,0.783
1233,50,0.788
1233,51,0.792
1233,52,0.795
1256,2,0.015
1256,3,0.021
1256,4,0.021
1256,5,0.024
1256,6,0.029
1256,7,0.032
1256,8,0.036
1256,9,0.042
1256,10,0.053
1256,11,0.061
1256,12,0.061
1256,13,0.062
1256,14,0.062
1256,15,0.066
1256,16,0.074
1256,17,0.086
1256,18,0.099
1256,19,0.121
1256,20,0.134
1256,21,0.145
1256,22,0.148
1256,23,0.152
1256,24,0.156
1256,25,0.163
1256,26,0.18
1256,27,0.254
1256,28,0.314
1256,29,0.442
1256,30,0.498
1256,31,0.536
1256,32,0.562
1256,33,0.585
1256,34,0.589
1256,35,0.609
1256,36,0.626
1256,37,0.648
1256,38,0.654
1256,39,0.664
1256,40,0.665
1256,41,0.665
1256,42,0.688
1256,43,0.691
1256,44,0.695
1256,45,0.698
1256,46,0.699
1256,47,0.706
1256,48,0.714
1256,49,0.718
1256,50,0.725
1256,51,0.728
1256,52,0.732
1257,2,0.009
1257,3,0.014
1257,4,0.023
1257,5,0.023
1257,6,0.025
1257,7,0.027
1257,8,0.032
1257,9,0.034
1257,10,0.042
1257,11,0.045
1257,12,0.051
1257,13,0.051
1257,14,0.051
1257,15,0.052
1257,16,0.057
1257,17,0.072
1257,18,0.083
1257,19,0.088
1257,20,0.09
1257,21,0.097
1257,22,0.101
1257,23,0.102
1257,24,0.104
1257,25,0.108
1257,26,0.12
1257,27,0.222
1257,28,0.335
1257,29,0.389
1257,30,0.434
1257,31,0.471
1257,32,0.479
1257,33,0.491
1257,34,0.524
1257,35,0.529
1257,36,0.559
1257,37,0.568
1257,38,0.576
1257,39,0.585
1257,40,0.585
1257,41,0.585
1257,42,0.599
1257,43,0.6
1257,44,0.603
1257,45,0.605
1257,46,0.609
1257,47,0.616
1257,48,0.621
1257,49,0.623
1257,50,0.627
1257,51,0.632
1257,52,0.637
1260,2,0.005
1260,3,0.015
1260,4,0.022
1260,5,0.023
1260,6,0.024
1260,7,0.027
1260,8,0.033
1260,9,0.035
1260,10,0.041
1260,11,0.045
1260,12,0.049
1260,13,0.049
1260,14,0.049
1260,15,0.051
1260,16,0.056
1260,17,0.07
1260,18,0.08
1260,19,0.084
1260,20,0.092
1260,21,0.097
1260,22,0.098
1260,23,0.101
1260,24,0.109
1260,25,0.113
1260,26,0.141
1260,27,0.243
1260,28,0.326
1260,29,0.39
1260,30,0.419
1260,31,0.428
1260,32,0.446
1260,33,0.452
1260,34,0.467
1260,35,0.48
1260,36,0.489
1260,37,0.506
1260,38,0.511
1260,39,0.514
1260,40,0.516
1260,41,0.517
1260,42,0.53
1260,43,0.533
1260,44,0.534
1260,45,0.535
1260,46,0.539
1260,47,0.549
1260,48,0.561
1260,49,0.566
1260,50,0.571
1260,51,0.574
1260,52,0.578
1261,2,0.008
1261,3,0.017
1261,4,0.021
1261,5,0.022
1261,6,0.024
1261,7,0.026
1261,8,0.032
1261,9,0.043
1261,10,0.05
1261,11,0.055
1261,12,0.056
1261,13,0.056
1261,14,0.059
1261,15,0.067
1261,16,0.076
1261,17,0.084
1261,18,0.095
1261,19,0.1
1261,20,0.111
1261,21,0.115
1261,22,0.117
1261,23,0.119
1261,24,0.125
1261,25,0.134
1261,26,0.213
1261,27,0.393
1261,28,0.525
1261,29,0.606
1261,30,0.63
1261,31,0.656
1261,32,0.674
1261,33,0.693
1261,34,0.704
1261,35,0.713
1261,36,0.723
1261,37,0.74
1261,38,0.749
1261,39,0.752
1261,40,0.754
1261,41,0.757
1261,42,0.769
1261,43,0.772
1261,44,0.772
1261,45,0.775
1261,46,0.778
1261,47,0.786
1261,48,0.792
1261,49,0.798
1261,50,0.805
1261,51,0.807
1261,52,0.809
1262,2,0.007
1262,3,0.013
1262,4,0.02
1262,5,0.022
1262,6,0.023
1262,7,0.026
1262,8,0.032
1262,9,0.039
1262,10,0.049
1262,11,0.051
1262,12,0.053
1262,13,0.054
1262,14,0.055
1262,15,0.062
1262,16,0.068
1262,17,0.076
1262,18,0.083
1262,19,0.093
1262,20,0.103
1262,21,0.11
1262,22,0.115
1262,23,0.12
1262,24,0.128
1262,25,0.147
1262,26,0.245
1262,27,0.413
1262,28,0.56
1262,29,0.624
1262,30,0.65
1262,31,0.665
1262,32,0.679
1262,33,0.689
1262,34,0.699
1262,35,0.709
1262,36,0.721
1262,37,0.728
1262,38,0.731
1262,39,0.733
1262,40,0.733
1262,41,0.736
1262,42,0.751
1262,43,0.753
1262,44,0.753
1262,45,0.754
1262,46,0.755
1262,47,0.758
1262,48,0.762
1262,49,0.766
1262,50,0.768
1262,51,0.772
1262,52,0.772
1263,2,0.014
1263,3,0.018
1263,4,0.024
1263,5,0.026
1263,6,0.026
1263,7,0.031
1263,8,0.037
1263,9,0.044
1263,10,0.051
1263,11,0.055
1263,12,0.055
1263,13,0.056
1263,14,0.056
1263,15,0.059
1263,16,0.069
1263,17,0.08
1263,18,0.092
1263,19,0.103
1263,20,0.114
1263,21,0.119
1263,22,0.121
1263,23,0.124
1263,24,0.128
1263,25,0.137
1263,26,0.232
1263,27,0.41
1263,28,0.526
1263,29,0.585
1263,30,0.612
1263,31,0.628
1263,32,0.642
1263,33,0.656
1263,34,0.666
1263,35,0.68
1263,36,0.695
1263,37,0.705
1263,38,0.71
1263,39,0.715
1263,40,0.717
1263,41,0.721
1263,42,0.735
1263,43,0.737
1263,44,0.738
1263,45,0.74
1263,46,0.744
1263,47,0.749
1263,48,0.754
1263,49,0.76
1263,50,0.764
1263,51,0.769
1263,52,0.771
1264,2,0.011
1264,3,0.023
1264,4,0.026
1264,5,0.027
1264,6,0.03
1264,7,0.035
1264,8,0.041
1264,9,0.044
1264,10,0.052
1264,11,0.055
1264,12,0.056
1264,13,0.057
1264,14,0.06
1264,15,0.063
1264,16,0.075
1264,17,0.081
1264,18,0.094
1264,19,0.102
1264,20,0.11
1264,21,0.115
1264,22,0.118
1264,23,0.121
1264,24,0.123
1264,25,0.133
1264,26,0.158
1264,27,0.317
1264,28,0.426
1264,29,0.515
1264,30,0.533
1264,31,0.567
1264,32,0.573
1264,33,0.599
1264,34,0.614
1264,35,0.622
1264,36,0.633
1264,37,0.65
1264,38,0.656
1264,39,0.662
1264,40,0.665
1264,41,0.666
1264,42,0.687
1264,43,0.688
1264,44,0.69
1264,45,0.692
1264,46,0.696
1264,47,0.701
1264,48,0.709
1264,49,0.716
1264,50,0.722
1264,51,0.724
1264,52,0.727
1265,1,0.002
1265,2,0.005
1265,3,0.015
1265,4,0.022
1265,5,0.027
1265,6,0.029
1265,7,0.034
1265,8,0.047
1265,9,0.051
1265,10,0.067
1265,11,0.07
1265,12,0.071
1265,13,0.072
1265,14,0.074
1265,15,0.078
1265,16,0.085
1265,17,0.09
1265,18,0.101
1265,19,0.105
1265,20,0.112
1265,21,0.115
1265,22,0.116
1265,23,0.118
1265,24,0.122
1265,25,0.127
1265,26,0.149
1265,27,0.316
1265,28,0.447
1265,29,0.506
1265,30,0.531
1265,31,0.555
1265,32,0.563
1265,33,0.577
1265,34,0.589
1265,35,0.598
1265,36,0.611
1265,37,0.632
1265,38,0.636
1265,39,0.637
1265,40,0.639
1265,41,0.64
1265,42,0.654
1265,43,0.654
1265,44,0.655
1265,45,0.656
1265,46,0.658
1265,47,0.664
1265,48,0.666
1265,49,0.673
1265,50,0.677
1265,51,0.685
1265,52,0.688
1266,2,0.005
1266,3,0.01
1266,4,0.02
1266,5,0.023
1266,6,0.026
1266,7,0.031
1266,8,0.042
1266,9,0.049
1266,10,0.053
1266,11,0.057
1266,12,0.058
1266,13,0.058
1266,14,0.059
1266,15,0.063
1266,16,0.078
1266,17,0.091
1266,18,0.104
1266,19,0.112
1266,20,0.119
1266,21,0.121
1266,22,0.124
1266,23,0.126
1266,24,0.132
1266,25,0.137
1266,26,0.242
1266,27,0.335
1266,28,0.45
1266,29,0.548
1266,30,0.576
1266,31,0.578
1266,32,0.602
1266,33,0.612
1266,34,0.63
1266,35,0.644
1266,36,0.658
1266,37,0.668
1266,38,0.673
1266,39,0.678
1266,40,0.678
1266,41,0.678
1266,42,0.695
1266,43,0.697
1266,44,0.698
1266,45,0.7
1266,46,0.701
1266,47,0.703
1266,48,0.71
1266,49,0.716
1266,50,0.723
1266,51,0.727
1266,52,0.728
1267,2,0.003
1267,3,0.01
1267,4,0.024
1267,5,0.027
1267,6,0.034
1267,7,0.038
1267,8,0.045
1267,9,0.052
1267,10,0.065
1267,11,0.071
1267,12,0.072
1267,13,0.077
1267,14,0.078
1267,15,0.086
1267,16,0.098
1267,17,0.111
1267,18,0.117
1267,19,0.125
1267,20,0.132
1267,21,0.137
1267,22,0.14
1267,23,0.145
1267,24,0.15
1267,25,0.157
1267,26,0.246
1267,27,0.366
1267,28,0.499
1267,29,0.569
1267,30,0.594
1267,31,0.614
1267,32,0.637
1267,33,0.646
1267,34,0.667
1267,35,0.689
1267,36,0.697
1267,37,0.71
1267,38,0.714
1267,39,0.716
1267,40,0.719
1267,41,0.719
1267,42,0.732
1267,43,0.732
1267,44,0.733
1267,45,0.736
1267,46,0.737
1267,47,0.742
1267,48,0.746
1267,49,0.752
1267,50,0.757
1267,51,0.76
1267,52,0.761
1270,3,0.013
1270,4,0.02
1270,5,0.021
1270,6,0.027
1270,7,0.033
1270,8,0.054
1270,9,0.057
1270,10,0.066
1270,11,0.072
1270,12,0.073
1270,13,0.073
1270,14,0.076
1270,15,0.08
1270,16,0.09
1270,17,0.095
1270,18,0.106
1270,19,0.123
1270,20,0.144
1270,21,0.15
1270,22,0.155
1270,23,0.158
1270,24,0.16
1270,25,0.168
1270,26,0.208
1270,27,0.323
1270,28,0.458
1270,29,0.512
1270,30,0.532
1270,31,0.541
1270,32,0.576
1270,33,0.591
1270,34,0.605
1270,35,0.617
1270,36,0.632
1270,37,0.645
1270,38,0.649
1270,39,0.659
1270,40,0.66
1270,41,0.661
1270,42,0.68
1270,43,0.681
1270,44,0.684
1270,45,0.688
1270,46,0.692
1270,47,0.694
1270,48,0.701
1270,49,0.708
1270,50,0.711
1270,51,0.715
1270,52,0.719
1272,2,0.01
1272,3,0.019
1272,4,0.022
1272,5,0.024
1272,6,0.029
1272,7,0.036
1272,8,0.042
1272,9,0.047
1272,10,0.07
1272,11,0.073
1272,12,0.073
1272,13,0.073
1272,14,0.073
1272,15,0.076
1272,16,0.081
1272,17,0.086
1272,18,0.093
1272,19,0.108
1272,20,0.117
1272,21,0.121
1272,22,0.123
1272,23,0.126
1272,24,0.13
1272,25,0.144
1272,26,0.198
1272,27,0.324
1272,28,0.419
1272,29,0.52
1272,30,0.546
1272,31,0.57
1272,32,0.586
1272,33,0.6
1272,34,0.608
1272,35,0.619
1272,36,0.636
1272,37,0.652
1272,38,0.665
1272,39,0.667
1272,40,0.669
1272,41,0.67
1272,42,0.69
1272,43,0.694
1272,44,0.696
1272,45,0.698
1272,46,0.7
1272,47,0.705
1272,48,0.71
1272,49,0.716
1272,50,0.725
1272,51,0.731
1272,52,0.735
1273,2,0.008
1273,3,0.02
1273,4,0.025
1273,5,0.033
1273,6,0.035
1273,7,0.037
1273,8,0.04
1273,9,0.047
1273,10,0.065
1273,11,0.067
1273,12,0.079
1273,13,0.079
1273,14,0.079
1273,15,0.086
1273,16,0.089
1273,17,0.097
1273,18,0.108
1273,19,0.121
1273,20,0.133
1273,21,0.149
1273,22,0.151
1273,23,0.159
1273,24,0.166
1273,25,0.173
1273,26,0.193
1273,27,0.271
1273,28,0.388
1273,29,0.507
1273,30,0.548
1273,31,0.58
1273,32,0.602
1273,33,0.622
1273,34,0.633
1273,35,0.64
1273,36,0.656
1273,37,0.669
1273,38,0.679
1273,39,0.684
1273,40,0.685
1273,41,0.686
1273,42,0.703
1273,43,0.705
1273,44,0.706
1273,45,0.709
1273,46,0.71
1273,47,0.72
1273,48,0.722
1273,49,0.732
1273,50,0.739
1273,51,0.746
1273,52,0.747
1275,3,0.014
1275,4,0.018
1275,5,0.019
1275,6,0.019
1275,7,0.021
1275,8,0.026
1275,9,0.027
1275,10,0.035
1275,11,0.044
1275,12,0.054
1275,13,0.054
1275,14,0.055
1275,15,0.055
1275,16,0.059
1275,17,0.067
1275,18,0.076
1275,19,0.085
1275,20,0.091
1275,21,0.096
1275,22,0.1
1275,23,0.101
1275,24,0.103
1275,25,0.105
1275,26,0.14
1275,27,0.241
1275,28,0.406
1275,29,0.436
1275,30,0.459
1275,31,0.479
1275,32,0.503
1275,33,0.512
1275,34,0.528
1275,35,0.537
1275,36,0.546
1275,37,0.555
1275,38,0.557
1275,39,0.562
1275,40,0.562
1275,41,0.562
1275,42,0.585
1275,43,0.587
1275,44,0.589
1275,45,0.597
1275,46,0.606
1275,47,0.607
1275,48,0.612
1275,49,0.615
1275,50,0.622
1275,51,0.624
1275,52,0.631
1276,2,0.003
1276,3,0.016
1276,4,0.023
1276,5,0.024
1276,6,0.027
1276,7,0.03
1276,8,0.036
1276,9,0.04
1276,10,0.044
1276,11,0.047
1276,12,0.048
1276,13,0.05
1276,14,0.05
1276,15,0.051
1276,16,0.055
1276,17,0.065
1276,18,0.079
1276,19,0.085
1276,20,0.094
1276,21,0.101
1276,22,0.102
1276,23,0.104
1276,24,0.106
1276,25,0.11
1276,26,0.144
1276,27,0.244
1276,28,0.379
1276,29,0.419
1276,30,0.433
1276,31,0.464
1276,32,0.489
1276,33,0.512
1276,34,0.52
1276,35,0.535
1276,36,0.544
1276,37,0.555
1276,38,0.563
1276,39,0.566
1276,40,0.566
1276,41,0.568
1276,42,0.584
1276,43,0.585
1276,44,0.586
1276,45,0.588
1276,46,0.592
1276,47,0.6
1276,48,0.608
1276,49,0.613
1276,50,0.619
1276,51,0.623
1276,52,0.624
1277,2,0.002
1277,3,0.008
1277,4,0.013
1277,5,0.015
1277,6,0.015
1277,7,0.016
1277,8,0.023
1277,9,0.026
1277,10,0.031
1277,11,0.034
1277,12,0.039
1277,13,0.039
1277,14,0.039
1277,15,0.041
1277,16,0.046
1277,17,0.057
1277,18,0.067
1277,19,0.073
1277,20,0.083
1277,21,0.086
1277,22,0.09
1277,23,0.094
1277,24,0.098
1277,25,0.101
1277,26,0.14
1277,27,0.233
1277,28,0.335
1277,29,0.401
1277,30,0.44
1277,31,0.46
1277,32,0.479
1277,33,0.499
1277,34,0.515
1277,35,0.53
1277,36,0.544
1277,37,0.556
1277,38,0.564
1277,39,0.567
1277,40,0.571
1277,41,0.573
1277,42,0.591
1277,43,0.594
1277,44,0.595
1277,45,0.596
1277,46,0.6
1277,47,0.602
1277,48,0.609
1277,49,0.618
1277,50,0.628
1277,51,0.634
1277,52,0.636
1278,3,0.006
1278,4,0.01
1278,5,0.015
1278,6,0.017
1278,7,0.019
1278,8,0.024
1278,9,0.028
1278,10,0.033
1278,11,0.039
1278,12,0.039
1278,13,0.039
1278,14,0.039
1278,15,0.039
1278,16,0.045
1278,17,0.05
1278,18,0.063
1278,19,0.069
1278,20,0.078
1278,21,0.082
1278,22,0.082
1278,23,0.087
1278,24,0.092
1278,25,0.106
1278,26,0.165
1278,27,0.285
1278,28,0.415
1278,29,0.516
1278,30,0.542
1278,31,0.561
1278,32,0.578
1278,33,0.594
1278,34,0.614
1278,35,0.63
1278,36,0.641
1278,37,0.651
1278,38,0.662
1278,39,0.666
1278,40,0.669
1278,41,0.674
1278,42,0.688
1278,43,0.691
1278,44,0.691
1278,45,0.694
1278,46,0.698
1278,47,0.702
1278,48,0.71
1278,49,0.719
1278,50,0.724
1278,51,0.726
1278,52,0.727
1280,1,0.001
1280,2,0.005
1280,3,0.011
1280,4,0.015
1280,5,0.016
1280,6,0.016
1280,7,0.018
1280,8,0.024
1280,9,0.033
1280,10,0.042
1280,11,0.046
1280,12,0.047
1280,13,0.047
1280,14,0.049
1280,15,0.052
1280,16,0.059
1280,17,0.068
1280,18,0.077
1280,19,0.085
1280,20,0.092
1280,21,0.097
1280,22,0.1
1280,23,0.104
1280,24,0.107
1280,25,0.117
1280,26,0.184
1280,27,0.332
1280,28,0.447
1280,29,0.511
1280,30,0.538
1280,31,0.555
1280,32,0.569
1280,33,0.581
1280,34,0.592
1280,35,0.602
1280,36,0.611
1280,37,0.619
1280,38,0.625
1280,39,0.628
1280,40,0.63
1280,41,0.631
1280,42,0.639
1280,43,0.641
1280,44,0.643
1280,45,0.645
1280,46,0.648
1280,47,0.653
1280,48,0.658
1280,49,0.662
1280,50,0.667
1280,51,0.671
1280,52,0.673
1281,1,0.003
1281,2,0.007
1281,3,0.014
1281,4,0.02
1281,5,0.022
1281,6,0.023
1281,7,0.025
1281,8,0.03
1281,9,0.041
1281,10,0.055
1281,11,0.062
1281,12,0.062
1281,13,0.064
1281,14,0.066
1281,15,0.071
1281,16,0.081
1281,17,0.089
1281,18,0.099
1281,19,0.107
1281,20,0.115
1281,21,0.119
1281,22,0.122
1281,23,0.125
1281,24,0.13
1281,25,0.139
1281,26,0.223
1281,27,0.404
1281,28,0.53
1281,29,0.582
1281,30,0.605
1281,31,0.624
1281,32,0.637
1281,33,0.647
1281,34,0.657
1281,35,0.666
1281,36,0.674
1281,37,0.679
1281,38,0.682
1281,39,0.684
1281,40,0.685
1281,41,0.686
1281,42,0.694
1281,43,0.695
1281,44,0.697
1281,45,0.698
1281,46,0.7
1281,47,0.702
1281,48,0.705
1281,49,0.707
1281,50,0.71
1281,51,0.712
1281,52,0.713
1282,2,0.002
1282,3,0.008
1282,4,0.013
1282,5,0.014
1282,6,0.016
1282,7,0.026
1282,8,0.028
1282,9,0.034
1282,10,0.038
1282,11,0.042
1282,12,0.043
1282,13,0.043
1282,14,0.044
1282,15,0.052
1282,16,0.057
1282,17,0.071
1282,18,0.079
1282,19,0.091
1282,20,0.113
1282,21,0.118
1282,22,0.123
1282,23,0.128
1282,24,0.136
1282,25,0.142
1282,26,0.183
1282,27,0.264
1282,28,0.363
1282,29,0.432
1282,30,0.465
1282,31,0.487
1282,32,0.504
1282,33,0.517
1282,34,0.531
1282,35,0.544
1282,36,0.556
1282,37,0.574
1282,38,0.582
1282,39,0.59
1282,40,0.597
1282,41,0.598
1282,42,0.608
1282,43,0.612
1282,44,0.613
1282,45,0.616
1282,46,0.62
1282,47,0.625
1282,48,0.632
1282,49,0.64
1282,50,0.646
1282,51,0.653
1282,52,0.655
1283,1,0.001
1283,2,0.006
1283,3,0.014
1283,4,0.021
1283,5,0.022
1283,6,0.023
1283,7,0.025
1283,8,0.028
1283,9,0.036
1283,10,0.047
1283,11,0.052
1283,12,0.052
1283,13,0.052
1283,14,0.053
1283,15,0.055
1283,16,0.063
1283,17,0.073
1283,18,0.083
1283,19,0.089
1283,20,0.097
1283,21,0.102
1283,22,0.105
1283,23,0.107
1283,24,0.111
1283,25,0.119
1283,26,0.181
1283,27,0.325
1283,28,0.411
1283,29,0.455
1283,30,0.496
1283,31,0.516
1283,32,0.53
1283,33,0.542
1283,34,0.556
1283,35,0.57
1283,36,0.579
1283,37,0.591
1283,38,0.597
1283,39,0.6
1283,40,0.602
1283,41,0.603
1283,42,0.616
1283,43,0.619
1283,44,0.621
1283,45,0.623
1283,46,0.628
1283,47,0.632
1283,48,0.638
1283,49,0.644
1283,50,0.651
1283,51,0.655
1283,52,0.657
1284,2,0.011
1284,3,0.019
1284,4,0.031
1284,5,0.032
1284,6,0.033
1284,7,0.036
1284,8,0.042
1284,9,0.049
1284,10,0.06
1284,11,0.068
1284,12,0.071
1284,13,0.072
1284,14,0.072
1284,15,0.074
1284,16,0.083
1284,17,0.098
1284,18,0.11
1284,19,0.115
1284,20,0.122
1284,21,0.124
1284,22,0.126
1284,23,0.127
1284,24,0.13
1284,25,0.14
1284,26,0.199
1284,27,0.331
1284,28,0.455
1284,29,0.53
1284,30,0.56
1284,31,0.585
1284,32,0.603
1284,33,0.619
1284,34,0.634
1284,35,0.651
1284,36,0.665
1284,37,0.678
1284,38,0.681
1284,39,0.686
1284,40,0.687
1284,41,0.688
1284,42,0.702
1284,43,0.704
1284,44,0.708
1284,45,0.712
1284,46,0.714
1284,47,0.719
1284,48,0.724
1284,49,0.727
1284,50,0.729
1284,51,0.732
1284,52,0.733
1285,1,0.004
1285,2,0.007
1285,3,0.015
1285,4,0.021
1285,5,0.024
1285,6,0.027
1285,7,0.032
1285,8,0.036
1285,9,0.044
1285,10,0.052
1285,11,0.057
1285,12,0.057
1285,13,0.06
1285,14,0.068
1285,15,0.073
1285,16,0.088
1285,17,0.103
1285,18,0.114
1285,19,0.123
1285,20,0.129
1285,21,0.135
1285,22,0.137
1285,23,0.14
1285,24,0.143
1285,25,0.149
1285,26,0.201
1285,27,0.329
1285,28,0.458
1285,29,0.513
1285,30,0.529
1285,31,0.551
1285,32,0.588
1285,33,0.601
1285,34,0.614
1285,35,0.629
1285,36,0.649
1285,37,0.66
1285,38,0.67
1285,39,0.677
1285,40,0.679
1285,41,0.681
1285,42,0.694
1285,43,0.697
1285,44,0.699
1285,45,0.702
1285,46,0.704
1285,47,0.709
1285,48,0.714
1285,49,0.72
1285,50,0.727
1285,51,0.733
1285,52,0.735
1286,2,0.006
1286,3,0.025
1286,4,0.028
1286,5,0.03
1286,6,0.038
1286,7,0.047
1286,8,0.065
1286,9,0.074
1286,10,0.079
1286,11,0.082
1286,12,0.085
1286,13,0.087
1286,14,0.088
1286,15,0.091
1286,16,0.104
1286,17,0.111
1286,18,0.131
1286,19,0.147
1286,20,0.155
1286,21,0.16
1286,22,0.162
1286,23,0.164
1286,24,0.167
1286,25,0.184
1286,26,0.222
1286,27,0.394
1286,28,0.551
1286,29,0.613
1286,30,0.642
1286,31,0.665
1286,32,0.679
1286,33,0.697
1286,34,0.702
1286,35,0.713
1286,36,0.724
1286,37,0.734
1286,38,0.744
1286,39,0.746
1286,40,0.746
1286,41,0.748
1286,42,0.758
1286,43,0.761
1286,44,0.761
1286,45,0.762
1286,46,0.764
1286,47,0.768
1286,48,0.777
1286,49,0.787
1286,50,0.793
1286,51,0.796
1286,52,0.799
1287,1,0.001
1287,2,0.006
1287,3,0.015
1287,4,0.021
1287,5,0.022
1287,6,0.023
1287,7,0.025
1287,8,0.035
1287,9,0.041
1287,10,0.048
1287,11,0.052
1287,12,0.052
1287,13,0.052
1287,14,0.053
1287,15,0.056
1287,16,0.061
1287,17,0.077
1287,18,0.088
1287,19,0.097
1287,20,0.113
1287,21,0.124
1287,22,0.126
1287,23,0.133
1287,24,0.14
1287,25,0.154
1287,26,0.226
1287,27,0.373
1287,28,0.479
1287,29,0.523
1287,30,0.549
1287,31,0.568
1287,32,0.587
1287,33,0.6
1287,34,0.612
1287,35,0.626
1287,36,0.64
1287,37,0.653
1287,38,0.662
1287,39,0.663
1287,40,0.665
1287,41,0.666
1287,42,0.68
1287,43,0.682
1287,44,0.684
1287,45,0.686
1287,46,0.688
1287,47,0.695
1287,48,0.699
1287,49,0.706
1287,50,0.712
1287,51,0.716
1287,52,0.717
1290,1,0.003
1290,2,0.026
1290,3,0.034
1290,4,0.037
1290,5,0.042
1290,6,0.044
1290,7,0.045
1290,8,0.048
1290,9,0.056
1290,10,0.067
1290,11,0.071
1290,12,0.071
1290,13,0.072
1290,14,0.072
1290,15,0.077
1290,16,0.089
1290,17,0.102
1290,18,0.118
1290,19,0.136
1290,20,0.149
1290,21,0.155
1290,22,0.159
1290,23,0.163
1290,24,0.167
1290,25,0.18
1290,26,0.236
1290,27,0.351
1290,28,0.471
1290,29,0.539
1290,30,0.582
1290,31,0.599
1290,32,0.629
1290,33,0.644
1290,34,0.656
1290,35,0.669
1290,36,0.683
1290,37,0.693
1290,38,0.701
1290,39,0.707
1290,40,0.709
1290,41,0.712
1290,42,0.727
1290,43,0.73
1290,44,0.732
1290,45,0.735
1290,46,0.739
1290,47,0.741
1290,48,0.749
1290,49,0.755
1290,50,0.762
1290,51,0.766
1290,52,0.769
1291,2,0.004
1291,3,0.023
1291,4,0.039
1291,5,0.043
1291,6,0.044
1291,7,0.052
1291,8,0.074
1291,9,0.08
1291,10,0.09
1291,11,0.092
1291,12,0.093
1291,13,0.093
1291,14,0.095
1291,15,0.103
1291,16,0.115
1291,17,0.118
1291,18,0.127
1291,19,0.141
1291,20,0.155
1291,21,0.158
1291,22,0.159
1291,23,0.162
1291,24,0.163
1291,25,0.173
1291,26,0.242
1291,27,0.351
1291,28,0.462
1291,29,0.509
1291,30,0.535
1291,31,0.551
1291,32,0.571
1291,33,0.59
1291,34,0.603
1291,35,0.617
1291,36,0.625
1291,37,0.632
1291,38,0.634
1291,39,0.645
1291,40,0.647
1291,41,0.647
1291,42,0.664
1291,43,0.665
1291,44,0.668
1291,45,0.668
1291,46,0.674
1291,47,0.675
1291,48,0.683
1291,49,0.689
1291,50,0.696
1291,51,0.7
1291,52,0.702
1292,2,0.005
1292,3,0.018
1292,4,0.027
1292,5,0.03
1292,6,0.03
1292,7,0.034
1292,8,0.04
1292,9,0.047
1292,10,0.059
1292,11,0.065
1292,12,0.066
1292,13,0.066
1292,14,0.066
1292,15,0.067
1292,16,0.076
1292,17,0.093
1292,18,0.105
1292,19,0.109
1292,20,0.122
1292,21,0.126
1292,22,0.131
1292,23,0.142
1292,24,0.147
1292,25,0.158
1292,26,0.203
1292,27,0.355
1292,28,0.507
1292,29,0.58
1292,30,0.604
1292,31,0.635
1292,32,0.648
1292,33,0.658
1292,34,0.67
1292,35,0.682
1292,36,0.693
1292,37,0.709
1292,38,0.716
1292,39,0.718
1292,40,0.719
1292,41,0.72
1292,42,0.729
1292,43,0.73
1292,44,0.731
1292,45,0.732
1292,46,0.735
1292,47,0.738
1292,48,0.743
1292,49,0.75
1292,50,0.755
1292,51,0.759
1292,52,0.761
1293,2,0.021
1293,3,0.029
1293,4,0.033
1293,5,0.035
1293,6,0.036
1293,7,0.04
1293,8,0.043
1293,9,0.053
1293,10,0.06
1293,11,0.063
1293,12,0.064
1293,13,0.064
1293,14,0.064
1293,15,0.071
1293,16,0.09
1293,17,0.105
1293,18,0.116
1293,19,0.131
1293,20,0.142
1293,21,0.146
1293,22,0.149
1293,23,0.153
1293,24,0.155
1293,25,0.161
1293,26,0.182
1293,27,0.312
1293,28,0.432
1293,29,0.492
1293,30,0.529
1293,31,0.554
1293,32,0.581
1293,33,0.601
1293,34,0.615
1293,35,0.626
1293,36,0.64
1293,37,0.642
1293,38,0.66
1293,39,0.664
1293,40,0.666
1293,41,0.666
1293,42,0.683
1293,43,0.685
1293,44,0.686
1293,45,0.688
1293,46,0.691
1293,47,0.697
1293,48,0.701
1293,49,0.707
1293,50,0.712
1293,51,0.716
1293,52,0.718
1315,1,0.007
1315,2,0.014
1315,3,0.037
1315,4,0.046
1315,5,0.054
1315,6,0.06
1315,7,0.061
1315,8,0.063
1315,9,0.066
1315,10,0.067
1315,11,0.067
1315,12,0.067
1315,13,0.068
1315,14,0.068
1315,15,0.069
1315,16,0.08
1315,17,0.082
1315,18,0.087
1315,19,0.094
1315,20,0.103
1315,21,0.104
1315,22,0.114
1315,23,0.117
1315,24,0.119
1315,25,0.143
1315,26,0.178
1315,27,0.289
1315,28,0.389
1315,29,0.441
1315,30,0.471
1315,31,0.501
1315,32,0.527
1315,33,0.55
1315,34,0.577
1315,35,0.594
1315,36,0.606
1315,37,0.621
1315,38,0.638
1315,39,0.644
1315,40,0.651
1315,41,0.655
1315,42,0.661
1315,43,0.662
1315,44,0.665
1315,45,0.668
1315,46,0.673
1315,47,0.683
1315,48,0.684
1315,49,0.688
1315,50,0.694
1315,51,0.701
1315,52,0.701
1380,1,0.0
1380,2,0.001
1380,3,0.004
1380,4,0.008
1380,5,0.012
1380,6,0.015
1380,7,0.018
1380,8,0.022
1380,9,0.035
1380,10,0.048
1380,11,0.052
1380,12,0.053
1380,13,0.053
1380,14,0.053
1380,15,0.055
1380,16,0.065
1380,17,0.075
1380,18,0.085
1380,19,0.099
1380,20,0.107
1380,21,0.11
1380,22,0.117
1380,23,0.126
1380,24,0.132
1380,25,0.168
1380,26,0.223
1380,27,0.419
1380,28,0.533
1380,29,0.587
1380,30,0.609
1380,31,0.627
1380,32,0.635
1380,33,0.652
1380,34,0.663
1380,35,0.672
1380,36,0.68
1380,37,0.689
1380,38,0.701
1380,39,0.71
1380,40,0.715
1380,41,0.719
1380,42,0.722
1380,43,0.725
1380,44,0.727
1380,45,0.729
1380,46,0.733
1380,47,0.736
1380,48,0.741
1380,49,0.746
1380,50,0.753
1380,51,0.758
1380,52,0.76
1381,2,0.001
1381,3,0.005
1381,4,0.01
1381,5,0.015
1381,6,0.024
1381,7,0.032
1381,8,0.038
1381,9,0.045
1381,10,0.049
1381,11,0.052
1381,12,0.054
1381,13,0.054
1381,14,0.055
1381,15,0.056
1381,16,0.064
1381,17,0.072
1381,18,0.084
1381,19,0.092
1381,20,0.098
1381,21,0.101
1381,22,0.105
1381,23,0.108
1381,24,0.113
1381,25,0.137
1381,26,0.171
1381,27,0.347
1381,28,0.432
1381,29,0.49
1381,30,0.567
1381,31,0.58
1381,32,0.599
1381,33,0.608
1381,34,0.621
1381,35,0.631
1381,36,0.643
1381,37,0.655
1381,38,0.661
1381,39,0.669
1381,40,0.678
1381,41,0.683
1381,42,0.686
1381,43,0.689
1381,44,0.693
1381,45,0.696
1381,46,0.698
1381,47,0.703
1381,48,0.707
1381,49,0.712
1381,50,0.718
1381,51,0.726
1381,52,0.728
1382,3,0.004
1382,4,0.007
1382,5,0.009
1382,6,0.01
1382,7,0.02
1382,8,0.031
1382,9,0.037
1382,10,0.044
1382,11,0.046
1382,12,0.047
1382,13,0.048
1382,14,0.048
1382,15,0.048
1382,16,0.057
1382,17,0.066
1382,18,0.07
1382,19,0.079
1382,20,0.094
1382,21,0.1
1382,22,0.109
1382,23,0.115
1382,24,0.121
1382,25,0.162
1382,26,0.232
1382,27,0.468
1382,28,0.559
1382,29,0.59
1382,30,0.615
1382,31,0.625
1382,32,0.637
1382,33,0.644
1382,34,0.657
1382,35,0.666
1382,36,0.677
1382,37,0.689
1382,38,0.699
1382,39,0.705
1382,40,0.71
1382,41,0.713
1382,42,0.717
1382,43,0.719
1382,44,0.722
1382,45,0.724
1382,46,0.728
1382,47,0.731
1382,48,0.734
1382,49,0.736
1382,50,0.75
1382,51,0.755
1382,52,0.756
1383,2,0.001
1383,3,0.007
1383,4,0.01
1383,5,0.013
1383,6,0.017
1383,7,0.026
1383,8,0.036
1383,9,0.05
1383,10,0.064
1383,11,0.067
1383,12,0.068
1383,13,0.068
1383,14,0.068
1383,15,0.07
1383,16,0.079
1383,17,0.092
1383,18,0.097
1383,19,0.102
1383,20,0.108
1383,21,0.111
1383,22,0.125
1383,23,0.131
1383,24,0.139
1383,25,0.172
1383,26,0.286
1383,27,0.524
1383,28,0.609
1383,29,0.654
1383,30,0.676
1383,31,0.689
1383,32,0.699
1383,33,0.705
1383,34,0.725
1383,35,0.736
1383,36,0.746
1383,37,0.755
1383,38,0.763
1383,39,0.77
1383,40,0.774
1383,41,0.778
1383,42,0.78
1383,43,0.783
1383,44,0.784
1383,45,0.787
1383,46,0.79
1383,47,0.794
1383,48,0.797
1383,49,0.801
1383,50,0.81
1383,51,0.816
1383,52,0.818
1384,2,0.001
1384,3,0.007
1384,4,0.013
1384,5,0.017
1384,6,0.02
1384,7,0.027
1384,8,0.035
1384,9,0.042
1384,10,0.052
1384,11,0.053
1384,12,0.053
1384,13,0.054
1384,14,0.055
1384,15,0.056
1384,16,0.061
1384,17,0.071
1384,18,0.076
1384,19,0.088
1384,20,0.099
1384,21,0.105
1384,22,0.112
1384,23,0.118
1384,24,0.125
1384,25,0.207
1384,26,0.331
1384,27,0.544
1384,28,0.614
1384,29,0.649
1384,30,0.67
1384,31,0.681
1384,32,0.696
1384,33,0.711
1384,34,0.723
1384,35,0.732
1384,36,0.739
1384,37,0.752
1384,38,0.76
1384,39,0.767
1384,40,0.771
1384,41,0.774
1384,42,0.776
1384,43,0.778
1384,44,0.78
1384,45,0.781
1384,46,0.783
1384,47,0.787
1384,48,0.79
1384,49,0.796
1384,50,0.805
1384,51,0.808
1384,52,0.81
1401,3,0.007
1401,4,0.025
1401,5,0.028
1401,6,0.029
1401,7,0.03
1401,8,0.03
1401,9,0.037
1401,10,0.046
1401,11,0.053
1401,12,0.053
1401,13,0.054
1401,14,0.056
1401,15,0.057
1401,16,0.061
1401,17,0.065
1401,18,0.07
1401,19,0.075
1401,20,0.08
1401,21,0.084
1401,22,0.088
1401,23,0.094
1401,24,0.104
1401,25,0.121
1401,26,0.153
1401,27,0.286
1401,28,0.435
1401,29,0.52
1401,30,0.569
1401,31,0.594
1401,32,0.613
1401,33,0.633
1401,34,0.654
1401,35,0.667
1401,36,0.683
1401,37,0.703
1401,38,0.713
1401,39,0.721
1401,40,0.728
1401,41,0.731
1401,42,0.735
1401,43,0.737
1401,44,0.739
1401,45,0.742
1401,46,0.744
1401,47,0.749
1401,48,0.755
1401,49,0.762
1401,50,0.767
1401,51,0.77
1401,52,0.773
1402,2,0.002
1402,3,0.015
1402,4,0.019
1402,5,0.022
1402,6,0.022
1402,7,0.022
1402,8,0.027
1402,9,0.037
1402,10,0.046
1402,11,0.049
1402,12,0.051
1402,13,0.052
1402,14,0.053
1402,15,0.054
1402,16,0.055
1402,17,0.057
1402,18,0.063
1402,19,0.071
1402,20,0.076
1402,21,0.081
1402,22,0.086
1402,23,0.09
1402,24,0.103
1402,25,0.125
1402,26,0.159
1402,27,0.287
1402,28,0.415
1402,29,0.49
1402,30,0.534
1402,31,0.557
1402,32,0.576
1402,33,0.597
1402,34,0.618
1402,35,0.634
1402,36,0.651
1402,37,0.66
1402,38,0.67
1402,39,0.677
1402,40,0.684
1402,41,0.687
1402,42,0.69
1402,43,0.693
1402,44,0.695
1402,45,0.696
1402,46,0.698
1402,47,0.702
1402,48,0.709
1402,49,0.714
1402,50,0.72
1402,51,0.725
1402,52,0.728
1407,3,0.006
1407,4,0.034
1407,5,0.034
1407,6,0.035
1407,7,0.038
1407,8,0.057
1407,9,0.06
1407,10,0.071
1407,11,0.073
1407,12,0.077
1407,13,0.078
1407,14,0.079
1407,15,0.083
1407,16,0.085
1407,17,0.089
1407,18,0.092
1407,19,0.095
1407,20,0.1
1407,21,0.105
1407,22,0.107
1407,23,0.116
1407,24,0.121
1407,25,0.134
1407,26,0.161
1407,27,0.317
1407,28,0.454
1407,29,0.524
1407,30,0.549
1407,31,0.567
1407,32,0.577
1407,33,0.596
1407,34,0.618
1407,35,0.635
1407,36,0.661
1407,37,0.69
1407,38,0.715
1407,39,0.723
1407,40,0.732
1407,41,0.735
1407,42,0.738
1407,43,0.74
1407,44,0.745
1407,45,0.747
1407,46,0.749
1407,47,0.758
1407,48,0.765
1407,49,0.778
1407,50,0.782
1407,51,0.791
1407,52,0.792
1415,3,0.008
1415,4,0.012
1415,5,0.018
1415,6,0.019
1415,7,0.02
1415,8,0.032
1415,9,0.043
1415,10,0.052
1415,11,0.061
1415,12,0.062
1415,13,0.063
1415,14,0.064
1415,15,0.065
1415,16,0.065
1415,17,0.067
1415,18,0.076
1415,19,0.083
1415,20,0.086
1415,21,0.09
1415,22,0.092
1415,23,0.096
1415,24,0.105
1415,25,0.121
1415,26,0.167
1415,27,0.308
1415,28,0.458
1415,29,0.539
1415,30,0.58
1415,31,0.604
1415,32,0.618
1415,33,0.64
1415,34,0.664
1415,35,0.69
1415,36,0.708
1415,37,0.726
1415,38,0.735
1415,39,0.739
1415,40,0.748
1415,41,0.75
1415,42,0.752
1415,43,0.754
1415,44,0.759
1415,45,0.762
1415,46,0.766
1415,47,0.771
1415,48,0.778
1415,49,0.784
1415,50,0.789
1415,51,0.794
1415,52,0.795
1419,3,0.015
1419,4,0.021
1419,5,0.032
1419,6,0.038
1419,7,0.039
1419,8,0.04
1419,9,0.047
1419,10,0.069
1419,11,0.071
1419,12,0.072
1419,13,0.072
1419,14,0.073
1419,15,0.074
1419,16,0.075
1419,17,0.081
1419,18,0.091
1419,19,0.096
1419,20,0.097
1419,21,0.101
1419,22,0.106
1419,23,0.116
1419,24,0.134
1419,25,0.148
1419,26,0.2
1419,27,0.368
1419,28,0.504
1419,29,0.56
1419,30,0.6
1419,31,0.628
1419,32,0.644
1419,33,0.659
1419,34,0.69
1419,35,0.713
1419,36,0.729
1419,37,0.743
1419,38,0.751
1419,39,0.753
1419,40,0.756
1419,41,0.759
1419,42,0.761
1419,43,0.765
1419,44,0.769
1419,45,0.77
1419,46,0.771
1419,47,0.772
1419,48,0.781
1419,49,0.785
1419,50,0.788
1419,51,0.792
1419,52,0.793
1421,3,0.01
1421,4,0.016
1421,5,0.024
1421,6,0.055
1421,7,0.066
1421,8,0.071
1421,9,0.078
1421,10,0.084
1421,11,0.088
1421,12,0.089
1421,13,0.089
1421,14,0.089
1421,15,0.09
1421,16,0.091
1421,17,0.095
1421,18,0.104
1421,19,0.107
1421,20,0.111
1421,21,0.116
1421,22,0.116
1421,23,0.12
1421,24,0.134
1421,25,0.142
1421,26,0.183
1421,27,0.313
1421,28,0.431
1421,29,0.51
1421,30,0.552
1421,31,0.574
1421,32,0.587
1421,33,0.613
1421,34,0.629
1421,35,0.655
1421,36,0.679
1421,37,0.704
1421,38,0.715
1421,39,0.72
1421,40,0.729
1421,41,0.732
1421,42,0.735
1421,43,0.736
1421,44,0.738
1421,45,0.738
1421,46,0.741
1421,47,0.746
1421,48,0.749
1421,49,0.756
1421,50,0.765
1421,51,0.769
1421,52,0.772
1427,3,0.007
1427,4,0.009
1427,5,0.009
1427,6,0.009
1427,7,0.04
1427,8,0.042
1427,9,0.049
1427,10,0.056
1427,11,0.072
1427,12,0.077
1427,13,0.077
1427,14,0.077
1427,15,0.077
1427,16,0.078
1427,17,0.078
1427,18,0.09
1427,19,0.091
1427,20,0.096
1427,21,0.099
1427,22,0.1
1427,23,0.107
1427,24,0.137
1427,25,0.173
1427,26,0.268
1427,27,0.395
1427,28,0.462
1427,29,0.487
1427,30,0.525
1427,31,0.568
1427,32,0.589
1427,33,0.604
1427,34,0.633
1427,35,0.661
1427,36,0.678
1427,37,0.689
1427,38,0.703
1427,39,0.708
1427,40,0.717
1427,41,0.723
1427,42,0.729
1427,43,0.73
1427,44,0.73
1427,45,0.73
1427,46,0.732
1427,47,0.737
1427,48,0.742
1427,49,0.743
1427,50,0.753
1427,51,0.754
1427,52,0.757
1430,2,0.004
1430,3,0.043
1430,4,0.056
1430,5,0.061
1430,6,0.062
1430,7,0.071
1430,8,0.074
1430,9,0.081
1430,10,0.085
1430,11,0.088
1430,12,0.089
1430,13,0.089
1430,14,0.089
1430,15,0.091
1430,16,0.094
1430,17,0.096
1430,18,0.112
1430,19,0.123
1430,20,0.127
1430,21,0.133
1430,22,0.141
1430,23,0.147
1430,24,0.175
1430,25,0.237
1430,26,0.316
1430,27,0.413
1430,28,0.494
1430,29,0.526
1430,30,0.573
1430,31,0.604
1430,32,0.611
1430,33,0.623
1430,34,0.639
1430,35,0.661
1430,36,0.679
1430,37,0.703
1430,38,0.712
1430,39,0.716
1430,40,0.726
1430,41,0.728
1430,42,0.732
1430,43,0.739
1430,44,0.74
1430,45,0.741
1430,46,0.744
1430,47,0.746
1430,48,0.756
1430,49,0.762
1430,50,0.77
1430,51,0.779
1430,52,0.784
1435,3,0.014
1435,4,0.042
1435,5,0.056
1435,6,0.056
1435,7,0.066
1435,8,0.069
1435,9,0.075
1435,10,0.088
1435,11,0.09
1435,12,0.09
1435,13,0.09
1435,14,0.09
1435,15,0.092
1435,16,0.094
1435,17,0.098
1435,18,0.109
1435,19,0.12
1435,20,0.12
1435,21,0.125
1435,22,0.13
1435,23,0.164
1435,24,0.244
1435,25,0.307
1435,26,0.385
1435,27,0.468
1435,28,0.532
1435,29,0.561
1435,30,0.599
1435,31,0.63
1435,32,0.66
1435,33,0.668
1435,34,0.687
1435,35,0.709
1435,36,0.728
1435,37,0.737
1435,38,0.745
1435,39,0.75
1435,40,0.758
1435,41,0.76
1435,42,0.766
1435,43,0.766
1435,44,0.768
1435,45,0.769
1435,46,0.775
1435,47,0.785
1435,48,0.788
1435,49,0.793
1435,50,0.799
1435,51,0.803
1435,52,0.805
1438,3,0.015
1438,4,0.017
1438,5,0.022
1438,6,0.024
1438,7,0.052
1438,8,0.052
1438,9,0.061
1438,10,0.067
1438,11,0.067
1438,12,0.067
1438,13,0.067
1438,14,0.067
1438,15,0.067
1438,16,0.088
1438,17,0.091
1438,18,0.093
1438,19,0.101
1438,20,0.101
1438,21,0.115
1438,22,0.119
1438,23,0.119
1438,24,0.192
1438,25,0.279
1438,26,0.343
1438,27,0.412
1438,28,0.655
1438,29,0.669
1438,30,0.678
1438,31,0.698
1438,32,0.698
1438,33,0.698
1438,34,0.713
1438,35,0.739
1438,36,0.743
1438,37,0.743
1438,38,0.762
1438,39,0.762
1438,40,0.767
1438,41,0.767
1438,42,0.767
1438,43,0.769
1438,44,0.769
1438,45,0.769
1438,46,0.769
1438,47,0.769
1438,48,0.771
1438,49,0.773
1438,50,0.775
1438,51,0.775
1438,52,0.777
1439,1,0.005
1439,2,0.005
1439,3,0.033
1439,4,0.042
1439,5,0.046
1439,6,0.047
1439,7,0.05
1439,8,0.056
1439,9,0.065
1439,10,0.076
1439,11,0.076
1439,12,0.077
1439,13,0.077
1439,14,0.077
1439,15,0.077
1439,16,0.079
1439,17,0.084
1439,18,0.092
1439,19,0.099
1439,20,0.106
1439,21,0.11
1439,22,0.112
1439,23,0.117
1439,24,0.141
1439,25,0.161
1439,26,0.275
1439,27,0.392
1439,28,0.462
1439,29,0.557
1439,30,0.58
1439,31,0.606
1439,32,0.614
1439,33,0.654
1439,34,0.671
1439,35,0.684
1439,36,0.695
1439,37,0.699
1439,38,0.702
1439,39,0.707
1439,40,0.729
1439,41,0.729
1439,42,0.73
1439,43,0.737
1439,44,0.74
1439,45,0.743
1439,46,0.745
1439,47,0.759
1439,48,0.76
1439,49,0.762
1439,50,0.768
1439,51,0.775
1439,52,0.779
1440,1,0.001
1440,2,0.003
1440,3,0.014
1440,4,0.017
1440,5,0.018
1440,6,0.026
1440,7,0.027
1440,8,0.029
1440,9,0.038
1440,10,0.046
1440,11,0.048
1440,12,0.048
1440,13,0.049
1440,14,0.049
1440,15,0.05
1440,16,0.051
1440,17,0.054
1440,18,0.061
1440,19,0.072
1440,20,0.075
1440,21,0.079
1440,22,0.082
1440,23,0.087
1440,24,0.095
1440,25,0.111
1440,26,0.138
1440,27,0.259
1440,28,0.394
1440,29,0.477
1440,30,0.516
1440,31,0.544
1440,32,0.564
1440,33,0.586
1440,34,0.605
1440,35,0.624
1440,36,0.639
1440,37,0.658
1440,38,0.669
1440,39,0.677
1440,40,0.685
1440,41,0.691
1440,42,0.695
1440,43,0.699
1440,44,0.702
1440,45,0.704
1440,46,0.707
1440,47,0.713
1440,48,0.72
1440,49,0.726
1440,50,0.733
1440,51,0.737
1440,52,0.739
1441,2,0.001
1441,3,0.01
1441,4,0.016
1441,5,0.024
1441,6,0.03
1441,7,0.031
1441,8,0.037
1441,9,0.044
1441,10,0.048
1441,11,0.051
1441,12,0.051
1441,13,0.052
1441,14,0.052
1441,15,0.054
1441,16,0.055
1441,17,0.057
1441,18,0.065
1441,19,0.078
1441,20,0.085
1441,21,0.093
1441,22,0.096
1441,23,0.101
1441,24,0.109
1441,25,0.126
1441,26,0.162
1441,27,0.304
1441,28,0.449
1441,29,0.553
1441,30,0.594
1441,31,0.62
1441,32,0.636
1441,33,0.66
1441,34,0.684
1441,35,0.702
1441,36,0.725
1441,37,0.735
1441,38,0.743
1441,39,0.75
1441,40,0.76
1441,41,0.762
1441,42,0.766
1441,43,0.769
1441,44,0.771
1441,45,0.773
1441,46,0.776
1441,47,0.782
1441,48,0.785
1441,49,0.794
1441,50,0.797
1441,51,0.8
1441,52,0.801
1442,2,0.003
1442,3,0.017
1442,4,0.022
1442,5,0.025
1442,6,0.028
1442,7,0.057
1442,8,0.06
1442,9,0.067
1442,10,0.076
1442,11,0.082
1442,12,0.084
1442,13,0.084
1442,14,0.084
1442,15,0.084
1442,16,0.084
1442,17,0.084
1442,18,0.086
1442,19,0.096
1442,20,0.113
1442,21,0.129
1442,22,0.131
1442,23,0.136
1442,24,0.145
1442,25,0.158
1442,26,0.21
1442,27,0.355
1442,28,0.483
1442,29,0.514
1442,30,0.543
1442,31,0.586
1442,32,0.609
1442,33,0.62
1442,34,0.647
1442,35,0.67
1442,36,0.692
1442,37,0.71
1442,38,0.724
1442,39,0.734
1442,40,0.751
1442,41,0.756
1442,42,0.758
1442,43,0.761
1442,44,0.765
1442,45,0.769
1442,46,0.773
1442,47,0.775
1442,48,0.782
1442,49,0.788
1442,50,0.794
1442,51,0.796
1442,52,0.798
1443,4,0.021
1443,5,0.028
1443,6,0.035
1443,7,0.036
1443,8,0.04
1443,9,0.045
1443,10,0.053
1443,11,0.058
1443,12,0.059
1443,13,0.059
1443,14,0.059
1443,15,0.06
1443,16,0.061
1443,17,0.061
1443,18,0.064
1443,19,0.067
1443,20,0.074
1443,21,0.086
1443,22,0.087
1443,23,0.089
1443,24,0.098
1443,25,0.105
1443,26,0.131
1443,27,0.227
1443,28,0.405
1443,29,0.492
1443,30,0.543
1443,31,0.596
1443,32,0.631
1443,33,0.644
1443,34,0.668
1443,35,0.692
1443,36,0.712
1443,37,0.723
1443,38,0.737
1443,39,0.743
1443,40,0.754
1443,41,0.759
1443,42,0.76
1443,43,0.765
1443,44,0.769
1443,45,0.77
1443,46,0.771
1443,47,0.774
1443,48,0.78
1443,49,0.787
1443,50,0.796
1443,51,0.797
1443,52,0.802
1444,3,0.011
1444,4,0.074
1444,5,0.074
1444,6,0.085
1444,7,0.088
1444,8,0.101
1444,9,0.113
1444,10,0.127
1444,11,0.135
1444,12,0.135
1444,13,0.135
1444,14,0.135
1444,15,0.135
1444,16,0.135
1444,17,0.138
1444,18,0.145
1444,19,0.161
1444,20,0.166
1444,21,0.172
1444,22,0.174
1444,23,0.185
1444,24,0.196
1444,25,0.206
1444,26,0.244
1444,27,0.381
1444,28,0.51
1444,29,0.588
1444,30,0.625
1444,31,0.659
1444,32,0.695
1444,33,0.712
1444,34,0.736
1444,35,0.752
1444,36,0.773
1444,37,0.786
1444,38,0.804
1444,39,0.807
1444,40,0.815
1444,41,0.817
1444,42,0.822
1444,43,0.822
1444,44,0.822
1444,45,0.822
1444,46,0.822
1444,47,0.826
1444,48,0.831
1444,49,0.838
1444,50,0.849
1444,51,0.852
1444,52,0.854
1445,4,0.009
1445,5,0.014
1445,6,0.092
1445,7,0.108
1445,8,0.118
1445,9,0.123
1445,10,0.138
1445,11,0.143
1445,12,0.143
1445,13,0.145
1445,14,0.145
1445,15,0.145
1445,16,0.146
1445,17,0.146
1445,18,0.15
1445,19,0.153
1445,20,0.164
1445,21,0.168
1445,22,0.171
1445,23,0.178
1445,24,0.183
1445,25,0.187
1445,26,0.229
1445,27,0.339
1445,28,0.451
1445,29,0.552
1445,30,0.591
1445,31,0.614
1445,32,0.621
1445,33,0.624
1445,34,0.64
1445,35,0.663
1445,36,0.681
1445,37,0.7
1445,38,0.714
1445,39,0.72
1445,40,0.735
1445,41,0.739
1445,42,0.741
1445,43,0.741
1445,44,0.744
1445,45,0.746
1445,46,0.746
1445,47,0.751
1445,48,0.762
1445,49,0.767
1445,50,0.778
1445,51,0.783
1445,52,0.787
1446,2,0.011
1446,3,0.014
1446,4,0.015
1446,5,0.015
1446,6,0.038
1446,7,0.058
1446,8,0.061
1446,9,0.076
1446,10,0.084
1446,11,0.085
1446,12,0.087
1446,13,0.088
1446,14,0.088
1446,15,0.089
1446,16,0.091
1446,17,0.091
1446,18,0.093
1446,19,0.104
1446,20,0.108
1446,21,0.129
1446,22,0.131
1446,23,0.161
1446,24,0.179
1446,25,0.317
1446,26,0.335
1446,27,0.411
1446,28,0.436
1446,29,0.556
1446,30,0.572
1446,31,0.615
1446,32,0.645
1446,33,0.65
1446,34,0.657
1446,35,0.737
1446,36,0.738
1446,37,0.753
1446,38,0.771
1446,39,0.775
1446,40,0.798
1446,41,0.799
1446,42,0.805
1446,43,0.805
1446,44,0.808
1446,45,0.808
1446,46,0.809
1446,47,0.809
1446,48,0.81
1446,49,0.818
1446,50,0.824
1446,51,0.828
1446,52,0.828
1447,3,0.009
1447,4,0.013
1447,5,0.018
1447,6,0.02
1447,7,0.047
1447,8,0.065
1447,9,0.094
1447,10,0.101
1447,11,0.11
1447,12,0.114
1447,13,0.116
1447,14,0.116
1447,15,0.116
1447,16,0.116
1447,17,0.116
1447,18,0.116
1447,19,0.125
1447,20,0.132
1447,21,0.134
1447,22,0.136
1447,23,0.154
1447,24,0.157
1447,25,0.161
1447,26,0.199
1447,27,0.291
1447,28,0.36
1447,29,0.403
1447,30,0.445
1447,31,0.463
1447,32,0.497
1447,33,0.519
1447,34,0.537
1447,35,0.555
1447,36,0.57
1447,37,0.595
1447,38,0.613
1447,39,0.631
1447,40,0.655
1447,41,0.669
1447,42,0.669
1447,43,0.673
1447,44,0.676
1447,45,0.676
1447,46,0.678
1447,47,0.682
1447,48,0.689
1447,49,0.691
1447,50,0.698
1447,51,0.705
1447,52,0.707
1452,3,0.012
1452,4,0.02
1452,5,0.02
1452,6,0.021
1452,7,0.023
1452,8,0.059
1452,9,0.061
1452,10,0.065
1452,11,0.07
1452,12,0.073
1452,13,0.073
1452,14,0.073
1452,15,0.073
1452,16,0.074
1452,17,0.074
1452,18,0.077
1452,19,0.081
1452,20,0.096
1452,21,0.108
1452,22,0.114
1452,23,0.12
1452,24,0.129
1452,25,0.147
1452,26,0.228
1452,27,0.34
1452,28,0.424
1452,29,0.485
1452,30,0.539
1452,31,0.559
1452,32,0.57
1452,33,0.597
1452,34,0.623
1452,35,0.642
1452,36,0.659
1452,37,0.67
1452,38,0.679
1452,39,0.687
1452,40,0.699
1452,41,0.704
1452,42,0.708
1452,43,0.709
1452,44,0.715
1452,45,0.719
1452,46,0.722
1452,47,0.724
1452,48,0.732
1452,49,0.736
1452,50,0.743
1452,51,0.745
1452,52,0.746
1460,3,0.005
1460,4,0.007
1460,5,0.008
1460,6,0.008
1460,7,0.049
1460,8,0.07
1460,9,0.076
1460,10,0.086
1460,11,0.087
1460,12,0.087
1460,13,0.09
1460,14,0.091
1460,15,0.091
1460,16,0.093
1460,17,0.1
1460,18,0.109
1460,19,0.116
1460,20,0.119
1460,21,0.129
1460,22,0.131
1460,23,0.134
1460,24,0.158
1460,25,0.191
1460,26,0.232
1460,27,0.447
1460,28,0.52
1460,29,0.537
1460,30,0.565
1460,31,0.605
1460,32,0.611
1460,33,0.621
1460,34,0.674
1460,35,0.693
1460,36,0.699
1460,37,0.704
1460,38,0.713
1460,39,0.731
1460,40,0.735
1460,41,0.739
1460,42,0.74
1460,43,0.741
1460,44,0.743
1460,45,0.746
1460,46,0.747
1460,47,0.751
1460,48,0.76
1460,49,0.763
1460,50,0.765
1460,51,0.769
1460,52,0.769
1461,5,0.006
1461,6,0.008
1461,7,0.052
1461,8,0.07
1461,9,0.083
1461,10,0.093
1461,11,0.102
1461,12,0.103
1461,13,0.104
1461,14,0.104
1461,15,0.106
1461,16,0.108
1461,17,0.109
1461,18,0.116
1461,19,0.122
1461,20,0.125
1461,21,0.129
1461,22,0.132
1461,23,0.139
1461,24,0.168
1461,25,0.2
1461,26,0.253
1461,27,0.488
1461,28,0.552
1461,29,0.57
1461,30,0.593
1461,31,0.611
1461,32,0.615
1461,33,0.621
1461,34,0.669
1461,35,0.685
1461,36,0.686
1461,37,0.688
1461,38,0.719
1461,39,0.724
1461,40,0.737
1461,41,0.738
1461,42,0.738
1461,43,0.739
1461,44,0.743
1461,45,0.744
1461,46,0.745
1461,47,0.752
1461,48,0.756
1461,49,0.756
1461,50,0.762
1461,51,0.771
1461,52,0.779
1462,3,0.004
1462,4,0.004
1462,5,0.005
1462,6,0.019
1462,7,0.027
1462,8,0.03
1462,9,0.036
1462,10,0.044
1462,11,0.046
1462,12,0.046
1462,13,0.046
1462,14,0.046
1462,15,0.048
1462,16,0.05
1462,17,0.054
1462,18,0.064
1462,19,0.072
1462,20,0.077
1462,21,0.091
1462,22,0.1
1462,23,0.105
1462,24,0.12
1462,25,0.13
1462,26,0.144
1462,27,0.301
1462,28,0.401
1462,29,0.482
1462,30,0.506
1462,31,0.517
1462,32,0.534
1462,33,0.558
1462,34,0.572
1462,35,0.586
1462,36,0.597
1462,37,0.607
1462,38,0.615
1462,39,0.626
1462,40,0.631
1462,41,0.633
1462,42,0.638
1462,43,0.639
1462,44,0.644
1462,45,0.647
1462,46,0.649
1462,47,0.656
1462,48,0.666
1462,49,0.673
1462,50,0.679
1462,51,0.689
1462,52,0.694
1463,3,0.004
1463,4,0.007
1463,5,0.008
1463,6,0.008
1463,7,0.02
1463,8,0.036
1463,9,0.049
1463,10,0.058
1463,11,0.068
1463,12,0.071
1463,13,0.072
1463,14,0.072
1463,15,0.074
1463,16,0.076
1463,17,0.078
1463,18,0.081
1463,19,0.086
1463,20,0.096
1463,21,0.105
1463,22,0.109
1463,23,0.116
1463,24,0.125
1463,25,0.136
1463,26,0.147
1463,27,0.23
1463,28,0.362
1463,29,0.438
1463,30,0.475
1463,31,0.513
1463,32,0.541
1463,33,0.574
1463,34,0.601
1463,35,0.617
1463,36,0.636
1463,37,0.649
1463,38,0.658
1463,39,0.667
1463,40,0.686
1463,41,0.691
1463,42,0.694
1463,43,0.699
1463,44,0.699
1463,45,0.702
1463,46,0.705
1463,47,0.712
1463,48,0.72
1463,49,0.727
1463,50,0.737
1463,51,0.74
1463,52,0.742
1465,3,0.005
1465,4,0.005
1465,5,0.007
1465,6,0.01
1465,7,0.027
1465,8,0.034
1465,9,0.035
1465,10,0.04
1465,11,0.044
1465,12,0.047
1465,13,0.047
1465,14,0.047
1465,15,0.047
1465,16,0.047
1465,17,0.05
1465,18,0.053
1465,19,0.056
1465,20,0.065
1465,21,0.075
1465,22,0.077
1465,23,0.079
1465,24,0.098
1465,25,0.125
1465,26,0.151
1465,27,0.24
1465,28,0.34
1465,29,0.392
1465,30,0.449
1465,31,0.498
1465,32,0.508
1465,33,0.522
1465,34,0.544
1465,35,0.574
1465,36,0.59
1465,37,0.598
1465,38,0.606
1465,39,0.639
1465,40,0.656
1465,41,0.66
1465,42,0.663
1465,43,0.664
1465,44,0.666
1465,45,0.668
1465,46,0.67
1465,47,0.676
1465,48,0.685
1465,49,0.694
1465,50,0.698
1465,51,0.702
1465,52,0.707
1466,3,0.007
1466,4,0.008
1466,5,0.01
1466,6,0.026
1466,7,0.033
1466,8,0.043
1466,9,0.045
1466,10,0.049
1466,11,0.052
1466,12,0.053
1466,13,0.053
1466,14,0.053
1466,15,0.054
1466,16,0.054
1466,17,0.054
1466,18,0.058
1466,19,0.07
1466,20,0.085
1466,21,0.095
1466,22,0.095
1466,23,0.098
1466,24,0.103
1466,25,0.132
1466,26,0.213
1466,27,0.364
1466,28,0.461
1466,29,0.484
1466,30,0.525
1466,31,0.538
1466,32,0.554
1466,33,0.561
1466,34,0.575
1466,35,0.59
1466,36,0.609
1466,37,0.633
1466,38,0.658
1466,39,0.664
1466,40,0.688
1466,41,0.689
1466,42,0.69
1466,43,0.695
1466,44,0.697
1466,45,0.699
1466,46,0.703
1466,47,0.708
1466,48,0.715
1466,49,0.722
1466,50,0.729
1466,51,0.732
1466,52,0.733
1470,1,0.002
1470,2,0.002
1470,3,0.005
1470,4,0.008
1470,5,0.008
1470,6,0.016
1470,7,0.032
1470,8,0.048
1470,9,0.054
1470,10,0.063
1470,11,0.073
1470,12,0.073
1470,13,0.077
1470,14,0.077
1470,15,0.078
1470,16,0.078
1470,17,0.08
1470,18,0.083
1470,19,0.098
1470,20,0.103
1470,21,0.106
1470,22,0.109
1470,23,0.126
1470,24,0.141
1470,25,0.154
1470,26,0.219
1470,27,0.351
1470,28,0.48
1470,29,0.552
1470,30,0.583
1470,31,0.598
1470,32,0.613
1470,33,0.627
1470,34,0.648
1470,35,0.663
1470,36,0.675
1470,37,0.693
1470,38,0.715
1470,39,0.719
1470,40,0.728
1470,41,0.729
1470,42,0.732
1470,43,0.733
1470,44,0.737
1470,45,0.739
1470,46,0.739
1470,47,0.742
1470,48,0.746
1470,49,0.753
1470,50,0.761
1470,51,0.763
1470,52,0.765
1471,3,0.01
1471,4,0.033
1471,5,0.039
1471,6,0.04
1471,7,0.045
1471,8,0.059
1471,9,0.074
1471,10,0.084
1471,11,0.087
1471,12,0.087
1471,13,0.09
1471,14,0.091
1471,15,0.093
1471,16,0.093
1471,17,0.093
1471,18,0.095
1471,19,0.109
1471,20,0.111
1471,21,0.117
1471,22,0.121
1471,23,0.125
1471,24,0.131
1471,25,0.138
1471,26,0.161
1471,27,0.272
1471,28,0.395
1471,29,0.466
1471,30,0.497
1471,31,0.524
1471,32,0.555
1471,33,0.588
1471,34,0.622
1471,35,0.662
1471,36,0.683
1471,37,0.708
1471,38,0.729
1471,39,0.743
1471,40,0.754
1471,41,0.76
1471,42,0.765
1471,43,0.767
1471,44,0.774
1471,45,0.777
1471,46,0.78
1471,47,0.782
1471,48,0.786
1471,49,0.79
1471,50,0.792
1471,51,0.794
1471,52,0.799
1472,3,0.011
1472,4,0.028
1472,5,0.028
1472,6,0.031
1472,7,0.037
1472,8,0.045
1472,9,0.053
1472,10,0.063
1472,11,0.066
1472,12,0.067
1472,13,0.067
1472,14,0.068
1472,15,0.068
1472,16,0.07
1472,17,0.073
1472,18,0.076
1472,19,0.089
1472,20,0.098
1472,21,0.099
1472,22,0.102
1472,23,0.109
1472,24,0.113
1472,25,0.133
1472,26,0.17
1472,27,0.307
1472,28,0.381
1472,29,0.449
1472,30,0.489
1472,31,0.518
1472,32,0.559
1472,33,0.57
1472,34,0.602
1472,35,0.643
1472,36,0.652
1472,37,0.684
1472,38,0.698
1472,39,0.702
1472,40,0.719
1472,41,0.721
1472,42,0.724
1472,43,0.724
1472,44,0.728
1472,45,0.729
1472,46,0.732
1472,47,0.739
1472,48,0.748
1472,49,0.755
1472,50,0.761
1472,51,0.769
1472,52,0.769
1473,2,0.005
1473,3,0.024
1473,4,0.031
1473,5,0.038
1473,6,0.045
1473,7,0.05
1473,8,0.054
1473,9,0.077
1473,10,0.099
1473,11,0.105
1473,12,0.105
1473,13,0.105
1473,14,0.105
1473,15,0.105
1473,16,0.106
1473,17,0.108
1473,18,0.108
1473,19,0.123
1473,20,0.129
1473,21,0.133
1473,22,0.134
1473,23,0.135
1473,24,0.145
1473,25,0.152
1473,26,0.179
1473,27,0.283
1473,28,0.388
1473,29,0.447
1473,30,0.479
1473,31,0.523
1473,32,0.558
1473,33,0.584
1473,34,0.6
1473,35,0.642
1473,36,0.653
1473,37,0.676
1473,38,0.687
1473,39,0.692
1473,40,0.717
1473,41,0.721
1473,42,0.727
1473,43,0.731
1473,44,0.735
1473,45,0.738
1473,46,0.743
1473,47,0.751
1473,48,0.758
1473,49,0.773
1473,50,0.78
1473,51,0.781
1473,52,0.783
1480,1,0.0
1480,2,0.001
1480,3,0.007
1480,4,0.01
1480,5,0.012
1480,6,0.013
1480,7,0.014
1480,8,0.016
1480,9,0.023
1480,10,0.032
1480,11,0.035
1480,12,0.035
1480,13,0.036
1480,14,0.037
1480,15,0.039
1480,16,0.041
1480,17,0.043
1480,18,0.049
1480,19,0.054
1480,20,0.058
1480,21,0.064
1480,22,0.067
1480,23,0.073
1480,24,0.083
1480,25,0.102
1480,26,0.138
1480,27,0.299
1480,28,0.436
1480,29,0.514
1480,30,0.552
1480,31,0.574
1480,32,0.59
1480,33,0.608
1480,34,0.625
1480,35,0.639
1480,36,0.654
1480,37,0.665
1480,38,0.674
1480,39,0.681
1480,40,0.687
1480,41,0.69
1480,42,0.693
1480,43,0.695
1480,44,0.697
1480,45,0.699
1480,46,0.702
1480,47,0.707
1480,48,0.712
1480,49,0.718
1480,50,0.723
1480,51,0.726
1480,52,0.728
1481,1,0.001
1481,2,0.002
1481,3,0.011
1481,4,0.017
1481,5,0.019
1481,6,0.021
1481,7,0.023
1481,8,0.025
1481,9,0.033
1481,10,0.044
1481,11,0.047
1481,12,0.048
1481,13,0.049
1481,14,0.051
1481,15,0.053
1481,16,0.056
1481,17,0.062
1481,18,0.069
1481,19,0.074
1481,20,0.081
1481,21,0.086
1481,22,0.09
1481,23,0.098
1481,24,0.11
1481,25,0.13
1481,26,0.174
1481,27,0.359
1481,28,0.507
1481,29,0.59
1481,30,0.63
1481,31,0.655
1481,32,0.673
1481,33,0.69
1481,34,0.707
1481,35,0.721
1481,36,0.732
1481,37,0.744
1481,38,0.751
1481,39,0.757
1481,40,0.763
1481,41,0.766
1481,42,0.768
1481,43,0.771
1481,44,0.773
1481,45,0.775
1481,46,0.778
1481,47,0.782
1481,48,0.785
1481,49,0.79
1481,50,0.794
1481,51,0.797
1481,52,0.798
1482,3,0.012
1482,4,0.023
1482,5,0.026
1482,6,0.028
1482,7,0.028
1482,8,0.033
1482,9,0.042
1482,10,0.054
1482,11,0.057
1482,12,0.057
1482,13,0.058
1482,14,0.059
1482,15,0.06
1482,16,0.062
1482,17,0.065
1482,18,0.078
1482,19,0.088
1482,20,0.095
1482,21,0.099
1482,22,0.102
1482,23,0.108
1482,24,0.118
1482,25,0.131
1482,26,0.16
1482,27,0.314
1482,28,0.445
1482,29,0.517
1482,30,0.564
1482,31,0.591
1482,32,0.613
1482,33,0.642
1482,34,0.667
1482,35,0.686
1482,36,0.703
1482,37,0.718
1482,38,0.73
1482,39,0.737
1482,40,0.744
1482,41,0.748
1482,42,0.75
1482,43,0.751
1482,44,0.754
1482,45,0.756
1482,46,0.76
1482,47,0.765
1482,48,0.769
1482,49,0.776
1482,50,0.783
1482,51,0.787
1482,52,0.789
1484,3,0.009
1484,4,0.013
1484,5,0.014
1484,6,0.018
1484,7,0.02
1484,8,0.047
1484,9,0.054
1484,10,0.065
1484,11,0.069
1484,12,0.069
1484,13,0.069
1484,14,0.071
1484,15,0.071
1484,16,0.073
1484,17,0.083
1484,18,0.092
1484,19,0.096
1484,20,0.11
1484,21,0.116
1484,22,0.121
1484,23,0.125
1484,24,0.146
1484,25,0.193
1484,26,0.249
1484,27,0.387
1484,28,0.496
1484,29,0.554
1484,30,0.589
1484,31,0.61
1484,32,0.622
1484,33,0.628
1484,34,0.662
1484,35,0.689
1484,36,0.706
1484,37,0.72
1484,38,0.734
1484,39,0.735
1484,40,0.743
1484,41,0.743
1484,42,0.748
1484,43,0.752
1484,44,0.752
1484,45,0.756
1484,46,0.756
1484,47,0.759
1484,48,0.764
1484,49,0.77
1484,50,0.776
1484,51,0.781
1484,52,0.782
1485,2,0.001
1485,3,0.024
1485,4,0.051
1485,5,0.057
1485,6,0.06
1485,7,0.064
1485,8,0.07
1485,9,0.084
1485,10,0.092
1485,11,0.094
1485,12,0.099
1485,13,0.1
1485,14,0.1
1485,15,0.102
1485,16,0.103
1485,17,0.108
1485,18,0.121
1485,19,0.129
1485,20,0.132
1485,21,0.138
1485,22,0.142
1485,23,0.149
1485,24,0.184
1485,25,0.213
1485,26,0.286
1485,27,0.398
1485,28,0.482
1485,29,0.523
1485,30,0.557
1485,31,0.592
1485,32,0.614
1485,33,0.628
1485,34,0.642
1485,35,0.659
1485,36,0.674
1485,37,0.695
1485,38,0.71
1485,39,0.716
1485,40,0.728
1485,41,0.732
1485,42,0.737
1485,43,0.745
1485,44,0.75
1485,45,0.754
1485,46,0.757
1485,47,0.761
1485,48,0.767
1485,49,0.774
1485,50,0.778
1485,51,0.784
1485,52,0.787
1486,3,0.003
1486,4,0.004
1486,5,0.005
1486,6,0.005
1486,7,0.025
1486,8,0.028
1486,9,0.03
1486,10,0.036
1486,11,0.054
1486,12,0.054
1486,13,0.054
1486,14,0.054
1486,15,0.056
1486,16,0.058
1486,17,0.059
1486,18,0.063
1486,19,0.067
1486,20,0.073
1486,21,0.088
1486,22,0.107
1486,23,0.142
1486,24,0.207
1486,25,0.309
1486,26,0.341
1486,27,0.377
1486,28,0.412
1486,29,0.447
1486,30,0.483
1486,31,0.509
1486,32,0.544
1486,33,0.562
1486,34,0.583
1486,35,0.597
1486,36,0.61
1486,37,0.618
1486,38,0.625
1486,39,0.63
1486,40,0.633
1486,41,0.636
1486,42,0.639
1486,43,0.639
1486,44,0.643
1486,45,0.645
1486,46,0.65
1486,47,0.652
1486,48,0.655
1486,49,0.659
1486,50,0.664
1486,51,0.666
1486,52,0.666
1487,3,0.019
1487,4,0.024
1487,5,0.024
1487,6,0.025
1487,7,0.038
1487,8,0.055
1487,9,0.077
1487,10,0.084
1487,11,0.086
1487,12,0.086
1487,13,0.087
1487,14,0.087
1487,15,0.088
1487,16,0.089
1487,17,0.09
1487,18,0.115
1487,19,0.129
1487,20,0.135
1487,21,0.146
1487,22,0.155
1487,23,0.161
1487,24,0.172
1487,25,0.192
1487,26,0.219
1487,27,0.348
1487,28,0.455
1487,29,0.554
1487,30,0.595
1487,31,0.617
1487,32,0.638
1487,33,0.657
1487,34,0.67
1487,35,0.685
1487,36,0.697
1487,37,0.707
1487,38,0.719
1487,39,0.726
1487,40,0.739
1487,41,0.743
1487,42,0.746
1487,43,0.747
1487,44,0.752
1487,45,0.756
1487,46,0.759
1487,47,0.764
1487,48,0.769
1487,49,0.774
1487,50,0.782
1487,51,0.788
1487,52,0.79
1488,3,0.01
1488,4,0.014
1488,5,0.015
1488,6,0.017
1488,7,0.034
1488,8,0.041
1488,9,0.057
1488,10,0.063
1488,11,0.064
1488,12,0.064
1488,13,0.064
1488,14,0.065
1488,15,0.065
1488,16,0.066
1488,17,0.072
1488,18,0.091
1488,19,0.101
1488,20,0.106
1488,21,0.112
1488,22,0.117
1488,23,0.122
1488,24,0.136
1488,25,0.15
1488,26,0.188
1488,27,0.291
1488,28,0.404
1488,29,0.52
1488,30,0.559
1488,31,0.589
1488,32,0.611
1488,33,0.628
1488,34,0.646
1488,35,0.663
1488,36,0.676
1488,37,0.689
1488,38,0.7
1488,39,0.709
1488,40,0.72
1488,41,0.723
1488,42,0.724
1488,43,0.727
1488,44,0.729
1488,45,0.73
1488,46,0.733
1488,47,0.739
1488,48,0.745
1488,49,0.751
1488,50,0.759
1488,51,0.763
1488,52,0.764
1489,2,0.002
1489,3,0.02
1489,4,0.033
1489,5,0.037
1489,6,0.04
1489,7,0.044
1489,8,0.048
1489,9,0.061
1489,10,0.074
1489,11,0.084
1489,12,0.085
1489,13,0.087
1489,14,0.088
1489,15,0.09
1489,16,0.091
1489,17,0.093
1489,18,0.101
1489,19,0.11
1489,20,0.123
1489,21,0.137
1489,22,0.14
1489,23,0.142
1489,24,0.152
1489,25,0.166
1489,26,0.2
1489,27,0.345
1489,28,0.466
1489,29,0.532
1489,30,0.569
1489,31,0.59
1489,32,0.614
1489,33,0.632
1489,34,0.652
1489,35,0.68
1489,36,0.702
1489,37,0.719
1489,38,0.73
1489,39,0.739
1489,40,0.748
1489,41,0.753
1489,42,0.758
1489,43,0.762
1489,44,0.765
1489,45,0.768
1489,46,0.772
1489,47,0.777
1489,48,0.782
1489,49,0.788
1489,50,0.794
1489,51,0.798
1489,52,0.8
1490,2,0.0
1490,3,0.01
1490,4,0.014
1490,5,0.02
1490,6,0.024
1490,7,0.027
1490,8,0.031
1490,9,0.041
1490,10,0.054
1490,11,0.061
1490,12,0.061
1490,13,0.061
1490,14,0.062
1490,15,0.063
1490,16,0.063
1490,17,0.065
1490,18,0.07
1490,19,0.076
1490,20,0.091
1490,21,0.1
1490,22,0.103
1490,23,0.106
1490,24,0.112
1490,25,0.125
1490,26,0.144
1490,27,0.25
1490,28,0.386
1490,29,0.463
1490,30,0.512
1490,31,0.556
1490,32,0.575
1490,33,0.593
1490,34,0.609
1490,35,0.625
1490,36,0.642
1490,37,0.655
1490,38,0.668
1490,39,0.678
1490,40,0.685
1490,41,0.689
1490,42,0.692
1490,43,0.695
1490,44,0.698
1490,45,0.699
1490,46,0.702
1490,47,0.708
1490,48,0.715
1490,49,0.722
1490,50,0.728
1490,51,0.733
1490,52,0.735
1491,3,0.015
1491,4,0.036
1491,5,0.044
1491,6,0.045
1491,7,0.047
1491,8,0.052
1491,9,0.053
1491,10,0.067
1491,11,0.07
1491,12,0.076
1491,13,0.078
1491,14,0.078
1491,15,0.078
1491,16,0.079
1491,17,0.086
1491,18,0.091
1491,19,0.1
1491,20,0.111
1491,21,0.125
1491,22,0.127
1491,23,0.132
1491,24,0.14
1491,25,0.171
1491,26,0.231
1491,27,0.348
1491,28,0.447
1491,29,0.518
1491,30,0.581
1491,31,0.607
1491,32,0.632
1491,33,0.655
1491,34,0.678
1491,35,0.689
1491,36,0.699
1491,37,0.719
1491,38,0.729
1491,39,0.734
1491,40,0.749
1491,41,0.752
1491,42,0.754
1491,43,0.756
1491,44,0.757
1491,45,0.758
1491,46,0.76
1491,47,0.764
1491,48,0.771
1491,49,0.778
1491,50,0.784
1491,51,0.785
1491,52,0.786
1492,3,0.005
1492,4,0.016
1492,5,0.017
1492,6,0.017
1492,7,0.02
1492,8,0.07
1492,9,0.074
1492,10,0.1
1492,11,0.107
1492,12,0.107
1492,13,0.107
1492,14,0.107
1492,15,0.108
1492,16,0.11
1492,17,0.112
1492,18,0.118
1492,19,0.125
1492,20,0.128
1492,21,0.132
1492,22,0.134
1492,23,0.156
1492,24,0.17
1492,25,0.203
1492,26,0.416
1492,27,0.58
1492,28,0.62
1492,29,0.623
1492,30,0.657
1492,31,0.667
1492,32,0.683
1492,33,0.699
1492,34,0.712
1492,35,0.728
1492,36,0.728
1492,37,0.745
1492,38,0.754
1492,39,0.759
1492,40,0.767
1492,41,0.769
1492,42,0.771
1492,43,0.772
1492,44,0.774
1492,45,0.775
1492,46,0.776
1492,47,0.78
1492,48,0.785
1492,49,0.793
1492,50,0.802
1492,51,0.808
1492,52,0.811
1493,2,0.002
1493,3,0.011
1493,4,0.018
1493,5,0.018
1493,6,0.029
1493,7,0.052
1493,8,0.07
1493,9,0.083
1493,10,0.093
1493,11,0.097
1493,12,0.098
1493,13,0.098
1493,14,0.1
1493,15,0.101
1493,16,0.102
1493,17,0.104
1493,18,0.107
1493,19,0.122
1493,20,0.126
1493,21,0.131
1493,22,0.138
1493,23,0.147
1493,24,0.156
1493,25,0.171
1493,26,0.197
1493,27,0.309
1493,28,0.429
1493,29,0.501
1493,30,0.536
1493,31,0.583
1493,32,0.625
1493,33,0.66
1493,34,0.697
1493,35,0.732
1493,36,0.753
1493,37,0.783
1493,38,0.796
1493,39,0.805
1493,40,0.812
1493,41,0.815
1493,42,0.817
1493,43,0.819
1493,44,0.821
1493,45,0.823
1493,46,0.824
1493,47,0.828
1493,48,0.834
1493,49,0.837
1493,50,0.844
1493,51,0.846
1493,52,0.847
1494,3,0.013
1494,4,0.031
1494,5,0.032
1494,6,0.033
1494,7,0.036
1494,8,0.057
1494,9,0.074
1494,10,0.092
1494,11,0.097
1494,12,0.099
1494,13,0.1
1494,14,0.101
1494,15,0.101
1494,16,0.101
1494,17,0.102
1494,18,0.107
1494,19,0.122
1494,20,0.133
1494,21,0.14
1494,22,0.148
1494,23,0.153
1494,24,0.159
1494,25,0.172
1494,26,0.21
1494,27,0.34
1494,28,0.452
1494,29,0.551
1494,30,0.597
1494,31,0.626
1494,32,0.656
1494,33,0.676
1494,34,0.712
1494,35,0.756
1494,36,0.774
1494,37,0.794
1494,38,0.807
1494,39,0.815
1494,40,0.823
1494,41,0.827
1494,42,0.829
1494,43,0.831
1494,44,0.832
1494,45,0.835
1494,46,0.836
1494,47,0.839
1494,48,0.842
1494,49,0.847
1494,50,0.85
1494,51,0.853
1494,52,0.854
1495,3,0.007
1495,4,0.009
1495,5,0.015
1495,6,0.018
1495,7,0.041
1495,8,0.061
1495,9,0.079
1495,10,0.092
1495,11,0.1
1495,12,0.101
1495,13,0.102
1495,14,0.102
1495,15,0.103
1495,16,0.105
1495,17,0.107
1495,18,0.109
1495,19,0.125
1495,20,0.129
1495,21,0.137
1495,22,0.141
1495,23,0.148
1495,24,0.156
1495,25,0.167
1495,26,0.201
1495,27,0.336
1495,28,0.428
1495,29,0.487
1495,30,0.512
1495,31,0.54
1495,32,0.587
1495,33,0.612
1495,34,0.641
1495,35,0.664
1495,36,0.676
1495,37,0.705
1495,38,0.715
1495,39,0.731
1495,40,0.737
1495,41,0.738
1495,42,0.741
1495,43,0.746
1495,44,0.75
1495,45,0.755
1495,46,0.759
1495,47,0.762
1495,48,0.765
1495,49,0.769
1495,50,0.775
1495,51,0.777
1495,52,0.778
1496,1,0.002
1496,2,0.002
1496,3,0.018
1496,4,0.021
1496,5,0.023
1496,6,0.024
1496,7,0.038
1496,8,0.058
1496,9,0.072
1496,10,0.092
1496,11,0.096
1496,12,0.097
1496,13,0.098
1496,14,0.099
1496,15,0.1
1496,16,0.102
1496,17,0.104
1496,18,0.109
1496,19,0.123
1496,20,0.131
1496,21,0.139
1496,22,0.143
1496,23,0.149
1496,24,0.155
1496,25,0.175
1496,26,0.222
1496,27,0.361
1496,28,0.472
1496,29,0.538
1496,30,0.576
1496,31,0.605
1496,32,0.642
1496,33,0.653
1496,34,0.677
1496,35,0.703
1496,36,0.716
1496,37,0.737
1496,38,0.756
1496,39,0.766
1496,40,0.773
1496,41,0.776
1496,42,0.779
1496,43,0.782
1496,44,0.784
1496,45,0.785
1496,46,0.787
1496,47,0.791
1496,48,0.796
1496,49,0.801
1496,50,0.806
1496,51,0.809
1496,52,0.809
1497,3,0.022
1497,4,0.025
1497,5,0.035
1497,6,0.046
1497,7,0.071
1497,8,0.074
1497,9,0.082
1497,10,0.098
1497,11,0.101
1497,12,0.104
1497,13,0.104
1497,14,0.104
1497,15,0.106
1497,16,0.107
1497,17,0.11
1497,18,0.115
1497,19,0.133
1497,20,0.137
1497,21,0.141
1497,22,0.144
1497,23,0.15
1497,24,0.157
1497,25,0.181
1497,26,0.231
1497,27,0.333
1497,28,0.428
1497,29,0.488
1497,30,0.533
1497,31,0.572
1497,32,0.605
1497,33,0.625
1497,34,0.663
1497,35,0.706
1497,36,0.714
1497,37,0.729
1497,38,0.735
1497,39,0.749
1497,40,0.763
1497,41,0.766
1497,42,0.767
1497,43,0.77
1497,44,0.771
1497,45,0.777
1497,46,0.781
1497,47,0.784
1497,48,0.79
1497,49,0.796
1497,50,0.806
1497,51,0.812
1497,52,0.812
1498,3,0.018
1498,4,0.035
1498,5,0.036
1498,6,0.047
1498,7,0.062
1498,8,0.067
1498,9,0.073
1498,10,0.084
1498,11,0.088
1498,12,0.089
1498,13,0.09
1498,14,0.091
1498,15,0.092
1498,16,0.095
1498,17,0.097
1498,18,0.101
1498,19,0.112
1498,20,0.126
1498,21,0.133
1498,22,0.134
1498,23,0.138
1498,24,0.147
1498,25,0.165
1498,26,0.211
1498,27,0.314
1498,28,0.449
1498,29,0.501
1498,30,0.549
1498,31,0.586
1498,32,0.611
1498,33,0.635
1498,34,0.706
1498,35,0.72
1498,36,0.734
1498,37,0.753
1498,38,0.771
1498,39,0.78
1498,40,0.781
1498,41,0.781
1498,42,0.785
1498,43,0.79
1498,44,0.791
1498,45,0.792
1498,46,0.793
1498,47,0.797
1498,48,0.8
1498,49,0.804
1498,50,0.808
1498,51,0.812
1498,52,0.813
1499,1,0.001
1499,2,0.002
1499,3,0.011
1499,4,0.02
1499,5,0.02
1499,6,0.027
1499,7,0.038
1499,8,0.045
1499,9,0.057
1499,10,0.084
1499,11,0.094
1499,12,0.094
1499,13,0.095
1499,14,0.096
1499,15,0.097
1499,16,0.098
1499,17,0.101
1499,18,0.104
1499,19,0.113
1499,20,0.121
1499,21,0.131
1499,22,0.137
1499,23,0.15
1499,24,0.162
1499,25,0.176
1499,26,0.215
1499,27,0.354
1499,28,0.459
1499,29,0.516
1499,30,0.554
1499,31,0.584
1499,32,0.6
1499,33,0.615
1499,34,0.638
1499,35,0.654
1499,36,0.67
1499,37,0.682
1499,38,0.694
1499,39,0.709
1499,40,0.715
1499,41,0.72
1499,42,0.723
1499,43,0.725
1499,44,0.727
1499,45,0.729
1499,46,0.733
1499,47,0.74
1499,48,0.746
1499,49,0.752
1499,50,0.758
1499,51,0.762
1499,52,0.763
1715,3,0.008
1715,4,0.019
1715,5,0.02
1715,6,0.022
1715,7,0.029
1715,8,0.039
1715,9,0.06
1715,10,0.076
1715,11,0.086
1715,12,0.088
1715,13,0.088
1715,14,0.088
1715,15,0.089
1715,16,0.108
1715,17,0.126
1715,18,0.15
1715,19,0.165
1715,20,0.17
1715,21,0.171
1715,22,0.174
1715,23,0.18
1715,24,0.184
1715,25,0.195
1715,26,0.33
1715,27,0.628
1715,28,0.694
1715,29,0.738
1715,30,0.743
1715,31,0.745
1715,32,0.757
1715,33,0.766
1715,34,0.774
1715,35,0.786
1715,36,0.796
1715,37,0.797
1715,38,0.805
1715,39,0.811
1715,40,0.811
1715,41,0.812
1715,42,0.813
1715,43,0.816
1715,44,0.822
1715,45,0.823
1715,46,0.823
1715,47,0.826
1715,48,0.829
1715,49,0.831
1715,50,0.836
1715,51,0.844
1715,52,0.844
1730,3,0.004
1730,4,0.025
1730,5,0.035
1730,6,0.036
1730,7,0.042
1730,8,0.048
1730,9,0.066
1730,10,0.069
1730,11,0.074
1730,12,0.077
1730,13,0.079
1730,14,0.079
1730,15,0.08
1730,16,0.093
1730,17,0.104
1730,18,0.127
1730,19,0.136
1730,20,0.145
1730,21,0.147
1730,22,0.153
1730,23,0.169
1730,24,0.171
1730,25,0.19
1730,26,0.486
1730,27,0.605
1730,28,0.634
1730,29,0.643
1730,30,0.654
1730,31,0.659
1730,32,0.669
1730,33,0.679
1730,34,0.685
1730,35,0.688
1730,36,0.695
1730,37,0.697
1730,38,0.699
1730,39,0.703
1730,40,0.703
1730,41,0.706
1730,42,0.708
1730,43,0.708
1730,44,0.708
1730,45,0.709
1730,46,0.711
1730,47,0.712
1730,48,0.712
1730,49,0.713
1730,50,0.714
1730,51,0.722
1730,52,0.722
1737,4,0.014
1737,5,0.017
1737,6,0.036
1737,7,0.049
1737,8,0.067
1737,9,0.09
1737,10,0.122
1737,11,0.129
1737,12,0.132
1737,13,0.132
1737,14,0.132
1737,15,0.15
1737,16,0.169
1737,17,0.189
1737,18,0.221
1737,19,0.225
1737,20,0.236
1737,21,0.239
1737,22,0.248
1737,23,0.255
1737,24,0.26
1737,25,0.311
1737,26,0.53
1737,27,0.676
1737,28,0.736
1737,29,0.756
1737,30,0.765
1737,31,0.777
1737,32,0.786
1737,33,0.793
1737,34,0.801
1737,35,0.805
1737,36,0.815
1737,37,0.82
1737,38,0.82
1737,39,0.835
1737,40,0.835
1737,41,0.835
1737,42,0.838
1737,43,0.838
1737,44,0.839
1737,45,0.841
1737,46,0.844
1737,47,0.845
1737,48,0.848
1737,49,0.851
1737,50,0.852
1737,51,0.852
1737,52,0.852
1760,5,0.016
1760,6,0.019
1760,7,0.048
1760,8,0.056
1760,9,0.056
1760,10,0.064
1760,11,0.075
1760,12,0.075
1760,13,0.075
1760,14,0.075
1760,15,0.075
1760,16,0.08
1760,17,0.091
1760,18,0.12
1760,19,0.128
1760,20,0.152
1760,21,0.163
1760,22,0.166
1760,23,0.179
1760,24,0.187
1760,25,0.209
1760,26,0.481
1760,27,0.631
1760,28,0.679
1760,29,0.701
1760,30,0.711
1760,31,0.722
1760,32,0.733
1760,33,0.738
1760,34,0.749
1760,35,0.754
1760,36,0.757
1760,37,0.767
1760,38,0.773
1760,39,0.781
1760,40,0.781
1760,41,0.786
1760,42,0.789
1760,43,0.797
1760,44,0.799
1760,45,0.802
1760,46,0.813
1760,47,0.813
1760,48,0.829
1760,49,0.837
1760,50,0.845
1760,51,0.848
1760,52,0.848
1761,2,0.002
1761,3,0.008
1761,4,0.021
1761,5,0.021
1761,6,0.021
1761,7,0.03
1761,8,0.035
1761,9,0.055
1761,10,0.08
1761,11,0.088
1761,12,0.089
1761,13,0.089
1761,14,0.092
1761,15,0.092
1761,16,0.116
1761,17,0.144
1761,18,0.162
1761,19,0.177
1761,20,0.182
1761,21,0.186
1761,22,0.188
1761,23,0.198
1761,24,0.204
1761,25,0.212
1761,26,0.37
1761,27,0.683
1761,28,0.756
1761,29,0.797
1761,30,0.814
1761,31,0.818
1761,32,0.83
1761,33,0.841
1761,34,0.848
1761,35,0.853
1761,36,0.864
1761,37,0.87
1761,38,0.874
1761,39,0.878
1761,40,0.878
1761,41,0.878
1761,42,0.879
1761,43,0.88
1761,44,0.882
1761,45,0.884
1761,46,0.884
1761,47,0.888
1761,48,0.89
1761,49,0.893
1761,50,0.897
1761,51,0.899
1761,52,0.899
1762,4,0.052
1762,5,0.058
1762,6,0.065
1762,7,0.083
1762,8,0.085
1762,9,0.108
1762,10,0.123
1762,11,0.132
1762,12,0.132
1762,13,0.132
1762,14,0.132
1762,15,0.135
1762,16,0.145
1762,17,0.157
1762,18,0.175
1762,19,0.183
1762,20,0.188
1762,21,0.192
1762,22,0.203
1762,23,0.207
1762,24,0.215
1762,25,0.243
1762,26,0.41
1762,27,0.582
1762,28,0.618
1762,29,0.635
1762,30,0.637
1762,31,0.658
1762,32,0.665
1762,33,0.673
1762,34,0.683
1762,35,0.705
1762,36,0.707
1762,37,0.707
1762,38,0.723
1762,39,0.73
1762,40,0.733
1762,41,0.738
1762,42,0.738
1762,43,0.738
1762,44,0.738
1762,45,0.74
1762,46,0.74
1762,47,0.748
1762,48,0.752
1762,49,0.752
1762,50,0.757
1762,51,0.76
1762,52,0.76
1763,2,0.003
1763,3,0.008
1763,4,0.018
1763,5,0.018
1763,6,0.02
1763,7,0.027
1763,8,0.045
1763,9,0.052
1763,10,0.077
1763,11,0.08
1763,12,0.082
1763,13,0.082
1763,14,0.082
1763,15,0.083
1763,16,0.099
1763,17,0.131
1763,18,0.153
1763,19,0.17
1763,20,0.177
1763,21,0.181
1763,22,0.181
1763,23,0.193
1763,24,0.197
1763,25,0.212
1763,26,0.315
1763,27,0.599
1763,28,0.691
1763,29,0.741
1763,30,0.754
1763,31,0.759
1763,32,0.769
1763,33,0.781
1763,34,0.794
1763,35,0.802
1763,36,0.806
1763,37,0.812
1763,38,0.822
1763,39,0.831
1763,40,0.831
1763,41,0.831
1763,42,0.836
1763,43,0.838
1763,44,0.842
1763,45,0.843
1763,46,0.844
1763,47,0.847
1763,48,0.85
1763,49,0.852
1763,50,0.853
1763,51,0.857
1763,52,0.857
1764,3,0.009
1764,4,0.026
1764,5,0.026
1764,6,0.035
1764,7,0.041
1764,8,0.047
1764,9,0.06
1764,10,0.073
1764,11,0.077
1764,12,0.079
1764,13,0.079
1764,14,0.079
1764,15,0.079
1764,16,0.082
1764,17,0.105
1764,18,0.128
1764,19,0.135
1764,20,0.141
1764,21,0.145
1764,22,0.146
1764,23,0.154
1764,24,0.158
1764,25,0.171
1764,26,0.29
1764,27,0.528
1764,28,0.606
1764,29,0.667
1764,30,0.685
1764,31,0.686
1764,32,0.696
1764,33,0.707
1764,34,0.721
1764,35,0.732
1764,36,0.735
1764,37,0.743
1764,38,0.753
1764,39,0.772
1764,40,0.787
1764,41,0.787
1764,42,0.787
1764,43,0.792
1764,44,0.793
1764,45,0.795
1764,46,0.796
1764,47,0.801
1764,48,0.803
1764,49,0.805
1764,50,0.811
1764,51,0.817
1764,52,0.817
1765,4,0.01
1765,5,0.01
1765,6,0.011
1765,7,0.034
1765,8,0.044
1765,9,0.048
1765,10,0.058
1765,11,0.06
1765,12,0.064
1765,13,0.065
1765,14,0.067
1765,15,0.067
1765,16,0.073
1765,17,0.089
1765,18,0.101
1765,19,0.124
1765,20,0.124
1765,21,0.126
1765,22,0.134
1765,23,0.138
1765,24,0.139
1765,25,0.155
1765,26,0.41
1765,27,0.585
1765,28,0.603
1765,29,0.63
1765,30,0.635
1765,31,0.646
1765,32,0.656
1765,33,0.671
1765,34,0.689
1765,35,0.694
1765,36,0.702
1765,37,0.705
1765,38,0.705
1765,39,0.721
1765,40,0.722
1765,41,0.722
1765,42,0.732
1765,43,0.736
1765,44,0.737
1765,45,0.737
1765,46,0.738
1765,47,0.741
1765,48,0.742
1765,49,0.749
1765,50,0.752
1765,51,0.752
1765,52,0.752
1766,4,0.016
1766,5,0.016
1766,6,0.019
1766,7,0.047
1766,8,0.052
1766,9,0.058
1766,10,0.088
1766,11,0.094
1766,12,0.097
1766,13,0.097
1766,14,0.097
1766,15,0.1
1766,16,0.119
1766,17,0.134
1766,18,0.15
1766,19,0.158
1766,20,0.161
1766,21,0.165
1766,22,0.174
1766,23,0.18
1766,24,0.182
1766,25,0.202
1766,26,0.351
1766,27,0.662
1766,28,0.709
1766,29,0.732
1766,30,0.739
1766,31,0.751
1766,32,0.757
1766,33,0.776
1766,34,0.783
1766,35,0.785
1766,36,0.791
1766,37,0.794
1766,38,0.794
1766,39,0.803
1766,40,0.803
1766,41,0.803
1766,42,0.804
1766,43,0.808
1766,44,0.811
1766,45,0.815
1766,46,0.817
1766,47,0.823
1766,48,0.826
1766,49,0.832
1766,50,0.833
1766,51,0.835
1766,52,0.835
1780,2,0.001
1780,3,0.005
1780,4,0.013
1780,5,0.014
1780,6,0.016
1780,7,0.022
1780,8,0.028
1780,9,0.04
1780,10,0.057
1780,11,0.062
1780,12,0.063
1780,13,0.064
1780,14,0.064
1780,15,0.066
1780,16,0.089
1780,17,0.112
1780,18,0.133
1780,19,0.145
1780,20,0.152
1780,21,0.154
1780,22,0.157
1780,23,0.167
1780,24,0.171
1780,25,0.185
1780,26,0.281
1780,27,0.585
1780,28,0.683
1780,29,0.736
1780,30,0.753
1780,31,0.756
1780,32,0.768
1780,33,0.784
1780,34,0.792
1780,35,0.801
1780,36,0.811
1780,37,0.816
1780,38,0.82
1780,39,0.827
1780,40,0.828
1780,41,0.829
1780,42,0.831
1780,43,0.833
1780,44,0.835
1780,45,0.837
1780,46,0.837
1780,47,0.841
1780,48,0.845
1780,49,0.847
1780,50,0.851
1780,51,0.855
1780,52,0.856
1781,3,0.002
1781,4,0.005
1781,5,0.016
1781,6,0.037
1781,7,0.051
1781,8,0.057
1781,9,0.062
1781,10,0.084
1781,11,0.091
1781,12,0.093
1781,13,0.093
1781,14,0.094
1781,15,0.096
1781,16,0.108
1781,17,0.12
1781,18,0.138
1781,19,0.144
1781,20,0.157
1781,21,0.167
1781,22,0.169
1781,23,0.185
1781,24,0.193
1781,25,0.213
1781,26,0.435
1781,27,0.615
1781,28,0.672
1781,29,0.69
1781,30,0.703
1781,31,0.714
1781,32,0.73
1781,33,0.739
1781,34,0.752
1781,35,0.76
1781,36,0.777
1781,37,0.782
1781,38,0.786
1781,39,0.795
1781,40,0.796
1781,41,0.798
1781,42,0.801
1781,43,0.802
1781,44,0.804
1781,45,0.806
1781,46,0.807
1781,47,0.81
1781,48,0.812
1781,49,0.821
1781,50,0.826
1781,51,0.829
1781,52,0.829
1782,4,0.019
1782,5,0.051
1782,6,0.063
1782,7,0.067
1782,8,0.07
1782,9,0.074
1782,10,0.076
1782,11,0.085
1782,12,0.085
1782,13,0.086
1782,14,0.086
1782,15,0.088
1782,16,0.094
1782,17,0.109
1782,18,0.124
1782,19,0.141
1782,20,0.147
1782,21,0.149
1782,22,0.153
1782,23,0.158
1782,24,0.181
1782,25,0.205
1782,26,0.417
1782,27,0.607
1782,28,0.641
1782,29,0.657
1782,30,0.675
1782,31,0.68
1782,32,0.701
1782,33,0.71
1782,34,0.723
1782,35,0.732
1782,36,0.751
1782,37,0.76
1782,38,0.76
1782,39,0.772
1782,40,0.772
1782,41,0.774
1782,42,0.783
1782,43,0.786
1782,44,0.789
1782,45,0.789
1782,46,0.792
1782,47,0.795
1782,48,0.796
1782,49,0.798
1782,50,0.804
1782,51,0.808
1782,52,0.808
1783,3,0.009
1783,4,0.059
1783,5,0.066
1783,6,0.07
1783,7,0.083
1783,8,0.089
1783,9,0.105
1783,10,0.119
1783,11,0.132
1783,12,0.134
1783,13,0.134
1783,14,0.134
1783,15,0.138
1783,16,0.151
1783,17,0.165
1783,18,0.183
1783,19,0.185
1783,20,0.192
1783,21,0.198
1783,22,0.2
1783,23,0.202
1783,24,0.206
1783,25,0.224
1783,26,0.471
1783,27,0.634
1783,28,0.661
1783,29,0.674
1783,30,0.678
1783,31,0.691
1783,32,0.706
1783,33,0.71
1783,34,0.72
1783,35,0.731
1783,36,0.738
1783,37,0.742
1783,38,0.763
1783,39,0.765
1783,40,0.767
1783,41,0.769
1783,42,0.769
1783,43,0.774
1783,44,0.775
1783,45,0.777
1783,46,0.779
1783,47,0.783
1783,48,0.788
1783,49,0.801
1783,50,0.801
1783,51,0.802
1783,52,0.802
1784,4,0.027
1784,5,0.028
1784,6,0.028
1784,7,0.028
1784,8,0.039
1784,9,0.063
1784,10,0.072
1784,11,0.074
1784,12,0.076
1784,13,0.077
1784,14,0.078
1784,15,0.08
1784,16,0.096
1784,17,0.113
1784,18,0.137
1784,19,0.164
1784,20,0.169
1784,21,0.174
1784,22,0.175
1784,23,0.188
1784,24,0.19
1784,25,0.208
1784,26,0.476
1784,27,0.682
1784,28,0.708
1784,29,0.723
1784,30,0.734
1784,31,0.74
1784,32,0.749
1784,33,0.763
1784,34,0.776
1784,35,0.782
1784,36,0.789
1784,37,0.798
1784,38,0.8
1784,39,0.803
1784,40,0.803
1784,41,0.806
1784,42,0.809
1784,43,0.809
1784,44,0.811
1784,45,0.813
1784,46,0.813
1784,47,0.817
1784,48,0.819
1784,49,0.82
1784,50,0.825
1784,51,0.826
1784,52,0.826
1785,4,0.008
1785,5,0.009
1785,6,0.01
1785,7,0.019
1785,8,0.037
1785,9,0.05
1785,10,0.058
1785,11,0.061
1785,12,0.062
1785,13,0.062
1785,14,0.064
1785,15,0.065
1785,16,0.082
1785,17,0.094
1785,18,0.115
1785,19,0.126
1785,20,0.131
1785,21,0.141
1785,22,0.148
1785,23,0.157
1785,24,0.161
1785,25,0.17
1785,26,0.402
1785,27,0.566
1785,28,0.647
1785,29,0.667
1785,30,0.681
1785,31,0.686
1785,32,0.694
1785,33,0.704
1785,34,0.723
1785,35,0.73
1785,36,0.738
1785,37,0.748
1785,38,0.75
1785,39,0.765
1785,40,0.765
1785,41,0.765
1785,42,0.766
1785,43,0.771
1785,44,0.777
1785,45,0.779
1785,46,0.78
1785,47,0.783
1785,48,0.786
1785,49,0.787
1785,50,0.792
1785,51,0.795
1785,52,0.796
1814,2,0.007
1814,3,0.012
1814,4,0.013
1814,5,0.014
1814,6,0.017
1814,7,0.029
1814,8,0.041
1814,9,0.048
1814,10,0.054
1814,11,0.055
1814,12,0.061
1814,13,0.061
1814,14,0.063
1814,15,0.065
1814,16,0.068
1814,17,0.076
1814,18,0.097
1814,19,0.111
1814,20,0.121
1814,21,0.133
1814,22,0.14
1814,23,0.154
1814,24,0.162
1814,25,0.168
1814,26,0.433
1814,27,0.556
1814,28,0.614
1814,29,0.632
1814,30,0.655
1814,31,0.674
1814,32,0.69
1814,33,0.708
1814,34,0.718
1814,35,0.727
1814,36,0.742
1814,37,0.746
1814,38,0.759
1814,39,0.767
1814,40,0.769
1814,41,0.77
1814,42,0.774
1814,43,0.779
1814,44,0.781
1814,45,0.783
1814,46,0.785
1814,47,0.79
1814,48,0.793
1814,49,0.797
1814,50,0.802
1814,51,0.807
1814,52,0.81
1860,3,0.01
1860,4,0.015
1860,5,0.015
1860,6,0.029
1860,7,0.031
1860,8,0.044
1860,9,0.048
1860,10,0.059
1860,11,0.069
1860,12,0.076
1860,13,0.076
1860,14,0.082
1860,15,0.082
1860,16,0.084
1860,17,0.088
1860,18,0.105
1860,19,0.124
1860,20,0.136
1860,21,0.155
1860,22,0.159
1860,23,0.172
1860,24,0.176
1860,25,0.193
1860,26,0.446
1860,27,0.52
1860,28,0.574
1860,29,0.591
1860,30,0.61
1860,31,0.625
1860,32,0.641
1860,33,0.658
1860,34,0.671
1860,35,0.675
1860,36,0.683
1860,37,0.698
1860,38,0.713
1860,39,0.723
1860,40,0.728
1860,41,0.734
1860,42,0.734
1860,43,0.738
1860,44,0.738
1860,45,0.738
1860,46,0.74
1860,47,0.744
1860,48,0.746
1860,49,0.751
1860,50,0.751
1860,51,0.757
1860,52,0.763
1861,2,0.002
1861,3,0.008
1861,4,0.011
1861,5,0.012
1861,6,0.021
1861,7,0.023
1861,8,0.035
1861,9,0.049
1861,10,0.056
1861,11,0.058
1861,12,0.061
1861,13,0.062
1861,14,0.062
1861,15,0.063
1861,16,0.066
1861,17,0.073
1861,18,0.088
1861,19,0.112
1861,20,0.12
1861,21,0.135
1861,22,0.138
1861,23,0.155
1861,24,0.164
1861,25,0.175
1861,26,0.432
1861,27,0.521
1861,28,0.583
1861,29,0.594
1861,30,0.619
1861,31,0.639
1861,32,0.653
1861,33,0.666
1861,34,0.681
1861,35,0.687
1861,36,0.696
1861,37,0.704
1861,38,0.72
1861,39,0.729
1861,40,0.735
1861,41,0.74
1861,42,0.743
1861,43,0.747
1861,44,0.749
1861,45,0.75
1861,46,0.752
1861,47,0.757
1861,48,0.761
1861,49,0.768
1861,50,0.774
1861,51,0.779
1861,52,0.781
1862,3,0.012
1862,4,0.017
1862,5,0.018
1862,6,0.018
1862,7,0.028
1862,8,0.047
1862,9,0.058
1862,10,0.067
1862,11,0.08
1862,12,0.083
1862,13,0.084
1862,14,0.087
1862,15,0.091
1862,16,0.094
1862,17,0.101
1862,18,0.115
1862,19,0.129
1862,20,0.135
1862,21,0.143
1862,22,0.148
1862,23,0.16
1862,24,0.168
1862,25,0.198
1862,26,0.452
1862,27,0.532
1862,28,0.579
1862,29,0.601
1862,30,0.621
1862,31,0.627
1862,32,0.634
1862,33,0.651
1862,34,0.66
1862,35,0.667
1862,36,0.677
1862,37,0.688
1862,38,0.7
1862,39,0.708
1862,40,0.711
1862,41,0.714
1862,42,0.717
1862,43,0.721
1862,44,0.729
1862,45,0.733
1862,46,0.736
1862,47,0.74
1862,48,0.747
1862,49,0.753
1862,50,0.763
1862,51,0.767
1862,52,0.77
1863,2,0.007
1863,3,0.007
1863,4,0.01
1863,5,0.011
1863,6,0.019
1863,7,0.019
1863,8,0.044
1863,9,0.047
1863,10,0.05
1863,11,0.05
1863,12,0.05
1863,13,0.05
1863,14,0.051
1863,15,0.051
1863,16,0.058
1863,17,0.063
1863,18,0.076
1863,19,0.097
1863,20,0.108
1863,21,0.116
1863,22,0.119
1863,23,0.124
1863,24,0.134
1863,25,0.148
1863,26,0.32
1863,27,0.414
1863,28,0.477
1863,29,0.508
1863,30,0.519
1863,31,0.548
1863,32,0.567
1863,33,0.583
1863,34,0.599
1863,35,0.63
1863,36,0.64
1863,37,0.651
1863,38,0.673
1863,39,0.679
1863,40,0.719
1863,41,0.72
1863,42,0.721
1863,43,0.723
1863,44,0.726
1863,45,0.728
1863,46,0.73
1863,47,0.735
1863,48,0.741
1863,49,0.748
1863,50,0.752
1863,51,0.753
1863,52,0.754
1864,3,0.025
1864,4,0.027
1864,5,0.032
1864,6,0.037
1864,7,0.037
1864,8,0.042
1864,9,0.042
1864,10,0.045
1864,11,0.05
1864,12,0.052
1864,13,0.052
1864,14,0.052
1864,15,0.054
1864,16,0.059
1864,17,0.064
1864,18,0.074
1864,19,0.079
1864,20,0.087
1864,21,0.099
1864,22,0.099
1864,23,0.106
1864,24,0.111
1864,25,0.134
1864,26,0.324
1864,27,0.436
1864,28,0.47
1864,29,0.498
1864,30,0.507
1864,31,0.525
1864,32,0.542
1864,33,0.557
1864,34,0.572
1864,35,0.582
1864,36,0.589
1864,37,0.594
1864,38,0.601
1864,39,0.636
1864,40,0.636
1864,41,0.636
1864,42,0.639
1864,43,0.644
1864,44,0.646
1864,45,0.649
1864,46,0.656
1864,47,0.656
1864,48,0.663
1864,49,0.673
1864,50,0.678
1864,51,0.683
1864,52,0.688
1880,1,0.001
1880,2,0.004
1880,3,0.01
1880,4,0.014
1880,5,0.017
1880,6,0.02
1880,7,0.026
1880,8,0.036
1880,9,0.048
1880,10,0.054
1880,11,0.057
1880,12,0.059
1880,13,0.06
1880,14,0.062
1880,15,0.065
1880,16,0.07
1880,17,0.083
1880,18,0.109
1880,19,0.127
1880,20,0.14
1880,21,0.154
1880,22,0.16
1880,23,0.171
1880,24,0.18
1880,25,0.192
1880,26,0.421
1880,27,0.558
1880,28,0.61
1880,29,0.631
1880,30,0.649
1880,31,0.664
1880,32,0.675
1880,33,0.688
1880,34,0.7
1880,35,0.709
1880,36,0.721
1880,37,0.73
1880,38,0.739
1880,39,0.746
1880,40,0.751
1880,41,0.754
1880,42,0.757
1880,43,0.759
1880,44,0.761
1880,45,0.763
1880,46,0.765
1880,47,0.771
1880,48,0.778
1880,49,0.785
1880,50,0.789
1880,51,0.793
1880,52,0.795
1881,2,0.003
1881,3,0.01
1881,4,0.013
1881,5,0.015
1881,6,0.02
1881,7,0.023
1881,8,0.035
1881,9,0.048
1881,10,0.056
1881,11,0.06
1881,12,0.061
1881,13,0.062
1881,14,0.064
1881,15,0.065
1881,16,0.068
1881,17,0.078
1881,18,0.099
1881,19,0.122
1881,20,0.138
1881,21,0.149
1881,22,0.156
1881,23,0.168
1881,24,0.178
1881,25,0.191
1881,26,0.477
1881,27,0.594
1881,28,0.642
1881,29,0.659
1881,30,0.674
1881,31,0.69
1881,32,0.705
1881,33,0.717
1881,34,0.73
1881,35,0.739
1881,36,0.75
1881,37,0.764
1881,38,0.775
1881,39,0.781
1881,40,0.786
1881,41,0.789
1881,42,0.791
1881,43,0.792
1881,44,0.794
1881,45,0.796
1881,46,0.796
1881,47,0.801
1881,48,0.808
1881,49,0.814
1881,50,0.819
1881,51,0.823
1881,52,0.826
1882,3,0.009
1882,4,0.011
1882,5,0.012
1882,6,0.02
1882,7,0.021
1882,8,0.037
1882,9,0.045
1882,10,0.052
1882,11,0.053
1882,12,0.055
1882,13,0.056
1882,14,0.058
1882,15,0.059
1882,16,0.06
1882,17,0.065
1882,18,0.077
1882,19,0.097
1882,20,0.1
1882,21,0.115
1882,22,0.121
1882,23,0.136
1882,24,0.141
1882,25,0.147
1882,26,0.419
1882,27,0.534
1882,28,0.585
1882,29,0.595
1882,30,0.607
1882,31,0.631
1882,32,0.637
1882,33,0.666
1882,34,0.676
1882,35,0.68
1882,36,0.692
1882,37,0.702
1882,38,0.713
1882,39,0.716
1882,40,0.724
1882,41,0.727
1882,42,0.729
1882,43,0.732
1882,44,0.734
1882,45,0.735
1882,46,0.736
1882,47,0.741
1882,48,0.748
1882,49,0.756
1882,50,0.76
1882,51,0.761
1882,52,0.764
1883,3,0.009
1883,4,0.013
1883,5,0.014
1883,6,0.022
1883,7,0.032
1883,8,0.055
1883,9,0.063
1883,10,0.072
1883,11,0.077
1883,12,0.079
1883,13,0.08
1883,14,0.082
1883,15,0.084
1883,16,0.089
1883,17,0.099
1883,18,0.12
1883,19,0.148
1883,20,0.164
1883,21,0.174
1883,22,0.179
1883,23,0.195
1883,24,0.208
1883,25,0.239
1883,26,0.538
1883,27,0.63
1883,28,0.668
1883,29,0.687
1883,30,0.705
1883,31,0.715
1883,32,0.729
1883,33,0.744
1883,34,0.755
1883,35,0.765
1883,36,0.773
1883,37,0.782
1883,38,0.79
1883,39,0.795
1883,40,0.798
1883,41,0.801
1883,42,0.804
1883,43,0.806
1883,44,0.81
1883,45,0.812
1883,46,0.815
1883,47,0.824
1883,48,0.832
1883,49,0.838
1883,50,0.842
1883,51,0.843
1883,52,0.845
1884,2,0.007
1884,3,0.025
1884,4,0.032
1884,5,0.038
1884,6,0.048
1884,7,0.054
1884,8,0.073
1884,9,0.083
1884,10,0.09
1884,11,0.097
1884,12,0.097
1884,13,0.099
1884,14,0.099
1884,15,0.1
1884,16,0.104
1884,17,0.11
1884,18,0.127
1884,19,0.148
1884,20,0.162
1884,21,0.173
1884,22,0.177
1884,23,0.194
1884,24,0.199
1884,25,0.202
1884,26,0.452
1884,27,0.553
1884,28,0.597
1884,29,0.615
1884,30,0.627
1884,31,0.645
1884,32,0.655
1884,33,0.681
1884,34,0.693
1884,35,0.704
1884,36,0.718
1884,37,0.727
1884,38,0.731
1884,39,0.737
1884,40,0.741
1884,41,0.748
1884,42,0.751
1884,43,0.753
1884,44,0.754
1884,45,0.756
1884,46,0.76
1884,47,0.762
1884,48,0.767
1884,49,0.774
1884,50,0.78
1884,51,0.787
1884,52,0.789
1885,2,0.002
1885,3,0.013
1885,4,0.017
1885,5,0.02
1885,6,0.03
1885,7,0.033
1885,8,0.055
1885,9,0.069
1885,10,0.077
1885,11,0.083
1885,12,0.085
1885,13,0.085
1885,14,0.086
1885,15,0.087
1885,16,0.09
1885,17,0.099
1885,18,0.12
1885,19,0.133
1885,20,0.146
1885,21,0.158
1885,22,0.162
1885,23,0.174
1885,24,0.188
1885,25,0.202
1885,26,0.458
1885,27,0.552
1885,28,0.592
1885,29,0.612
1885,30,0.629
1885,31,0.641
1885,32,0.651
1885,33,0.674
1885,34,0.686
1885,35,0.694
1885,36,0.707
1885,37,0.719
1885,38,0.731
1885,39,0.742
1885,40,0.746
1885,41,0.749
1885,42,0.752
1885,43,0.754
1885,44,0.757
1885,45,0.759
1885,46,0.762
1885,47,0.766
1885,48,0.773
1885,49,0.781
1885,50,0.786
1885,51,0.789
1885,52,0.794
1904,3,0.012
1904,4,0.014
1904,5,0.017
1904,6,0.022
1904,7,0.034
1904,8,0.046
1904,9,0.067
1904,10,0.077
1904,11,0.082
1904,12,0.082
1904,13,0.082
1904,14,0.082
1904,15,0.084
1904,16,0.084
1904,17,0.084
1904,18,0.084
1904,19,0.129
1904,20,0.134
1904,21,0.141
1904,22,0.149
1904,23,0.153
1904,24,0.18
1904,25,0.197
1904,26,0.233
1904,27,0.386
1904,28,0.475
1904,29,0.513
1904,30,0.53
1904,31,0.54
1904,32,0.544
1904,33,0.578
1904,34,0.6
1904,35,0.602
1904,36,0.612
1904,37,0.616
1904,38,0.628
1904,39,0.635
1904,40,0.635
1904,41,0.64
1904,42,0.64
1904,43,0.64
1904,44,0.643
1904,45,0.643
1904,46,0.645
1904,47,0.647
1904,48,0.655
1904,49,0.667
1904,50,0.676
1904,51,0.681
1904,52,0.681
1907,2,0.016
1907,3,0.034
1907,4,0.038
1907,5,0.043
1907,6,0.047
1907,7,0.056
1907,8,0.064
1907,9,0.077
1907,10,0.081
1907,11,0.087
1907,12,0.087
1907,13,0.087
1907,14,0.087
1907,15,0.088
1907,16,0.088
1907,17,0.088
1907,18,0.09
1907,19,0.124
1907,20,0.152
1907,21,0.158
1907,22,0.165
1907,23,0.176
1907,24,0.18
1907,25,0.193
1907,26,0.223
1907,27,0.36
1907,28,0.503
1907,29,0.547
1907,30,0.575
1907,31,0.591
1907,32,0.597
1907,33,0.609
1907,34,0.619
1907,35,0.634
1907,36,0.646
1907,37,0.654
1907,38,0.661
1907,39,0.667
1907,40,0.67
1907,41,0.676
1907,42,0.677
1907,43,0.681
1907,44,0.681
1907,45,0.686
1907,46,0.69
1907,47,0.696
1907,48,0.706
1907,49,0.713
1907,50,0.715
1907,51,0.72
1907,52,0.723
1960,2,0.009
1960,3,0.022
1960,4,0.027
1960,5,0.027
1960,6,0.028
1960,7,0.04
1960,8,0.052
1960,9,0.067
1960,10,0.083
1960,11,0.083
1960,12,0.085
1960,13,0.085
1960,14,0.086
1960,15,0.086
1960,16,0.088
1960,17,0.088
1960,18,0.089
1960,19,0.141
1960,20,0.147
1960,21,0.149
1960,22,0.154
1960,23,0.162
1960,24,0.179
1960,25,0.197
1960,26,0.35
1960,27,0.484
1960,28,0.565
1960,29,0.581
1960,30,0.62
1960,31,0.64
1960,32,0.651
1960,33,0.659
1960,34,0.671
1960,35,0.683
1960,36,0.689
1960,37,0.698
1960,38,0.71
1960,39,0.713
1960,40,0.719
1960,41,0.722
1960,42,0.735
1960,43,0.737
1960,44,0.738
1960,45,0.74
1960,46,0.747
1960,47,0.748
1960,48,0.757
1960,49,0.76
1960,50,0.769
1960,51,0.774
1960,52,0.781
1961,2,0.01
1961,3,0.026
1961,4,0.032
1961,5,0.033
1961,6,0.035
1961,7,0.044
1961,8,0.063
1961,9,0.075
1961,10,0.087
1961,11,0.091
1961,12,0.091
1961,13,0.092
1961,14,0.093
1961,15,0.093
1961,16,0.095
1961,17,0.095
1961,18,0.097
1961,19,0.126
1961,20,0.15
1961,21,0.152
1961,22,0.157
1961,23,0.168
1961,24,0.178
1961,25,0.189
1961,26,0.224
1961,27,0.376
1961,28,0.523
1961,29,0.579
1961,30,0.602
1961,31,0.617
1961,32,0.631
1961,33,0.645
1961,34,0.654
1961,35,0.662
1961,36,0.679
1961,37,0.686
1961,38,0.69
1961,39,0.7
1961,40,0.709
1961,41,0.716
1961,42,0.718
1961,43,0.721
1961,44,0.723
1961,45,0.723
1961,46,0.728
1961,47,0.73
1961,48,0.736
1961,49,0.745
1961,50,0.751
1961,51,0.756
1961,52,0.759
1962,1,0.007
1962,2,0.015
1962,3,0.029
1962,4,0.029
1962,5,0.033
1962,6,0.036
1962,7,0.038
1962,8,0.048
1962,9,0.059
1962,10,0.062
1962,11,0.064
1962,12,0.069
1962,13,0.069
1962,14,0.069
1962,15,0.072
1962,16,0.072
1962,17,0.074
1962,18,0.079
1962,19,0.126
1962,20,0.133
1962,21,0.138
1962,22,0.153
1962,23,0.162
1962,24,0.186
1962,25,0.219
1962,26,0.282
1962,27,0.494
1962,28,0.53
1962,29,0.578
1962,30,0.596
1962,31,0.614
1962,32,0.63
1962,33,0.649
1962,34,0.671
1962,35,0.676
1962,36,0.683
1962,37,0.697
1962,38,0.701
1962,39,0.709
1962,40,0.714
1962,41,0.721
1962,42,0.721
1962,43,0.723
1962,44,0.737
1962,45,0.738
1962,46,0.738
1962,47,0.74
1962,48,0.749
1962,49,0.754
1962,50,0.762
1962,51,0.762
1962,52,0.762
1980,1,0.0
1980,2,0.009
1980,3,0.015
1980,4,0.019
1980,5,0.021
1980,6,0.022
1980,7,0.027
1980,8,0.038
1980,9,0.055
1980,10,0.066
1980,11,0.07
1980,12,0.071
1980,13,0.072
1980,14,0.073
1980,15,0.074
1980,16,0.076
1980,17,0.077
1980,18,0.08
1980,19,0.111
1980,20,0.13
1980,21,0.134
1980,22,0.144
1980,23,0.154
1980,24,0.164
1980,25,0.174
1980,26,0.209
1980,27,0.415
1980,28,0.535
1980,29,0.578
1980,30,0.602
1980,31,0.616
1980,32,0.629
1980,33,0.645
1980,34,0.657
1980,35,0.669
1980,36,0.679
1980,37,0.688
1980,38,0.698
1980,39,0.704
1980,40,0.71
1980,41,0.714
1980,42,0.717
1980,43,0.72
1980,44,0.723
1980,45,0.726
1980,46,0.728
1980,47,0.734
1980,48,0.739
1980,49,0.746
1980,50,0.754
1980,51,0.761
1980,52,0.763
1981,2,0.009
1981,3,0.023
1981,4,0.029
1981,5,0.031
1981,6,0.034
1981,7,0.043
1981,8,0.057
1981,9,0.074
1981,10,0.077
1981,11,0.085
1981,12,0.09
1981,13,0.091
1981,14,0.091
1981,15,0.093
1981,16,0.096
1981,17,0.099
1981,18,0.102
1981,19,0.133
1981,20,0.158
1981,21,0.159
1981,22,0.169
1981,23,0.175
1981,24,0.187
1981,25,0.201
1981,26,0.232
1981,27,0.407
1981,28,0.462
1981,29,0.565
1981,30,0.593
1981,31,0.625
1981,32,0.649
1981,33,0.655
1981,34,0.676
1981,35,0.683
1981,36,0.697
1981,37,0.705
1981,38,0.714
1981,39,0.73
1981,40,0.733
1981,41,0.738
1981,42,0.741
1981,43,0.744
1981,44,0.747
1981,45,0.748
1981,46,0.75
1981,47,0.751
1981,48,0.757
1981,49,0.761
1981,50,0.773
1981,51,0.778
1981,52,0.779
1982,1,0.007
1982,2,0.021
1982,3,0.032
1982,4,0.036
1982,5,0.037
1982,6,0.038
1982,7,0.044
1982,8,0.056
1982,9,0.063
1982,10,0.065
1982,11,0.067
1982,12,0.067
1982,13,0.067
1982,14,0.069
1982,15,0.07
1982,16,0.07
1982,17,0.073
1982,18,0.077
1982,19,0.113
1982,20,0.129
1982,21,0.132
1982,22,0.138
1982,23,0.147
1982,24,0.162
1982,25,0.191
1982,26,0.222
1982,27,0.38
1982,28,0.488
1982,29,0.535
1982,30,0.557
1982,31,0.568
1982,32,0.591
1982,33,0.605
1982,34,0.618
1982,35,0.625
1982,36,0.642
1982,37,0.657
1982,38,0.665
1982,39,0.671
1982,40,0.674
1982,41,0.676
1982,42,0.682
1982,43,0.688
1982,44,0.689
1982,45,0.691
1982,46,0.692
1982,47,0.697
1982,48,0.701
1982,49,0.706
1982,50,0.716
1982,51,0.721
1982,52,0.721
1983,2,0.009
1983,3,0.022
1983,4,0.026
1983,5,0.029
1983,6,0.03
1983,7,0.043
1983,8,0.051
1983,9,0.065
1983,10,0.076
1983,11,0.08
1983,12,0.082
1983,13,0.082
1983,14,0.083
1983,15,0.083
1983,16,0.084
1983,17,0.086
1983,18,0.087
1983,19,0.12
1983,20,0.136
1983,21,0.138
1983,22,0.143
1983,23,0.151
1983,24,0.161
1983,25,0.171
1983,26,0.276
1983,27,0.442
1983,28,0.513
1983,29,0.548
1983,30,0.569
1983,31,0.587
1983,32,0.599
1983,33,0.617
1983,34,0.63
1983,35,0.642
1983,36,0.651
1983,37,0.669
1983,38,0.676
1983,39,0.684
1983,40,0.691
1983,41,0.696
1983,42,0.698
1983,43,0.702
1983,44,0.704
1983,45,0.709
1983,46,0.715
1983,47,0.721
1983,48,0.729
1983,49,0.734
1983,50,0.741
1983,51,0.747
1983,52,0.75
1984,2,0.005
1984,3,0.013
1984,4,0.018
1984,5,0.018
1984,6,0.022
1984,7,0.035
1984,8,0.047
1984,9,0.062
1984,10,0.069
1984,11,0.07
1984,12,0.07
1984,13,0.07
1984,14,0.07
1984,15,0.07
1984,16,0.072
1984,17,0.074
1984,18,0.079
1984,19,0.123
1984,20,0.14
1984,21,0.142
1984,22,0.147
1984,23,0.157
1984,24,0.168
1984,25,0.183
1984,26,0.335
1984,27,0.516
1984,28,0.585
1984,29,0.598
1984,30,0.625
1984,31,0.647
1984,32,0.655
1984,33,0.662
1984,34,0.675
1984,35,0.686
1984,36,0.696
1984,37,0.705
1984,38,0.717
1984,39,0.718
1984,40,0.724
1984,41,0.727
1984,42,0.732
1984,43,0.734
1984,44,0.738
1984,45,0.739
1984,46,0.744
1984,47,0.756
1984,48,0.766
1984,49,0.773
1984,50,0.777
1984,51,0.781
1984,52,0.783
2021,2,0.011
2021,3,0.012
2021,4,0.017
2021,5,0.017
2021,6,0.017
2021,7,0.022
2021,8,0.039
2021,9,0.046
2021,10,0.059
2021,11,0.062
2021,12,0.062
2021,13,0.062
2021,14,0.062
2021,15,0.064
2021,16,0.07
2021,17,0.077
2021,18,0.081
2021,19,0.086
2021,20,0.109
2021,21,0.12
2021,22,0.127
2021,23,0.235
2021,24,0.285
2021,25,0.372
2021,26,0.419
2021,27,0.548
2021,28,0.593
2021,29,0.628
2021,30,0.631
2021,31,0.648
2021,32,0.648
2021,33,0.67
2021,34,0.678
2021,35,0.685
2021,36,0.688
2021,37,0.691
2021,38,0.7
2021,39,0.72
2021,40,0.728
2021,41,0.728
2021,42,0.743
2021,43,0.749
2021,44,0.75
2021,45,0.751
2021,46,0.754
2021,47,0.756
2021,48,0.76
2021,49,0.761
2021,50,0.764
2021,51,0.765
2021,52,0.765
2023,1,0.004
2023,2,0.004
2023,3,0.005
2023,4,0.009
2023,5,0.011
2023,6,0.011
2023,7,0.015
2023,8,0.032
2023,9,0.039
2023,10,0.052
2023,11,0.06
2023,12,0.061
2023,13,0.061
2023,14,0.061
2023,15,0.062
2023,16,0.068
2023,17,0.077
2023,18,0.09
2023,19,0.096
2023,20,0.102
2023,21,0.11
2023,22,0.122
2023,23,0.13
2023,24,0.187
2023,25,0.266
2023,26,0.359
2023,27,0.459
2023,28,0.543
2023,29,0.571
2023,30,0.601
2023,31,0.625
2023,32,0.633
2023,33,0.651
2023,34,0.667
2023,35,0.685
2023,36,0.693
2023,37,0.702
2023,38,0.704
2023,39,0.714
2023,40,0.72
2023,41,0.721
2023,42,0.722
2023,43,0.727
2023,44,0.727
2023,45,0.731
2023,46,0.732
2023,47,0.739
2023,48,0.744
2023,49,0.747
2023,50,0.756
2023,51,0.76
2023,52,0.76
2026,3,0.009
2026,4,0.009
2026,5,0.01
2026,6,0.013
2026,7,0.015
2026,8,0.033
2026,9,0.048
2026,10,0.062
2026,11,0.064
2026,12,0.064
2026,13,0.064
2026,14,0.064
2026,15,0.067
2026,16,0.079
2026,17,0.094
2026,18,0.097
2026,19,0.108
2026,20,0.127
2026,21,0.142
2026,22,0.151
2026,23,0.163
2026,24,0.208
2026,25,0.277
2026,26,0.389
2026,27,0.492
2026,28,0.588
2026,29,0.649
2026,30,0.663
2026,31,0.669
2026,32,0.675
2026,33,0.685
2026,34,0.692
2026,35,0.726
2026,36,0.736
2026,37,0.75
2026,38,0.765
2026,39,0.774
2026,40,0.775
2026,41,0.779
2026,42,0.78
2026,43,0.781
2026,44,0.784
2026,45,0.785
2026,46,0.788
2026,47,0.798
2026,48,0.801
2026,49,0.807
2026,50,0.814
2026,51,0.82
2026,52,0.82
2029,3,0.012
2029,4,0.016
2029,5,0.017
2029,6,0.018
2029,7,0.019
2029,8,0.03
2029,9,0.032
2029,10,0.05
2029,11,0.055
2029,12,0.055
2029,13,0.056
2029,14,0.056
2029,15,0.062
2029,16,0.066
2029,17,0.092
2029,18,0.094
2029,19,0.099
2029,20,0.104
2029,21,0.107
2029,22,0.112
2029,23,0.138
2029,24,0.164
2029,25,0.284
2029,26,0.365
2029,27,0.516
2029,28,0.541
2029,29,0.658
2029,30,0.667
2029,31,0.679
2029,32,0.687
2029,33,0.698
2029,34,0.716
2029,35,0.742
2029,36,0.75
2029,37,0.753
2029,38,0.755
2029,39,0.773
2029,40,0.775
2029,41,0.777
2029,42,0.779
2029,43,0.781
2029,44,0.785
2029,45,0.785
2029,46,0.786
2029,47,0.788
2029,48,0.799
2029,49,0.807
2029,50,0.814
2029,51,0.816
2029,52,0.818
2031,3,0.006
2031,4,0.007
2031,5,0.007
2031,6,0.007
2031,7,0.008
2031,8,0.015
2031,9,0.021
2031,10,0.034
2031,11,0.045
2031,12,0.045
2031,13,0.045
2031,14,0.047
2031,15,0.068
2031,16,0.098
2031,17,0.115
2031,18,0.116
2031,19,0.124
2031,20,0.129
2031,21,0.144
2031,22,0.164
2031,23,0.173
2031,24,0.213
2031,25,0.288
2031,26,0.397
2031,27,0.436
2031,28,0.556
2031,29,0.596
2031,30,0.622
2031,31,0.628
2031,32,0.631
2031,33,0.639
2031,34,0.652
2031,35,0.667
2031,36,0.679
2031,37,0.693
2031,38,0.701
2031,39,0.731
2031,40,0.733
2031,41,0.734
2031,42,0.736
2031,43,0.737
2031,44,0.739
2031,45,0.739
2031,46,0.742
2031,47,0.745
2031,48,0.748
2031,49,0.754
2031,50,0.763
2031,51,0.766
2031,52,0.767
2034,2,0.005
2034,3,0.032
2034,4,0.033
2034,5,0.033
2034,6,0.033
2034,7,0.034
2034,8,0.038
2034,9,0.052
2034,10,0.066
2034,11,0.067
2034,12,0.07
2034,13,0.07
2034,14,0.07
2034,15,0.072
2034,16,0.09
2034,17,0.105
2034,18,0.108
2034,19,0.114
2034,20,0.129
2034,21,0.152
2034,22,0.159
2034,23,0.172
2034,24,0.194
2034,25,0.256
2034,26,0.33
2034,27,0.394
2034,28,0.478
2034,29,0.548
2034,30,0.575
2034,31,0.586
2034,32,0.591
2034,33,0.594
2034,34,0.6
2034,35,0.623
2034,36,0.625
2034,37,0.642
2034,38,0.677
2034,39,0.69
2034,40,0.694
2034,41,0.695
2034,42,0.695
2034,43,0.695
2034,44,0.695
2034,45,0.695
2034,46,0.697
2034,47,0.705
2034,48,0.705
2034,49,0.706
2034,50,0.718
2034,51,0.729
2034,52,0.73
2039,4,0.007
2039,5,0.007
2039,6,0.007
2039,7,0.007
2039,8,0.034
2039,9,0.036
2039,10,0.045
2039,11,0.067
2039,12,0.067
2039,13,0.067
2039,14,0.067
2039,15,0.08
2039,16,0.083
2039,17,0.087
2039,18,0.09
2039,19,0.095
2039,20,0.1
2039,21,0.108
2039,22,0.136
2039,23,0.173
2039,24,0.334
2039,25,0.415
2039,26,0.525
2039,27,0.548
2039,28,0.596
2039,29,0.616
2039,30,0.628
2039,31,0.637
2039,32,0.649
2039,33,0.654
2039,34,0.669
2039,35,0.679
2039,36,0.689
2039,37,0.694
2039,38,0.7
2039,39,0.704
2039,40,0.704
2039,41,0.719
2039,42,0.728
2039,43,0.728
2039,44,0.729
2039,45,0.729
2039,46,0.729
2039,47,0.732
2039,48,0.738
2039,49,0.742
2039,50,0.746
2039,51,0.749
2039,52,0.749
2061,3,0.005
2061,4,0.008
2061,5,0.008
2061,6,0.008
2061,7,0.008
2061,8,0.016
2061,9,0.025
2061,10,0.047
2061,11,0.052
2061,12,0.053
2061,13,0.054
2061,14,0.054
2061,15,0.061
2061,16,0.065
2061,17,0.076
2061,18,0.085
2061,19,0.091
2061,20,0.119
2061,21,0.13
2061,22,0.139
2061,23,0.15
2061,24,0.191
2061,25,0.246
2061,26,0.332
2061,27,0.476
2061,28,0.55
2061,29,0.601
2061,30,0.622
2061,31,0.636
2061,32,0.646
2061,33,0.656
2061,34,0.662
2061,35,0.668
2061,36,0.682
2061,37,0.696
2061,38,0.704
2061,39,0.718
2061,40,0.725
2061,41,0.729
2061,42,0.735
2061,43,0.74
2061,44,0.74
2061,45,0.74
2061,46,0.74
2061,47,0.744
2061,48,0.747
2061,49,0.75
2061,50,0.755
2061,51,0.76
2061,52,0.761
2062,3,0.015
2062,4,0.016
2062,5,0.017
2062,6,0.017
2062,7,0.018
2062,8,0.024
2062,9,0.036
2062,10,0.061
2062,11,0.067
2062,12,0.068
2062,13,0.07
2062,14,0.071
2062,15,0.089
2062,16,0.106
2062,17,0.125
2062,18,0.134
2062,19,0.142
2062,20,0.155
2062,21,0.172
2062,22,0.176
2062,23,0.185
2062,24,0.223
2062,25,0.306
2062,26,0.4
2062,27,0.479
2062,28,0.559
2062,29,0.627
2062,30,0.653
2062,31,0.664
2062,32,0.674
2062,33,0.674
2062,34,0.683
2062,35,0.693
2062,36,0.702
2062,37,0.712
2062,38,0.726
2062,39,0.733
2062,40,0.737
2062,41,0.74
2062,42,0.741
2062,43,0.743
2062,44,0.743
2062,45,0.744
2062,46,0.745
2062,47,0.749
2062,48,0.753
2062,49,0.756
2062,50,0.767
2062,51,0.773
2062,52,0.774
2080,1,0.001
2080,2,0.001
2080,3,0.011
2080,4,0.013
2080,5,0.013
2080,6,0.014
2080,7,0.02
2080,8,0.029
2080,9,0.032
2080,10,0.044
2080,11,0.052
2080,12,0.052
2080,13,0.053
2080,14,0.056
2080,15,0.075
2080,16,0.11
2080,17,0.14
2080,18,0.151
2080,19,0.161
2080,20,0.176
2080,21,0.195
2080,22,0.203
2080,23,0.21
2080,24,0.263
2080,25,0.34
2080,26,0.407
2080,27,0.543
2080,28,0.645
2080,29,0.717
2080,30,0.738
2080,31,0.747
2080,32,0.756
2080,33,0.761
2080,34,0.77
2080,35,0.773
2080,36,0.774
2080,37,0.795
2080,38,0.803
2080,39,0.808
2080,40,0.808
2080,41,0.812
2080,42,0.814
2080,43,0.817
2080,44,0.817
2080,45,0.819
2080,46,0.821
2080,47,0.823
2080,48,0.825
2080,49,0.831
2080,50,0.837
2080,51,0.841
2080,52,0.841
2081,1,0.002
2081,2,0.002
2081,3,0.007
2081,4,0.008
2081,5,0.008
2081,6,0.008
2081,7,0.01
2081,8,0.018
2081,9,0.02
2081,10,0.03
2081,11,0.043
2081,12,0.044
2081,13,0.045
2081,14,0.046
2081,15,0.051
2081,16,0.063
2081,17,0.085
2081,18,0.088
2081,19,0.103
2081,20,0.118
2081,21,0.127
2081,22,0.146
2081,23,0.153
2081,24,0.19
2081,25,0.257
2081,26,0.337
2081,27,0.481
2081,28,0.555
2081,29,0.601
2081,30,0.618
2081,31,0.625
2081,32,0.635
2081,33,0.639
2081,34,0.652
2081,35,0.664
2081,36,0.669
2081,37,0.69
2081,38,0.702
2081,39,0.712
2081,40,0.717
2081,41,0.722
2081,42,0.725
2081,43,0.727
2081,44,0.728
2081,45,0.73
2081,46,0.733
2081,47,0.737
2081,48,0.741
2081,49,0.749
2081,50,0.759
2081,51,0.765
2081,52,0.768
2082,3,0.004
2082,4,0.005
2082,5,0.005
2082,6,0.006
2082,7,0.009
2082,8,0.015
2082,9,0.023
2082,10,0.039
2082,11,0.055
2082,12,0.056
2082,13,0.057
2082,14,0.058
2082,15,0.066
2082,16,0.087
2082,17,0.107
2082,18,0.133
2082,19,0.144
2082,20,0.148
2082,21,0.156
2082,22,0.165
2082,23,0.208
2082,24,0.271
2082,25,0.377
2082,26,0.461
2082,27,0.571
2082,28,0.658
2082,29,0.686
2082,30,0.699
2082,31,0.706
2082,32,0.71
2082,33,0.713
2082,34,0.738
2082,35,0.751
2082,36,0.758
2082,37,0.768
2082,38,0.781
2082,39,0.781
2082,40,0.781
2082,41,0.784
2082,42,0.785
2082,43,0.787
2082,44,0.787
2082,45,0.787
2082,46,0.788
2082,47,0.792
2082,48,0.796
2082,49,0.802
2082,50,0.805
2082,51,0.808
2082,52,0.809
2083,3,0.006
2083,4,0.01
2083,5,0.01
2083,6,0.01
2083,7,0.012
2083,8,0.022
2083,9,0.034
2083,10,0.062
2083,11,0.072
2083,12,0.074
2083,13,0.074
2083,14,0.074
2083,15,0.085
2083,16,0.1
2083,17,0.11
2083,18,0.127
2083,19,0.141
2083,20,0.151
2083,21,0.16
2083,22,0.167
2083,23,0.25
2083,24,0.31
2083,25,0.369
2083,26,0.464
2083,27,0.571
2083,28,0.607
2083,29,0.636
2083,30,0.641
2083,31,0.644
2083,32,0.658
2083,33,0.66
2083,34,0.675
2083,35,0.693
2083,36,0.704
2083,37,0.72
2083,38,0.736
2083,39,0.737
2083,40,0.741
2083,41,0.751
2083,42,0.755
2083,43,0.755
2083,44,0.756
2083,45,0.756
2083,46,0.76
2083,47,0.769
2083,48,0.773
2083,49,0.777
2083,50,0.783
2083,51,0.784
2083,52,0.784
2084,1,0.002
2084,2,0.003
2084,3,0.013
2084,4,0.015
2084,5,0.015
2084,6,0.016
2084,7,0.02
2084,8,0.039
2084,9,0.052
2084,10,0.062
2084,11,0.067
2084,12,0.07
2084,13,0.07
2084,14,0.07
2084,15,0.072
2084,16,0.078
2084,17,0.084
2084,18,0.09
2084,19,0.11
2084,20,0.118
2084,21,0.137
2084,22,0.149
2084,23,0.154
2084,24,0.2
2084,25,0.267
2084,26,0.337
2084,27,0.409
2084,28,0.512
2084,29,0.588
2084,30,0.614
2084,31,0.62
2084,32,0.635
2084,33,0.641
2084,34,0.648
2084,35,0.656
2084,36,0.667
2084,37,0.676
2084,38,0.695
2084,39,0.711
2084,40,0.714
2084,41,0.717
2084,42,0.721
2084,43,0.723
2084,44,0.727
2084,45,0.73
2084,46,0.731
2084,47,0.736
2084,48,0.741
2084,49,0.749
2084,50,0.756
2084,51,0.764
2084,52,0.764
2085,1,0.003
2085,2,0.004
2085,3,0.005
2085,4,0.006
2085,5,0.006
2085,6,0.007
2085,7,0.007
2085,8,0.013
2085,9,0.022
2085,10,0.025
2085,11,0.036
2085,12,0.037
2085,13,0.038
2085,14,0.039
2085,15,0.044
2085,16,0.055
2085,17,0.07
2085,18,0.078
2085,19,0.085
2085,20,0.09
2085,21,0.107
2085,22,0.136
2085,23,0.138
2085,24,0.178
2085,25,0.244
2085,26,0.304
2085,27,0.445
2085,28,0.515
2085,29,0.567
2085,30,0.586
2085,31,0.596
2085,32,0.607
2085,33,0.61
2085,34,0.616
2085,35,0.626
2085,36,0.651
2085,37,0.665
2085,38,0.671
2085,39,0.679
2085,40,0.681
2085,41,0.685
2085,42,0.688
2085,43,0.69
2085,44,0.693
2085,45,0.694
2085,46,0.696
2085,47,0.701
2085,48,0.708
2085,49,0.717
2085,50,0.727
2085,51,0.733
2085,52,0.737
2101,2,0.017
2101,3,0.02
2101,4,0.023
2101,5,0.023
2101,6,0.03
2101,7,0.032
2101,8,0.037
2101,9,0.043
2101,10,0.053
2101,11,0.058
2101,12,0.06
2101,13,0.06
2101,14,0.06
2101,15,0.06
2101,16,0.06
2101,17,0.07
2101,18,0.072
2101,19,0.092
2101,20,0.13
2101,21,0.134
2101,22,0.147
2101,23,0.154
2101,24,0.159
2101,25,0.209
2101,26,0.306
2101,27,0.417
2101,28,0.533
2101,29,0.546
2101,30,0.576
2101,31,0.598
2101,32,0.616
2101,33,0.618
2101,34,0.621
2101,35,0.633
2101,36,0.651
2101,37,0.671
2101,38,0.691
2101,39,0.705
2101,40,0.718
2101,41,0.718
2101,42,0.721
2101,43,0.725
2101,44,0.726
2101,45,0.728
2101,46,0.728
2101,47,0.728
2101,48,0.733
2101,49,0.736
2101,50,0.745
2101,51,0.748
2101,52,0.748
2104,1,0.004
2104,2,0.004
2104,3,0.032
2104,4,0.044
2104,5,0.044
2104,6,0.046
2104,7,0.047
2104,8,0.047
2104,9,0.05
2104,10,0.054
2104,11,0.058
2104,12,0.06
2104,13,0.06
2104,14,0.06
2104,15,0.061
2104,16,0.065
2104,17,0.073
2104,18,0.082
2104,19,0.109
2104,20,0.126
2104,21,0.132
2104,22,0.138
2104,23,0.157
2104,24,0.171
2104,25,0.246
2104,26,0.302
2104,27,0.404
2104,28,0.5
2104,29,0.533
2104,30,0.557
2104,31,0.583
2104,32,0.597
2104,33,0.619
2104,34,0.637
2104,35,0.654
2104,36,0.669
2104,37,0.683
2104,38,0.694
2104,39,0.705
2104,40,0.711
2104,41,0.718
2104,42,0.721
2104,43,0.727
2104,44,0.731
2104,45,0.732
2104,46,0.734
2104,47,0.74
2104,48,0.746
2104,49,0.761
2104,50,0.765
2104,51,0.769
2104,52,0.769
2121,2,0.005
2121,3,0.01
2121,4,0.019
2121,5,0.023
2121,6,0.031
2121,7,0.033
2121,8,0.039
2121,9,0.048
2121,10,0.052
2121,11,0.052
2121,12,0.052
2121,13,0.052
2121,14,0.053
2121,15,0.055
2121,16,0.061
2121,17,0.072
2121,18,0.092
2121,19,0.126
2121,20,0.143
2121,21,0.147
2121,22,0.153
2121,23,0.16
2121,24,0.183
2121,25,0.308
2121,26,0.418
2121,27,0.579
2121,28,0.641
2121,29,0.668
2121,30,0.686
2121,31,0.701
2121,32,0.711
2121,33,0.726
2121,34,0.735
2121,35,0.744
2121,36,0.749
2121,37,0.754
2121,38,0.763
2121,39,0.773
2121,40,0.783
2121,41,0.787
2121,42,0.788
2121,43,0.79
2121,44,0.794
2121,45,0.796
2121,46,0.8
2121,47,0.808
2121,48,0.812
2121,49,0.82
2121,50,0.822
2121,51,0.828
2121,52,0.831
2132,2,0.014
2132,3,0.022
2132,4,0.033
2132,5,0.038
2132,6,0.047
2132,7,0.052
2132,8,0.063
2132,9,0.07
2132,10,0.072
2132,11,0.074
2132,12,0.074
2132,13,0.074
2132,14,0.074
2132,15,0.074
2132,16,0.074
2132,17,0.08
2132,18,0.088
2132,19,0.096
2132,20,0.117
2132,21,0.129
2132,22,0.141
2132,23,0.145
2132,24,0.189
2132,25,0.253
2132,26,0.338
2132,27,0.439
2132,28,0.468
2132,29,0.494
2132,30,0.515
2132,31,0.534
2132,32,0.55
2132,33,0.564
2132,34,0.578
2132,35,0.588
2132,36,0.603
2132,37,0.618
2132,38,0.623
2132,39,0.63
2132,40,0.636
2132,41,0.637
2132,42,0.641
2132,43,0.647
2132,44,0.649
2132,45,0.65
2132,46,0.655
2132,47,0.659
2132,48,0.667
2132,49,0.674
2132,50,0.683
2132,51,0.686
2132,52,0.687
2161,2,0.01
2161,3,0.024
2161,4,0.029
2161,5,0.038
2161,6,0.042
2161,7,0.045
2161,8,0.054
2161,9,0.06
2161,10,0.069
2161,11,0.07
2161,12,0.07
2161,13,0.07
2161,14,0.07
2161,15,0.07
2161,16,0.072
2161,17,0.081
2161,18,0.095
2161,19,0.118
2161,20,0.135
2161,21,0.148
2161,22,0.159
2161,23,0.16
2161,24,0.186
2161,25,0.299
2161,26,0.414
2161,27,0.552
2161,28,0.598
2161,29,0.617
2161,30,0.635
2161,31,0.651
2161,32,0.668
2161,33,0.68
2161,34,0.695
2161,35,0.702
2161,36,0.711
2161,37,0.727
2161,38,0.733
2161,39,0.738
2161,40,0.742
2161,41,0.743
2161,42,0.744
2161,43,0.748
2161,44,0.749
2161,45,0.751
2161,46,0.754
2161,47,0.759
2161,48,0.766
2161,49,0.773
2161,50,0.782
2161,51,0.784
2161,52,0.784
2180,1,0.001
2180,2,0.004
2180,3,0.005
2180,4,0.011
2180,5,0.015
2180,6,0.021
2180,7,0.027
2180,8,0.034
2180,9,0.046
2180,10,0.057
2180,11,0.067
2180,12,0.067
2180,13,0.067
2180,14,0.068
2180,15,0.068
2180,16,0.07
2180,17,0.078
2180,18,0.088
2180,19,0.109
2180,20,0.124
2180,21,0.129
2180,22,0.139
2180,23,0.145
2180,24,0.159
2180,25,0.258
2180,26,0.332
2180,27,0.472
2180,28,0.564
2180,29,0.614
2180,30,0.636
2180,31,0.647
2180,32,0.659
2180,33,0.677
2180,34,0.69
2180,35,0.699
2180,36,0.707
2180,37,0.719
2180,38,0.729
2180,39,0.734
2180,40,0.739
2180,41,0.742
2180,42,0.745
2180,43,0.747
2180,44,0.749
2180,45,0.751
2180,46,0.755
2180,47,0.762
2180,48,0.77
2180,49,0.776
2180,50,0.782
2180,51,0.788
2180,52,0.791
2181,2,0.003
2181,3,0.01
2181,4,0.017
2181,5,0.018
2181,6,0.023
2181,7,0.026
2181,8,0.032
2181,9,0.038
2181,10,0.044
2181,11,0.049
2181,12,0.049
2181,13,0.049
2181,14,0.049
2181,15,0.049
2181,16,0.052
2181,17,0.057
2181,18,0.068
2181,19,0.091
2181,20,0.116
2181,21,0.12
2181,22,0.131
2181,23,0.141
2181,24,0.154
2181,25,0.263
2181,26,0.317
2181,27,0.474
2181,28,0.571
2181,29,0.601
2181,30,0.624
2181,31,0.641
2181,32,0.66
2181,33,0.671
2181,34,0.685
2181,35,0.69
2181,36,0.698
2181,37,0.71
2181,38,0.722
2181,39,0.73
2181,40,0.741
2181,41,0.75
2181,42,0.752
2181,43,0.756
2181,44,0.757
2181,45,0.758
2181,46,0.759
2181,47,0.767
2181,48,0.771
2181,49,0.777
2181,50,0.784
2181,51,0.791
2181,52,0.793
2182,2,0.01
2182,3,0.017
2182,4,0.023
2182,5,0.032
2182,6,0.039
2182,7,0.043
2182,8,0.053
2182,9,0.063
2182,10,0.066
2182,11,0.067
2182,12,0.067
2182,13,0.067
2182,14,0.068
2182,15,0.068
2182,16,0.072
2182,17,0.084
2182,18,0.099
2182,19,0.124
2182,20,0.137
2182,21,0.146
2182,22,0.154
2182,23,0.161
2182,24,0.218
2182,25,0.31
2182,26,0.393
2182,27,0.544
2182,28,0.589
2182,29,0.619
2182,30,0.637
2182,31,0.648
2182,32,0.665
2182,33,0.677
2182,34,0.69
2182,35,0.705
2182,36,0.713
2182,37,0.72
2182,38,0.729
2182,39,0.735
2182,40,0.739
2182,41,0.742
2182,42,0.743
2182,43,0.749
2182,44,0.752
2182,45,0.755
2182,46,0.758
2182,47,0.763
2182,48,0.768
2182,49,0.776
2182,50,0.787
2182,51,0.793
2182,52,0.795
2183,2,0.014
2183,3,0.02
2183,4,0.024
2183,5,0.031
2183,6,0.039
2183,7,0.041
2183,8,0.046
2183,9,0.057
2183,10,0.066
2183,11,0.067
2183,12,0.068
2183,13,0.068
2183,14,0.068
2183,15,0.068
2183,16,0.076
2183,17,0.086
2183,18,0.11
2183,19,0.146
2183,20,0.155
2183,21,0.161
2183,22,0.171
2183,23,0.174
2183,24,0.204
2183,25,0.293
2183,26,0.414
2183,27,0.516
2183,28,0.567
2183,29,0.598
2183,30,0.617
2183,31,0.636
2183,32,0.648
2183,33,0.661
2183,34,0.674
2183,35,0.687
2183,36,0.699
2183,37,0.708
2183,38,0.716
2183,39,0.723
2183,40,0.731
2183,41,0.738
2183,42,0.739
2183,43,0.742
2183,44,0.745
2183,45,0.747
2183,46,0.751
2183,47,0.758
2183,48,0.762
2183,49,0.771
2183,50,0.774
2183,51,0.781
2183,52,0.784
2184,1,0.003
2184,2,0.015
2184,3,0.02
2184,4,0.028
2184,5,0.032
2184,6,0.043
2184,7,0.059
2184,8,0.077
2184,9,0.079
2184,10,0.093
2184,11,0.095
2184,12,0.096
2184,13,0.097
2184,14,0.097
2184,15,0.097
2184,16,0.1
2184,17,0.107
2184,18,0.116
2184,19,0.143
2184,20,0.162
2184,21,0.172
2184,22,0.181
2184,23,0.188
2184,24,0.226
2184,25,0.32
2184,26,0.44
2184,27,0.576
2184,28,0.61
2184,29,0.64
2184,30,0.661
2184,31,0.676
2184,32,0.687
2184,33,0.701
2184,34,0.711
2184,35,0.721
2184,36,0.731
2184,37,0.739
2184,38,0.745
2184,39,0.75
2184,40,0.752
2184,41,0.756
2184,42,0.76
2184,43,0.762
2184,44,0.764
2184,45,0.765
2184,46,0.769
2184,47,0.773
2184,48,0.782
2184,49,0.788
2184,50,0.796
2184,51,0.802
2184,52,0.803
2260,2,0.009
2260,3,0.027
2260,4,0.029
2260,5,0.029
2260,6,0.031
2260,7,0.053
2260,8,0.067
2260,9,0.081
2260,10,0.095
2260,11,0.095
2260,12,0.096
2260,13,0.097
2260,14,0.097
2260,15,0.098
2260,16,0.102
2260,17,0.103
2260,18,0.114
2260,19,0.131
2260,20,0.139
2260,21,0.158
2260,22,0.165
2260,23,0.168
2260,24,0.172
2260,25,0.177
2260,26,0.21
2260,27,0.338
2260,28,0.465
2260,29,0.566
2260,30,0.614
2260,31,0.654
2260,32,0.68
2260,33,0.704
2260,34,0.714
2260,35,0.743
2260,36,0.748
2260,37,0.753
2260,38,0.754
2260,39,0.762
2260,40,0.762
2260,41,0.763
2260,42,0.764
2260,43,0.775
2260,44,0.777
2260,45,0.777
2260,46,0.777
2260,47,0.784
2260,48,0.789
2260,49,0.791
2260,50,0.798
2260,51,0.806
2260,52,0.806
2262,2,0.007
2262,3,0.015
2262,4,0.02
2262,5,0.021
2262,6,0.021
2262,7,0.023
2262,8,0.038
2262,9,0.049
2262,10,0.058
2262,11,0.058
2262,12,0.059
2262,13,0.059
2262,14,0.059
2262,15,0.059
2262,16,0.06
2262,17,0.074
2262,18,0.102
2262,19,0.128
2262,20,0.141
2262,21,0.141
2262,22,0.143
2262,23,0.146
2262,24,0.151
2262,25,0.161
2262,26,0.183
2262,27,0.338
2262,28,0.535
2262,29,0.63
2262,30,0.66
2262,31,0.675
2262,32,0.69
2262,33,0.703
2262,34,0.714
2262,35,0.737
2262,36,0.747
2262,37,0.753
2262,38,0.76
2262,39,0.765
2262,40,0.766
2262,41,0.771
2262,42,0.775
2262,43,0.779
2262,44,0.78
2262,45,0.781
2262,46,0.784
2262,47,0.788
2262,48,0.793
2262,49,0.804
2262,50,0.816
2262,51,0.82
2262,52,0.82
2280,1,0.001
2280,2,0.013
2280,3,0.031
2280,4,0.036
2280,5,0.036
2280,6,0.037
2280,7,0.037
2280,8,0.06
2280,9,0.065
2280,10,0.07
2280,11,0.071
2280,12,0.072
2280,13,0.072
2280,14,0.072
2280,15,0.073
2280,16,0.074
2280,17,0.086
2280,18,0.101
2280,19,0.122
2280,20,0.142
2280,21,0.151
2280,22,0.164
2280,23,0.167
2280,24,0.173
2280,25,0.184
2280,26,0.2
2280,27,0.369
2280,28,0.603
2280,29,0.669
2280,30,0.693
2280,31,0.708
2280,32,0.721
2280,33,0.733
2280,34,0.75
2280,35,0.77
2280,36,0.782
2280,37,0.789
2280,38,0.795
2280,39,0.799
2280,40,0.803
2280,41,0.805
2280,42,0.808
2280,43,0.811
2280,44,0.816
2280,45,0.816
2280,46,0.819
2280,47,0.821
2280,48,0.824
2280,49,0.832
2280,50,0.837
2280,51,0.841
2280,52,0.841
2281,1,0.0
2281,2,0.004
2281,3,0.012
2281,4,0.016
2281,5,0.016
2281,6,0.019
2281,7,0.022
2281,8,0.034
2281,9,0.05
2281,10,0.067
2281,11,0.068
2281,12,0.068
2281,13,0.069
2281,14,0.069
2281,15,0.072
2281,16,0.073
2281,17,0.087
2281,18,0.115
2281,19,0.137
2281,20,0.145
2281,21,0.148
2281,22,0.154
2281,23,0.157
2281,24,0.162
2281,25,0.176
2281,26,0.206
2281,27,0.383
2281,28,0.565
2281,29,0.667
2281,30,0.691
2281,31,0.704
2281,32,0.716
2281,33,0.73
2281,34,0.741
2281,35,0.763
2281,36,0.771
2281,37,0.775
2281,38,0.78
2281,39,0.783
2281,40,0.786
2281,41,0.79
2281,42,0.792
2281,43,0.795
2281,44,0.797
2281,45,0.798
2281,46,0.8
2281,47,0.803
2281,48,0.807
2281,49,0.815
2281,50,0.821
2281,51,0.824
2281,52,0.824
2282,2,0.012
2282,3,0.025
2282,4,0.033
2282,5,0.034
2282,6,0.042
2282,7,0.05
2282,8,0.054
2282,9,0.057
2282,10,0.068
2282,11,0.069
2282,12,0.069
2282,13,0.069
2282,14,0.069
2282,15,0.069
2282,16,0.071
2282,17,0.079
2282,18,0.102
2282,19,0.129
2282,20,0.14
2282,21,0.15
2282,22,0.159
2282,23,0.174
2282,24,0.183
2282,25,0.186
2282,26,0.257
2282,27,0.407
2282,28,0.563
2282,29,0.588
2282,30,0.602
2282,31,0.624
2282,32,0.639
2282,33,0.651
2282,34,0.676
2282,35,0.694
2282,36,0.708
2282,37,0.715
2282,38,0.72
2282,39,0.724
2282,40,0.729
2282,41,0.733
2282,42,0.734
2282,43,0.739
2282,44,0.741
2282,45,0.742
2282,46,0.745
2282,47,0.748
2282,48,0.758
2282,49,0.763
2282,50,0.767
2282,51,0.773
2282,52,0.773
2283,2,0.009
2283,3,0.011
2283,4,0.011
2283,5,0.012
2283,6,0.023
2283,7,0.035
2283,8,0.046
2283,9,0.054
2283,10,0.063
2283,11,0.071
2283,12,0.072
2283,13,0.072
2283,14,0.072
2283,15,0.072
2283,16,0.073
2283,17,0.089
2283,18,0.105
2283,19,0.127
2283,20,0.144
2283,21,0.147
2283,22,0.152
2283,23,0.158
2283,24,0.167
2283,25,0.171
2283,26,0.219
2283,27,0.439
2283,28,0.581
2283,29,0.589
2283,30,0.614
2283,31,0.638
2283,32,0.654
2283,33,0.669
2283,34,0.687
2283,35,0.711
2283,36,0.723
2283,37,0.727
2283,38,0.738
2283,39,0.741
2283,40,0.744
2283,41,0.75
2283,42,0.752
2283,43,0.754
2283,44,0.759
2283,45,0.76
2283,46,0.76
2283,47,0.766
2283,48,0.77
2283,49,0.775
2283,50,0.777
2283,51,0.779
2283,52,0.779
2284,2,0.007
2284,3,0.019
2284,4,0.026
2284,5,0.027
2284,6,0.03
2284,7,0.04
2284,8,0.05
2284,9,0.065
2284,10,0.069
2284,11,0.074
2284,12,0.075
2284,13,0.075
2284,14,0.075
2284,15,0.075
2284,16,0.089
2284,17,0.104
2284,18,0.122
2284,19,0.148
2284,20,0.16
2284,21,0.164
2284,22,0.169
2284,23,0.175
2284,24,0.179
2284,25,0.187
2284,26,0.204
2284,27,0.454
2284,28,0.626
2284,29,0.679
2284,30,0.699
2284,31,0.709
2284,32,0.727
2284,33,0.735
2284,34,0.75
2284,35,0.768
2284,36,0.773
2284,37,0.782
2284,38,0.789
2284,39,0.79
2284,40,0.795
2284,41,0.796
2284,42,0.798
2284,43,0.801
2284,44,0.803
2284,45,0.804
2284,46,0.805
2284,47,0.809
2284,48,0.812
2284,49,0.816
2284,50,0.822
2284,51,0.826
2284,52,0.826
2303,1,0.013
2303,2,0.013
2303,3,0.015
2303,4,0.02
2303,5,0.02
2303,6,0.02
2303,7,0.02
2303,8,0.046
2303,9,0.07
2303,10,0.081
2303,11,0.081
2303,12,0.081
2303,13,0.081
2303,14,0.081
2303,15,0.081
2303,16,0.082
2303,17,0.095
2303,18,0.103
2303,19,0.132
2303,20,0.137
2303,21,0.158
2303,22,0.158
2303,23,0.163
2303,24,0.163
2303,25,0.176
2303,26,0.187
2303,27,0.222
2303,28,0.33
2303,29,0.522
2303,30,0.542
2303,31,0.579
2303,32,0.582
2303,33,0.626
2303,34,0.63
2303,35,0.65
2303,36,0.672
2303,37,0.674
2303,38,0.711
2303,39,0.72
2303,40,0.727
2303,41,0.729
2303,42,0.731
2303,43,0.733
2303,44,0.738
2303,45,0.742
2303,46,0.745
2303,47,0.747
2303,48,0.756
2303,49,0.758
2303,50,0.766
2303,51,0.766
2303,52,0.766
2305,2,0.007
2305,3,0.009
2305,4,0.01
2305,5,0.012
2305,6,0.012
2305,7,0.031
2305,8,0.036
2305,9,0.06
2305,10,0.07
2305,11,0.07
2305,12,0.07
2305,13,0.07
2305,14,0.07
2305,15,0.07
2305,16,0.076
2305,17,0.082
2305,18,0.11
2305,19,0.12
2305,20,0.149
2305,21,0.151
2305,22,0.151
2305,23,0.151
2305,24,0.16
2305,25,0.182
2305,26,0.294
2305,27,0.395
2305,28,0.447
2305,29,0.5
2305,30,0.515
2305,31,0.57
2305,32,0.612
2305,33,0.644
2305,34,0.649
2305,35,0.66
2305,36,0.674
2305,37,0.675
2305,38,0.686
2305,39,0.696
2305,40,0.699
2305,41,0.706
2305,42,0.711
2305,43,0.716
2305,44,0.718
2305,45,0.723
2305,46,0.725
2305,47,0.727
2305,48,0.737
2305,49,0.744
2305,50,0.756
2305,51,0.761
2305,52,0.761
2309,2,0.008
2309,3,0.013
2309,4,0.014
2309,5,0.014
2309,6,0.014
2309,7,0.023
2309,8,0.028
2309,9,0.037
2309,10,0.051
2309,11,0.057
2309,12,0.057
2309,13,0.057
2309,14,0.057
2309,15,0.058
2309,16,0.066
2309,17,0.086
2309,18,0.107
2309,19,0.129
2309,20,0.141
2309,21,0.145
2309,22,0.151
2309,23,0.157
2309,24,0.161
2309,25,0.193
2309,26,0.247
2309,27,0.397
2309,28,0.478
2309,29,0.555
2309,30,0.574
2309,31,0.635
2309,32,0.653
2309,33,0.685
2309,34,0.701
2309,35,0.722
2309,36,0.737
2309,37,0.748
2309,38,0.761
2309,39,0.772
2309,40,0.776
2309,41,0.78
2309,42,0.781
2309,43,0.782
2309,44,0.785
2309,45,0.787
2309,46,0.79
2309,47,0.793
2309,48,0.796
2309,49,0.801
2309,50,0.805
2309,51,0.81
2309,52,0.811
2313,2,0.006
2313,3,0.011
2313,4,0.012
2313,5,0.014
2313,6,0.014
2313,7,0.014
2313,8,0.023
2313,9,0.049
2313,10,0.053
2313,11,0.053
2313,12,0.053
2313,13,0.053
2313,14,0.053
2313,15,0.053
2313,16,0.057
2313,17,0.072
2313,18,0.082
2313,19,0.095
2313,20,0.127
2313,21,0.134
2313,22,0.136
2313,23,0.138
2313,24,0.155
2313,25,0.206
2313,26,0.325
2313,27,0.504
2313,28,0.549
2313,29,0.589
2313,30,0.592
2313,31,0.6
2313,32,0.644
2313,33,0.673
2313,34,0.689
2313,35,0.693
2313,36,0.709
2313,37,0.721
2313,38,0.738
2313,39,0.745
2313,40,0.746
2313,41,0.751
2313,42,0.753
2313,43,0.755
2313,44,0.755
2313,45,0.756
2313,46,0.759
2313,47,0.76
2313,48,0.764
2313,49,0.766
2313,50,0.776
2313,51,0.778
2313,52,0.781
2321,1,0.003
2321,2,0.008
2321,3,0.014
2321,4,0.016
2321,5,0.016
2321,6,0.016
2321,7,0.017
2321,8,0.035
2321,9,0.039
2321,10,0.041
2321,11,0.043
2321,12,0.043
2321,13,0.043
2321,14,0.043
2321,15,0.043
2321,16,0.044
2321,17,0.052
2321,18,0.056
2321,19,0.079
2321,20,0.086
2321,21,0.088
2321,22,0.09
2321,23,0.096
2321,24,0.099
2321,25,0.112
2321,26,0.144
2321,27,0.311
2321,28,0.382
2321,29,0.443
2321,30,0.482
2321,31,0.526
2321,32,0.598
2321,33,0.64
2321,34,0.664
2321,35,0.7
2321,36,0.722
2321,37,0.739
2321,38,0.752
2321,39,0.762
2321,40,0.769
2321,41,0.772
2321,42,0.78
2321,43,0.782
2321,44,0.785
2321,45,0.787
2321,46,0.794
2321,47,0.797
2321,48,0.802
2321,49,0.805
2321,50,0.809
2321,51,0.815
2321,52,0.815
2326,2,0.006
2326,3,0.014
2326,4,0.014
2326,5,0.018
2326,6,0.019
2326,7,0.029
2326,8,0.047
2326,9,0.067
2326,10,0.082
2326,11,0.083
2326,12,0.085
2326,13,0.085
2326,14,0.085
2326,15,0.085
2326,16,0.087
2326,17,0.096
2326,18,0.11
2326,19,0.122
2326,20,0.135
2326,21,0.144
2326,22,0.146
2326,23,0.147
2326,24,0.151
2326,25,0.157
2326,26,0.164
2326,27,0.366
2326,28,0.409
2326,29,0.501
2326,30,0.51
2326,31,0.54
2326,32,0.546
2326,33,0.592
2326,34,0.621
2326,35,0.645
2326,36,0.674
2326,37,0.7
2326,38,0.713
2326,39,0.727
2326,40,0.732
2326,41,0.735
2326,42,0.745
2326,43,0.749
2326,44,0.753
2326,45,0.755
2326,46,0.757
2326,47,0.766
2326,48,0.773
2326,49,0.786
2326,50,0.796
2326,51,0.8
2326,52,0.8
2361,2,0.007
2361,3,0.018
2361,4,0.019
2361,5,0.019
2361,6,0.019
2361,7,0.02
2361,8,0.033
2361,9,0.059
2361,10,0.068
2361,11,0.073
2361,12,0.073
2361,13,0.073
2361,14,0.074
2361,15,0.075
2361,16,0.082
2361,17,0.086
2361,18,0.097
2361,19,0.107
2361,20,0.109
2361,21,0.112
2361,22,0.121
2361,23,0.132
2361,24,0.138
2361,25,0.165
2361,26,0.249
2361,27,0.414
2361,28,0.495
2361,29,0.529
2361,30,0.559
2361,31,0.613
2361,32,0.647
2361,33,0.682
2361,34,0.695
2361,35,0.721
2361,36,0.734
2361,37,0.743
2361,38,0.749
2361,39,0.759
2361,40,0.763
2361,41,0.764
2361,42,0.768
2361,43,0.768
2361,44,0.771
2361,45,0.773
2361,46,0.773
2361,47,0.778
2361,48,0.779
2361,49,0.786
2361,50,0.789
2361,51,0.791
2361,52,0.791
2380,1,0.002
2380,2,0.004
2380,3,0.007
2380,4,0.01
2380,5,0.012
2380,6,0.013
2380,7,0.016
2380,8,0.028
2380,9,0.037
2380,10,0.061
2380,11,0.064
2380,12,0.064
2380,13,0.064
2380,14,0.065
2380,15,0.065
2380,16,0.085
2380,17,0.114
2380,18,0.14
2380,19,0.161
2380,20,0.178
2380,21,0.182
2380,22,0.184
2380,23,0.188
2380,24,0.197
2380,25,0.207
2380,26,0.232
2380,27,0.392
2380,28,0.535
2380,29,0.615
2380,30,0.632
2380,31,0.669
2380,32,0.689
2380,33,0.714
2380,34,0.722
2380,35,0.737
2380,36,0.752
2380,37,0.763
2380,38,0.773
2380,39,0.781
2380,40,0.787
2380,41,0.792
2380,42,0.795
2380,43,0.797
2380,44,0.799
2380,45,0.801
2380,46,0.804
2380,47,0.808
2380,48,0.813
2380,49,0.821
2380,50,0.828
2380,51,0.831
2380,52,0.832
2401,3,0.015
2401,4,0.043
2401,5,0.05
2401,6,0.053
2401,7,0.055
2401,8,0.1
2401,9,0.105
2401,10,0.114
2401,11,0.116
2401,12,0.116
2401,13,0.126
2401,14,0.126
2401,15,0.129
2401,16,0.132
2401,17,0.137
2401,18,0.142
2401,19,0.161
2401,20,0.17
2401,21,0.192
2401,22,0.202
2401,23,0.215
2401,24,0.223
2401,25,0.23
2401,26,0.323
2401,27,0.387
2401,28,0.532
2401,29,0.588
2401,30,0.64
2401,31,0.656
2401,32,0.676
2401,33,0.7
2401,34,0.721
2401,35,0.745
2401,36,0.762
2401,37,0.771
2401,38,0.785
2401,39,0.792
2401,40,0.795
2401,41,0.799
2401,42,0.799
2401,43,0.802
2401,44,0.806
2401,45,0.808
2401,46,0.812
2401,47,0.815
2401,48,0.822
2401,49,0.832
2401,50,0.836
2401,51,0.84
2401,52,0.84
2403,3,0.025
2403,4,0.029
2403,5,0.043
2403,6,0.043
2403,7,0.043
2403,8,0.047
2403,9,0.054
2403,10,0.058
2403,11,0.058
2403,12,0.058
2403,13,0.086
2403,14,0.09
2403,15,0.09
2403,16,0.097
2403,17,0.097
2403,18,0.119
2403,19,0.122
2403,20,0.133
2403,21,0.155
2403,22,0.187
2403,23,0.191
2403,24,0.191
2403,25,0.191
2403,26,0.237
2403,27,0.338
2403,28,0.446
2403,29,0.482
2403,30,0.622
2403,31,0.64
2403,32,0.651
2403,33,0.68
2403,34,0.687
2403,35,0.727
2403,36,0.745
2403,37,0.745
2403,38,0.755
2403,39,0.763
2403,40,0.77
2403,41,0.773
2403,42,0.773
2403,43,0.784
2403,44,0.788
2403,45,0.791
2403,46,0.795
2403,47,0.795
2403,48,0.806
2403,49,0.82
2403,50,0.82
2403,51,0.827
2403,52,0.827
2404,2,0.011
2404,3,0.033
2404,4,0.049
2404,5,0.062
2404,6,0.062
2404,7,0.064
2404,8,0.071
2404,9,0.087
2404,10,0.091
2404,11,0.091
2404,12,0.095
2404,13,0.095
2404,14,0.095
2404,15,0.095
2404,16,0.095
2404,17,0.098
2404,18,0.117
2404,19,0.128
2404,20,0.135
2404,21,0.153
2404,22,0.168
2404,23,0.182
2404,24,0.184
2404,25,0.197
2404,26,0.217
2404,27,0.321
2404,28,0.404
2404,29,0.543
2404,30,0.572
2404,31,0.617
2404,32,0.632
2404,33,0.658
2404,34,0.69
2404,35,0.701
2404,36,0.719
2404,37,0.732
2404,38,0.74
2404,39,0.743
2404,40,0.758
2404,41,0.763
2404,42,0.767
2404,43,0.767
2404,44,0.767
2404,45,0.77
2404,46,0.77
2404,47,0.776
2404,48,0.778
2404,49,0.791
2404,50,0.796
2404,51,0.796
2404,52,0.796
2409,2,0.009
2409,3,0.022
2409,4,0.022
2409,5,0.032
2409,6,0.037
2409,7,0.038
2409,8,0.043
2409,9,0.046
2409,10,0.049
2409,11,0.062
2409,12,0.062
2409,13,0.08
2409,14,0.08
2409,15,0.084
2409,16,0.095
2409,17,0.099
2409,18,0.111
2409,19,0.115
2409,20,0.119
2409,21,0.124
2409,22,0.141
2409,23,0.154
2409,24,0.164
2409,25,0.173
2409,26,0.184
2409,27,0.265
2409,28,0.398
2409,29,0.545
2409,30,0.612
2409,31,0.664
2409,32,0.697
2409,33,0.721
2409,34,0.751
2409,35,0.76
2409,36,0.769
2409,37,0.779
2409,38,0.788
2409,39,0.798
2409,40,0.8
2409,41,0.801
2409,42,0.802
2409,43,0.802
2409,44,0.805
2409,45,0.805
2409,46,0.806
2409,47,0.809
2409,48,0.813
2409,49,0.816
2409,50,0.823
2409,51,0.823
2409,52,0.823
2417,2,0.013
2417,3,0.038
2417,4,0.043
2417,5,0.045
2417,6,0.05
2417,7,0.05
2417,8,0.05
2417,9,0.053
2417,10,0.053
2417,11,0.07
2417,12,0.07
2417,13,0.07
2417,14,0.07
2417,15,0.073
2417,16,0.075
2417,17,0.083
2417,18,0.088
2417,19,0.095
2417,20,0.121
2417,21,0.138
2417,22,0.158
2417,23,0.163
2417,24,0.168
2417,25,0.269
2417,26,0.274
2417,27,0.296
2417,28,0.5
2417,29,0.538
2417,30,0.595
2417,31,0.611
2417,32,0.668
2417,33,0.709
2417,34,0.731
2417,35,0.749
2417,36,0.794
2417,37,0.807
2417,38,0.834
2417,39,0.839
2417,40,0.839
2417,41,0.839
2417,42,0.842
2417,43,0.842
2417,44,0.842
2417,45,0.847
2417,46,0.847
2417,47,0.854
2417,48,0.857
2417,49,0.862
2417,50,0.864
2417,51,0.872
2417,52,0.872
2418,2,0.046
2418,3,0.082
2418,4,0.095
2418,5,0.095
2418,6,0.095
2418,7,0.098
2418,8,0.101
2418,9,0.101
2418,10,0.105
2418,11,0.105
2418,12,0.105
2418,13,0.105
2418,14,0.105
2418,15,0.105
2418,16,0.105
2418,17,0.105
2418,18,0.108
2418,19,0.118
2418,20,0.121
2418,21,0.127
2418,22,0.131
2418,23,0.137
2418,24,0.15
2418,25,0.157
2418,26,0.17
2418,27,0.186
2418,28,0.222
2418,29,0.324
2418,30,0.48
2418,31,0.49
2418,32,0.497
2418,33,0.513
2418,34,0.608
2418,35,0.667
2418,36,0.683
2418,37,0.703
2418,38,0.729
2418,39,0.745
2418,40,0.758
2418,41,0.758
2418,42,0.765
2418,43,0.765
2418,44,0.775
2418,45,0.775
2418,46,0.775
2418,47,0.781
2418,48,0.784
2418,49,0.788
2418,50,0.788
2418,51,0.788
2418,52,0.797
2421,2,0.024
2421,3,0.029
2421,4,0.048
2421,5,0.062
2421,6,0.064
2421,7,0.064
2421,8,0.075
2421,9,0.083
2421,10,0.101
2421,11,0.105
2421,12,0.105
2421,13,0.105
2421,14,0.105
2421,15,0.105
2421,16,0.108
2421,17,0.11
2421,18,0.119
2421,19,0.129
2421,20,0.158
2421,21,0.173
2421,22,0.232
2421,23,0.239
2421,24,0.318
2421,25,0.32
2421,26,0.324
2421,27,0.399
2421,28,0.504
2421,29,0.577
2421,30,0.618
2421,31,0.629
2421,32,0.629
2421,33,0.656
2421,34,0.686
2421,35,0.704
2421,36,0.71
2421,37,0.711
2421,38,0.719
2421,39,0.728
2421,40,0.733
2421,41,0.741
2421,42,0.743
2421,43,0.743
2421,44,0.752
2421,45,0.759
2421,46,0.767
2421,47,0.768
2421,48,0.772
2421,49,0.772
2421,50,0.774
2421,51,0.779
2421,52,0.783
2422,3,0.021
2422,4,0.066
2422,5,0.066
2422,6,0.066
2422,7,0.066
2422,8,0.066
2422,9,0.07
2422,10,0.074
2422,11,0.074
2422,12,0.074
2422,13,0.079
2422,14,0.087
2422,15,0.087
2422,16,0.095
2422,17,0.103
2422,18,0.116
2422,19,0.12
2422,20,0.161
2422,21,0.186
2422,22,0.186
2422,23,0.186
2422,24,0.186
2422,25,0.19
2422,26,0.306
2422,27,0.417
2422,28,0.43
2422,29,0.488
2422,30,0.558
2422,31,0.566
2422,32,0.566
2422,33,0.632
2422,34,0.653
2422,35,0.665
2422,36,0.678
2422,37,0.694
2422,38,0.702
2422,39,0.707
2422,40,0.711
2422,41,0.711
2422,42,0.719
2422,43,0.719
2422,44,0.723
2422,45,0.727
2422,46,0.727
2422,47,0.74
2422,48,0.74
2422,49,0.744
2422,50,0.744
2422,51,0.744
2422,52,0.744
2425,4,0.052
2425,5,0.052
2425,6,0.052
2425,7,0.052
2425,8,0.052
2425,9,0.057
2425,10,0.061
2425,11,0.065
2425,12,0.07
2425,13,0.074
2425,14,0.074
2425,15,0.074
2425,16,0.078
2425,17,0.083
2425,18,0.1
2425,19,0.113
2425,20,0.126
2425,21,0.161
2425,22,0.165
2425,23,0.17
2425,24,0.187
2425,25,0.196
2425,26,0.2
2425,27,0.252
2425,28,0.335
2425,29,0.396
2425,30,0.435
2425,31,0.465
2425,32,0.522
2425,33,0.578
2425,34,0.643
2425,35,0.73
2425,36,0.765
2425,37,0.809
2425,38,0.813
2425,39,0.813
2425,40,0.83
2425,41,0.835
2425,42,0.835
2425,43,0.839
2425,44,0.848
2425,45,0.848
2425,46,0.848
2425,47,0.848
2425,48,0.852
2425,49,0.852
2425,50,0.852
2425,51,0.852
2425,52,0.857
2460,2,0.011
2460,3,0.026
2460,4,0.031
2460,5,0.031
2460,6,0.034
2460,7,0.035
2460,8,0.036
2460,9,0.047
2460,10,0.074
2460,11,0.074
2460,12,0.075
2460,13,0.079
2460,14,0.079
2460,15,0.084
2460,16,0.085
2460,17,0.094
2460,18,0.112
2460,19,0.144
2460,20,0.162
2460,21,0.171
2460,22,0.187
2460,23,0.204
2460,24,0.21
2460,25,0.222
2460,26,0.314
2460,27,0.349
2460,28,0.531
2460,29,0.586
2460,30,0.656
2460,31,0.676
2460,32,0.699
2460,33,0.727
2460,34,0.735
2460,35,0.75
2460,36,0.77
2460,37,0.784
2460,38,0.794
2460,39,0.799
2460,40,0.807
2460,41,0.817
2460,42,0.818
2460,43,0.821
2460,44,0.821
2460,45,0.824
2460,46,0.824
2460,47,0.827
2460,48,0.833
2460,49,0.835
2460,50,0.838
2460,51,0.838
2460,52,0.84
2462,2,0.03
2462,3,0.051
2462,4,0.064
2462,5,0.064
2462,6,0.067
2462,7,0.067
2462,8,0.092
2462,9,0.097
2462,10,0.103
2462,11,0.103
2462,12,0.103
2462,13,0.103
2462,14,0.104
2462,15,0.115
2462,16,0.116
2462,17,0.123
2462,18,0.126
2462,19,0.133
2462,20,0.151
2462,21,0.181
2462,22,0.188
2462,23,0.195
2462,24,0.196
2462,25,0.203
2462,26,0.208
2462,27,0.245
2462,28,0.325
2462,29,0.404
2462,30,0.456
2462,31,0.514
2462,32,0.547
2462,33,0.597
2462,34,0.644
2462,35,0.673
2462,36,0.682
2462,37,0.699
2462,38,0.701
2462,39,0.714
2462,40,0.723
2462,41,0.723
2462,42,0.729
2462,43,0.737
2462,44,0.738
2462,45,0.74
2462,46,0.747
2462,47,0.758
2462,48,0.759
2462,49,0.76
2462,50,0.775
2462,51,0.778
2462,52,0.786
2463,3,0.024
2463,4,0.077
2463,5,0.098
2463,6,0.098
2463,7,0.098
2463,8,0.101
2463,9,0.136
2463,10,0.171
2463,11,0.171
2463,12,0.171
2463,13,0.171
2463,14,0.171
2463,15,0.171
2463,16,0.178
2463,17,0.178
2463,18,0.195
2463,19,0.209
2463,20,0.223
2463,21,0.24
2463,22,0.258
2463,23,0.265
2463,24,0.397
2463,25,0.557
2463,26,0.564
2463,27,0.596
2463,28,0.683
2463,29,0.7
2463,30,0.728
2463,31,0.749
2463,32,0.763
2463,33,0.763
2463,34,0.763
2463,35,0.774
2463,36,0.784
2463,37,0.791
2463,38,0.794
2463,39,0.794
2463,40,0.794
2463,41,0.798
2463,42,0.798
2463,43,0.801
2463,44,0.812
2463,45,0.815
2463,46,0.815
2463,47,0.822
2463,48,0.822
2463,49,0.822
2463,50,0.822
2463,51,0.826
2463,52,0.826
2480,1,0.001
2480,2,0.005
2480,3,0.01
2480,4,0.016
2480,5,0.019
2480,6,0.02
2480,7,0.023
2480,8,0.029
2480,9,0.043
2480,10,0.052
2480,11,0.057
2480,12,0.061
2480,13,0.064
2480,14,0.065
2480,15,0.066
2480,16,0.07
2480,17,0.081
2480,18,0.101
2480,19,0.12
2480,20,0.134
2480,21,0.152
2480,22,0.166
2480,23,0.18
2480,24,0.192
2480,25,0.206
2480,26,0.229
2480,27,0.282
2480,28,0.461
2480,29,0.562
2480,30,0.653
2480,31,0.704
2480,32,0.733
2480,33,0.756
2480,34,0.769
2480,35,0.781
2480,36,0.795
2480,37,0.802
2480,38,0.809
2480,39,0.814
2480,40,0.817
2480,41,0.82
2480,42,0.822
2480,43,0.823
2480,44,0.825
2480,45,0.826
2480,46,0.829
2480,47,0.832
2480,48,0.836
2480,49,0.84
2480,50,0.843
2480,51,0.845
2480,52,0.845
2481,3,0.034
2481,4,0.051
2481,5,0.07
2481,6,0.07
2481,7,0.073
2481,8,0.086
2481,9,0.138
2481,10,0.153
2481,11,0.158
2481,12,0.16
2481,13,0.162
2481,14,0.162
2481,15,0.167
2481,16,0.172
2481,17,0.191
2481,18,0.227
2481,19,0.259
2481,20,0.278
2481,21,0.298
2481,22,0.325
2481,23,0.349
2481,24,0.362
2481,25,0.375
2481,26,0.399
2481,27,0.505
2481,28,0.607
2481,29,0.648
2481,30,0.671
2481,31,0.7
2481,32,0.716
2481,33,0.736
2481,34,0.749
2481,35,0.755
2481,36,0.766
2481,37,0.774
2481,38,0.783
2481,39,0.788
2481,40,0.798
2481,41,0.802
2481,42,0.809
2481,43,0.812
2481,44,0.812
2481,45,0.814
2481,46,0.816
2481,47,0.821
2481,48,0.826
2481,49,0.838
2481,50,0.844
2481,51,0.854
2481,52,0.854
2482,1,0.002
2482,2,0.008
2482,3,0.014
2482,4,0.017
2482,5,0.028
2482,6,0.031
2482,7,0.038
2482,8,0.043
2482,9,0.053
2482,10,0.067
2482,11,0.073
2482,12,0.075
2482,13,0.076
2482,14,0.076
2482,15,0.079
2482,16,0.082
2482,17,0.091
2482,18,0.104
2482,19,0.115
2482,20,0.127
2482,21,0.146
2482,22,0.161
2482,23,0.166
2482,24,0.17
2482,25,0.176
2482,26,0.197
2482,27,0.284
2482,28,0.391
2482,29,0.476
2482,30,0.558
2482,31,0.587
2482,32,0.617
2482,33,0.653
2482,34,0.707
2482,35,0.731
2482,36,0.755
2482,37,0.769
2482,38,0.781
2482,39,0.788
2482,40,0.795
2482,41,0.799
2482,42,0.803
2482,43,0.806
2482,44,0.808
2482,45,0.81
2482,46,0.812
2482,47,0.816
2482,48,0.818
2482,49,0.824
2482,50,0.831
2482,51,0.835
2482,52,0.836
2505,3,0.007
2505,4,0.058
2505,5,0.059
2505,6,0.059
2505,7,0.059
2505,8,0.088
2505,9,0.088
2505,10,0.088
2505,11,0.09
2505,12,0.09
2505,13,0.091
2505,14,0.091
2505,15,0.093
2505,16,0.097
2505,17,0.104
2505,18,0.108
2505,19,0.118
2505,20,0.123
2505,21,0.125
2505,22,0.126
2505,23,0.171
2505,24,0.192
2505,25,0.215
2505,26,0.285
2505,27,0.377
2505,28,0.496
2505,29,0.596
2505,30,0.621
2505,31,0.631
2505,32,0.665
2505,33,0.698
2505,34,0.724
2505,35,0.745
2505,36,0.746
2505,37,0.75
2505,38,0.774
2505,39,0.776
2505,40,0.776
2505,41,0.79
2505,42,0.791
2505,43,0.792
2505,44,0.792
2505,45,0.797
2505,46,0.802
2505,47,0.815
2505,48,0.819
2505,49,0.825
2505,50,0.835
2505,51,0.836
2505,52,0.837
2506,3,0.014
2506,4,0.049
2506,5,0.053
2506,6,0.053
2506,7,0.053
2506,8,0.088
2506,9,0.105
2506,10,0.105
2506,11,0.105
2506,12,0.105
2506,13,0.105
2506,14,0.105
2506,15,0.105
2506,16,0.116
2506,17,0.123
2506,18,0.123
2506,19,0.144
2506,20,0.151
2506,21,0.151
2506,22,0.151
2506,23,0.168
2506,24,0.182
2506,25,0.2
2506,26,0.274
2506,27,0.418
2506,28,0.568
2506,29,0.596
2506,30,0.614
2506,31,0.618
2506,32,0.621
2506,33,0.628
2506,34,0.639
2506,35,0.726
2506,36,0.74
2506,37,0.747
2506,38,0.751
2506,39,0.751
2506,40,0.768
2506,41,0.779
2506,42,0.779
2506,43,0.786
2506,44,0.789
2506,45,0.793
2506,46,0.793
2506,47,0.811
2506,48,0.814
2506,49,0.814
2506,50,0.825
2506,51,0.825
2506,52,0.825
2510,4,0.013
2510,5,0.022
2510,6,0.022
2510,7,0.052
2510,8,0.059
2510,9,0.092
2510,10,0.095
2510,11,0.095
2510,12,0.095
2510,13,0.097
2510,14,0.097
2510,15,0.097
2510,16,0.099
2510,17,0.101
2510,18,0.101
2510,19,0.108
2510,20,0.124
2510,21,0.13
2510,22,0.132
2510,23,0.141
2510,24,0.151
2510,25,0.171
2510,26,0.231
2510,27,0.413
2510,28,0.523
2510,29,0.614
2510,30,0.64
2510,31,0.649
2510,32,0.654
2510,33,0.685
2510,34,0.695
2510,35,0.706
2510,36,0.726
2510,37,0.742
2510,38,0.75
2510,39,0.753
2510,40,0.76
2510,41,0.762
2510,42,0.766
2510,43,0.768
2510,44,0.768
2510,45,0.768
2510,46,0.769
2510,47,0.775
2510,48,0.78
2510,49,0.789
2510,50,0.804
2510,51,0.811
2510,52,0.813
2513,4,0.012
2513,5,0.015
2513,6,0.015
2513,7,0.015
2513,8,0.065
2513,9,0.102
2513,10,0.126
2513,11,0.126
2513,12,0.132
2513,13,0.135
2513,14,0.135
2513,15,0.135
2513,16,0.138
2513,17,0.154
2513,18,0.154
2513,19,0.157
2513,20,0.166
2513,21,0.172
2513,22,0.172
2513,23,0.175
2513,24,0.194
2513,25,0.206
2513,26,0.222
2513,27,0.255
2513,28,0.422
2513,29,0.551
2513,30,0.566
2513,31,0.572
2513,32,0.572
2513,33,0.582
2513,34,0.622
2513,35,0.622
2513,36,0.665
2513,37,0.671
2513,38,0.683
2513,39,0.692
2513,40,0.702
2513,41,0.708
2513,42,0.717
2513,43,0.717
2513,44,0.717
2513,45,0.717
2513,46,0.717
2513,47,0.723
2513,48,0.723
2513,49,0.723
2513,50,0.723
2513,51,0.723
2513,52,0.726
2514,2,0.002
2514,3,0.003
2514,4,0.007
2514,5,0.01
2514,6,0.01
2514,7,0.01
2514,8,0.03
2514,9,0.062
2514,10,0.073
2514,11,0.073
2514,12,0.074
2514,13,0.079
2514,14,0.079
2514,15,0.079
2514,16,0.09
2514,17,0.116
2514,18,0.124
2514,19,0.13
2514,20,0.148
2514,21,0.151
2514,22,0.153
2514,23,0.176
2514,24,0.187
2514,25,0.211
2514,26,0.243
2514,27,0.28
2514,28,0.441
2514,29,0.605
2514,30,0.672
2514,31,0.68
2514,32,0.694
2514,33,0.706
2514,34,0.711
2514,35,0.733
2514,36,0.742
2514,37,0.768
2514,38,0.769
2514,39,0.784
2514,40,0.787
2514,41,0.792
2514,42,0.799
2514,43,0.8
2514,44,0.802
2514,45,0.802
2514,46,0.803
2514,47,0.809
2514,48,0.81
2514,49,0.813
2514,50,0.817
2514,51,0.822
2514,52,0.824
2518,7,0.021
2518,8,0.064
2518,9,0.08
2518,10,0.115
2518,11,0.128
2518,12,0.131
2518,13,0.133
2518,14,0.133
2518,15,0.133
2518,16,0.133
2518,17,0.139
2518,18,0.141
2518,19,0.147
2518,20,0.176
2518,21,0.179
2518,22,0.181
2518,23,0.195
2518,24,0.227
2518,25,0.272
2518,26,0.331
2518,27,0.464
2518,28,0.56
2518,29,0.643
2518,30,0.664
2518,31,0.675
2518,32,0.68
2518,33,0.683
2518,34,0.691
2518,35,0.696
2518,36,0.715
2518,37,0.723
2518,38,0.739
2518,39,0.744
2518,40,0.747
2518,41,0.755
2518,42,0.757
2518,43,0.765
2518,44,0.768
2518,45,0.771
2518,46,0.773
2518,47,0.776
2518,48,0.779
2518,49,0.787
2518,50,0.795
2518,51,0.803
2518,52,0.803
2521,4,0.017
2521,5,0.017
2521,6,0.017
2521,7,0.026
2521,8,0.055
2521,9,0.074
2521,10,0.086
2521,11,0.088
2521,12,0.088
2521,13,0.088
2521,14,0.088
2521,15,0.09
2521,16,0.092
2521,17,0.096
2521,18,0.097
2521,19,0.097
2521,20,0.116
2521,21,0.121
2521,22,0.121
2521,23,0.134
2521,24,0.175
2521,25,0.219
2521,26,0.246
2521,27,0.322
2521,28,0.404
2521,29,0.467
2521,30,0.48
2521,31,0.494
2521,32,0.502
2521,33,0.533
2521,34,0.574
2521,35,0.59
2521,36,0.597
2521,37,0.607
2521,38,0.619
2521,39,0.625
2521,40,0.634
2521,41,0.642
2521,42,0.642
2521,43,0.645
2521,44,0.645
2521,45,0.649
2521,46,0.649
2521,47,0.654
2521,48,0.656
2521,49,0.658
2521,50,0.662
2521,51,0.664
2521,52,0.665
2523,3,0.01
2523,4,0.01
2523,5,0.011
2523,6,0.012
2523,7,0.017
2523,8,0.023
2523,9,0.036
2523,10,0.065
2523,11,0.068
2523,12,0.071
2523,13,0.071
2523,14,0.072
2523,15,0.074
2523,16,0.08
2523,17,0.096
2523,18,0.109
2523,19,0.116
2523,20,0.123
2523,21,0.176
2523,22,0.202
2523,23,0.244
2523,24,0.267
2523,25,0.291
2523,26,0.319
2523,27,0.392
2523,28,0.516
2523,29,0.626
2523,30,0.662
2523,31,0.717
2523,32,0.725
2523,33,0.737
2523,34,0.741
2523,35,0.743
2523,36,0.758
2523,37,0.77
2523,38,0.775
2523,39,0.776
2523,40,0.777
2523,41,0.783
2523,42,0.788
2523,43,0.79
2523,44,0.791
2523,45,0.792
2523,46,0.795
2523,47,0.8
2523,48,0.802
2523,49,0.813
2523,50,0.816
2523,51,0.817
2523,52,0.817
2560,2,0.004
2560,3,0.008
2560,4,0.051
2560,5,0.052
2560,6,0.052
2560,7,0.064
2560,8,0.075
2560,9,0.085
2560,10,0.095
2560,11,0.096
2560,12,0.096
2560,13,0.096
2560,14,0.096
2560,15,0.096
2560,16,0.098
2560,17,0.108
2560,18,0.114
2560,19,0.127
2560,20,0.156
2560,21,0.17
2560,22,0.172
2560,23,0.177
2560,24,0.196
2560,25,0.224
2560,26,0.263
2560,27,0.346
2560,28,0.438
2560,29,0.552
2560,30,0.627
2560,31,0.633
2560,32,0.651
2560,33,0.665
2560,34,0.69
2560,35,0.702
2560,36,0.711
2560,37,0.726
2560,38,0.735
2560,39,0.74
2560,40,0.747
2560,41,0.751
2560,42,0.754
2560,43,0.756
2560,44,0.762
2560,45,0.763
2560,46,0.767
2560,47,0.777
2560,48,0.782
2560,49,0.787
2560,50,0.794
2560,51,0.803
2560,52,0.804
2580,2,0.002
2580,3,0.004
2580,4,0.009
2580,5,0.012
2580,6,0.012
2580,7,0.013
2580,8,0.018
2580,9,0.028
2580,10,0.043
2580,11,0.05
2580,12,0.053
2580,13,0.053
2580,14,0.053
2580,15,0.054
2580,16,0.058
2580,17,0.077
2580,18,0.089
2580,19,0.092
2580,20,0.112
2580,21,0.115
2580,22,0.116
2580,23,0.133
2580,24,0.149
2580,25,0.178
2580,26,0.254
2580,27,0.328
2580,28,0.485
2580,29,0.625
2580,30,0.678
2580,31,0.691
2580,32,0.711
2580,33,0.725
2580,34,0.739
2580,35,0.747
2580,36,0.753
2580,37,0.763
2580,38,0.769
2580,39,0.774
2580,40,0.774
2580,41,0.78
2580,42,0.782
2580,43,0.785
2580,44,0.787
2580,45,0.788
2580,46,0.789
2580,47,0.795
2580,48,0.797
2580,49,0.804
2580,50,0.808
2580,51,0.811
2580,52,0.813
2581,3,0.003
2581,4,0.007
2581,5,0.009
2581,6,0.01
2581,7,0.014
2581,8,0.019
2581,9,0.033
2581,10,0.047
2581,11,0.05
2581,12,0.054
2581,13,0.056
2581,14,0.056
2581,15,0.056
2581,16,0.056
2581,17,0.08
2581,18,0.097
2581,19,0.109
2581,20,0.126
2581,21,0.127
2581,22,0.128
2581,23,0.152
2581,24,0.172
2581,25,0.201
2581,26,0.284
2581,27,0.393
2581,28,0.494
2581,29,0.626
2581,30,0.684
2581,31,0.711
2581,32,0.74
2581,33,0.763
2581,34,0.768
2581,35,0.784
2581,36,0.796
2581,37,0.803
2581,38,0.811
2581,39,0.815
2581,40,0.816
2581,41,0.82
2581,42,0.824
2581,43,0.828
2581,44,0.828
2581,45,0.831
2581,46,0.833
2581,47,0.838
2581,48,0.843
2581,49,0.848
2581,50,0.851
2581,51,0.855
2581,52,0.857
2582,2,0.007
2582,3,0.017
2582,4,0.02
2582,5,0.021
2582,6,0.021
2582,7,0.022
2582,8,0.031
2582,9,0.047
2582,10,0.059
2582,11,0.066
2582,12,0.067
2582,13,0.069
2582,14,0.069
2582,15,0.069
2582,16,0.075
2582,17,0.097
2582,18,0.113
2582,19,0.118
2582,20,0.138
2582,21,0.145
2582,22,0.146
2582,23,0.161
2582,24,0.17
2582,25,0.228
2582,26,0.286
2582,27,0.385
2582,28,0.511
2582,29,0.614
2582,30,0.678
2582,31,0.724
2582,32,0.728
2582,33,0.733
2582,34,0.739
2582,35,0.75
2582,36,0.764
2582,37,0.772
2582,38,0.78
2582,39,0.789
2582,40,0.791
2582,41,0.795
2582,42,0.798
2582,43,0.801
2582,44,0.803
2582,45,0.805
2582,46,0.807
2582,47,0.813
2582,48,0.816
2582,49,0.822
2582,50,0.825
2582,51,0.83
2582,52,0.834
2583,4,0.021
2583,5,0.022
2583,6,0.022
2583,7,0.038
2583,8,0.039
2583,9,0.049
2583,10,0.06
2583,11,0.069
2583,12,0.069
2583,13,0.072
2583,14,0.072
2583,15,0.072
2583,16,0.073
2583,17,0.077
2583,18,0.079
2583,19,0.108
2583,20,0.123
2583,21,0.124
2583,22,0.125
2583,23,0.125
2583,24,0.146
2583,25,0.166
2583,26,0.18
2583,27,0.256
2583,28,0.383
2583,29,0.518
2583,30,0.577
2583,31,0.58
2583,32,0.581
2583,33,0.582
2583,34,0.597
2583,35,0.639
2583,36,0.64
2583,37,0.662
2583,38,0.662
2583,39,0.668
2583,40,0.669
2583,41,0.678
2583,42,0.688
2583,43,0.696
2583,44,0.697
2583,45,0.699
2583,46,0.704
2583,47,0.708
2583,48,0.711
2583,49,0.718
2583,50,0.721
2583,51,0.725
2583,52,0.725
2584,2,0.002
2584,3,0.007
2584,4,0.012
2584,5,0.012
2584,6,0.013
2584,7,0.014
2584,8,0.024
2584,9,0.034
2584,10,0.046
2584,11,0.046
2584,12,0.049
2584,13,0.052
2584,14,0.052
2584,15,0.053
2584,16,0.054
2584,17,0.064
2584,18,0.07
2584,19,0.074
2584,20,0.078
2584,21,0.079
2584,22,0.091
2584,23,0.099
2584,24,0.155
2584,25,0.17
2584,26,0.231
2584,27,0.314
2584,28,0.409
2584,29,0.483
2584,30,0.521
2584,31,0.579
2584,32,0.627
2584,33,0.655
2584,34,0.677
2584,35,0.69
2584,36,0.699
2584,37,0.708
2584,38,0.712
2584,39,0.718
2584,40,0.718
2584,41,0.733
2584,42,0.737
2584,43,0.741
2584,44,0.743
2584,45,0.744
2584,46,0.746
2584,47,0.751
2584,48,0.752
2584,49,0.758
2584,50,0.762
2584,51,0.764
2584,52,0.764
