kommun,year,andel_oppenvard
0114,2006,0.3407
0114,2007,0.3646
0114,2008,0.38839999
0114,2009,0.3872
0114,2010,0.38299999
0114,2011,0.41769999
0114,2012,0.4492
0114,2013,0.4513
0114,2014,0.4558
0114,2015,0.47139999
0114,2016,0.47009999
0114,2017,0.46560001
0114,2018,0.45629999
0114,2019,0.44999999
0114,2020,0.4346
0114,2021,0.44710001
0114,2022,0.44190001
0114,2023,0.4461
0114,2024,0.4596
0114,2025,0.46790001
0115,2006,0.34740001
0115,2007,0.34760001
0115,2008,0.3917
0115,2009,0.36090001
0115,2010,0.36039999
0115,2011,0.4122
0115,2012,0.43189999
0115,2013,0.46039999
0115,2014,0.46529999
0115,2015,0.47440001
0115,2016,0.48899999
0115,2017,0.48050001
0115,2018,0.4675
0115,2019,0.4668
0115,2020,0.44420001
0115,2021,0.4544
0115,2022,0.4551
0115,2023,0.47420001
0115,2024,0.48429999
0115,2025,0.49039999
0117,2006,0.32049999
0117,2007,0.31299999
0117,2008,0.36230001
0117,2009,0.33700001
0117,2010,0.33360001
0117,2011,0.38389999
0117,2012,0.42559999
0117,2013,0.44729999
0117,2014,0.45469999
0117,2015,0.45410001
0117,2016,0.47830001
0117,2017,0.4709
0117,2018,0.46000001
0117,2019,0.46360001
0117,2020,0.43810001
0117,2021,0.4472
0117,2022,0.44440001
0117,2023,0.45950001
0117,2024,0.4761
0117,2025,0.48120001
0120,2006,0.41859999
0120,2007,0.40880001
0120,2008,0.42289999
0120,2009,0.4165
0120,2010,0.4269
0120,2011,0.43220001
0120,2012,0.44839999
0120,2013,0.41460001
0120,2014,0.42050001
0120,2015,0.41909999
0120,2016,0.42719999
0120,2017,0.4364
0120,2018,0.43669999
0120,2019,0.43650001
0120,2020,0.41980001
0120,2021,0.4339
0120,2022,0.44319999
0120,2023,0.45050001
0120,2024,0.46610001
0120,2025,0.47670001
0123,2006,0.34259999
0123,2007,0.3396
0123,2008,0.37509999
0123,2009,0.38769999
0123,2010,0.36930001
0123,2011,0.41499999
0123,2012,0.4542
0123,2013,0.45879999
0123,2014,0.4673
0123,2015,0.47639999
0123,2016,0.4786
0123,2017,0.47170001
0123,2018,0.45750001
0123,2019,0.46340001
0123,2020,0.4492
0123,2021,0.46090001
0123,2022,0.4508
0123,2023,0.46039999
0123,2024,0.4666
0123,2025,0.46939999
0125,2006,0.32179999
0125,2007,0.3222
0125,2008,0.3698
0125,2009,0.3619
0125,2010,0.35749999
0125,2011,0.38769999
0125,2012,0.4235
0125,2013,0.43689999
0125,2014,0.4499
0125,2015,0.44409999
0125,2016,0.43830001
0125,2017,0.44479999
0125,2018,0.4391
0125,2019,0.4481
0125,2020,0.4316
0125,2021,0.45429999
0125,2022,0.4569
0125,2023,0.46950001
0125,2024,0.48100001
0125,2025,0.48820001
0126,2006,0.3829
0126,2007,0.37130001
0126,2008,0.38730001
0126,2009,0.38249999
0126,2010,0.3793
0126,2011,0.38749999
0126,2012,0.41870001
0126,2013,0.43520001
0126,2014,0.4513
0126,2015,0.45359999
0126,2016,0.4549
0126,2017,0.46059999
0126,2018,0.4479
0126,2019,0.4488
0126,2020,0.4294
0126,2021,0.44420001
0126,2022,0.44310001
0126,2023,0.456
0126,2024,0.46169999
0126,2025,0.4632
0127,2006,0.3836
0127,2007,0.37549999
0127,2008,0.3953
0127,2009,0.3784
0127,2010,0.37720001
0127,2011,0.37020001
0127,2012,0.42179999
0127,2013,0.43920001
0127,2014,0.46039999
0127,2015,0.46610001
0127,2016,0.4698
0127,2017,0.4774
0127,2018,0.46759999
0127,2019,0.46599999
0127,2020,0.44710001
0127,2021,0.46470001
0127,2022,0.45829999
0127,2023,0.4673
0127,2024,0.4736
0127,2025,0.47479999
0128,2006,0.40169999
0128,2007,0.3836
0128,2008,0.4163
0128,2009,0.40149999
0128,2010,0.4043
0128,2011,0.40549999
0128,2012,0.4242
0128,2013,0.44929999
0128,2014,0.47400001
0128,2015,0.46540001
0128,2016,0.4702
0128,2017,0.47940001
0128,2018,0.46849999
0128,2019,0.4648
0128,2020,0.4386
0128,2021,0.46039999
0128,2022,0.4707
0128,2023,0.48089999
0128,2024,0.48789999
0128,2025,0.4984
0136,2006,0.40450001
0136,2007,0.38659999
0136,2008,0.39899999
0136,2009,0.40110001
0136,2010,0.41600001
0136,2011,0.42480001
0136,2012,0.4411
0136,2013,0.458
0136,2014,0.46439999
0136,2015,0.465
0136,2016,0.46509999
0136,2017,0.45919999
0136,2018,0.44760001
0136,2019,0.4395
0136,2020,0.42359999
0136,2021,0.43650001
0136,2022,0.44240001
0136,2023,0.44690001
0136,2024,0.45550001
0136,2025,0.45660001
0138,2006,0.3592
0138,2007,0.35190001
0138,2008,0.37619999
0138,2009,0.37810001
0138,2010,0.39899999
0138,2011,0.41260001
0138,2012,0.44049999
0138,2013,0.45539999
0138,2014,0.46630001
0138,2015,0.46610001
0138,2016,0.47150001
0138,2017,0.46950001
0138,2018,0.45910001
0138,2019,0.4587
0138,2020,0.4384
0138,2021,0.45539999
0138,2022,0.4562
0138,2023,0.46650001
0138,2024,0.4781
0138,2025,0.47960001
0139,2006,0.35499999
0139,2007,0.34459999
0139,2008,0.375
0139,2009,0.38249999
0139,2010,0.3757
0139,2011,0.4122
0139,2012,0.44209999
0139,2013,0.4481
0139,2014,0.45570001
0139,2015,0.4736
0139,2016,0.47459999
0139,2017,0.46270001
0139,2018,0.44400001
0139,2019,0.44940001
0139,2020,0.42309999
0139,2021,0.44170001
0139,2022,0.4314
0139,2023,0.4377
0139,2024,0.45429999
0139,2025,0.4569
0140,2006,0.37270001
0140,2007,0.3522
0140,2008,0.4007
0140,2009,0.3888
0140,2010,0.39860001
0140,2011,0.3953
0140,2012,0.41420001
0140,2013,0.4258
0140,2014,0.47049999
0140,2015,0.47189999
0140,2016,0.47240001
0140,2017,0.48249999
0140,2018,0.46509999
0140,2019,0.46919999
0140,2020,0.45899999
0140,2021,0.47130001
0140,2022,0.48199999
0140,2023,0.48930001
0140,2024,0.48379999
0140,2025,0.4808
0160,2006,0.3206
0160,2007,0.32080001
0160,2008,0.3777
0160,2009,0.34869999
0160,2010,0.3461
0160,2011,0.41350001
0160,2012,0.4567
0160,2013,0.48469999
0160,2014,0.49039999
0160,2015,0.4905
0160,2016,0.49430001
0160,2017,0.48910001
0160,2018,0.47240001
0160,2019,0.47940001
0160,2020,0.4562
0160,2021,0.46720001
0160,2022,0.4668
0160,2023,0.47670001
0160,2024,0.49200001
0160,2025,0.50120002
0162,2006,0.3644
0162,2007,0.37239999
0162,2008,0.42160001
0162,2009,0.3989
0162,2010,0.38589999
0162,2011,0.4364
0162,2012,0.4725
0162,2013,0.48550001
0162,2014,0.48980001
0162,2015,0.48660001
0162,2016,0.49329999
0162,2017,0.48590001
0162,2018,0.48249999
0162,2019,0.48269999
0162,2020,0.4659
0162,2021,0.47940001
0162,2022,0.48089999
0162,2023,0.495
0162,2024,0.50040001
0162,2025,0.51279998
0163,2006,0.3565
0163,2007,0.35550001
0163,2008,0.37169999
0163,2009,0.36610001
0163,2010,0.36340001
0163,2011,0.40529999
0163,2012,0.43509999
0163,2013,0.44679999
0163,2014,0.44729999
0163,2015,0.4524
0163,2016,0.46160001
0163,2017,0.45719999
0163,2018,0.45120001
0163,2019,0.45249999
0163,2020,0.44150001
0163,2021,0.45210001
0163,2022,0.44980001
0163,2023,0.45629999
0163,2024,0.4709
0163,2025,0.47679999
0180,2006,0.3653
0180,2007,0.36480001
0180,2008,0.39070001
0180,2009,0.38029999
0180,2010,0.3836
0180,2011,0.40169999
0180,2012,0.44119999
0180,2013,0.45269999
0180,2014,0.46200001
0180,2015,0.46419999
0180,2016,0.47060001
0180,2017,0.47229999
0180,2018,0.46439999
0180,2019,0.46630001
0180,2020,0.44639999
0180,2021,0.461
0180,2022,0.46070001
0180,2023,0.4677
0180,2024,0.47490001
0180,2025,0.47749999
0181,2006,0.4007
0181,2007,0.38339999
0181,2008,0.4278
0181,2009,0.41850001
0181,2010,0.42050001
0181,2011,0.41949999
0181,2012,0.4429
0181,2013,0.46169999
0181,2014,0.48390001
0181,2015,0.4966
0181,2016,0.49509999
0181,2017,0.49849999
0181,2018,0.4867
0181,2019,0.48570001
0181,2020,0.46579999
0181,2021,0.47749999
0181,2022,0.48019999
0181,2023,0.48629999
0181,2024,0.48410001
0181,2025,0.49070001
0182,2006,0.44299999
0182,2007,0.4323
0182,2008,0.44580001
0182,2009,0.43619999
0182,2010,0.4436
0182,2011,0.45289999
0182,2012,0.47870001
0182,2013,0.44659999
0182,2014,0.45120001
0182,2015,0.4445
0182,2016,0.4513
0182,2017,0.4551
0182,2018,0.44859999
0182,2019,0.4497
0182,2020,0.43349999
0182,2021,0.44679999
0182,2022,0.45089999
0182,2023,0.45370001
0182,2024,0.46630001
0182,2025,0.47229999
0183,2006,0.37459999
0183,2007,0.3741
0183,2008,0.39359999
0183,2009,0.38909999
0183,2010,0.3926
0183,2011,0.4075
0183,2012,0.4506
0183,2013,0.45300001
0183,2014,0.45919999
0183,2015,0.4648
0183,2016,0.4711
0183,2017,0.46349999
0183,2018,0.449
0183,2019,0.45649999
0183,2020,0.447
0183,2021,0.45809999
0183,2022,0.4542
0183,2023,0.46439999
0183,2024,0.46610001
0183,2025,0.4709
0184,2006,0.37470001
0184,2007,0.36790001
0184,2008,0.39219999
0184,2009,0.38510001
0184,2010,0.38510001
0184,2011,0.41069999
0184,2012,0.44780001
0184,2013,0.46059999
0184,2014,0.4657
0184,2015,0.46810001
0184,2016,0.47330001
0184,2017,0.46529999
0184,2018,0.45539999
0184,2019,0.46650001
0184,2020,0.4465
0184,2021,0.45449999
0184,2022,0.4544
0184,2023,0.4648
0184,2024,0.47060001
0184,2025,0.47150001
0186,2006,0.3364
0186,2007,0.33019999
0186,2008,0.39300001
0186,2009,0.3899
0186,2010,0.39289999
0186,2011,0.4075
0186,2012,0.44960001
0186,2013,0.48199999
0186,2014,0.48710001
0186,2015,0.48469999
0186,2016,0.48640001
0186,2017,0.4966
0186,2018,0.48570001
0186,2019,0.4914
0186,2020,0.47060001
0186,2021,0.47819999
0186,2022,0.48300001
0186,2023,0.4957
0186,2024,0.50160003
0186,2025,0.514
0187,2006,0.32839999
0187,2007,0.32789999
0187,2008,0.37970001
0187,2009,0.3554
0187,2010,0.35460001
0187,2011,0.40529999
0187,2012,0.44749999
0187,2013,0.4544
0187,2014,0.46790001
0187,2015,0.45899999
0187,2016,0.48230001
0187,2017,0.48109999
0187,2018,0.45840001
0187,2019,0.46349999
0187,2020,0.44620001
0187,2021,0.4585
0187,2022,0.47549999
0187,2023,0.48179999
0187,2024,0.49419999
0187,2025,0.5108
0188,2006,0.4589
0188,2007,0.44310001
0188,2008,0.46610001
0188,2009,0.4702
0188,2010,0.47279999
0188,2011,0.4932
0188,2012,0.50269997
0188,2013,0.50770003
0188,2014,0.51429999
0188,2015,0.51990002
0188,2016,0.51819998
0188,2017,0.52310002
0188,2018,0.51730001
0188,2019,0.51179999
0188,2020,0.44620001
0188,2021,0.46399999
0188,2022,0.4765
0188,2023,0.4822
0188,2024,0.4932
0188,2025,0.52719998
0191,2006,0.33140001
0191,2007,0.33840001
0191,2008,0.36309999
0191,2009,0.36179999
0191,2010,0.36590001
0191,2011,0.39879999
0191,2012,0.41620001
0191,2013,0.42640001
0191,2014,0.43270001
0191,2015,0.4413
0191,2016,0.4267
0191,2017,0.41859999
0191,2018,0.4093
0191,2019,0.40920001
0191,2020,0.3998
0191,2021,0.4161
0191,2022,0.4127
0191,2023,0.41389999
0191,2024,0.4321
0191,2025,0.43430001
0192,2006,0.4224
0192,2007,0.3994
0192,2008,0.39179999
0192,2009,0.39750001
0192,2010,0.4012
0192,2011,0.42460001
0192,2012,0.44909999
0192,2013,0.46200001
0192,2014,0.47679999
0192,2015,0.477
0192,2016,0.4707
0192,2017,0.45930001
0192,2018,0.46000001
0192,2019,0.45770001
0192,2020,0.42899999
0192,2021,0.44670001
0192,2022,0.456
0192,2023,0.46740001
0192,2024,0.47749999
0192,2025,0.4833
0305,2006,0.3836
0305,2007,0.34909999
0305,2008,0.39879999
0305,2009,0.40650001
0305,2010,0.39969999
0305,2011,0.4093
0305,2012,0.4073
0305,2013,0.43380001
0305,2014,0.42460001
0305,2015,0.4233
0305,2016,0.41800001
0305,2017,0.43239999
0305,2018,0.4341
0305,2019,0.43200001
0305,2020,0.4086
0305,2021,0.41260001
0305,2022,0.4183
0305,2023,0.43450001
0305,2024,0.44690001
0305,2025,0.47040001
0319,2006,0.3168
0319,2007,0.33500001
0319,2008,0.36590001
0319,2009,0.35210001
0319,2010,0.3626
0319,2011,0.35789999
0319,2012,0.3549
0319,2013,0.37220001
0319,2014,0.37270001
0319,2015,0.38530001
0319,2016,0.3809
0319,2017,0.38029999
0319,2018,0.38159999
0319,2019,0.38420001
0319,2020,0.36000001
0319,2021,0.3698
0319,2022,0.38060001
0319,2023,0.3836
0319,2024,0.40279999
0319,2025,0.41280001
0330,2006,0.34689999
0330,2007,0.33809999
0330,2008,0.34509999
0330,2009,0.34740001
0330,2010,0.3536
0330,2011,0.3712
0330,2012,0.37020001
0330,2013,0.38330001
0330,2014,0.3897
0330,2015,0.3908
0330,2016,0.38280001
0330,2017,0.3917
0330,2018,0.38999999
0330,2019,0.3872
0330,2020,0.36950001
0330,2021,0.37400001
0330,2022,0.38319999
0330,2023,0.3976
0330,2024,0.42390001
0330,2025,0.4267
0331,2006,0.3581
0331,2007,0.35730001
0331,2008,0.37810001
0331,2009,0.37239999
0331,2010,0.37549999
0331,2011,0.3962
0331,2012,0.39969999
0331,2013,0.41670001
0331,2014,0.41209999
0331,2015,0.41330001
0331,2016,0.41150001
0331,2017,0.42109999
0331,2018,0.40259999
0331,2019,0.39399999
0331,2020,0.3829
0331,2021,0.3976
0331,2022,0.40470001
0331,2023,0.41819999
0331,2024,0.42640001
0331,2025,0.43619999
0360,2006,0.30059999
0360,2007,0.30039999
0360,2008,0.31099999
0360,2009,0.30289999
0360,2010,0.32659999
0360,2011,0.3407
0360,2012,0.3409
0360,2013,0.36770001
0360,2014,0.3644
0360,2015,0.38159999
0360,2016,0.37059999
0360,2017,0.37760001
0360,2018,0.37029999
0360,2019,0.373
0360,2020,0.3502
0360,2021,0.35370001
0360,2022,0.37029999
0360,2023,0.38260001
0360,2024,0.3955
0360,2025,0.3971
0380,2006,0.368
0380,2007,0.3612
0380,2008,0.36179999
0380,2009,0.35980001
0380,2010,0.368
0380,2011,0.39770001
0380,2012,0.39129999
0380,2013,0.3924
0380,2014,0.39590001
0380,2015,0.40189999
0380,2016,0.3951
0380,2017,0.41499999
0380,2018,0.4118
0380,2019,0.40799999
0380,2020,0.38749999
0380,2021,0.39300001
0380,2022,0.396
0380,2023,0.40560001
0380,2024,0.41870001
0380,2025,0.42230001
0381,2006,0.4289
0381,2007,0.39160001
0381,2008,0.44069999
0381,2009,0.43810001
0381,2010,0.43259999
0381,2011,0.44490001
0381,2012,0.4501
0381,2013,0.4777
0381,2014,0.46869999
0381,2015,0.47530001
0381,2016,0.46880001
0381,2017,0.46880001
0381,2018,0.47369999
0381,2019,0.47049999
0381,2020,0.449
0381,2021,0.4585
0381,2022,0.46020001
0381,2023,0.4655
0381,2024,0.4804
0381,2025,0.48379999
0382,2006,0.30329999
0382,2007,0.30180001
0382,2008,0.3145
0382,2009,0.308
0382,2010,0.3317
0382,2011,0.3479
0382,2012,0.3396
0382,2013,0.366
0382,2014,0.36309999
0382,2015,0.37540001
0382,2016,0.37729999
0382,2017,0.38150001
0382,2018,0.3734
0382,2019,0.37200001
0382,2020,0.36269999
0382,2021,0.37130001
0382,2022,0.38460001
0382,2023,0.39719999
0382,2024,0.41890001
0382,2025,0.41999999
0428,2006,0.33660001
0428,2007,0.3486
0428,2008,0.3617
0428,2009,0.3721
0428,2010,0.37900001
0428,2011,0.3919
0428,2012,0.3784
0428,2013,0.39899999
0428,2014,0.40149999
0428,2015,0.3976
0428,2016,0.40360001
0428,2017,0.40970001
0428,2018,0.4269
0428,2019,0.42739999
0428,2020,0.38420001
0428,2021,0.40239999
0428,2022,0.4161
0428,2023,0.41670001
0428,2024,0.40450001
0428,2025,0.4111
0461,2006,0.34009999
0461,2007,0.34079999
0461,2008,0.36939999
0461,2009,0.3655
0461,2010,0.3628
0461,2011,0.37180001
0461,2012,0.37149999
0461,2013,0.37900001
0461,2014,0.3897
0461,2015,0.40149999
0461,2016,0.40619999
0461,2017,0.41819999
0461,2018,0.41350001
0461,2019,0.4041
0461,2020,0.36930001
0461,2021,0.39300001
0461,2022,0.40490001
0461,2023,0.42379999
0461,2024,0.43560001
0461,2025,0.42739999
0480,2006,0.36160001
0480,2007,0.3644
0480,2008,0.39309999
0480,2009,0.3899
0480,2010,0.39680001
0480,2011,0.40369999
0480,2012,0.40790001
0480,2013,0.40180001
0480,2014,0.40810001
0480,2015,0.40689999
0480,2016,0.41260001
0480,2017,0.41620001
0480,2018,0.4091
0480,2019,0.40279999
0480,2020,0.36770001
0480,2021,0.3845
0480,2022,0.40090001
0480,2023,0.4147
0480,2024,0.41339999
0480,2025,0.4113
0481,2006,0.36700001
0481,2007,0.36700001
0481,2008,0.3976
0481,2009,0.3955
0481,2010,0.39840001
0481,2011,0.41589999
0481,2012,0.4285
0481,2013,0.42449999
0481,2014,0.41229999
0481,2015,0.41769999
0481,2016,0.42340001
0481,2017,0.41890001
0481,2018,0.4136
0481,2019,0.41330001
0481,2020,0.37020001
0481,2021,0.3892
0481,2022,0.41249999
0481,2023,0.4224
0481,2024,0.42609999
0481,2025,0.41890001
0482,2006,0.34259999
0482,2007,0.35530001
0482,2008,0.35879999
0482,2009,0.3646
0482,2010,0.366
0482,2011,0.3748
0482,2012,0.3626
0482,2013,0.37940001
0482,2014,0.3926
0482,2015,0.39840001
0482,2016,0.3985
0482,2017,0.40630001
0482,2018,0.40990001
0482,2019,0.4059
0482,2020,0.38940001
0482,2021,0.40630001
0482,2022,0.4034
0482,2023,0.41549999
0482,2024,0.4059
0482,2025,0.41159999
0483,2006,0.368
0483,2007,0.37650001
0483,2008,0.38859999
0483,2009,0.39340001
0483,2010,0.3924
0483,2011,0.4003
0483,2012,0.39320001
0483,2013,0.40130001
0483,2014,0.40790001
0483,2015,0.40920001
0483,2016,0.41330001
0483,2017,0.41530001
0483,2018,0.4276
0483,2019,0.4251
0483,2020,0.38820001
0483,2021,0.4086
0483,2022,0.41260001
0483,2023,0.428
0483,2024,0.42199999
0483,2025,0.4237
0484,2006,0.35960001
0484,2007,0.3642
0484,2008,0.3811
0484,2009,0.3829
0484,2010,0.38949999
0484,2011,0.40099999
0484,2012,0.39050001
0484,2013,0.40220001
0484,2014,0.405
0484,2015,0.40740001
0484,2016,0.40279999
0484,2017,0.40310001
0484,2018,0.41350001
0484,2019,0.4138
0484,2020,0.38519999
0484,2021,0.40490001
0484,2022,0.40270001
0484,2023,0.4215
0484,2024,0.4154
0484,2025,0.4208
0486,2006,0.30000001
0486,2007,0.30360001
0486,2008,0.32749999
0486,2009,0.33950001
0486,2010,0.3522
0486,2011,0.35870001
0486,2012,0.35049999
0486,2013,0.36700001
0486,2014,0.37270001
0486,2015,0.3766
0486,2016,0.38170001
0486,2017,0.38370001
0486,2018,0.38679999
0486,2019,0.38710001
0486,2020,0.3723
0486,2021,0.3901
0486,2022,0.3888
0486,2023,0.40849999
0486,2024,0.40529999
0486,2025,0.4084
0488,2006,0.33039999
0488,2007,0.3308
0488,2008,0.36660001
0488,2009,0.37079999
0488,2010,0.39039999
0488,2011,0.39019999
0488,2012,0.3989
0488,2013,0.3985
0488,2014,0.4012
0488,2015,0.40130001
0488,2016,0.41690001
0488,2017,0.41330001
0488,2018,0.40189999
0488,2019,0.40779999
0488,2020,0.37819999
0488,2021,0.37650001
0488,2022,0.3928
0488,2023,0.4066
0488,2024,0.40419999
0488,2025,0.41679999
0509,2006,0.34
0509,2007,0.3369
0509,2008,0.34099999
0509,2009,0.35699999
0509,2010,0.36090001
0509,2011,0.3554
0509,2012,0.3883
0509,2013,0.3836
0509,2014,0.3687
0509,2015,0.37760001
0509,2016,0.37920001
0509,2017,0.37920001
0509,2018,0.3996
0509,2019,0.40790001
0509,2020,0.38049999
0509,2021,0.40099999
0509,2022,0.39969999
0509,2023,0.41859999
0509,2024,0.4314
0509,2025,0.4427
0512,2006,0.32339999
0512,2007,0.35960001
0512,2008,0.34779999
0512,2009,0.34119999
0512,2010,0.3459
0512,2011,0.3601
0512,2012,0.36849999
0512,2013,0.3716
0512,2014,0.37810001
0512,2015,0.4068
0512,2016,0.3856
0512,2017,0.39430001
0512,2018,0.40400001
0512,2019,0.4086
0512,2020,0.3937
0512,2021,0.40490001
0512,2022,0.4111
0512,2023,0.42730001
0512,2024,0.42719999
0512,2025,0.44490001
0513,2006,0.34299999
0513,2007,0.34020001
0513,2008,0.32659999
0513,2009,0.3396
0513,2010,0.34279999
0513,2011,0.34720001
0513,2012,0.3671
0513,2013,0.36629999
0513,2014,0.37959999
0513,2015,0.40040001
0513,2016,0.4007
0513,2017,0.3793
0513,2018,0.3883
0513,2019,0.39179999
0513,2020,0.37869999
0513,2021,0.3996
0513,2022,0.40560001
0513,2023,0.41119999
0513,2024,0.41
0513,2025,0.42019999
0560,2006,0.3536
0560,2007,0.36300001
0560,2008,0.34999999
0560,2009,0.39210001
0560,2010,0.38330001
0560,2011,0.37850001
0560,2012,0.39399999
0560,2013,0.38690001
0560,2014,0.3867
0560,2015,0.39449999
0560,2016,0.40149999
0560,2017,0.39300001
0560,2018,0.38999999
0560,2019,0.39629999
0560,2020,0.36649999
0560,2021,0.38080001
0560,2022,0.3892
0560,2023,0.3987
0560,2024,0.41850001
0560,2025,0.4174
0561,2006,0.3389
0561,2007,0.33199999
0561,2008,0.32749999
0561,2009,0.33000001
0561,2010,0.336
0561,2011,0.33539999
0561,2012,0.34979999
0561,2013,0.3545
0561,2014,0.36140001
0561,2015,0.36989999
0561,2016,0.3673
0561,2017,0.3682
0561,2018,0.3757
0561,2019,0.3933
0561,2020,0.36210001
0561,2021,0.38460001
0561,2022,0.39809999
0561,2023,0.40700001
0561,2024,0.42300001
0561,2025,0.41980001
0562,2006,0.3096
0562,2007,0.30050001
0562,2008,0.61250001
0562,2009,0.32049999
0562,2010,0.33899999
0562,2011,0.34760001
0562,2012,0.34200001
0562,2013,0.3687
0562,2014,0.35370001
0562,2015,0.36160001
0562,2016,0.36140001
0562,2017,0.36149999
0562,2018,0.3678
0562,2019,0.3818
0562,2020,0.35730001
0562,2021,0.3691
0562,2022,0.3707
0562,2023,0.37779999
0562,2024,0.40020001
0562,2025,0.40669999
0563,2006,0.285
0563,2007,0.28470001
0563,2008,0.34959999
0563,2009,0.32659999
0563,2010,0.3504
0563,2011,0.36070001
0563,2012,0.36390001
0563,2013,0.38
0563,2014,0.3619
0563,2015,0.3642
0563,2016,0.3653
0563,2017,0.35690001
0563,2018,0.3617
0563,2019,0.37009999
0563,2020,0.3477
0563,2021,0.36019999
0563,2022,0.39269999
0563,2023,0.38960001
0563,2024,0.41499999
0563,2025,0.42680001
0580,2006,0.3734
0580,2007,0.3707
0580,2008,0.36090001
0580,2009,0.3662
0580,2010,0.36790001
0580,2011,0.3678
0580,2012,0.38209999
0580,2013,0.3908
0580,2014,0.3838
0580,2015,0.38999999
0580,2016,0.38370001
0580,2017,0.38240001
0580,2018,0.38850001
0580,2019,0.3951
0580,2020,0.37279999
0580,2021,0.38820001
0580,2022,0.39230001
0580,2023,0.403
0580,2024,0.41060001
0580,2025,0.40669999
0581,2006,0.2868
0581,2007,0.2949
0581,2008,0.3574
0581,2009,0.34439999
0581,2010,0.36840001
0581,2011,0.37670001
0581,2012,0.37619999
0581,2013,0.4061
0581,2014,0.37630001
0581,2015,0.3757
0581,2016,0.37369999
0581,2017,0.37599999
0581,2018,0.3775
0581,2019,0.38229999
0581,2020,0.36320001
0581,2021,0.3768
0581,2022,0.37799999
0581,2023,0.39539999
0581,2024,0.4163
0581,2025,0.42460001
0582,2006,0.26719999
0582,2007,0.26800001
0582,2008,0.32609999
0582,2009,0.315
0582,2010,0.34419999
0582,2011,0.3594
0582,2012,0.3678
0582,2013,0.39320001
0582,2014,0.3662
0582,2015,0.37279999
0582,2016,0.3811
0582,2017,0.3822
0582,2018,0.3865
0582,2019,0.38389999
0582,2020,0.37279999
0582,2021,0.37110001
0582,2022,0.38159999
0582,2023,0.39989999
0582,2024,0.42030001
0582,2025,0.43110001
0583,2006,0.3874
0583,2007,0.38589999
0583,2008,0.3854
0583,2009,0.39469999
0583,2010,0.4084
0583,2011,0.40689999
0583,2012,0.41530001
0583,2013,0.41600001
0583,2014,0.41460001
0583,2015,0.41909999
0583,2016,0.41859999
0583,2017,0.41339999
0583,2018,0.42309999
0583,2019,0.42930001
0583,2020,0.40220001
0583,2021,0.426
0583,2022,0.43630001
0583,2023,0.44670001
0583,2024,0.44949999
0583,2025,0.45109999
0584,2006,0.3425
0584,2007,0.3443
0584,2008,0.35179999
0584,2009,0.37599999
0584,2010,0.3809
0584,2011,0.3876
0584,2012,0.3926
0584,2013,0.40349999
0584,2014,0.40630001
0584,2015,0.4215
0584,2016,0.41150001
0584,2017,0.41870001
0584,2018,0.4267
0584,2019,0.43540001
0584,2020,0.41029999
0584,2021,0.43040001
0584,2022,0.44710001
0584,2023,0.4598
0584,2024,0.46610001
0584,2025,0.46259999
0586,2006,0.37490001
0586,2007,0.38839999
0586,2008,0.37549999
0586,2009,0.3847
0586,2010,0.3863
0586,2011,0.38600001
0586,2012,0.39500001
0586,2013,0.39340001
0586,2014,0.39379999
0586,2015,0.39879999
0586,2016,0.3973
0586,2017,0.3944
0586,2018,0.4003
0586,2019,0.40110001
0586,2020,0.38100001
0586,2021,0.4012
0586,2022,0.41170001
0586,2023,0.42140001
0586,2024,0.42460001
0586,2025,0.419
0604,2006,0.32370001
0604,2007,0.32269999
0604,2008,0.34760001
0604,2009,0.33489999
0604,2010,0.32879999
0604,2011,0.34119999
0604,2012,0.3872
0604,2013,0.38119999
0604,2014,0.3836
0604,2015,0.40059999
0604,2016,0.40630001
0604,2017,0.41170001
0604,2018,0.42429999
0604,2019,0.4154
0604,2020,0.3856
0604,2021,0.39669999
0604,2022,0.39649999
0604,2023,0.41429999
0604,2024,0.40270001
0604,2025,0.42039999
0617,2006,0.3188
0617,2007,0.32969999
0617,2008,0.34189999
0617,2009,0.3407
0617,2010,0.34240001
0617,2011,0.3644
0617,2012,0.36880001
0617,2013,0.3795
0617,2014,0.38600001
0617,2015,0.37990001
0617,2016,0.37349999
0617,2017,0.3836
0617,2018,0.38909999
0617,2019,0.38870001
0617,2020,0.37619999
0617,2021,0.3915
0617,2022,0.38339999
0617,2023,0.38710001
0617,2024,0.3971
0617,2025,0.4075
0642,2006,0.30219999
0642,2007,0.29960001
0642,2008,0.31119999
0642,2009,0.32080001
0642,2010,0.31169999
0642,2011,0.33809999
0642,2012,0.37169999
0642,2013,0.37549999
0642,2014,0.3881
0642,2015,0.39230001
0642,2016,0.3874
0642,2017,0.38949999
0642,2018,0.40509999
0642,2019,0.4104
0642,2020,0.38510001
0642,2021,0.3996
0642,2022,0.40880001
0642,2023,0.4147
0642,2024,0.41589999
0642,2025,0.41679999
0643,2006,0.28380001
0643,2007,0.2967
0643,2008,0.30070001
0643,2009,0.31169999
0643,2010,0.31760001
0643,2011,0.3326
0643,2012,0.3739
0643,2013,0.3594
0643,2014,0.3691
0643,2015,0.3734
0643,2016,0.37799999
0643,2017,0.37830001
0643,2018,0.38479999
0643,2019,0.38150001
0643,2020,0.37419999
0643,2021,0.39739999
0643,2022,0.39309999
0643,2023,0.40200001
0643,2024,0.41069999
0643,2025,0.3978
0662,2006,0.331
0662,2007,0.3346
0662,2008,0.36590001
0662,2009,0.3398
0662,2010,0.33340001
0662,2011,0.34119999
0662,2012,0.3759
0662,2013,0.38069999
0662,2014,0.39359999
0662,2015,0.39449999
0662,2016,0.37180001
0662,2017,0.39109999
0662,2018,0.39520001
0662,2019,0.39559999
0662,2020,0.38229999
0662,2021,0.39539999
0662,2022,0.3937
0662,2023,0.40059999
0662,2024,0.4039
0662,2025,0.40619999
0665,2006,0.34290001
0665,2007,0.34729999
0665,2008,0.3432
0665,2009,0.35179999
0665,2010,0.34689999
0665,2011,0.35170001
0665,2012,0.37529999
0665,2013,0.3863
0665,2014,0.39809999
0665,2015,0.3946
0665,2016,0.38609999
0665,2017,0.4016
0665,2018,0.4016
0665,2019,0.40180001
0665,2020,0.38409999
0665,2021,0.4043
0665,2022,0.40400001
0665,2023,0.39860001
0665,2024,0.40830001
0665,2025,0.417
0680,2006,0.33680001
0680,2007,0.33489999
0680,2008,0.3389
0680,2009,0.33899999
0680,2010,0.34490001
0680,2011,0.36399999
0680,2012,0.40149999
0680,2013,0.4005
0680,2014,0.40470001
0680,2015,0.39750001
0680,2016,0.3847
0680,2017,0.39030001
0680,2018,0.40200001
0680,2019,0.3944
0680,2020,0.37779999
0680,2021,0.39210001
0680,2022,0.3917
0680,2023,0.40290001
0680,2024,0.4032
0680,2025,0.4073
0682,2006,0.3477
0682,2007,0.36500001
0682,2008,0.38150001
0682,2009,0.35800001
0682,2010,0.3439
0682,2011,0.35879999
0682,2012,0.41389999
0682,2013,0.4147
0682,2014,0.4014
0682,2015,0.41150001
0682,2016,0.40830001
0682,2017,0.41659999
0682,2018,0.40869999
0682,2019,0.41080001
0682,2020,0.39840001
0682,2021,0.41440001
0682,2022,0.40720001
0682,2023,0.40889999
0682,2024,0.41769999
0682,2025,0.4271
0683,2006,0.39430001
0683,2007,0.3906
0683,2008,0.39399999
0683,2009,0.39989999
0683,2010,0.38999999
0683,2011,0.39879999
0683,2012,0.4102
0683,2013,0.421
0683,2014,0.4298
0683,2015,0.42210001
0683,2016,0.41580001
0683,2017,0.42919999
0683,2018,0.4303
0683,2019,0.4294
0683,2020,0.41
0683,2021,0.42460001
0683,2022,0.42739999
0683,2023,0.433
0683,2024,0.43349999
0683,2025,0.43619999
0684,2006,0.33129999
0684,2007,0.3362
0684,2008,0.33270001
0684,2009,0.33180001
0684,2010,0.31990001
0684,2011,0.33610001
0684,2012,0.35870001
0684,2013,0.36790001
0684,2014,0.36700001
0684,2015,0.38029999
0684,2016,0.36359999
0684,2017,0.3757
0684,2018,0.39660001
0684,2019,0.4032
0684,2020,0.3935
0684,2021,0.41670001
0684,2022,0.40540001
0684,2023,0.41639999
0684,2024,0.42340001
0684,2025,0.43349999
0685,2006,0.34630001
0685,2007,0.35210001
0685,2008,0.3511
0685,2009,0.35640001
0685,2010,0.34639999
0685,2011,0.35170001
0685,2012,0.38699999
0685,2013,0.38870001
0685,2014,0.3928
0685,2015,0.39910001
0685,2016,0.39449999
0685,2017,0.40799999
0685,2018,0.40939999
0685,2019,0.40450001
0685,2020,0.39489999
0685,2021,0.40560001
0685,2022,0.40110001
0685,2023,0.39430001
0685,2024,0.40180001
0685,2025,0.4073
0686,2006,0.37689999
0686,2007,0.38190001
0686,2008,0.3876
0686,2009,0.38170001
0686,2010,0.37079999
0686,2011,0.37979999
0686,2012,0.4152
0686,2013,0.4129
0686,2014,0.41589999
0686,2015,0.41729999
0686,2016,0.405
0686,2017,0.4228
0686,2018,0.43360001
0686,2019,0.42879999
0686,2020,0.42730001
0686,2021,0.43630001
0686,2022,0.43239999
0686,2023,0.44299999
0686,2024,0.447
0686,2025,0.45640001
0687,2006,0.30680001
0687,2007,0.31220001
0687,2008,0.32010001
0687,2009,0.3213
0687,2010,0.31740001
0687,2011,0.32690001
0687,2012,0.3635
0687,2013,0.3637
0687,2014,0.3673
0687,2015,0.3712
0687,2016,0.3585
0687,2017,0.37369999
0687,2018,0.37959999
0687,2019,0.3847
0687,2020,0.3723
0687,2021,0.38530001
0687,2022,0.39019999
0687,2023,0.38530001
0687,2024,0.39789999
0687,2025,0.4165
0760,2006,0.34869999
0760,2007,0.36469999
0760,2008,0.37180001
0760,2009,0.38659999
0760,2010,0.35929999
0760,2011,0.38150001
0760,2012,0.38420001
0760,2013,0.3673
0760,2014,0.3865
0760,2015,0.3779
0760,2016,0.37059999
0760,2017,0.37180001
0760,2018,0.3673
0760,2019,0.37549999
0760,2020,0.34490001
0760,2021,0.3522
0760,2022,0.35859999
0760,2023,0.37889999
0760,2024,0.3707
0760,2025,0.37619999
0761,2006,0.3513
0761,2007,0.37
0761,2008,0.39919999
0761,2009,0.4077
0761,2010,0.37630001
0761,2011,0.4084
0761,2012,0.41999999
0761,2013,0.3721
0761,2014,0.37580001
0761,2015,0.3795
0761,2016,0.36019999
0761,2017,0.3788
0761,2018,0.38029999
0761,2019,0.382
0761,2020,0.35299999
0761,2021,0.35049999
0761,2022,0.37220001
0761,2023,0.37290001
0761,2024,0.37599999
0761,2025,0.39109999
0763,2006,0.34419999
0763,2007,0.34709999
0763,2008,0.38049999
0763,2009,0.39030001
0763,2010,0.35640001
0763,2011,0.37889999
0763,2012,0.38800001
0763,2013,0.35510001
0763,2014,0.3788
0763,2015,0.37920001
0763,2016,0.35319999
0763,2017,0.37279999
0763,2018,0.3655
0763,2019,0.384
0763,2020,0.34999999
0763,2021,0.35879999
0763,2022,0.3669
0763,2023,0.38
0763,2024,0.37819999
0763,2025,0.38510001
0764,2006,0.33410001
0764,2007,0.34799999
0764,2008,0.38699999
0764,2009,0.39050001
0764,2010,0.36700001
0764,2011,0.3996
0764,2012,0.40450001
0764,2013,0.37760001
0764,2014,0.3892
0764,2015,0.3822
0764,2016,0.36320001
0764,2017,0.37490001
0764,2018,0.37540001
0764,2019,0.3899
0764,2020,0.35820001
0764,2021,0.35780001
0764,2022,0.36770001
0764,2023,0.37400001
0764,2024,0.37200001
0764,2025,0.38249999
0765,2006,0.33660001
0765,2007,0.32949999
0765,2008,0.34619999
0765,2009,0.35730001
0765,2010,0.34619999
0765,2011,0.3653
0765,2012,0.3673
0765,2013,0.36449999
0765,2014,0.37580001
0765,2015,0.37689999
0765,2016,0.36149999
0765,2017,0.36250001
0765,2018,0.3637
0765,2019,0.37650001
0765,2020,0.34720001
0765,2021,0.34920001
0765,2022,0.3488
0765,2023,0.366
0765,2024,0.3601
0765,2025,0.3617
0767,2006,0.37029999
0767,2007,0.36269999
0767,2008,0.38260001
0767,2009,0.3872
0767,2010,0.38550001
0767,2011,0.3854
0767,2012,0.37650001
0767,2013,0.37
0767,2014,0.37450001
0767,2015,0.37059999
0767,2016,0.36590001
0767,2017,0.3766
0767,2018,0.37369999
0767,2019,0.37709999
0767,2020,0.35409999
0767,2021,0.35780001
0767,2022,0.36930001
0767,2023,0.37979999
0767,2024,0.35730001
0767,2025,0.34999999
0780,2006,0.35080001
0780,2007,0.35519999
0780,2008,0.41209999
0780,2009,0.41080001
0780,2010,0.3619
0780,2011,0.40979999
0780,2012,0.42109999
0780,2013,0.39570001
0780,2014,0.39269999
0780,2015,0.39120001
0780,2016,0.3777
0780,2017,0.38060001
0780,2018,0.38
0780,2019,0.3919
0780,2020,0.36649999
0780,2021,0.36520001
0780,2022,0.36739999
0780,2023,0.37349999
0780,2024,0.3768
0780,2025,0.38069999
0781,2006,0.44159999
0781,2007,0.41429999
0781,2008,0.426
0781,2009,0.43470001
0781,2010,0.4267
0781,2011,0.43700001
0781,2012,0.4251
0781,2013,0.41240001
0781,2014,0.41319999
0781,2015,0.41119999
0781,2016,0.40939999
0781,2017,0.4086
0781,2018,0.41260001
0781,2019,0.4267
0781,2020,0.39379999
0781,2021,0.40279999
0781,2022,0.40349999
0781,2023,0.4118
0781,2024,0.3989
0781,2025,0.39770001
0821,2006,0.36379999
0821,2007,0.35139999
0821,2008,0.35890001
0821,2009,0.35080001
0821,2010,0.36059999
0821,2011,0.37990001
0821,2012,0.37329999
0821,2013,0.42309999
0821,2014,0.4377
0821,2015,0.43759999
0821,2016,0.4219
0821,2017,0.42500001
0821,2018,0.44580001
0821,2019,0.42269999
0821,2020,0.39570001
0821,2021,0.39910001
0821,2022,0.41389999
0821,2023,0.3897
0821,2024,0.39899999
0821,2025,0.40279999
0834,2006,0.345
0834,2007,0.36129999
0834,2008,0.34400001
0834,2009,0.3603
0834,2010,0.3691
0834,2011,0.377
0834,2012,0.3653
0834,2013,0.3838
0834,2014,0.38510001
0834,2015,0.41249999
0834,2016,0.39969999
0834,2017,0.40239999
0834,2018,0.41069999
0834,2019,0.4201
0834,2020,0.3874
0834,2021,0.40709999
0834,2022,0.41080001
0834,2023,0.4215
0834,2024,0.4377
0834,2025,0.44859999
0840,2006,0.3443
0840,2007,0.35569999
0840,2008,0.37180001
0840,2009,0.3802
0840,2010,0.39570001
0840,2011,0.39399999
0840,2012,0.37819999
0840,2013,0.38389999
0840,2014,0.37940001
0840,2015,0.39019999
0840,2016,0.39410001
0840,2017,0.40189999
0840,2018,0.40220001
0840,2019,0.40169999
0840,2020,0.3626
0840,2021,0.3854
0840,2022,0.40990001
0840,2023,0.4113
0840,2024,0.42120001
0840,2025,0.4237
0860,2006,0.3603
0860,2007,0.36320001
0860,2008,0.37959999
0860,2009,0.37959999
0860,2010,0.38010001
0860,2011,0.38600001
0860,2012,0.37979999
0860,2013,0.3964
0860,2014,0.39500001
0860,2015,0.4129
0860,2016,0.40169999
0860,2017,0.41510001
0860,2018,0.4258
0860,2019,0.42899999
0860,2020,0.40090001
0860,2021,0.40740001
0860,2022,0.42550001
0860,2023,0.41600001
0860,2024,0.41530001
0860,2025,0.4404
0861,2006,0.36090001
0861,2007,0.3788
0861,2008,0.38170001
0861,2009,0.40630001
0861,2010,0.40799999
0861,2011,0.41100001
0861,2012,0.4048
0861,2013,0.44069999
0861,2014,0.42989999
0861,2015,0.44409999
0861,2016,0.44600001
0861,2017,0.44499999
0861,2018,0.4465
0861,2019,0.4578
0861,2020,0.41530001
0861,2021,0.43579999
0861,2022,0.44800001
0861,2023,0.43700001
0861,2024,0.44890001
0861,2025,0.4533
0862,2006,0.3238
0862,2007,0.333
0862,2008,0.34619999
0862,2009,0.3583
0862,2010,0.3529
0862,2011,0.37029999
0862,2012,0.34709999
0862,2013,0.3804
0862,2014,0.37110001
0862,2015,0.38029999
0862,2016,0.37639999
0862,2017,0.3766
0862,2018,0.37630001
0862,2019,0.37259999
0862,2020,0.3407
0862,2021,0.3705
0862,2022,0.38029999
0862,2023,0.38780001
0862,2024,0.39950001
0862,2025,0.39950001
0880,2006,0.3705
0880,2007,0.3926
0880,2008,0.389
0880,2009,0.4059
0880,2010,0.41460001
0880,2011,0.41580001
0880,2012,0.4043
0880,2013,0.41029999
0880,2014,0.4077
0880,2015,0.42210001
0880,2016,0.42699999
0880,2017,0.42340001
0880,2018,0.419
0880,2019,0.42820001
0880,2020,0.3951
0880,2021,0.40759999
0880,2022,0.42140001
0880,2023,0.43579999
0880,2024,0.44049999
0880,2025,0.43529999
0881,2006,0.3594
0881,2007,0.37459999
0881,2008,0.3836
0881,2009,0.39449999
0881,2010,0.40889999
0881,2011,0.4039
0881,2012,0.391
0881,2013,0.4064
0881,2014,0.39039999
0881,2015,0.40740001
0881,2016,0.4043
0881,2017,0.41229999
0881,2018,0.4129
0881,2019,0.41479999
0881,2020,0.37779999
0881,2021,0.3933
0881,2022,0.4118
0881,2023,0.4201
0881,2024,0.4219
0881,2025,0.43169999
0882,2006,0.39140001
0882,2007,0.38150001
0882,2008,0.38980001
0882,2009,0.3917
0882,2010,0.3838
0882,2011,0.40529999
0882,2012,0.39570001
0882,2013,0.45370001
0882,2014,0.46270001
0882,2015,0.46709999
0882,2016,0.45339999
0882,2017,0.45429999
0882,2018,0.46290001
0882,2019,0.45269999
0882,2020,0.4224
0882,2021,0.4393
0882,2022,0.45519999
0882,2023,0.42129999
0882,2024,0.42460001
0882,2025,0.44170001
0883,2006,0.4244
0883,2007,0.41659999
0883,2008,0.42550001
0883,2009,0.43259999
0883,2010,0.43869999
0883,2011,0.45179999
0883,2012,0.44409999
0883,2013,0.44479999
0883,2014,0.44710001
0883,2015,0.46720001
0883,2016,0.45840001
0883,2017,0.45969999
0883,2018,0.45550001
0883,2019,0.45429999
0883,2020,0.42899999
0883,2021,0.4594
0883,2022,0.47440001
0883,2023,0.49090001
0883,2024,0.48609999
0883,2025,0.50129998
0884,2006,0.3565
0884,2007,0.3637
0884,2008,0.36739999
0884,2009,0.36129999
0884,2010,0.36899999
0884,2011,0.3863
0884,2012,0.38589999
0884,2013,0.38999999
0884,2014,0.38350001
0884,2015,0.3944
0884,2016,0.39910001
0884,2017,0.39430001
0884,2018,0.39539999
0884,2019,0.40900001
0884,2020,0.3881
0884,2021,0.4161
0884,2022,0.43430001
0884,2023,0.43520001
0884,2024,0.43040001
0884,2025,0.44279999
0885,2006,0.3326
0885,2007,0.3486
0885,2008,0.3547
0885,2009,0.37900001
0885,2010,0.38479999
0885,2011,0.39570001
0885,2012,0.38609999
0885,2013,0.3969
0885,2014,0.38940001
0885,2015,0.39039999
0885,2016,0.39590001
0885,2017,0.4048
0885,2018,0.40110001
0885,2019,0.41710001
0885,2020,0.38800001
0885,2021,0.40490001
0885,2022,0.42210001
0885,2023,0.44209999
0885,2024,0.44819999
0885,2025,0.44029999
0980,2006,0.39199999
0980,2007,0.4093
0980,2008,0.4109
0980,2009,0.44710001
0980,2010,0.42930001
0980,2011,0.46180001
0980,2012,0.4686
0980,2013,0.47620001
0980,2014,0.48089999
0980,2015,0.48179999
0980,2016,0.47409999
0980,2017,0.48320001
0980,2018,0.4851
0980,2019,0.49470001
0980,2020,0.48629999
0980,2021,0.48030001
0980,2022,0.50059998
0980,2023,0.50129998
0980,2024,0.51050001
0980,2025,0.51099998
1060,2006,0.34369999
1060,2007,0.33149999
1060,2008,0.36300001
1060,2009,0.36090001
1060,2010,0.3617
1060,2011,0.37599999
1060,2012,0.37760001
1060,2013,0.3662
1060,2014,0.3617
1060,2015,0.3739
1060,2016,0.36950001
1060,2017,0.3633
1060,2018,0.36739999
1060,2019,0.3723
1060,2020,0.3522
1060,2021,0.3547
1060,2022,0.36790001
1060,2023,0.39199999
1060,2024,0.41409999
1060,2025,0.42829999
1080,2006,0.45120001
1080,2007,0.44319999
1080,2008,0.426
1080,2009,0.41209999
1080,2010,0.38839999
1080,2011,0.4034
1080,2012,0.4077
1080,2013,0.40079999
1080,2014,0.40799999
1080,2015,0.40020001
1080,2016,0.40740001
1080,2017,0.4104
1080,2018,0.40149999
1080,2019,0.4023
1080,2020,0.3795
1080,2021,0.3935
1080,2022,0.41209999
1080,2023,0.43099999
1080,2024,0.43650001
1080,2025,0.43270001
1081,2006,0.3915
1081,2007,0.38960001
1081,2008,0.40169999
1081,2009,0.39399999
1081,2010,0.3822
1081,2011,0.40560001
1081,2012,0.3998
1081,2013,0.3994
1081,2014,0.40490001
1081,2015,0.39109999
1081,2016,0.39719999
1081,2017,0.40279999
1081,2018,0.39910001
1081,2019,0.4057
1081,2020,0.37979999
1081,2021,0.3883
1081,2022,0.41620001
1081,2023,0.42629999
1081,2024,0.42500001
1081,2025,0.43059999
1082,2006,0.39860001
1082,2007,0.37869999
1082,2008,0.41260001
1082,2009,0.42050001
1082,2010,0.41170001
1082,2011,0.42320001
1082,2012,0.42500001
1082,2013,0.41780001
1082,2014,0.41339999
1082,2015,0.41530001
1082,2016,0.4077
1082,2017,0.4012
1082,2018,0.38589999
1082,2019,0.39399999
1082,2020,0.3716
1082,2021,0.38229999
1082,2022,0.39649999
1082,2023,0.41029999
1082,2024,0.41240001
1082,2025,0.4235
1083,2006,0.36790001
1083,2007,0.3646
1083,2008,0.38640001
1083,2009,0.3919
1083,2010,0.38139999
1083,2011,0.39469999
1083,2012,0.39680001
1083,2013,0.40200001
1083,2014,0.3998
1083,2015,0.4086
1083,2016,0.4066
1083,2017,0.3926
1083,2018,0.38640001
1083,2019,0.39520001
1083,2020,0.37040001
1083,2021,0.37740001
1083,2022,0.40239999
1083,2023,0.412
1083,2024,0.41890001
1083,2025,0.4233
1214,2006,0.3644
1214,2007,0.36489999
1214,2008,0.36759999
1214,2009,0.3696
1214,2010,0.38229999
1214,2011,0.42649999
1214,2012,0.42539999
1214,2013,0.41859999
1214,2014,0.4321
1214,2015,0.41499999
1214,2016,0.4093
1214,2017,0.40239999
1214,2018,0.37819999
1214,2019,0.3788
1214,2020,0.37149999
1214,2021,0.3917
1214,2022,0.40200001
1214,2023,0.4005
1214,2024,0.38339999
1214,2025,0.40939999
1230,2006,0.3714
1230,2007,0.40529999
1230,2008,0.3696
1230,2009,0.39449999
1230,2010,0.4007
1230,2011,0.44190001
1230,2012,0.42919999
1230,2013,0.41639999
1230,2014,0.4215
1230,2015,0.39489999
1230,2016,0.3989
1230,2017,0.39109999
1230,2018,0.37670001
1230,2019,0.35730001
1230,2020,0.3407
1230,2021,0.36500001
1230,2022,0.3655
1230,2023,0.3617
1230,2024,0.35420001
1230,2025,0.36770001
1231,2006,0.41069999
1231,2007,0.4104
1231,2008,0.40720001
1231,2009,0.41749999
1231,2010,0.42019999
1231,2011,0.43099999
1231,2012,0.42340001
1231,2013,0.4165
1231,2014,0.40669999
1231,2015,0.3829
1231,2016,0.38339999
1231,2017,0.38749999
1231,2018,0.37130001
1231,2019,0.3673
1231,2020,0.347
1231,2021,0.35589999
1231,2022,0.36449999
1231,2023,0.35769999
1231,2024,0.35960001
1231,2025,0.36750001
1233,2006,0.38370001
1233,2007,0.38620001
1233,2008,0.38960001
1233,2009,0.37729999
1233,2010,0.36899999
1233,2011,0.42559999
1233,2012,0.4305
1233,2013,0.4057
1233,2014,0.41370001
1233,2015,0.39359999
1233,2016,0.38960001
1233,2017,0.4039
1233,2018,0.39160001
1233,2019,0.39120001
1233,2020,0.3655
1233,2021,0.3739
1233,2022,0.38049999
1233,2023,0.3849
1233,2024,0.37560001
1233,2025,0.38049999
1256,2006,0.3734
1256,2007,0.38190001
1256,2008,0.37639999
1256,2009,0.38550001
1256,2010,0.39320001
1256,2011,0.40419999
1256,2012,0.4059
1256,2013,0.41319999
1256,2014,0.41339999
1256,2015,0.4163
1256,2016,0.39910001
1256,2017,0.40200001
1256,2018,0.4048
1256,2019,0.40889999
1256,2020,0.38620001
1256,2021,0.40380001
1256,2022,0.40490001
1256,2023,0.40689999
1256,2024,0.41170001
1256,2025,0.4136
1257,2006,0.37979999
1257,2007,0.37819999
1257,2008,0.3682
1257,2009,0.3592
1257,2010,0.3682
1257,2011,0.37270001
1257,2012,0.36989999
1257,2013,0.39410001
1257,2014,0.4104
1257,2015,0.40459999
1257,2016,0.39179999
1257,2017,0.37810001
1257,2018,0.37439999
1257,2019,0.37470001
1257,2020,0.36309999
1257,2021,0.35789999
1257,2022,0.36379999
1257,2023,0.38029999
1257,2024,0.38820001
1257,2025,0.4007
1260,2006,0.3574
1260,2007,0.36340001
1260,2008,0.38190001
1260,2009,0.3908
1260,2010,0.3804
1260,2011,0.40110001
1260,2012,0.40200001
1260,2013,0.41100001
1260,2014,0.41119999
1260,2015,0.4012
1260,2016,0.40560001
1260,2017,0.39520001
1260,2018,0.39039999
1260,2019,0.37920001
1260,2020,0.36309999
1260,2021,0.36739999
1260,2022,0.37270001
1260,2023,0.38600001
1260,2024,0.3946
1260,2025,0.3989
1261,2006,0.3698
1261,2007,0.39520001
1261,2008,0.37009999
1261,2009,0.38190001
1261,2010,0.38870001
1261,2011,0.43830001
1261,2012,0.44209999
1261,2013,0.4332
1261,2014,0.4341
1261,2015,0.40439999
1261,2016,0.40759999
1261,2017,0.4075
1261,2018,0.37650001
1261,2019,0.36469999
1261,2020,0.35679999
1261,2021,0.3766
1261,2022,0.37490001
1261,2023,0.37560001
1261,2024,0.36199999
1261,2025,0.3809
1262,2006,0.37200001
1262,2007,0.4032
1262,2008,0.3757
1262,2009,0.39179999
1262,2010,0.39719999
1262,2011,0.43110001
1262,2012,0.42460001
1262,2013,0.39809999
1262,2014,0.41209999
1262,2015,0.38800001
1262,2016,0.38100001
1262,2017,0.38980001
1262,2018,0.37450001
1262,2019,0.35479999
1262,2020,0.3547
1262,2021,0.3698
1262,2022,0.3734
1262,2023,0.3671
1262,2024,0.36199999
1262,2025,0.38690001
1263,2006,0.39210001
1263,2007,0.4068
1263,2008,0.3926
1263,2009,0.37900001
1263,2010,0.38209999
1263,2011,0.40869999
1263,2012,0.41460001
1263,2013,0.4016
1263,2014,0.4095
1263,2015,0.39309999
1263,2016,0.37959999
1263,2017,0.38929999
1263,2018,0.38060001
1263,2019,0.3829
1263,2020,0.35800001
1263,2021,0.36449999
1263,2022,0.37619999
1263,2023,0.3786
1263,2024,0.36430001
1263,2025,0.36289999
1264,2006,0.38769999
1264,2007,0.38620001
1264,2008,0.38929999
1264,2009,0.396
1264,2010,0.40459999
1264,2011,0.42359999
1264,2012,0.41499999
1264,2013,0.4206
1264,2014,0.42469999
1264,2015,0.41980001
1264,2016,0.4226
1264,2017,0.41370001
1264,2018,0.4091
1264,2019,0.39989999
1264,2020,0.3788
1264,2021,0.3996
1264,2022,0.39809999
1264,2023,0.39089999
1264,2024,0.3926
1264,2025,0.39629999
1265,2006,0.382
1265,2007,0.38319999
1265,2008,0.38949999
1265,2009,0.39210001
1265,2010,0.41010001
1265,2011,0.41600001
1265,2012,0.41
1265,2013,0.40869999
1265,2014,0.40369999
1265,2015,0.4149
1265,2016,0.42039999
1265,2017,0.4109
1265,2018,0.40740001
1265,2019,0.40669999
1265,2020,0.38420001
1265,2021,0.40009999
1265,2022,0.40849999
1265,2023,0.4023
1265,2024,0.4023
1265,2025,0.40869999
1266,2006,0.3387
1266,2007,0.352
1266,2008,0.3398
1266,2009,0.34279999
1266,2010,0.3536
1266,2011,0.46630001
1266,2012,0.47310001
1266,2013,0.46259999
1266,2014,0.46309999
1266,2015,0.43020001
1266,2016,0.42739999
1266,2017,0.4244
1266,2018,0.37729999
1266,2019,0.3757
1266,2020,0.396
1266,2021,0.4147
1266,2022,0.41150001
1266,2023,0.4059
1266,2024,0.37509999
1266,2025,0.42680001
1267,2006,0.3321
1267,2007,0.32640001
1267,2008,0.32409999
1267,2009,0.33340001
1267,2010,0.3461
1267,2011,0.47080001
1267,2012,0.48269999
1267,2013,0.4736
1267,2014,0.47600001
1267,2015,0.44159999
1267,2016,0.428
1267,2017,0.42320001
1267,2018,0.3646
1267,2019,0.3583
1267,2020,0.39359999
1267,2021,0.41280001
1267,2022,0.4091
1267,2023,0.4066
1267,2024,0.36250001
1267,2025,0.40490001
1270,2006,0.4366
1270,2007,0.4499
1270,2008,0.44940001
1270,2009,0.45190001
1270,2010,0.44870001
1270,2011,0.4558
1270,2012,0.45559999
1270,2013,0.45370001
1270,2014,0.45379999
1270,2015,0.4515
1270,2016,0.4549
1270,2017,0.44549999
1270,2018,0.44679999
1270,2019,0.44870001
1270,2020,0.42829999
1270,2021,0.44679999
1270,2022,0.45100001
1270,2023,0.43189999
1270,2024,0.43799999
1270,2025,0.4443
1272,2006,0.35879999
1272,2007,0.3637
1272,2008,0.37439999
1272,2009,0.38499999
1272,2010,0.38730001
1272,2011,0.39520001
1272,2012,0.40470001
1272,2013,0.4109
1272,2014,0.42750001
1272,2015,0.42680001
1272,2016,0.41209999
1272,2017,0.40450001
1272,2018,0.4039
1272,2019,0.41710001
1272,2020,0.38330001
1272,2021,0.39019999
1272,2022,0.4023
1272,2023,0.41
1272,2024,0.4215
1272,2025,0.4235
1273,2006,0.35589999
1273,2007,0.36300001
1273,2008,0.36160001
1273,2009,0.38510001
1273,2010,0.38980001
1273,2011,0.41139999
1273,2012,0.41749999
1273,2013,0.4262
1273,2014,0.42590001
1273,2015,0.4251
1273,2016,0.4226
1273,2017,0.41600001
1273,2018,0.4064
1273,2019,0.4068
1273,2020,0.38550001
1273,2021,0.38589999
1273,2022,0.3971
1273,2023,0.40349999
1273,2024,0.41569999
1273,2025,0.42179999
1275,2006,0.391
1275,2007,0.38159999
1275,2008,0.37940001
1275,2009,0.37380001
1275,2010,0.3994
1275,2011,0.40470001
1275,2012,0.4219
1275,2013,0.426
1275,2014,0.4271
1275,2015,0.41209999
1275,2016,0.40310001
1275,2017,0.3971
1275,2018,0.38479999
1275,2019,0.3944
1275,2020,0.37630001
1275,2021,0.37279999
1275,2022,0.38150001
1275,2023,0.3985
1275,2024,0.3989
1275,2025,0.40630001
1276,2006,0.3757
1276,2007,0.38080001
1276,2008,0.3766
1276,2009,0.3847
1276,2010,0.39399999
1276,2011,0.3973
1276,2012,0.39579999
1276,2013,0.4197
1276,2014,0.4276
1276,2015,0.41209999
1276,2016,0.4021
1276,2017,0.39449999
1276,2018,0.39289999
1276,2019,0.38330001
1276,2020,0.36579999
1276,2021,0.37189999
1276,2022,0.37830001
1276,2023,0.39320001
1276,2024,0.3881
1276,2025,0.41080001
1277,2006,0.36109999
1277,2007,0.37130001
1277,2008,0.373
1277,2009,0.3838
1277,2010,0.3917
1277,2011,0.39520001
1277,2012,0.3964
1277,2013,0.40369999
1277,2014,0.42559999
1277,2015,0.41229999
1277,2016,0.39969999
1277,2017,0.3858
1277,2018,0.38569999
1277,2019,0.37970001
1277,2020,0.35100001
1277,2021,0.35100001
1277,2022,0.3538
1277,2023,0.35609999
1277,2024,0.37540001
1277,2025,0.39070001
1278,2006,0.3985
1278,2007,0.3926
1278,2008,0.3822
1278,2009,0.39750001
1278,2010,0.40290001
1278,2011,0.40090001
1278,2012,0.3917
1278,2013,0.42750001
1278,2014,0.4303
1278,2015,0.40099999
1278,2016,0.3985
1278,2017,0.39660001
1278,2018,0.3897
1278,2019,0.38690001
1278,2020,0.3743
1278,2021,0.3646
1278,2022,0.3655
1278,2023,0.38530001
1278,2024,0.38280001
1278,2025,0.41479999
1280,2006,0.34779999
1280,2007,0.35370001
1280,2008,0.35800001
1280,2009,0.3497
1280,2010,0.36309999
1280,2011,0.38850001
1280,2012,0.39219999
1280,2013,0.38159999
1280,2014,0.3854
1280,2015,0.35980001
1280,2016,0.35010001
1280,2017,0.35420001
1280,2018,0.34349999
1280,2019,0.3364
1280,2020,0.3195
1280,2021,0.33149999
1280,2022,0.3328
1280,2023,0.32730001
1280,2024,0.31990001
1280,2025,0.3222
1281,2006,0.3752
1281,2007,0.39480001
1281,2008,0.36700001
1281,2009,0.39770001
1281,2010,0.39539999
1281,2011,0.42250001
1281,2012,0.40830001
1281,2013,0.40369999
1281,2014,0.40459999
1281,2015,0.38100001
1281,2016,0.3849
1281,2017,0.38150001
1281,2018,0.3603
1281,2019,0.3477
1281,2020,0.3351
1281,2021,0.35800001
1281,2022,0.36199999
1281,2023,0.3436
1281,2024,0.33880001
1281,2025,0.3502
1282,2006,0.42019999
1282,2007,0.41839999
1282,2008,0.41100001
1282,2009,0.40599999
1282,2010,0.40990001
1282,2011,0.4296
1282,2012,0.4325
1282,2013,0.43110001
1282,2014,0.46160001
1282,2015,0.43259999
1282,2016,0.43579999
1282,2017,0.42550001
1282,2018,0.41330001
1282,2019,0.40759999
1282,2020,0.4023
1282,2021,0.41980001
1282,2022,0.41749999
1282,2023,0.42250001
1282,2024,0.41729999
1282,2025,0.4267
1283,2006,0.3599
1283,2007,0.37360001
1283,2008,0.4082
1283,2009,0.42309999
1283,2010,0.3971
1283,2011,0.41510001
1283,2012,0.42030001
1283,2013,0.41170001
1283,2014,0.4289
1283,2015,0.41440001
1283,2016,0.40490001
1283,2017,0.3899
1283,2018,0.3811
1283,2019,0.37850001
1283,2020,0.36880001
1283,2021,0.37169999
1283,2022,0.37509999
1283,2023,0.38949999
1283,2024,0.3928
1283,2025,0.39340001
1284,2006,0.35100001
1284,2007,0.36179999
1284,2008,0.36579999
1284,2009,0.36840001
1284,2010,0.3854
1284,2011,0.4021
1284,2012,0.41479999
1284,2013,0.4059
1284,2014,0.417
1284,2015,0.40990001
1284,2016,0.40189999
1284,2017,0.3906
1284,2018,0.38429999
1284,2019,0.37729999
1284,2020,0.37470001
1284,2021,0.37810001
1284,2022,0.38159999
1284,2023,0.3874
1284,2024,0.3933
1284,2025,0.405
1285,2006,0.3265
1285,2007,0.3301
1285,2008,0.32449999
1285,2009,0.32859999
1285,2010,0.3407
1285,2011,0.47499999
1285,2012,0.47710001
1285,2013,0.4628
1285,2014,0.48019999
1285,2015,0.43450001
1285,2016,0.42570001
1285,2017,0.41749999
1285,2018,0.35710001
1285,2019,0.34850001
1285,2020,0.38940001
1285,2021,0.41280001
1285,2022,0.4149
1285,2023,0.4066
1285,2024,0.34639999
1285,2025,0.4005
1286,2006,0.44060001
1286,2007,0.4402
1286,2008,0.45190001
1286,2009,0.45429999
1286,2010,0.46450001
1286,2011,0.47029999
1286,2012,0.46180001
1286,2013,0.4666
1286,2014,0.4666
1286,2015,0.46160001
1286,2016,0.45899999
1286,2017,0.45660001
1286,2018,0.44679999
1286,2019,0.4418
1286,2020,0.40970001
1286,2021,0.44459999
1286,2022,0.4429
1286,2023,0.4303
1286,2024,0.43110001
1286,2025,0.4368
1287,2006,0.45109999
1287,2007,0.45339999
1287,2008,0.44369999
1287,2009,0.44010001
1287,2010,0.41460001
1287,2011,0.43759999
1287,2012,0.4463
1287,2013,0.4386
1287,2014,0.43959999
1287,2015,0.43990001
1287,2016,0.4393
1287,2017,0.44549999
1287,2018,0.4321
1287,2019,0.4314
1287,2020,0.40509999
1287,2021,0.41299999
1287,2022,0.4122
1287,2023,0.41060001
1287,2024,0.4109
1287,2025,0.40220001
1290,2006,0.37709999
1290,2007,0.37650001
1290,2008,0.3811
1290,2009,0.39210001
1290,2010,0.39019999
1290,2011,0.4152
1290,2012,0.42039999
1290,2013,0.42050001
1290,2014,0.43869999
1290,2015,0.43830001
1290,2016,0.42250001
1290,2017,0.42070001
1290,2018,0.41769999
1290,2019,0.4147
1290,2020,0.40310001
1290,2021,0.4111
1290,2022,0.4197
1290,2023,0.42550001
1290,2024,0.42739999
1290,2025,0.4244
1291,2006,0.50120002
1291,2007,0.53860003
1291,2008,0.54250002
1291,2009,0.51359999
1291,2010,0.4973
1291,2011,0.5068
1291,2012,0.51529998
1291,2013,0.52399999
1291,2014,0.51359999
1291,2015,0.498
1291,2016,0.4948
1291,2017,0.50040001
1291,2018,0.4921
1291,2019,0.49630001
1291,2020,0.46990001
1291,2021,0.4919
1291,2022,0.4858
1291,2023,0.4632
1291,2024,0.46349999
1291,2025,0.47009999
1292,2006,0.40239999
1292,2007,0.4066
1292,2008,0.40830001
1292,2009,0.41850001
1292,2010,0.43309999
1292,2011,0.42750001
1292,2012,0.4118
1292,2013,0.43810001
1292,2014,0.43869999
1292,2015,0.41589999
1292,2016,0.41479999
1292,2017,0.3987
1292,2018,0.3985
1292,2019,0.3937
1292,2020,0.37400001
1292,2021,0.3707
1292,2022,0.37149999
1292,2023,0.38530001
1292,2024,0.3876
1292,2025,0.4215
1293,2006,0.39140001
1293,2007,0.3926
1293,2008,0.3811
1293,2009,0.38679999
1293,2010,0.414
1293,2011,0.43920001
1293,2012,0.44479999
1293,2013,0.44679999
1293,2014,0.42919999
1293,2015,0.43990001
1293,2016,0.42969999
1293,2017,0.42480001
1293,2018,0.4235
1293,2019,0.42559999
1293,2020,0.39750001
1293,2021,0.40220001
1293,2022,0.40709999
1293,2023,0.41330001
1293,2024,0.41499999
1293,2025,0.41409999
1315,2006,0.3348
1315,2007,0.32600001
1315,2008,0.3127
1315,2009,0.3263
1315,2010,0.2915
1315,2011,0.31920001
1315,2012,0.33880001
1315,2013,0.3301
1315,2014,0.31740001
1315,2015,0.32519999
1315,2016,0.32550001
1315,2017,0.33719999
1315,2018,0.34999999
1315,2019,0.34349999
1315,2020,0.3238
1315,2021,0.33399999
1315,2022,0.33950001
1315,2023,0.35780001
1315,2024,0.3608
1315,2025,0.38510001
1380,2006,0.41249999
1380,2007,0.4082
1380,2008,0.3985
1380,2009,0.4149
1380,2010,0.3547
1380,2011,0.37639999
1380,2012,0.3863
1380,2013,0.38600001
1380,2014,0.3802
1380,2015,0.38479999
1380,2016,0.3788
1380,2017,0.389
1380,2018,0.39449999
1380,2019,0.40650001
1380,2020,0.37290001
1380,2021,0.38510001
1380,2022,0.38710001
1380,2023,0.405
1380,2024,0.4093
1380,2025,0.4289
1381,2006,0.3836
1381,2007,0.37270001
1381,2008,0.37059999
1381,2009,0.37799999
1381,2010,0.33660001
1381,2011,0.35929999
1381,2012,0.38350001
1381,2013,0.37509999
1381,2014,0.366
1381,2015,0.36680001
1381,2016,0.36610001
1381,2017,0.37990001
1381,2018,0.37509999
1381,2019,0.3739
1381,2020,0.3414
1381,2021,0.3529
1381,2022,0.3592
1381,2023,0.37779999
1381,2024,0.38049999
1381,2025,0.41080001
1382,2006,0.40700001
1382,2007,0.3926
1382,2008,0.38330001
1382,2009,0.38839999
1382,2010,0.35479999
1382,2011,0.3633
1382,2012,0.36250001
1382,2013,0.35730001
1382,2014,0.3547
1382,2015,0.36860001
1382,2016,0.3705
1382,2017,0.37959999
1382,2018,0.38890001
1382,2019,0.39570001
1382,2020,0.3637
1382,2021,0.3964
1382,2022,0.40450001
1382,2023,0.4118
1382,2024,0.40889999
1382,2025,0.43259999
1383,2006,0.43090001
1383,2007,0.41819999
1383,2008,0.41190001
1383,2009,0.41710001
1383,2010,0.39860001
1383,2011,0.4161
1383,2012,0.42340001
1383,2013,0.41949999
1383,2014,0.40580001
1383,2015,0.41600001
1383,2016,0.41589999
1383,2017,0.4208
1383,2018,0.43619999
1383,2019,0.43399999
1383,2020,0.41299999
1383,2021,0.4228
1383,2022,0.4325
1383,2023,0.44800001
1383,2024,0.44659999
1383,2025,0.45989999
1384,2006,0.42919999
1384,2007,0.39739999
1384,2008,0.4052
1384,2009,0.3985
1384,2010,0.3908
1384,2011,0.40349999
1384,2012,0.40549999
1384,2013,0.40470001
1384,2014,0.4163
1384,2015,0.3743
1384,2016,0.37549999
1384,2017,0.37439999
1384,2018,0.37799999
1384,2019,0.389
1384,2020,0.37349999
1384,2021,0.38069999
1384,2022,0.38800001
1384,2023,0.4075
1384,2024,0.4073
1384,2025,0.43610001
1401,2006,0.3856
1401,2007,0.33610001
1401,2008,0.34729999
1401,2009,0.33239999
1401,2010,0.33109999
1401,2011,0.354
1401,2012,0.35179999
1401,2013,0.3457
1401,2014,0.3628
1401,2015,0.33590001
1401,2016,0.3308
1401,2017,0.33379999
1401,2018,0.33719999
1401,2019,0.3351
1401,2020,0.30059999
1401,2021,0.29539999
1401,2022,0.30939999
1401,2023,0.34009999
1401,2024,0.34209999
1401,2025,0.35339999
1402,2006,0.4233
1402,2007,0.3524
1402,2008,0.35949999
1402,2009,0.33829999
1402,2010,0.33669999
1402,2011,0.36320001
1402,2012,0.35569999
1402,2013,0.35980001
1402,2014,0.37509999
1402,2015,0.33649999
1402,2016,0.3355
1402,2017,0.35389999
1402,2018,0.3497
1402,2019,0.3529
1402,2020,0.31619999
1402,2021,0.31189999
1402,2022,0.32159999
1402,2023,0.34760001
1402,2024,0.3502
1402,2025,0.361
1407,2006,0.37439999
1407,2007,0.3416
1407,2008,0.3414
1407,2009,0.28569999
1407,2010,0.29859999
1407,2011,0.35389999
1407,2012,0.3267
1407,2013,0.3603
1407,2014,0.37529999
1407,2015,0.31200001
1407,2016,0.3143
1407,2017,0.3635
1407,2018,0.373
1407,2019,0.37110001
1407,2020,0.3335
1407,2021,0.33090001
1407,2022,0.36109999
1407,2023,0.3777
1407,2024,0.38420001
1407,2025,0.39129999
1415,2006,0.36219999
1415,2007,0.32089999
1415,2008,0.3328
1415,2009,0.32570001
1415,2010,0.32269999
1415,2011,0.34119999
1415,2012,0.34909999
1415,2013,0.35100001
1415,2014,0.35980001
1415,2015,0.35100001
1415,2016,0.3409
1415,2017,0.3653
1415,2018,0.3671
1415,2019,0.37090001
1415,2020,0.347
1415,2021,0.34509999
1415,2022,0.36430001
1415,2023,0.3779
1415,2024,0.38409999
1415,2025,0.38679999
1419,2006,0.37369999
1419,2007,0.31549999
1419,2008,0.33059999
1419,2009,0.31040001
1419,2010,0.30720001
1419,2011,0.32170001
1419,2012,0.33059999
1419,2013,0.33450001
1419,2014,0.35190001
1419,2015,0.34290001
1419,2016,0.34459999
1419,2017,0.3739
1419,2018,0.38029999
1419,2019,0.37689999
1419,2020,0.3504
1419,2021,0.3617
1419,2022,0.38319999
1419,2023,0.3976
1419,2024,0.40830001
1419,2025,0.40290001
1421,2006,0.39500001
1421,2007,0.3396
1421,2008,0.3466
1421,2009,0.3407
1421,2010,0.33559999
1421,2011,0.38159999
1421,2012,0.37509999
1421,2013,0.37549999
1421,2014,0.38690001
1421,2015,0.3642
1421,2016,0.35800001
1421,2017,0.36989999
1421,2018,0.3831
1421,2019,0.37709999
1421,2020,0.34330001
1421,2021,0.34450001
1421,2022,0.36770001
1421,2023,0.39399999
1421,2024,0.4073
1421,2025,0.40970001
1427,2006,0.3818
1427,2007,0.35089999
1427,2008,0.3696
1427,2009,0.33520001
1427,2010,0.33059999
1427,2011,0.34529999
1427,2012,0.33570001
1427,2013,0.33809999
1427,2014,0.354
1427,2015,0.3378
1427,2016,0.3175
1427,2017,0.32859999
1427,2018,0.3348
1427,2019,0.33700001
1427,2020,0.30779999
1427,2021,0.31850001
1427,2022,0.3439
1427,2023,0.41119999
1427,2024,0.41839999
1427,2025,0.41679999
1430,2006,0.39500001
1430,2007,0.35499999
1430,2008,0.3687
1430,2009,0.33680001
1430,2010,0.3407
1430,2011,0.36539999
1430,2012,0.35170001
1430,2013,0.35089999
1430,2014,0.35460001
1430,2015,0.35440001
1430,2016,0.3283
1430,2017,0.34940001
1430,2018,0.3457
1430,2019,0.3576
1430,2020,0.3238
1430,2021,0.32120001
1430,2022,0.3353
1430,2023,0.38170001
1430,2024,0.40700001
1430,2025,0.4136
1435,2006,0.37110001
1435,2007,0.34299999
1435,2008,0.35530001
1435,2009,0.33930001
1435,2010,0.32890001
1435,2011,0.34720001
1435,2012,0.33899999
1435,2013,0.34240001
1435,2014,0.3536
1435,2015,0.35190001
1435,2016,0.32089999
1435,2017,0.3251
1435,2018,0.3362
1435,2019,0.31909999
1435,2020,0.2976
1435,2021,0.3055
1435,2022,0.31290001
1435,2023,0.3892
1435,2024,0.4113
1435,2025,0.40920001
1438,2006,0.3558
1438,2007,0.3351
1438,2008,0.35640001
1438,2009,0.3418
1438,2010,0.32780001
1438,2011,0.34670001
1438,2012,0.34540001
1438,2013,0.333
1438,2014,0.3317
1438,2015,0.31799999
1438,2016,0.29499999
1438,2017,0.2872
1438,2018,0.31560001
1438,2019,0.30919999
1438,2020,0.27829999
1438,2021,0.28220001
1438,2022,0.3127
1438,2023,0.3962
1438,2024,0.4073
1438,2025,0.41530001
1439,2006,0.34540001
1439,2007,0.33230001
1439,2008,0.36449999
1439,2009,0.34130001
1439,2010,0.3409
1439,2011,0.35370001
1439,2012,0.35870001
1439,2013,0.3511
1439,2014,0.3752
1439,2015,0.35530001
1439,2016,0.32969999
1439,2017,0.3231
1439,2018,0.3339
1439,2019,0.32269999
1439,2020,0.29620001
1439,2021,0.29710001
1439,2022,0.32640001
1439,2023,0.3691
1439,2024,0.40439999
1439,2025,0.40419999
1440,2006,0.3838
1440,2007,0.35339999
1440,2008,0.3524
1440,2009,0.33809999
1440,2010,0.32929999
1440,2011,0.35030001
1440,2012,0.35299999
1440,2013,0.35969999
1440,2014,0.37009999
1440,2015,0.35690001
1440,2016,0.3486
1440,2017,0.37099999
1440,2018,0.37090001
1440,2019,0.36930001
1440,2020,0.33489999
1440,2021,0.33660001
1440,2022,0.35229999
1440,2023,0.3682
1440,2024,0.3725
1440,2025,0.36829999
1441,2006,0.39449999
1441,2007,0.34099999
1441,2008,0.34310001
1441,2009,0.33849999
1441,2010,0.34619999
1441,2011,0.3628
1441,2012,0.35299999
1441,2013,0.3809
1441,2014,0.38800001
1441,2015,0.3689
1441,2016,0.35699999
1441,2017,0.37099999
1441,2018,0.37090001
1441,2019,0.37830001
1441,2020,0.34220001
1441,2021,0.32390001
1441,2022,0.3389
1441,2023,0.36480001
1441,2024,0.36590001
1441,2025,0.37639999
1442,2006,0.3933
1442,2007,0.33930001
1442,2008,0.3423
1442,2009,0.3493
1442,2010,0.34979999
1442,2011,0.35120001
1442,2012,0.32879999
1442,2013,0.36570001
1442,2014,0.3655
1442,2015,0.36469999
1442,2016,0.35960001
1442,2017,0.37549999
1442,2018,0.37959999
1442,2019,0.3669
1442,2020,0.32530001
1442,2021,0.32890001
1442,2022,0.3479
1442,2023,0.37940001
1442,2024,0.37549999
1442,2025,0.37990001
1443,2006,0.3752
1443,2007,0.32910001
1443,2008,0.35710001
1443,2009,0.36559999
1443,2010,0.33520001
1443,2011,0.35600001
1443,2012,0.3626
1443,2013,0.3601
1443,2014,0.36840001
1443,2015,0.37149999
1443,2016,0.37850001
1443,2017,0.36970001
1443,2018,0.37180001
1443,2019,0.37470001
1443,2020,0.329
1443,2021,0.33970001
1443,2022,0.34349999
1443,2023,0.3608
1443,2024,0.3558
1443,2025,0.37799999
1444,2006,0.35440001
1444,2007,0.3337
1444,2008,0.3716
1444,2009,0.3576
1444,2010,0.34810001
1444,2011,0.37180001
1444,2012,0.3845
1444,2013,0.36149999
1444,2014,0.3689
1444,2015,0.3524
1444,2016,0.35960001
1444,2017,0.35100001
1444,2018,0.35839999
1444,2019,0.35479999
1444,2020,0.32699999
1444,2021,0.32570001
1444,2022,0.35319999
1444,2023,0.36759999
1444,2024,0.37029999
1444,2025,0.37670001
1445,2006,0.331
1445,2007,0.2899
1445,2008,0.31979999
1445,2009,0.3057
1445,2010,0.31510001
1445,2011,0.33950001
1445,2012,0.33520001
1445,2013,0.34439999
1445,2014,0.3554
1445,2015,0.3497
1445,2016,0.35640001
1445,2017,0.37009999
1445,2018,0.38600001
1445,2019,0.3888
1445,2020,0.35089999
1445,2021,0.34670001
1445,2022,0.3698
1445,2023,0.38550001
1445,2024,0.37400001
1445,2025,0.39559999
1446,2006,0.32620001
1446,2007,0.30849999
1446,2008,0.3312
1446,2009,0.3405
1446,2010,0.36390001
1446,2011,0.3664
1446,2012,0.33840001
1446,2013,0.3635
1446,2014,0.368
1446,2015,0.3876
1446,2016,0.36829999
1446,2017,0.38510001
1446,2018,0.38170001
1446,2019,0.38460001
1446,2020,0.34459999
1446,2021,0.37099999
1446,2022,0.36669999
1446,2023,0.37189999
1446,2024,0.37180001
1446,2025,0.35640001
1447,2006,0.345
1447,2007,0.34940001
1447,2008,0.3592
1447,2009,0.35460001
1447,2010,0.3504
1447,2011,0.3554
1447,2012,0.30450001
1447,2013,0.34580001
1447,2014,0.33950001
1447,2015,0.36109999
1447,2016,0.3531
1447,2017,0.37369999
1447,2018,0.382
1447,2019,0.38080001
1447,2020,0.34020001
1447,2021,0.36970001
1447,2022,0.37560001
1447,2023,0.37920001
1447,2024,0.39649999
1447,2025,0.37760001
1452,2006,0.31490001
1452,2007,0.289
1452,2008,0.3123
1452,2009,0.32120001
1452,2010,0.30180001
1452,2011,0.3109
1452,2012,0.3197
1452,2013,0.32170001
1452,2014,0.32350001
1452,2015,0.34889999
1452,2016,0.35179999
1452,2017,0.35089999
1452,2018,0.3531
1452,2019,0.35960001
1452,2020,0.31959999
1452,2021,0.3204
1452,2022,0.3373
1452,2023,0.354
1452,2024,0.352
1452,2025,0.36399999
1460,2006,0.3441
1460,2007,0.331
1460,2008,0.3567
1460,2009,0.34099999
1460,2010,0.34009999
1460,2011,0.3511
1460,2012,0.33680001
1460,2013,0.33270001
1460,2014,0.34299999
1460,2015,0.31310001
1460,2016,0.27959999
1460,2017,0.28299999
1460,2018,0.29460001
1460,2019,0.285
1460,2020,0.26350001
1460,2021,0.26190001
1460,2022,0.27869999
1460,2023,0.37779999
1460,2024,0.39500001
1460,2025,0.3874
1461,2006,0.3662
1461,2007,0.33399999
1461,2008,0.35319999
1461,2009,0.3369
1461,2010,0.32069999
1461,2011,0.3477
1461,2012,0.33880001
1461,2013,0.33570001
1461,2014,0.32859999
1461,2015,0.32139999
1461,2016,0.30059999
1461,2017,0.3039
1461,2018,0.30500001
1461,2019,0.296
1461,2020,0.2737
1461,2021,0.28200001
1461,2022,0.30520001
1461,2023,0.3752
1461,2024,0.40130001
1461,2025,0.3899
1462,2006,0.3996
1462,2007,0.36250001
1462,2008,0.3721
1462,2009,0.36340001
1462,2010,0.35609999
1462,2011,0.3689
1462,2012,0.34779999
1462,2013,0.34599999
1462,2014,0.3748
1462,2015,0.37310001
1462,2016,0.36489999
1462,2017,0.3633
1462,2018,0.36340001
1462,2019,0.3624
1462,2020,0.336
1462,2021,0.34310001
1462,2022,0.3574
1462,2023,0.36230001
1462,2024,0.3786
1462,2025,0.38049999
1463,2006,0.33950001
1463,2007,0.31830001
1463,2008,0.331
1463,2009,0.33880001
1463,2010,0.3274
1463,2011,0.3398
1463,2012,0.34889999
1463,2013,0.36250001
1463,2014,0.3671
1463,2015,0.37040001
1463,2016,0.3662
1463,2017,0.36489999
1463,2018,0.3757
1463,2019,0.3739
1463,2020,0.32409999
1463,2021,0.3224
1463,2022,0.3405
1463,2023,0.354
1463,2024,0.35370001
1463,2025,0.36610001
1465,2006,0.3263
1465,2007,0.30340001
1465,2008,0.3274
1465,2009,0.34940001
1465,2010,0.32890001
1465,2011,0.33719999
1465,2012,0.34349999
1465,2013,0.35069999
1465,2014,0.36320001
1465,2015,0.36520001
1465,2016,0.36149999
1465,2017,0.3633
1465,2018,0.37090001
1465,2019,0.37189999
1465,2020,0.32460001
1465,2021,0.3283
1465,2022,0.35159999
1465,2023,0.3689
1465,2024,0.36199999
1465,2025,0.38159999
1466,2006,0.35949999
1466,2007,0.32679999
1466,2008,0.3263
1466,2009,0.34830001
1466,2010,0.34279999
1466,2011,0.3583
1466,2012,0.34720001
1466,2013,0.359
1466,2014,0.36559999
1466,2015,0.36989999
1466,2016,0.36430001
1466,2017,0.37909999
1466,2018,0.3682
1466,2019,0.3761
1466,2020,0.3222
1466,2021,0.33140001
1466,2022,0.3457
1466,2023,0.35710001
1466,2024,0.37470001
1466,2025,0.38519999
1470,2006,0.32870001
1470,2007,0.29910001
1470,2008,0.33070001
1470,2009,0.33090001
1470,2010,0.33930001
1470,2011,0.35030001
1470,2012,0.30939999
1470,2013,0.32780001
1470,2014,0.35330001
1470,2015,0.3664
1470,2016,0.35960001
1470,2017,0.3626
1470,2018,0.36019999
1470,2019,0.3716
1470,2020,0.3427
1470,2021,0.35210001
1470,2022,0.3642
1470,2023,0.3698
1470,2024,0.37630001
1470,2025,0.37959999
1471,2006,0.36989999
1471,2007,0.33739999
1471,2008,0.36090001
1471,2009,0.36680001
1471,2010,0.37689999
1471,2011,0.3872
1471,2012,0.336
1471,2013,0.3531
1471,2014,0.36489999
1471,2015,0.36000001
1471,2016,0.3653
1471,2017,0.37
1471,2018,0.368
1471,2019,0.3888
1471,2020,0.3628
1471,2021,0.37059999
1471,2022,0.39050001
1471,2023,0.3897
1471,2024,0.3822
1471,2025,0.37310001
1472,2006,0.34220001
1472,2007,0.34419999
1472,2008,0.3531
1472,2009,0.35640001
1472,2010,0.38460001
1472,2011,0.38330001
1472,2012,0.34009999
1472,2013,0.37059999
1472,2014,0.36309999
1472,2015,0.373
1472,2016,0.37439999
1472,2017,0.36759999
1472,2018,0.3836
1472,2019,0.38370001
1472,2020,0.3423
1472,2021,0.36899999
1472,2022,0.377
1472,2023,0.3899
1472,2024,0.39919999
1472,2025,0.3969
1473,2006,0.36660001
1473,2007,0.3457
1473,2008,0.36289999
1473,2009,0.35550001
1473,2010,0.35389999
1473,2011,0.3804
1473,2012,0.34349999
1473,2013,0.36770001
1473,2014,0.35839999
1473,2015,0.37830001
1473,2016,0.38409999
1473,2017,0.38550001
1473,2018,0.38890001
1473,2019,0.3872
1473,2020,0.33899999
1473,2021,0.36700001
1473,2022,0.382
1473,2023,0.3928
1473,2024,0.4014
1473,2025,0.3944
1480,2006,0.43689999
1480,2007,0.3714
1480,2008,0.37450001
1480,2009,0.33669999
1480,2010,0.32659999
1480,2011,0.3682
1480,2012,0.35460001
1480,2013,0.3743
1480,2014,0.3917
1480,2015,0.3434
1480,2016,0.33520001
1480,2017,0.35879999
1480,2018,0.36770001
1480,2019,0.36289999
1480,2020,0.3276
1480,2021,0.3222
1480,2022,0.3303
1480,2023,0.34940001
1480,2024,0.34999999
1480,2025,0.35409999
1481,2006,0.42399999
1481,2007,0.3608
1481,2008,0.3653
1481,2009,0.3527
1481,2010,0.34799999
1481,2011,0.36090001
1481,2012,0.36059999
1481,2013,0.35389999
1481,2014,0.36860001
1481,2015,0.34639999
1481,2016,0.33750001
1481,2017,0.3493
1481,2018,0.3488
1481,2019,0.3522
1481,2020,0.31670001
1481,2021,0.31040001
1481,2022,0.3238
1481,2023,0.3461
1481,2024,0.3443
1481,2025,0.35319999
1482,2006,0.389
1482,2007,0.35800001
1482,2008,0.35679999
1482,2009,0.34459999
1482,2010,0.33579999
1482,2011,0.35499999
1482,2012,0.36000001
1482,2013,0.3608
1482,2014,0.37220001
1482,2015,0.3545
1482,2016,0.3484
1482,2017,0.37850001
1482,2018,0.38460001
1482,2019,0.38499999
1482,2020,0.34869999
1482,2021,0.3515
1482,2022,0.37180001
1482,2023,0.38859999
1482,2024,0.3892
1482,2025,0.40090001
1484,2006,0.39739999
1484,2007,0.35859999
1484,2008,0.3633
1484,2009,0.3608
1484,2010,0.3538
1484,2011,0.37799999
1484,2012,0.3779
1484,2013,0.38339999
1484,2014,0.3892
1484,2015,0.34760001
1484,2016,0.31299999
1484,2017,0.33239999
1484,2018,0.3337
1484,2019,0.31869999
1484,2020,0.28729999
1484,2021,0.29429999
1484,2022,0.322
1484,2023,0.40599999
1484,2024,0.4271
1484,2025,0.44229999
1485,2006,0.42199999
1485,2007,0.38229999
1485,2008,0.3976
1485,2009,0.3531
1485,2010,0.3624
1485,2011,0.382
1485,2012,0.3734
1485,2013,0.37009999
1485,2014,0.3725
1485,2015,0.384
1485,2016,0.37009999
1485,2017,0.3768
1485,2018,0.37810001
1485,2019,0.38
1485,2020,0.3486
1485,2021,0.35640001
1485,2022,0.36219999
1485,2023,0.37650001
1485,2024,0.39680001
1485,2025,0.39520001
1486,2006,0.35139999
1486,2007,0.31720001
1486,2008,0.34299999
1486,2009,0.33520001
1486,2010,0.31830001
1486,2011,0.3326
1486,2012,0.3231
1486,2013,0.3184
1486,2014,0.32589999
1486,2015,0.30829999
1486,2016,0.27689999
1486,2017,0.2789
1486,2018,0.2881
1486,2019,0.2877
1486,2020,0.266
1486,2021,0.2678
1486,2022,0.27430001
1486,2023,0.3531
1486,2024,0.3802
1486,2025,0.389
1487,2006,0.3813
1487,2007,0.3405
1487,2008,0.35510001
1487,2009,0.35319999
1487,2010,0.35159999
1487,2011,0.35839999
1487,2012,0.36750001
1487,2013,0.35780001
1487,2014,0.37270001
1487,2015,0.37450001
1487,2016,0.3689
1487,2017,0.3795
1487,2018,0.3847
1487,2019,0.38789999
1487,2020,0.3515
1487,2021,0.35690001
1487,2022,0.3725
1487,2023,0.39379999
1487,2024,0.40740001
1487,2025,0.39829999
1488,2006,0.37400001
1488,2007,0.34900001
1488,2008,0.359
1488,2009,0.3461
1488,2010,0.33140001
1488,2011,0.3466
1488,2012,0.34799999
1488,2013,0.34060001
1488,2014,0.3547
1488,2015,0.36230001
1488,2016,0.36140001
1488,2017,0.368
1488,2018,0.36629999
1488,2019,0.36700001
1488,2020,0.3373
1488,2021,0.3373
1488,2022,0.3423
1488,2023,0.36109999
1488,2024,0.37509999
1488,2025,0.3619
1489,2006,0.43059999
1489,2007,0.36629999
1489,2008,0.3655
1489,2009,0.3678
1489,2010,0.3779
1489,2011,0.38769999
1489,2012,0.35679999
1489,2013,0.39210001
1489,2014,0.40400001
1489,2015,0.39969999
1489,2016,0.38749999
1489,2017,0.39289999
1489,2018,0.38460001
1489,2019,0.3809
1489,2020,0.34490001
1489,2021,0.34279999
1489,2022,0.36219999
1489,2023,0.38769999
1489,2024,0.3854
1489,2025,0.3946
1490,2006,0.4217
1490,2007,0.3493
1490,2008,0.36390001
1490,2009,0.3876
1490,2010,0.35280001
1490,2011,0.36390001
1490,2012,0.3594
1490,2013,0.37540001
1490,2014,0.37819999
1490,2015,0.38319999
1490,2016,0.37990001
1490,2017,0.3856
1490,2018,0.3829
1490,2019,0.3845
1490,2020,0.33660001
1490,2021,0.3441
1490,2022,0.35609999
1490,2023,0.36719999
1490,2024,0.3594
1490,2025,0.3644
1491,2006,0.3071
1491,2007,0.2899
1491,2008,0.29620001
1491,2009,0.30790001
1491,2010,0.31510001
1491,2011,0.3224
1491,2012,0.31150001
1491,2013,0.32800001
1491,2014,0.32300001
1491,2015,0.34470001
1491,2016,0.3468
1491,2017,0.34830001
1491,2018,0.36669999
1491,2019,0.36379999
1491,2020,0.3204
1491,2021,0.3265
1491,2022,0.34220001
1491,2023,0.36090001
1491,2024,0.34560001
1491,2025,0.35030001
1492,2006,0.3549
1492,2007,0.30160001
1492,2008,0.34419999
1492,2009,0.31709999
1492,2010,0.31479999
1492,2011,0.33849999
1492,2012,0.33790001
1492,2013,0.34560001
1492,2014,0.33719999
1492,2015,0.32570001
1492,2016,0.28960001
1492,2017,0.29750001
1492,2018,0.29280001
1492,2019,0.2967
1492,2020,0.27469999
1492,2021,0.2719
1492,2022,0.3003
1492,2023,0.3856
1492,2024,0.3944
1492,2025,0.38100001
1493,2006,0.36570001
1493,2007,0.35789999
1493,2008,0.3513
1493,2009,0.35440001
1493,2010,0.37549999
1493,2011,0.3779
1493,2012,0.3416
1493,2013,0.3617
1493,2014,0.3716
1493,2015,0.38530001
1493,2016,0.384
1493,2017,0.3867
1493,2018,0.3928
1493,2019,0.391
1493,2020,0.35030001
1493,2021,0.3723
1493,2022,0.38780001
1493,2023,0.3962
1493,2024,0.4025
1493,2025,0.39250001
1494,2006,0.3996
1494,2007,0.34529999
1494,2008,0.3795
1494,2009,0.38949999
1494,2010,0.3845
1494,2011,0.40630001
1494,2012,0.354
1494,2013,0.3603
1494,2014,0.3897
1494,2015,0.37869999
1494,2016,0.37329999
1494,2017,0.382
1494,2018,0.38209999
1494,2019,0.38699999
1494,2020,0.36129999
1494,2021,0.368
1494,2022,0.3863
1494,2023,0.396
1494,2024,0.38080001
1494,2025,0.3682
1495,2006,0.35949999
1495,2007,0.33880001
1495,2008,0.3637
1495,2009,0.35800001
1495,2010,0.3581
1495,2011,0.3626
1495,2012,0.33360001
1495,2013,0.35100001
1495,2014,0.3673
1495,2015,0.37439999
1495,2016,0.38370001
1495,2017,0.38999999
1495,2018,0.3858
1495,2019,0.39500001
1495,2020,0.3601
1495,2021,0.3734
1495,2022,0.3906
1495,2023,0.4005
1495,2024,0.39950001
1495,2025,0.39269999
1496,2006,0.36759999
1496,2007,0.3459
1496,2008,0.35569999
1496,2009,0.3515
1496,2010,0.36590001
1496,2011,0.36919999
1496,2012,0.32480001
1496,2013,0.3592
1496,2014,0.3725
1496,2015,0.38
1496,2016,0.38620001
1496,2017,0.3838
1496,2018,0.39610001
1496,2019,0.3901
1496,2020,0.35120001
1496,2021,0.3691
1496,2022,0.38029999
1496,2023,0.39300001
1496,2024,0.39430001
1496,2025,0.3874
1497,2006,0.34060001
1497,2007,0.33109999
1497,2008,0.34279999
1497,2009,0.3364
1497,2010,0.34169999
1497,2011,0.35260001
1497,2012,0.3247
1497,2013,0.34470001
1497,2014,0.35879999
1497,2015,0.36719999
1497,2016,0.36669999
1497,2017,0.3716
1497,2018,0.39579999
1497,2019,0.40470001
1497,2020,0.3626
1497,2021,0.3691
1497,2022,0.38139999
1497,2023,0.39899999
1497,2024,0.40599999
1497,2025,0.4041
1498,2006,0.34020001
1498,2007,0.32010001
1498,2008,0.3328
1498,2009,0.33419999
1498,2010,0.3432
1498,2011,0.35179999
1498,2012,0.3251
1498,2013,0.3522
1498,2014,0.3461
1498,2015,0.36590001
1498,2016,0.3671
1498,2017,0.37760001
1498,2018,0.3867
1498,2019,0.38479999
1498,2020,0.34110001
1498,2021,0.38280001
1498,2022,0.38460001
1498,2023,0.3933
1498,2024,0.40810001
1498,2025,0.40779999
1499,2006,0.35929999
1499,2007,0.3398
1499,2008,0.34279999
1499,2009,0.34630001
1499,2010,0.34209999
1499,2011,0.36140001
1499,2012,0.32699999
1499,2013,0.34940001
1499,2014,0.3529
1499,2015,0.36590001
1499,2016,0.3678
1499,2017,0.37419999
1499,2018,0.3777
1499,2019,0.3788
1499,2020,0.3439
1499,2021,0.35890001
1499,2022,0.3682
1499,2023,0.38280001
1499,2024,0.38
1499,2025,0.3673
1715,2006,0.3371
1715,2007,0.3603
1715,2008,0.38389999
1715,2009,0.35890001
1715,2010,0.37079999
1715,2011,0.35949999
1715,2012,0.4041
1715,2013,0.40110001
1715,2014,0.4043
1715,2015,0.41440001
1715,2016,0.43090001
1715,2017,0.43110001
1715,2018,0.4251
1715,2019,0.41940001
1715,2020,0.38609999
1715,2021,0.3901
1715,2022,0.4007
1715,2023,0.39579999
1715,2024,0.42660001
1715,2025,0.41139999
1730,2006,0.21960001
1730,2007,0.2685
1730,2008,0.28290001
1730,2009,0.31819999
1730,2010,0.3493
1730,2011,0.33880001
1730,2012,0.3567
1730,2013,0.37639999
1730,2014,0.38139999
1730,2015,0.39120001
1730,2016,0.39030001
1730,2017,0.38440001
1730,2018,0.38609999
1730,2019,0.39579999
1730,2020,0.3538
1730,2021,0.36750001
1730,2022,0.3858
1730,2023,0.39969999
1730,2024,0.40689999
1730,2025,0.4021
1737,2006,0.21269999
1737,2007,0.25549999
1737,2008,0.2762
1737,2009,0.34709999
1737,2010,0.3682
1737,2011,0.36970001
1737,2012,0.27939999
1737,2013,0.4305
1737,2014,0.4438
1737,2015,0.44190001
1737,2016,0.4411
1737,2017,0.46110001
1737,2018,0.46579999
1737,2019,0.458
1737,2020,0.4095
1737,2021,0.4219
1737,2022,0.42129999
1737,2023,0.43149999
1737,2024,0.4594
1737,2025,0.45379999
1760,2006,0.27720001
1760,2007,0.29120001
1760,2008,0.32049999
1760,2009,0.35049999
1760,2010,0.40020001
1760,2011,0.3928
1760,2012,0.3858
1760,2013,0.38170001
1760,2014,0.4077
1760,2015,0.41870001
1760,2016,0.40810001
1760,2017,0.4174
1760,2018,0.40790001
1760,2019,0.4163
1760,2020,0.3892
1760,2021,0.40200001
1760,2022,0.43099999
1760,2023,0.4346
1760,2024,0.47150001
1760,2025,0.46470001
1761,2006,0.32139999
1761,2007,0.35229999
1761,2008,0.37760001
1761,2009,0.35679999
1761,2010,0.35679999
1761,2011,0.34779999
1761,2012,0.3818
1761,2013,0.3795
1761,2014,0.37889999
1761,2015,0.37720001
1761,2016,0.38730001
1761,2017,0.40079999
1761,2018,0.3822
1761,2019,0.38589999
1761,2020,0.34819999
1761,2021,0.3594
1761,2022,0.3723
1761,2023,0.38479999
1761,2024,0.39070001
1761,2025,0.38789999
1762,2006,0.29010001
1762,2007,0.31979999
1762,2008,0.32960001
1762,2009,0.34009999
1762,2010,0.37020001
1762,2011,0.35600001
1762,2012,0.33329999
1762,2013,0.41409999
1762,2014,0.42120001
1762,2015,0.4064
1762,2016,0.4039
1762,2017,0.41769999
1762,2018,0.4174
1762,2019,0.4075
1762,2020,0.36300001
1762,2021,0.36750001
1762,2022,0.3876
1762,2023,0.3978
1762,2024,0.40279999
1762,2025,0.41100001
1763,2006,0.32409999
1763,2007,0.34830001
1763,2008,0.38240001
1763,2009,0.36059999
1763,2010,0.3603
1763,2011,0.34580001
1763,2012,0.38479999
1763,2013,0.3813
1763,2014,0.3969
1763,2015,0.40380001
1763,2016,0.4104
1763,2017,0.40200001
1763,2018,0.40380001
1763,2019,0.41330001
1763,2020,0.3671
1763,2021,0.3813
1763,2022,0.3874
1763,2023,0.3897
1763,2024,0.41800001
1763,2025,0.4197
1764,2006,0.34349999
1764,2007,0.33000001
1764,2008,0.37670001
1764,2009,0.34709999
1764,2010,0.37290001
1764,2011,0.36140001
1764,2012,0.4014
1764,2013,0.38679999
1764,2014,0.39309999
1764,2015,0.39660001
1764,2016,0.40529999
1764,2017,0.40920001
1764,2018,0.41069999
1764,2019,0.41170001
1764,2020,0.38049999
1764,2021,0.3854
1764,2022,0.3976
1764,2023,0.40540001
1764,2024,0.4233
1764,2025,0.42789999
1765,2006,0.26089999
1765,2007,0.26480001
1765,2008,0.31150001
1765,2009,0.31690001
1765,2010,0.34380001
1765,2011,0.32139999
1765,2012,0.3364
1765,2013,0.34959999
1765,2014,0.36269999
1765,2015,0.37029999
1765,2016,0.36320001
1765,2017,0.3669
1765,2018,0.36179999
1765,2019,0.3646
1765,2020,0.33849999
1765,2021,0.35249999
1765,2022,0.35949999
1765,2023,0.3592
1765,2024,0.37450001
1765,2025,0.3917
1766,2006,0.2269
1766,2007,0.25549999
1766,2008,0.28130001
1766,2009,0.31740001
1766,2010,0.3335
1766,2011,0.31999999
1766,2012,0.2739
1766,2013,0.3818
1766,2014,0.39219999
1766,2015,0.39219999
1766,2016,0.40270001
1766,2017,0.4082
1766,2018,0.4156
1766,2019,0.42390001
1766,2020,0.3809
1766,2021,0.39289999
1766,2022,0.39750001
1766,2023,0.4095
1766,2024,0.4298
1766,2025,0.43360001
1780,2006,0.34979999
1780,2007,0.37079999
1780,2008,0.39770001
1780,2009,0.37709999
1780,2010,0.38429999
1780,2011,0.37270001
1780,2012,0.4104
1780,2013,0.40689999
1780,2014,0.41080001
1780,2015,0.4059
1780,2016,0.41850001
1780,2017,0.41949999
1780,2018,0.40979999
1780,2019,0.4061
1780,2020,0.37090001
1780,2021,0.37529999
1780,2022,0.38710001
1780,2023,0.39390001
1780,2024,0.4059
1780,2025,0.40650001
1781,2006,0.2277
1781,2007,0.2441
1781,2008,0.28659999
1781,2009,0.32179999
1781,2010,0.389
1781,2011,0.38069999
1781,2012,0.39559999
1781,2013,0.39829999
1781,2014,0.40709999
1781,2015,0.40689999
1781,2016,0.41159999
1781,2017,0.41479999
1781,2018,0.41420001
1781,2019,0.41280001
1781,2020,0.37979999
1781,2021,0.39399999
1781,2022,0.41049999
1781,2023,0.41659999
1781,2024,0.43560001
1781,2025,0.4323
1782,2006,0.25979999
1782,2007,0.27599999
1782,2008,0.30779999
1782,2009,0.32159999
1782,2010,0.35389999
1782,2011,0.34419999
1782,2012,0.37220001
1782,2013,0.36989999
1782,2014,0.3707
1782,2015,0.3768
1782,2016,0.3811
1782,2017,0.3915
1782,2018,0.3788
1782,2019,0.389
1782,2020,0.3619
1782,2021,0.37040001
1782,2022,0.37909999
1782,2023,0.4014
1782,2024,0.4179
1782,2025,0.41229999
1783,2006,0.2227
1783,2007,0.25260001
1783,2008,0.28200001
1783,2009,0.3337
1783,2010,0.36590001
1783,2011,0.3513
1783,2012,0.296
1783,2013,0.41639999
1783,2014,0.41229999
1783,2015,0.43279999
1783,2016,0.4337
1783,2017,0.4499
1783,2018,0.44080001
1783,2019,0.4312
1783,2020,0.398
1783,2021,0.40740001
1783,2022,0.40329999
1783,2023,0.42399999
1783,2024,0.4474
1783,2025,0.43900001
1784,2006,0.2324
1784,2007,0.289
1784,2008,0.3195
1784,2009,0.33809999
1784,2010,0.37889999
1784,2011,0.3457
1784,2012,0.39539999
1784,2013,0.4312
1784,2014,0.41530001
1784,2015,0.42160001
1784,2016,0.4152
1784,2017,0.42129999
1784,2018,0.4163
1784,2019,0.42140001
1784,2020,0.38049999
1784,2021,0.39570001
1784,2022,0.41249999
1784,2023,0.4152
1784,2024,0.4366
1784,2025,0.44049999
1785,2006,0.34200001
1785,2007,0.2622
1785,2008,0.35640001
1785,2009,0.3019
1785,2010,0.3409
1785,2011,0.3364
1785,2012,0.36790001
1785,2013,0.36539999
1785,2014,0.37619999
1785,2015,0.37490001
1785,2016,0.3748
1785,2017,0.37110001
1785,2018,0.3775
1785,2019,0.37810001
1785,2020,0.34490001
1785,2021,0.35389999
1785,2022,0.37
1785,2023,0.3741
1785,2024,0.38940001
1785,2025,0.3996
1814,2006,0.34619999
1814,2007,0.3436
1814,2008,0.34299999
1814,2009,0.3475
1814,2010,0.37090001
1814,2011,0.37920001
1814,2012,0.4012
1814,2013,0.3813
1814,2014,0.39930001
1814,2015,0.39230001
1814,2016,0.3935
1814,2017,0.37079999
1814,2018,0.36050001
1814,2019,0.38620001
1814,2020,0.3576
1814,2021,0.3721
1814,2022,0.39070001
1814,2023,0.4025
1814,2024,0.3989
1814,2025,0.40439999
1860,2006,0.36359999
1860,2007,0.36410001
1860,2008,0.36939999
1860,2009,0.37979999
1860,2010,0.39300001
1860,2011,0.39950001
1860,2012,0.40149999
1860,2013,0.3935
1860,2014,0.39649999
1860,2015,0.4086
1860,2016,0.42210001
1860,2017,0.42460001
1860,2018,0.40090001
1860,2019,0.41209999
1860,2020,0.3881
1860,2021,0.4156
1860,2022,0.41800001
1860,2023,0.43020001
1860,2024,0.42250001
1860,2025,0.41600001
1861,2006,0.35440001
1861,2007,0.36019999
1861,2008,0.366
1861,2009,0.36309999
1861,2010,0.3739
1861,2011,0.3845
1861,2012,0.41060001
1861,2013,0.39820001
1861,2014,0.40669999
1861,2015,0.39750001
1861,2016,0.4012
1861,2017,0.37599999
1861,2018,0.38350001
1861,2019,0.3973
1861,2020,0.38209999
1861,2021,0.39989999
1861,2022,0.3969
1861,2023,0.421
1861,2024,0.41580001
1861,2025,0.42739999
1862,2006,0.43920001
1862,2007,0.4553
1862,2008,0.44909999
1862,2009,0.45719999
1862,2010,0.46489999
1862,2011,0.44389999
1862,2012,0.44400001
1862,2013,0.4346
1862,2014,0.44909999
1862,2015,0.45429999
1862,2016,0.4648
1862,2017,0.46380001
1862,2018,0.44330001
1862,2019,0.46059999
1862,2020,0.43419999
1862,2021,0.44299999
1862,2022,0.45950001
1862,2023,0.48649999
1862,2024,0.48109999
1862,2025,0.4754
1863,2006,0.3644
1863,2007,0.35330001
1863,2008,0.3759
1863,2009,0.37940001
1863,2010,0.38280001
1863,2011,0.38940001
1863,2012,0.38870001
1863,2013,0.38429999
1863,2014,0.39219999
1863,2015,0.39050001
1863,2016,0.38409999
1863,2017,0.3915
1863,2018,0.40110001
1863,2019,0.4077
1863,2020,0.38150001
1863,2021,0.39919999
1863,2022,0.42340001
1863,2023,0.43200001
1863,2024,0.43349999
1863,2025,0.43799999
1864,2006,0.36930001
1864,2007,0.382
1864,2008,0.40509999
1864,2009,0.3964
1864,2010,0.4059
1864,2011,0.41029999
1864,2012,0.42089999
1864,2013,0.4007
1864,2014,0.3987
1864,2015,0.43470001
1864,2016,0.42410001
1864,2017,0.4039
1864,2018,0.4179
1864,2019,0.40869999
1864,2020,0.38749999
1864,2021,0.4136
1864,2022,0.42789999
1864,2023,0.4375
1864,2024,0.43079999
1864,2025,0.43540001
1880,2006,0.36199999
1880,2007,0.3594
1880,2008,0.36669999
1880,2009,0.36919999
1880,2010,0.38139999
1880,2011,0.412
1880,2012,0.41980001
1880,2013,0.41119999
1880,2014,0.41749999
1880,2015,0.40459999
1880,2016,0.41209999
1880,2017,0.39390001
1880,2018,0.39669999
1880,2019,0.40599999
1880,2020,0.3924
1880,2021,0.40759999
1880,2022,0.41690001
1880,2023,0.42230001
1880,2024,0.41980001
1880,2025,0.4278
1881,2006,0.33570001
1881,2007,0.3423
1881,2008,0.34850001
1881,2009,0.352
1881,2010,0.35690001
1881,2011,0.37799999
1881,2012,0.39359999
1881,2013,0.38749999
1881,2014,0.4005
1881,2015,0.39559999
1881,2016,0.40040001
1881,2017,0.38420001
1881,2018,0.3946
1881,2019,0.3994
1881,2020,0.38389999
1881,2021,0.39590001
1881,2022,0.40619999
1881,2023,0.4325
1881,2024,0.4251
1881,2025,0.4303
1882,2006,0.338
1882,2007,0.3299
1882,2008,0.33930001
1882,2009,0.34450001
1882,2010,0.34990001
1882,2011,0.3635
1882,2012,0.39089999
1882,2013,0.3752
1882,2014,0.38119999
1882,2015,0.377
1882,2016,0.3867
1882,2017,0.391
1882,2018,0.39340001
1882,2019,0.4084
1882,2020,0.37990001
1882,2021,0.39539999
1882,2022,0.41319999
1882,2023,0.43189999
1882,2024,0.42879999
1882,2025,0.43169999
1883,2006,0.4436
1883,2007,0.44729999
1883,2008,0.45289999
1883,2009,0.4492
1883,2010,0.46520001
1883,2011,0.44190001
1883,2012,0.43939999
1883,2013,0.44010001
1883,2014,0.4506
1883,2015,0.4632
1883,2016,0.46290001
1883,2017,0.4605
1883,2018,0.4535
1883,2019,0.45289999
1883,2020,0.41850001
1883,2021,0.44279999
1883,2022,0.45210001
1883,2023,0.4691
1883,2024,0.46200001
1883,2025,0.46560001
1884,2006,0.38119999
1884,2007,0.3822
1884,2008,0.3858
1884,2009,0.38640001
1884,2010,0.3989
1884,2011,0.39680001
1884,2012,0.40149999
1884,2013,0.40329999
1884,2014,0.4111
1884,2015,0.40889999
1884,2016,0.4109
1884,2017,0.40979999
1884,2018,0.40990001
1884,2019,0.42860001
1884,2020,0.40810001
1884,2021,0.4276
1884,2022,0.43329999
1884,2023,0.44150001
1884,2024,0.4438
1884,2025,0.44929999
1885,2006,0.4129
1885,2007,0.4129
1885,2008,0.42379999
1885,2009,0.42320001
1885,2010,0.42320001
1885,2011,0.4181
1885,2012,0.41780001
1885,2013,0.4165
1885,2014,0.4289
1885,2015,0.42250001
1885,2016,0.4368
1885,2017,0.43779999
1885,2018,0.43970001
1885,2019,0.44620001
1885,2020,0.41780001
1885,2021,0.44209999
1885,2022,0.4515
1885,2023,0.46360001
1885,2024,0.45089999
1885,2025,0.45570001
1904,2006,0.33840001
1904,2007,0.3545
1904,2008,0.3698
1904,2009,0.35820001
1904,2010,0.36739999
1904,2011,0.38870001
1904,2012,0.41350001
1904,2013,0.40779999
1904,2014,0.3951
1904,2015,0.40990001
1904,2016,0.43709999
1904,2017,0.42899999
1904,2018,0.41999999
1904,2019,0.42539999
1904,2020,0.4066
1904,2021,0.4303
1904,2022,0.44589999
1904,2023,0.4508
1904,2024,0.4492
1904,2025,0.45359999
1907,2006,0.3434
1907,2007,0.34529999
1907,2008,0.34509999
1907,2009,0.35530001
1907,2010,0.35789999
1907,2011,0.3854
1907,2012,0.3976
1907,2013,0.3937
1907,2014,0.40990001
1907,2015,0.4118
1907,2016,0.40439999
1907,2017,0.40279999
1907,2018,0.40400001
1907,2019,0.40669999
1907,2020,0.389
1907,2021,0.42199999
1907,2022,0.4341
1907,2023,0.4418
1907,2024,0.4499
1907,2025,0.44859999
1960,2006,0.36300001
1960,2007,0.37529999
1960,2008,0.40509999
1960,2009,0.38659999
1960,2010,0.3721
1960,2011,0.3901
1960,2012,0.4093
1960,2013,0.40419999
1960,2014,0.37970001
1960,2015,0.39610001
1960,2016,0.39789999
1960,2017,0.39500001
1960,2018,0.4084
1960,2019,0.3994
1960,2020,0.38170001
1960,2021,0.39269999
1960,2022,0.40059999
1960,2023,0.40279999
1960,2024,0.414
1960,2025,0.41780001
1961,2006,0.34150001
1961,2007,0.35479999
1961,2008,0.3687
1961,2009,0.3757
1961,2010,0.36970001
1961,2011,0.39250001
1961,2012,0.42879999
1961,2013,0.4253
1961,2014,0.44060001
1961,2015,0.42399999
1961,2016,0.41960001
1961,2017,0.41159999
1961,2018,0.40200001
1961,2019,0.3978
1961,2020,0.40290001
1961,2021,0.4172
1961,2022,0.4296
1961,2023,0.4346
1961,2024,0.44260001
1961,2025,0.44060001
1962,2006,0.3123
1962,2007,0.3179
1962,2008,0.33360001
1962,2009,0.33039999
1962,2010,0.32749999
1962,2011,0.34990001
1962,2012,0.3655
1962,2013,0.38249999
1962,2014,0.38749999
1962,2015,0.38280001
1962,2016,0.4093
1962,2017,0.4233
1962,2018,0.42539999
1962,2019,0.42680001
1962,2020,0.41080001
1962,2021,0.42300001
1962,2022,0.44839999
1962,2023,0.4648
1962,2024,0.47549999
1962,2025,0.48449999
1980,2006,0.35640001
1980,2007,0.36790001
1980,2008,0.36669999
1980,2009,0.3739
1980,2010,0.37689999
1980,2011,0.41370001
1980,2012,0.4289
1980,2013,0.4262
1980,2014,0.42860001
1980,2015,0.4242
1980,2016,0.4122
1980,2017,0.4052
1980,2018,0.40259999
1980,2019,0.4021
1980,2020,0.4023
1980,2021,0.42160001
1980,2022,0.43180001
1980,2023,0.4316
1980,2024,0.44
1980,2025,0.44440001
1981,2006,0.37189999
1981,2007,0.38330001
1981,2008,0.39500001
1981,2009,0.39860001
1981,2010,0.39089999
1981,2011,0.41159999
1981,2012,0.41760001
1981,2013,0.41859999
1981,2014,0.4226
1981,2015,0.41850001
1981,2016,0.42089999
1981,2017,0.4109
1981,2018,0.39860001
1981,2019,0.40979999
1981,2020,0.39430001
1981,2021,0.4163
1981,2022,0.42480001
1981,2023,0.4285
1981,2024,0.43650001
1981,2025,0.44850001
1982,2006,0.32690001
1982,2007,0.34290001
1982,2008,0.34299999
1982,2009,0.35569999
1982,2010,0.3432
1982,2011,0.36219999
1982,2012,0.3707
1982,2013,0.38139999
1982,2014,0.38730001
1982,2015,0.37459999
1982,2016,0.40220001
1982,2017,0.41580001
1982,2018,0.40889999
1982,2019,0.41319999
1982,2020,0.4075
1982,2021,0.4251
1982,2022,0.42300001
1982,2023,0.41960001
1982,2024,0.4312
1982,2025,0.42860001
1983,2006,0.39179999
1983,2007,0.39840001
1983,2008,0.4086
1983,2009,0.3829
1983,2010,0.37650001
1983,2011,0.3944
1983,2012,0.42309999
1983,2013,0.42340001
1983,2014,0.40110001
1983,2015,0.41769999
1983,2016,0.4258
1983,2017,0.4129
1983,2018,0.4039
1983,2019,0.40560001
1983,2020,0.38609999
1983,2021,0.4082
1983,2022,0.42219999
1983,2023,0.4219
1983,2024,0.43059999
1983,2025,0.43509999
1984,2006,0.377
1984,2007,0.39719999
1984,2008,0.4025
1984,2009,0.39070001
1984,2010,0.37059999
1984,2011,0.3973
1984,2012,0.41800001
1984,2013,0.4122
1984,2014,0.39700001
1984,2015,0.40669999
1984,2016,0.40790001
1984,2017,0.40349999
1984,2018,0.4023
1984,2019,0.4048
1984,2020,0.3951
1984,2021,0.40720001
1984,2022,0.42219999
1984,2023,0.4228
1984,2024,0.42840001
1984,2025,0.42609999
2021,2006,0.31850001
2021,2007,0.34459999
2021,2008,0.33270001
2021,2009,0.34
2021,2010,0.34999999
2021,2011,0.3617
2021,2012,0.36210001
2021,2013,0.36320001
2021,2014,0.36390001
2021,2015,0.38699999
2021,2016,0.38069999
2021,2017,0.38170001
2021,2018,0.39649999
2021,2019,0.39309999
2021,2020,0.35319999
2021,2021,0.37850001
2021,2022,0.38589999
2021,2023,0.40099999
2021,2024,0.40509999
2021,2025,0.40470001
2023,2006,0.30860001
2023,2007,0.32120001
2023,2008,0.3168
2023,2009,0.32069999
2023,2010,0.31869999
2023,2011,0.3328
2023,2012,0.3204
2023,2013,0.3326
2023,2014,0.33680001
2023,2015,0.3637
2023,2016,0.35319999
2023,2017,0.35519999
2023,2018,0.36149999
2023,2019,0.36489999
2023,2020,0.32280001
2023,2021,0.35249999
2023,2022,0.35519999
2023,2023,0.366
2023,2024,0.35069999
2023,2025,0.36489999
2026,2006,0.36230001
2026,2007,0.35800001
2026,2008,0.37130001
2026,2009,0.37630001
2026,2010,0.38060001
2026,2011,0.38769999
2026,2012,0.37029999
2026,2013,0.37349999
2026,2014,0.3845
2026,2015,0.3985
2026,2016,0.3973
2026,2017,0.39629999
2026,2018,0.3976
2026,2019,0.3944
2026,2020,0.36539999
2026,2021,0.37540001
2026,2022,0.3915
2026,2023,0.39289999
2026,2024,0.4014
2026,2025,0.4109
2029,2006,0.3468
2029,2007,0.3619
2029,2008,0.36160001
2029,2009,0.3743
2029,2010,0.37180001
2029,2011,0.377
2029,2012,0.37689999
2029,2013,0.36950001
2029,2014,0.37450001
2029,2015,0.39469999
2029,2016,0.38049999
2029,2017,0.3863
2029,2018,0.38999999
2029,2019,0.39120001
2029,2020,0.3529
2029,2021,0.38209999
2029,2022,0.3849
2029,2023,0.4025
2029,2024,0.40619999
2029,2025,0.40669999
2031,2006,0.35859999
2031,2007,0.3633
2031,2008,0.36379999
2031,2009,0.38209999
2031,2010,0.39120001
2031,2011,0.41800001
2031,2012,0.4136
2031,2013,0.41870001
2031,2014,0.42919999
2031,2015,0.44400001
2031,2016,0.42680001
2031,2017,0.42629999
2031,2018,0.43110001
2031,2019,0.43329999
2031,2020,0.38460001
2031,2021,0.41460001
2031,2022,0.41330001
2031,2023,0.42930001
2031,2024,0.43090001
2031,2025,0.44420001
2034,2006,0.38229999
2034,2007,0.41350001
2034,2008,0.40939999
2034,2009,0.40740001
2034,2010,0.4048
2034,2011,0.41679999
2034,2012,0.4206
2034,2013,0.42910001
2034,2014,0.44190001
2034,2015,0.479
2034,2016,0.4601
2034,2017,0.44369999
2034,2018,0.45809999
2034,2019,0.44749999
2034,2020,0.4077
2034,2021,0.43309999
2034,2022,0.4404
2034,2023,0.43979999
2034,2024,0.45629999
2034,2025,0.4513
2039,2006,0.29609999
2039,2007,0.2987
2039,2008,0.31259999
2039,2009,0.3161
2039,2010,0.33289999
2039,2011,0.33160001
2039,2012,0.32839999
2039,2013,0.34380001
2039,2014,0.3506
2039,2015,0.38659999
2039,2016,0.37380001
2039,2017,0.36390001
2039,2018,0.3712
2039,2019,0.3741
2039,2020,0.3317
2039,2021,0.3515
2039,2022,0.35389999
2039,2023,0.36849999
2039,2024,0.3874
2039,2025,0.391
2061,2006,0.3303
2061,2007,0.3328
2061,2008,0.35350001
2061,2009,0.35870001
2061,2010,0.36790001
2061,2011,0.38240001
2061,2012,0.3766
2061,2013,0.37990001
2061,2014,0.38620001
2061,2015,0.38909999
2061,2016,0.3766
2061,2017,0.38209999
2061,2018,0.3802
2061,2019,0.38330001
2061,2020,0.35280001
2061,2021,0.36039999
2061,2022,0.36469999
2061,2023,0.37169999
2061,2024,0.3459
2061,2025,0.35910001
2062,2006,0.40079999
2062,2007,0.42160001
2062,2008,0.4199
2062,2009,0.42129999
2062,2010,0.41870001
2062,2011,0.4296
2062,2012,0.42289999
2062,2013,0.44119999
2062,2014,0.4513
2062,2015,0.4729
2062,2016,0.4646
2062,2017,0.44690001
2062,2018,0.4569
2062,2019,0.45570001
2062,2020,0.4084
2062,2021,0.4206
2062,2022,0.42829999
2062,2023,0.43700001
2062,2024,0.44170001
2062,2025,0.44499999
2080,2006,0.39570001
2080,2007,0.38960001
2080,2008,0.4041
2080,2009,0.40360001
2080,2010,0.40889999
2080,2011,0.42309999
2080,2012,0.4113
2080,2013,0.40059999
2080,2014,0.40560001
2080,2015,0.4208
2080,2016,0.41339999
2080,2017,0.40900001
2080,2018,0.41330001
2080,2019,0.41549999
2080,2020,0.3818
2080,2021,0.4003
2080,2022,0.40849999
2080,2023,0.4161
2080,2024,0.41389999
2080,2025,0.4237
2081,2006,0.3723
2081,2007,0.3734
2081,2008,0.38069999
2081,2009,0.38
2081,2010,0.38069999
2081,2011,0.39030001
2081,2012,0.37630001
2081,2013,0.38420001
2081,2014,0.3847
2081,2015,0.40000001
2081,2016,0.38800001
2081,2017,0.384
2081,2018,0.38420001
2081,2019,0.39309999
2081,2020,0.35839999
2081,2021,0.38049999
2081,2022,0.38589999
2081,2023,0.398
2081,2024,0.40040001
2081,2025,0.40799999
2082,2006,0.3664
2082,2007,0.3786
2082,2008,0.3689
2082,2009,0.366
2082,2010,0.36250001
2082,2011,0.3714
2082,2012,0.37239999
2082,2013,0.36410001
2082,2014,0.36390001
2082,2015,0.3827
2082,2016,0.3863
2082,2017,0.38319999
2082,2018,0.39140001
2082,2019,0.3924
2082,2020,0.36390001
2082,2021,0.38569999
2082,2022,0.38659999
2082,2023,0.3989
2082,2024,0.3973
2082,2025,0.4102
2083,2006,0.3689
2083,2007,0.36410001
2083,2008,0.3696
2083,2009,0.38890001
2083,2010,0.39140001
2083,2011,0.38769999
2083,2012,0.37020001
2083,2013,0.396
2083,2014,0.3973
2083,2015,0.40450001
2083,2016,0.39500001
2083,2017,0.39579999
2083,2018,0.40849999
2083,2019,0.39610001
2083,2020,0.35949999
2083,2021,0.38550001
2083,2022,0.40419999
2083,2023,0.42160001
2083,2024,0.4262
2083,2025,0.4312
2084,2006,0.39250001
2084,2007,0.3874
2084,2008,0.38569999
2084,2009,0.3973
2084,2010,0.428
2084,2011,0.38659999
2084,2012,0.37509999
2084,2013,0.40180001
2084,2014,0.40779999
2084,2015,0.40790001
2084,2016,0.39629999
2084,2017,0.41260001
2084,2018,0.41440001
2084,2019,0.4165
2084,2020,0.36860001
2084,2021,0.3989
2084,2022,0.41299999
2084,2023,0.4395
2084,2024,0.44600001
2084,2025,0.44490001
2085,2006,0.33790001
2085,2007,0.34290001
2085,2008,0.33610001
2085,2009,0.35170001
2085,2010,0.35859999
2085,2011,0.36179999
2085,2012,0.35069999
2085,2013,0.36520001
2085,2014,0.3759
2085,2015,0.37329999
2085,2016,0.36160001
2085,2017,0.375
2085,2018,0.37470001
2085,2019,0.3775
2085,2020,0.35179999
2085,2021,0.35260001
2085,2022,0.35519999
2085,2023,0.35820001
2085,2024,0.34650001
2085,2025,0.3554
2101,2006,0.2577
2101,2007,0.28909999
2101,2008,0.30770001
2101,2009,0.30230001
2101,2010,0.2999
2101,2011,0.32949999
2101,2012,0.31900001
2101,2013,0.336
2101,2014,0.331
2101,2015,0.37189999
2101,2016,0.35299999
2101,2017,0.34599999
2101,2018,0.35780001
2101,2019,0.37310001
2101,2020,0.3382
2101,2021,0.3484
2101,2022,0.36950001
2101,2023,0.3926
2101,2024,0.41080001
2101,2025,0.38659999
2104,2006,0.2999
2104,2007,0.3075
2104,2008,0.33570001
2104,2009,0.3391
2104,2010,0.3493
2104,2011,0.3705
2104,2012,0.368
2104,2013,0.36390001
2104,2014,0.35980001
2104,2015,0.412
2104,2016,0.39750001
2104,2017,0.38940001
2104,2018,0.39520001
2104,2019,0.4003
2104,2020,0.35780001
2104,2021,0.36570001
2104,2022,0.37459999
2104,2023,0.38850001
2104,2024,0.39300001
2104,2025,0.3937
2121,2006,0.26660001
2121,2007,0.29269999
2121,2008,0.29730001
2121,2009,0.29929999
2121,2010,0.3184
2121,2011,0.3536
2121,2012,0.32390001
2121,2013,0.32460001
2121,2014,0.32429999
2121,2015,0.354
2121,2016,0.36320001
2121,2017,0.3628
2121,2018,0.3739
2121,2019,0.37459999
2121,2020,0.3511
2121,2021,0.3635
2121,2022,0.38170001
2121,2023,0.403
2121,2024,0.4086
2121,2025,0.42379999
2132,2006,0.32839999
2132,2007,0.3258
2132,2008,0.35609999
2132,2009,0.3714
2132,2010,0.37580001
2132,2011,0.3876
2132,2012,0.3962
2132,2013,0.37279999
2132,2014,0.38100001
2132,2015,0.4197
2132,2016,0.42129999
2132,2017,0.41769999
2132,2018,0.41479999
2132,2019,0.42300001
2132,2020,0.39199999
2132,2021,0.38929999
2132,2022,0.40700001
2132,2023,0.41100001
2132,2024,0.4307
2132,2025,0.421
2161,2006,0.2978
2161,2007,0.2965
2161,2008,0.30239999
2161,2009,0.31259999
2161,2010,0.3145
2161,2011,0.32570001
2161,2012,0.33149999
2161,2013,0.3339
2161,2014,0.33750001
2161,2015,0.3716
2161,2016,0.3682
2161,2017,0.36050001
2161,2018,0.36059999
2161,2019,0.35609999
2161,2020,0.34110001
2161,2021,0.3511
2161,2022,0.36430001
2161,2023,0.3779
2161,2024,0.39649999
2161,2025,0.37819999
2180,2006,0.31040001
2180,2007,0.3391
2180,2008,0.36739999
2180,2009,0.3671
2180,2010,0.36219999
2180,2011,0.38519999
2180,2012,0.38260001
2180,2013,0.38190001
2180,2014,0.38659999
2180,2015,0.4118
2180,2016,0.4057
2180,2017,0.40009999
2180,2018,0.40279999
2180,2019,0.41100001
2180,2020,0.37889999
2180,2021,0.3874
2180,2022,0.39539999
2180,2023,0.40270001
2180,2024,0.4136
2180,2025,0.3978
2181,2006,0.2899
2181,2007,0.3096
2181,2008,0.33050001
2181,2009,0.33950001
2181,2010,0.34529999
2181,2011,0.3585
2181,2012,0.35839999
2181,2013,0.3511
2181,2014,0.35609999
2181,2015,0.38870001
2181,2016,0.3838
2181,2017,0.37670001
2181,2018,0.3741
2181,2019,0.3818
2181,2020,0.3619
2181,2021,0.37
2181,2022,0.37509999
2181,2023,0.38699999
2181,2024,0.39789999
2181,2025,0.3788
2182,2006,0.2969
2182,2007,0.31259999
2182,2008,0.35030001
2182,2009,0.53560001
2182,2010,0.5345
2182,2011,0.37360001
2182,2012,0.35789999
2182,2013,0.36939999
2182,2014,0.37099999
2182,2015,0.4041
2182,2016,0.38429999
2182,2017,0.377
2182,2018,0.38699999
2182,2019,0.38440001
2182,2020,0.3635
2182,2021,0.38159999
2182,2022,0.39210001
2182,2023,0.40779999
2182,2024,0.42089999
2182,2025,0.40849999
2183,2006,0.30590001
2183,2007,0.3188
2183,2008,0.33059999
2183,2009,0.3353
2183,2010,0.33660001
2183,2011,0.384
2183,2012,0.33520001
2183,2013,0.32679999
2183,2014,0.3398
2183,2015,0.37549999
2183,2016,0.38159999
2183,2017,0.37290001
2183,2018,0.38609999
2183,2019,0.3964
2183,2020,0.3592
2183,2021,0.37450001
2183,2022,0.3831
2183,2023,0.40790001
2183,2024,0.41569999
2183,2025,0.45210001
2184,2006,0.36269999
2184,2007,0.3599
2184,2008,0.3944
2184,2009,0.40000001
2184,2010,0.41069999
2184,2011,0.4091
2184,2012,0.41909999
2184,2013,0.39039999
2184,2014,0.4007
2184,2015,0.43149999
2184,2016,0.4271
2184,2017,0.417
2184,2018,0.42160001
2184,2019,0.42129999
2184,2020,0.39860001
2184,2021,0.40490001
2184,2022,0.41670001
2184,2023,0.44220001
2184,2024,0.45899999
2184,2025,0.43709999
2260,2006,0.3168
2260,2007,0.3118
2260,2008,0.3048
2260,2009,0.31380001
2260,2010,0.317
2260,2011,0.3143
2260,2012,0.32969999
2260,2013,0.338
2260,2014,0.35120001
2260,2015,0.3633
2260,2016,0.36309999
2260,2017,0.3655
2260,2018,0.3669
2260,2019,0.37180001
2260,2020,0.3348
2260,2021,0.34400001
2260,2022,0.3423
2260,2023,0.36739999
2260,2024,0.37760001
2260,2025,0.3786
2262,2006,0.3299
2262,2007,0.31959999
2262,2008,0.32519999
2262,2009,0.33559999
2262,2010,0.3339
2262,2011,0.3283
2262,2012,0.34940001
2262,2013,0.35190001
2262,2014,0.37059999
2262,2015,0.38839999
2262,2016,0.39449999
2262,2017,0.3953
2262,2018,0.39719999
2262,2019,0.398
2262,2020,0.37850001
2262,2021,0.3872
2262,2022,0.3933
2262,2023,0.39860001
2262,2024,0.4093
2262,2025,0.41
2280,2006,0.36289999
2280,2007,0.36359999
2280,2008,0.36629999
2280,2009,0.35690001
2280,2010,0.37889999
2280,2011,0.35170001
2280,2012,0.37920001
2280,2013,0.3757
2280,2014,0.3867
2280,2015,0.40059999
2280,2016,0.35800001
2280,2017,0.36000001
2280,2018,0.3642
2280,2019,0.3574
2280,2020,0.3436
2280,2021,0.36070001
2280,2022,0.36399999
2280,2023,0.37549999
2280,2024,0.37760001
2280,2025,0.37740001
2281,2006,0.3468
2281,2007,0.34349999
2281,2008,0.34189999
2281,2009,0.3427
2281,2010,0.34029999
2281,2011,0.34459999
2281,2012,0.36579999
2281,2013,0.37200001
2281,2014,0.3942
2281,2015,0.40380001
2281,2016,0.40000001
2281,2017,0.40290001
2281,2018,0.4007
2281,2019,0.40380001
2281,2020,0.37189999
2281,2021,0.3802
2281,2022,0.38519999
2281,2023,0.3989
2281,2024,0.40889999
2281,2025,0.4021
2282,2006,0.3545
2282,2007,0.36559999
2282,2008,0.37059999
2282,2009,0.36149999
2282,2010,0.3768
2282,2011,0.3813
2282,2012,0.39399999
2282,2013,0.3976
2282,2014,0.41049999
2282,2015,0.4244
2282,2016,0.41170001
2282,2017,0.42699999
2282,2018,0.42539999
2282,2019,0.42140001
2282,2020,0.39289999
2282,2021,0.40920001
2282,2022,0.41890001
2282,2023,0.4481
2282,2024,0.45609999
2282,2025,0.4375
2283,2006,0.4346
2283,2007,0.44139999
2283,2008,0.44769999
2283,2009,0.43110001
2283,2010,0.43259999
2283,2011,0.4409
2283,2012,0.44839999
2283,2013,0.45899999
2283,2014,0.45950001
2283,2015,0.48100001
2283,2016,0.46599999
2283,2017,0.46869999
2283,2018,0.4596
2283,2019,0.4675
2283,2020,0.43849999
2283,2021,0.43849999
2283,2022,0.46470001
2283,2023,0.48089999
2283,2024,0.49700001
2283,2025,0.4698
2284,2006,0.3802
2284,2007,0.37639999
2284,2008,0.3786
2284,2009,0.37310001
2284,2010,0.3603
2284,2011,0.37549999
2284,2012,0.38699999
2284,2013,0.3917
2284,2014,0.39320001
2284,2015,0.40830001
2284,2016,0.41240001
2284,2017,0.41749999
2284,2018,0.4244
2284,2019,0.42719999
2284,2020,0.4073
2284,2021,0.41029999
2284,2022,0.4192
2284,2023,0.43189999
2284,2024,0.44330001
2284,2025,0.4278
2303,2006,0.28470001
2303,2007,0.3346
2303,2008,0.36809999
2303,2009,0.35510001
2303,2010,0.366
2303,2011,0.35980001
2303,2012,0.3705
2303,2013,0.3716
2303,2014,0.3908
2303,2015,0.37779999
2303,2016,0.3732
2303,2017,0.3942
2303,2018,0.39300001
2303,2019,0.3955
2303,2020,0.3698
2303,2021,0.37740001
2303,2022,0.3964
2303,2023,0.40189999
2303,2024,0.41240001
2303,2025,0.421
2305,2006,0.29010001
2305,2007,0.32449999
2305,2008,0.33570001
2305,2009,0.32589999
2305,2010,0.33770001
2305,2011,0.3274
2305,2012,0.34670001
2305,2013,0.34850001
2305,2014,0.36250001
2305,2015,0.3515
2305,2016,0.36340001
2305,2017,0.36950001
2305,2018,0.35659999
2305,2019,0.37970001
2305,2020,0.34999999
2305,2021,0.36340001
2305,2022,0.37940001
2305,2023,0.40509999
2305,2024,0.40709999
2305,2025,0.4025
2309,2006,0.27990001
2309,2007,0.32600001
2309,2008,0.33050001
2309,2009,0.3204
2309,2010,0.32870001
2309,2011,0.31979999
2309,2012,0.3326
2309,2013,0.34689999
2309,2014,0.36269999
2309,2015,0.35679999
2309,2016,0.35620001
2309,2017,0.36289999
2309,2018,0.36379999
2309,2019,0.3734
2309,2020,0.35730001
2309,2021,0.36129999
2309,2022,0.36700001
2309,2023,0.3872
2309,2024,0.3906
2309,2025,0.40040001
2313,2006,0.27680001
2313,2007,0.2929
2313,2008,0.29969999
2313,2009,0.29809999
2313,2010,0.30590001
2313,2011,0.30180001
2313,2012,0.31240001
2313,2013,0.30500001
2313,2014,0.31850001
2313,2015,0.42519999
2313,2016,0.32730001
2313,2017,0.34709999
2313,2018,0.35120001
2313,2019,0.3576
2313,2020,0.33790001
2313,2021,0.34540001
2313,2022,0.35139999
2313,2023,0.3678
2313,2024,0.38530001
2313,2025,0.39219999
2321,2006,0.2455
2321,2007,0.26840001
2321,2008,0.27860001
2321,2009,0.2728
2321,2010,0.2861
2321,2011,0.28380001
2321,2012,0.29840001
2321,2013,0.30180001
2321,2014,0.32100001
2321,2015,0.3075
2321,2016,0.31560001
2321,2017,0.33289999
2321,2018,0.322
2321,2019,0.3405
2321,2020,0.30919999
2321,2021,0.31349999
2321,2022,0.31670001
2321,2023,0.3439
2321,2024,0.34740001
2321,2025,0.3531
2326,2006,0.2658
2326,2007,0.3116
2326,2008,0.3238
2326,2009,0.31720001
2326,2010,0.33450001
2326,2011,0.3229
2326,2012,0.35139999
2326,2013,0.3427
2326,2014,0.35550001
2326,2015,0.33559999
2326,2016,0.35210001
2326,2017,0.36520001
2326,2018,0.35929999
2326,2019,0.3633
2326,2020,0.35010001
2326,2021,0.35839999
2326,2022,0.3707
2326,2023,0.37490001
2326,2024,0.39950001
2326,2025,0.40799999
2361,2006,0.25929999
2361,2007,0.29390001
2361,2008,0.27669999
2361,2009,0.2723
2361,2010,0.29550001
2361,2011,0.2879
2361,2012,0.31299999
2361,2013,0.30270001
2361,2014,0.31200001
2361,2015,0.3028
2361,2016,0.32159999
2361,2017,0.3231
2361,2018,0.3127
2361,2019,0.32260001
2361,2020,0.3037
2361,2021,0.32030001
2361,2022,0.33180001
2361,2023,0.34549999
2361,2024,0.35640001
2361,2025,0.35049999
2380,2006,0.31169999
2380,2007,0.36919999
2380,2008,0.3721
2380,2009,0.35969999
2380,2010,0.3818
2380,2011,0.36590001
2380,2012,0.39140001
2380,2013,0.396
2380,2014,0.41670001
2380,2015,0.39739999
2380,2016,0.4109
2380,2017,0.41010001
2380,2018,0.40079999
2380,2019,0.41389999
2380,2020,0.3899
2380,2021,0.3971
2380,2022,0.39930001
2380,2023,0.41870001
2380,2024,0.4244
2380,2025,0.42539999
2401,2006,0.34419999
2401,2007,0.38139999
2401,2008,0.4025
2401,2009,0.3973
2401,2010,0.39140001
2401,2011,0.36790001
2401,2012,0.3633
2401,2013,0.3752
2401,2014,0.37709999
2401,2015,0.41659999
2401,2016,0.4131
2401,2017,0.4077
2401,2018,0.40529999
2401,2019,0.4102
2401,2020,0.40189999
2401,2021,0.41420001
2401,2022,0.40560001
2401,2023,0.42269999
2401,2024,0.41890001
2401,2025,0.4084
2403,2006,0.31560001
2403,2007,0.3915
2403,2008,0.40220001
2403,2009,0.38240001
2403,2010,0.39629999
2403,2011,0.37270001
2403,2012,0.368
2403,2013,0.36739999
2403,2014,0.3872
2403,2015,0.4199
2403,2016,0.40790001
2403,2017,0.4109
2403,2018,0.4073
2403,2019,0.4016
2403,2020,0.3716
2403,2021,0.38159999
2403,2022,0.38789999
2403,2023,0.39570001
2403,2024,0.3964
2403,2025,0.3779
2404,2006,0.34099999
2404,2007,0.4188
2404,2008,0.4269
2404,2009,0.40790001
2404,2010,0.41170001
2404,2011,0.3955
2404,2012,0.38499999
2404,2013,0.39109999
2404,2014,0.3691
2404,2015,0.40700001
2404,2016,0.40009999
2404,2017,0.39390001
2404,2018,0.38780001
2404,2019,0.40110001
2404,2020,0.3827
2404,2021,0.3926
2404,2022,0.3955
2404,2023,0.4041
2404,2024,0.40799999
2404,2025,0.4113
2409,2006,0.3046
2409,2007,0.3689
2409,2008,0.38119999
2409,2009,0.3766
2409,2010,0.3655
2409,2011,0.37560001
2409,2012,0.36399999
2409,2013,0.38010001
2409,2014,0.38429999
2409,2015,0.41229999
2409,2016,0.4021
2409,2017,0.40630001
2409,2018,0.41499999
2409,2019,0.4154
2409,2020,0.37360001
2409,2021,0.3743
2409,2022,0.38569999
2409,2023,0.40000001
2409,2024,0.4181
2409,2025,0.40090001
2417,2006,0.28940001
2417,2007,0.3696
2417,2008,0.3793
2417,2009,0.3962
2417,2010,0.3599
2417,2011,0.36939999
2417,2012,0.35120001
2417,2013,0.36219999
2417,2014,0.3459
2417,2015,0.36160001
2417,2016,0.35589999
2417,2017,0.3585
2417,2018,0.35589999
2417,2019,0.36880001
2417,2020,0.3592
2417,2021,0.35460001
2417,2022,0.36149999
2417,2023,0.37900001
2417,2024,0.39340001
2417,2025,0.39480001
2418,2006,0.26249999
2418,2007,0.3116
2418,2008,0.31400001
2418,2009,0.32589999
2418,2010,0.31029999
2418,2011,0.34549999
2418,2012,0.3364
2418,2013,0.35210001
2418,2014,0.3567
2418,2015,0.38339999
2418,2016,0.37259999
2418,2017,0.40090001
2418,2018,0.377
2418,2019,0.38530001
2418,2020,0.35980001
2418,2021,0.35600001
2418,2022,0.3752
2418,2023,0.37959999
2418,2024,0.38929999
2418,2025,0.3935
2421,2006,0.23289999
2421,2007,0.2958
2421,2008,0.30059999
2421,2009,0.31560001
2421,2010,0.30540001
2421,2011,0.33219999
2421,2012,0.32179999
2421,2013,0.3258
2421,2014,0.3434
2421,2015,0.3624
2421,2016,0.3484
2421,2017,0.36700001
2421,2018,0.35960001
2421,2019,0.37869999
2421,2020,0.3488
2421,2021,0.37419999
2421,2022,0.3583
2421,2023,0.37540001
2421,2024,0.39120001
2421,2025,0.3775
2422,2006,0.28080001
2422,2007,0.32839999
2422,2008,0.31760001
2422,2009,0.32120001
2422,2010,0.31909999
2422,2011,0.3258
2422,2012,0.34380001
2422,2013,0.35179999
2422,2014,0.36300001
2422,2015,0.37439999
2422,2016,0.37459999
2422,2017,0.3874
2422,2018,0.3795
2422,2019,0.38850001
2422,2020,0.35179999
2422,2021,0.38170001
2422,2022,0.3883
2422,2023,0.38999999
2422,2024,0.39669999
2422,2025,0.382
2425,2006,0.22040001
2425,2007,0.29960001
2425,2008,0.3048
2425,2009,0.32359999
2425,2010,0.3294
2425,2011,0.33930001
2425,2012,0.3436
2425,2013,0.3355
2425,2014,0.32789999
2425,2015,0.37740001
2425,2016,0.38870001
2425,2017,0.38280001
2425,2018,0.36950001
2425,2019,0.37239999
2425,2020,0.3531
2425,2021,0.35789999
2425,2022,0.38249999
2425,2023,0.39030001
2425,2024,0.40189999
2425,2025,0.38299999
2460,2006,0.324
2460,2007,0.419
2460,2008,0.41980001
2460,2009,0.40000001
2460,2010,0.39700001
2460,2011,0.3777
2460,2012,0.36309999
2460,2013,0.35699999
2460,2014,0.37529999
2460,2015,0.3973
2460,2016,0.3908
2460,2017,0.3978
2460,2018,0.39719999
2460,2019,0.38929999
2460,2020,0.37920001
2460,2021,0.3732
2460,2022,0.3827
2460,2023,0.40189999
2460,2024,0.40669999
2460,2025,0.4066
2462,2006,0.25319999
2462,2007,0.2942
2462,2008,0.30430001
2462,2009,0.32339999
2462,2010,0.30410001
2462,2011,0.32069999
2462,2012,0.3283
2462,2013,0.33320001
2462,2014,0.33590001
2462,2015,0.36399999
2462,2016,0.3556
2462,2017,0.36469999
2462,2018,0.36939999
2462,2019,0.37239999
2462,2020,0.34909999
2462,2021,0.3581
2462,2022,0.3759
2462,2023,0.36919999
2462,2024,0.37549999
2462,2025,0.3705
2463,2006,0.26629999
2463,2007,0.3348
2463,2008,0.34909999
2463,2009,0.35370001
2463,2010,0.35769999
2463,2011,0.35749999
2463,2012,0.34990001
2463,2013,0.35479999
2463,2014,0.34850001
2463,2015,0.37290001
2463,2016,0.37079999
2463,2017,0.38029999
2463,2018,0.36610001
2463,2019,0.38010001
2463,2020,0.36469999
2463,2021,0.38150001
2463,2022,0.38640001
2463,2023,0.39179999
2463,2024,0.40310001
2463,2025,0.39300001
2480,2006,0.32249999
2480,2007,0.41229999
2480,2008,0.4226
2480,2009,0.41839999
2480,2010,0.4007
2480,2011,0.38100001
2480,2012,0.3696
2480,2013,0.36759999
2480,2014,0.37169999
2480,2015,0.39669999
2480,2016,0.3897
2480,2017,0.3953
2480,2018,0.3874
2480,2019,0.3854
2480,2020,0.36840001
2480,2021,0.36930001
2480,2022,0.37580001
2480,2023,0.38280001
2480,2024,0.3933
2480,2025,0.38589999
2481,2006,0.3301
2481,2007,0.41060001
2481,2008,0.41460001
2481,2009,0.4267
2481,2010,0.42109999
2481,2011,0.43169999
2481,2012,0.42390001
2481,2013,0.4267
2481,2014,0.4294
2481,2015,0.46270001
2481,2016,0.44710001
2481,2017,0.44369999
2481,2018,0.4298
2481,2019,0.4429
2481,2020,0.43309999
2481,2021,0.44769999
2481,2022,0.4632
2481,2023,0.4562
2481,2024,0.47580001
2481,2025,0.46970001
2482,2006,0.2987
2482,2007,0.3881
2482,2008,0.39019999
2482,2009,0.38859999
2482,2010,0.38870001
2482,2011,0.3901
2482,2012,0.3915
2482,2013,0.39750001
2482,2014,0.39610001
2482,2015,0.3802
2482,2016,0.37979999
2482,2017,0.38890001
2482,2018,0.3831
2482,2019,0.37990001
2482,2020,0.3734
2482,2021,0.3743
2482,2022,0.37819999
2482,2023,0.37819999
2482,2024,0.38640001
2482,2025,0.3964
2505,2006,0.31079999
2505,2007,0.29679999
2505,2008,0.2992
2505,2009,0.2911
2505,2010,0.29069999
2505,2011,0.31029999
2505,2012,0.30340001
2505,2013,0.2985
2505,2014,0.28349999
2505,2015,0.32780001
2505,2016,0.32170001
2505,2017,0.31400001
2505,2018,0.30399999
2505,2019,0.32210001
2505,2020,0.29480001
2505,2021,0.3003
2505,2022,0.3075
2505,2023,0.31650001
2505,2024,0.3028
2505,2025,0.31099999
2506,2006,0.3177
2506,2007,0.30849999
2506,2008,0.31720001
2506,2009,0.29910001
2506,2010,0.32550001
2506,2011,0.31889999
2506,2012,0.3294
2506,2013,0.32679999
2506,2014,0.29789999
2506,2015,0.345
2506,2016,0.33500001
2506,2017,0.331
2506,2018,0.32620001
2506,2019,0.3247
2506,2020,0.31240001
2506,2021,0.32839999
2506,2022,0.32550001
2506,2023,0.34380001
2506,2024,0.33360001
2506,2025,0.33450001
2510,2006,0.3107
2510,2007,0.32390001
2510,2008,0.31330001
2510,2009,0.30520001
2510,2010,0.30700001
2510,2011,0.31959999
2510,2012,0.3247
2510,2013,0.30199999
2510,2014,0.27880001
2510,2015,0.30680001
2510,2016,0.30829999
2510,2017,0.32300001
2510,2018,0.3371
2510,2019,0.33230001
2510,2020,0.3109
2510,2021,0.33579999
2510,2022,0.35420001
2510,2023,0.3784
2510,2024,0.37830001
2510,2025,0.3601
2513,2006,0.292
2513,2007,0.33070001
2513,2008,0.32519999
2513,2009,0.33109999
2513,2010,0.32820001
2513,2011,0.3502
2513,2012,0.34740001
2513,2013,0.31400001
2513,2014,0.2775
2513,2015,0.33019999
2513,2016,0.3233
2513,2017,0.3267
2513,2018,0.3222
2513,2019,0.3258
2513,2020,0.30649999
2513,2021,0.32159999
2513,2022,0.33770001
2513,2023,0.35100001
2513,2024,0.3549
2513,2025,0.37619999
2514,2006,0.3617
2514,2007,0.3766
2514,2008,0.382
2514,2009,0.37450001
2514,2010,0.37580001
2514,2011,0.3883
2514,2012,0.3969
2514,2013,0.3732
2514,2014,0.3096
2514,2015,0.37099999
2514,2016,0.36660001
2514,2017,0.352
2514,2018,0.34189999
2514,2019,0.34940001
2514,2020,0.3292
2514,2021,0.3369
2514,2022,0.34920001
2514,2023,0.36750001
2514,2024,0.377
2514,2025,0.44240001
2518,2006,0.3019
2518,2007,0.30950001
2518,2008,0.30250001
2518,2009,0.27849999
2518,2010,0.30739999
2518,2011,0.3206
2518,2012,0.31330001
2518,2013,0.3037
2518,2014,0.27129999
2518,2015,0.32800001
2518,2016,0.3249
2518,2017,0.32460001
2518,2018,0.3134
2518,2019,0.3154
2518,2020,0.30090001
2518,2021,0.31299999
2518,2022,0.31799999
2518,2023,0.3351
2518,2024,0.3249
2518,2025,0.35030001
2521,2006,0.30860001
2521,2007,0.33180001
2521,2008,0.31920001
2521,2009,0.33219999
2521,2010,0.3281
2521,2011,0.34369999
2521,2012,0.33399999
2521,2013,0.28749999
2521,2014,0.28380001
2521,2015,0.32120001
2521,2016,0.3242
2521,2017,0.32190001
2521,2018,0.3231
2521,2019,0.33660001
2521,2020,0.33199999
2521,2021,0.3427
2521,2022,0.3653
2521,2023,0.3698
2521,2024,0.35820001
2521,2025,0.35120001
2523,2006,0.39660001
2523,2007,0.44589999
2523,2008,0.40149999
2523,2009,0.44010001
2523,2010,0.44220001
2523,2011,0.45950001
2523,2012,0.45460001
2523,2013,0.40130001
2523,2014,0.36320001
2523,2015,0.41670001
2523,2016,0.42070001
2523,2017,0.41170001
2523,2018,0.41150001
2523,2019,0.42300001
2523,2020,0.3838
2523,2021,0.39320001
2523,2022,0.40560001
2523,2023,0.41850001
2523,2024,0.41980001
2523,2025,0.42379999
2560,2006,0.33160001
2560,2007,0.35710001
2560,2008,0.36160001
2560,2009,0.36289999
2560,2010,0.35640001
2560,2011,0.38190001
2560,2012,0.3655
2560,2013,0.36300001
2560,2014,0.29519999
2560,2015,0.35710001
2560,2016,0.35929999
2560,2017,0.34900001
2560,2018,0.3522
2560,2019,0.35870001
2560,2020,0.32370001
2560,2021,0.3441
2560,2022,0.3434
2560,2023,0.36410001
2560,2024,0.3653
2560,2025,0.37329999
2580,2006,0.2987
2580,2007,0.38600001
2580,2008,0.3867
2580,2009,0.3439
2580,2010,0.3224
2580,2011,0.39829999
2580,2012,0.3919
2580,2013,0.32890001
2580,2014,0.26629999
2580,2015,0.3479
2580,2016,0.34630001
2580,2017,0.34549999
2580,2018,0.3477
2580,2019,0.35299999
2580,2020,0.3242
2580,2021,0.33340001
2580,2022,0.352
2580,2023,0.36359999
2580,2024,0.36059999
2580,2025,0.3585
2581,2006,0.33399999
2581,2007,0.34060001
2581,2008,0.34400001
2581,2009,0.33849999
2581,2010,0.3425
2581,2011,0.36559999
2581,2012,0.36700001
2581,2013,0.3527
2581,2014,0.29910001
2581,2015,0.36109999
2581,2016,0.3515
2581,2017,0.34889999
2581,2018,0.33219999
2581,2019,0.34740001
2581,2020,0.3263
2581,2021,0.33109999
2581,2022,0.34940001
2581,2023,0.3635
2581,2024,0.35949999
2581,2025,0.37180001
2582,2006,0.32679999
2582,2007,0.37239999
2582,2008,0.36700001
2582,2009,0.34509999
2582,2010,0.33770001
2582,2011,0.37189999
2582,2012,0.37059999
2582,2013,0.34310001
2582,2014,0.28420001
2582,2015,0.37090001
2582,2016,0.37220001
2582,2017,0.36759999
2582,2018,0.36570001
2582,2019,0.3617
2582,2020,0.33840001
2582,2021,0.3414
2582,2022,0.3574
2582,2023,0.36199999
2582,2024,0.36829999
2582,2025,0.361
2583,2006,0.27590001
2583,2007,0.29820001
2583,2008,0.30230001
2583,2009,0.3012
2583,2010,0.2942
2583,2011,0.32010001
2583,2012,0.32010001
2583,2013,0.2994
2583,2014,0.27540001
2583,2015,0.32179999
2583,2016,0.3206
2583,2017,0.3125
2583,2018,0.30039999
2583,2019,0.33050001
2583,2020,0.3125
2583,2021,0.3188
2583,2022,0.32089999
2583,2023,0.33469999
2583,2024,0.34670001
2583,2025,0.38730001
2584,2006,0.3721
2584,2007,0.373
2584,2008,0.3804
2584,2009,0.368
2584,2010,0.37
2584,2011,0.3777
2584,2012,0.38159999
2584,2013,0.36669999
2584,2014,0.2965
2584,2015,0.3732
2584,2016,0.3766
2584,2017,0.382
2584,2018,0.39860001
2584,2019,0.4048
2584,2020,0.3788
2584,2021,0.38820001
2584,2022,0.4086
2584,2023,0.4127
2584,2024,0.40959999
2584,2025,0.4095
