kommun,year,andel_invbak
0114,2006,0.38429999
0114,2007,0.39030001
0114,2008,0.39700001
0114,2009,0.40329999
0114,2010,0.41159999
0114,2011,0.42300001
0114,2012,0.42930001
0114,2013,0.43849999
0114,2014,0.44639999
0114,2015,0.46000001
0114,2016,0.47620001
0114,2017,0.48710001
0114,2018,0.50139999
0114,2019,0.51749998
0114,2020,0.52850002
0114,2021,0.54049999
0114,2022,0.55610001
0114,2023,0.5668
0114,2024,0.57380003
0114,2025,0.57959998
0115,2006,0.2271
0115,2007,0.23199999
0115,2008,0.23370001
0115,2009,0.2367
0115,2010,0.2403
0115,2011,0.24529999
0115,2012,0.25229999
0115,2013,0.25470001
0115,2014,0.257
0115,2015,0.2608
0115,2016,0.2685
0115,2017,0.27680001
0115,2018,0.28299999
0115,2019,0.29370001
0115,2020,0.29480001
0115,2021,0.30090001
0115,2022,0.31060001
0115,2023,0.3141
0115,2024,0.3179
0115,2025,0.3179
0117,2006,0.2308
0117,2007,0.2331
0117,2008,0.23729999
0117,2009,0.24169999
0117,2010,0.2454
0117,2011,0.25139999
0117,2012,0.25729999
0117,2013,0.26050001
0117,2014,0.266
0117,2015,0.27520001
0117,2016,0.28619999
0117,2017,0.2949
0117,2018,0.3008
0117,2019,0.30540001
0117,2020,0.3107
0117,2021,0.3179
0117,2022,0.32350001
0117,2023,0.32409999
0117,2024,0.32839999
0117,2025,0.32929999
0120,2006,0.2299
0120,2007,0.2322
0120,2008,0.23630001
0120,2009,0.2386
0120,2010,0.2404
0120,2011,0.2436
0120,2012,0.2447
0120,2013,0.2471
0120,2014,0.25220001
0120,2015,0.2545
0120,2016,0.25850001
0120,2017,0.26899999
0120,2018,0.27649999
0120,2019,0.278
0120,2020,0.2807
0120,2021,0.2811
0120,2022,0.28240001
0120,2023,0.2845
0120,2024,0.28690001
0120,2025,0.28729999
0123,2006,0.36829999
0123,2007,0.37970001
0123,2008,0.39039999
0123,2009,0.4012
0123,2010,0.4118
0123,2011,0.42179999
0123,2012,0.4321
0123,2013,0.44240001
0123,2014,0.4562
0123,2015,0.46790001
0123,2016,0.4844
0123,2017,0.50029999
0123,2018,0.5187
0123,2019,0.53310001
0123,2020,0.54839998
0123,2021,0.5643
0123,2022,0.57959998
0123,2023,0.58990002
0123,2024,0.60350001
0123,2025,0.61269999
0125,2006,0.19410001
0125,2007,0.1989
0125,2008,0.20020001
0125,2009,0.205
0125,2010,0.21070001
0125,2011,0.2141
0125,2012,0.22050001
0125,2013,0.2246
0125,2014,0.2295
0125,2015,0.2325
0125,2016,0.2396
0125,2017,0.2471
0125,2018,0.2597
0125,2019,0.26840001
0125,2020,0.2728
0125,2021,0.27379999
0125,2022,0.2771
0125,2023,0.27379999
0125,2024,0.27739999
0125,2025,0.2766
0126,2006,0.3998
0126,2007,0.4082
0126,2008,0.4181
0126,2009,0.42640001
0126,2010,0.43470001
0126,2011,0.44209999
0126,2012,0.45030001
0126,2013,0.45829999
0126,2014,0.46509999
0126,2015,0.47440001
0126,2016,0.4831
0126,2017,0.4921
0126,2018,0.50139999
0126,2019,0.50669998
0126,2020,0.51069999
0126,2021,0.51620001
0126,2022,0.52289999
0126,2023,0.52520001
0126,2024,0.52929997
0126,2025,0.53200001
0127,2006,0.57529998
0127,2007,0.58660001
0127,2008,0.59390002
0127,2009,0.60290003
0127,2010,0.61309999
0127,2011,0.62309998
0127,2012,0.63260001
0127,2013,0.64029998
0127,2014,0.64649999
0127,2015,0.65240002
0127,2016,0.66030002
0127,2017,0.66909999
0127,2018,0.67720002
0127,2019,0.68610001
0127,2020,0.6918
0127,2021,0.69669998
0127,2022,0.70039999
0127,2023,0.7051
0127,2024,0.70990002
0127,2025,0.7141
0128,2006,0.2843
0128,2007,0.29120001
0128,2008,0.29539999
0128,2009,0.30180001
0128,2010,0.30779999
0128,2011,0.31299999
0128,2012,0.32089999
0128,2013,0.3292
0128,2014,0.3396
0128,2015,0.35370001
0128,2016,0.366
0128,2017,0.37920001
0128,2018,0.38839999
0128,2019,0.39770001
0128,2020,0.41080001
0128,2021,0.4242
0128,2022,0.4341
0128,2023,0.44389999
0128,2024,0.45100001
0128,2025,0.45879999
0136,2006,0.35299999
0136,2007,0.3619
0136,2008,0.3712
0136,2009,0.37909999
0136,2010,0.38600001
0136,2011,0.39469999
0136,2012,0.4021
0136,2013,0.4077
0136,2014,0.41659999
0136,2015,0.4242
0136,2016,0.43579999
0136,2017,0.44690001
0136,2018,0.456
0136,2019,0.4666
0136,2020,0.47350001
0136,2021,0.48280001
0136,2022,0.49160001
0136,2023,0.49959999
0136,2024,0.50569999
0136,2025,0.50910002
0138,2006,0.27900001
0138,2007,0.28279999
0138,2008,0.28600001
0138,2009,0.28920001
0138,2010,0.2931
0138,2011,0.29570001
0138,2012,0.29890001
0138,2013,0.30270001
0138,2014,0.30540001
0138,2015,0.31209999
0138,2016,0.31760001
0138,2017,0.3233
0138,2018,0.33230001
0138,2019,0.33739999
0138,2020,0.33989999
0138,2021,0.3441
0138,2022,0.34940001
0138,2023,0.35089999
0138,2024,0.3531
0138,2025,0.35589999
0139,2006,0.34490001
0139,2007,0.3522
0139,2008,0.36410001
0139,2009,0.3725
0139,2010,0.38080001
0139,2011,0.38909999
0139,2012,0.39449999
0139,2013,0.40189999
0139,2014,0.4109
0139,2015,0.4215
0139,2016,0.43430001
0139,2017,0.44749999
0139,2018,0.46880001
0139,2019,0.48629999
0139,2020,0.50080001
0139,2021,0.5176
0139,2022,0.53509998
0139,2023,0.54809999
0139,2024,0.5571
0139,2025,0.56569999
0140,2006,0.2395
0140,2007,0.24259999
0140,2008,0.24420001
0140,2009,0.24609999
0140,2010,0.2431
0140,2011,0.2436
0140,2012,0.24519999
0140,2013,0.2485
0140,2014,0.25170001
0140,2015,0.2534
0140,2016,0.2597
0140,2017,0.2674
0140,2018,0.27039999
0140,2019,0.27500001
0140,2020,0.28060001
0140,2021,0.28920001
0140,2022,0.30140001
0140,2023,0.31580001
0140,2024,0.32049999
0140,2025,0.32390001
0160,2006,0.25889999
0160,2007,0.26109999
0160,2008,0.26480001
0160,2009,0.2705
0160,2010,0.2748
0160,2011,0.28029999
0160,2012,0.2845
0160,2013,0.289
0160,2014,0.2956
0160,2015,0.30160001
0160,2016,0.30860001
0160,2017,0.31740001
0160,2018,0.32589999
0160,2019,0.33180001
0160,2020,0.33750001
0160,2021,0.34400001
0160,2022,0.3511
0160,2023,0.35859999
0160,2024,0.36309999
0160,2025,0.36570001
0162,2006,0.2422
0162,2007,0.2472
0162,2008,0.249
0162,2009,0.25409999
0162,2010,0.2577
0162,2011,0.26140001
0162,2012,0.2631
0162,2013,0.2687
0162,2014,0.27309999
0162,2015,0.27770001
0162,2016,0.28470001
0162,2017,0.29229999
0162,2018,0.29929999
0162,2019,0.30250001
0162,2020,0.30430001
0162,2021,0.3087
0162,2022,0.3132
0162,2023,0.31330001
0162,2024,0.31580001
0162,2025,0.31729999
0163,2006,0.31690001
0163,2007,0.32409999
0163,2008,0.3301
0163,2009,0.3396
0163,2010,0.3495
0163,2011,0.35879999
0163,2012,0.36669999
0163,2013,0.37560001
0163,2014,0.38569999
0163,2015,0.39320001
0163,2016,0.40529999
0163,2017,0.41819999
0163,2018,0.4287
0163,2019,0.44119999
0163,2020,0.44620001
0163,2021,0.4578
0163,2022,0.47099999
0163,2023,0.4808
0163,2024,0.4905
0163,2025,0.4966
0180,2006,0.3603
0180,2007,0.3673
0180,2008,0.3739
0180,2009,0.3818
0180,2010,0.38800001
0180,2011,0.39520001
0180,2012,0.40130001
0180,2013,0.40650001
0180,2014,0.4118
0180,2015,0.41690001
0180,2016,0.42309999
0180,2017,0.43059999
0180,2018,0.4368
0180,2019,0.44229999
0180,2020,0.4447
0180,2021,0.4492
0180,2022,0.4542
0180,2023,0.456
0180,2024,0.4589
0180,2025,0.46070001
0181,2006,0.46529999
0181,2007,0.4822
0181,2008,0.4962
0181,2009,0.50959998
0181,2010,0.52219999
0181,2011,0.53570002
0181,2012,0.5492
0181,2013,0.5632
0181,2014,0.57789999
0181,2015,0.59009999
0181,2016,0.6006
0181,2017,0.61180001
0181,2018,0.62379998
0181,2019,0.63569999
0181,2020,0.64679998
0181,2021,0.65600002
0181,2022,0.66640002
0181,2023,0.67339998
0181,2024,0.67869997
0181,2025,0.68279999
0182,2006,0.30840001
0182,2007,0.31200001
0182,2008,0.3152
0182,2009,0.3193
0182,2010,0.32339999
0182,2011,0.32730001
0182,2012,0.3317
0182,2013,0.3337
0182,2014,0.33770001
0182,2015,0.34220001
0182,2016,0.34799999
0182,2017,0.35589999
0182,2018,0.36129999
0182,2019,0.36210001
0182,2020,0.36219999
0182,2021,0.36559999
0182,2022,0.3689
0182,2023,0.3716
0182,2024,0.37540001
0182,2025,0.37819999
0183,2006,0.38929999
0183,2007,0.4039
0183,2008,0.4138
0183,2009,0.42609999
0183,2010,0.43650001
0183,2011,0.44600001
0183,2012,0.45730001
0183,2013,0.46849999
0183,2014,0.47530001
0183,2015,0.48679999
0183,2016,0.49829999
0183,2017,0.50779998
0183,2018,0.51630002
0183,2019,0.52770001
0183,2020,0.53430003
0183,2021,0.54159999
0183,2022,0.5535
0183,2023,0.5632
0183,2024,0.56800002
0183,2025,0.57370001
0184,2006,0.3689
0184,2007,0.37850001
0184,2008,0.39050001
0184,2009,0.40279999
0184,2010,0.41209999
0184,2011,0.42340001
0184,2012,0.43200001
0184,2013,0.4391
0184,2014,0.4492
0184,2015,0.4598
0184,2016,0.4718
0184,2017,0.48500001
0184,2018,0.4957
0184,2019,0.5054
0184,2020,0.51539999
0184,2021,0.5291
0184,2022,0.54000002
0184,2023,0.5456
0184,2024,0.54939997
0184,2025,0.55440003
0186,2006,0.25060001
0186,2007,0.25510001
0186,2008,0.25920001
0186,2009,0.2656
0186,2010,0.27039999
0186,2011,0.27579999
0186,2012,0.2802
0186,2013,0.2868
0186,2014,0.29159999
0186,2015,0.2983
0186,2016,0.30849999
0186,2017,0.3136
0186,2018,0.3195
0186,2019,0.32440001
0186,2020,0.3238
0186,2021,0.32550001
0186,2022,0.3294
0186,2023,0.33149999
0186,2024,0.33309999
0186,2025,0.3321
0187,2006,0.1917
0187,2007,0.19220001
0187,2008,0.1979
0187,2009,0.2005
0187,2010,0.2059
0187,2011,0.20919999
0187,2012,0.2115
0187,2013,0.2142
0187,2014,0.21520001
0187,2015,0.2165
0187,2016,0.2191
0187,2017,0.2242
0187,2018,0.23
0187,2019,0.23010001
0187,2020,0.2277
0187,2021,0.22750001
0187,2022,0.22930001
0187,2023,0.2287
0187,2024,0.23109999
0187,2025,0.23199999
0188,2006,0.17910001
0188,2007,0.1825
0188,2008,0.1865
0188,2009,0.189
0188,2010,0.19159999
0188,2011,0.1945
0188,2012,0.19750001
0188,2013,0.2017
0188,2014,0.2066
0188,2015,0.2139
0188,2016,0.22059999
0188,2017,0.2289
0188,2018,0.23540001
0188,2019,0.24089999
0188,2020,0.24600001
0188,2021,0.2472
0188,2022,0.2516
0188,2023,0.25389999
0188,2024,0.25760001
0188,2025,0.2579
0191,2006,0.36970001
0191,2007,0.3779
0191,2008,0.3883
0191,2009,0.40200001
0191,2010,0.4136
0191,2011,0.428
0191,2012,0.4434
0191,2013,0.45680001
0191,2014,0.4716
0191,2015,0.48750001
0191,2016,0.50370002
0191,2017,0.51999998
0191,2018,0.537
0191,2019,0.54979998
0191,2020,0.56410003
0191,2021,0.57380003
0191,2022,0.58789998
0191,2023,0.59670001
0191,2024,0.60369998
0191,2025,0.61040002
0192,2006,0.213
0192,2007,0.21969999
0192,2008,0.226
0192,2009,0.2339
0192,2010,0.2412
0192,2011,0.2491
0192,2012,0.25709999
0192,2013,0.2667
0192,2014,0.2701
0192,2015,0.28040001
0192,2016,0.2881
0192,2017,0.29890001
0192,2018,0.30790001
0192,2019,0.3179
0192,2020,0.32499999
0192,2021,0.33579999
0192,2022,0.34549999
0192,2023,0.3515
0192,2024,0.35730001
0192,2025,0.35640001
0305,2006,0.2518
0305,2007,0.25740001
0305,2008,0.26100001
0305,2009,0.26530001
0305,2010,0.26809999
0305,2011,0.2701
0305,2012,0.27309999
0305,2013,0.2753
0305,2014,0.2762
0305,2015,0.27950001
0305,2016,0.2877
0305,2017,0.2965
0305,2018,0.3046
0305,2019,0.31040001
0305,2020,0.3114
0305,2021,0.31549999
0305,2022,0.32260001
0305,2023,0.32820001
0305,2024,0.3339
0305,2025,0.34259999
0319,2006,0.1655
0319,2007,0.16580001
0319,2008,0.17460001
0319,2009,0.18000001
0319,2010,0.1838
0319,2011,0.19069999
0319,2012,0.1947
0319,2013,0.1969
0319,2014,0.2071
0319,2015,0.2237
0319,2016,0.2422
0319,2017,0.2448
0319,2018,0.25260001
0319,2019,0.25350001
0319,2020,0.25220001
0319,2021,0.25350001
0319,2022,0.25670001
0319,2023,0.2545
0319,2024,0.25830001
0319,2025,0.25889999
0330,2006,0.1912
0330,2007,0.1955
0330,2008,0.1982
0330,2009,0.20029999
0330,2010,0.20290001
0330,2011,0.20649999
0330,2012,0.2111
0330,2013,0.21529999
0330,2014,0.22
0330,2015,0.2334
0330,2016,0.242
0330,2017,0.25650001
0330,2018,0.2687
0330,2019,0.27320001
0330,2020,0.2811
0330,2021,0.29370001
0330,2022,0.30270001
0330,2023,0.31389999
0330,2024,0.32319999
0330,2025,0.3335
0331,2006,0.14120001
0331,2007,0.1468
0331,2008,0.15009999
0331,2009,0.1576
0331,2010,0.1621
0331,2011,0.1662
0331,2012,0.1672
0331,2013,0.17380001
0331,2014,0.1805
0331,2015,0.18799999
0331,2016,0.1955
0331,2017,0.2023
0331,2018,0.20819999
0331,2019,0.2164
0331,2020,0.2176
0331,2021,0.2242
0331,2022,0.2309
0331,2023,0.23289999
0331,2024,0.2349
0331,2025,0.2343
0360,2006,0.12540001
0360,2007,0.1328
0360,2008,0.139
0360,2009,0.1437
0360,2010,0.1494
0360,2011,0.15620001
0360,2012,0.162
0360,2013,0.1679
0360,2014,0.176
0360,2015,0.1876
0360,2016,0.1973
0360,2017,0.2086
0360,2018,0.21709999
0360,2019,0.2199
0360,2020,0.2262
0360,2021,0.2305
0360,2022,0.23010001
0360,2023,0.22849999
0360,2024,0.228
0360,2025,0.22840001
0380,2006,0.2572
0380,2007,0.26289999
0380,2008,0.27039999
0380,2009,0.278
0380,2010,0.28560001
0380,2011,0.2904
0380,2012,0.2947
0380,2013,0.301
0380,2014,0.3062
0380,2015,0.31420001
0380,2016,0.32600001
0380,2017,0.34009999
0380,2018,0.3515
0380,2019,0.36129999
0380,2020,0.36700001
0380,2021,0.37360001
0380,2022,0.38119999
0380,2023,0.38479999
0380,2024,0.38839999
0380,2025,0.3899
0381,2006,0.1851
0381,2007,0.19059999
0381,2008,0.1947
0381,2009,0.2005
0381,2010,0.20460001
0381,2011,0.20819999
0381,2012,0.2106
0381,2013,0.2181
0381,2014,0.22409999
0381,2015,0.2343
0381,2016,0.2484
0381,2017,0.25799999
0381,2018,0.26719999
0381,2019,0.27630001
0381,2020,0.28600001
0381,2021,0.296
0381,2022,0.30160001
0381,2023,0.3053
0381,2024,0.3075
0381,2025,0.30919999
0382,2006,0.1375
0382,2007,0.13959999
0382,2008,0.1437
0382,2009,0.14830001
0382,2010,0.153
0382,2011,0.1566
0382,2012,0.1561
0382,2013,0.1586
0382,2014,0.16159999
0382,2015,0.1657
0382,2016,0.17290001
0382,2017,0.1768
0382,2018,0.1805
0382,2019,0.1822
0382,2020,0.18260001
0382,2021,0.1876
0382,2022,0.1901
0382,2023,0.19059999
0382,2024,0.1927
0382,2025,0.1948
0428,2006,0.1452
0428,2007,0.14929999
0428,2008,0.15090001
0428,2009,0.1582
0428,2010,0.1604
0428,2011,0.1666
0428,2012,0.1745
0428,2013,0.1917
0428,2014,0.2025
0428,2015,0.20559999
0428,2016,0.21870001
0428,2017,0.2332
0428,2018,0.23980001
0428,2019,0.2423
0428,2020,0.24699999
0428,2021,0.2445
0428,2022,0.24439999
0428,2023,0.24330001
0428,2024,0.23899999
0428,2025,0.23710001
0461,2006,0.1696
0461,2007,0.17749999
0461,2008,0.1842
0461,2009,0.189
0461,2010,0.1947
0461,2011,0.19769999
0461,2012,0.2027
0461,2013,0.2076
0461,2014,0.21619999
0461,2015,0.2245
0461,2016,0.23360001
0461,2017,0.2397
0461,2018,0.2446
0461,2019,0.25119999
0461,2020,0.25729999
0461,2021,0.2579
0461,2022,0.26249999
0461,2023,0.2658
0461,2024,0.2719
0461,2025,0.27000001
0480,2006,0.1787
0480,2007,0.185
0480,2008,0.1883
0480,2009,0.1946
0480,2010,0.2007
0480,2011,0.2051
0480,2012,0.2104
0480,2013,0.2207
0480,2014,0.22849999
0480,2015,0.23980001
0480,2016,0.2507
0480,2017,0.26019999
0480,2018,0.2687
0480,2019,0.27649999
0480,2020,0.28349999
0480,2021,0.28870001
0480,2022,0.29319999
0480,2023,0.29629999
0480,2024,0.30039999
0480,2025,0.3021
0481,2006,0.26179999
0481,2007,0.26120001
0481,2008,0.2642
0481,2009,0.26859999
0481,2010,0.26910001
0481,2011,0.27610001
0481,2012,0.28009999
0481,2013,0.28889999
0481,2014,0.30430001
0481,2015,0.32030001
0481,2016,0.3391
0481,2017,0.3459
0481,2018,0.3549
0481,2019,0.3576
0481,2020,0.35929999
0481,2021,0.3619
0481,2022,0.36109999
0481,2023,0.35870001
0481,2024,0.35769999
0481,2025,0.35409999
0482,2006,0.2189
0482,2007,0.2236
0482,2008,0.2309
0482,2009,0.24150001
0482,2010,0.2502
0482,2011,0.26230001
0482,2012,0.26980001
0482,2013,0.28709999
0482,2014,0.3008
0482,2015,0.3177
0482,2016,0.34110001
0482,2017,0.35179999
0482,2018,0.35620001
0482,2019,0.36149999
0482,2020,0.36340001
0482,2021,0.36700001
0482,2022,0.3651
0482,2023,0.35879999
0482,2024,0.3592
0482,2025,0.35910001
0483,2006,0.2052
0483,2007,0.21340001
0483,2008,0.2229
0483,2009,0.2332
0483,2010,0.2421
0483,2011,0.2456
0483,2012,0.2529
0483,2013,0.26320001
0483,2014,0.2744
0483,2015,0.28299999
0483,2016,0.2947
0483,2017,0.30559999
0483,2018,0.31529999
0483,2019,0.32319999
0483,2020,0.3258
0483,2021,0.32859999
0483,2022,0.3294
0483,2023,0.32910001
0483,2024,0.33140001
0483,2025,0.33419999
0484,2006,0.3134
0484,2007,0.32280001
0484,2008,0.33250001
0484,2009,0.34
0484,2010,0.347
0484,2011,0.35600001
0484,2012,0.3653
0484,2013,0.37369999
0484,2014,0.38519999
0484,2015,0.39520001
0484,2016,0.40790001
0484,2017,0.41760001
0484,2018,0.4267
0484,2019,0.43489999
0484,2020,0.43979999
0484,2021,0.4454
0484,2022,0.44949999
0484,2023,0.45230001
0484,2024,0.45460001
0484,2025,0.4562
0486,2006,0.20020001
0486,2007,0.2051
0486,2008,0.2097
0486,2009,0.2141
0486,2010,0.2185
0486,2011,0.2242
0486,2012,0.2281
0486,2013,0.2351
0486,2014,0.2418
0486,2015,0.24699999
0486,2016,0.2568
0486,2017,0.26390001
0486,2018,0.27430001
0486,2019,0.28259999
0486,2020,0.29120001
0486,2021,0.29910001
0486,2022,0.3017
0486,2023,0.30410001
0486,2024,0.3066
0486,2025,0.30809999
0488,2006,0.21080001
0488,2007,0.21439999
0488,2008,0.2183
0488,2009,0.2194
0488,2010,0.222
0488,2011,0.2225
0488,2012,0.2235
0488,2013,0.2307
0488,2014,0.237
0488,2015,0.2404
0488,2016,0.2545
0488,2017,0.25870001
0488,2018,0.26620001
0488,2019,0.27219999
0488,2020,0.2814
0488,2021,0.2836
0488,2022,0.285
0488,2023,0.28690001
0488,2024,0.28819999
0488,2025,0.28529999
0509,2006,0.098300003
0509,2007,0.1056
0509,2008,0.1146
0509,2009,0.1163
0509,2010,0.1188
0509,2011,0.1228
0509,2012,0.1279
0509,2013,0.1339
0509,2014,0.1429
0509,2015,0.14820001
0509,2016,0.1627
0509,2017,0.17200001
0509,2018,0.1781
0509,2019,0.1767
0509,2020,0.18189999
0509,2021,0.1806
0509,2022,0.18340001
0509,2023,0.18359999
0509,2024,0.1848
0509,2025,0.18799999
0512,2006,0.097900003
0512,2007,0.1008
0512,2008,0.106
0512,2009,0.1125
0512,2010,0.116
0512,2011,0.1238
0512,2012,0.1232
0512,2013,0.1388
0512,2014,0.14749999
0512,2015,0.1525
0512,2016,0.1584
0512,2017,0.16500001
0512,2018,0.1688
0512,2019,0.1673
0512,2020,0.16590001
0512,2021,0.1681
0512,2022,0.1724
0512,2023,0.1674
0512,2024,0.17020001
0512,2025,0.16940001
0513,2006,0.091399997
0513,2007,0.093900003
0513,2008,0.097999997
0513,2009,0.1027
0513,2010,0.1059
0513,2011,0.1126
0513,2012,0.118
0513,2013,0.12710001
0513,2014,0.13150001
0513,2015,0.1344
0513,2016,0.13850001
0513,2017,0.14380001
0513,2018,0.1478
0513,2019,0.14910001
0513,2020,0.152
0513,2021,0.15360001
0513,2022,0.1585
0513,2023,0.15880001
0513,2024,0.16069999
0513,2025,0.1617
0560,2006,0.086499996
0560,2007,0.089599997
0560,2008,0.094499998
0560,2009,0.096199997
0560,2010,0.097900003
0560,2011,0.1024
0560,2012,0.1087
0560,2013,0.1194
0560,2014,0.1251
0560,2015,0.12710001
0560,2016,0.1357
0560,2017,0.1462
0560,2018,0.1521
0560,2019,0.1558
0560,2020,0.1524
0560,2021,0.1578
0560,2022,0.1611
0560,2023,0.1646
0560,2024,0.17290001
0560,2025,0.1719
0561,2006,0.089299999
0561,2007,0.089699998
0561,2008,0.090000004
0561,2009,0.092
0561,2010,0.096900001
0561,2011,0.1004
0561,2012,0.1029
0561,2013,0.1054
0561,2014,0.1142
0561,2015,0.1207
0561,2016,0.1268
0561,2017,0.13240001
0561,2018,0.1313
0561,2019,0.1355
0561,2020,0.1353
0561,2021,0.1367
0561,2022,0.14040001
0561,2023,0.14120001
0561,2024,0.14569999
0561,2025,0.1481
0562,2006,0.1909
0562,2007,0.1927
0562,2008,0.1945
0562,2009,0.1971
0562,2010,0.19949999
0562,2011,0.20110001
0562,2012,0.2077
0562,2013,0.2164
0562,2014,0.2256
0562,2015,0.23379999
0562,2016,0.24699999
0562,2017,0.2491
0562,2018,0.257
0562,2019,0.26480001
0562,2020,0.2678
0562,2021,0.273
0562,2022,0.27649999
0562,2023,0.28040001
0562,2024,0.2814
0562,2025,0.28400001
0563,2006,0.092699997
0563,2007,0.096299998
0563,2008,0.1016
0563,2009,0.1064
0563,2010,0.1125
0563,2011,0.1174
0563,2012,0.1197
0563,2013,0.1245
0563,2014,0.1337
0563,2015,0.1534
0563,2016,0.1726
0563,2017,0.1869
0563,2018,0.1929
0563,2019,0.1894
0563,2020,0.1788
0563,2021,0.1734
0563,2022,0.17399999
0563,2023,0.1736
0563,2024,0.17569999
0563,2025,0.1793
0580,2006,0.18619999
0580,2007,0.1956
0580,2008,0.2051
0580,2009,0.2176
0580,2010,0.2256
0580,2011,0.2309
0580,2012,0.2362
0580,2013,0.24259999
0580,2014,0.2492
0580,2015,0.2543
0580,2016,0.26440001
0580,2017,0.2748
0580,2018,0.2841
0580,2019,0.2913
0580,2020,0.296
0580,2021,0.30289999
0580,2022,0.3082
0580,2023,0.3109
0580,2024,0.31220001
0580,2025,0.31459999
0581,2006,0.2397
0581,2007,0.2466
0581,2008,0.25510001
0581,2009,0.26289999
0581,2010,0.2674
0581,2011,0.27110001
0581,2012,0.2784
0581,2013,0.28830001
0581,2014,0.29789999
0581,2015,0.3073
0581,2016,0.3195
0581,2017,0.3285
0581,2018,0.33559999
0581,2019,0.3427
0581,2020,0.34709999
0581,2021,0.35210001
0581,2022,0.35730001
0581,2023,0.36039999
0581,2024,0.3626
0581,2025,0.36430001
0582,2006,0.1026
0582,2007,0.1046
0582,2008,0.1068
0582,2009,0.1072
0582,2010,0.1081
0582,2011,0.1097
0582,2012,0.1119
0582,2013,0.1146
0582,2014,0.1168
0582,2015,0.1207
0582,2016,0.12890001
0582,2017,0.13420001
0582,2018,0.14
0582,2019,0.1455
0582,2020,0.145
0582,2021,0.1471
0582,2022,0.1496
0582,2023,0.15009999
0582,2024,0.1496
0582,2025,0.1469
0583,2006,0.1683
0583,2007,0.1717
0583,2008,0.17550001
0583,2009,0.17900001
0583,2010,0.1816
0583,2011,0.18359999
0583,2012,0.18960001
0583,2013,0.1989
0583,2014,0.2075
0583,2015,0.2189
0583,2016,0.2286
0583,2017,0.236
0583,2018,0.2421
0583,2019,0.2458
0583,2020,0.2494
0583,2021,0.25060001
0583,2022,0.2518
0583,2023,0.25389999
0583,2024,0.25470001
0583,2025,0.2552
0584,2006,0.1012
0584,2007,0.1052
0584,2008,0.1092
0584,2009,0.1096
0584,2010,0.1116
0584,2011,0.1136
0584,2012,0.1156
0584,2013,0.1227
0584,2014,0.1261
0584,2015,0.131
0584,2016,0.1392
0584,2017,0.14669999
0584,2018,0.1521
0584,2019,0.1497
0584,2020,0.1507
0584,2021,0.153
0584,2022,0.1549
0584,2023,0.15710001
0584,2024,0.1636
0584,2025,0.16240001
0586,2006,0.111
0586,2007,0.1153
0586,2008,0.1186
0586,2009,0.1233
0586,2010,0.12819999
0586,2011,0.1329
0586,2012,0.1383
0586,2013,0.1425
0586,2014,0.14839999
0586,2015,0.15710001
0586,2016,0.1666
0586,2017,0.17919999
0586,2018,0.18780001
0586,2019,0.1953
0586,2020,0.19930001
0586,2021,0.2033
0586,2022,0.2105
0586,2023,0.2139
0586,2024,0.2192
0586,2025,0.2228
0604,2006,0.1115
0604,2007,0.1191
0604,2008,0.1319
0604,2009,0.132
0604,2010,0.13609999
0604,2011,0.1445
0604,2012,0.14749999
0604,2013,0.1471
0604,2014,0.1578
0604,2015,0.17039999
0604,2016,0.1831
0604,2017,0.197
0604,2018,0.20290001
0604,2019,0.2071
0604,2020,0.2114
0604,2021,0.2156
0604,2022,0.21250001
0604,2023,0.2164
0604,2024,0.2123
0604,2025,0.21799999
0617,2006,0.29429999
0617,2007,0.30399999
0617,2008,0.31150001
0617,2009,0.3127
0617,2010,0.3179
0617,2011,0.32139999
0617,2012,0.32800001
0617,2013,0.33860001
0617,2014,0.352
0617,2015,0.36199999
0617,2016,0.37020001
0617,2017,0.38069999
0617,2018,0.38600001
0617,2019,0.3897
0617,2020,0.39070001
0617,2021,0.39030001
0617,2022,0.39199999
0617,2023,0.389
0617,2024,0.38659999
0617,2025,0.38749999
0642,2006,0.1452
0642,2007,0.14820001
0642,2008,0.1521
0642,2009,0.1548
0642,2010,0.15809999
0642,2011,0.1602
0642,2012,0.1586
0642,2013,0.1628
0642,2014,0.16850001
0642,2015,0.1762
0642,2016,0.1812
0642,2017,0.1935
0642,2018,0.1962
0642,2019,0.197
0642,2020,0.2053
0642,2021,0.20999999
0642,2022,0.2147
0642,2023,0.21799999
0642,2024,0.2221
0642,2025,0.22390001
0643,2006,0.1199
0643,2007,0.1243
0643,2008,0.1275
0643,2009,0.132
0643,2010,0.13240001
0643,2011,0.13410001
0643,2012,0.13500001
0643,2013,0.13590001
0643,2014,0.1381
0643,2015,0.13940001
0643,2016,0.1451
0643,2017,0.15270001
0643,2018,0.1583
0643,2019,0.1609
0643,2020,0.1628
0643,2021,0.16599999
0643,2022,0.1673
0643,2023,0.17110001
0643,2024,0.1708
0643,2025,0.1688
0662,2006,0.2764
0662,2007,0.28259999
0662,2008,0.2895
0662,2009,0.29409999
0662,2010,0.29730001
0662,2011,0.30000001
0662,2012,0.30579999
0662,2013,0.31380001
0662,2014,0.32080001
0662,2015,0.33899999
0662,2016,0.35589999
0662,2017,0.36790001
0662,2018,0.38100001
0662,2019,0.38949999
0662,2020,0.3937
0662,2021,0.3989
0662,2022,0.40549999
0662,2023,0.40650001
0662,2024,0.41319999
0662,2025,0.414
0665,2006,0.204
0665,2007,0.20999999
0665,2008,0.2163
0665,2009,0.21870001
0665,2010,0.21969999
0665,2011,0.2244
0665,2012,0.2277
0665,2013,0.2313
0665,2014,0.23729999
0665,2015,0.2463
0665,2016,0.25749999
0665,2017,0.2647
0665,2018,0.27070001
0665,2019,0.27919999
0665,2020,0.28799999
0665,2021,0.28799999
0665,2022,0.2976
0665,2023,0.30070001
0665,2024,0.3039
0665,2025,0.30599999
0680,2006,0.21250001
0680,2007,0.2207
0680,2008,0.2287
0680,2009,0.23450001
0680,2010,0.23909999
0680,2011,0.2428
0680,2012,0.24789999
0680,2013,0.2545
0680,2014,0.26289999
0680,2015,0.26899999
0680,2016,0.2793
0680,2017,0.28979999
0680,2018,0.2994
0680,2019,0.30899999
0680,2020,0.31490001
0680,2021,0.32210001
0680,2022,0.3303
0680,2023,0.3353
0680,2024,0.34220001
0680,2025,0.34639999
0682,2006,0.145
0682,2007,0.1558
0682,2008,0.1656
0682,2009,0.17129999
0682,2010,0.1768
0682,2011,0.1857
0682,2012,0.19410001
0682,2013,0.2076
0682,2014,0.2251
0682,2015,0.24339999
0682,2016,0.25819999
0682,2017,0.27160001
0682,2018,0.28420001
0682,2019,0.29089999
0682,2020,0.2969
0682,2021,0.30450001
0682,2022,0.31130001
0682,2023,0.31459999
0682,2024,0.31619999
0682,2025,0.31799999
0683,2006,0.2431
0683,2007,0.2498
0683,2008,0.25569999
0683,2009,0.25870001
0683,2010,0.264
0683,2011,0.26750001
0683,2012,0.2739
0683,2013,0.2814
0683,2014,0.2895
0683,2015,0.29660001
0683,2016,0.30840001
0683,2017,0.31659999
0683,2018,0.3238
0683,2019,0.3294
0683,2020,0.3335
0683,2021,0.33840001
0683,2022,0.34200001
0683,2023,0.3434
0683,2024,0.34650001
0683,2025,0.34799999
0684,2006,0.1499
0684,2007,0.15449999
0684,2008,0.16339999
0684,2009,0.1727
0684,2010,0.1781
0684,2011,0.18430001
0684,2012,0.19149999
0684,2013,0.2079
0684,2014,0.229
0684,2015,0.2414
0684,2016,0.25639999
0684,2017,0.2712
0684,2018,0.27939999
0684,2019,0.28380001
0684,2020,0.2868
0684,2021,0.29300001
0684,2022,0.30140001
0684,2023,0.3001
0684,2024,0.301
0684,2025,0.29899999
0685,2006,0.1441
0685,2007,0.153
0685,2008,0.1604
0685,2009,0.16509999
0685,2010,0.1691
0685,2011,0.1733
0685,2012,0.1779
0685,2013,0.18529999
0685,2014,0.1979
0685,2015,0.2102
0685,2016,0.22310001
0685,2017,0.23379999
0685,2018,0.2401
0685,2019,0.24529999
0685,2020,0.25080001
0685,2021,0.25819999
0685,2022,0.26320001
0685,2023,0.26640001
0685,2024,0.27160001
0685,2025,0.27270001
0686,2006,0.1187
0686,2007,0.1236
0686,2008,0.12710001
0686,2009,0.1346
0686,2010,0.1364
0686,2011,0.14210001
0686,2012,0.15180001
0686,2013,0.15970001
0686,2014,0.1692
0686,2015,0.18009999
0686,2016,0.2005
0686,2017,0.2203
0686,2018,0.22939999
0686,2019,0.2324
0686,2020,0.237
0686,2021,0.2406
0686,2022,0.244
0686,2023,0.2413
0686,2024,0.2429
0686,2025,0.2393
0687,2006,0.13609999
0687,2007,0.1445
0687,2008,0.14740001
0687,2009,0.1512
0687,2010,0.15809999
0687,2011,0.16140001
0687,2012,0.1626
0687,2013,0.1727
0687,2014,0.18350001
0687,2015,0.1946
0687,2016,0.2087
0687,2017,0.2236
0687,2018,0.23649999
0687,2019,0.2439
0687,2020,0.24969999
0687,2021,0.24959999
0687,2022,0.25189999
0687,2023,0.2529
0687,2024,0.252
0687,2025,0.25170001
0760,2006,0.1807
0760,2007,0.191
0760,2008,0.1929
0760,2009,0.1988
0760,2010,0.2052
0760,2011,0.2173
0760,2012,0.2341
0760,2013,0.24519999
0760,2014,0.2475
0760,2015,0.2613
0760,2016,0.27739999
0760,2017,0.29350001
0760,2018,0.30720001
0760,2019,0.3168
0760,2020,0.32139999
0760,2021,0.3251
0760,2022,0.32929999
0760,2023,0.3258
0760,2024,0.32519999
0760,2025,0.32069999
0761,2006,0.1921
0761,2007,0.198
0761,2008,0.20819999
0761,2009,0.2159
0761,2010,0.2251
0761,2011,0.22570001
0761,2012,0.2333
0761,2013,0.25490001
0761,2014,0.28979999
0761,2015,0.32409999
0761,2016,0.34540001
0761,2017,0.35429999
0761,2018,0.3669
0761,2019,0.36809999
0761,2020,0.36660001
0761,2021,0.3662
0761,2022,0.36449999
0761,2023,0.36039999
0761,2024,0.36469999
0761,2025,0.35969999
0763,2006,0.13420001
0763,2007,0.1428
0763,2008,0.149
0763,2009,0.154
0763,2010,0.1564
0763,2011,0.16060001
0763,2012,0.16249999
0763,2013,0.1752
0763,2014,0.1869
0763,2015,0.2024
0763,2016,0.21699999
0763,2017,0.2244
0763,2018,0.2304
0763,2019,0.23549999
0763,2020,0.2412
0763,2021,0.2439
0763,2022,0.2525
0763,2023,0.25409999
0763,2024,0.2536
0763,2025,0.25740001
0764,2006,0.1681
0764,2007,0.1779
0764,2008,0.1869
0764,2009,0.19589999
0764,2010,0.2042
0764,2011,0.2146
0764,2012,0.22750001
0764,2013,0.24339999
0764,2014,0.25760001
0764,2015,0.2703
0764,2016,0.28150001
0764,2017,0.29300001
0764,2018,0.30270001
0764,2019,0.3089
0764,2020,0.3152
0764,2021,0.3163
0764,2022,0.32120001
0764,2023,0.31959999
0764,2024,0.3222
0764,2025,0.32080001
0765,2006,0.1759
0765,2007,0.185
0765,2008,0.19660001
0765,2009,0.2057
0765,2010,0.214
0765,2011,0.223
0765,2012,0.233
0765,2013,0.23909999
0765,2014,0.25189999
0765,2015,0.27000001
0765,2016,0.29460001
0765,2017,0.32359999
0765,2018,0.3436
0765,2019,0.354
0765,2020,0.36359999
0765,2021,0.3696
0765,2022,0.38049999
0765,2023,0.37900001
0765,2024,0.37670001
0765,2025,0.37810001
0767,2006,0.2307
0767,2007,0.2395
0767,2008,0.24860001
0767,2009,0.25319999
0767,2010,0.2588
0767,2011,0.2615
0767,2012,0.2687
0767,2013,0.27829999
0767,2014,0.28760001
0767,2015,0.3082
0767,2016,0.32910001
0767,2017,0.34549999
0767,2018,0.35710001
0767,2019,0.3644
0767,2020,0.36919999
0767,2021,0.3716
0767,2022,0.37090001
0767,2023,0.37090001
0767,2024,0.3696
0767,2025,0.37400001
0780,2006,0.20039999
0780,2007,0.2114
0780,2008,0.22139999
0780,2009,0.2325
0780,2010,0.2406
0780,2011,0.2462
0780,2012,0.25130001
0780,2013,0.26100001
0780,2014,0.26989999
0780,2015,0.27649999
0780,2016,0.28670001
0780,2017,0.29629999
0780,2018,0.30590001
0780,2019,0.31439999
0780,2020,0.31850001
0780,2021,0.32550001
0780,2022,0.33230001
0780,2023,0.33430001
0780,2024,0.33840001
0780,2025,0.34259999
0781,2006,0.18780001
0781,2007,0.1974
0781,2008,0.2068
0781,2009,0.21250001
0781,2010,0.2167
0781,2011,0.2221
0781,2012,0.2304
0781,2013,0.23549999
0781,2014,0.24609999
0781,2015,0.255
0781,2016,0.26769999
0781,2017,0.28009999
0781,2018,0.2897
0781,2019,0.29429999
0781,2020,0.29820001
0781,2021,0.3019
0781,2022,0.30899999
0781,2023,0.3118
0781,2024,0.31479999
0781,2025,0.31639999
0821,2006,0.14650001
0821,2007,0.1543
0821,2008,0.16509999
0821,2009,0.1788
0821,2010,0.18279999
0821,2011,0.1921
0821,2012,0.19670001
0821,2013,0.20990001
0821,2014,0.2309
0821,2015,0.259
0821,2016,0.30050001
0821,2017,0.31470001
0821,2018,0.3256
0821,2019,0.3258
0821,2020,0.31670001
0821,2021,0.32120001
0821,2022,0.3326
0821,2023,0.33469999
0821,2024,0.33719999
0821,2025,0.33239999
0834,2006,0.1043
0834,2007,0.1074
0834,2008,0.1142
0834,2009,0.1217
0834,2010,0.1244
0834,2011,0.1236
0834,2012,0.1274
0834,2013,0.133
0834,2014,0.1409
0834,2015,0.15449999
0834,2016,0.1771
0834,2017,0.17470001
0834,2018,0.1789
0834,2019,0.1797
0834,2020,0.1796
0834,2021,0.17659999
0834,2022,0.1805
0834,2023,0.17990001
0834,2024,0.1786
0834,2025,0.1725
0840,2006,0.087899998
0840,2007,0.090499997
0840,2008,0.092
0840,2009,0.098700002
0840,2010,0.1023
0840,2011,0.1052
0840,2012,0.1085
0840,2013,0.1125
0840,2014,0.1179
0840,2015,0.1239
0840,2016,0.1437
0840,2017,0.1442
0840,2018,0.1468
0840,2019,0.14830001
0840,2020,0.14920001
0840,2021,0.1514
0840,2022,0.1524
0840,2023,0.1534
0840,2024,0.1531
0840,2025,0.1541
0860,2006,0.1481
0860,2007,0.1582
0860,2008,0.167
0860,2009,0.1723
0860,2010,0.17640001
0860,2011,0.1829
0860,2012,0.19239999
0860,2013,0.2067
0860,2014,0.2217
0860,2015,0.242
0860,2016,0.28619999
0860,2017,0.29190001
0860,2018,0.28929999
0860,2019,0.29190001
0860,2020,0.2897
0860,2021,0.29440001
0860,2022,0.30430001
0860,2023,0.3055
0860,2024,0.3026
0860,2025,0.30489999
0861,2006,0.1152
0861,2007,0.1185
0861,2008,0.1233
0861,2009,0.1288
0861,2010,0.1313
0861,2011,0.1366
0861,2012,0.14040001
0861,2013,0.1539
0861,2014,0.16599999
0861,2015,0.17739999
0861,2016,0.1982
0861,2017,0.20900001
0861,2018,0.2168
0861,2019,0.2212
0861,2020,0.21950001
0861,2021,0.2165
0861,2022,0.2163
0861,2023,0.214
0861,2024,0.2137
0861,2025,0.2141
0862,2006,0.1692
0862,2007,0.17380001
0862,2008,0.1807
0862,2009,0.18449999
0862,2010,0.18799999
0862,2011,0.1925
0862,2012,0.1946
0862,2013,0.2017
0862,2014,0.21349999
0862,2015,0.22480001
0862,2016,0.25330001
0862,2017,0.26640001
0862,2018,0.28
0862,2019,0.29080001
0862,2020,0.29640001
0862,2021,0.29910001
0862,2022,0.30289999
0862,2023,0.29629999
0862,2024,0.30250001
0862,2025,0.30090001
0880,2006,0.15019999
0880,2007,0.1539
0880,2008,0.1573
0880,2009,0.164
0880,2010,0.1706
0880,2011,0.175
0880,2012,0.1794
0880,2013,0.1839
0880,2014,0.191
0880,2015,0.20119999
0880,2016,0.2103
0880,2017,0.2182
0880,2018,0.2264
0880,2019,0.23459999
0880,2020,0.2414
0880,2021,0.24789999
0880,2022,0.25389999
0880,2023,0.25799999
0880,2024,0.26210001
0880,2025,0.2649
0881,2006,0.1486
0881,2007,0.1533
0881,2008,0.15700001
0881,2009,0.1649
0881,2010,0.1716
0881,2011,0.1789
0881,2012,0.1821
0881,2013,0.18979999
0881,2014,0.2087
0881,2015,0.2203
0881,2016,0.2529
0881,2017,0.2617
0881,2018,0.2676
0881,2019,0.27070001
0881,2020,0.27419999
0881,2021,0.28060001
0881,2022,0.28760001
0881,2023,0.2906
0881,2024,0.29339999
0881,2025,0.294
0882,2006,0.1444
0882,2007,0.1497
0882,2008,0.156
0882,2009,0.161
0882,2010,0.1636
0882,2011,0.1683
0882,2012,0.1725
0882,2013,0.1795
0882,2014,0.1876
0882,2015,0.1962
0882,2016,0.21600001
0882,2017,0.2176
0882,2018,0.2272
0882,2019,0.2325
0882,2020,0.23999999
0882,2021,0.2449
0882,2022,0.2463
0882,2023,0.24789999
0882,2024,0.25189999
0882,2025,0.25330001
0883,2006,0.1194
0883,2007,0.1225
0883,2008,0.12549999
0883,2009,0.12980001
0883,2010,0.1332
0883,2011,0.13590001
0883,2012,0.1408
0883,2013,0.14839999
0883,2014,0.1538
0883,2015,0.162
0883,2016,0.1767
0883,2017,0.1824
0883,2018,0.18799999
0883,2019,0.1904
0883,2020,0.19159999
0883,2021,0.1939
0883,2022,0.1989
0883,2023,0.2006
0883,2024,0.2036
0883,2025,0.2067
0884,2006,0.1048
0884,2007,0.1108
0884,2008,0.1142
0884,2009,0.1202
0884,2010,0.1223
0884,2011,0.127
0884,2012,0.1313
0884,2013,0.13339999
0884,2014,0.13940001
0884,2015,0.1503
0884,2016,0.1673
0884,2017,0.17839999
0884,2018,0.18870001
0884,2019,0.19230001
0884,2020,0.1948
0884,2021,0.1963
0884,2022,0.19859999
0884,2023,0.20110001
0884,2024,0.2034
0884,2025,0.2053
0885,2006,0.0995
0885,2007,0.1047
0885,2008,0.1081
0885,2009,0.1174
0885,2010,0.1177
0885,2011,0.1187
0885,2012,0.13349999
0885,2013,0.1279
0885,2014,0.141
0885,2015,0.1478
0885,2016,0.1732
0885,2017,0.1718
0885,2018,0.17560001
0885,2019,0.17649999
0885,2020,0.1742
0885,2021,0.1762
0885,2022,0.1742
0885,2023,0.1725
0885,2024,0.1758
0885,2025,0.17460001
0980,2006,0.1014
0980,2007,0.1026
0980,2008,0.1051
0980,2009,0.1082
0980,2010,0.1105
0980,2011,0.1125
0980,2012,0.1147
0980,2013,0.117
0980,2014,0.1196
0980,2015,0.1235
0980,2016,0.1328
0980,2017,0.13850001
0980,2018,0.14569999
0980,2019,0.15019999
0980,2020,0.1533
0980,2021,0.15700001
0980,2022,0.1605
0980,2023,0.1626
0980,2024,0.1663
0980,2025,0.16850001
1060,2006,0.2987
1060,2007,0.301
1060,2008,0.30739999
1060,2009,0.31009999
1060,2010,0.31169999
1060,2011,0.31439999
1060,2012,0.32159999
1060,2013,0.32780001
1060,2014,0.34169999
1060,2015,0.35319999
1060,2016,0.37200001
1060,2017,0.37830001
1060,2018,0.38640001
1060,2019,0.3867
1060,2020,0.38519999
1060,2021,0.38370001
1060,2022,0.38280001
1060,2023,0.38420001
1060,2024,0.39140001
1060,2025,0.3955
1080,2006,0.1274
1080,2007,0.13789999
1080,2008,0.147
1080,2009,0.1573
1080,2010,0.1662
1080,2011,0.1696
1080,2012,0.1656
1080,2013,0.1707
1080,2014,0.1787
1080,2015,0.1918
1080,2016,0.20209999
1080,2017,0.208
1080,2018,0.20999999
1080,2019,0.2137
1080,2020,0.214
1080,2021,0.21780001
1080,2022,0.2201
1080,2023,0.2182
1080,2024,0.2192
1080,2025,0.2203
1081,2006,0.1469
1081,2007,0.1543
1081,2008,0.1602
1081,2009,0.16869999
1081,2010,0.1725
1081,2011,0.1696
1081,2012,0.1744
1081,2013,0.182
1081,2014,0.19499999
1081,2015,0.2166
1081,2016,0.23639999
1081,2017,0.25299999
1081,2018,0.26269999
1081,2019,0.26800001
1081,2020,0.26620001
1081,2021,0.26440001
1081,2022,0.2694
1081,2023,0.2701
1081,2024,0.27079999
1081,2025,0.2744
1082,2006,0.1374
1082,2007,0.14040001
1082,2008,0.1446
1082,2009,0.1496
1082,2010,0.1551
1082,2011,0.16069999
1082,2012,0.1675
1082,2013,0.176
1082,2014,0.1859
1082,2015,0.1946
1082,2016,0.2079
1082,2017,0.2165
1082,2018,0.2238
1082,2019,0.2306
1082,2020,0.23370001
1082,2021,0.23800001
1082,2022,0.2411
1082,2023,0.2406
1082,2024,0.24250001
1082,2025,0.2455
1083,2006,0.1487
1083,2007,0.1557
1083,2008,0.1601
1083,2009,0.16500001
1083,2010,0.16859999
1083,2011,0.1705
1083,2012,0.1734
1083,2013,0.17640001
1083,2014,0.1855
1083,2015,0.1936
1083,2016,0.2041
1083,2017,0.2067
1083,2018,0.20819999
1083,2019,0.207
1083,2020,0.20479999
1083,2021,0.20469999
1083,2022,0.2058
1083,2023,0.2066
1083,2024,0.2076
1083,2025,0.20649999
1214,2006,0.19410001
1214,2007,0.2008
1214,2008,0.2054
1214,2009,0.2112
1214,2010,0.2164
1214,2011,0.2202
1214,2012,0.22660001
1214,2013,0.23819999
1214,2014,0.24969999
1214,2015,0.2622
1214,2016,0.2757
1214,2017,0.2852
1214,2018,0.2933
1214,2019,0.3017
1214,2020,0.3057
1214,2021,0.3082
1214,2022,0.31200001
1214,2023,0.317
1214,2024,0.32030001
1214,2025,0.32120001
1230,2006,0.1837
1230,2007,0.19159999
1230,2008,0.19769999
1230,2009,0.20479999
1230,2010,0.20739999
1230,2011,0.2094
1230,2012,0.2131
1230,2013,0.2185
1230,2014,0.22490001
1230,2015,0.22930001
1230,2016,0.2386
1230,2017,0.25
1230,2018,0.25889999
1230,2019,0.27329999
1230,2020,0.28259999
1230,2021,0.29049999
1230,2022,0.30109999
1230,2023,0.30669999
1230,2024,0.31510001
1230,2025,0.3213
1231,2006,0.37329999
1231,2007,0.38949999
1231,2008,0.40700001
1231,2009,0.42390001
1231,2010,0.43509999
1231,2011,0.43959999
1231,2012,0.45089999
1231,2013,0.458
1231,2014,0.4727
1231,2015,0.48390001
1231,2016,0.4939
1231,2017,0.50989997
1231,2018,0.52109998
1231,2019,0.53310001
1231,2020,0.53750002
1231,2021,0.55180001
1231,2022,0.56080002
1231,2023,0.56959999
1231,2024,0.57660002
1231,2025,0.58569998
1233,2006,0.1393
1233,2007,0.14489999
1233,2008,0.1498
1233,2009,0.15360001
1233,2010,0.1564
1233,2011,0.1604
1233,2012,0.1627
1233,2013,0.16580001
1233,2014,0.16940001
1233,2015,0.1745
1233,2016,0.18170001
1233,2017,0.1891
1233,2018,0.19509999
1233,2019,0.1961
1233,2020,0.1989
1233,2021,0.20280001
1233,2022,0.20730001
1233,2023,0.2088
1233,2024,0.2132
1233,2025,0.21610001
1256,2006,0.14210001
1256,2007,0.1426
1256,2008,0.1443
1256,2009,0.1469
1256,2010,0.15539999
1256,2011,0.1592
1256,2012,0.16769999
1256,2013,0.1822
1256,2014,0.1997
1256,2015,0.2245
1256,2016,0.25150001
1256,2017,0.26989999
1256,2018,0.28240001
1256,2019,0.2897
1256,2020,0.29049999
1256,2021,0.29120001
1256,2022,0.2816
1256,2023,0.2789
1256,2024,0.26910001
1256,2025,0.26809999
1257,2006,0.1925
1257,2007,0.2023
1257,2008,0.2036
1257,2009,0.21269999
1257,2010,0.221
1257,2011,0.2265
1257,2012,0.22930001
1257,2013,0.233
1257,2014,0.24089999
1257,2015,0.2516
1257,2016,0.26499999
1257,2017,0.26890001
1257,2018,0.28080001
1257,2019,0.29260001
1257,2020,0.2976
1257,2021,0.30039999
1257,2022,0.29969999
1257,2023,0.3028
1257,2024,0.2983
1257,2025,0.29899999
1260,2006,0.2877
1260,2007,0.2994
1260,2008,0.30840001
1260,2009,0.3168
1260,2010,0.32499999
1260,2011,0.33039999
1260,2012,0.33289999
1260,2013,0.33160001
1260,2014,0.33939999
1260,2015,0.3524
1260,2016,0.36950001
1260,2017,0.38609999
1260,2018,0.396
1260,2019,0.405
1260,2020,0.4127
1260,2021,0.42379999
1260,2022,0.4312
1260,2023,0.4373
1260,2024,0.4413
1260,2025,0.44589999
1261,2006,0.1573
1261,2007,0.1591
1261,2008,0.16159999
1261,2009,0.1653
1261,2010,0.169
1261,2011,0.17219999
1261,2012,0.17399999
1261,2013,0.17560001
1261,2014,0.1811
1261,2015,0.1856
1261,2016,0.1918
1261,2017,0.1991
1261,2018,0.20640001
1261,2019,0.20909999
1261,2020,0.2138
1261,2021,0.2181
1261,2022,0.2234
1261,2023,0.22849999
1261,2024,0.2326
1261,2025,0.2349
1262,2006,0.1388
1262,2007,0.1435
1262,2008,0.1485
1262,2009,0.15109999
1262,2010,0.155
1262,2011,0.1566
1262,2012,0.15979999
1262,2013,0.1621
1262,2014,0.1653
1262,2015,0.1681
1262,2016,0.1754
1262,2017,0.1833
1262,2018,0.19239999
1262,2019,0.1987
1262,2020,0.19949999
1262,2021,0.2014
1262,2022,0.2044
1262,2023,0.2077
1262,2024,0.2122
1262,2025,0.2133
1263,2006,0.1653
1263,2007,0.17039999
1263,2008,0.17470001
1263,2009,0.18080001
1263,2010,0.1841
1263,2011,0.1867
1263,2012,0.1885
1263,2013,0.1911
1263,2014,0.1939
1263,2015,0.2006
1263,2016,0.21170001
1263,2017,0.22059999
1263,2018,0.2298
1263,2019,0.2388
1263,2020,0.2482
1263,2021,0.25659999
1263,2022,0.26249999
1263,2023,0.26710001
1263,2024,0.27200001
1263,2025,0.2746
1264,2006,0.1724
1264,2007,0.1822
1264,2008,0.1866
1264,2009,0.19069999
1264,2010,0.1945
1264,2011,0.19320001
1264,2012,0.1953
1264,2013,0.1996
1264,2014,0.2053
1264,2015,0.2085
1264,2016,0.22139999
1264,2017,0.2339
1264,2018,0.2385
1264,2019,0.2431
1264,2020,0.2454
1264,2021,0.25139999
1264,2022,0.2561
1264,2023,0.2606
1264,2024,0.26589999
1264,2025,0.26930001
1265,2006,0.12970001
1265,2007,0.1367
1265,2008,0.1399
1265,2009,0.1452
1265,2010,0.14920001
1265,2011,0.15270001
1265,2012,0.1558
1265,2013,0.1595
1265,2014,0.1637
1265,2015,0.1665
1265,2016,0.1726
1265,2017,0.1786
1265,2018,0.1822
1265,2019,0.18619999
1265,2020,0.19050001
1265,2021,0.1935
1265,2022,0.1978
1265,2023,0.1999
1265,2024,0.20299999
1265,2025,0.206
1266,2006,0.1452
1266,2007,0.1541
1266,2008,0.163
1266,2009,0.16779999
1266,2010,0.1736
1266,2011,0.1763
1266,2012,0.1813
1266,2013,0.1842
1266,2014,0.1901
1266,2015,0.1953
1266,2016,0.2053
1266,2017,0.21610001
1266,2018,0.21960001
1266,2019,0.2198
1266,2020,0.21870001
1266,2021,0.21960001
1266,2022,0.2234
1266,2023,0.22499999
1266,2024,0.2287
1266,2025,0.23010001
1267,2006,0.1726
1267,2007,0.17820001
1267,2008,0.1841
1267,2009,0.18629999
1267,2010,0.192
1267,2011,0.1961
1267,2012,0.20029999
1267,2013,0.2016
1267,2014,0.20200001
1267,2015,0.2043
1267,2016,0.2102
1267,2017,0.21510001
1267,2018,0.21960001
1267,2019,0.2221
1267,2020,0.2251
1267,2021,0.22409999
1267,2022,0.2273
1267,2023,0.2255
1267,2024,0.2255
1267,2025,0.2316
1270,2006,0.1248
1270,2007,0.13079999
1270,2008,0.13940001
1270,2009,0.14480001
1270,2010,0.14920001
1270,2011,0.152
1270,2012,0.1603
1270,2013,0.16249999
1270,2014,0.1684
1270,2015,0.1804
1270,2016,0.18960001
1270,2017,0.1969
1270,2018,0.2051
1270,2019,0.2133
1270,2020,0.2129
1270,2021,0.2185
1270,2022,0.2221
1270,2023,0.22750001
1270,2024,0.2306
1270,2025,0.2306
1272,2006,0.16240001
1272,2007,0.1683
1272,2008,0.1763
1272,2009,0.1795
1272,2010,0.18430001
1272,2011,0.1947
1272,2012,0.19850001
1272,2013,0.2061
1272,2014,0.21349999
1272,2015,0.22310001
1272,2016,0.2352
1272,2017,0.24429999
1272,2018,0.25850001
1272,2019,0.2649
1272,2020,0.27070001
1272,2021,0.2746
1272,2022,0.2784
1272,2023,0.27700001
1272,2024,0.2809
1272,2025,0.28279999
1273,2006,0.1532
1273,2007,0.1629
1273,2008,0.17290001
1273,2009,0.17649999
1273,2010,0.184
1273,2011,0.1925
1273,2012,0.1962
1273,2013,0.20110001
1273,2014,0.2113
1273,2015,0.2199
1273,2016,0.2368
1273,2017,0.2471
1273,2018,0.2577
1273,2019,0.26109999
1273,2020,0.2647
1273,2021,0.27160001
1273,2022,0.2757
1273,2023,0.27869999
1273,2024,0.2818
1273,2025,0.2818
1275,2006,0.25440001
1275,2007,0.2674
1275,2008,0.27630001
1275,2009,0.28600001
1275,2010,0.29789999
1275,2011,0.30410001
1275,2012,0.30360001
1275,2013,0.31240001
1275,2014,0.32170001
1275,2015,0.32910001
1275,2016,0.3538
1275,2017,0.3592
1275,2018,0.37709999
1275,2019,0.3867
1275,2020,0.3973
1275,2021,0.41260001
1275,2022,0.40810001
1275,2023,0.40990001
1275,2024,0.41119999
1275,2025,0.4138
1276,2006,0.19499999
1276,2007,0.2034
1276,2008,0.2141
1276,2009,0.2234
1276,2010,0.2296
1276,2011,0.23270001
1276,2012,0.23360001
1276,2013,0.2388
1276,2014,0.248
1276,2015,0.25650001
1276,2016,0.27450001
1276,2017,0.2861
1276,2018,0.29769999
1276,2019,0.30500001
1276,2020,0.30849999
1276,2021,0.3114
1276,2022,0.31889999
1276,2023,0.31529999
1276,2024,0.31729999
1276,2025,0.31760001
1277,2006,0.2818
1277,2007,0.29210001
1277,2008,0.30630001
1277,2009,0.31259999
1277,2010,0.3204
1277,2011,0.324
1277,2012,0.33410001
1277,2013,0.3427
1277,2014,0.3515
1277,2015,0.3651
1277,2016,0.3829
1277,2017,0.39919999
1277,2018,0.4052
1277,2019,0.41170001
1277,2020,0.42359999
1277,2021,0.4366
1277,2022,0.44729999
1277,2023,0.4549
1277,2024,0.4601
1277,2025,0.4659
1278,2006,0.1388
1278,2007,0.1437
1278,2008,0.1513
1278,2009,0.1566
1278,2010,0.1631
1278,2011,0.16590001
1278,2012,0.1736
1278,2013,0.1778
1278,2014,0.1864
1278,2015,0.1927
1278,2016,0.20469999
1278,2017,0.2139
1278,2018,0.2194
1278,2019,0.2226
1278,2020,0.2278
1278,2021,0.2309
1278,2022,0.2357
1278,2023,0.2335
1278,2024,0.23559999
1278,2025,0.2375
1280,2006,0.43130001
1280,2007,0.44600001
1280,2008,0.45820001
1280,2009,0.47009999
1280,2010,0.47920001
1280,2011,0.4869
1280,2012,0.49509999
1280,2013,0.50269997
1280,2014,0.50959998
1280,2015,0.51670003
1280,2016,0.5266
1280,2017,0.537
1280,2018,0.5467
1280,2019,0.5546
1280,2020,0.56080002
1280,2021,0.56800002
1280,2022,0.57520002
1280,2023,0.58029997
1280,2024,0.58450001
1280,2025,0.58740002
1281,2006,0.25740001
1281,2007,0.26530001
1281,2008,0.2762
1281,2009,0.28510001
1281,2010,0.29190001
1281,2011,0.2969
1281,2012,0.30270001
1281,2013,0.30950001
1281,2014,0.3168
1281,2015,0.31959999
1281,2016,0.33000001
1281,2017,0.34299999
1281,2018,0.35420001
1281,2019,0.3626
1281,2020,0.36700001
1281,2021,0.3734
1281,2022,0.3788
1281,2023,0.38280001
1281,2024,0.3856
1281,2025,0.38789999
1282,2006,0.35139999
1282,2007,0.36039999
1282,2008,0.37200001
1282,2009,0.37889999
1282,2010,0.38479999
1282,2011,0.3881
1282,2012,0.39449999
1282,2013,0.40380001
1282,2014,0.41209999
1282,2015,0.41960001
1282,2016,0.4278
1282,2017,0.43669999
1282,2018,0.44010001
1282,2019,0.44420001
1282,2020,0.44580001
1282,2021,0.44800001
1282,2022,0.45280001
1282,2023,0.45460001
1282,2024,0.45789999
1282,2025,0.4589
1283,2006,0.29840001
1283,2007,0.30939999
1283,2008,0.31940001
1283,2009,0.32910001
1283,2010,0.33590001
1283,2011,0.34330001
1283,2012,0.35339999
1283,2013,0.361
1283,2014,0.37149999
1283,2015,0.38429999
1283,2016,0.39649999
1283,2017,0.4102
1283,2018,0.4226
1283,2019,0.43309999
1283,2020,0.44170001
1283,2021,0.45100001
1283,2022,0.4601
1283,2023,0.46689999
1283,2024,0.4725
1283,2025,0.47799999
1284,2006,0.17739999
1284,2007,0.18189999
1284,2008,0.18610001
1284,2009,0.19
1284,2010,0.1927
1284,2011,0.1972
1284,2012,0.2018
1284,2013,0.20460001
1284,2014,0.2102
1284,2015,0.2164
1284,2016,0.2253
1284,2017,0.23190001
1284,2018,0.23819999
1284,2019,0.24429999
1284,2020,0.24699999
1284,2021,0.2507
1284,2022,0.2554
1284,2023,0.25639999
1284,2024,0.25979999
1284,2025,0.26190001
1285,2006,0.22130001
1285,2007,0.22759999
1285,2008,0.23459999
1285,2009,0.23980001
1285,2010,0.24590001
1285,2011,0.25279999
1285,2012,0.25600001
1285,2013,0.25979999
1285,2014,0.26879999
1285,2015,0.27669999
1285,2016,0.28850001
1285,2017,0.30090001
1285,2018,0.31110001
1285,2019,0.31959999
1285,2020,0.32960001
1285,2021,0.34150001
1285,2022,0.34999999
1285,2023,0.35499999
1285,2024,0.35980001
1285,2025,0.36500001
1286,2006,0.1365
1286,2007,0.14030001
1286,2008,0.1418
1286,2009,0.14489999
1286,2010,0.1486
1286,2011,0.1514
1286,2012,0.1547
1286,2013,0.1578
1286,2014,0.1604
1286,2015,0.1655
1286,2016,0.17730001
1286,2017,0.18170001
1286,2018,0.1874
1286,2019,0.1899
1286,2020,0.19220001
1286,2021,0.1954
1286,2022,0.1999
1286,2023,0.20119999
1286,2024,0.20379999
1286,2025,0.20460001
1287,2006,0.23379999
1287,2007,0.2394
1287,2008,0.245
1287,2009,0.2518
1287,2010,0.255
1287,2011,0.25929999
1287,2012,0.2633
1287,2013,0.26840001
1287,2014,0.27450001
1287,2015,0.28080001
1287,2016,0.28670001
1287,2017,0.2967
1287,2018,0.30360001
1287,2019,0.30939999
1287,2020,0.31420001
1287,2021,0.31990001
1287,2022,0.32659999
1287,2023,0.3321
1287,2024,0.3348
1287,2025,0.33719999
1290,2006,0.18629999
1290,2007,0.1957
1290,2008,0.2052
1290,2009,0.21520001
1290,2010,0.22390001
1290,2011,0.2309
1290,2012,0.2384
1290,2013,0.24680001
1290,2014,0.25709999
1290,2015,0.26609999
1290,2016,0.27509999
1290,2017,0.2854
1290,2018,0.29300001
1290,2019,0.30230001
1290,2020,0.31009999
1290,2021,0.3152
1290,2022,0.31920001
1290,2023,0.3224
1290,2024,0.32499999
1290,2025,0.3263
1291,2006,0.13169999
1291,2007,0.133
1291,2008,0.1388
1291,2009,0.1444
1291,2010,0.1481
1291,2011,0.1505
1291,2012,0.155
1291,2013,0.1619
1291,2014,0.17200001
1291,2015,0.183
1291,2016,0.2043
1291,2017,0.20640001
1291,2018,0.2086
1291,2019,0.211
1291,2020,0.211
1291,2021,0.2129
1291,2022,0.2154
1291,2023,0.2155
1291,2024,0.21969999
1291,2025,0.22
1292,2006,0.15629999
1292,2007,0.1603
1292,2008,0.16500001
1292,2009,0.1692
1292,2010,0.17470001
1292,2011,0.1796
1292,2012,0.183
1292,2013,0.18880001
1292,2014,0.1944
1292,2015,0.19939999
1292,2016,0.2075
1292,2017,0.21690001
1292,2018,0.22220001
1292,2019,0.2271
1292,2020,0.2295
1292,2021,0.2352
1292,2022,0.23909999
1292,2023,0.2428
1292,2024,0.2467
1292,2025,0.24690001
1293,2006,0.16599999
1293,2007,0.1776
1293,2008,0.1849
1293,2009,0.1895
1293,2010,0.1952
1293,2011,0.20100001
1293,2012,0.2068
1293,2013,0.2131
1293,2014,0.2226
1293,2015,0.2323
1293,2016,0.24600001
1293,2017,0.25580001
1293,2018,0.2633
1293,2019,0.26879999
1293,2020,0.2719
1293,2021,0.27739999
1293,2022,0.2832
1293,2023,0.28709999
1293,2024,0.29069999
1293,2025,0.29350001
1315,2006,0.23119999
1315,2007,0.23450001
1315,2008,0.2484
1315,2009,0.25870001
1315,2010,0.26269999
1315,2011,0.27410001
1315,2012,0.2782
1315,2013,0.28850001
1315,2014,0.30970001
1315,2015,0.33320001
1315,2016,0.36489999
1315,2017,0.3768
1315,2018,0.3784
1315,2019,0.3822
1315,2020,0.3788
1315,2021,0.38010001
1315,2022,0.3784
1315,2023,0.37760001
1315,2024,0.3777
1315,2025,0.37670001
1380,2006,0.23280001
1380,2007,0.2384
1380,2008,0.2439
1380,2009,0.2489
1380,2010,0.25350001
1380,2011,0.2568
1380,2012,0.26199999
1380,2013,0.26789999
1380,2014,0.27770001
1380,2015,0.28740001
1380,2016,0.29750001
1380,2017,0.3062
1380,2018,0.31560001
1380,2019,0.324
1380,2020,0.3303
1380,2021,0.3371
1380,2022,0.3441
1380,2023,0.34779999
1380,2024,0.35170001
1380,2025,0.35370001
1381,2006,0.147
1381,2007,0.1533
1381,2008,0.1582
1381,2009,0.1628
1381,2010,0.1693
1381,2011,0.17209999
1381,2012,0.1743
1381,2013,0.1779
1381,2014,0.19069999
1381,2015,0.2053
1381,2016,0.2184
1381,2017,0.2299
1381,2018,0.237
1381,2019,0.24420001
1381,2020,0.24529999
1381,2021,0.2441
1381,2022,0.2492
1381,2023,0.2491
1381,2024,0.25189999
1381,2025,0.2534
1382,2006,0.1728
1382,2007,0.1786
1382,2008,0.1839
1382,2009,0.18719999
1382,2010,0.1921
1382,2011,0.1955
1382,2012,0.1996
1382,2013,0.20819999
1382,2014,0.2142
1382,2015,0.22400001
1382,2016,0.2394
1382,2017,0.243
1382,2018,0.2494
1382,2019,0.2561
1382,2020,0.26140001
1382,2021,0.26530001
1382,2022,0.26660001
1382,2023,0.26820001
1382,2024,0.27000001
1382,2025,0.2694
1383,2006,0.1473
1383,2007,0.1514
1383,2008,0.15449999
1383,2009,0.16
1383,2010,0.164
1383,2011,0.16689999
1383,2012,0.17
1383,2013,0.175
1383,2014,0.17820001
1383,2015,0.18269999
1383,2016,0.18889999
1383,2017,0.19490001
1383,2018,0.2005
1383,2019,0.2058
1383,2020,0.2096
1383,2021,0.213
1383,2022,0.2164
1383,2023,0.21789999
1383,2024,0.22040001
1383,2025,0.2221
1384,2006,0.1417
1384,2007,0.1429
1384,2008,0.1443
1384,2009,0.1468
1384,2010,0.14910001
1384,2011,0.1523
1384,2012,0.1548
1384,2013,0.15800001
1384,2014,0.16060001
1384,2015,0.16429999
1384,2016,0.1689
1384,2017,0.17659999
1384,2018,0.1832
1384,2019,0.1875
1384,2020,0.1902
1384,2021,0.1921
1384,2022,0.1956
1384,2023,0.1963
1384,2024,0.1978
1384,2025,0.1997
1401,2006,0.20110001
1401,2007,0.20469999
1401,2008,0.207
1401,2009,0.2067
1401,2010,0.20919999
1401,2011,0.21070001
1401,2012,0.212
1401,2013,0.2149
1401,2014,0.21600001
1401,2015,0.2192
1401,2016,0.2261
1401,2017,0.23199999
1401,2018,0.24070001
1401,2019,0.2436
1401,2020,0.2482
1401,2021,0.25659999
1401,2022,0.26480001
1401,2023,0.26719999
1401,2024,0.2714
1401,2025,0.2726
1402,2006,0.25760001
1402,2007,0.26069999
1402,2008,0.26620001
1402,2009,0.2726
1402,2010,0.2753
1402,2011,0.2771
1402,2012,0.28279999
1402,2013,0.287
1402,2014,0.29249999
1402,2015,0.30140001
1402,2016,0.31099999
1402,2017,0.32229999
1402,2018,0.33309999
1402,2019,0.34470001
1402,2020,0.35510001
1402,2021,0.3642
1402,2022,0.37380001
1402,2023,0.3813
1402,2024,0.3854
1402,2025,0.3908
1407,2006,0.103
1407,2007,0.104
1407,2008,0.1073
1407,2009,0.108
1407,2010,0.1096
1407,2011,0.1098
1407,2012,0.1122
1407,2013,0.115
1407,2014,0.1178
1407,2015,0.1208
1407,2016,0.1286
1407,2017,0.1374
1407,2018,0.1452
1407,2019,0.14669999
1407,2020,0.145
1407,2021,0.14659999
1407,2022,0.14560001
1407,2023,0.145
1407,2024,0.1435
1407,2025,0.145
1415,2006,0.1664
1415,2007,0.1696
1415,2008,0.17290001
1415,2009,0.1741
1415,2010,0.1767
1415,2011,0.1813
1415,2012,0.18179999
1415,2013,0.18430001
1415,2014,0.1869
1415,2015,0.1919
1415,2016,0.1992
1415,2017,0.20730001
1415,2018,0.21349999
1415,2019,0.21780001
1415,2020,0.2194
1415,2021,0.2243
1415,2022,0.2265
1415,2023,0.22579999
1415,2024,0.23
1415,2025,0.2291
1419,2006,0.1229
1419,2007,0.1231
1419,2008,0.1237
1419,2009,0.1287
1419,2010,0.127
1419,2011,0.1302
1419,2012,0.1346
1419,2013,0.13950001
1419,2014,0.1426
1419,2015,0.1455
1419,2016,0.1516
1419,2017,0.1576
1419,2018,0.1649
1419,2019,0.1696
1419,2020,0.17309999
1419,2021,0.17479999
1419,2022,0.17900001
1419,2023,0.1771
1419,2024,0.1779
1419,2025,0.1787
1421,2006,0.1137
1421,2007,0.1181
1421,2008,0.1197
1421,2009,0.1251
1421,2010,0.12540001
1421,2011,0.1275
1421,2012,0.1311
1421,2013,0.1338
1421,2014,0.1382
1421,2015,0.1426
1421,2016,0.1499
1421,2017,0.1561
1421,2018,0.15889999
1421,2019,0.1635
1421,2020,0.16779999
1421,2021,0.1693
1421,2022,0.17399999
1421,2023,0.17820001
1421,2024,0.1802
1421,2025,0.1822
1427,2006,0.1354
1427,2007,0.1388
1427,2008,0.1401
1427,2009,0.1472
1427,2010,0.1488
1427,2011,0.1512
1427,2012,0.1574
1427,2013,0.1591
1427,2014,0.15899999
1427,2015,0.1611
1427,2016,0.1718
1427,2017,0.1772
1427,2018,0.1842
1427,2019,0.1911
1427,2020,0.1901
1427,2021,0.1917
1427,2022,0.1963
1427,2023,0.1979
1427,2024,0.2026
1427,2025,0.20200001
1430,2006,0.1371
1430,2007,0.1425
1430,2008,0.1461
1430,2009,0.1503
1430,2010,0.1513
1430,2011,0.15880001
1430,2012,0.15970001
1430,2013,0.1645
1430,2014,0.1735
1430,2015,0.1785
1430,2016,0.19679999
1430,2017,0.20100001
1430,2018,0.2066
1430,2019,0.2086
1430,2020,0.2159
1430,2021,0.215
1430,2022,0.21359999
1430,2023,0.21529999
1430,2024,0.20909999
1430,2025,0.2112
1435,2006,0.15009999
1435,2007,0.154
1435,2008,0.1582
1435,2009,0.16329999
1435,2010,0.1699
1435,2011,0.17389999
1435,2012,0.1754
1435,2013,0.1777
1435,2014,0.1813
1435,2015,0.18619999
1435,2016,0.1974
1435,2017,0.2097
1435,2018,0.2167
1435,2019,0.2181
1435,2020,0.2159
1435,2021,0.2166
1435,2022,0.21960001
1435,2023,0.2194
1435,2024,0.2194
1435,2025,0.2177
1438,2006,0.22480001
1438,2007,0.2253
1438,2008,0.22840001
1438,2009,0.22400001
1438,2010,0.2251
1438,2011,0.2281
1438,2012,0.2277
1438,2013,0.2427
1438,2014,0.24429999
1438,2015,0.25279999
1438,2016,0.25999999
1438,2017,0.25740001
1438,2018,0.2649
1438,2019,0.26300001
1438,2020,0.25560001
1438,2021,0.25819999
1438,2022,0.252
1438,2023,0.25510001
1438,2024,0.25420001
1438,2025,0.2597
1439,2006,0.13249999
1439,2007,0.1407
1439,2008,0.14669999
1439,2009,0.1541
1439,2010,0.1613
1439,2011,0.1673
1439,2012,0.16769999
1439,2013,0.17030001
1439,2014,0.16949999
1439,2015,0.1813
1439,2016,0.2001
1439,2017,0.2016
1439,2018,0.205
1439,2019,0.21070001
1439,2020,0.21349999
1439,2021,0.21160001
1439,2022,0.2071
1439,2023,0.20550001
1439,2024,0.2036
1439,2025,0.2006
1440,2006,0.243
1440,2007,0.2489
1440,2008,0.2538
1440,2009,0.25760001
1440,2010,0.25929999
1440,2011,0.26440001
1440,2012,0.2678
1440,2013,0.27239999
1440,2014,0.27860001
1440,2015,0.2834
1440,2016,0.294
1440,2017,0.30720001
1440,2018,0.31729999
1440,2019,0.3272
1440,2020,0.3348
1440,2021,0.3414
1440,2022,0.35170001
1440,2023,0.3556
1440,2024,0.36109999
1440,2025,0.36629999
1441,2006,0.18260001
1441,2007,0.1866
1441,2008,0.1882
1441,2009,0.1908
1441,2010,0.19220001
1441,2011,0.19410001
1441,2012,0.197
1441,2013,0.1982
1441,2014,0.20110001
1441,2015,0.2053
1441,2016,0.211
1441,2017,0.22040001
1441,2018,0.2265
1441,2019,0.2315
1441,2020,0.234
1441,2021,0.2377
1441,2022,0.23989999
1441,2023,0.2423
1441,2024,0.2419
1441,2025,0.2428
1442,2006,0.1629
1442,2007,0.1689
1442,2008,0.17389999
1442,2009,0.1758
1442,2010,0.17560001
1442,2011,0.1772
1442,2012,0.1797
1442,2013,0.1848
1442,2014,0.1913
1442,2015,0.1962
1442,2016,0.20819999
1442,2017,0.2165
1442,2018,0.2254
1442,2019,0.2335
1442,2020,0.24160001
1442,2021,0.24969999
1442,2022,0.252
1442,2023,0.2543
1442,2024,0.25999999
1442,2025,0.26069999
1443,2006,0.15790001
1443,2007,0.1602
1443,2008,0.16670001
1443,2009,0.1698
1443,2010,0.17299999
1443,2011,0.17290001
1443,2012,0.1754
1443,2013,0.17919999
1443,2014,0.1842
1443,2015,0.1895
1443,2016,0.1965
1443,2017,0.20550001
1443,2018,0.21259999
1443,2019,0.21870001
1443,2020,0.2165
1443,2021,0.2201
1443,2022,0.2193
1443,2023,0.21960001
1443,2024,0.22660001
1443,2025,0.22579999
1444,2006,0.1088
1444,2007,0.114
1444,2008,0.1179
1444,2009,0.1226
1444,2010,0.1205
1444,2011,0.1203
1444,2012,0.1247
1444,2013,0.1261
1444,2014,0.1286
1444,2015,0.1327
1444,2016,0.13850001
1444,2017,0.1407
1444,2018,0.1428
1444,2019,0.1469
1444,2020,0.14579999
1444,2021,0.1478
1444,2022,0.1479
1444,2023,0.14740001
1444,2024,0.1532
1444,2025,0.15440001
1445,2006,0.1103
1445,2007,0.1123
1445,2008,0.1163
1445,2009,0.12710001
1445,2010,0.1305
1445,2011,0.1318
1445,2012,0.1381
1445,2013,0.1425
1445,2014,0.14480001
1445,2015,0.1514
1445,2016,0.15700001
1445,2017,0.15899999
1445,2018,0.1663
1445,2019,0.17479999
1445,2020,0.1779
1445,2021,0.17839999
1445,2022,0.1824
1445,2023,0.17739999
1445,2024,0.18000001
1445,2025,0.1805
1446,2006,0.076300003
1446,2007,0.083099999
1446,2008,0.086300001
1446,2009,0.0911
1446,2010,0.094800003
1446,2011,0.094899997
1446,2012,0.097499996
1446,2013,0.108
1446,2014,0.1135
1446,2015,0.1208
1446,2016,0.1425
1446,2017,0.1496
1446,2018,0.1513
1446,2019,0.1486
1446,2020,0.149
1446,2021,0.15019999
1446,2022,0.1552
1446,2023,0.1582
1446,2024,0.15459999
1446,2025,0.1565
1447,2006,0.1486
1447,2007,0.15360001
1447,2008,0.1644
1447,2009,0.1681
1447,2010,0.1763
1447,2011,0.18430001
1447,2012,0.1957
1447,2013,0.20209999
1447,2014,0.22229999
1447,2015,0.22679999
1447,2016,0.24779999
1447,2017,0.2489
1447,2018,0.25819999
1447,2019,0.26089999
1447,2020,0.26320001
1447,2021,0.26899999
1447,2022,0.26620001
1447,2023,0.2647
1447,2024,0.26789999
1447,2025,0.26699999
1452,2006,0.1987
1452,2007,0.2052
1452,2008,0.20919999
1452,2009,0.2111
1452,2010,0.2159
1452,2011,0.2219
1452,2012,0.2269
1452,2013,0.23109999
1452,2014,0.2404
1452,2015,0.24529999
1452,2016,0.25960001
1452,2017,0.26910001
1452,2018,0.28029999
1452,2019,0.28639999
1452,2020,0.28740001
1452,2021,0.29179999
1452,2022,0.29820001
1452,2023,0.3008
1452,2024,0.30649999
1452,2025,0.31110001
1460,2006,0.17749999
1460,2007,0.18619999
1460,2008,0.19149999
1460,2009,0.2006
1460,2010,0.2061
1460,2011,0.2132
1460,2012,0.21870001
1460,2013,0.2296
1460,2014,0.2367
1460,2015,0.252
1460,2016,0.28240001
1460,2017,0.29179999
1460,2018,0.29539999
1460,2019,0.2978
1460,2020,0.2942
1460,2021,0.2915
1460,2022,0.2929
1460,2023,0.29069999
1460,2024,0.29589999
1460,2025,0.29319999
1461,2006,0.1727
1461,2007,0.1763
1461,2008,0.1786
1461,2009,0.18080001
1461,2010,0.18610001
1461,2011,0.1875
1461,2012,0.18960001
1461,2013,0.19400001
1461,2014,0.2068
1461,2015,0.23649999
1461,2016,0.25490001
1461,2017,0.26159999
1461,2018,0.26989999
1461,2019,0.27379999
1461,2020,0.2748
1461,2021,0.2771
1461,2022,0.28189999
1461,2023,0.28169999
1461,2024,0.27610001
1461,2025,0.27309999
1462,2006,0.241
1462,2007,0.24590001
1462,2008,0.2491
1462,2009,0.25319999
1462,2010,0.25319999
1462,2011,0.25099999
1462,2012,0.25310001
1462,2013,0.26140001
1462,2014,0.26930001
1462,2015,0.27450001
1462,2016,0.28830001
1462,2017,0.29730001
1462,2018,0.30579999
1462,2019,0.31259999
1462,2020,0.3231
1462,2021,0.33450001
1462,2022,0.3355
1462,2023,0.33989999
1462,2024,0.34650001
1462,2025,0.3497
1463,2006,0.17560001
1463,2007,0.1796
1463,2008,0.1841
1463,2009,0.1859
1463,2010,0.1925
1463,2011,0.19679999
1463,2012,0.1999
1463,2013,0.204
1463,2014,0.20919999
1463,2015,0.2138
1463,2016,0.2233
1463,2017,0.2304
1463,2018,0.2388
1463,2019,0.2437
1463,2020,0.24869999
1463,2021,0.25040001
1463,2022,0.2545
1463,2023,0.25619999
1463,2024,0.2572
1463,2025,0.2577
1465,2006,0.17640001
1465,2007,0.18539999
1465,2008,0.18870001
1465,2009,0.1936
1465,2010,0.2017
1465,2011,0.20479999
1465,2012,0.2071
1465,2013,0.2166
1465,2014,0.22679999
1465,2015,0.2369
1465,2016,0.2525
1465,2017,0.257
1465,2018,0.26350001
1465,2019,0.2642
1465,2020,0.2687
1465,2021,0.271
1465,2022,0.27360001
1465,2023,0.27559999
1465,2024,0.2762
1465,2025,0.28049999
1466,2006,0.1478
1466,2007,0.1523
1466,2008,0.15800001
1466,2009,0.1671
1466,2010,0.16869999
1466,2011,0.17380001
1466,2012,0.17659999
1466,2013,0.18440001
1466,2014,0.18970001
1466,2015,0.1954
1466,2016,0.2044
1466,2017,0.2104
1466,2018,0.2175
1466,2019,0.222
1466,2020,0.2211
1466,2021,0.2245
1466,2022,0.2289
1466,2023,0.2306
1466,2024,0.23540001
1466,2025,0.2359
1470,2006,0.1113
1470,2007,0.1144
1470,2008,0.1183
1470,2009,0.1203
1470,2010,0.1258
1470,2011,0.13
1470,2012,0.1331
1470,2013,0.1375
1470,2014,0.1453
1470,2015,0.1524
1470,2016,0.16410001
1470,2017,0.171
1470,2018,0.1776
1470,2019,0.18440001
1470,2020,0.1919
1470,2021,0.197
1470,2022,0.20039999
1470,2023,0.2013
1470,2024,0.20479999
1470,2025,0.20739999
1471,2006,0.1353
1471,2007,0.14219999
1471,2008,0.14740001
1471,2009,0.1513
1471,2010,0.1521
1471,2011,0.1531
1471,2012,0.1557
1471,2013,0.1593
1471,2014,0.1664
1471,2015,0.1724
1471,2016,0.1829
1471,2017,0.1849
1471,2018,0.1894
1471,2019,0.1917
1471,2020,0.1948
1471,2021,0.1992
1471,2022,0.1998
1471,2023,0.20209999
1471,2024,0.20909999
1471,2025,0.212
1472,2006,0.15009999
1472,2007,0.1533
1472,2008,0.1609
1472,2009,0.1646
1472,2010,0.1673
1472,2011,0.17039999
1472,2012,0.17739999
1472,2013,0.1856
1472,2014,0.20100001
1472,2015,0.2156
1472,2016,0.22679999
1472,2017,0.23450001
1472,2018,0.24169999
1472,2019,0.24770001
1472,2020,0.24950001
1472,2021,0.25049999
1472,2022,0.25209999
1472,2023,0.25119999
1472,2024,0.25319999
1472,2025,0.25400001
1473,2006,0.118
1473,2007,0.1239
1473,2008,0.1238
1473,2009,0.12899999
1473,2010,0.1305
1473,2011,0.13429999
1473,2012,0.1433
1473,2013,0.1477
1473,2014,0.16060001
1473,2015,0.1814
1473,2016,0.19930001
1473,2017,0.2036
1473,2018,0.20469999
1473,2019,0.2148
1473,2020,0.2139
1473,2021,0.2132
1473,2022,0.2147
1473,2023,0.2165
1473,2024,0.21870001
1473,2025,0.2233
1480,2006,0.35159999
1480,2007,0.35839999
1480,2008,0.36629999
1480,2009,0.37380001
1480,2010,0.38159999
1480,2011,0.389
1480,2012,0.39500001
1480,2013,0.40200001
1480,2014,0.4104
1480,2015,0.41800001
1480,2016,0.42730001
1480,2017,0.4384
1480,2018,0.44890001
1480,2019,0.4576
1480,2020,0.46329999
1480,2021,0.47009999
1480,2022,0.47960001
1480,2023,0.4851
1480,2024,0.48840001
1480,2025,0.49169999
1481,2006,0.234
1481,2007,0.23899999
1481,2008,0.243
1481,2009,0.2492
1481,2010,0.2534
1481,2011,0.25920001
1481,2012,0.26460001
1481,2013,0.26890001
1481,2014,0.27810001
1481,2015,0.2843
1481,2016,0.29429999
1481,2017,0.3071
1481,2018,0.31819999
1481,2019,0.32589999
1481,2020,0.33149999
1481,2021,0.338
1481,2022,0.34450001
1481,2023,0.3506
1481,2024,0.35589999
1481,2025,0.3601
1482,2006,0.161
1482,2007,0.1629
1482,2008,0.16670001
1482,2009,0.1683
1482,2010,0.1697
1482,2011,0.1717
1482,2012,0.1742
1482,2013,0.1777
1482,2014,0.182
1482,2015,0.18359999
1482,2016,0.1894
1482,2017,0.19769999
1482,2018,0.2075
1482,2019,0.21619999
1482,2020,0.21950001
1482,2021,0.2255
1482,2022,0.22840001
1482,2023,0.2313
1482,2024,0.2333
1482,2025,0.2331
1484,2006,0.1497
1484,2007,0.154
1484,2008,0.1605
1484,2009,0.1649
1484,2010,0.16769999
1484,2011,0.17020001
1484,2012,0.17649999
1484,2013,0.185
1484,2014,0.1901
1484,2015,0.19949999
1484,2016,0.2124
1484,2017,0.22149999
1484,2018,0.22830001
1484,2019,0.2298
1484,2020,0.2287
1484,2021,0.22570001
1484,2022,0.2299
1484,2023,0.228
1484,2024,0.2326
1484,2025,0.235
1485,2006,0.1988
1485,2007,0.2032
1485,2008,0.2084
1485,2009,0.2138
1485,2010,0.2175
1485,2011,0.22139999
1485,2012,0.2286
1485,2013,0.23649999
1485,2014,0.2458
1485,2015,0.25619999
1485,2016,0.2703
1485,2017,0.28060001
1485,2018,0.28920001
1485,2019,0.29750001
1485,2020,0.3037
1485,2021,0.30840001
1485,2022,0.3118
1485,2023,0.3123
1485,2024,0.31310001
1485,2025,0.3154
1486,2006,0.3039
1486,2007,0.30880001
1486,2008,0.31600001
1486,2009,0.32139999
1486,2010,0.32969999
1486,2011,0.34099999
1486,2012,0.3527
1486,2013,0.3635
1486,2014,0.37490001
1486,2015,0.38519999
1486,2016,0.39899999
1486,2017,0.40810001
1486,2018,0.41530001
1486,2019,0.42089999
1486,2020,0.4276
1486,2021,0.4276
1486,2022,0.4357
1486,2023,0.4434
1486,2024,0.44620001
1486,2025,0.4508
1487,2006,0.15369999
1487,2007,0.1594
1487,2008,0.1635
1487,2009,0.16689999
1487,2010,0.1734
1487,2011,0.1787
1487,2012,0.18610001
1487,2013,0.1969
1487,2014,0.2119
1487,2015,0.22669999
1487,2016,0.2438
1487,2017,0.2509
1487,2018,0.25760001
1487,2019,0.26449999
1487,2020,0.26660001
1487,2021,0.2696
1487,2022,0.2728
1487,2023,0.27360001
1487,2024,0.27590001
1487,2025,0.2793
1488,2006,0.26409999
1488,2007,0.2721
1488,2008,0.28
1488,2009,0.2859
1488,2010,0.2947
1488,2011,0.3003
1488,2012,0.308
1488,2013,0.31959999
1488,2014,0.3272
1488,2015,0.33610001
1488,2016,0.34490001
1488,2017,0.35319999
1488,2018,0.3612
1488,2019,0.36919999
1488,2020,0.37459999
1488,2021,0.37900001
1488,2022,0.38510001
1488,2023,0.38780001
1488,2024,0.39120001
1488,2025,0.3935
1489,2006,0.1719
1489,2007,0.17739999
1489,2008,0.1794
1489,2009,0.1829
1489,2010,0.1851
1489,2011,0.1893
1489,2012,0.1953
1489,2013,0.1981
1489,2014,0.2045
1489,2015,0.2086
1489,2016,0.2142
1489,2017,0.22059999
1489,2018,0.2262
1489,2019,0.2295
1489,2020,0.23199999
1489,2021,0.2325
1489,2022,0.23559999
1489,2023,0.2385
1489,2024,0.2418
1489,2025,0.24429999
1490,2006,0.2949
1490,2007,0.3012
1490,2008,0.3064
1490,2009,0.3134
1490,2010,0.3206
1490,2011,0.32600001
1490,2012,0.33199999
1490,2013,0.33939999
1490,2014,0.3475
1490,2015,0.35710001
1490,2016,0.3669
1490,2017,0.3768
1490,2018,0.3867
1490,2019,0.39539999
1490,2020,0.40270001
1490,2021,0.4102
1490,2022,0.41760001
1490,2023,0.4201
1490,2024,0.4253
1490,2025,0.4285
1491,2006,0.14749999
1491,2007,0.1529
1491,2008,0.1622
1491,2009,0.16689999
1491,2010,0.17129999
1491,2011,0.1752
1491,2012,0.1813
1491,2013,0.1868
1491,2014,0.1913
1491,2015,0.1981
1491,2016,0.20919999
1491,2017,0.21960001
1491,2018,0.22490001
1491,2019,0.2307
1491,2020,0.2316
1491,2021,0.23469999
1491,2022,0.23639999
1491,2023,0.2402
1491,2024,0.2422
1491,2025,0.2439
1492,2006,0.1611
1492,2007,0.16240001
1492,2008,0.1679
1492,2009,0.1656
1492,2010,0.1681
1492,2011,0.17290001
1492,2012,0.1793
1492,2013,0.1886
1492,2014,0.2023
1492,2015,0.2252
1492,2016,0.2423
1492,2017,0.2489
1492,2018,0.2568
1492,2019,0.25639999
1492,2020,0.25659999
1492,2021,0.25299999
1492,2022,0.25060001
1492,2023,0.2485
1492,2024,0.25490001
1492,2025,0.25220001
1493,2006,0.1569
1493,2007,0.1578
1493,2008,0.16140001
1493,2009,0.16339999
1493,2010,0.1663
1493,2011,0.1663
1493,2012,0.1717
1493,2013,0.1776
1493,2014,0.18000001
1493,2015,0.1837
1493,2016,0.1904
1493,2017,0.1938
1493,2018,0.19850001
1493,2019,0.2036
1493,2020,0.2041
1493,2021,0.208
1493,2022,0.21349999
1493,2023,0.214
1493,2024,0.213
1493,2025,0.213
1494,2006,0.132
1494,2007,0.13410001
1494,2008,0.1381
1494,2009,0.14049999
1494,2010,0.1435
1494,2011,0.14669999
1494,2012,0.1496
1494,2013,0.1534
1494,2014,0.1582
1494,2015,0.16230001
1494,2016,0.1692
1494,2017,0.177
1494,2018,0.183
1494,2019,0.1868
1494,2020,0.1904
1494,2021,0.193
1494,2022,0.19660001
1494,2023,0.19949999
1494,2024,0.2026
1494,2025,0.20370001
1495,2006,0.1477
1495,2007,0.15189999
1495,2008,0.1595
1495,2009,0.16500001
1495,2010,0.1689
1495,2011,0.1745
1495,2012,0.1794
1495,2013,0.1965
1495,2014,0.20829999
1495,2015,0.2175
1495,2016,0.2367
1495,2017,0.24330001
1495,2018,0.25119999
1495,2019,0.26190001
1495,2020,0.26620001
1495,2021,0.26930001
1495,2022,0.2744
1495,2023,0.27520001
1495,2024,0.2802
1495,2025,0.28510001
1496,2006,0.1981
1496,2007,0.2017
1496,2008,0.206
1496,2009,0.2119
1496,2010,0.2167
1496,2011,0.2198
1496,2012,0.22310001
1496,2013,0.2307
1496,2014,0.2359
1496,2015,0.2423
1496,2016,0.25049999
1496,2017,0.25799999
1496,2018,0.26570001
1496,2019,0.27169999
1496,2020,0.27720001
1496,2021,0.28209999
1496,2022,0.28760001
1496,2023,0.2913
1496,2024,0.29480001
1496,2025,0.2976
1497,2006,0.109
1497,2007,0.1131
1497,2008,0.1153
1497,2009,0.1203
1497,2010,0.1222
1497,2011,0.124
1497,2012,0.1285
1497,2013,0.13240001
1497,2014,0.1374
1497,2015,0.1479
1497,2016,0.15009999
1497,2017,0.15440001
1497,2018,0.15800001
1497,2019,0.1611
1497,2020,0.162
1497,2021,0.16320001
1497,2022,0.1639
1497,2023,0.1654
1497,2024,0.1657
1497,2025,0.167
1498,2006,0.12530001
1498,2007,0.1311
1498,2008,0.1358
1498,2009,0.1364
1498,2010,0.13940001
1498,2011,0.145
1498,2012,0.14929999
1498,2013,0.1504
1498,2014,0.1622
1498,2015,0.1699
1498,2016,0.1785
1498,2017,0.1821
1498,2018,0.18719999
1498,2019,0.1921
1498,2020,0.1909
1498,2021,0.1921
1498,2022,0.1935
1498,2023,0.1938
1498,2024,0.19329999
1498,2025,0.1886
1499,2006,0.1284
1499,2007,0.1338
1499,2008,0.1407
1499,2009,0.1486
1499,2010,0.1551
1499,2011,0.1631
1499,2012,0.168
1499,2013,0.1816
1499,2014,0.1919
1499,2015,0.2033
1499,2016,0.2154
1499,2017,0.22480001
1499,2018,0.23289999
1499,2019,0.2429
1499,2020,0.2462
1499,2021,0.2516
1499,2022,0.25369999
1499,2023,0.25510001
1499,2024,0.25510001
1499,2025,0.25839999
1715,2006,0.1275
1715,2007,0.1278
1715,2008,0.12890001
1715,2009,0.13160001
1715,2010,0.1331
1715,2011,0.1347
1715,2012,0.1383
1715,2013,0.1401
1715,2014,0.1434
1715,2015,0.1445
1715,2016,0.14579999
1715,2017,0.1486
1715,2018,0.1523
1715,2019,0.15719999
1715,2020,0.1593
1715,2021,0.1619
1715,2022,0.16230001
1715,2023,0.1646
1715,2024,0.16689999
1715,2025,0.1671
1730,2006,0.36320001
1730,2007,0.36759999
1730,2008,0.37760001
1730,2009,0.38260001
1730,2010,0.3872
1730,2011,0.39019999
1730,2012,0.396
1730,2013,0.39919999
1730,2014,0.40549999
1730,2015,0.41170001
1730,2016,0.41949999
1730,2017,0.4298
1730,2018,0.43560001
1730,2019,0.4393
1730,2020,0.44319999
1730,2021,0.44080001
1730,2022,0.44350001
1730,2023,0.44440001
1730,2024,0.44190001
1730,2025,0.4436
1737,2006,0.14380001
1737,2007,0.14839999
1737,2008,0.1549
1737,2009,0.1604
1737,2010,0.1665
1737,2011,0.171
1737,2012,0.1737
1737,2013,0.1785
1737,2014,0.18870001
1737,2015,0.1946
1737,2016,0.221
1737,2017,0.2122
1737,2018,0.20909999
1737,2019,0.2163
1737,2020,0.2185
1737,2021,0.22319999
1737,2022,0.22750001
1737,2023,0.23280001
1737,2024,0.2358
1737,2025,0.2392
1760,2006,0.2324
1760,2007,0.23909999
1760,2008,0.24699999
1760,2009,0.2499
1760,2010,0.25440001
1760,2011,0.25650001
1760,2012,0.25709999
1760,2013,0.27160001
1760,2014,0.2915
1760,2015,0.28670001
1760,2016,0.3003
1760,2017,0.30219999
1760,2018,0.2974
1760,2019,0.2825
1760,2020,0.28220001
1760,2021,0.27579999
1760,2022,0.2723
1760,2023,0.2726
1760,2024,0.2746
1760,2025,0.27689999
1761,2006,0.1293
1761,2007,0.1312
1761,2008,0.1336
1761,2009,0.1348
1761,2010,0.13590001
1761,2011,0.13689999
1761,2012,0.1397
1761,2013,0.1399
1761,2014,0.1389
1761,2015,0.14049999
1761,2016,0.1424
1761,2017,0.15099999
1761,2018,0.1556
1761,2019,0.1534
1761,2020,0.1551
1761,2021,0.1565
1761,2022,0.1596
1761,2023,0.1603
1761,2024,0.1631
1761,2025,0.1627
1762,2006,0.1146
1762,2007,0.1204
1762,2008,0.1285
1762,2009,0.1292
1762,2010,0.1318
1762,2011,0.1305
1762,2012,0.14
1762,2013,0.14659999
1762,2014,0.154
1762,2015,0.16769999
1762,2016,0.1983
1762,2017,0.2061
1762,2018,0.21600001
1762,2019,0.21430001
1762,2020,0.2166
1762,2021,0.2198
1762,2022,0.2288
1762,2023,0.2314
1762,2024,0.234
1762,2025,0.2439
1763,2006,0.1239
1763,2007,0.1226
1763,2008,0.1257
1763,2009,0.1243
1763,2010,0.1268
1763,2011,0.1322
1763,2012,0.1365
1763,2013,0.14049999
1763,2014,0.1472
1763,2015,0.1523
1763,2016,0.16069999
1763,2017,0.168
1763,2018,0.1735
1763,2019,0.171
1763,2020,0.17129999
1763,2021,0.1717
1763,2022,0.1716
1763,2023,0.1769
1763,2024,0.1776
1763,2025,0.176
1764,2006,0.1524
1764,2007,0.15350001
1764,2008,0.1568
1764,2009,0.15889999
1764,2010,0.16410001
1764,2011,0.16419999
1764,2012,0.1675
1764,2013,0.1725
1764,2014,0.1821
1764,2015,0.18709999
1764,2016,0.2014
1764,2017,0.204
1764,2018,0.2053
1764,2019,0.208
1764,2020,0.2122
1764,2021,0.21259999
1764,2022,0.2172
1764,2023,0.22139999
1764,2024,0.2233
1764,2025,0.21870001
1765,2006,0.2581
1765,2007,0.26519999
1765,2008,0.2755
1765,2009,0.27869999
1765,2010,0.2825
1765,2011,0.28799999
1765,2012,0.2949
1765,2013,0.30849999
1765,2014,0.3091
1765,2015,0.31889999
1765,2016,0.32780001
1765,2017,0.33419999
1765,2018,0.3416
1765,2019,0.3484
1765,2020,0.3493
1765,2021,0.3527
1765,2022,0.35170001
1765,2023,0.35429999
1765,2024,0.35530001
1765,2025,0.3581
1766,2006,0.1058
1766,2007,0.1109
1766,2008,0.1133
1766,2009,0.1142
1766,2010,0.1164
1766,2011,0.1192
1766,2012,0.12
1766,2013,0.1237
1766,2014,0.1353
1766,2015,0.14910001
1766,2016,0.16680001
1766,2017,0.16590001
1766,2018,0.16769999
1766,2019,0.1689
1766,2020,0.1698
1766,2021,0.1696
1766,2022,0.17389999
1766,2023,0.17820001
1766,2024,0.1833
1766,2025,0.1859
1780,2006,0.16850001
1780,2007,0.1736
1780,2008,0.1776
1780,2009,0.1849
1780,2010,0.1904
1780,2011,0.1929
1780,2012,0.1969
1780,2013,0.2015
1780,2014,0.2059
1780,2015,0.21160001
1780,2016,0.22059999
1780,2017,0.2291
1780,2018,0.23630001
1780,2019,0.2455
1780,2020,0.25080001
1780,2021,0.255
1780,2022,0.26030001
1780,2023,0.26280001
1780,2024,0.26679999
1780,2025,0.26969999
1781,2006,0.15109999
1781,2007,0.1558
1781,2008,0.1603
1781,2009,0.1646
1781,2010,0.1693
1781,2011,0.1717
1781,2012,0.1794
1781,2013,0.1904
1781,2014,0.2025
1781,2015,0.2137
1781,2016,0.2281
1781,2017,0.233
1781,2018,0.2321
1781,2019,0.23639999
1781,2020,0.23890001
1781,2021,0.2379
1781,2022,0.23810001
1781,2023,0.23710001
1781,2024,0.2383
1781,2025,0.2386
1782,2006,0.1628
1782,2007,0.1647
1782,2008,0.17129999
1782,2009,0.176
1782,2010,0.1833
1782,2011,0.18979999
1782,2012,0.20290001
1782,2013,0.21600001
1782,2014,0.2274
1782,2015,0.2455
1782,2016,0.27680001
1782,2017,0.2755
1782,2018,0.29190001
1782,2019,0.28819999
1782,2020,0.2868
1782,2021,0.2841
1782,2022,0.28760001
1782,2023,0.27779999
1782,2024,0.27410001
1782,2025,0.27579999
1783,2006,0.1246
1783,2007,0.1321
1783,2008,0.1358
1783,2009,0.1426
1783,2010,0.1459
1783,2011,0.15019999
1783,2012,0.1567
1783,2013,0.1692
1783,2014,0.1726
1783,2015,0.1789
1783,2016,0.1952
1783,2017,0.1996
1783,2018,0.2077
1783,2019,0.2123
1783,2020,0.21430001
1783,2021,0.2226
1783,2022,0.2359
1783,2023,0.2418
1783,2024,0.2493
1783,2025,0.2586
1784,2006,0.1725
1784,2007,0.17990001
1784,2008,0.1848
1784,2009,0.1875
1784,2010,0.1919
1784,2011,0.1946
1784,2012,0.1972
1784,2013,0.2005
1784,2014,0.2059
1784,2015,0.21089999
1784,2016,0.2199
1784,2017,0.2238
1784,2018,0.2263
1784,2019,0.22830001
1784,2020,0.2305
1784,2021,0.2316
1784,2022,0.23379999
1784,2023,0.23549999
1784,2024,0.23890001
1784,2025,0.23909999
1785,2006,0.1209
1785,2007,0.125
1785,2008,0.1293
1785,2009,0.13240001
1785,2010,0.1373
1785,2011,0.1418
1785,2012,0.1461
1785,2013,0.1567
1785,2014,0.17219999
1785,2015,0.18610001
1785,2016,0.2078
1785,2017,0.21960001
1785,2018,0.22499999
1785,2019,0.2265
1785,2020,0.2271
1785,2021,0.2281
1785,2022,0.229
1785,2023,0.2307
1785,2024,0.2332
1785,2025,0.23540001
1814,2006,0.094999999
1814,2007,0.094800003
1814,2008,0.0942
1814,2009,0.098399997
1814,2010,0.098300003
1814,2011,0.097199999
1814,2012,0.1013
1814,2013,0.101
1814,2014,0.1061
1814,2015,0.1109
1814,2016,0.1166
1814,2017,0.1265
1814,2018,0.1365
1814,2019,0.14470001
1814,2020,0.149
1814,2021,0.1498
1814,2022,0.1486
1814,2023,0.1486
1814,2024,0.15090001
1814,2025,0.1477
1860,2006,0.19419999
1860,2007,0.1899
1860,2008,0.1902
1860,2009,0.1886
1860,2010,0.1858
1860,2011,0.1909
1860,2012,0.1987
1860,2013,0.21430001
1860,2014,0.2366
1860,2015,0.2484
1860,2016,0.26100001
1860,2017,0.26210001
1860,2018,0.27180001
1860,2019,0.2782
1860,2020,0.27959999
1860,2021,0.27770001
1860,2022,0.28569999
1860,2023,0.28909999
1860,2024,0.2902
1860,2025,0.2895
1861,2006,0.15440001
1861,2007,0.15899999
1861,2008,0.1627
1861,2009,0.1664
1861,2010,0.1733
1861,2011,0.17910001
1861,2012,0.18449999
1861,2013,0.18780001
1861,2014,0.1954
1861,2015,0.2085
1861,2016,0.223
1861,2017,0.24330001
1861,2018,0.2527
1861,2019,0.259
1861,2020,0.26440001
1861,2021,0.26899999
1861,2022,0.27289999
1861,2023,0.27720001
1861,2024,0.2764
1861,2025,0.27610001
1862,2006,0.18430001
1862,2007,0.1903
1862,2008,0.1956
1862,2009,0.1971
1862,2010,0.2033
1862,2011,0.2066
1862,2012,0.21160001
1862,2013,0.2138
1862,2014,0.2233
1862,2015,0.2332
1862,2016,0.2483
1862,2017,0.2586
1862,2018,0.2651
1862,2019,0.2692
1862,2020,0.26949999
1862,2021,0.27270001
1862,2022,0.27610001
1862,2023,0.2766
1862,2024,0.27739999
1862,2025,0.28049999
1863,2006,0.2421
1863,2007,0.2422
1863,2008,0.25119999
1863,2009,0.25690001
1863,2010,0.25929999
1863,2011,0.264
1863,2012,0.266
1863,2013,0.27469999
1863,2014,0.28299999
1863,2015,0.3012
1863,2016,0.32249999
1863,2017,0.33250001
1863,2018,0.3335
1863,2019,0.3414
1863,2020,0.3409
1863,2021,0.34150001
1863,2022,0.3337
1863,2023,0.32980001
1863,2024,0.32100001
1863,2025,0.3188
1864,2006,0.19760001
1864,2007,0.20829999
1864,2008,0.2155
1864,2009,0.2211
1864,2010,0.22050001
1864,2011,0.22589999
1864,2012,0.23540001
1864,2013,0.2552
1864,2014,0.27779999
1864,2015,0.2942
1864,2016,0.31819999
1864,2017,0.3231
1864,2018,0.3118
1864,2019,0.31040001
1864,2020,0.30000001
1864,2021,0.30019999
1864,2022,0.30109999
1864,2023,0.30360001
1864,2024,0.303
1864,2025,0.3037
1880,2006,0.2357
1880,2007,0.24339999
1880,2008,0.25150001
1880,2009,0.25940001
1880,2010,0.266
1880,2011,0.271
1880,2012,0.2771
1880,2013,0.28349999
1880,2014,0.29030001
1880,2015,0.29679999
1880,2016,0.3053
1880,2017,0.315
1880,2018,0.3238
1880,2019,0.33250001
1880,2020,0.3378
1880,2021,0.3425
1880,2022,0.3468
1880,2023,0.35100001
1880,2024,0.35460001
1880,2025,0.35699999
1881,2006,0.16760001
1881,2007,0.17110001
1881,2008,0.17640001
1881,2009,0.1794
1881,2010,0.185
1881,2011,0.18790001
1881,2012,0.19499999
1881,2013,0.1982
1881,2014,0.204
1881,2015,0.2069
1881,2016,0.2149
1881,2017,0.222
1881,2018,0.22939999
1881,2019,0.2335
1881,2020,0.2378
1881,2021,0.2422
1881,2022,0.24969999
1881,2023,0.25350001
1881,2024,0.2586
1881,2025,0.26069999
1882,2006,0.0995
1882,2007,0.1022
1882,2008,0.1035
1882,2009,0.1051
1882,2010,0.1053
1882,2011,0.1075
1882,2012,0.1101
1882,2013,0.12
1882,2014,0.1224
1882,2015,0.1313
1882,2016,0.14560001
1882,2017,0.1451
1882,2018,0.1506
1882,2019,0.155
1882,2020,0.1564
1882,2021,0.1603
1882,2022,0.16140001
1882,2023,0.16410001
1882,2024,0.16670001
1882,2025,0.16760001
1883,2006,0.2104
1883,2007,0.2137
1883,2008,0.2159
1883,2009,0.21969999
1883,2010,0.22390001
1883,2011,0.22849999
1883,2012,0.2351
1883,2013,0.242
1883,2014,0.25279999
1883,2015,0.26109999
1883,2016,0.2746
1883,2017,0.2791
1883,2018,0.28420001
1883,2019,0.28870001
1883,2020,0.29139999
1883,2021,0.29530001
1883,2022,0.2967
1883,2023,0.2978
1883,2024,0.2976
1883,2025,0.29769999
1884,2006,0.1679
1884,2007,0.1719
1884,2008,0.1751
1884,2009,0.18189999
1884,2010,0.1821
1884,2011,0.1873
1884,2012,0.19069999
1884,2013,0.1952
1884,2014,0.19769999
1884,2015,0.2119
1884,2016,0.23010001
1884,2017,0.2367
1884,2018,0.24089999
1884,2019,0.23999999
1884,2020,0.2406
1884,2021,0.2388
1884,2022,0.2406
1884,2023,0.2386
1884,2024,0.23639999
1884,2025,0.2386
1885,2006,0.1762
1885,2007,0.1815
1885,2008,0.1846
1885,2009,0.1893
1885,2010,0.1983
1885,2011,0.2071
1885,2012,0.21259999
1885,2013,0.2253
1885,2014,0.2316
1885,2015,0.2446
1885,2016,0.2561
1885,2017,0.26249999
1885,2018,0.2658
1885,2019,0.2678
1885,2020,0.26840001
1885,2021,0.26980001
1885,2022,0.26910001
1885,2023,0.26969999
1885,2024,0.27070001
1885,2025,0.26949999
1904,2006,0.25209999
1904,2007,0.25799999
1904,2008,0.2624
1904,2009,0.26280001
1904,2010,0.26499999
1904,2011,0.26719999
1904,2012,0.26890001
1904,2013,0.2852
1904,2014,0.29570001
1904,2015,0.30860001
1904,2016,0.30880001
1904,2017,0.31169999
1904,2018,0.3075
1904,2019,0.31439999
1904,2020,0.30849999
1904,2021,0.3123
1904,2022,0.31639999
1904,2023,0.31900001
1904,2024,0.31670001
1904,2025,0.3066
1907,2006,0.33399999
1907,2007,0.33739999
1907,2008,0.33770001
1907,2009,0.33840001
1907,2010,0.34079999
1907,2011,0.3448
1907,2012,0.34580001
1907,2013,0.3479
1907,2014,0.35159999
1907,2015,0.35769999
1907,2016,0.36059999
1907,2017,0.36359999
1907,2018,0.36559999
1907,2019,0.36250001
1907,2020,0.36500001
1907,2021,0.36500001
1907,2022,0.3637
1907,2023,0.3626
1907,2024,0.3646
1907,2025,0.3655
1960,2006,0.21709999
1960,2007,0.22409999
1960,2008,0.2262
1960,2009,0.2243
1960,2010,0.226
1960,2011,0.22579999
1960,2012,0.23540001
1960,2013,0.25260001
1960,2014,0.2647
1960,2015,0.27689999
1960,2016,0.292
1960,2017,0.30829999
1960,2018,0.3224
1960,2019,0.32800001
1960,2020,0.3285
1960,2021,0.32640001
1960,2022,0.32620001
1960,2023,0.3274
1960,2024,0.3312
1960,2025,0.3294
1961,2006,0.30680001
1961,2007,0.30970001
1961,2008,0.31119999
1961,2009,0.3145
1961,2010,0.31650001
1961,2011,0.32010001
1961,2012,0.32640001
1961,2013,0.333
1961,2014,0.336
1961,2015,0.34169999
1961,2016,0.34459999
1961,2017,0.3479
1961,2018,0.35839999
1961,2019,0.36379999
1961,2020,0.36410001
1961,2021,0.36669999
1961,2022,0.3689
1961,2023,0.3714
1961,2024,0.37110001
1961,2025,0.3714
1962,2006,0.2139
1962,2007,0.2106
1962,2008,0.2084
1962,2009,0.2129
1962,2010,0.21070001
1962,2011,0.2128
1962,2012,0.21600001
1962,2013,0.2295
1962,2014,0.2458
1962,2015,0.26069999
1962,2016,0.26930001
1962,2017,0.27450001
1962,2018,0.27379999
1962,2019,0.27079999
1962,2020,0.27860001
1962,2021,0.2782
1962,2022,0.27200001
1962,2023,0.26969999
1962,2024,0.2665
1962,2025,0.2665
1980,2006,0.29750001
1980,2007,0.30360001
1980,2008,0.30989999
1980,2009,0.31709999
1980,2010,0.32300001
1980,2011,0.32800001
1980,2012,0.33309999
1980,2013,0.3398
1980,2014,0.34779999
1980,2015,0.35370001
1980,2016,0.36469999
1980,2017,0.37529999
1980,2018,0.38409999
1980,2019,0.39289999
1980,2020,0.4012
1980,2021,0.4086
1980,2022,0.41679999
1980,2023,0.4226
1980,2024,0.42840001
1980,2025,0.43309999
1981,2006,0.1567
1981,2007,0.16
1981,2008,0.1657
1981,2009,0.17200001
1981,2010,0.1759
1981,2011,0.1798
1981,2012,0.18359999
1981,2013,0.19159999
1981,2014,0.20029999
1981,2015,0.20909999
1981,2016,0.2186
1981,2017,0.23019999
1981,2018,0.2412
1981,2019,0.2457
1981,2020,0.25049999
1981,2021,0.2563
1981,2022,0.25760001
1981,2023,0.259
1981,2024,0.2608
1981,2025,0.25690001
1982,2006,0.3136
1982,2007,0.3206
1982,2008,0.32780001
1982,2009,0.3337
1982,2010,0.3459
1982,2011,0.3513
1982,2012,0.36129999
1982,2013,0.37850001
1982,2014,0.39449999
1982,2015,0.4039
1982,2016,0.41729999
1982,2017,0.4226
1982,2018,0.4289
1982,2019,0.4316
1982,2020,0.43470001
1982,2021,0.44310001
1982,2022,0.4524
1982,2023,0.4578
1982,2024,0.45809999
1982,2025,0.4612
1983,2006,0.2692
1983,2007,0.2721
1983,2008,0.2798
1983,2009,0.2881
1983,2010,0.29269999
1983,2011,0.29789999
1983,2012,0.30469999
1983,2013,0.31690001
1983,2014,0.32570001
1983,2015,0.33500001
1983,2016,0.3443
1983,2017,0.35339999
1983,2018,0.3637
1983,2019,0.36759999
1983,2020,0.37099999
1983,2021,0.3741
1983,2022,0.37560001
1983,2023,0.3759
1983,2024,0.3788
1983,2025,0.38049999
1984,2006,0.1691
1984,2007,0.17219999
1984,2008,0.17749999
1984,2009,0.18189999
1984,2010,0.1837
1984,2011,0.1908
1984,2012,0.1996
1984,2013,0.20909999
1984,2014,0.222
1984,2015,0.23710001
1984,2016,0.2439
1984,2017,0.2498
1984,2018,0.25909999
1984,2019,0.26010001
1984,2020,0.2597
1984,2021,0.26629999
1984,2022,0.26640001
1984,2023,0.2667
1984,2024,0.2676
1984,2025,0.26899999
2021,2006,0.094700001
2021,2007,0.097199999
2021,2008,0.096000001
2021,2009,0.098300003
2021,2010,0.1026
2021,2011,0.1084
2021,2012,0.1108
2021,2013,0.116
2021,2014,0.1188
2021,2015,0.1302
2021,2016,0.153
2021,2017,0.1531
2021,2018,0.15099999
2021,2019,0.1521
2021,2020,0.1596
2021,2021,0.16429999
2021,2022,0.1725
2021,2023,0.1741
2021,2024,0.18000001
2021,2025,0.17820001
2023,2006,0.1295
2023,2007,0.1337
2023,2008,0.1362
2023,2009,0.1411
2023,2010,0.1476
2023,2011,0.1471
2023,2012,0.15360001
2023,2013,0.1568
2023,2014,0.16060001
2023,2015,0.168
2023,2016,0.184
2023,2017,0.18700001
2023,2018,0.19230001
2023,2019,0.19859999
2023,2020,0.2036
2023,2021,0.2061
2023,2022,0.2102
2023,2023,0.2111
2023,2024,0.2174
2023,2025,0.22229999
2026,2006,0.12809999
2026,2007,0.1288
2026,2008,0.13259999
2026,2009,0.1349
2026,2010,0.1375
2026,2011,0.13789999
2026,2012,0.1407
2026,2013,0.14210001
2026,2014,0.1452
2026,2015,0.1481
2026,2016,0.1523
2026,2017,0.1569
2026,2018,0.1629
2026,2019,0.16599999
2026,2020,0.16329999
2026,2021,0.16240001
2026,2022,0.1638
2026,2023,0.1591
2026,2024,0.1594
2026,2025,0.1596
2029,2006,0.1027
2029,2007,0.1069
2029,2008,0.1085
2029,2009,0.1121
2029,2010,0.117
2029,2011,0.1198
2029,2012,0.1233
2029,2013,0.12980001
2029,2014,0.1349
2029,2015,0.13940001
2029,2016,0.1529
2029,2017,0.1551
2029,2018,0.161
2029,2019,0.1639
2029,2020,0.1653
2029,2021,0.1672
2029,2022,0.16859999
2029,2023,0.1699
2029,2024,0.17219999
2029,2025,0.17730001
2031,2006,0.086400002
2031,2007,0.087800004
2031,2008,0.091600001
2031,2009,0.093400002
2031,2010,0.095399998
2031,2011,0.098999999
2031,2012,0.1013
2031,2013,0.1025
2031,2014,0.1045
2031,2015,0.1104
2031,2016,0.1218
2031,2017,0.1209
2031,2018,0.127
2031,2019,0.1284
2031,2020,0.1331
2031,2021,0.13869999
2031,2022,0.1416
2031,2023,0.1426
2031,2024,0.1444
2031,2025,0.1427
2034,2006,0.1078
2034,2007,0.12
2034,2008,0.123
2034,2009,0.125
2034,2010,0.1309
2034,2011,0.13150001
2034,2012,0.1356
2034,2013,0.14219999
2034,2014,0.1496
2034,2015,0.1604
2034,2016,0.1803
2034,2017,0.1865
2034,2018,0.1902
2034,2019,0.1936
2034,2020,0.1917
2034,2021,0.19050001
2034,2022,0.193
2034,2023,0.1902
2034,2024,0.1909
2034,2025,0.1886
2039,2006,0.087300003
2039,2007,0.090999998
2039,2008,0.098700002
2039,2009,0.1037
2039,2010,0.1067
2039,2011,0.1136
2039,2012,0.1178
2039,2013,0.1187
2039,2014,0.1221
2039,2015,0.1284
2039,2016,0.1365
2039,2017,0.1428
2039,2018,0.15109999
2039,2019,0.1523
2039,2020,0.153
2039,2021,0.153
2039,2022,0.16
2039,2023,0.1575
2039,2024,0.16249999
2039,2025,0.1664
2061,2006,0.17299999
2061,2007,0.17730001
2061,2008,0.178
2061,2009,0.18539999
2061,2010,0.18979999
2061,2011,0.1929
2061,2012,0.1957
2061,2013,0.19850001
2061,2014,0.2044
2061,2015,0.2114
2061,2016,0.22040001
2061,2017,0.219
2061,2018,0.22239999
2061,2019,0.2216
2061,2020,0.21799999
2061,2021,0.21709999
2061,2022,0.2147
2061,2023,0.215
2061,2024,0.2172
2061,2025,0.2166
2062,2006,0.098399997
2062,2007,0.1004
2062,2008,0.1065
2062,2009,0.1108
2062,2010,0.112
2062,2011,0.115
2062,2012,0.1195
2062,2013,0.1218
2062,2014,0.12540001
2062,2015,0.13150001
2062,2016,0.13779999
2062,2017,0.1437
2062,2018,0.14820001
2062,2019,0.15180001
2062,2020,0.15449999
2062,2021,0.15889999
2062,2022,0.1612
2062,2023,0.163
2062,2024,0.1656
2062,2025,0.167
2080,2006,0.1392
2080,2007,0.1417
2080,2008,0.1452
2080,2009,0.1513
2080,2010,0.1559
2080,2011,0.1587
2080,2012,0.16240001
2080,2013,0.1662
2080,2014,0.17039999
2080,2015,0.17550001
2080,2016,0.18269999
2080,2017,0.1911
2080,2018,0.19599999
2080,2019,0.1998
2080,2020,0.20020001
2080,2021,0.2017
2080,2022,0.20190001
2080,2023,0.20290001
2080,2024,0.20280001
2080,2025,0.20299999
2081,2006,0.19320001
2081,2007,0.2017
2081,2008,0.2114
2081,2009,0.2221
2081,2010,0.2324
2081,2011,0.23559999
2081,2012,0.2419
2081,2013,0.25369999
2081,2014,0.26629999
2081,2015,0.27689999
2081,2016,0.2899
2081,2017,0.29929999
2081,2018,0.3066
2081,2019,0.3132
2081,2020,0.3159
2081,2021,0.31869999
2081,2022,0.3202
2081,2023,0.31979999
2081,2024,0.31810001
2081,2025,0.32030001
2082,2006,0.1038
2082,2007,0.1091
2082,2008,0.112
2082,2009,0.1165
2082,2010,0.1152
2082,2011,0.1186
2082,2012,0.1241
2082,2013,0.1293
2082,2014,0.13160001
2082,2015,0.13519999
2082,2016,0.1393
2082,2017,0.1441
2082,2018,0.14659999
2082,2019,0.1517
2082,2020,0.1552
2082,2021,0.1585
2082,2022,0.16320001
2082,2023,0.1613
2082,2024,0.16500001
2082,2025,0.1708
2083,2006,0.1629
2083,2007,0.1665
2083,2008,0.1674
2083,2009,0.1696
2083,2010,0.1718
2083,2011,0.1776
2083,2012,0.1857
2083,2013,0.18970001
2083,2014,0.2001
2083,2015,0.21349999
2083,2016,0.2306
2083,2017,0.2403
2083,2018,0.2414
2083,2019,0.2465
2083,2020,0.2471
2083,2021,0.2492
2083,2022,0.249
2083,2023,0.2473
2083,2024,0.2465
2083,2025,0.24259999
2084,2006,0.1825
2084,2007,0.1849
2084,2008,0.19
2084,2009,0.1936
2084,2010,0.1955
2084,2011,0.19840001
2084,2012,0.20550001
2084,2013,0.2176
2084,2014,0.23819999
2084,2015,0.26629999
2084,2016,0.2836
2084,2017,0.29080001
2084,2018,0.2965
2084,2019,0.2994
2084,2020,0.2994
2084,2021,0.29660001
2084,2022,0.29609999
2084,2023,0.2947
2084,2024,0.29179999
2084,2025,0.29359999
2085,2006,0.1749
2085,2007,0.18080001
2085,2008,0.1883
2085,2009,0.19670001
2085,2010,0.2068
2085,2011,0.2103
2085,2012,0.2167
2085,2013,0.22579999
2085,2014,0.23890001
2085,2015,0.25619999
2085,2016,0.27739999
2085,2017,0.2854
2085,2018,0.29429999
2085,2019,0.29859999
2085,2020,0.29929999
2085,2021,0.3017
2085,2022,0.30289999
2085,2023,0.30849999
2085,2024,0.31959999
2085,2025,0.33090001
2101,2006,0.081600003
2101,2007,0.082500003
2101,2008,0.1031
2101,2009,0.1112
2101,2010,0.1178
2101,2011,0.12530001
2101,2012,0.1301
2101,2013,0.1376
2101,2014,0.14920001
2101,2015,0.1706
2101,2016,0.186
2101,2017,0.1971
2101,2018,0.20200001
2101,2019,0.20299999
2101,2020,0.2024
2101,2021,0.20119999
2101,2022,0.20479999
2101,2023,0.19760001
2101,2024,0.20100001
2101,2025,0.2027
2104,2006,0.19949999
2104,2007,0.2051
2104,2008,0.2088
2104,2009,0.2155
2104,2010,0.219
2104,2011,0.2189
2104,2012,0.22390001
2104,2013,0.22660001
2104,2014,0.2326
2104,2015,0.2393
2104,2016,0.2484
2104,2017,0.25799999
2104,2018,0.26109999
2104,2019,0.26449999
2104,2020,0.26660001
2104,2021,0.2676
2104,2022,0.26300001
2104,2023,0.26089999
2104,2024,0.2588
2104,2025,0.25420001
2121,2006,0.0605
2121,2007,0.064900003
2121,2008,0.0647
2121,2009,0.068800002
2121,2010,0.0735
2121,2011,0.077699997
2121,2012,0.079999998
2121,2013,0.085299999
2121,2014,0.1008
2121,2015,0.1131
2121,2016,0.125
2121,2017,0.1261
2121,2018,0.13429999
2121,2019,0.13770001
2121,2020,0.1399
2121,2021,0.14120001
2121,2022,0.1398
2121,2023,0.13699999
2121,2024,0.1313
2121,2025,0.1319
2132,2006,0.082999997
2132,2007,0.092799999
2132,2008,0.1013
2132,2009,0.1055
2132,2010,0.1097
2132,2011,0.1157
2132,2012,0.124
2132,2013,0.1276
2132,2014,0.13609999
2132,2015,0.1418
2132,2016,0.14820001
2132,2017,0.1489
2132,2018,0.1543
2132,2019,0.1561
2132,2020,0.1584
2132,2021,0.15620001
2132,2022,0.1609
2132,2023,0.1613
2132,2024,0.16
2132,2025,0.1653
2161,2006,0.083099999
2161,2007,0.086800002
2161,2008,0.095299996
2161,2009,0.1007
2161,2010,0.104
2161,2011,0.1073
2161,2012,0.1146
2161,2013,0.1241
2161,2014,0.1347
2161,2015,0.14569999
2161,2016,0.1513
2161,2017,0.1569
2161,2018,0.1621
2161,2019,0.1602
2161,2020,0.1593
2161,2021,0.1592
2161,2022,0.1591
2161,2023,0.15889999
2161,2024,0.1591
2161,2025,0.15989999
2180,2006,0.1742
2180,2007,0.18009999
2180,2008,0.1867
2180,2009,0.1954
2180,2010,0.2022
2180,2011,0.20479999
2180,2012,0.2121
2180,2013,0.2227
2180,2014,0.2339
2180,2015,0.23909999
2180,2016,0.2466
2180,2017,0.25459999
2180,2018,0.2604
2180,2019,0.26820001
2180,2020,0.2739
2180,2021,0.27950001
2180,2022,0.28259999
2180,2023,0.2852
2180,2024,0.2906
2180,2025,0.29589999
2181,2006,0.149
2181,2007,0.15629999
2181,2008,0.16509999
2181,2009,0.1742
2181,2010,0.1793
2181,2011,0.18880001
2181,2012,0.1956
2181,2013,0.2052
2181,2014,0.2191
2181,2015,0.2352
2181,2016,0.25209999
2181,2017,0.2633
2181,2018,0.2692
2181,2019,0.2753
2181,2020,0.2793
2181,2021,0.28310001
2181,2022,0.28740001
2181,2023,0.28569999
2181,2024,0.28929999
2181,2025,0.29030001
2182,2006,0.1048
2182,2007,0.1109
2182,2008,0.1178
2182,2009,0.1222
2182,2010,0.1246
2182,2011,0.1279
2182,2012,0.13339999
2182,2013,0.1477
2182,2014,0.1576
2182,2015,0.17200001
2182,2016,0.1893
2182,2017,0.19239999
2182,2018,0.1989
2182,2019,0.2059
2182,2020,0.20919999
2182,2021,0.2123
2182,2022,0.2141
2182,2023,0.21070001
2182,2024,0.20990001
2182,2025,0.2061
2183,2006,0.087399997
2183,2007,0.092
2183,2008,0.097400002
2183,2009,0.1045
2183,2010,0.1098
2183,2011,0.1131
2183,2012,0.1181
2183,2013,0.12909999
2183,2014,0.14390001
2183,2015,0.1586
2183,2016,0.1736
2183,2017,0.18080001
2183,2018,0.1839
2183,2019,0.18700001
2183,2020,0.1876
2183,2021,0.18889999
2183,2022,0.19
2183,2023,0.1885
2183,2024,0.1903
2183,2025,0.1899
2184,2006,0.1036
2184,2007,0.1065
2184,2008,0.1102
2184,2009,0.1154
2184,2010,0.1199
2184,2011,0.1245
2184,2012,0.12899999
2184,2013,0.13420001
2184,2014,0.13959999
2184,2015,0.1429
2184,2016,0.1521
2184,2017,0.1548
2184,2018,0.15989999
2184,2019,0.1647
2184,2020,0.1675
2184,2021,0.17
2184,2022,0.1715
2184,2023,0.1735
2184,2024,0.17569999
2184,2025,0.177
2260,2006,0.088500001
2260,2007,0.093599997
2260,2008,0.099299997
2260,2009,0.1016
2260,2010,0.1043
2260,2011,0.1089
2260,2012,0.1127
2260,2013,0.1161
2260,2014,0.1216
2260,2015,0.12620001
2260,2016,0.1367
2260,2017,0.14309999
2260,2018,0.1455
2260,2019,0.14300001
2260,2020,0.14030001
2260,2021,0.14300001
2260,2022,0.1434
2260,2023,0.1444
2260,2024,0.1508
2260,2025,0.1568
2262,2006,0.12530001
2262,2007,0.1284
2262,2008,0.1337
2262,2009,0.1391
2262,2010,0.14380001
2262,2011,0.1488
2262,2012,0.1521
2262,2013,0.15889999
2262,2014,0.1604
2262,2015,0.1654
2262,2016,0.1697
2262,2017,0.17389999
2262,2018,0.17560001
2262,2019,0.1767
2262,2020,0.17990001
2262,2021,0.182
2262,2022,0.1849
2262,2023,0.18350001
2262,2024,0.1884
2262,2025,0.19059999
2280,2006,0.1207
2280,2007,0.1245
2280,2008,0.1279
2280,2009,0.1346
2280,2010,0.1373
2280,2011,0.1429
2280,2012,0.1481
2280,2013,0.1611
2280,2014,0.176
2280,2015,0.1943
2280,2016,0.2096
2280,2017,0.21950001
2280,2018,0.2235
2280,2019,0.2279
2280,2020,0.2291
2280,2021,0.23109999
2280,2022,0.2366
2280,2023,0.2366
2280,2024,0.23800001
2280,2025,0.2394
2281,2006,0.1322
2281,2007,0.13600001
2281,2008,0.14049999
2281,2009,0.1468
2281,2010,0.1523
2281,2011,0.1569
2281,2012,0.1627
2281,2013,0.1682
2281,2014,0.1745
2281,2015,0.1798
2281,2016,0.18700001
2281,2017,0.1928
2281,2018,0.19750001
2281,2019,0.20299999
2281,2020,0.2067
2281,2021,0.2095
2281,2022,0.21259999
2281,2023,0.2147
2281,2024,0.2174
2281,2025,0.2211
2282,2006,0.1047
2282,2007,0.1109
2282,2008,0.1156
2282,2009,0.1192
2282,2010,0.1228
2282,2011,0.12899999
2282,2012,0.1345
2282,2013,0.14470001
2282,2014,0.1551
2282,2015,0.1663
2282,2016,0.1883
2282,2017,0.1954
2282,2018,0.20110001
2282,2019,0.2067
2282,2020,0.2088
2282,2021,0.2089
2282,2022,0.21179999
2282,2023,0.2122
2282,2024,0.21960001
2282,2025,0.2229
2283,2006,0.096299998
2283,2007,0.099600002
2283,2008,0.1074
2283,2009,0.1119
2283,2010,0.1178
2283,2011,0.1225
2283,2012,0.1293
2283,2013,0.13789999
2283,2014,0.1524
2283,2015,0.1652
2283,2016,0.1822
2283,2017,0.191
2283,2018,0.193
2283,2019,0.1875
2283,2020,0.1869
2283,2021,0.1901
2283,2022,0.19310001
2283,2023,0.19509999
2283,2024,0.19750001
2283,2025,0.19939999
2284,2006,0.096100003
2284,2007,0.099600002
2284,2008,0.1043
2284,2009,0.1077
2284,2010,0.1116
2284,2011,0.1139
2284,2012,0.1175
2284,2013,0.1206
2284,2014,0.1249
2284,2015,0.1337
2284,2016,0.1435
2284,2017,0.1523
2284,2018,0.156
2284,2019,0.161
2284,2020,0.1622
2284,2021,0.1639
2284,2022,0.16509999
2284,2023,0.1662
2284,2024,0.169
2284,2025,0.1698
2303,2006,0.098499998
2303,2007,0.1044
2303,2008,0.1072
2303,2009,0.1084
2303,2010,0.1202
2303,2011,0.1211
2303,2012,0.1332
2303,2013,0.1451
2303,2014,0.1533
2303,2015,0.1613
2303,2016,0.1812
2303,2017,0.1936
2303,2018,0.1838
2303,2019,0.1821
2303,2020,0.17649999
2303,2021,0.185
2303,2022,0.19
2303,2023,0.18539999
2303,2024,0.1858
2303,2025,0.18440001
2305,2006,0.1094
2305,2007,0.1124
2305,2008,0.1183
2305,2009,0.1234
2305,2010,0.13
2305,2011,0.13680001
2305,2012,0.1473
2305,2013,0.15000001
2305,2014,0.1578
2305,2015,0.17200001
2305,2016,0.1869
2305,2017,0.19509999
2305,2018,0.19159999
2305,2019,0.1892
2305,2020,0.18870001
2305,2021,0.1902
2305,2022,0.19320001
2305,2023,0.19599999
2305,2024,0.20299999
2305,2025,0.2087
2309,2006,0.1012
2309,2007,0.1064
2309,2008,0.1069
2309,2009,0.1078
2309,2010,0.1123
2309,2011,0.1152
2309,2012,0.1177
2309,2013,0.1261
2309,2014,0.12639999
2309,2015,0.1339
2309,2016,0.1393
2309,2017,0.1441
2309,2018,0.14300001
2309,2019,0.14470001
2309,2020,0.1463
2309,2021,0.14579999
2309,2022,0.14669999
2309,2023,0.1451
2309,2024,0.14920001
2309,2025,0.1514
2313,2006,0.089699998
2313,2007,0.1006
2313,2008,0.1055
2313,2009,0.1115
2313,2010,0.1196
2313,2011,0.1311
2313,2012,0.1397
2313,2013,0.1429
2313,2014,0.149
2313,2015,0.1488
2313,2016,0.1652
2313,2017,0.1732
2313,2018,0.17389999
2313,2019,0.177
2313,2020,0.1759
2313,2021,0.17990001
2313,2022,0.18340001
2313,2023,0.17839999
2313,2024,0.1794
2313,2025,0.18269999
2321,2006,0.13339999
2321,2007,0.1389
2321,2008,0.14380001
2321,2009,0.1453
2321,2010,0.1481
2321,2011,0.15099999
2321,2012,0.156
2321,2013,0.1626
2321,2014,0.17120001
2321,2015,0.1825
2321,2016,0.2045
2321,2017,0.2148
2321,2018,0.21870001
2321,2019,0.2194
2321,2020,0.21950001
2321,2021,0.2139
2321,2022,0.211
2321,2023,0.2102
2321,2024,0.2059
2321,2025,0.21070001
2326,2006,0.069799997
2326,2007,0.075499997
2326,2008,0.077299997
2326,2009,0.082699999
2326,2010,0.090999998
2326,2011,0.102
2326,2012,0.1012
2326,2013,0.111
2326,2014,0.117
2326,2015,0.1232
2326,2016,0.1409
2326,2017,0.1477
2326,2018,0.141
2326,2019,0.1399
2326,2020,0.14040001
2326,2021,0.14210001
2326,2022,0.14839999
2326,2023,0.1485
2326,2024,0.1486
2326,2025,0.14749999
2361,2006,0.092
2361,2007,0.097800002
2361,2008,0.1043
2361,2009,0.1079
2361,2010,0.1127
2361,2011,0.1161
2361,2012,0.1204
2361,2013,0.138
2361,2014,0.14219999
2361,2015,0.1508
2361,2016,0.15800001
2361,2017,0.1714
2361,2018,0.1751
2361,2019,0.17739999
2361,2020,0.1779
2361,2021,0.18080001
2361,2022,0.1825
2361,2023,0.1839
2361,2024,0.1864
2361,2025,0.1891
2380,2006,0.1101
2380,2007,0.1128
2380,2008,0.1158
2380,2009,0.1192
2380,2010,0.1225
2380,2011,0.1242
2380,2012,0.1268
2380,2013,0.1356
2380,2014,0.1418
2380,2015,0.1468
2380,2016,0.1534
2380,2017,0.1608
2380,2018,0.1672
2380,2019,0.1745
2380,2020,0.17739999
2380,2021,0.1815
2380,2022,0.1859
2380,2023,0.1893
2380,2024,0.19320001
2380,2025,0.1964
2401,2006,0.0854
2401,2007,0.0889
2401,2008,0.092200004
2401,2009,0.094400004
2401,2010,0.101
2401,2011,0.1102
2401,2012,0.1159
2401,2013,0.1213
2401,2014,0.1355
2401,2015,0.14139999
2401,2016,0.1507
2401,2017,0.1533
2401,2018,0.15889999
2401,2019,0.1613
2401,2020,0.1584
2401,2021,0.1613
2401,2022,0.1613
2401,2023,0.16410001
2401,2024,0.1574
2401,2025,0.1559
2403,2006,0.075199999
2403,2007,0.090599999
2403,2008,0.096600004
2403,2009,0.1064
2403,2010,0.1154
2403,2011,0.1234
2403,2012,0.1318
2403,2013,0.1424
2403,2014,0.1481
2403,2015,0.1602
2403,2016,0.1683
2403,2017,0.1742
2403,2018,0.1837
2403,2019,0.184
2403,2020,0.17470001
2403,2021,0.1841
2403,2022,0.1851
2403,2023,0.17839999
2403,2024,0.1768
2403,2025,0.1763
2404,2006,0.0814
2404,2007,0.088299997
2404,2008,0.094599999
2404,2009,0.0955
2404,2010,0.099299997
2404,2011,0.1047
2404,2012,0.1121
2404,2013,0.1185
2404,2014,0.1295
2404,2015,0.1322
2404,2016,0.14560001
2404,2017,0.1556
2404,2018,0.1656
2404,2019,0.1728
2404,2020,0.1761
2404,2021,0.1777
2404,2022,0.17479999
2404,2023,0.1778
2404,2024,0.1802
2404,2025,0.1815
2409,2006,0.0933
2409,2007,0.096100003
2409,2008,0.1001
2409,2009,0.1044
2409,2010,0.1118
2409,2011,0.1183
2409,2012,0.1242
2409,2013,0.12819999
2409,2014,0.1373
2409,2015,0.1471
2409,2016,0.1551
2409,2017,0.1592
2409,2018,0.1612
2409,2019,0.1647
2409,2020,0.17039999
2409,2021,0.1705
2409,2022,0.1768
2409,2023,0.1803
2409,2024,0.177
2409,2025,0.1807
2417,2006,0.063600004
2417,2007,0.066200003
2417,2008,0.077500001
2417,2009,0.089400001
2417,2010,0.1011
2417,2011,0.1029
2417,2012,0.111
2417,2013,0.1198
2417,2014,0.1309
2417,2015,0.1358
2417,2016,0.13959999
2417,2017,0.1468
2417,2018,0.1514
2417,2019,0.1498
2417,2020,0.148
2417,2021,0.1516
2417,2022,0.1538
2417,2023,0.1621
2417,2024,0.1759
2417,2025,0.17380001
2418,2006,0.067199998
2418,2007,0.067100003
2418,2008,0.0757
2418,2009,0.082900003
2418,2010,0.086099997
2418,2011,0.092
2418,2012,0.092600003
2418,2013,0.099200003
2418,2014,0.1069
2418,2015,0.1164
2418,2016,0.1187
2418,2017,0.1372
2418,2018,0.1496
2418,2019,0.15449999
2418,2020,0.1541
2418,2021,0.16580001
2418,2022,0.17839999
2418,2023,0.186
2418,2024,0.1935
2418,2025,0.1909
2421,2006,0.077299997
2421,2007,0.081600003
2421,2008,0.085000001
2421,2009,0.087800004
2421,2010,0.089500003
2421,2011,0.090400003
2421,2012,0.097400002
2421,2013,0.1053
2421,2014,0.1125
2421,2015,0.1196
2421,2016,0.1265
2421,2017,0.13590001
2421,2018,0.1441
2421,2019,0.1461
2421,2020,0.1538
2421,2021,0.15260001
2421,2022,0.1532
2421,2023,0.1525
2421,2024,0.1549
2421,2025,0.1622
2422,2006,0.080600001
2422,2007,0.094599999
2422,2008,0.091499999
2422,2009,0.1163
2422,2010,0.1269
2422,2011,0.14659999
2422,2012,0.15459999
2422,2013,0.1419
2422,2014,0.1541
2422,2015,0.1543
2422,2016,0.16689999
2422,2017,0.16689999
2422,2018,0.17020001
2422,2019,0.1691
2422,2020,0.16670001
2422,2021,0.176
2422,2022,0.1851
2422,2023,0.19059999
2422,2024,0.1935
2422,2025,0.1971
2425,2006,0.0704
2425,2007,0.074600004
2425,2008,0.081699997
2425,2009,0.087300003
2425,2010,0.099100001
2425,2011,0.1094
2425,2012,0.1067
2425,2013,0.1077
2425,2014,0.1172
2425,2015,0.131
2425,2016,0.13349999
2425,2017,0.13150001
2425,2018,0.1203
2425,2019,0.1192
2425,2020,0.1157
2425,2021,0.1192
2425,2022,0.12639999
2425,2023,0.1236
2425,2024,0.1303
2425,2025,0.12630001
2460,2006,0.081200004
2460,2007,0.0854
2460,2008,0.091300003
2460,2009,0.094700001
2460,2010,0.0986
2460,2011,0.1019
2460,2012,0.1078
2460,2013,0.1149
2460,2014,0.1197
2460,2015,0.12549999
2460,2016,0.1329
2460,2017,0.1392
2460,2018,0.145
2460,2019,0.146
2460,2020,0.1516
2460,2021,0.15369999
2460,2022,0.153
2460,2023,0.15440001
2460,2024,0.1567
2460,2025,0.15800001
2462,2006,0.058699999
2462,2007,0.0647
2462,2008,0.070200004
2462,2009,0.075199999
2462,2010,0.087200001
2462,2011,0.091499999
2462,2012,0.098399997
2462,2013,0.1025
2462,2014,0.112
2462,2015,0.118
2462,2016,0.1223
2462,2017,0.1288
2462,2018,0.1265
2462,2019,0.1258
2462,2020,0.124
2462,2021,0.12549999
2462,2022,0.12639999
2462,2023,0.12890001
2462,2024,0.12540001
2462,2025,0.1268
2463,2006,0.078900002
2463,2007,0.0986
2463,2008,0.1038
2463,2009,0.1072
2463,2010,0.1063
2463,2011,0.1107
2463,2012,0.1251
2463,2013,0.1256
2463,2014,0.13500001
2463,2015,0.1522
2463,2016,0.169
2463,2017,0.1595
2463,2018,0.1699
2463,2019,0.17110001
2463,2020,0.1779
2463,2021,0.1803
2463,2022,0.17829999
2463,2023,0.1847
2463,2024,0.1919
2463,2025,0.20469999
2480,2006,0.1574
2480,2007,0.1596
2480,2008,0.1635
2480,2009,0.16940001
2480,2010,0.17560001
2480,2011,0.178
2480,2012,0.1798
2480,2013,0.18449999
2480,2014,0.18870001
2480,2015,0.1909
2480,2016,0.198
2480,2017,0.2066
2480,2018,0.21349999
2480,2019,0.2201
2480,2020,0.2234
2480,2021,0.22589999
2480,2022,0.23
2480,2023,0.23270001
2480,2024,0.23720001
2480,2025,0.2413
2481,2006,0.096799999
2481,2007,0.097900003
2481,2008,0.1024
2481,2009,0.106
2481,2010,0.1136
2481,2011,0.1178
2481,2012,0.1242
2481,2013,0.12800001
2481,2014,0.1339
2481,2015,0.1391
2481,2016,0.1478
2481,2017,0.15800001
2481,2018,0.1654
2481,2019,0.1697
2481,2020,0.1728
2481,2021,0.17560001
2481,2022,0.18089999
2481,2023,0.1805
2481,2024,0.1837
2481,2025,0.19140001
2482,2006,0.091600001
2482,2007,0.095899999
2482,2008,0.098999999
2482,2009,0.1027
2482,2010,0.1055
2482,2011,0.1092
2482,2012,0.1142
2482,2013,0.1197
2482,2014,0.12530001
2482,2015,0.13
2482,2016,0.13680001
2482,2017,0.1442
2482,2018,0.1472
2482,2019,0.15000001
2482,2020,0.15350001
2482,2021,0.1617
2482,2022,0.17470001
2482,2023,0.1998
2482,2024,0.2225
2482,2025,0.19939999
2505,2006,0.071400002
2505,2007,0.077500001
2505,2008,0.082599998
2505,2009,0.089599997
2505,2010,0.097099997
2505,2011,0.1053
2505,2012,0.11
2505,2013,0.1164
2505,2014,0.1245
2505,2015,0.1314
2505,2016,0.1376
2505,2017,0.146
2505,2018,0.1445
2505,2019,0.146
2505,2020,0.1442
2505,2021,0.1499
2505,2022,0.1559
2505,2023,0.1575
2505,2024,0.1596
2505,2025,0.1603
2506,2006,0.12980001
2506,2007,0.1327
2506,2008,0.1418
2506,2009,0.15109999
2506,2010,0.156
2506,2011,0.1618
2506,2012,0.16140001
2506,2013,0.16509999
2506,2014,0.1741
2506,2015,0.17730001
2506,2016,0.1847
2506,2017,0.18340001
2506,2018,0.18799999
2506,2019,0.19
2506,2020,0.1821
2506,2021,0.18430001
2506,2022,0.1909
2506,2023,0.1901
2506,2024,0.1928
2506,2025,0.20110001
2510,2006,0.1166
2510,2007,0.1219
2510,2008,0.1323
2510,2009,0.1296
2510,2010,0.1375
2510,2011,0.1408
2510,2012,0.1477
2510,2013,0.1506
2510,2014,0.16419999
2510,2015,0.1767
2510,2016,0.1992
2510,2017,0.2007
2510,2018,0.19580001
2510,2019,0.1974
2510,2020,0.19769999
2510,2021,0.2015
2510,2022,0.2071
2510,2023,0.2052
2510,2024,0.2119
2510,2025,0.219
2513,2006,0.1195
2513,2007,0.1225
2513,2008,0.1314
2513,2009,0.13600001
2513,2010,0.1443
2513,2011,0.1471
2513,2012,0.1556
2513,2013,0.1621
2513,2014,0.1696
2513,2015,0.1794
2513,2016,0.18000001
2513,2017,0.19509999
2513,2018,0.1908
2513,2019,0.2024
2513,2020,0.20370001
2513,2021,0.20479999
2513,2022,0.2095
2513,2023,0.2261
2513,2024,0.2405
2513,2025,0.25330001
2514,2006,0.1839
2514,2007,0.1884
2514,2008,0.19069999
2514,2009,0.1895
2514,2010,0.1936
2514,2011,0.1955
2514,2012,0.1974
2514,2013,0.20020001
2514,2014,0.20280001
2514,2015,0.2052
2514,2016,0.2103
2514,2017,0.21439999
2514,2018,0.2165
2514,2019,0.2186
2514,2020,0.2216
2514,2021,0.2237
2514,2022,0.2287
2514,2023,0.2305
2514,2024,0.2316
2514,2025,0.23379999
2518,2006,0.47099999
2518,2007,0.4804
2518,2008,0.4885
2518,2009,0.49149999
2518,2010,0.495
2518,2011,0.49829999
2518,2012,0.50230002
2518,2013,0.50709999
2518,2014,0.51749998
2518,2015,0.52170002
2518,2016,0.52670002
2518,2017,0.52429998
2518,2018,0.52469999
2518,2019,0.52109998
2518,2020,0.51859999
2518,2021,0.51840001
2518,2022,0.51520002
2518,2023,0.50730002
2518,2024,0.509
2518,2025,0.5054
2521,2006,0.2793
2521,2007,0.2852
2521,2008,0.28839999
2521,2009,0.2924
2521,2010,0.29390001
2521,2011,0.29519999
2521,2012,0.29910001
2521,2013,0.30590001
2521,2014,0.31079999
2521,2015,0.31920001
2521,2016,0.3303
2521,2017,0.3398
2521,2018,0.33500001
2521,2019,0.34099999
2521,2020,0.33610001
2521,2021,0.33199999
2521,2022,0.33129999
2521,2023,0.33090001
2521,2024,0.33750001
2521,2025,0.33680001
2523,2006,0.1313
2523,2007,0.1357
2523,2008,0.13869999
2523,2009,0.13860001
2523,2010,0.1445
2523,2011,0.14740001
2523,2012,0.1516
2523,2013,0.1559
2523,2014,0.15809999
2523,2015,0.16249999
2523,2016,0.16940001
2523,2017,0.1753
2523,2018,0.1798
2523,2019,0.1842
2523,2020,0.18709999
2523,2021,0.1929
2523,2022,0.1982
2523,2023,0.2066
2523,2024,0.21160001
2523,2025,0.2166
2560,2006,0.089199997
2560,2007,0.092299998
2560,2008,0.093999997
2560,2009,0.098800004
2560,2010,0.1053
2560,2011,0.1116
2560,2012,0.1143
2560,2013,0.1198
2560,2014,0.12800001
2560,2015,0.13339999
2560,2016,0.14300001
2560,2017,0.1611
2560,2018,0.1561
2560,2019,0.1568
2560,2020,0.16
2560,2021,0.1608
2560,2022,0.16509999
2560,2023,0.16500001
2560,2024,0.17219999
2560,2025,0.1788
2580,2006,0.17900001
2580,2007,0.1796
2580,2008,0.18269999
2580,2009,0.1855
2580,2010,0.1893
2580,2011,0.1909
2580,2012,0.19509999
2580,2013,0.1979
2580,2014,0.2014
2580,2015,0.2044
2580,2016,0.2102
2580,2017,0.21709999
2580,2018,0.22239999
2580,2019,0.22759999
2580,2020,0.23109999
2580,2021,0.235
2580,2022,0.2395
2580,2023,0.24150001
2580,2024,0.2458
2580,2025,0.25310001
2581,2006,0.087300003
2581,2007,0.089900002
2581,2008,0.090700001
2581,2009,0.092
2581,2010,0.095100001
2581,2011,0.096699998
2581,2012,0.098899998
2581,2013,0.1018
2581,2014,0.1047
2581,2015,0.1074
2581,2016,0.1162
2581,2017,0.123
2581,2018,0.1233
2581,2019,0.12630001
2581,2020,0.1295
2581,2021,0.1313
2581,2022,0.1337
2581,2023,0.1365
2581,2024,0.13959999
2581,2025,0.14129999
2582,2006,0.1269
2582,2007,0.13079999
2582,2008,0.1312
2582,2009,0.13330001
2582,2010,0.1382
2582,2011,0.14560001
2582,2012,0.152
2582,2013,0.163
2582,2014,0.16599999
2582,2015,0.16850001
2582,2016,0.1732
2582,2017,0.182
2582,2018,0.1829
2582,2019,0.1874
2582,2020,0.19
2582,2021,0.1936
2582,2022,0.1954
2582,2023,0.2001
2582,2024,0.2095
2582,2025,0.2349
2583,2006,0.68239999
2583,2007,0.6839
2583,2008,0.6846
2583,2009,0.68660003
2583,2010,0.68760002
2583,2011,0.68989998
2583,2012,0.68959999
2583,2013,0.69230002
2583,2014,0.69349998
2583,2015,0.69400001
2583,2016,0.69910002
2583,2017,0.7026
2583,2018,0.70370001
2583,2019,0.7008
2583,2020,0.69749999
2583,2021,0.6961
2583,2022,0.6954
2583,2023,0.69309998
2583,2024,0.69010001
2583,2025,0.69019997
2584,2006,0.21179999
2584,2007,0.2133
2584,2008,0.2133
2584,2009,0.2172
2584,2010,0.2198
2584,2011,0.2219
2584,2012,0.22400001
2584,2013,0.2305
2584,2014,0.234
2584,2015,0.2359
2584,2016,0.2441
2584,2017,0.2498
2584,2018,0.25310001
2584,2019,0.25670001
2584,2020,0.2624
2584,2021,0.26710001
2584,2022,0.27399999
2584,2023,0.28150001
2584,2024,0.28940001
2584,2025,0.29629999
