kommun,year,andel_oppenvard_man
0114,2006,0.31009999
0114,2007,0.31999999
0114,2008,0.34259999
0114,2009,0.3441
0114,2010,0.34060001
0114,2011,0.37099999
0114,2012,0.3946
0114,2013,0.40009999
0114,2014,0.4068
0114,2015,0.41749999
0114,2016,0.41429999
0114,2017,0.41299999
0114,2018,0.39469999
0114,2019,0.3872
0114,2020,0.3788
0114,2021,0.38769999
0114,2022,0.38789999
0114,2023,0.38960001
0114,2024,0.4025
0114,2025,0.41240001
0115,2006,0.30919999
0115,2007,0.30700001
0115,2008,0.34580001
0115,2009,0.3154
0115,2010,0.3188
0115,2011,0.3626
0115,2012,0.37490001
0115,2013,0.40580001
0115,2014,0.41080001
0115,2015,0.41760001
0115,2016,0.42910001
0115,2017,0.4235
0115,2018,0.41280001
0115,2019,0.40720001
0115,2020,0.38839999
0115,2021,0.40200001
0115,2022,0.3996
0115,2023,0.41190001
0115,2024,0.42559999
0115,2025,0.43099999
0117,2006,0.2994
0117,2007,0.29300001
0117,2008,0.33590001
0117,2009,0.31349999
0117,2010,0.3116
0117,2011,0.36039999
0117,2012,0.38850001
0117,2013,0.4118
0117,2014,0.421
0117,2015,0.41690001
0117,2016,0.42210001
0117,2017,0.4161
0117,2018,0.39829999
0117,2019,0.4064
0117,2020,0.38479999
0117,2021,0.39230001
0117,2022,0.39289999
0117,2023,0.4077
0117,2024,0.4228
0117,2025,0.4314
0120,2006,0.3809
0120,2007,0.3768
0120,2008,0.38519999
0120,2009,0.38350001
0120,2010,0.39899999
0120,2011,0.39910001
0120,2012,0.40709999
0120,2013,0.37450001
0120,2014,0.38060001
0120,2015,0.38010001
0120,2016,0.38460001
0120,2017,0.389
0120,2018,0.39050001
0120,2019,0.38569999
0120,2020,0.37439999
0120,2021,0.3881
0120,2022,0.39809999
0120,2023,0.40380001
0120,2024,0.42219999
0120,2025,0.43110001
0123,2006,0.3195
0123,2007,0.3123
0123,2008,0.34419999
0123,2009,0.347
0123,2010,0.33790001
0123,2011,0.36430001
0123,2012,0.3971
0123,2013,0.4061
0123,2014,0.41569999
0123,2015,0.41800001
0123,2016,0.4206
0123,2017,0.414
0123,2018,0.39840001
0123,2019,0.4066
0123,2020,0.396
0123,2021,0.40529999
0123,2022,0.39669999
0123,2023,0.40790001
0123,2024,0.41549999
0123,2025,0.41819999
0125,2006,0.3091
0125,2007,0.30219999
0125,2008,0.34130001
0125,2009,0.33430001
0125,2010,0.33360001
0125,2011,0.3547
0125,2012,0.3874
0125,2013,0.3973
0125,2014,0.40669999
0125,2015,0.4016
0125,2016,0.3944
0125,2017,0.39950001
0125,2018,0.39480001
0125,2019,0.3987
0125,2020,0.3838
0125,2021,0.40439999
0125,2022,0.4075
0125,2023,0.4228
0125,2024,0.4391
0125,2025,0.44220001
0126,2006,0.3556
0126,2007,0.34150001
0126,2008,0.354
0126,2009,0.34490001
0126,2010,0.34760001
0126,2011,0.3439
0126,2012,0.37259999
0126,2013,0.3865
0126,2014,0.40000001
0126,2015,0.40000001
0126,2016,0.39700001
0126,2017,0.4052
0126,2018,0.3944
0126,2019,0.3915
0126,2020,0.37799999
0126,2021,0.38769999
0126,2022,0.38940001
0126,2023,0.40669999
0126,2024,0.41190001
0126,2025,0.41370001
0127,2006,0.3536
0127,2007,0.34240001
0127,2008,0.35789999
0127,2009,0.34349999
0127,2010,0.347
0127,2011,0.33500001
0127,2012,0.3779
0127,2013,0.39109999
0127,2014,0.40490001
0127,2015,0.40920001
0127,2016,0.41150001
0127,2017,0.421
0127,2018,0.41170001
0127,2019,0.41029999
0127,2020,0.39390001
0127,2021,0.40830001
0127,2022,0.4066
0127,2023,0.4136
0127,2024,0.4237
0127,2025,0.4215
0128,2006,0.37490001
0128,2007,0.3583
0128,2008,0.38280001
0128,2009,0.37619999
0128,2010,0.37169999
0128,2011,0.3856
0128,2012,0.3962
0128,2013,0.41
0128,2014,0.42860001
0128,2015,0.41549999
0128,2016,0.4199
0128,2017,0.42480001
0128,2018,0.4181
0128,2019,0.41729999
0128,2020,0.38530001
0128,2021,0.4127
0128,2022,0.42320001
0128,2023,0.42359999
0128,2024,0.433
0128,2025,0.44170001
0136,2006,0.35890001
0136,2007,0.33750001
0136,2008,0.3515
0136,2009,0.35699999
0136,2010,0.36880001
0136,2011,0.37459999
0136,2012,0.38659999
0136,2013,0.40279999
0136,2014,0.40700001
0136,2015,0.4057
0136,2016,0.4073
0136,2017,0.40270001
0136,2018,0.38940001
0136,2019,0.38229999
0136,2020,0.36899999
0136,2021,0.38170001
0136,2022,0.38640001
0136,2023,0.3946
0136,2024,0.40259999
0136,2025,0.40619999
0138,2006,0.32260001
0138,2007,0.31
0138,2008,0.33410001
0138,2009,0.3414
0138,2010,0.3603
0138,2011,0.3721
0138,2012,0.39230001
0138,2013,0.40920001
0138,2014,0.4197
0138,2015,0.41499999
0138,2016,0.4224
0138,2017,0.4149
0138,2018,0.40759999
0138,2019,0.40259999
0138,2020,0.38839999
0138,2021,0.40270001
0138,2022,0.40380001
0138,2023,0.4138
0138,2024,0.42860001
0138,2025,0.4276
0139,2006,0.32730001
0139,2007,0.31380001
0139,2008,0.3432
0139,2009,0.3448
0139,2010,0.34639999
0139,2011,0.36250001
0139,2012,0.38440001
0139,2013,0.39379999
0139,2014,0.40369999
0139,2015,0.41890001
0139,2016,0.4147
0139,2017,0.39969999
0139,2018,0.38170001
0139,2019,0.39430001
0139,2020,0.36829999
0139,2021,0.39039999
0139,2022,0.37639999
0139,2023,0.38150001
0139,2024,0.4034
0139,2025,0.40790001
0140,2006,0.3572
0140,2007,0.33739999
0140,2008,0.36809999
0140,2009,0.36109999
0140,2010,0.36750001
0140,2011,0.37450001
0140,2012,0.39390001
0140,2013,0.3946
0140,2014,0.42550001
0140,2015,0.42269999
0140,2016,0.41999999
0140,2017,0.42840001
0140,2018,0.41620001
0140,2019,0.41580001
0140,2020,0.4057
0140,2021,0.42070001
0140,2022,0.43340001
0140,2023,0.4373
0140,2024,0.42500001
0140,2025,0.42469999
0160,2006,0.30090001
0160,2007,0.29969999
0160,2008,0.34850001
0160,2009,0.32640001
0160,2010,0.32640001
0160,2011,0.38440001
0160,2012,0.4021
0160,2013,0.4348
0160,2014,0.4452
0160,2015,0.4404
0160,2016,0.44400001
0160,2017,0.4357
0160,2018,0.41760001
0160,2019,0.42410001
0160,2020,0.4086
0160,2021,0.41710001
0160,2022,0.41670001
0160,2023,0.42410001
0160,2024,0.43900001
0160,2025,0.44459999
0162,2006,0.34060001
0162,2007,0.34619999
0162,2008,0.37940001
0162,2009,0.37040001
0162,2010,0.35879999
0162,2011,0.4014
0162,2012,0.42129999
0162,2013,0.4368
0162,2014,0.4456
0162,2015,0.44190001
0162,2016,0.44549999
0162,2017,0.44119999
0162,2018,0.43220001
0162,2019,0.43239999
0162,2020,0.41710001
0162,2021,0.4235
0162,2022,0.428
0162,2023,0.43810001
0162,2024,0.44440001
0162,2025,0.45719999
0163,2006,0.33590001
0163,2007,0.33250001
0163,2008,0.34380001
0163,2009,0.34330001
0163,2010,0.33950001
0163,2011,0.375
0163,2012,0.39410001
0163,2013,0.4023
0163,2014,0.39899999
0163,2015,0.40599999
0163,2016,0.40939999
0163,2017,0.40169999
0163,2018,0.39359999
0163,2019,0.39430001
0163,2020,0.38519999
0163,2021,0.39320001
0163,2022,0.3962
0163,2023,0.40090001
0163,2024,0.4163
0163,2025,0.421
0180,2006,0.3292
0180,2007,0.3247
0180,2008,0.3432
0180,2009,0.33919999
0180,2010,0.34290001
0180,2011,0.35530001
0180,2012,0.3818
0180,2013,0.3917
0180,2014,0.39879999
0180,2015,0.39820001
0180,2016,0.4032
0180,2017,0.40439999
0180,2018,0.39700001
0180,2019,0.39930001
0180,2020,0.38330001
0180,2021,0.39660001
0180,2022,0.39840001
0180,2023,0.40529999
0180,2024,0.41580001
0180,2025,0.41890001
0181,2006,0.37439999
0181,2007,0.36059999
0181,2008,0.3838
0181,2009,0.37689999
0181,2010,0.38319999
0181,2011,0.3899
0181,2012,0.40810001
0181,2013,0.41819999
0181,2014,0.4316
0181,2015,0.4425
0181,2016,0.4418
0181,2017,0.44400001
0181,2018,0.43340001
0181,2019,0.4294
0181,2020,0.40849999
0181,2021,0.42109999
0181,2022,0.42390001
0181,2023,0.42590001
0181,2024,0.4242
0181,2025,0.43200001
0182,2006,0.39860001
0182,2007,0.38550001
0182,2008,0.3987
0182,2009,0.39660001
0182,2010,0.4059
0182,2011,0.4109
0182,2012,0.42899999
0182,2013,0.3953
0182,2014,0.3987
0182,2015,0.38870001
0182,2016,0.39289999
0182,2017,0.39950001
0182,2018,0.3926
0182,2019,0.3946
0182,2020,0.37689999
0182,2021,0.38859999
0182,2022,0.39579999
0182,2023,0.3969
0182,2024,0.4093
0182,2025,0.4172
0183,2006,0.34009999
0183,2007,0.33649999
0183,2008,0.34740001
0183,2009,0.3515
0183,2010,0.35550001
0183,2011,0.36199999
0183,2012,0.39129999
0183,2013,0.39390001
0183,2014,0.39829999
0183,2015,0.39950001
0183,2016,0.40450001
0183,2017,0.39770001
0183,2018,0.38339999
0183,2019,0.38859999
0183,2020,0.38519999
0183,2021,0.39660001
0183,2022,0.39399999
0183,2023,0.40220001
0183,2024,0.40880001
0183,2025,0.41350001
0184,2006,0.34130001
0184,2007,0.32859999
0184,2008,0.3448
0184,2009,0.34509999
0184,2010,0.34509999
0184,2011,0.3592
0184,2012,0.38640001
0184,2013,0.3976
0184,2014,0.40090001
0184,2015,0.39899999
0184,2016,0.40180001
0184,2017,0.3935
0184,2018,0.38839999
0184,2019,0.39700001
0184,2020,0.3811
0184,2021,0.39030001
0184,2022,0.3935
0184,2023,0.40419999
0184,2024,0.41229999
0184,2025,0.41319999
0186,2006,0.31479999
0186,2007,0.3057
0186,2008,0.347
0186,2009,0.3538
0186,2010,0.36039999
0186,2011,0.37020001
0186,2012,0.40239999
0186,2013,0.4395
0186,2014,0.44440001
0186,2015,0.4409
0186,2016,0.4364
0186,2017,0.44459999
0186,2018,0.43419999
0186,2019,0.43939999
0186,2020,0.42199999
0186,2021,0.42719999
0186,2022,0.43349999
0186,2023,0.44549999
0186,2024,0.45210001
0186,2025,0.46110001
0187,2006,0.30649999
0187,2007,0.30360001
0187,2008,0.33829999
0187,2009,0.33219999
0187,2010,0.33149999
0187,2011,0.3682
0187,2012,0.3933
0187,2013,0.4122
0187,2014,0.4208
0187,2015,0.41049999
0187,2016,0.4276
0187,2017,0.4271
0187,2018,0.41190001
0187,2019,0.4086
0187,2020,0.39989999
0187,2021,0.4082
0187,2022,0.4355
0187,2023,0.4337
0187,2024,0.4447
0187,2025,0.46380001
0188,2006,0.42289999
0188,2007,0.4147
0188,2008,0.43200001
0188,2009,0.43619999
0188,2010,0.43790001
0188,2011,0.4598
0188,2012,0.46779999
0188,2013,0.46810001
0188,2014,0.47459999
0188,2015,0.47839999
0188,2016,0.4761
0188,2017,0.48210001
0188,2018,0.47369999
0188,2019,0.47130001
0188,2020,0.40740001
0188,2021,0.42019999
0188,2022,0.4316
0188,2023,0.43970001
0188,2024,0.4497
0188,2025,0.4869
0191,2006,0.31290001
0191,2007,0.31079999
0191,2008,0.3398
0191,2009,0.3351
0191,2010,0.34110001
0191,2011,0.3398
0191,2012,0.35980001
0191,2013,0.36669999
0191,2014,0.3748
0191,2015,0.38780001
0191,2016,0.38049999
0191,2017,0.37270001
0191,2018,0.36000001
0191,2019,0.35879999
0191,2020,0.35179999
0191,2021,0.36809999
0191,2022,0.3642
0191,2023,0.36539999
0191,2024,0.38789999
0191,2025,0.38890001
0192,2006,0.3743
0192,2007,0.34999999
0192,2008,0.35190001
0192,2009,0.35659999
0192,2010,0.3594
0192,2011,0.37270001
0192,2012,0.39539999
0192,2013,0.41159999
0192,2014,0.42340001
0192,2015,0.42140001
0192,2016,0.41620001
0192,2017,0.41060001
0192,2018,0.40650001
0192,2019,0.40310001
0192,2020,0.3822
0192,2021,0.39680001
0192,2022,0.40040001
0192,2023,0.41729999
0192,2024,0.4276
0192,2025,0.4395
0305,2006,0.35190001
0305,2007,0.31420001
0305,2008,0.36050001
0305,2009,0.37
0305,2010,0.3592
0305,2011,0.37090001
0305,2012,0.36989999
0305,2013,0.39899999
0305,2014,0.39520001
0305,2015,0.3876
0305,2016,0.38850001
0305,2017,0.39309999
0305,2018,0.39539999
0305,2019,0.3892
0305,2020,0.37180001
0305,2021,0.37040001
0305,2022,0.37900001
0305,2023,0.39669999
0305,2024,0.4156
0305,2025,0.42860001
0319,2006,0.29660001
0319,2007,0.30599999
0319,2008,0.32780001
0319,2009,0.3276
0319,2010,0.32460001
0319,2011,0.32269999
0319,2012,0.3335
0319,2013,0.3484
0319,2014,0.347
0319,2015,0.3585
0319,2016,0.34900001
0319,2017,0.3479
0319,2018,0.35030001
0319,2019,0.3493
0319,2020,0.32699999
0319,2021,0.3425
0319,2022,0.3531
0319,2023,0.35100001
0319,2024,0.37729999
0319,2025,0.38429999
0330,2006,0.3263
0330,2007,0.31479999
0330,2008,0.3206
0330,2009,0.32620001
0330,2010,0.32800001
0330,2011,0.33970001
0330,2012,0.34209999
0330,2013,0.36059999
0330,2014,0.35969999
0330,2015,0.3545
0330,2016,0.33559999
0330,2017,0.3436
0330,2018,0.34439999
0330,2019,0.3427
0330,2020,0.32620001
0330,2021,0.32640001
0330,2022,0.34099999
0330,2023,0.3522
0330,2024,0.37220001
0330,2025,0.37529999
0331,2006,0.33930001
0331,2007,0.3378
0331,2008,0.3567
0331,2009,0.35910001
0331,2010,0.35499999
0331,2011,0.3716
0331,2012,0.3757
0331,2013,0.3881
0331,2014,0.38620001
0331,2015,0.38139999
0331,2016,0.38159999
0331,2017,0.389
0331,2018,0.37670001
0331,2019,0.37110001
0331,2020,0.35170001
0331,2021,0.3601
0331,2022,0.3707
0331,2023,0.38679999
0331,2024,0.40130001
0331,2025,0.405
0360,2006,0.2895
0360,2007,0.2841
0360,2008,0.2904
0360,2009,0.28470001
0360,2010,0.30320001
0360,2011,0.31389999
0360,2012,0.3184
0360,2013,0.34119999
0360,2014,0.34029999
0360,2015,0.35749999
0360,2016,0.34779999
0360,2017,0.3414
0360,2018,0.33430001
0360,2019,0.3407
0360,2020,0.3229
0360,2021,0.32139999
0360,2022,0.34110001
0360,2023,0.35519999
0360,2024,0.36570001
0360,2025,0.36430001
0380,2006,0.34729999
0380,2007,0.33860001
0380,2008,0.3378
0380,2009,0.338
0380,2010,0.34150001
0380,2011,0.36669999
0380,2012,0.3608
0380,2013,0.3646
0380,2014,0.36390001
0380,2015,0.3617
0380,2016,0.35280001
0380,2017,0.3617
0380,2018,0.35839999
0380,2019,0.3558
0380,2020,0.33649999
0380,2021,0.33739999
0380,2022,0.34509999
0380,2023,0.3515
0380,2024,0.36539999
0380,2025,0.36700001
0381,2006,0.39739999
0381,2007,0.36230001
0381,2008,0.39860001
0381,2009,0.39570001
0381,2010,0.3964
0381,2011,0.4039
0381,2012,0.41139999
0381,2013,0.43759999
0381,2014,0.4271
0381,2015,0.43099999
0381,2016,0.42559999
0381,2017,0.42379999
0381,2018,0.42199999
0381,2019,0.42500001
0381,2020,0.40599999
0381,2021,0.412
0381,2022,0.4201
0381,2023,0.42379999
0381,2024,0.4409
0381,2025,0.4393
0382,2006,0.28279999
0382,2007,0.28420001
0382,2008,0.29589999
0382,2009,0.2895
0382,2010,0.30809999
0382,2011,0.3184
0382,2012,0.31110001
0382,2013,0.34150001
0382,2014,0.33610001
0382,2015,0.3432
0382,2016,0.34990001
0382,2017,0.3475
0382,2018,0.3337
0382,2019,0.33680001
0382,2020,0.329
0382,2021,0.33129999
0382,2022,0.3506
0382,2023,0.36680001
0382,2024,0.3901
0382,2025,0.3858
0428,2006,0.32080001
0428,2007,0.3281
0428,2008,0.3425
0428,2009,0.3504
0428,2010,0.3635
0428,2011,0.3768
0428,2012,0.3619
0428,2013,0.38209999
0428,2014,0.396
0428,2015,0.38170001
0428,2016,0.3872
0428,2017,0.39610001
0428,2018,0.40849999
0428,2019,0.40709999
0428,2020,0.368
0428,2021,0.37490001
0428,2022,0.40239999
0428,2023,0.40130001
0428,2024,0.38589999
0428,2025,0.39089999
0461,2006,0.31130001
0461,2007,0.3132
0461,2008,0.34459999
0461,2009,0.33939999
0461,2010,0.3265
0461,2011,0.34850001
0461,2012,0.33919999
0461,2013,0.3461
0461,2014,0.35710001
0461,2015,0.3655
0461,2016,0.36790001
0461,2017,0.38080001
0461,2018,0.37490001
0461,2019,0.36379999
0461,2020,0.33219999
0461,2021,0.3549
0461,2022,0.37310001
0461,2023,0.38730001
0461,2024,0.39829999
0461,2025,0.38850001
0480,2006,0.33500001
0480,2007,0.33320001
0480,2008,0.3585
0480,2009,0.359
0480,2010,0.35659999
0480,2011,0.36050001
0480,2012,0.36149999
0480,2013,0.36629999
0480,2014,0.3705
0480,2015,0.37259999
0480,2016,0.38
0480,2017,0.3849
0480,2018,0.37740001
0480,2019,0.3691
0480,2020,0.33469999
0480,2021,0.34639999
0480,2022,0.3662
0480,2023,0.3822
0480,2024,0.38029999
0480,2025,0.37580001
0481,2006,0.34060001
0481,2007,0.33419999
0481,2008,0.3603
0481,2009,0.36289999
0481,2010,0.3655
0481,2011,0.36700001
0481,2012,0.37909999
0481,2013,0.38960001
0481,2014,0.3723
0481,2015,0.38730001
0481,2016,0.39070001
0481,2017,0.38170001
0481,2018,0.37639999
0481,2019,0.38240001
0481,2020,0.34220001
0481,2021,0.35159999
0481,2022,0.38339999
0481,2023,0.39660001
0481,2024,0.39989999
0481,2025,0.38859999
0482,2006,0.32440001
0482,2007,0.33489999
0482,2008,0.33649999
0482,2009,0.33790001
0482,2010,0.3477
0482,2011,0.35319999
0482,2012,0.34119999
0482,2013,0.3547
0482,2014,0.37239999
0482,2015,0.37450001
0482,2016,0.37619999
0482,2017,0.3822
0482,2018,0.37959999
0482,2019,0.3804
0482,2020,0.36449999
0482,2021,0.3818
0482,2022,0.38389999
0482,2023,0.39359999
0482,2024,0.38440001
0482,2025,0.39089999
0483,2006,0.3484
0483,2007,0.35479999
0483,2008,0.37
0483,2009,0.3775
0483,2010,0.3768
0483,2011,0.38159999
0483,2012,0.36809999
0483,2013,0.38029999
0483,2014,0.39089999
0483,2015,0.38789999
0483,2016,0.39359999
0483,2017,0.38890001
0483,2018,0.3996
0483,2019,0.39399999
0483,2020,0.3628
0483,2021,0.37740001
0483,2022,0.38679999
0483,2023,0.4057
0483,2024,0.39140001
0483,2025,0.39320001
0484,2006,0.33579999
0484,2007,0.3391
0484,2008,0.35640001
0484,2009,0.35499999
0484,2010,0.35929999
0484,2011,0.36989999
0484,2012,0.36579999
0484,2013,0.37369999
0484,2014,0.382
0484,2015,0.3831
0484,2016,0.38060001
0484,2017,0.37650001
0484,2018,0.38859999
0484,2019,0.38679999
0484,2020,0.36000001
0484,2021,0.37869999
0484,2022,0.37909999
0484,2023,0.3971
0484,2024,0.39179999
0484,2025,0.3955
0486,2006,0.28049999
0486,2007,0.2845
0486,2008,0.30140001
0486,2009,0.31389999
0486,2010,0.324
0486,2011,0.33270001
0486,2012,0.32620001
0486,2013,0.3434
0486,2014,0.34999999
0486,2015,0.35080001
0486,2016,0.35479999
0486,2017,0.35589999
0486,2018,0.3574
0486,2019,0.36050001
0486,2020,0.3321
0486,2021,0.34810001
0486,2022,0.35499999
0486,2023,0.37459999
0486,2024,0.3689
0486,2025,0.37040001
0488,2006,0.30050001
0488,2007,0.29390001
0488,2008,0.33250001
0488,2009,0.3409
0488,2010,0.3486
0488,2011,0.35120001
0488,2012,0.35980001
0488,2013,0.36469999
0488,2014,0.3739
0488,2015,0.3669
0488,2016,0.38710001
0488,2017,0.3743
0488,2018,0.3671
0488,2019,0.36849999
0488,2020,0.34369999
0488,2021,0.33660001
0488,2022,0.361
0488,2023,0.3748
0488,2024,0.37110001
0488,2025,0.37940001
0509,2006,0.3071
0509,2007,0.30250001
0509,2008,0.3071
0509,2009,0.32699999
0509,2010,0.333
0509,2011,0.31979999
0509,2012,0.35960001
0509,2013,0.3547
0509,2014,0.34189999
0509,2015,0.3486
0509,2016,0.3581
0509,2017,0.35980001
0509,2018,0.37850001
0509,2019,0.38609999
0509,2020,0.36539999
0509,2021,0.38229999
0509,2022,0.3867
0509,2023,0.40009999
0509,2024,0.41260001
0509,2025,0.4215
0512,2006,0.29179999
0512,2007,0.3224
0512,2008,0.32179999
0512,2009,0.30989999
0512,2010,0.3134
0512,2011,0.34290001
0512,2012,0.3436
0512,2013,0.34240001
0512,2014,0.35089999
0512,2015,0.36829999
0512,2016,0.36660001
0512,2017,0.36989999
0512,2018,0.37470001
0512,2019,0.37850001
0512,2020,0.36880001
0512,2021,0.3845
0512,2022,0.3942
0512,2023,0.4057
0512,2024,0.41280001
0512,2025,0.4237
0513,2006,0.31240001
0513,2007,0.3057
0513,2008,0.3089
0513,2009,0.31639999
0513,2010,0.3238
0513,2011,0.3312
0513,2012,0.34330001
0513,2013,0.3558
0513,2014,0.35769999
0513,2015,0.38479999
0513,2016,0.384
0513,2017,0.35170001
0513,2018,0.3662
0513,2019,0.3741
0513,2020,0.35530001
0513,2021,0.3698
0513,2022,0.3788
0513,2023,0.38710001
0513,2024,0.39250001
0513,2025,0.3937
0560,2006,0.31290001
0560,2007,0.32429999
0560,2008,0.3141
0560,2009,0.36129999
0560,2010,0.35980001
0560,2011,0.3389
0560,2012,0.3682
0560,2013,0.3484
0560,2014,0.35299999
0560,2015,0.36790001
0560,2016,0.36939999
0560,2017,0.3804
0560,2018,0.36700001
0560,2019,0.3779
0560,2020,0.34799999
0560,2021,0.36160001
0560,2022,0.3642
0560,2023,0.36759999
0560,2024,0.39109999
0560,2025,0.3946
0561,2006,0.3105
0561,2007,0.30180001
0561,2008,0.29030001
0561,2009,0.3026
0561,2010,0.30939999
0561,2011,0.30509999
0561,2012,0.32679999
0561,2013,0.3285
0561,2014,0.33309999
0561,2015,0.3405
0561,2016,0.34020001
0561,2017,0.34299999
0561,2018,0.35870001
0561,2019,0.37369999
0561,2020,0.34909999
0561,2021,0.36250001
0561,2022,0.3827
0561,2023,0.37799999
0561,2024,0.39840001
0561,2025,0.39219999
0562,2006,0.29519999
0562,2007,0.28279999
0562,2008,0.5819
0562,2009,0.30070001
0562,2010,0.3186
0562,2011,0.3263
0562,2012,0.3184
0562,2013,0.35249999
0562,2014,0.33410001
0562,2015,0.3441
0562,2016,0.34040001
0562,2017,0.33860001
0562,2018,0.34740001
0562,2019,0.36160001
0562,2020,0.3312
0562,2021,0.34630001
0562,2022,0.35550001
0562,2023,0.36050001
0562,2024,0.38029999
0562,2025,0.3813
0563,2006,0.2651
0563,2007,0.26629999
0563,2008,0.33680001
0563,2009,0.31240001
0563,2010,0.3391
0563,2011,0.35519999
0563,2012,0.35179999
0563,2013,0.3707
0563,2014,0.35429999
0563,2015,0.3529
0563,2016,0.3495
0563,2017,0.3434
0563,2018,0.3529
0563,2019,0.35080001
0563,2020,0.33989999
0563,2021,0.34549999
0563,2022,0.3712
0563,2023,0.37400001
0563,2024,0.39930001
0563,2025,0.40189999
0580,2006,0.3355
0580,2007,0.33379999
0580,2008,0.32460001
0580,2009,0.33160001
0580,2010,0.33520001
0580,2011,0.33270001
0580,2012,0.3468
0580,2013,0.35980001
0580,2014,0.34959999
0580,2015,0.35479999
0580,2016,0.35010001
0580,2017,0.3506
0580,2018,0.35640001
0580,2019,0.36269999
0580,2020,0.34099999
0580,2021,0.3547
0580,2022,0.35749999
0580,2023,0.3687
0580,2024,0.38150001
0580,2025,0.37380001
0581,2006,0.25260001
0581,2007,0.25830001
0581,2008,0.33070001
0581,2009,0.3143
0581,2010,0.33719999
0581,2011,0.34580001
0581,2012,0.34670001
0581,2013,0.37540001
0581,2014,0.3477
0581,2015,0.34630001
0581,2016,0.34279999
0581,2017,0.3468
0581,2018,0.34940001
0581,2019,0.354
0581,2020,0.33629999
0581,2021,0.3477
0581,2022,0.3493
0581,2023,0.36629999
0581,2024,0.38710001
0581,2025,0.39179999
0582,2006,0.2481
0582,2007,0.2402
0582,2008,0.31189999
0582,2009,0.2974
0582,2010,0.32249999
0582,2011,0.338
0582,2012,0.3459
0582,2013,0.3759
0582,2014,0.34259999
0582,2015,0.35879999
0582,2016,0.3554
0582,2017,0.36469999
0582,2018,0.3678
0582,2019,0.35910001
0582,2020,0.35159999
0582,2021,0.3486
0582,2022,0.36090001
0582,2023,0.37979999
0582,2024,0.40329999
0582,2025,0.40709999
0583,2006,0.34709999
0583,2007,0.34630001
0583,2008,0.34580001
0583,2009,0.35609999
0583,2010,0.3673
0583,2011,0.37009999
0583,2012,0.38150001
0583,2013,0.38420001
0583,2014,0.38640001
0583,2015,0.38820001
0583,2016,0.38769999
0583,2017,0.38370001
0583,2018,0.3946
0583,2019,0.40090001
0583,2020,0.37630001
0583,2021,0.39750001
0583,2022,0.40889999
0583,2023,0.42050001
0583,2024,0.4271
0583,2025,0.42160001
0584,2006,0.29960001
0584,2007,0.3057
0584,2008,0.3132
0584,2009,0.3398
0584,2010,0.34909999
0584,2011,0.34729999
0584,2012,0.3549
0584,2013,0.37369999
0584,2014,0.38139999
0584,2015,0.39289999
0584,2016,0.39050001
0584,2017,0.3976
0584,2018,0.39669999
0584,2019,0.41150001
0584,2020,0.3888
0584,2021,0.3987
0584,2022,0.41420001
0584,2023,0.42570001
0584,2024,0.4364
0584,2025,0.4321
0586,2006,0.331
0586,2007,0.34040001
0586,2008,0.3337
0586,2009,0.3439
0586,2010,0.3497
0586,2011,0.3427
0586,2012,0.3583
0586,2013,0.35870001
0586,2014,0.35839999
0586,2015,0.3583
0586,2016,0.36489999
0586,2017,0.3633
0586,2018,0.37009999
0586,2019,0.36930001
0586,2020,0.3477
0586,2021,0.36570001
0586,2022,0.3788
0586,2023,0.38929999
0586,2024,0.39809999
0586,2025,0.39089999
0604,2006,0.28670001
0604,2007,0.27379999
0604,2008,0.3143
0604,2009,0.301
0604,2010,0.28830001
0604,2011,0.3125
0604,2012,0.34979999
0604,2013,0.34560001
0604,2014,0.34940001
0604,2015,0.3664
0604,2016,0.3682
0604,2017,0.38350001
0604,2018,0.40239999
0604,2019,0.38460001
0604,2020,0.37059999
0604,2021,0.37819999
0604,2022,0.37959999
0604,2023,0.39030001
0604,2024,0.38530001
0604,2025,0.40799999
0617,2006,0.29229999
0617,2007,0.2942
0617,2008,0.30070001
0617,2009,0.31510001
0617,2010,0.31729999
0617,2011,0.33329999
0617,2012,0.33539999
0617,2013,0.34380001
0617,2014,0.34760001
0617,2015,0.34999999
0617,2016,0.3461
0617,2017,0.3556
0617,2018,0.36520001
0617,2019,0.37130001
0617,2020,0.35170001
0617,2021,0.3651
0617,2022,0.35699999
0617,2023,0.35730001
0617,2024,0.37990001
0617,2025,0.3856
0642,2006,0.28580001
0642,2007,0.2895
0642,2008,0.29300001
0642,2009,0.30579999
0642,2010,0.29300001
0642,2011,0.3046
0642,2012,0.34459999
0642,2013,0.34850001
0642,2014,0.35280001
0642,2015,0.36320001
0642,2016,0.36300001
0642,2017,0.3705
0642,2018,0.38589999
0642,2019,0.38999999
0642,2020,0.368
0642,2021,0.38460001
0642,2022,0.3809
0642,2023,0.39039999
0642,2024,0.39950001
0642,2025,0.4034
0643,2006,0.27239999
0643,2007,0.28240001
0643,2008,0.28
0643,2009,0.296
0643,2010,0.30050001
0643,2011,0.31240001
0643,2012,0.34999999
0643,2013,0.33180001
0643,2014,0.34810001
0643,2015,0.35389999
0643,2016,0.35569999
0643,2017,0.361
0643,2018,0.36340001
0643,2019,0.3646
0643,2020,0.36019999
0643,2021,0.3856
0643,2022,0.37990001
0643,2023,0.39039999
0643,2024,0.40020001
0643,2025,0.38060001
0662,2006,0.31009999
0662,2007,0.30840001
0662,2008,0.30759999
0662,2009,0.31729999
0662,2010,0.30540001
0662,2011,0.31349999
0662,2012,0.34580001
0662,2013,0.352
0662,2014,0.3637
0662,2015,0.36770001
0662,2016,0.3493
0662,2017,0.36199999
0662,2018,0.3673
0662,2019,0.36520001
0662,2020,0.35600001
0662,2021,0.36989999
0662,2022,0.3682
0662,2023,0.37599999
0662,2024,0.3793
0662,2025,0.3829
0665,2006,0.31290001
0665,2007,0.3143
0665,2008,0.31240001
0665,2009,0.32229999
0665,2010,0.32190001
0665,2011,0.32300001
0665,2012,0.34380001
0665,2013,0.34990001
0665,2014,0.36059999
0665,2015,0.36059999
0665,2016,0.35010001
0665,2017,0.3707
0665,2018,0.37040001
0665,2019,0.3716
0665,2020,0.3576
0665,2021,0.37580001
0665,2022,0.37180001
0665,2023,0.37630001
0665,2024,0.38190001
0665,2025,0.3964
0680,2006,0.31999999
0680,2007,0.31189999
0680,2008,0.31810001
0680,2009,0.31670001
0680,2010,0.31659999
0680,2011,0.3373
0680,2012,0.36860001
0680,2013,0.36449999
0680,2014,0.368
0680,2015,0.36669999
0680,2016,0.35859999
0680,2017,0.3619
0680,2018,0.3752
0680,2019,0.36849999
0680,2020,0.35260001
0680,2021,0.3678
0680,2022,0.36660001
0680,2023,0.3761
0680,2024,0.3809
0680,2025,0.38569999
0682,2006,0.30829999
0682,2007,0.3242
0682,2008,0.34060001
0682,2009,0.31810001
0682,2010,0.30500001
0682,2011,0.32600001
0682,2012,0.3786
0682,2013,0.37920001
0682,2014,0.36680001
0682,2015,0.3739
0682,2016,0.37889999
0682,2017,0.389
0682,2018,0.38240001
0682,2019,0.37970001
0682,2020,0.37369999
0682,2021,0.3883
0682,2022,0.38280001
0682,2023,0.38460001
0682,2024,0.39469999
0682,2025,0.4075
0683,2006,0.3549
0683,2007,0.3531
0683,2008,0.35249999
0683,2009,0.36090001
0683,2010,0.34869999
0683,2011,0.35640001
0683,2012,0.36700001
0683,2013,0.38260001
0683,2014,0.38940001
0683,2015,0.37920001
0683,2016,0.37290001
0683,2017,0.39109999
0683,2018,0.39179999
0683,2019,0.3901
0683,2020,0.37490001
0683,2021,0.3883
0683,2022,0.3969
0683,2023,0.4023
0683,2024,0.39989999
0683,2025,0.40079999
0684,2006,0.29980001
0684,2007,0.30559999
0684,2008,0.2983
0684,2009,0.3046
0684,2010,0.28740001
0684,2011,0.3087
0684,2012,0.33059999
0684,2013,0.33579999
0684,2014,0.33520001
0684,2015,0.35499999
0684,2016,0.33880001
0684,2017,0.3522
0684,2018,0.37940001
0684,2019,0.39050001
0684,2020,0.3714
0684,2021,0.40200001
0684,2022,0.38589999
0684,2023,0.39269999
0684,2024,0.4043
0684,2025,0.4057
0685,2006,0.30599999
0685,2007,0.3141
0685,2008,0.31279999
0685,2009,0.31650001
0685,2010,0.31060001
0685,2011,0.31740001
0685,2012,0.35370001
0685,2013,0.35350001
0685,2014,0.36219999
0685,2015,0.36849999
0685,2016,0.35839999
0685,2017,0.3784
0685,2018,0.3827
0685,2019,0.3716
0685,2020,0.37279999
0685,2021,0.37490001
0685,2022,0.37990001
0685,2023,0.36950001
0685,2024,0.37549999
0685,2025,0.38249999
0686,2006,0.32499999
0686,2007,0.32609999
0686,2008,0.3351
0686,2009,0.34
0686,2010,0.32570001
0686,2011,0.33180001
0686,2012,0.36559999
0686,2013,0.37450001
0686,2014,0.37940001
0686,2015,0.37760001
0686,2016,0.36750001
0686,2017,0.38999999
0686,2018,0.40380001
0686,2019,0.39820001
0686,2020,0.39969999
0686,2021,0.4043
0686,2022,0.40599999
0686,2023,0.42469999
0686,2024,0.4192
0686,2025,0.42969999
0687,2006,0.25889999
0687,2007,0.2719
0687,2008,0.28349999
0687,2009,0.27739999
0687,2010,0.27419999
0687,2011,0.28929999
0687,2012,0.329
0687,2013,0.33309999
0687,2014,0.33930001
0687,2015,0.33849999
0687,2016,0.3265
0687,2017,0.34779999
0687,2018,0.35890001
0687,2019,0.36269999
0687,2020,0.35049999
0687,2021,0.3563
0687,2022,0.36680001
0687,2023,0.3664
0687,2024,0.37580001
0687,2025,0.39359999
0760,2006,0.30970001
0760,2007,0.333
0760,2008,0.33950001
0760,2009,0.34639999
0760,2010,0.3373
0760,2011,0.35420001
0760,2012,0.34819999
0760,2013,0.33759999
0760,2014,0.34869999
0760,2015,0.34580001
0760,2016,0.34529999
0760,2017,0.33629999
0760,2018,0.33450001
0760,2019,0.352
0760,2020,0.32949999
0760,2021,0.32690001
0760,2022,0.3436
0760,2023,0.36750001
0760,2024,0.35980001
0760,2025,0.35780001
0761,2006,0.31819999
0761,2007,0.34580001
0761,2008,0.35350001
0761,2009,0.36309999
0761,2010,0.34060001
0761,2011,0.38440001
0761,2012,0.38260001
0761,2013,0.33289999
0761,2014,0.3527
0761,2015,0.36480001
0761,2016,0.34029999
0761,2017,0.3558
0761,2018,0.35499999
0761,2019,0.3536
0761,2020,0.32100001
0761,2021,0.32980001
0761,2022,0.3527
0761,2023,0.347
0761,2024,0.36160001
0761,2025,0.36719999
0763,2006,0.31549999
0763,2007,0.3256
0763,2008,0.3506
0763,2009,0.3583
0763,2010,0.33840001
0763,2011,0.36289999
0763,2012,0.36230001
0763,2013,0.33019999
0763,2014,0.3549
0763,2015,0.3574
0763,2016,0.32659999
0763,2017,0.34889999
0763,2018,0.3416
0763,2019,0.36829999
0763,2020,0.3299
0763,2021,0.33320001
0763,2022,0.34330001
0763,2023,0.36610001
0763,2024,0.3617
0763,2025,0.36759999
0764,2006,0.3057
0764,2007,0.32370001
0764,2008,0.35229999
0764,2009,0.35260001
0764,2010,0.34240001
0764,2011,0.38319999
0764,2012,0.36950001
0764,2013,0.34279999
0764,2014,0.35960001
0764,2015,0.3617
0764,2016,0.3452
0764,2017,0.34869999
0764,2018,0.35420001
0764,2019,0.36410001
0764,2020,0.3425
0764,2021,0.33970001
0764,2022,0.34470001
0764,2023,0.3619
0764,2024,0.35030001
0764,2025,0.36359999
0765,2006,0.30340001
0765,2007,0.2999
0765,2008,0.31549999
0765,2009,0.32440001
0765,2010,0.32370001
0765,2011,0.33199999
0765,2012,0.33410001
0765,2013,0.32960001
0765,2014,0.34580001
0765,2015,0.34459999
0765,2016,0.33970001
0765,2017,0.3317
0765,2018,0.33289999
0765,2019,0.3504
0765,2020,0.31979999
0765,2021,0.32870001
0765,2022,0.33140001
0765,2023,0.34369999
0765,2024,0.33739999
0765,2025,0.32800001
0767,2006,0.34110001
0767,2007,0.33539999
0767,2008,0.35229999
0767,2009,0.35879999
0767,2010,0.36849999
0767,2011,0.37099999
0767,2012,0.36059999
0767,2013,0.33899999
0767,2014,0.35510001
0767,2015,0.34920001
0767,2016,0.3495
0767,2017,0.35659999
0767,2018,0.35620001
0767,2019,0.35710001
0767,2020,0.34099999
0767,2021,0.34619999
0767,2022,0.35749999
0767,2023,0.36629999
0767,2024,0.34709999
0767,2025,0.33090001
0780,2006,0.31869999
0780,2007,0.32600001
0780,2008,0.3651
0780,2009,0.35659999
0780,2010,0.33419999
0780,2011,0.38330001
0780,2012,0.37819999
0780,2013,0.35499999
0780,2014,0.35969999
0780,2015,0.36199999
0780,2016,0.35170001
0780,2017,0.3531
0780,2018,0.35510001
0780,2019,0.3662
0780,2020,0.34279999
0780,2021,0.3436
0780,2022,0.34670001
0780,2023,0.3545
0780,2024,0.35730001
0780,2025,0.3556
0781,2006,0.403
0781,2007,0.38339999
0781,2008,0.39120001
0781,2009,0.40200001
0781,2010,0.3996
0781,2011,0.41150001
0781,2012,0.39860001
0781,2013,0.38330001
0781,2014,0.38589999
0781,2015,0.3827
0781,2016,0.38780001
0781,2017,0.38150001
0781,2018,0.38800001
0781,2019,0.4003
0781,2020,0.36930001
0781,2021,0.38029999
0781,2022,0.38229999
0781,2023,0.3892
0781,2024,0.38010001
0781,2025,0.37270001
0821,2006,0.33289999
0821,2007,0.32730001
0821,2008,0.33239999
0821,2009,0.3326
0821,2010,0.34
0821,2011,0.36269999
0821,2012,0.35499999
0821,2013,0.40540001
0821,2014,0.419
0821,2015,0.42050001
0821,2016,0.40040001
0821,2017,0.40669999
0821,2018,0.42820001
0821,2019,0.39320001
0821,2020,0.3752
0821,2021,0.3784
0821,2022,0.39399999
0821,2023,0.3734
0821,2024,0.37920001
0821,2025,0.39590001
0834,2006,0.32710001
0834,2007,0.3247
0834,2008,0.30939999
0834,2009,0.3301
0834,2010,0.34110001
0834,2011,0.34540001
0834,2012,0.33019999
0834,2013,0.35299999
0834,2014,0.3612
0834,2015,0.38890001
0834,2016,0.36930001
0834,2017,0.36840001
0834,2018,0.3811
0834,2019,0.3955
0834,2020,0.36090001
0834,2021,0.38159999
0834,2022,0.3743
0834,2023,0.3926
0834,2024,0.40810001
0834,2025,0.42640001
0840,2006,0.324
0840,2007,0.3274
0840,2008,0.34330001
0840,2009,0.34799999
0840,2010,0.36199999
0840,2011,0.35730001
0840,2012,0.34920001
0840,2013,0.35620001
0840,2014,0.34900001
0840,2015,0.37349999
0840,2016,0.3761
0840,2017,0.37979999
0840,2018,0.38679999
0840,2019,0.3888
0840,2020,0.34509999
0840,2021,0.3644
0840,2022,0.39289999
0840,2023,0.3928
0840,2024,0.40090001
0840,2025,0.4073
0860,2006,0.33309999
0860,2007,0.34029999
0860,2008,0.3522
0860,2009,0.347
0860,2010,0.35620001
0860,2011,0.35870001
0860,2012,0.35530001
0860,2013,0.36410001
0860,2014,0.37279999
0860,2015,0.37810001
0860,2016,0.3752
0860,2017,0.38850001
0860,2018,0.40439999
0860,2019,0.39809999
0860,2020,0.37650001
0860,2021,0.38659999
0860,2022,0.40380001
0860,2023,0.38839999
0860,2024,0.39430001
0860,2025,0.4226
0861,2006,0.3371
0861,2007,0.3418
0861,2008,0.35030001
0861,2009,0.3714
0861,2010,0.38479999
0861,2011,0.37970001
0861,2012,0.37099999
0861,2013,0.40349999
0861,2014,0.39700001
0861,2015,0.41710001
0861,2016,0.41710001
0861,2017,0.41499999
0861,2018,0.41749999
0861,2019,0.4258
0861,2020,0.39399999
0861,2021,0.40700001
0861,2022,0.41859999
0861,2023,0.40790001
0861,2024,0.41690001
0861,2025,0.42609999
0862,2006,0.3062
0862,2007,0.2958
0862,2008,0.31349999
0862,2009,0.32570001
0862,2010,0.32370001
0862,2011,0.34079999
0862,2012,0.31259999
0862,2013,0.3434
0862,2014,0.3443
0862,2015,0.35210001
0862,2016,0.3572
0862,2017,0.3466
0862,2018,0.35030001
0862,2019,0.34330001
0862,2020,0.30849999
0862,2021,0.3567
0862,2022,0.3565
0862,2023,0.36269999
0862,2024,0.37639999
0862,2025,0.3818
0880,2006,0.3328
0880,2007,0.34619999
0880,2008,0.34110001
0880,2009,0.35879999
0880,2010,0.37349999
0880,2011,0.3707
0880,2012,0.35389999
0880,2013,0.36500001
0880,2014,0.36840001
0880,2015,0.3881
0880,2016,0.3973
0880,2017,0.39500001
0880,2018,0.3915
0880,2019,0.39629999
0880,2020,0.36399999
0880,2021,0.375
0880,2022,0.3883
0880,2023,0.40220001
0880,2024,0.4111
0880,2025,0.40720001
0881,2006,0.333
0881,2007,0.33579999
0881,2008,0.34810001
0881,2009,0.3581
0881,2010,0.37549999
0881,2011,0.3642
0881,2012,0.35179999
0881,2013,0.37180001
0881,2014,0.35949999
0881,2015,0.38280001
0881,2016,0.38640001
0881,2017,0.38150001
0881,2018,0.38710001
0881,2019,0.38980001
0881,2020,0.36070001
0881,2021,0.3664
0881,2022,0.38260001
0881,2023,0.39520001
0881,2024,0.40450001
0881,2025,0.41299999
0882,2006,0.3515
0882,2007,0.34509999
0882,2008,0.35780001
0882,2009,0.36579999
0882,2010,0.35890001
0882,2011,0.37720001
0882,2012,0.37419999
0882,2013,0.43000001
0882,2014,0.44029999
0882,2015,0.44800001
0882,2016,0.42989999
0882,2017,0.42879999
0882,2018,0.44049999
0882,2019,0.42230001
0882,2020,0.39230001
0882,2021,0.40790001
0882,2022,0.42539999
0882,2023,0.39359999
0882,2024,0.39480001
0882,2025,0.4118
0883,2006,0.3919
0883,2007,0.38870001
0883,2008,0.40079999
0883,2009,0.40709999
0883,2010,0.41339999
0883,2011,0.42570001
0883,2012,0.42039999
0883,2013,0.41929999
0883,2014,0.42460001
0883,2015,0.4402
0883,2016,0.43040001
0883,2017,0.43470001
0883,2018,0.4312
0883,2019,0.42930001
0883,2020,0.40329999
0883,2021,0.43180001
0883,2022,0.45039999
0883,2023,0.46529999
0883,2024,0.46779999
0883,2025,0.47119999
0884,2006,0.32010001
0884,2007,0.3294
0884,2008,0.3346
0884,2009,0.33230001
0884,2010,0.34310001
0884,2011,0.35389999
0884,2012,0.359
0884,2013,0.3558
0884,2014,0.35260001
0884,2015,0.3644
0884,2016,0.37329999
0884,2017,0.36809999
0884,2018,0.36790001
0884,2019,0.37670001
0884,2020,0.35949999
0884,2021,0.3858
0884,2022,0.41
0884,2023,0.4073
0884,2024,0.4161
0884,2025,0.41850001
0885,2006,0.31
0885,2007,0.3195
0885,2008,0.31799999
0885,2009,0.3457
0885,2010,0.35879999
0885,2011,0.36000001
0885,2012,0.34470001
0885,2013,0.35890001
0885,2014,0.35159999
0885,2015,0.37310001
0885,2016,0.37090001
0885,2017,0.38139999
0885,2018,0.38780001
0885,2019,0.3987
0885,2020,0.3689
0885,2021,0.38010001
0885,2022,0.39070001
0885,2023,0.41420001
0885,2024,0.4249
0885,2025,0.42559999
0980,2006,0.36309999
0980,2007,0.37869999
0980,2008,0.35910001
0980,2009,0.40130001
0980,2010,0.4005
0980,2011,0.4161
0980,2012,0.42140001
0980,2013,0.43200001
0980,2014,0.43560001
0980,2015,0.44670001
0980,2016,0.44299999
0980,2017,0.45019999
0980,2018,0.4542
0980,2019,0.4587
0980,2020,0.45629999
0980,2021,0.4508
0980,2022,0.46970001
0980,2023,0.47490001
0980,2024,0.4817
0980,2025,0.47799999
1060,2006,0.3204
1060,2007,0.30090001
1060,2008,0.33719999
1060,2009,0.33809999
1060,2010,0.33430001
1060,2011,0.34259999
1060,2012,0.3389
1060,2013,0.33140001
1060,2014,0.3292
1060,2015,0.34209999
1060,2016,0.34020001
1060,2017,0.33360001
1060,2018,0.33610001
1060,2019,0.34349999
1060,2020,0.32010001
1060,2021,0.3197
1060,2022,0.33739999
1060,2023,0.366
1060,2024,0.38260001
1060,2025,0.40040001
1080,2006,0.4224
1080,2007,0.4082
1080,2008,0.39230001
1080,2009,0.37779999
1080,2010,0.35170001
1080,2011,0.36590001
1080,2012,0.36539999
1080,2013,0.3655
1080,2014,0.37079999
1080,2015,0.36430001
1080,2016,0.3673
1080,2017,0.37149999
1080,2018,0.36610001
1080,2019,0.36399999
1080,2020,0.3448
1080,2021,0.35640001
1080,2022,0.37149999
1080,2023,0.39140001
1080,2024,0.40040001
1080,2025,0.39089999
1081,2006,0.36050001
1081,2007,0.35659999
1081,2008,0.36930001
1081,2009,0.3617
1081,2010,0.3461
1081,2011,0.36829999
1081,2012,0.3653
1081,2013,0.36320001
1081,2014,0.36939999
1081,2015,0.36129999
1081,2016,0.36390001
1081,2017,0.36700001
1081,2018,0.3682
1081,2019,0.3748
1081,2020,0.35170001
1081,2021,0.36109999
1081,2022,0.38859999
1081,2023,0.39820001
1081,2024,0.39610001
1081,2025,0.40470001
1082,2006,0.35820001
1082,2007,0.33790001
1082,2008,0.37509999
1082,2009,0.38209999
1082,2010,0.3766
1082,2011,0.3822
1082,2012,0.38229999
1082,2013,0.3775
1082,2014,0.37970001
1082,2015,0.3779
1082,2016,0.3734
1082,2017,0.35780001
1082,2018,0.34900001
1082,2019,0.35479999
1082,2020,0.33450001
1082,2021,0.33930001
1082,2022,0.35820001
1082,2023,0.37560001
1082,2024,0.3786
1082,2025,0.3942
1083,2006,0.34369999
1083,2007,0.33180001
1083,2008,0.35690001
1083,2009,0.3678
1083,2010,0.35659999
1083,2011,0.36610001
1083,2012,0.3655
1083,2013,0.3714
1083,2014,0.37509999
1083,2015,0.38049999
1083,2016,0.38589999
1083,2017,0.36390001
1083,2018,0.36469999
1083,2019,0.37540001
1083,2020,0.34650001
1083,2021,0.34999999
1083,2022,0.37599999
1083,2023,0.38769999
1083,2024,0.3951
1083,2025,0.40459999
1214,2006,0.33610001
1214,2007,0.3425
1214,2008,0.34240001
1214,2009,0.3484
1214,2010,0.368
1214,2011,0.40349999
1214,2012,0.39809999
1214,2013,0.3928
1214,2014,0.403
1214,2015,0.39480001
1214,2016,0.38780001
1214,2017,0.38069999
1214,2018,0.36250001
1214,2019,0.35769999
1214,2020,0.34529999
1214,2021,0.35429999
1214,2022,0.37670001
1214,2023,0.37490001
1214,2024,0.3576
1214,2025,0.3872
1230,2006,0.34810001
1230,2007,0.37090001
1230,2008,0.3452
1230,2009,0.36140001
1230,2010,0.37940001
1230,2011,0.4136
1230,2012,0.39789999
1230,2013,0.39250001
1230,2014,0.39410001
1230,2015,0.37149999
1230,2016,0.37580001
1230,2017,0.36500001
1230,2018,0.35679999
1230,2019,0.33360001
1230,2020,0.3175
1230,2021,0.3303
1230,2022,0.34169999
1230,2023,0.33559999
1230,2024,0.3308
1230,2025,0.34689999
1231,2006,0.37470001
1231,2007,0.37110001
1231,2008,0.37329999
1231,2009,0.38460001
1231,2010,0.38690001
1231,2011,0.39910001
1231,2012,0.38780001
1231,2013,0.38499999
1231,2014,0.3752
1231,2015,0.35890001
1231,2016,0.35460001
1231,2017,0.36500001
1231,2018,0.3436
1231,2019,0.33590001
1231,2020,0.31569999
1231,2021,0.32269999
1231,2022,0.33469999
1231,2023,0.33140001
1231,2024,0.33450001
1231,2025,0.34509999
1233,2006,0.36449999
1233,2007,0.36129999
1233,2008,0.35980001
1233,2009,0.3549
1233,2010,0.35510001
1233,2011,0.4032
1233,2012,0.40630001
1233,2013,0.38569999
1233,2014,0.3944
1233,2015,0.37720001
1233,2016,0.37619999
1233,2017,0.38690001
1233,2018,0.37549999
1233,2019,0.3739
1233,2020,0.34779999
1233,2021,0.34959999
1233,2022,0.36199999
1233,2023,0.36390001
1233,2024,0.3592
1233,2025,0.36849999
1256,2006,0.33840001
1256,2007,0.34779999
1256,2008,0.34760001
1256,2009,0.3536
1256,2010,0.3664
1256,2011,0.37459999
1256,2012,0.375
1256,2013,0.38510001
1256,2014,0.38870001
1256,2015,0.38420001
1256,2016,0.37810001
1256,2017,0.38119999
1256,2018,0.38460001
1256,2019,0.3809
1256,2020,0.3682
1256,2021,0.3829
1256,2022,0.38139999
1256,2023,0.38370001
1256,2024,0.39019999
1256,2025,0.39320001
1257,2006,0.33579999
1257,2007,0.3418
1257,2008,0.3281
1257,2009,0.3321
1257,2010,0.34540001
1257,2011,0.3527
1257,2012,0.3398
1257,2013,0.36700001
1257,2014,0.3793
1257,2015,0.37830001
1257,2016,0.3646
1257,2017,0.3495
1257,2018,0.35339999
1257,2019,0.3527
1257,2020,0.34349999
1257,2021,0.33660001
1257,2022,0.34619999
1257,2023,0.3662
1257,2024,0.36500001
1257,2025,0.37909999
1260,2006,0.3378
1260,2007,0.33500001
1260,2008,0.35190001
1260,2009,0.3617
1260,2010,0.34889999
1260,2011,0.36309999
1260,2012,0.3766
1260,2013,0.384
1260,2014,0.3829
1260,2015,0.37090001
1260,2016,0.38499999
1260,2017,0.37810001
1260,2018,0.3678
1260,2019,0.35179999
1260,2020,0.3434
1260,2021,0.345
1260,2022,0.3484
1260,2023,0.3664
1260,2024,0.37029999
1260,2025,0.36899999
1261,2006,0.35049999
1261,2007,0.36399999
1261,2008,0.34560001
1261,2009,0.34979999
1261,2010,0.36309999
1261,2011,0.4095
1261,2012,0.41440001
1261,2013,0.40310001
1261,2014,0.40239999
1261,2015,0.37689999
1261,2016,0.377
1261,2017,0.38330001
1261,2018,0.3515
1261,2019,0.34119999
1261,2020,0.3276
1261,2021,0.34220001
1261,2022,0.34540001
1261,2023,0.34119999
1261,2024,0.3418
1261,2025,0.3563
1262,2006,0.3493
1262,2007,0.36770001
1262,2008,0.3475
1262,2009,0.36039999
1262,2010,0.37169999
1262,2011,0.40549999
1262,2012,0.40009999
1262,2013,0.37580001
1262,2014,0.38569999
1262,2015,0.3712
1262,2016,0.36039999
1262,2017,0.36860001
1262,2018,0.35879999
1262,2019,0.3326
1262,2020,0.33410001
1262,2021,0.345
1262,2022,0.35030001
1262,2023,0.34439999
1262,2024,0.3418
1262,2025,0.36629999
1263,2006,0.36700001
1263,2007,0.3813
1263,2008,0.36250001
1263,2009,0.3574
1263,2010,0.35870001
1263,2011,0.37259999
1263,2012,0.3845
1263,2013,0.37959999
1263,2014,0.38659999
1263,2015,0.38010001
1263,2016,0.36090001
1263,2017,0.37200001
1263,2018,0.36070001
1263,2019,0.3612
1263,2020,0.32870001
1263,2021,0.33320001
1263,2022,0.3425
1263,2023,0.3524
1263,2024,0.34819999
1263,2025,0.34850001
1264,2006,0.36430001
1264,2007,0.36300001
1264,2008,0.36399999
1264,2009,0.3714
1264,2010,0.37959999
1264,2011,0.3998
1264,2012,0.3915
1264,2013,0.39930001
1264,2014,0.40189999
1264,2015,0.4005
1264,2016,0.4034
1264,2017,0.39309999
1264,2018,0.39030001
1264,2019,0.3811
1264,2020,0.35640001
1264,2021,0.37059999
1264,2022,0.36970001
1264,2023,0.36500001
1264,2024,0.36950001
1264,2025,0.3748
1265,2006,0.36219999
1265,2007,0.35519999
1265,2008,0.3653
1265,2009,0.36700001
1265,2010,0.3809
1265,2011,0.38999999
1265,2012,0.3849
1265,2013,0.3854
1265,2014,0.3822
1265,2015,0.3915
1265,2016,0.39860001
1265,2017,0.3917
1265,2018,0.38589999
1265,2019,0.3813
1265,2020,0.3608
1265,2021,0.37059999
1265,2022,0.38589999
1265,2023,0.38170001
1265,2024,0.3793
1265,2025,0.38499999
1266,2006,0.32910001
1266,2007,0.33039999
1266,2008,0.3186
1266,2009,0.32010001
1266,2010,0.33320001
1266,2011,0.42250001
1266,2012,0.44049999
1266,2013,0.42789999
1266,2014,0.42129999
1266,2015,0.3985
1266,2016,0.3937
1266,2017,0.38940001
1266,2018,0.3599
1266,2019,0.3493
1266,2020,0.36489999
1266,2021,0.37830001
1266,2022,0.37650001
1266,2023,0.37400001
1266,2024,0.35710001
1266,2025,0.40369999
1267,2006,0.3143
1267,2007,0.31009999
1267,2008,0.2978
1267,2009,0.31220001
1267,2010,0.3267
1267,2011,0.42699999
1267,2012,0.44159999
1267,2013,0.43189999
1267,2014,0.43669999
1267,2015,0.40419999
1267,2016,0.3971
1267,2017,0.39809999
1267,2018,0.34310001
1267,2019,0.34029999
1267,2020,0.36070001
1267,2021,0.37810001
1267,2022,0.38060001
1267,2023,0.38
1267,2024,0.34580001
1267,2025,0.3827
1270,2006,0.40540001
1270,2007,0.4156
1270,2008,0.4163
1270,2009,0.419
1270,2010,0.4226
1270,2011,0.42429999
1270,2012,0.4294
1270,2013,0.41670001
1270,2014,0.42179999
1270,2015,0.42750001
1270,2016,0.42230001
1270,2017,0.42070001
1270,2018,0.41839999
1270,2019,0.42320001
1270,2020,0.4025
1270,2021,0.414
1270,2022,0.43200001
1270,2023,0.41159999
1270,2024,0.41749999
1270,2025,0.42649999
1272,2006,0.3337
1272,2007,0.3382
1272,2008,0.3497
1272,2009,0.354
1272,2010,0.36500001
1272,2011,0.3732
1272,2012,0.3876
1272,2013,0.39050001
1272,2014,0.40040001
1272,2015,0.4052
1272,2016,0.39300001
1272,2017,0.38609999
1272,2018,0.38150001
1272,2019,0.38980001
1272,2020,0.35929999
1272,2021,0.37099999
1272,2022,0.37979999
1272,2023,0.3908
1272,2024,0.40189999
1272,2025,0.40459999
1273,2006,0.3249
1273,2007,0.33520001
1273,2008,0.33759999
1273,2009,0.36059999
1273,2010,0.36770001
1273,2011,0.38209999
1273,2012,0.38679999
1273,2013,0.39590001
1273,2014,0.40169999
1273,2015,0.4068
1273,2016,0.40270001
1273,2017,0.39829999
1273,2018,0.3858
1273,2019,0.38060001
1273,2020,0.368
1273,2021,0.3696
1273,2022,0.37419999
1273,2023,0.3809
1273,2024,0.39879999
1273,2025,0.40599999
1275,2006,0.3538
1275,2007,0.3495
1275,2008,0.35229999
1275,2009,0.3466
1275,2010,0.3759
1275,2011,0.36930001
1275,2012,0.39989999
1275,2013,0.3955
1275,2014,0.3915
1275,2015,0.39210001
1275,2016,0.38150001
1275,2017,0.37369999
1275,2018,0.35659999
1275,2019,0.36469999
1275,2020,0.352
1275,2021,0.34689999
1275,2022,0.36000001
1275,2023,0.37689999
1275,2024,0.37689999
1275,2025,0.38229999
1276,2006,0.3423
1276,2007,0.3457
1276,2008,0.3369
1276,2009,0.3497
1276,2010,0.35640001
1276,2011,0.3628
1276,2012,0.36410001
1276,2013,0.39109999
1276,2014,0.39449999
1276,2015,0.38620001
1276,2016,0.3786
1276,2017,0.37540001
1276,2018,0.37189999
1276,2019,0.3581
1276,2020,0.34439999
1276,2021,0.35080001
1276,2022,0.3554
1276,2023,0.36719999
1276,2024,0.36399999
1276,2025,0.38460001
1277,2006,0.32879999
1277,2007,0.33500001
1277,2008,0.3461
1277,2009,0.34779999
1277,2010,0.35330001
1277,2011,0.359
1277,2012,0.3585
1277,2013,0.36140001
1277,2014,0.38440001
1277,2015,0.38589999
1277,2016,0.375
1277,2017,0.36449999
1277,2018,0.35960001
1277,2019,0.36149999
1277,2020,0.32749999
1277,2021,0.32390001
1277,2022,0.32710001
1277,2023,0.32879999
1277,2024,0.34889999
1277,2025,0.3651
1278,2006,0.3646
1278,2007,0.36500001
1278,2008,0.35139999
1278,2009,0.36629999
1278,2010,0.37909999
1278,2011,0.37599999
1278,2012,0.36809999
1278,2013,0.40079999
1278,2014,0.4023
1278,2015,0.3856
1278,2016,0.38479999
1278,2017,0.38820001
1278,2018,0.37110001
1278,2019,0.36660001
1278,2020,0.3608
1278,2021,0.347
1278,2022,0.34850001
1278,2023,0.37149999
1278,2024,0.36300001
1278,2025,0.39230001
1280,2006,0.3141
1280,2007,0.31020001
1280,2008,0.31279999
1280,2009,0.31189999
1280,2010,0.32789999
1280,2011,0.3427
1280,2012,0.34850001
1280,2013,0.3434
1280,2014,0.34729999
1280,2015,0.32980001
1280,2016,0.32280001
1280,2017,0.32260001
1280,2018,0.31209999
1280,2019,0.30649999
1280,2020,0.28830001
1280,2021,0.2974
1280,2022,0.3035
1280,2023,0.29660001
1280,2024,0.29840001
1280,2025,0.3087
1281,2006,0.3409
1281,2007,0.3475
1281,2008,0.33329999
1281,2009,0.3603
1281,2010,0.35820001
1281,2011,0.3838
1281,2012,0.3707
1281,2013,0.3725
1281,2014,0.36700001
1281,2015,0.3515
1281,2016,0.3574
1281,2017,0.35139999
1281,2018,0.33090001
1281,2019,0.3197
1281,2020,0.3012
1281,2021,0.32300001
1281,2022,0.33270001
1281,2023,0.31470001
1281,2024,0.31940001
1281,2025,0.3272
1282,2006,0.38960001
1282,2007,0.38510001
1282,2008,0.377
1282,2009,0.37799999
1282,2010,0.38299999
1282,2011,0.40310001
1282,2012,0.40419999
1282,2013,0.4007
1282,2014,0.42410001
1282,2015,0.40009999
1282,2016,0.41010001
1282,2017,0.3973
1282,2018,0.38569999
1282,2019,0.3802
1282,2020,0.37169999
1282,2021,0.38710001
1282,2022,0.37940001
1282,2023,0.3858
1282,2024,0.37959999
1282,2025,0.38620001
1283,2006,0.33140001
1283,2007,0.34810001
1283,2008,0.3748
1283,2009,0.3935
1283,2010,0.3624
1283,2011,0.3779
1283,2012,0.37970001
1283,2013,0.3752
1283,2014,0.38940001
1283,2015,0.3847
1283,2016,0.3784
1283,2017,0.36570001
1283,2018,0.3567
1283,2019,0.35440001
1283,2020,0.34459999
1283,2021,0.34599999
1283,2022,0.3488
1283,2023,0.36269999
1283,2024,0.36340001
1283,2025,0.36719999
1284,2006,0.3256
1284,2007,0.34060001
1284,2008,0.34799999
1284,2009,0.34819999
1284,2010,0.3608
1284,2011,0.38139999
1284,2012,0.38999999
1284,2013,0.38460001
1284,2014,0.38769999
1284,2015,0.39109999
1284,2016,0.38339999
1284,2017,0.37740001
1284,2018,0.3732
1284,2019,0.36179999
1284,2020,0.3574
1284,2021,0.3585
1284,2022,0.361
1284,2023,0.36860001
1284,2024,0.36860001
1284,2025,0.38280001
1285,2006,0.31299999
1285,2007,0.31150001
1285,2008,0.3062
1285,2009,0.30919999
1285,2010,0.3238
1285,2011,0.43309999
1285,2012,0.4325
1285,2013,0.42129999
1285,2014,0.43560001
1285,2015,0.39109999
1285,2016,0.38870001
1285,2017,0.38280001
1285,2018,0.33579999
1285,2019,0.3276
1285,2020,0.3529
1285,2021,0.37580001
1285,2022,0.37900001
1285,2023,0.3655
1285,2024,0.32659999
1285,2025,0.3734
1286,2006,0.41150001
1286,2007,0.40849999
1286,2008,0.42120001
1286,2009,0.4242
1286,2010,0.4341
1286,2011,0.435
1286,2012,0.4375
1286,2013,0.44069999
1286,2014,0.44159999
1286,2015,0.44409999
1286,2016,0.43990001
1286,2017,0.44
1286,2018,0.4341
1286,2019,0.42140001
1286,2020,0.39480001
1286,2021,0.42199999
1286,2022,0.42129999
1286,2023,0.41330001
1286,2024,0.41440001
1286,2025,0.42039999
1287,2006,0.4271
1287,2007,0.4244
1287,2008,0.41429999
1287,2009,0.4149
1287,2010,0.38980001
1287,2011,0.41069999
1287,2012,0.4188
1287,2013,0.40990001
1287,2014,0.41339999
1287,2015,0.41409999
1287,2016,0.40920001
1287,2017,0.41639999
1287,2018,0.4034
1287,2019,0.39809999
1287,2020,0.3723
1287,2021,0.37630001
1287,2022,0.37959999
1287,2023,0.37689999
1287,2024,0.38609999
1287,2025,0.37979999
1290,2006,0.3477
1290,2007,0.3475
1290,2008,0.3513
1290,2009,0.36210001
1290,2010,0.36320001
1290,2011,0.3872
1290,2012,0.39379999
1290,2013,0.39320001
1290,2014,0.4084
1290,2015,0.41460001
1290,2016,0.40439999
1290,2017,0.40279999
1290,2018,0.39820001
1290,2019,0.39520001
1290,2020,0.3813
1290,2021,0.3892
1290,2022,0.3962
1290,2023,0.4014
1290,2024,0.4057
1290,2025,0.40059999
1291,2006,0.4578
1291,2007,0.50050002
1291,2008,0.50599998
1291,2009,0.4772
1291,2010,0.46219999
1291,2011,0.4781
1291,2012,0.48359999
1291,2013,0.48910001
1291,2014,0.47600001
1291,2015,0.47299999
1291,2016,0.46790001
1291,2017,0.47389999
1291,2018,0.46650001
1291,2019,0.47440001
1291,2020,0.4508
1291,2021,0.46619999
1291,2022,0.46259999
1291,2023,0.45070001
1291,2024,0.45570001
1291,2025,0.4596
1292,2006,0.36469999
1292,2007,0.368
1292,2008,0.37369999
1292,2009,0.38550001
1292,2010,0.3976
1292,2011,0.3917
1292,2012,0.37729999
1292,2013,0.39739999
1292,2014,0.39719999
1292,2015,0.38769999
1292,2016,0.3901
1292,2017,0.37509999
1292,2018,0.37270001
1292,2019,0.3662
1292,2020,0.3504
1292,2021,0.34369999
1292,2022,0.3434
1292,2023,0.36039999
1292,2024,0.3626
1292,2025,0.38929999
1293,2006,0.3633
1293,2007,0.36759999
1293,2008,0.3603
1293,2009,0.36739999
1293,2010,0.39579999
1293,2011,0.40580001
1293,2012,0.41350001
1293,2013,0.41350001
1293,2014,0.4109
1293,2015,0.41760001
1293,2016,0.41260001
1293,2017,0.4041
1293,2018,0.40700001
1293,2019,0.40169999
1293,2020,0.373
1293,2021,0.3793
1293,2022,0.3847
1293,2023,0.3917
1293,2024,0.3933
1293,2025,0.39210001
1315,2006,0.29519999
1315,2007,0.28439999
1315,2008,0.27430001
1315,2009,0.30219999
1315,2010,0.2647
1315,2011,0.29840001
1315,2012,0.3114
1315,2013,0.3012
1315,2014,0.29499999
1315,2015,0.3046
1315,2016,0.3089
1315,2017,0.32170001
1315,2018,0.32370001
1315,2019,0.32600001
1315,2020,0.3105
1315,2021,0.31580001
1315,2022,0.31920001
1315,2023,0.3353
1315,2024,0.3441
1315,2025,0.36359999
1380,2006,0.36660001
1380,2007,0.36289999
1380,2008,0.35780001
1380,2009,0.3757
1380,2010,0.32890001
1380,2011,0.34779999
1380,2012,0.35510001
1380,2013,0.35440001
1380,2014,0.3531
1380,2015,0.35749999
1380,2016,0.35769999
1380,2017,0.3626
1380,2018,0.36269999
1380,2019,0.37259999
1380,2020,0.34799999
1380,2021,0.354
1380,2022,0.359
1380,2023,0.3739
1380,2024,0.37970001
1380,2025,0.38769999
1381,2006,0.3425
1381,2007,0.33570001
1381,2008,0.33399999
1381,2009,0.34220001
1381,2010,0.31330001
1381,2011,0.33320001
1381,2012,0.35550001
1381,2013,0.34900001
1381,2014,0.34299999
1381,2015,0.34670001
1381,2016,0.3457
1381,2017,0.35429999
1381,2018,0.34709999
1381,2019,0.34909999
1381,2020,0.3238
1381,2021,0.3265
1381,2022,0.34130001
1381,2023,0.3572
1381,2024,0.35690001
1381,2025,0.37740001
1382,2006,0.3608
1382,2007,0.34650001
1382,2008,0.33880001
1382,2009,0.34630001
1382,2010,0.33360001
1382,2011,0.34150001
1382,2012,0.33770001
1382,2013,0.34009999
1382,2014,0.33860001
1382,2015,0.34709999
1382,2016,0.352
1382,2017,0.36019999
1382,2018,0.36629999
1382,2019,0.35910001
1382,2020,0.34060001
1382,2021,0.35879999
1382,2022,0.3653
1382,2023,0.37259999
1382,2024,0.3734
1382,2025,0.3899
1383,2006,0.382
1383,2007,0.3698
1383,2008,0.36520001
1383,2009,0.37180001
1383,2010,0.3775
1383,2011,0.3964
1383,2012,0.40369999
1383,2013,0.39570001
1383,2014,0.38749999
1383,2015,0.37900001
1383,2016,0.38209999
1383,2017,0.38139999
1383,2018,0.3987
1383,2019,0.398
1383,2020,0.37400001
1383,2021,0.3768
1383,2022,0.38999999
1383,2023,0.403
1383,2024,0.40009999
1383,2025,0.41479999
1384,2006,0.37020001
1384,2007,0.34490001
1384,2008,0.3515
1384,2009,0.354
1384,2010,0.3608
1384,2011,0.37400001
1384,2012,0.37459999
1384,2013,0.37509999
1384,2014,0.39039999
1384,2015,0.35370001
1384,2016,0.35479999
1384,2017,0.3522
1384,2018,0.3529
1384,2019,0.3628
1384,2020,0.34330001
1384,2021,0.34619999
1384,2022,0.35600001
1384,2023,0.37580001
1384,2024,0.37529999
1384,2025,0.39989999
1401,2006,0.34810001
1401,2007,0.31259999
1401,2008,0.317
1401,2009,0.31040001
1401,2010,0.308
1401,2011,0.32260001
1401,2012,0.322
1401,2013,0.31600001
1401,2014,0.33970001
1401,2015,0.31650001
1401,2016,0.30809999
1401,2017,0.31310001
1401,2018,0.31569999
1401,2019,0.31060001
1401,2020,0.27559999
1401,2021,0.26989999
1401,2022,0.28439999
1401,2023,0.31330001
1401,2024,0.31400001
1401,2025,0.3265
1402,2006,0.3804
1402,2007,0.32589999
1402,2008,0.3308
1402,2009,0.3127
1402,2010,0.3118
1402,2011,0.33559999
1402,2012,0.32530001
1402,2013,0.32679999
1402,2014,0.3493
1402,2015,0.30669999
1402,2016,0.30809999
1402,2017,0.32960001
1402,2018,0.31709999
1402,2019,0.3195
1402,2020,0.28490001
1402,2021,0.28099999
1402,2022,0.29440001
1402,2023,0.31560001
1402,2024,0.3195
1402,2025,0.3265
1407,2006,0.333
1407,2007,0.3116
1407,2008,0.31369999
1407,2009,0.26429999
1407,2010,0.27540001
1407,2011,0.31560001
1407,2012,0.29390001
1407,2013,0.3312
1407,2014,0.3538
1407,2015,0.2899
1407,2016,0.3044
1407,2017,0.35460001
1407,2018,0.35789999
1407,2019,0.35170001
1407,2020,0.31740001
1407,2021,0.3096
1407,2022,0.34540001
1407,2023,0.3554
1407,2024,0.3608
1407,2025,0.36669999
1415,2006,0.31709999
1415,2007,0.3003
1415,2008,0.31099999
1415,2009,0.30579999
1415,2010,0.30739999
1415,2011,0.31560001
1415,2012,0.32269999
1415,2013,0.32749999
1415,2014,0.33759999
1415,2015,0.331
1415,2016,0.32179999
1415,2017,0.33320001
1415,2018,0.33180001
1415,2019,0.34150001
1415,2020,0.31200001
1415,2021,0.30989999
1415,2022,0.33019999
1415,2023,0.3436
1415,2024,0.35080001
1415,2025,0.35600001
1419,2006,0.3414
1419,2007,0.3091
1419,2008,0.32859999
1419,2009,0.30419999
1419,2010,0.29809999
1419,2011,0.30590001
1419,2012,0.31119999
1419,2013,0.31909999
1419,2014,0.34549999
1419,2015,0.33340001
1419,2016,0.3326
1419,2017,0.35749999
1419,2018,0.35949999
1419,2019,0.3515
1419,2020,0.3292
1419,2021,0.34290001
1419,2022,0.35769999
1419,2023,0.37920001
1419,2024,0.38929999
1419,2025,0.3795
1421,2006,0.34670001
1421,2007,0.32609999
1421,2008,0.329
1421,2009,0.3071
1421,2010,0.31779999
1421,2011,0.3581
1421,2012,0.34169999
1421,2013,0.34110001
1421,2014,0.3651
1421,2015,0.35100001
1421,2016,0.35249999
1421,2017,0.3619
1421,2018,0.36039999
1421,2019,0.35330001
1421,2020,0.32249999
1421,2021,0.31959999
1421,2022,0.34850001
1421,2023,0.37310001
1421,2024,0.38859999
1421,2025,0.38530001
1427,2006,0.33950001
1427,2007,0.31810001
1427,2008,0.34619999
1427,2009,0.30610001
1427,2010,0.3091
1427,2011,0.3256
1427,2012,0.30849999
1427,2013,0.31959999
1427,2014,0.3285
1427,2015,0.32319999
1427,2016,0.31
1427,2017,0.31889999
1427,2018,0.32620001
1427,2019,0.32350001
1427,2020,0.30579999
1427,2021,0.2958
1427,2022,0.32960001
1427,2023,0.39449999
1427,2024,0.40000001
1427,2025,0.38519999
1430,2006,0.35859999
1430,2007,0.3213
1430,2008,0.34369999
1430,2009,0.3035
1430,2010,0.31389999
1430,2011,0.3398
1430,2012,0.32229999
1430,2013,0.3134
1430,2014,0.32890001
1430,2015,0.33430001
1430,2016,0.3082
1430,2017,0.33360001
1430,2018,0.32359999
1430,2019,0.33849999
1430,2020,0.31439999
1430,2021,0.3071
1430,2022,0.3222
1430,2023,0.35800001
1430,2024,0.37720001
1430,2025,0.37970001
1435,2006,0.3238
1435,2007,0.31999999
1435,2008,0.32359999
1435,2009,0.31420001
1435,2010,0.3107
1435,2011,0.3213
1435,2012,0.32010001
1435,2013,0.3211
1435,2014,0.33329999
1435,2015,0.3312
1435,2016,0.30669999
1435,2017,0.31259999
1435,2018,0.32069999
1435,2019,0.2994
1435,2020,0.28369999
1435,2021,0.2933
1435,2022,0.2987
1435,2023,0.36410001
1435,2024,0.38870001
1435,2025,0.3813
1438,2006,0.32010001
1438,2007,0.29030001
1438,2008,0.30829999
1438,2009,0.2906
1438,2010,0.28209999
1438,2011,0.30250001
1438,2012,0.30849999
1438,2013,0.28600001
1438,2014,0.29249999
1438,2015,0.28549999
1438,2016,0.27160001
1438,2017,0.26629999
1438,2018,0.27959999
1438,2019,0.28830001
1438,2020,0.26530001
1438,2021,0.26359999
1438,2022,0.29339999
1438,2023,0.3603
1438,2024,0.37549999
1438,2025,0.37220001
1439,2006,0.31330001
1439,2007,0.31470001
1439,2008,0.33539999
1439,2009,0.31639999
1439,2010,0.3152
1439,2011,0.33309999
1439,2012,0.32839999
1439,2013,0.32210001
1439,2014,0.3452
1439,2015,0.3387
1439,2016,0.31330001
1439,2017,0.31900001
1439,2018,0.32589999
1439,2019,0.30360001
1439,2020,0.27649999
1439,2021,0.28560001
1439,2022,0.30039999
1439,2023,0.3443
1439,2024,0.38190001
1439,2025,0.38370001
1440,2006,0.34400001
1440,2007,0.3213
1440,2008,0.32570001
1440,2009,0.3159
1440,2010,0.30989999
1440,2011,0.3224
1440,2012,0.3247
1440,2013,0.33149999
1440,2014,0.3432
1440,2015,0.33629999
1440,2016,0.32190001
1440,2017,0.33739999
1440,2018,0.33590001
1440,2019,0.33140001
1440,2020,0.2967
1440,2021,0.30489999
1440,2022,0.32190001
1440,2023,0.33849999
1440,2024,0.34729999
1440,2025,0.34220001
1441,2006,0.35980001
1441,2007,0.31130001
1441,2008,0.3168
1441,2009,0.3152
1441,2010,0.3204
1441,2011,0.33500001
1441,2012,0.32620001
1441,2013,0.35280001
1441,2014,0.36489999
1441,2015,0.3497
1441,2016,0.33880001
1441,2017,0.34990001
1441,2018,0.34450001
1441,2019,0.34990001
1441,2020,0.30520001
1441,2021,0.29139999
1441,2022,0.3066
1441,2023,0.33309999
1441,2024,0.33649999
1441,2025,0.34400001
1442,2006,0.37180001
1442,2007,0.3132
1442,2008,0.31920001
1442,2009,0.3224
1442,2010,0.32820001
1442,2011,0.32949999
1442,2012,0.3028
1442,2013,0.34150001
1442,2014,0.34060001
1442,2015,0.3387
1442,2016,0.3436
1442,2017,0.35530001
1442,2018,0.36289999
1442,2019,0.34490001
1442,2020,0.2985
1442,2021,0.3046
1442,2022,0.31999999
1442,2023,0.3522
1442,2024,0.3556
1442,2025,0.35659999
1443,2006,0.33750001
1443,2007,0.30250001
1443,2008,0.32600001
1443,2009,0.32980001
1443,2010,0.3035
1443,2011,0.3229
1443,2012,0.33360001
1443,2013,0.3353
1443,2014,0.34029999
1443,2015,0.3378
1443,2016,0.35080001
1443,2017,0.3414
1443,2018,0.34419999
1443,2019,0.34779999
1443,2020,0.30340001
1443,2021,0.30410001
1443,2022,0.31009999
1443,2023,0.3335
1443,2024,0.3312
1443,2025,0.35080001
1444,2006,0.32229999
1444,2007,0.3159
1444,2008,0.3351
1444,2009,0.3292
1444,2010,0.3362
1444,2011,0.33970001
1444,2012,0.3504
1444,2013,0.34029999
1444,2014,0.34369999
1444,2015,0.3337
1444,2016,0.34209999
1444,2017,0.33140001
1444,2018,0.3337
1444,2019,0.34349999
1444,2020,0.30939999
1444,2021,0.2987
1444,2022,0.32730001
1444,2023,0.35299999
1444,2024,0.3608
1444,2025,0.34490001
1445,2006,0.30630001
1445,2007,0.27739999
1445,2008,0.29629999
1445,2009,0.28650001
1445,2010,0.29530001
1445,2011,0.30579999
1445,2012,0.3152
1445,2013,0.32890001
1445,2014,0.33140001
1445,2015,0.34189999
1445,2016,0.33360001
1445,2017,0.35179999
1445,2018,0.36939999
1445,2019,0.36989999
1445,2020,0.32879999
1445,2021,0.32229999
1445,2022,0.3515
1445,2023,0.36309999
1445,2024,0.3619
1445,2025,0.39300001
1446,2006,0.28929999
1446,2007,0.28560001
1446,2008,0.31569999
1446,2009,0.32429999
1446,2010,0.3468
1446,2011,0.3468
1446,2012,0.31389999
1446,2013,0.34200001
1446,2014,0.34689999
1446,2015,0.36309999
1446,2016,0.33739999
1446,2017,0.3599
1446,2018,0.3662
1446,2019,0.3617
1446,2020,0.31369999
1446,2021,0.3371
1446,2022,0.33289999
1446,2023,0.33899999
1446,2024,0.3414
1446,2025,0.32730001
1447,2006,0.31200001
1447,2007,0.3409
1447,2008,0.32800001
1447,2009,0.3362
1447,2010,0.32780001
1447,2011,0.3448
1447,2012,0.29499999
1447,2013,0.3292
1447,2014,0.3213
1447,2015,0.3418
1447,2016,0.3337
1447,2017,0.3493
1447,2018,0.36300001
1447,2019,0.37110001
1447,2020,0.3256
1447,2021,0.3549
1447,2022,0.35929999
1447,2023,0.36320001
1447,2024,0.37970001
1447,2025,0.36649999
1452,2006,0.29809999
1452,2007,0.26719999
1452,2008,0.27970001
1452,2009,0.3055
1452,2010,0.28279999
1452,2011,0.28690001
1452,2012,0.3075
1452,2013,0.30469999
1452,2014,0.30140001
1452,2015,0.32800001
1452,2016,0.33109999
1452,2017,0.33360001
1452,2018,0.33559999
1452,2019,0.33700001
1452,2020,0.29519999
1452,2021,0.30219999
1452,2022,0.3107
1452,2023,0.32949999
1452,2024,0.32929999
1452,2025,0.336
1460,2006,0.3026
1460,2007,0.294
1460,2008,0.3251
1460,2009,0.315
1460,2010,0.3125
1460,2011,0.32359999
1460,2012,0.30849999
1460,2013,0.31020001
1460,2014,0.31380001
1460,2015,0.29249999
1460,2016,0.26969999
1460,2017,0.2665
1460,2018,0.29170001
1460,2019,0.2825
1460,2020,0.24789999
1460,2021,0.24420001
1460,2022,0.2726
1460,2023,0.36210001
1460,2024,0.37619999
1460,2025,0.368
1461,2006,0.3364
1461,2007,0.3055
1461,2008,0.32260001
1461,2009,0.30090001
1461,2010,0.30149999
1461,2011,0.3204
1461,2012,0.30329999
1461,2013,0.31169999
1461,2014,0.30109999
1461,2015,0.29809999
1461,2016,0.2897
1461,2017,0.28639999
1461,2018,0.28729999
1461,2019,0.27599999
1461,2020,0.2559
1461,2021,0.2687
1461,2022,0.2949
1461,2023,0.36090001
1461,2024,0.38170001
1461,2025,0.36449999
1462,2006,0.3671
1462,2007,0.32929999
1462,2008,0.33270001
1462,2009,0.33090001
1462,2010,0.31959999
1462,2011,0.34279999
1462,2012,0.3247
1462,2013,0.3177
1462,2014,0.34509999
1462,2015,0.34459999
1462,2016,0.33579999
1462,2017,0.33059999
1462,2018,0.3308
1462,2019,0.32960001
1462,2020,0.30109999
1462,2021,0.3075
1462,2022,0.32699999
1462,2023,0.32890001
1462,2024,0.3522
1462,2025,0.35749999
1463,2006,0.3231
1463,2007,0.29840001
1463,2008,0.3073
1463,2009,0.32190001
1463,2010,0.30779999
1463,2011,0.329
1463,2012,0.333
1463,2013,0.3468
1463,2014,0.3522
1463,2015,0.35460001
1463,2016,0.35210001
1463,2017,0.34709999
1463,2018,0.3497
1463,2019,0.3443
1463,2020,0.29159999
1463,2021,0.2902
1463,2022,0.308
1463,2023,0.322
1463,2024,0.3258
1463,2025,0.3378
1465,2006,0.30430001
1465,2007,0.29440001
1465,2008,0.32080001
1465,2009,0.32890001
1465,2010,0.31560001
1465,2011,0.3263
1465,2012,0.3263
1465,2013,0.3321
1465,2014,0.35010001
1465,2015,0.3563
1465,2016,0.3506
1465,2017,0.3459
1465,2018,0.35620001
1465,2019,0.35249999
1465,2020,0.31040001
1465,2021,0.30199999
1465,2022,0.3276
1465,2023,0.34599999
1465,2024,0.33840001
1465,2025,0.35690001
1466,2006,0.34299999
1466,2007,0.2978
1466,2008,0.30489999
1466,2009,0.3251
1466,2010,0.3152
1466,2011,0.33149999
1466,2012,0.31279999
1466,2013,0.34079999
1466,2014,0.338
1466,2015,0.3416
1466,2016,0.3387
1466,2017,0.35589999
1466,2018,0.35319999
1466,2019,0.3545
1466,2020,0.29550001
1466,2021,0.3105
1466,2022,0.31400001
1466,2023,0.33840001
1466,2024,0.35679999
1466,2025,0.36739999
1470,2006,0.30720001
1470,2007,0.2827
1470,2008,0.30919999
1470,2009,0.31119999
1470,2010,0.3204
1470,2011,0.32570001
1470,2012,0.29030001
1470,2013,0.30610001
1470,2014,0.3229
1470,2015,0.34290001
1470,2016,0.33880001
1470,2017,0.3409
1470,2018,0.33309999
1470,2019,0.3475
1470,2020,0.32120001
1470,2021,0.32539999
1470,2022,0.3371
1470,2023,0.34650001
1470,2024,0.3549
1470,2025,0.3655
1471,2006,0.34709999
1471,2007,0.322
1471,2008,0.3335
1471,2009,0.3396
1471,2010,0.35780001
1471,2011,0.36149999
1471,2012,0.3127
1471,2013,0.3326
1471,2014,0.33649999
1471,2015,0.34729999
1471,2016,0.3434
1471,2017,0.352
1471,2018,0.34760001
1471,2019,0.3651
1471,2020,0.34290001
1471,2021,0.3493
1471,2022,0.37189999
1471,2023,0.3779
1471,2024,0.37239999
1471,2025,0.35820001
1472,2006,0.31079999
1472,2007,0.32589999
1472,2008,0.33219999
1472,2009,0.33320001
1472,2010,0.36559999
1472,2011,0.3592
1472,2012,0.30989999
1472,2013,0.33930001
1472,2014,0.3346
1472,2015,0.34439999
1472,2016,0.34999999
1472,2017,0.34819999
1472,2018,0.3558
1472,2019,0.3619
1472,2020,0.3267
1472,2021,0.3502
1472,2022,0.35499999
1472,2023,0.36219999
1472,2024,0.37639999
1472,2025,0.37239999
1473,2006,0.33109999
1473,2007,0.32370001
1473,2008,0.33399999
1473,2009,0.34110001
1473,2010,0.33610001
1473,2011,0.35839999
1473,2012,0.32229999
1473,2013,0.3513
1473,2014,0.33950001
1473,2015,0.34720001
1473,2016,0.3572
1473,2017,0.3567
1473,2018,0.36019999
1473,2019,0.3567
1473,2020,0.3114
1473,2021,0.3387
1473,2022,0.3538
1473,2023,0.36219999
1473,2024,0.3863
1473,2025,0.37360001
1480,2006,0.37169999
1480,2007,0.32800001
1480,2008,0.33109999
1480,2009,0.29620001
1480,2010,0.29319999
1480,2011,0.32010001
1480,2012,0.308
1480,2013,0.32820001
1480,2014,0.34990001
1480,2015,0.308
1480,2016,0.3037
1480,2017,0.3251
1480,2018,0.32910001
1480,2019,0.3224
1480,2020,0.2868
1480,2021,0.28130001
1480,2022,0.29179999
1480,2023,0.30970001
1480,2024,0.3134
1480,2025,0.317
1481,2006,0.3793
1481,2007,0.33430001
1481,2008,0.33340001
1481,2009,0.32190001
1481,2010,0.32300001
1481,2011,0.33059999
1481,2012,0.32910001
1481,2013,0.32429999
1481,2014,0.3432
1481,2015,0.3186
1481,2016,0.31369999
1481,2017,0.3222
1481,2018,0.32089999
1481,2019,0.3224
1481,2020,0.2836
1481,2021,0.27900001
1481,2022,0.294
1481,2023,0.31420001
1481,2024,0.3125
1481,2025,0.31709999
1482,2006,0.35260001
1482,2007,0.33329999
1482,2008,0.3312
1482,2009,0.32159999
1482,2010,0.31889999
1482,2011,0.3263
1482,2012,0.33649999
1482,2013,0.3398
1482,2014,0.35479999
1482,2015,0.34150001
1482,2016,0.33489999
1482,2017,0.34810001
1482,2018,0.35170001
1482,2019,0.35159999
1482,2020,0.317
1482,2021,0.31990001
1482,2022,0.3427
1482,2023,0.36140001
1482,2024,0.36140001
1482,2025,0.37029999
1484,2006,0.35120001
1484,2007,0.32969999
1484,2008,0.33739999
1484,2009,0.32679999
1484,2010,0.3272
1484,2011,0.336
1484,2012,0.34130001
1484,2013,0.34439999
1484,2014,0.35249999
1484,2015,0.32229999
1484,2016,0.2947
1484,2017,0.31650001
1484,2018,0.31869999
1484,2019,0.30469999
1484,2020,0.27689999
1484,2021,0.2904
1484,2022,0.31150001
1484,2023,0.37720001
1484,2024,0.40310001
1484,2025,0.4068
1485,2006,0.3788
1485,2007,0.3475
1485,2008,0.36489999
1485,2009,0.3222
1485,2010,0.33160001
1485,2011,0.34850001
1485,2012,0.34169999
1485,2013,0.33680001
1485,2014,0.3418
1485,2015,0.35460001
1485,2016,0.3396
1485,2017,0.34709999
1485,2018,0.34799999
1485,2019,0.34549999
1485,2020,0.31999999
1485,2021,0.324
1485,2022,0.33739999
1485,2023,0.3475
1485,2024,0.3716
1485,2025,0.36179999
1486,2006,0.3114
1486,2007,0.2775
1486,2008,0.30329999
1486,2009,0.29550001
1486,2010,0.2802
1486,2011,0.29550001
1486,2012,0.28920001
1486,2013,0.2902
1486,2014,0.29260001
1486,2015,0.2915
1486,2016,0.25319999
1486,2017,0.25600001
1486,2018,0.27289999
1486,2019,0.26879999
1486,2020,0.2482
1486,2021,0.2485
1486,2022,0.25470001
1486,2023,0.31709999
1486,2024,0.34529999
1486,2025,0.3479
1487,2006,0.3488
1487,2007,0.31459999
1487,2008,0.32769999
1487,2009,0.3175
1487,2010,0.31799999
1487,2011,0.33289999
1487,2012,0.33289999
1487,2013,0.32699999
1487,2014,0.33939999
1487,2015,0.3434
1487,2016,0.33849999
1487,2017,0.3497
1487,2018,0.35510001
1487,2019,0.3563
1487,2020,0.32269999
1487,2021,0.3197
1487,2022,0.3389
1487,2023,0.3637
1487,2024,0.37909999
1487,2025,0.37009999
1488,2006,0.33379999
1488,2007,0.31259999
1488,2008,0.3256
1488,2009,0.3037
1488,2010,0.29899999
1488,2011,0.3136
1488,2012,0.3107
1488,2013,0.30610001
1488,2014,0.32260001
1488,2015,0.3276
1488,2016,0.32749999
1488,2017,0.3382
1488,2018,0.3427
1488,2019,0.33669999
1488,2020,0.31
1488,2021,0.30989999
1488,2022,0.31580001
1488,2023,0.33320001
1488,2024,0.3468
1488,2025,0.33520001
1489,2006,0.39879999
1489,2007,0.3416
1489,2008,0.3382
1489,2009,0.34259999
1489,2010,0.35429999
1489,2011,0.36109999
1489,2012,0.32609999
1489,2013,0.3651
1489,2014,0.37959999
1489,2015,0.3725
1489,2016,0.3626
1489,2017,0.36489999
1489,2018,0.35749999
1489,2019,0.3538
1489,2020,0.31560001
1489,2021,0.31040001
1489,2022,0.32870001
1489,2023,0.36050001
1489,2024,0.36250001
1489,2025,0.36500001
1490,2006,0.38589999
1490,2007,0.31979999
1490,2008,0.3308
1490,2009,0.3574
1490,2010,0.32249999
1490,2011,0.33180001
1490,2012,0.32800001
1490,2013,0.34439999
1490,2014,0.34959999
1490,2015,0.35179999
1490,2016,0.34419999
1490,2017,0.3493
1490,2018,0.3538
1490,2019,0.35440001
1490,2020,0.3055
1490,2021,0.3082
1490,2022,0.32280001
1490,2023,0.33289999
1490,2024,0.32890001
1490,2025,0.3335
1491,2006,0.2906
1491,2007,0.26769999
1491,2008,0.27399999
1491,2009,0.28529999
1491,2010,0.2951
1491,2011,0.30360001
1491,2012,0.29080001
1491,2013,0.30680001
1491,2014,0.30410001
1491,2015,0.31869999
1491,2016,0.32429999
1491,2017,0.3222
1491,2018,0.33719999
1491,2019,0.34079999
1491,2020,0.29390001
1491,2021,0.30109999
1491,2022,0.3127
1491,2023,0.33109999
1491,2024,0.3251
1491,2025,0.32480001
1492,2006,0.32960001
1492,2007,0.27039999
1492,2008,0.3188
1492,2009,0.29089999
1492,2010,0.2933
1492,2011,0.31189999
1492,2012,0.31369999
1492,2013,0.3202
1492,2014,0.31819999
1492,2015,0.3017
1492,2016,0.27469999
1492,2017,0.28569999
1492,2018,0.27669999
1492,2019,0.27700001
1492,2020,0.25529999
1492,2021,0.25839999
1492,2022,0.28549999
1492,2023,0.35569999
1492,2024,0.3721
1492,2025,0.3664
1493,2006,0.32370001
1493,2007,0.33500001
1493,2008,0.33059999
1493,2009,0.33070001
1493,2010,0.35280001
1493,2011,0.35769999
1493,2012,0.31779999
1493,2013,0.34400001
1493,2014,0.34670001
1493,2015,0.36000001
1493,2016,0.36500001
1493,2017,0.36230001
1493,2018,0.3707
1493,2019,0.37090001
1493,2020,0.3312
1493,2021,0.3511
1493,2022,0.3626
1493,2023,0.37599999
1493,2024,0.38339999
1493,2025,0.37439999
1494,2006,0.35409999
1494,2007,0.3204
1494,2008,0.3511
1494,2009,0.3574
1494,2010,0.36219999
1494,2011,0.37130001
1494,2012,0.31810001
1494,2013,0.33719999
1494,2014,0.3628
1494,2015,0.35550001
1494,2016,0.34900001
1494,2017,0.35699999
1494,2018,0.3585
1494,2019,0.3619
1494,2020,0.33989999
1494,2021,0.34470001
1494,2022,0.3644
1494,2023,0.3761
1494,2024,0.3619
1494,2025,0.3479
1495,2006,0.32300001
1495,2007,0.31920001
1495,2008,0.34099999
1495,2009,0.33140001
1495,2010,0.3364
1495,2011,0.34209999
1495,2012,0.30059999
1495,2013,0.32789999
1495,2014,0.33469999
1495,2015,0.34490001
1495,2016,0.35080001
1495,2017,0.35679999
1495,2018,0.3612
1495,2019,0.36950001
1495,2020,0.3251
1495,2021,0.33950001
1495,2022,0.36179999
1495,2023,0.36770001
1495,2024,0.38100001
1495,2025,0.37059999
1496,2006,0.324
1496,2007,0.32269999
1496,2008,0.3294
1496,2009,0.32449999
1496,2010,0.33880001
1496,2011,0.33899999
1496,2012,0.29069999
1496,2013,0.32370001
1496,2014,0.34079999
1496,2015,0.34560001
1496,2016,0.34740001
1496,2017,0.3466
1496,2018,0.3601
1496,2019,0.35640001
1496,2020,0.31560001
1496,2021,0.32929999
1496,2022,0.34459999
1496,2023,0.3572
1496,2024,0.36019999
1496,2025,0.35609999
1497,2006,0.31369999
1497,2007,0.3186
1497,2008,0.3168
1497,2009,0.31810001
1497,2010,0.3177
1497,2011,0.3312
1497,2012,0.30340001
1497,2013,0.31510001
1497,2014,0.33570001
1497,2015,0.34330001
1497,2016,0.34299999
1497,2017,0.34560001
1497,2018,0.37200001
1497,2019,0.38420001
1497,2020,0.33059999
1497,2021,0.34889999
1497,2022,0.35839999
1497,2023,0.3721
1497,2024,0.37959999
1497,2025,0.38949999
1498,2006,0.3168
1498,2007,0.30450001
1498,2008,0.31029999
1498,2009,0.31600001
1498,2010,0.3251
1498,2011,0.3328
1498,2012,0.30199999
1498,2013,0.3326
1498,2014,0.32620001
1498,2015,0.34419999
1498,2016,0.34920001
1498,2017,0.35890001
1498,2018,0.36829999
1498,2019,0.3646
1498,2020,0.31549999
1498,2021,0.35249999
1498,2022,0.36379999
1498,2023,0.36849999
1498,2024,0.39210001
1498,2025,0.3863
1499,2006,0.3281
1499,2007,0.31720001
1499,2008,0.3197
1499,2009,0.32010001
1499,2010,0.3177
1499,2011,0.3371
1499,2012,0.2999
1499,2013,0.3256
1499,2014,0.32699999
1499,2015,0.3398
1499,2016,0.33759999
1499,2017,0.34599999
1499,2018,0.35609999
1499,2019,0.35789999
1499,2020,0.31999999
1499,2021,0.32969999
1499,2022,0.34740001
1499,2023,0.35620001
1499,2024,0.3612
1499,2025,0.345
1715,2006,0.3105
1715,2007,0.34540001
1715,2008,0.3583
1715,2009,0.3276
1715,2010,0.3369
1715,2011,0.3215
1715,2012,0.37009999
1715,2013,0.37200001
1715,2014,0.3714
1715,2015,0.37779999
1715,2016,0.4003
1715,2017,0.39919999
1715,2018,0.3899
1715,2019,0.38940001
1715,2020,0.3495
1715,2021,0.35550001
1715,2022,0.3687
1715,2023,0.37279999
1715,2024,0.39109999
1715,2025,0.3784
1730,2006,0.1856
1730,2007,0.2318
1730,2008,0.23989999
1730,2009,0.27970001
1730,2010,0.3098
1730,2011,0.2994
1730,2012,0.3202
1730,2013,0.3391
1730,2014,0.34619999
1730,2015,0.3612
1730,2016,0.36489999
1730,2017,0.3563
1730,2018,0.361
1730,2019,0.3698
1730,2020,0.33410001
1730,2021,0.34419999
1730,2022,0.36309999
1730,2023,0.37079999
1730,2024,0.38479999
1730,2025,0.3836
1737,2006,0.1868
1737,2007,0.23649999
1737,2008,0.2559
1737,2009,0.3003
1737,2010,0.32350001
1737,2011,0.31990001
1737,2012,0.2494
1737,2013,0.40189999
1737,2014,0.41119999
1737,2015,0.40740001
1737,2016,0.4113
1737,2017,0.42379999
1737,2018,0.43309999
1737,2019,0.42559999
1737,2020,0.3741
1737,2021,0.3874
1737,2022,0.39039999
1737,2023,0.4091
1737,2024,0.42629999
1737,2025,0.41980001
1760,2006,0.24160001
1760,2007,0.2597
1760,2008,0.29640001
1760,2009,0.3265
1760,2010,0.38319999
1760,2011,0.3563
1760,2012,0.34630001
1760,2013,0.36359999
1760,2014,0.3788
1760,2015,0.39359999
1760,2016,0.38080001
1760,2017,0.38550001
1760,2018,0.3804
1760,2019,0.39309999
1760,2020,0.37729999
1760,2021,0.3813
1760,2022,0.4118
1760,2023,0.40090001
1760,2024,0.44780001
1760,2025,0.4395
1761,2006,0.3037
1761,2007,0.329
1761,2008,0.35049999
1761,2009,0.32600001
1761,2010,0.32480001
1761,2011,0.3229
1761,2012,0.35319999
1761,2013,0.3536
1761,2014,0.34909999
1761,2015,0.35010001
1761,2016,0.3556
1761,2017,0.3664
1761,2018,0.35080001
1761,2019,0.35640001
1761,2020,0.3206
1761,2021,0.333
1761,2022,0.3423
1761,2023,0.35749999
1761,2024,0.3689
1761,2025,0.3628
1762,2006,0.27239999
1762,2007,0.2951
1762,2008,0.2992
1762,2009,0.301
1762,2010,0.33989999
1762,2011,0.3233
1762,2012,0.30739999
1762,2013,0.38389999
1762,2014,0.37599999
1762,2015,0.37360001
1762,2016,0.37239999
1762,2017,0.38350001
1762,2018,0.39269999
1762,2019,0.38339999
1762,2020,0.33000001
1762,2021,0.3416
1762,2022,0.35960001
1762,2023,0.3813
1762,2024,0.3881
1762,2025,0.3964
1763,2006,0.30129999
1763,2007,0.32640001
1763,2008,0.34869999
1763,2009,0.33109999
1763,2010,0.3321
1763,2011,0.31200001
1763,2012,0.35139999
1763,2013,0.3497
1763,2014,0.37090001
1763,2015,0.36759999
1763,2016,0.377
1763,2017,0.3716
1763,2018,0.3721
1763,2019,0.37940001
1763,2020,0.32679999
1763,2021,0.3461
1763,2022,0.3556
1763,2023,0.36719999
1763,2024,0.37900001
1763,2025,0.3761
1764,2006,0.31209999
1764,2007,0.30410001
1764,2008,0.3511
1764,2009,0.32249999
1764,2010,0.3387
1764,2011,0.336
1764,2012,0.3624
1764,2013,0.35690001
1764,2014,0.36149999
1764,2015,0.3662
1764,2016,0.37830001
1764,2017,0.3811
1764,2018,0.37900001
1764,2019,0.37729999
1764,2020,0.3547
1764,2021,0.36090001
1764,2022,0.373
1764,2023,0.3775
1764,2024,0.39269999
1764,2025,0.3973
1765,2006,0.2332
1765,2007,0.2339
1765,2008,0.28400001
1765,2009,0.2877
1765,2010,0.31040001
1765,2011,0.2938
1765,2012,0.3057
1765,2013,0.3283
1765,2014,0.33719999
1765,2015,0.34330001
1765,2016,0.33759999
1765,2017,0.34029999
1765,2018,0.33590001
1765,2019,0.3371
1765,2020,0.3132
1765,2021,0.33070001
1765,2022,0.34799999
1765,2023,0.33019999
1765,2024,0.35569999
1765,2025,0.36430001
1766,2006,0.20469999
1766,2007,0.235
1766,2008,0.26089999
1766,2009,0.27860001
1766,2010,0.3028
1766,2011,0.28080001
1766,2012,0.25229999
1766,2013,0.35139999
1766,2014,0.36129999
1766,2015,0.36090001
1766,2016,0.3768
1766,2017,0.37549999
1766,2018,0.38029999
1766,2019,0.3908
1766,2020,0.3448
1766,2021,0.36750001
1766,2022,0.37220001
1766,2023,0.3854
1766,2024,0.40360001
1766,2025,0.40979999
1780,2006,0.32249999
1780,2007,0.34169999
1780,2008,0.3637
1780,2009,0.34220001
1780,2010,0.34459999
1780,2011,0.34110001
1780,2012,0.3725
1780,2013,0.3712
1780,2014,0.37709999
1780,2015,0.3653
1780,2016,0.38080001
1780,2017,0.37869999
1780,2018,0.37329999
1780,2019,0.36950001
1780,2020,0.3355
1780,2021,0.34529999
1780,2022,0.35589999
1780,2023,0.36309999
1780,2024,0.36989999
1780,2025,0.37360001
1781,2006,0.19599999
1781,2007,0.2226
1781,2008,0.25920001
1781,2009,0.2983
1781,2010,0.34819999
1781,2011,0.3378
1781,2012,0.35350001
1781,2013,0.36669999
1781,2014,0.3705
1781,2015,0.37549999
1781,2016,0.37779999
1781,2017,0.38240001
1781,2018,0.38429999
1781,2019,0.38409999
1781,2020,0.35370001
1781,2021,0.36579999
1781,2022,0.38209999
1781,2023,0.3935
1781,2024,0.40779999
1781,2025,0.40799999
1782,2006,0.2353
1782,2007,0.2383
1782,2008,0.27379999
1782,2009,0.2951
1782,2010,0.31490001
1782,2011,0.30939999
1782,2012,0.3427
1782,2013,0.3407
1782,2014,0.34110001
1782,2015,0.338
1782,2016,0.34979999
1782,2017,0.36179999
1782,2018,0.34490001
1782,2019,0.35820001
1782,2020,0.32949999
1782,2021,0.3434
1782,2022,0.35659999
1782,2023,0.38029999
1782,2024,0.3876
1782,2025,0.3802
1783,2006,0.21080001
1783,2007,0.2342
1783,2008,0.2656
1783,2009,0.29809999
1783,2010,0.33610001
1783,2011,0.31400001
1783,2012,0.26359999
1783,2013,0.38839999
1783,2014,0.38690001
1783,2015,0.403
1783,2016,0.39739999
1783,2017,0.41780001
1783,2018,0.4039
1783,2019,0.40360001
1783,2020,0.37180001
1783,2021,0.37830001
1783,2022,0.37369999
1783,2023,0.396
1783,2024,0.41999999
1783,2025,0.40689999
1784,2006,0.19949999
1784,2007,0.2475
1784,2008,0.28099999
1784,2009,0.29620001
1784,2010,0.34470001
1784,2011,0.30919999
1784,2012,0.3642
1784,2013,0.40419999
1784,2014,0.38600001
1784,2015,0.39050001
1784,2016,0.38510001
1784,2017,0.3919
1784,2018,0.38010001
1784,2019,0.3908
1784,2020,0.34990001
1784,2021,0.36309999
1784,2022,0.3863
1784,2023,0.39039999
1784,2024,0.4118
1784,2025,0.41499999
1785,2006,0.31549999
1785,2007,0.24590001
1785,2008,0.3258
1785,2009,0.28029999
1785,2010,0.31220001
1785,2011,0.30790001
1785,2012,0.3409
1785,2013,0.33629999
1785,2014,0.34509999
1785,2015,0.34470001
1785,2016,0.34310001
1785,2017,0.34020001
1785,2018,0.34740001
1785,2019,0.35519999
1785,2020,0.32010001
1785,2021,0.33489999
1785,2022,0.3556
1785,2023,0.3522
1785,2024,0.36219999
1785,2025,0.3748
1814,2006,0.31889999
1814,2007,0.3224
1814,2008,0.32049999
1814,2009,0.32969999
1814,2010,0.34689999
1814,2011,0.35299999
1814,2012,0.3646
1814,2013,0.35159999
1814,2014,0.3691
1814,2015,0.36469999
1814,2016,0.3619
1814,2017,0.33669999
1814,2018,0.3448
1814,2019,0.3664
1814,2020,0.33329999
1814,2021,0.35229999
1814,2022,0.36469999
1814,2023,0.37200001
1814,2024,0.3723
1814,2025,0.37560001
1860,2006,0.33649999
1860,2007,0.34459999
1860,2008,0.3425
1860,2009,0.34779999
1860,2010,0.36050001
1860,2011,0.3766
1860,2012,0.37079999
1860,2013,0.3689
1860,2014,0.3752
1860,2015,0.38010001
1860,2016,0.4043
1860,2017,0.3964
1860,2018,0.38260001
1860,2019,0.39039999
1860,2020,0.35789999
1860,2021,0.39680001
1860,2022,0.40529999
1860,2023,0.41639999
1860,2024,0.41600001
1860,2025,0.4021
1861,2006,0.32870001
1861,2007,0.3317
1861,2008,0.3425
1861,2009,0.3348
1861,2010,0.3466
1861,2011,0.36050001
1861,2012,0.3874
1861,2013,0.37279999
1861,2014,0.37889999
1861,2015,0.3664
1861,2016,0.3714
1861,2017,0.34459999
1861,2018,0.36179999
1861,2019,0.37189999
1861,2020,0.35800001
1861,2021,0.3682
1861,2022,0.36539999
1861,2023,0.39770001
1861,2024,0.38659999
1861,2025,0.3971
1862,2006,0.39399999
1862,2007,0.40900001
1862,2008,0.41249999
1862,2009,0.41240001
1862,2010,0.419
1862,2011,0.40509999
1862,2012,0.40689999
1862,2013,0.405
1862,2014,0.42570001
1862,2015,0.42179999
1862,2016,0.44780001
1862,2017,0.42649999
1862,2018,0.41859999
1862,2019,0.4325
1862,2020,0.41
1862,2021,0.4181
1862,2022,0.43709999
1862,2023,0.463
1862,2024,0.45280001
1862,2025,0.4524
1863,2006,0.34299999
1863,2007,0.3251
1863,2008,0.352
1863,2009,0.34900001
1863,2010,0.3486
1863,2011,0.3612
1863,2012,0.3545
1863,2013,0.35429999
1863,2014,0.3671
1863,2015,0.3662
1863,2016,0.34459999
1863,2017,0.35980001
1863,2018,0.37810001
1863,2019,0.38029999
1863,2020,0.35210001
1863,2021,0.3576
1863,2022,0.39899999
1863,2023,0.4118
1863,2024,0.40059999
1863,2025,0.41510001
1864,2006,0.34279999
1864,2007,0.3563
1864,2008,0.37490001
1864,2009,0.3574
1864,2010,0.36759999
1864,2011,0.3849
1864,2012,0.3951
1864,2013,0.36070001
1864,2014,0.37040001
1864,2015,0.40560001
1864,2016,0.3953
1864,2017,0.37509999
1864,2018,0.39399999
1864,2019,0.37959999
1864,2020,0.37380001
1864,2021,0.3897
1864,2022,0.40709999
1864,2023,0.40700001
1864,2024,0.39899999
1864,2025,0.40509999
1880,2006,0.33629999
1880,2007,0.33399999
1880,2008,0.3427
1880,2009,0.34349999
1880,2010,0.35690001
1880,2011,0.38440001
1880,2012,0.38659999
1880,2013,0.38010001
1880,2014,0.38789999
1880,2015,0.3698
1880,2016,0.38159999
1880,2017,0.36269999
1880,2018,0.36939999
1880,2019,0.37509999
1880,2020,0.3626
1880,2021,0.37529999
1880,2022,0.3847
1880,2023,0.3935
1880,2024,0.3915
1880,2025,0.39739999
1881,2006,0.31400001
1881,2007,0.31650001
1881,2008,0.32530001
1881,2009,0.3233
1881,2010,0.32190001
1881,2011,0.34990001
1881,2012,0.36149999
1881,2013,0.36430001
1881,2014,0.36860001
1881,2015,0.36539999
1881,2016,0.37279999
1881,2017,0.35640001
1881,2018,0.36669999
1881,2019,0.37
1881,2020,0.3565
1881,2021,0.3628
1881,2022,0.37810001
1881,2023,0.40189999
1881,2024,0.3978
1881,2025,0.40180001
1882,2006,0.32010001
1882,2007,0.3071
1882,2008,0.3197
1882,2009,0.3141
1882,2010,0.3276
1882,2011,0.34819999
1882,2012,0.36610001
1882,2013,0.34830001
1882,2014,0.35800001
1882,2015,0.35839999
1882,2016,0.3671
1882,2017,0.3705
1882,2018,0.37220001
1882,2019,0.38999999
1882,2020,0.35389999
1882,2021,0.37189999
1882,2022,0.39829999
1882,2023,0.41170001
1882,2024,0.4061
1882,2025,0.40329999
1883,2006,0.39539999
1883,2007,0.39700001
1883,2008,0.40149999
1883,2009,0.39969999
1883,2010,0.42399999
1883,2011,0.4052
1883,2012,0.3985
1883,2013,0.40560001
1883,2014,0.42179999
1883,2015,0.4258
1883,2016,0.4258
1883,2017,0.4201
1883,2018,0.42230001
1883,2019,0.41850001
1883,2020,0.3874
1883,2021,0.4127
1883,2022,0.42410001
1883,2023,0.4402
1883,2024,0.4359
1883,2025,0.43560001
1884,2006,0.3479
1884,2007,0.34470001
1884,2008,0.35699999
1884,2009,0.3572
1884,2010,0.3653
1884,2011,0.36930001
1884,2012,0.37099999
1884,2013,0.37549999
1884,2014,0.3784
1884,2015,0.37380001
1884,2016,0.37909999
1884,2017,0.38240001
1884,2018,0.38510001
1884,2019,0.40270001
1884,2020,0.38749999
1884,2021,0.40380001
1884,2022,0.40990001
1884,2023,0.4068
1884,2024,0.4199
1884,2025,0.42019999
1885,2006,0.38249999
1885,2007,0.37630001
1885,2008,0.3865
1885,2009,0.3888
1885,2010,0.38229999
1885,2011,0.38280001
1885,2012,0.3779
1885,2013,0.37439999
1885,2014,0.38659999
1885,2015,0.38589999
1885,2016,0.39840001
1885,2017,0.40700001
1885,2018,0.4095
1885,2019,0.4172
1885,2020,0.38929999
1885,2021,0.4073
1885,2022,0.42120001
1885,2023,0.43259999
1885,2024,0.4188
1885,2025,0.4278
1904,2006,0.31900001
1904,2007,0.3321
1904,2008,0.3457
1904,2009,0.33930001
1904,2010,0.3461
1904,2011,0.35640001
1904,2012,0.38389999
1904,2013,0.37909999
1904,2014,0.37220001
1904,2015,0.38940001
1904,2016,0.4156
1904,2017,0.3933
1904,2018,0.38940001
1904,2019,0.40619999
1904,2020,0.38029999
1904,2021,0.4084
1904,2022,0.42500001
1904,2023,0.42950001
1904,2024,0.42730001
1904,2025,0.43189999
1907,2006,0.32100001
1907,2007,0.32210001
1907,2008,0.3222
1907,2009,0.32980001
1907,2010,0.33360001
1907,2011,0.35780001
1907,2012,0.36379999
1907,2013,0.36989999
1907,2014,0.38620001
1907,2015,0.38299999
1907,2016,0.38159999
1907,2017,0.3802
1907,2018,0.3838
1907,2019,0.3858
1907,2020,0.36919999
1907,2021,0.3906
1907,2022,0.39950001
1907,2023,0.40349999
1907,2024,0.4181
1907,2025,0.41659999
1960,2006,0.3272
1960,2007,0.34650001
1960,2008,0.36719999
1960,2009,0.3506
1960,2010,0.3468
1960,2011,0.35969999
1960,2012,0.37909999
1960,2013,0.37850001
1960,2014,0.35210001
1960,2015,0.36430001
1960,2016,0.36719999
1960,2017,0.35870001
1960,2018,0.3748
1960,2019,0.37020001
1960,2020,0.35370001
1960,2021,0.35730001
1960,2022,0.37580001
1960,2023,0.37009999
1960,2024,0.38780001
1960,2025,0.39700001
1961,2006,0.3211
1961,2007,0.3351
1961,2008,0.34670001
1961,2009,0.3495
1961,2010,0.33950001
1961,2011,0.3601
1961,2012,0.3881
1961,2013,0.38679999
1961,2014,0.40369999
1961,2015,0.3917
1961,2016,0.3951
1961,2017,0.38429999
1961,2018,0.37639999
1961,2019,0.3705
1961,2020,0.37169999
1961,2021,0.3845
1961,2022,0.3928
1961,2023,0.3935
1961,2024,0.40540001
1961,2025,0.40009999
1962,2006,0.2868
1962,2007,0.2969
1962,2008,0.3044
1962,2009,0.29640001
1962,2010,0.30669999
1962,2011,0.3197
1962,2012,0.34130001
1962,2013,0.35499999
1962,2014,0.36199999
1962,2015,0.35049999
1962,2016,0.38820001
1962,2017,0.4007
1962,2018,0.4066
1962,2019,0.39879999
1962,2020,0.3876
1962,2021,0.41409999
1962,2022,0.42930001
1962,2023,0.435
1962,2024,0.44839999
1962,2025,0.45739999
1980,2006,0.3308
1980,2007,0.3418
1980,2008,0.33669999
1980,2009,0.3459
1980,2010,0.34999999
1980,2011,0.37329999
1980,2012,0.38339999
1980,2013,0.3858
1980,2014,0.3876
1980,2015,0.3847
1980,2016,0.38280001
1980,2017,0.37259999
1980,2018,0.3725
1980,2019,0.37149999
1980,2020,0.36390001
1980,2021,0.37959999
1980,2022,0.38789999
1980,2023,0.38789999
1980,2024,0.39879999
1980,2025,0.40169999
1981,2006,0.34909999
1981,2007,0.3603
1981,2008,0.3671
1981,2009,0.37619999
1981,2010,0.36070001
1981,2011,0.38260001
1981,2012,0.38620001
1981,2013,0.39489999
1981,2014,0.38850001
1981,2015,0.38789999
1981,2016,0.3964
1981,2017,0.3836
1981,2018,0.3761
1981,2019,0.3818
1981,2020,0.36790001
1981,2021,0.38659999
1981,2022,0.3926
1981,2023,0.3976
1981,2024,0.41260001
1981,2025,0.41679999
1982,2006,0.29719999
1982,2007,0.3152
1982,2008,0.31279999
1982,2009,0.3274
1982,2010,0.31979999
1982,2011,0.3339
1982,2012,0.3441
1982,2013,0.3475
1982,2014,0.3549
1982,2015,0.34130001
1982,2016,0.36939999
1982,2017,0.38249999
1982,2018,0.38429999
1982,2019,0.38890001
1982,2020,0.38060001
1982,2021,0.3969
1982,2022,0.39359999
1982,2023,0.38710001
1982,2024,0.40090001
1982,2025,0.40149999
1983,2006,0.35820001
1983,2007,0.36649999
1983,2008,0.3741
1983,2009,0.35089999
1983,2010,0.3457
1983,2011,0.3619
1983,2012,0.3919
1983,2013,0.38679999
1983,2014,0.36770001
1983,2015,0.3858
1983,2016,0.39500001
1983,2017,0.382
1983,2018,0.36669999
1983,2019,0.3734
1983,2020,0.35569999
1983,2021,0.37380001
1983,2022,0.38960001
1983,2023,0.39070001
1983,2024,0.4007
1983,2025,0.4012
1984,2006,0.33829999
1984,2007,0.3673
1984,2008,0.3682
1984,2009,0.36289999
1984,2010,0.34189999
1984,2011,0.36919999
1984,2012,0.39539999
1984,2013,0.38499999
1984,2014,0.37
1984,2015,0.3757
1984,2016,0.37599999
1984,2017,0.3651
1984,2018,0.36880001
1984,2019,0.37689999
1984,2020,0.36160001
1984,2021,0.36950001
1984,2022,0.38859999
1984,2023,0.38780001
1984,2024,0.39320001
1984,2025,0.39109999
2021,2006,0.29480001
2021,2007,0.31060001
2021,2008,0.3055
2021,2009,0.31020001
2021,2010,0.3258
2021,2011,0.3382
2021,2012,0.3364
2021,2013,0.33399999
2021,2014,0.3355
2021,2015,0.3574
2021,2016,0.3506
2021,2017,0.3452
2021,2018,0.3723
2021,2019,0.36590001
2021,2020,0.3364
2021,2021,0.35080001
2021,2022,0.35210001
2021,2023,0.37029999
2021,2024,0.3757
2021,2025,0.37040001
2023,2006,0.2762
2023,2007,0.27919999
2023,2008,0.28560001
2023,2009,0.2895
2023,2010,0.2899
2023,2011,0.30050001
2023,2012,0.28400001
2023,2013,0.30270001
2023,2014,0.29980001
2023,2015,0.32780001
2023,2016,0.32159999
2023,2017,0.3211
2023,2018,0.32980001
2023,2019,0.3337
2023,2020,0.29960001
2023,2021,0.3303
2023,2022,0.3378
2023,2023,0.3443
2023,2024,0.32800001
2023,2025,0.345
2026,2006,0.33660001
2026,2007,0.338
2026,2008,0.3536
2026,2009,0.35229999
2026,2010,0.35890001
2026,2011,0.36500001
2026,2012,0.35089999
2026,2013,0.3495
2026,2014,0.3567
2026,2015,0.37470001
2026,2016,0.37110001
2026,2017,0.3705
2026,2018,0.36939999
2026,2019,0.36500001
2026,2020,0.33660001
2026,2021,0.35010001
2026,2022,0.36649999
2026,2023,0.36390001
2026,2024,0.36579999
2026,2025,0.38350001
2029,2006,0.31920001
2029,2007,0.33140001
2029,2008,0.33140001
2029,2009,0.34740001
2029,2010,0.3409
2029,2011,0.35159999
2029,2012,0.35229999
2029,2013,0.3448
2029,2014,0.34720001
2029,2015,0.36860001
2029,2016,0.35609999
2029,2017,0.36160001
2029,2018,0.3628
2029,2019,0.36359999
2029,2020,0.3308
2029,2021,0.3592
2029,2022,0.36000001
2029,2023,0.37920001
2029,2024,0.3822
2029,2025,0.3768
2031,2006,0.34209999
2031,2007,0.34040001
2031,2008,0.33939999
2031,2009,0.3547
2031,2010,0.36590001
2031,2011,0.38609999
2031,2012,0.3804
2031,2013,0.38710001
2031,2014,0.39860001
2031,2015,0.4152
2031,2016,0.39700001
2031,2017,0.405
2031,2018,0.4057
2031,2019,0.4082
2031,2020,0.3653
2031,2021,0.39230001
2031,2022,0.39050001
2031,2023,0.40419999
2031,2024,0.40689999
2031,2025,0.41659999
2034,2006,0.34940001
2034,2007,0.37099999
2034,2008,0.3795
2034,2009,0.38029999
2034,2010,0.3818
2034,2011,0.39219999
2034,2012,0.3964
2034,2013,0.412
2034,2014,0.419
2034,2015,0.4452
2034,2016,0.43450001
2034,2017,0.41999999
2034,2018,0.43130001
2034,2019,0.42570001
2034,2020,0.38600001
2034,2021,0.40149999
2034,2022,0.41850001
2034,2023,0.4249
2034,2024,0.4289
2034,2025,0.4242
2039,2006,0.2678
2039,2007,0.26840001
2039,2008,0.27919999
2039,2009,0.2823
2039,2010,0.30919999
2039,2011,0.30610001
2039,2012,0.29730001
2039,2013,0.31659999
2039,2014,0.3132
2039,2015,0.3574
2039,2016,0.34580001
2039,2017,0.32870001
2039,2018,0.3493
2039,2019,0.35100001
2039,2020,0.3123
2039,2021,0.3197
2039,2022,0.32449999
2039,2023,0.338
2039,2024,0.3682
2039,2025,0.35519999
2061,2006,0.30739999
2061,2007,0.32049999
2061,2008,0.3317
2061,2009,0.34060001
2061,2010,0.34110001
2061,2011,0.36829999
2061,2012,0.35980001
2061,2013,0.3608
2061,2014,0.36759999
2061,2015,0.3671
2061,2016,0.35800001
2061,2017,0.36410001
2061,2018,0.35190001
2061,2019,0.35949999
2061,2020,0.32699999
2061,2021,0.3312
2061,2022,0.3364
2061,2023,0.34900001
2061,2024,0.3222
2061,2025,0.33680001
2062,2006,0.37180001
2062,2007,0.38980001
2062,2008,0.3856
2062,2009,0.38949999
2062,2010,0.38690001
2062,2011,0.4073
2062,2012,0.39680001
2062,2013,0.40830001
2062,2014,0.41530001
2062,2015,0.43779999
2062,2016,0.43220001
2062,2017,0.414
2062,2018,0.43220001
2062,2019,0.42860001
2062,2020,0.3908
2062,2021,0.4003
2062,2022,0.40720001
2062,2023,0.42309999
2062,2024,0.42309999
2062,2025,0.42109999
2080,2006,0.36849999
2080,2007,0.36379999
2080,2008,0.37850001
2080,2009,0.3775
2080,2010,0.38409999
2080,2011,0.39320001
2080,2012,0.38550001
2080,2013,0.3725
2080,2014,0.37830001
2080,2015,0.39089999
2080,2016,0.38620001
2080,2017,0.3784
2080,2018,0.38299999
2080,2019,0.38119999
2080,2020,0.35280001
2080,2021,0.37009999
2080,2022,0.38049999
2080,2023,0.38530001
2080,2024,0.38530001
2080,2025,0.39669999
2081,2006,0.33360001
2081,2007,0.33450001
2081,2008,0.34029999
2081,2009,0.34220001
2081,2010,0.3459
2081,2011,0.35499999
2081,2012,0.3448
2081,2013,0.35339999
2081,2014,0.35249999
2081,2015,0.36359999
2081,2016,0.3594
2081,2017,0.35260001
2081,2018,0.34940001
2081,2019,0.35530001
2081,2020,0.32609999
2081,2021,0.3513
2081,2022,0.35440001
2081,2023,0.3696
2081,2024,0.37189999
2081,2025,0.37729999
2082,2006,0.3529
2082,2007,0.35910001
2082,2008,0.34999999
2082,2009,0.34299999
2082,2010,0.345
2082,2011,0.3486
2082,2012,0.34799999
2082,2013,0.34349999
2082,2014,0.34560001
2082,2015,0.35929999
2082,2016,0.37009999
2082,2017,0.3637
2082,2018,0.36570001
2082,2019,0.36649999
2082,2020,0.33360001
2082,2021,0.36149999
2082,2022,0.3556
2082,2023,0.3739
2082,2024,0.3732
2082,2025,0.38659999
2083,2006,0.34060001
2083,2007,0.3317
2083,2008,0.33919999
2083,2009,0.35499999
2083,2010,0.36750001
2083,2011,0.36000001
2083,2012,0.34220001
2083,2013,0.36629999
2083,2014,0.36719999
2083,2015,0.3793
2083,2016,0.36399999
2083,2017,0.36880001
2083,2018,0.37830001
2083,2019,0.3633
2083,2020,0.32690001
2083,2021,0.3565
2083,2022,0.37900001
2083,2023,0.39950001
2083,2024,0.39430001
2083,2025,0.40290001
2084,2006,0.34889999
2084,2007,0.35080001
2084,2008,0.35049999
2084,2009,0.3599
2084,2010,0.40110001
2084,2011,0.35859999
2084,2012,0.34639999
2084,2013,0.3784
2084,2014,0.38060001
2084,2015,0.3822
2084,2016,0.36939999
2084,2017,0.3876
2084,2018,0.39120001
2084,2019,0.38909999
2084,2020,0.34979999
2084,2021,0.3723
2084,2022,0.38280001
2084,2023,0.41690001
2084,2024,0.4262
2084,2025,0.4235
2085,2006,0.31009999
2085,2007,0.31569999
2085,2008,0.31420001
2085,2009,0.3231
2085,2010,0.33230001
2085,2011,0.32980001
2085,2012,0.3193
2085,2013,0.33629999
2085,2014,0.34220001
2085,2015,0.3378
2085,2016,0.33410001
2085,2017,0.34450001
2085,2018,0.34040001
2085,2019,0.34799999
2085,2020,0.3215
2085,2021,0.32460001
2085,2022,0.3276
2085,2023,0.3339
2085,2024,0.3186
2085,2025,0.3283
2101,2006,0.2467
2101,2007,0.25560001
2101,2008,0.27540001
2101,2009,0.28
2101,2010,0.27829999
2101,2011,0.30680001
2101,2012,0.28850001
2101,2013,0.30469999
2101,2014,0.30809999
2101,2015,0.3488
2101,2016,0.33430001
2101,2017,0.3303
2101,2018,0.33250001
2101,2019,0.35769999
2101,2020,0.3215
2101,2021,0.3319
2101,2022,0.34459999
2101,2023,0.36939999
2101,2024,0.38850001
2101,2025,0.36739999
2104,2006,0.2832
2104,2007,0.2852
2104,2008,0.2987
2104,2009,0.29879999
2104,2010,0.3184
2104,2011,0.33059999
2104,2012,0.33880001
2104,2013,0.3233
2104,2014,0.32589999
2104,2015,0.37189999
2104,2016,0.3689
2104,2017,0.36719999
2104,2018,0.36300001
2104,2019,0.3752
2104,2020,0.3292
2104,2021,0.34670001
2104,2022,0.35100001
2104,2023,0.36759999
2104,2024,0.36860001
2104,2025,0.3705
2121,2006,0.2358
2121,2007,0.257
2121,2008,0.26480001
2121,2009,0.26609999
2121,2010,0.28189999
2121,2011,0.32319999
2121,2012,0.30059999
2121,2013,0.30329999
2121,2014,0.29620001
2121,2015,0.33129999
2121,2016,0.33700001
2121,2017,0.3398
2121,2018,0.3522
2121,2019,0.3513
2121,2020,0.3308
2121,2021,0.34259999
2121,2022,0.36500001
2121,2023,0.38330001
2121,2024,0.3818
2121,2025,0.39860001
2132,2006,0.30649999
2132,2007,0.29679999
2132,2008,0.3247
2132,2009,0.34079999
2132,2010,0.34009999
2132,2011,0.35910001
2132,2012,0.36140001
2132,2013,0.34689999
2132,2014,0.35609999
2132,2015,0.39829999
2132,2016,0.39750001
2132,2017,0.39950001
2132,2018,0.39399999
2132,2019,0.40540001
2132,2020,0.37009999
2132,2021,0.37180001
2132,2022,0.38409999
2132,2023,0.39300001
2132,2024,0.40560001
2132,2025,0.4048
2161,2006,0.26199999
2161,2007,0.26429999
2161,2008,0.27169999
2161,2009,0.28029999
2161,2010,0.28099999
2161,2011,0.29620001
2161,2012,0.3066
2161,2013,0.3062
2161,2014,0.31119999
2161,2015,0.34580001
2161,2016,0.3466
2161,2017,0.33989999
2161,2018,0.3425
2161,2019,0.33880001
2161,2020,0.32350001
2161,2021,0.33239999
2161,2022,0.3439
2161,2023,0.34999999
2161,2024,0.37029999
2161,2025,0.35679999
2180,2006,0.28819999
2180,2007,0.30309999
2180,2008,0.31889999
2180,2009,0.32609999
2180,2010,0.3134
2180,2011,0.3382
2180,2012,0.3468
2180,2013,0.34720001
2180,2014,0.3538
2180,2015,0.37670001
2180,2016,0.3725
2180,2017,0.36809999
2180,2018,0.37130001
2180,2019,0.3809
2180,2020,0.34889999
2180,2021,0.35839999
2180,2022,0.36449999
2180,2023,0.3732
2180,2024,0.38409999
2180,2025,0.366
2181,2006,0.2687
2181,2007,0.28150001
2181,2008,0.29539999
2181,2009,0.30669999
2181,2010,0.3136
2181,2011,0.32440001
2181,2012,0.32539999
2181,2013,0.32190001
2181,2014,0.33180001
2181,2015,0.35679999
2181,2016,0.3531
2181,2017,0.3493
2181,2018,0.3441
2181,2019,0.35100001
2181,2020,0.33489999
2181,2021,0.3432
2181,2022,0.3441
2181,2023,0.35589999
2181,2024,0.36809999
2181,2025,0.34599999
2182,2006,0.2771
2182,2007,0.2859
2182,2008,0.31400001
2182,2009,0.5018
2182,2010,0.50059998
2182,2011,0.34619999
2182,2012,0.32730001
2182,2013,0.33680001
2182,2014,0.34330001
2182,2015,0.37959999
2182,2016,0.35620001
2182,2017,0.35659999
2182,2018,0.3682
2182,2019,0.36410001
2182,2020,0.3475
2182,2021,0.36379999
2182,2022,0.3723
2182,2023,0.39089999
2182,2024,0.40650001
2182,2025,0.3901
2183,2006,0.27129999
2183,2007,0.28349999
2183,2008,0.2888
2183,2009,0.2965
2183,2010,0.30109999
2183,2011,0.35420001
2183,2012,0.30379999
2183,2013,0.296
2183,2014,0.3105
2183,2015,0.34779999
2183,2016,0.34999999
2183,2017,0.34819999
2183,2018,0.36579999
2183,2019,0.37130001
2183,2020,0.33880001
2183,2021,0.3567
2183,2022,0.3617
2183,2023,0.38569999
2183,2024,0.39070001
2183,2025,0.43220001
2184,2006,0.32969999
2184,2007,0.32440001
2184,2008,0.359
2184,2009,0.36590001
2184,2010,0.37740001
2184,2011,0.37689999
2184,2012,0.38710001
2184,2013,0.35960001
2184,2014,0.37079999
2184,2015,0.4016
2184,2016,0.40009999
2184,2017,0.39340001
2184,2018,0.3994
2184,2019,0.3969
2184,2020,0.3811
2184,2021,0.3849
2184,2022,0.39309999
2184,2023,0.4127
2184,2024,0.43309999
2184,2025,0.41299999
2260,2006,0.29539999
2260,2007,0.28850001
2260,2008,0.29089999
2260,2009,0.29390001
2260,2010,0.2967
2260,2011,0.29409999
2260,2012,0.30649999
2260,2013,0.30489999
2260,2014,0.31209999
2260,2015,0.33360001
2260,2016,0.3452
2260,2017,0.34040001
2260,2018,0.33860001
2260,2019,0.345
2260,2020,0.3197
2260,2021,0.329
2260,2022,0.32659999
2260,2023,0.34529999
2260,2024,0.3567
2260,2025,0.35100001
2262,2006,0.31189999
2262,2007,0.30340001
2262,2008,0.30849999
2262,2009,0.3159
2262,2010,0.31240001
2262,2011,0.30430001
2262,2012,0.3247
2262,2013,0.32890001
2262,2014,0.33750001
2262,2015,0.35949999
2262,2016,0.36590001
2262,2017,0.36649999
2262,2018,0.36660001
2262,2019,0.37220001
2262,2020,0.35730001
2262,2021,0.36289999
2262,2022,0.36950001
2262,2023,0.37439999
2262,2024,0.38659999
2262,2025,0.38389999
2280,2006,0.34099999
2280,2007,0.35179999
2280,2008,0.35460001
2280,2009,0.3452
2280,2010,0.33289999
2280,2011,0.33360001
2280,2012,0.34150001
2280,2013,0.33860001
2280,2014,0.3335
2280,2015,0.35190001
2280,2016,0.333
2280,2017,0.33849999
2280,2018,0.3398
2280,2019,0.3405
2280,2020,0.3272
2280,2021,0.34130001
2280,2022,0.35069999
2280,2023,0.35870001
2280,2024,0.36210001
2280,2025,0.3583
2281,2006,0.32190001
2281,2007,0.31779999
2281,2008,0.32120001
2281,2009,0.31690001
2281,2010,0.31569999
2281,2011,0.315
2281,2012,0.33410001
2281,2013,0.3405
2281,2014,0.35550001
2281,2015,0.36930001
2281,2016,0.3669
2281,2017,0.3678
2281,2018,0.37
2281,2019,0.37290001
2281,2020,0.3493
2281,2021,0.35600001
2281,2022,0.35820001
2281,2023,0.3752
2281,2024,0.3849
2281,2025,0.37380001
2282,2006,0.32460001
2282,2007,0.33849999
2282,2008,0.33329999
2282,2009,0.3353
2282,2010,0.34470001
2282,2011,0.34940001
2282,2012,0.36359999
2282,2013,0.36899999
2282,2014,0.37810001
2282,2015,0.39199999
2282,2016,0.38060001
2282,2017,0.3892
2282,2018,0.3915
2282,2019,0.39489999
2282,2020,0.37099999
2282,2021,0.38440001
2282,2022,0.39019999
2282,2023,0.4197
2282,2024,0.42969999
2282,2025,0.4154
2283,2006,0.38850001
2283,2007,0.39469999
2283,2008,0.403
2283,2009,0.38870001
2283,2010,0.39019999
2283,2011,0.39840001
2283,2012,0.40759999
2283,2013,0.41870001
2283,2014,0.4217
2283,2015,0.4402
2283,2016,0.42840001
2283,2017,0.42519999
2283,2018,0.42789999
2283,2019,0.43169999
2283,2020,0.4104
2283,2021,0.40689999
2283,2022,0.4307
2283,2023,0.45519999
2283,2024,0.4675
2283,2025,0.4393
2284,2006,0.3538
2284,2007,0.35080001
2284,2008,0.35190001
2284,2009,0.34810001
2284,2010,0.33399999
2284,2011,0.3475
2284,2012,0.35479999
2284,2013,0.36160001
2284,2014,0.36579999
2284,2015,0.37650001
2284,2016,0.38479999
2284,2017,0.3899
2284,2018,0.3908
2284,2019,0.4021
2284,2020,0.3829
2284,2021,0.38260001
2284,2022,0.39559999
2284,2023,0.4032
2284,2024,0.41859999
2284,2025,0.39919999
2303,2006,0.2586
2303,2007,0.303
2303,2008,0.3443
2303,2009,0.31940001
2303,2010,0.33070001
2303,2011,0.3222
2303,2012,0.3206
2303,2013,0.33899999
2303,2014,0.36750001
2303,2015,0.3486
2303,2016,0.3461
2303,2017,0.3565
2303,2018,0.3531
2303,2019,0.35319999
2303,2020,0.34040001
2303,2021,0.35659999
2303,2022,0.3669
2303,2023,0.3653
2303,2024,0.38280001
2303,2025,0.39309999
2305,2006,0.2694
2305,2007,0.30059999
2305,2008,0.3107
2305,2009,0.29480001
2305,2010,0.30809999
2305,2011,0.30180001
2305,2012,0.317
2305,2013,0.33270001
2305,2014,0.34909999
2305,2015,0.32100001
2305,2016,0.3353
2305,2017,0.34110001
2305,2018,0.32030001
2305,2019,0.34470001
2305,2020,0.33090001
2305,2021,0.3466
2305,2022,0.36090001
2305,2023,0.38229999
2305,2024,0.3881
2305,2025,0.3732
2309,2006,0.25580001
2309,2007,0.31119999
2309,2008,0.3089
2309,2009,0.30160001
2309,2010,0.30180001
2309,2011,0.30160001
2309,2012,0.31569999
2309,2013,0.33410001
2309,2014,0.34009999
2309,2015,0.33019999
2309,2016,0.3326
2309,2017,0.34119999
2309,2018,0.3452
2309,2019,0.3434
2309,2020,0.32820001
2309,2021,0.3396
2309,2022,0.34099999
2309,2023,0.3651
2309,2024,0.37180001
2309,2025,0.3802
2313,2006,0.2563
2313,2007,0.27239999
2313,2008,0.28099999
2313,2009,0.2762
2313,2010,0.28
2313,2011,0.26699999
2313,2012,0.28040001
2313,2013,0.28220001
2313,2014,0.29859999
2313,2015,0.3829
2313,2016,0.29609999
2313,2017,0.31760001
2313,2018,0.3238
2313,2019,0.33230001
2313,2020,0.31479999
2313,2021,0.317
2313,2022,0.3276
2313,2023,0.3423
2313,2024,0.36070001
2313,2025,0.36390001
2321,2006,0.2237
2321,2007,0.2394
2321,2008,0.2554
2321,2009,0.24529999
2321,2010,0.2572
2321,2011,0.25709999
2321,2012,0.26609999
2321,2013,0.28029999
2321,2014,0.2938
2321,2015,0.28400001
2321,2016,0.2854
2321,2017,0.30610001
2321,2018,0.29859999
2321,2019,0.3141
2321,2020,0.28029999
2321,2021,0.285
2321,2022,0.29249999
2321,2023,0.31819999
2321,2024,0.32179999
2321,2025,0.32820001
2326,2006,0.2449
2326,2007,0.29679999
2326,2008,0.3116
2326,2009,0.31020001
2326,2010,0.31439999
2326,2011,0.30540001
2326,2012,0.32339999
2326,2013,0.33019999
2326,2014,0.3351
2326,2015,0.3215
2326,2016,0.32969999
2326,2017,0.3441
2326,2018,0.34299999
2326,2019,0.33790001
2326,2020,0.32749999
2326,2021,0.34009999
2326,2022,0.3522
2326,2023,0.35789999
2326,2024,0.37259999
2326,2025,0.3901
2361,2006,0.23649999
2361,2007,0.26899999
2361,2008,0.2545
2361,2009,0.2494
2361,2010,0.26989999
2361,2011,0.2626
2361,2012,0.27810001
2361,2013,0.2859
2361,2014,0.2861
2361,2015,0.278
2361,2016,0.29980001
2361,2017,0.29809999
2361,2018,0.28760001
2361,2019,0.3012
2361,2020,0.2814
2361,2021,0.29539999
2361,2022,0.30739999
2361,2023,0.31560001
2361,2024,0.32550001
2361,2025,0.32280001
2380,2006,0.27810001
2380,2007,0.3423
2380,2008,0.34279999
2380,2009,0.33629999
2380,2010,0.34900001
2380,2011,0.33790001
2380,2012,0.35280001
2380,2013,0.36919999
2380,2014,0.38519999
2380,2015,0.36230001
2380,2016,0.37439999
2380,2017,0.3741
2380,2018,0.36829999
2380,2019,0.38150001
2380,2020,0.35699999
2380,2021,0.36539999
2380,2022,0.36669999
2380,2023,0.38679999
2380,2024,0.3928
2380,2025,0.3951
2401,2006,0.33419999
2401,2007,0.377
2401,2008,0.39789999
2401,2009,0.39309999
2401,2010,0.37689999
2401,2011,0.3567
2401,2012,0.34189999
2401,2013,0.35339999
2401,2014,0.36320001
2401,2015,0.4012
2401,2016,0.40189999
2401,2017,0.39300001
2401,2018,0.39030001
2401,2019,0.3827
2401,2020,0.3698
2401,2021,0.39480001
2401,2022,0.38679999
2401,2023,0.40220001
2401,2024,0.39879999
2401,2025,0.39219999
2403,2006,0.28479999
2403,2007,0.37799999
2403,2008,0.3748
2403,2009,0.3777
2403,2010,0.39230001
2403,2011,0.36179999
2403,2012,0.34900001
2403,2013,0.3371
2403,2014,0.36649999
2403,2015,0.41069999
2403,2016,0.39430001
2403,2017,0.39140001
2403,2018,0.3847
2403,2019,0.3795
2403,2020,0.35690001
2403,2021,0.3601
2403,2022,0.3608
2403,2023,0.3633
2403,2024,0.37419999
2403,2025,0.35210001
2404,2006,0.324
2404,2007,0.4073
2404,2008,0.40239999
2404,2009,0.38940001
2404,2010,0.4109
2404,2011,0.39770001
2404,2012,0.36880001
2404,2013,0.3786
2404,2014,0.3581
2404,2015,0.39680001
2404,2016,0.3872
2404,2017,0.38060001
2404,2018,0.36480001
2404,2019,0.39680001
2404,2020,0.35800001
2404,2021,0.37200001
2404,2022,0.37180001
2404,2023,0.38769999
2404,2024,0.382
2404,2025,0.39230001
2409,2006,0.28909999
2409,2007,0.35780001
2409,2008,0.36590001
2409,2009,0.3646
2409,2010,0.34779999
2409,2011,0.3608
2409,2012,0.34709999
2409,2013,0.3558
2409,2014,0.35569999
2409,2015,0.39559999
2409,2016,0.3691
2409,2017,0.38010001
2409,2018,0.38550001
2409,2019,0.38620001
2409,2020,0.34740001
2409,2021,0.35519999
2409,2022,0.3585
2409,2023,0.3836
2409,2024,0.38710001
2409,2025,0.3761
2417,2006,0.294
2417,2007,0.34720001
2417,2008,0.3479
2417,2009,0.36880001
2417,2010,0.33500001
2417,2011,0.35089999
2417,2012,0.338
2417,2013,0.333
2417,2014,0.32190001
2417,2015,0.33930001
2417,2016,0.31670001
2417,2017,0.3195
2417,2018,0.32170001
2417,2019,0.3351
2417,2020,0.3335
2417,2021,0.3263
2417,2022,0.3434
2417,2023,0.35589999
2417,2024,0.36019999
2417,2025,0.3768
2418,2006,0.2481
2418,2007,0.2987
2418,2008,0.2976
2418,2009,0.3143
2418,2010,0.3017
2418,2011,0.3197
2418,2012,0.30950001
2418,2013,0.3249
2418,2014,0.33039999
2418,2015,0.36050001
2418,2016,0.3513
2418,2017,0.3669
2418,2018,0.34760001
2418,2019,0.3608
2418,2020,0.338
2418,2021,0.34740001
2418,2022,0.35710001
2418,2023,0.36090001
2418,2024,0.37810001
2418,2025,0.3779
2421,2006,0.20290001
2421,2007,0.28080001
2421,2008,0.2809
2421,2009,0.292
2421,2010,0.28960001
2421,2011,0.3091
2421,2012,0.30180001
2421,2013,0.31040001
2421,2014,0.3202
2421,2015,0.3504
2421,2016,0.33469999
2421,2017,0.34439999
2421,2018,0.3369
2421,2019,0.35139999
2421,2020,0.3312
2421,2021,0.34979999
2421,2022,0.34
2421,2023,0.3545
2421,2024,0.3759
2421,2025,0.36140001
2422,2006,0.2613
2422,2007,0.31099999
2422,2008,0.30450001
2422,2009,0.2987
2422,2010,0.3163
2422,2011,0.30070001
2422,2012,0.33070001
2422,2013,0.3321
2422,2014,0.3387
2422,2015,0.3398
2422,2016,0.35690001
2422,2017,0.36970001
2422,2018,0.3691
2422,2019,0.3594
2422,2020,0.33770001
2422,2021,0.36399999
2422,2022,0.39019999
2422,2023,0.38679999
2422,2024,0.3829
2422,2025,0.3691
2425,2006,0.206
2425,2007,0.30160001
2425,2008,0.29800001
2425,2009,0.30199999
2425,2010,0.3186
2425,2011,0.3249
2425,2012,0.33939999
2425,2013,0.31889999
2425,2014,0.30790001
2425,2015,0.3502
2425,2016,0.3628
2425,2017,0.35210001
2425,2018,0.3545
2425,2019,0.35179999
2425,2020,0.34290001
2425,2021,0.3443
2425,2022,0.35370001
2425,2023,0.37650001
2425,2024,0.3705
2425,2025,0.36649999
2460,2006,0.29710001
2460,2007,0.39070001
2460,2008,0.3926
2460,2009,0.3741
2460,2010,0.38530001
2460,2011,0.36149999
2460,2012,0.3439
2460,2013,0.33450001
2460,2014,0.35569999
2460,2015,0.37599999
2460,2016,0.36739999
2460,2017,0.3642
2460,2018,0.3669
2460,2019,0.3576
2460,2020,0.35600001
2460,2021,0.34020001
2460,2022,0.35120001
2460,2023,0.36660001
2460,2024,0.37130001
2460,2025,0.38420001
2462,2006,0.23119999
2462,2007,0.278
2462,2008,0.28749999
2462,2009,0.2965
2462,2010,0.2753
2462,2011,0.30070001
2462,2012,0.30399999
2462,2013,0.31479999
2462,2014,0.30199999
2462,2015,0.3434
2462,2016,0.32480001
2462,2017,0.34400001
2462,2018,0.34799999
2462,2019,0.3522
2462,2020,0.3299
2462,2021,0.34209999
2462,2022,0.35210001
2462,2023,0.3486
2462,2024,0.3574
2462,2025,0.35089999
2463,2006,0.2377
2463,2007,0.32069999
2463,2008,0.33289999
2463,2009,0.34900001
2463,2010,0.3369
2463,2011,0.34099999
2463,2012,0.3231
2463,2013,0.33289999
2463,2014,0.3274
2463,2015,0.3524
2463,2016,0.33360001
2463,2017,0.3448
2463,2018,0.35429999
2463,2019,0.3432
2463,2020,0.34630001
2463,2021,0.35330001
2463,2022,0.3619
2463,2023,0.3777
2463,2024,0.37940001
2463,2025,0.39070001
2480,2006,0.29550001
2480,2007,0.38240001
2480,2008,0.3953
2480,2009,0.39109999
2480,2010,0.37490001
2480,2011,0.35210001
2480,2012,0.3389
2480,2013,0.33500001
2480,2014,0.3416
2480,2015,0.36379999
2480,2016,0.3547
2480,2017,0.35910001
2480,2018,0.35089999
2480,2019,0.3497
2480,2020,0.33289999
2480,2021,0.3362
2480,2022,0.34150001
2480,2023,0.34999999
2480,2024,0.36199999
2480,2025,0.35600001
2481,2006,0.3087
2481,2007,0.39579999
2481,2008,0.39680001
2481,2009,0.40509999
2481,2010,0.4077
2481,2011,0.42030001
2481,2012,0.4163
2481,2013,0.4113
2481,2014,0.405
2481,2015,0.43720001
2481,2016,0.43340001
2481,2017,0.42500001
2481,2018,0.41749999
2481,2019,0.4228
2481,2020,0.41049999
2481,2021,0.4303
2481,2022,0.4434
2481,2023,0.4544
2481,2024,0.4614
2481,2025,0.45449999
2482,2006,0.2956
2482,2007,0.36019999
2482,2008,0.3617
2482,2009,0.36660001
2482,2010,0.36809999
2482,2011,0.36840001
2482,2012,0.36570001
2482,2013,0.3691
2482,2014,0.36939999
2482,2015,0.3536
2482,2016,0.35330001
2482,2017,0.36070001
2482,2018,0.35100001
2482,2019,0.34979999
2482,2020,0.347
2482,2021,0.34380001
2482,2022,0.34689999
2482,2023,0.3448
2482,2024,0.35179999
2482,2025,0.36750001
2505,2006,0.2899
2505,2007,0.27900001
2505,2008,0.27520001
2505,2009,0.2809
2505,2010,0.26409999
2505,2011,0.28330001
2505,2012,0.2798
2505,2013,0.2823
2505,2014,0.2633
2505,2015,0.30320001
2505,2016,0.29449999
2505,2017,0.29260001
2505,2018,0.28490001
2505,2019,0.3143
2505,2020,0.27869999
2505,2021,0.27689999
2505,2022,0.29449999
2505,2023,0.29440001
2505,2024,0.28369999
2505,2025,0.30700001
2506,2006,0.278
2506,2007,0.2714
2506,2008,0.29359999
2506,2009,0.2674
2506,2010,0.29800001
2506,2011,0.29609999
2506,2012,0.3206
2506,2013,0.30880001
2506,2014,0.27379999
2506,2015,0.3251
2506,2016,0.32780001
2506,2017,0.31150001
2506,2018,0.30399999
2506,2019,0.30700001
2506,2020,0.31580001
2506,2021,0.33140001
2506,2022,0.31810001
2506,2023,0.3502
2506,2024,0.3267
2506,2025,0.33559999
2510,2006,0.29089999
2510,2007,0.28560001
2510,2008,0.2764
2510,2009,0.27410001
2510,2010,0.2766
2510,2011,0.28290001
2510,2012,0.29159999
2510,2013,0.26679999
2510,2014,0.24699999
2510,2015,0.28830001
2510,2016,0.285
2510,2017,0.30140001
2510,2018,0.32640001
2510,2019,0.3089
2510,2020,0.2938
2510,2021,0.3204
2510,2022,0.32030001
2510,2023,0.34560001
2510,2024,0.35179999
2510,2025,0.33989999
2513,2006,0.2793
2513,2007,0.3064
2513,2008,0.29859999
2513,2009,0.30500001
2513,2010,0.32080001
2513,2011,0.31709999
2513,2012,0.32800001
2513,2013,0.2904
2513,2014,0.26120001
2513,2015,0.3184
2513,2016,0.30720001
2513,2017,0.31720001
2513,2018,0.2983
2513,2019,0.3003
2513,2020,0.28940001
2513,2021,0.3125
2513,2022,0.31720001
2513,2023,0.3136
2513,2024,0.33430001
2513,2025,0.3493
2514,2006,0.34060001
2514,2007,0.3387
2514,2008,0.3427
2514,2009,0.34279999
2514,2010,0.3513
2514,2011,0.3488
2514,2012,0.359
2514,2013,0.34290001
2514,2014,0.28150001
2514,2015,0.34630001
2514,2016,0.34940001
2514,2017,0.331
2514,2018,0.3204
2514,2019,0.33019999
2514,2020,0.31029999
2514,2021,0.31729999
2514,2022,0.32789999
2514,2023,0.34
2514,2024,0.35389999
2514,2025,0.42969999
2518,2006,0.27329999
2518,2007,0.2809
2518,2008,0.27540001
2518,2009,0.25470001
2518,2010,0.28330001
2518,2011,0.30129999
2518,2012,0.2911
2518,2013,0.29089999
2518,2014,0.25749999
2518,2015,0.31729999
2518,2016,0.32179999
2518,2017,0.31799999
2518,2018,0.3062
2518,2019,0.31479999
2518,2020,0.29179999
2518,2021,0.30770001
2518,2022,0.30610001
2518,2023,0.3256
2518,2024,0.3168
2518,2025,0.34400001
2521,2006,0.2753
2521,2007,0.27520001
2521,2008,0.29280001
2521,2009,0.30270001
2521,2010,0.2958
2521,2011,0.31580001
2521,2012,0.30149999
2521,2013,0.26109999
2521,2014,0.25080001
2521,2015,0.31290001
2521,2016,0.31720001
2521,2017,0.3107
2521,2018,0.3175
2521,2019,0.32120001
2521,2020,0.31900001
2521,2021,0.32620001
2521,2022,0.34150001
2521,2023,0.3522
2521,2024,0.3466
2521,2025,0.34279999
2523,2006,0.37180001
2523,2007,0.3863
2523,2008,0.37810001
2523,2009,0.39030001
2523,2010,0.38870001
2523,2011,0.40270001
2523,2012,0.4032
2523,2013,0.37110001
2523,2014,0.29550001
2523,2015,0.39210001
2523,2016,0.3951
2523,2017,0.38460001
2523,2018,0.38240001
2523,2019,0.39050001
2523,2020,0.35949999
2523,2021,0.36219999
2523,2022,0.38100001
2523,2023,0.38980001
2523,2024,0.391
2523,2025,0.39469999
2560,2006,0.30809999
2560,2007,0.31720001
2560,2008,0.32690001
2560,2009,0.3416
2560,2010,0.32870001
2560,2011,0.3497
2560,2012,0.33610001
2560,2013,0.3405
2560,2014,0.2852
2560,2015,0.33970001
2560,2016,0.3484
2560,2017,0.32589999
2560,2018,0.33750001
2560,2019,0.33250001
2560,2020,0.30829999
2560,2021,0.3202
2560,2022,0.32460001
2560,2023,0.3506
2560,2024,0.3567
2560,2025,0.35589999
2580,2006,0.26750001
2580,2007,0.32780001
2580,2008,0.33880001
2580,2009,0.30689999
2580,2010,0.29260001
2580,2011,0.3502
2580,2012,0.3409
2580,2013,0.2942
2580,2014,0.23639999
2580,2015,0.31850001
2580,2016,0.3177
2580,2017,0.31740001
2580,2018,0.31659999
2580,2019,0.32179999
2580,2020,0.29280001
2580,2021,0.30059999
2580,2022,0.31900001
2580,2023,0.33070001
2580,2024,0.32980001
2580,2025,0.3301
2581,2006,0.3127
2581,2007,0.30950001
2581,2008,0.3141
2581,2009,0.3098
2581,2010,0.3152
2581,2011,0.33230001
2581,2012,0.3396
2581,2013,0.32460001
2581,2014,0.27379999
2581,2015,0.33579999
2581,2016,0.3299
2581,2017,0.3267
2581,2018,0.3107
2581,2019,0.32640001
2581,2020,0.3053
2581,2021,0.30849999
2581,2022,0.32859999
2581,2023,0.33899999
2581,2024,0.34020001
2581,2025,0.35550001
2582,2006,0.28999999
2582,2007,0.3242
2582,2008,0.3222
2582,2009,0.3082
2582,2010,0.31020001
2582,2011,0.33840001
2582,2012,0.32969999
2582,2013,0.3105
2582,2014,0.25659999
2582,2015,0.33759999
2582,2016,0.34330001
2582,2017,0.34619999
2582,2018,0.33930001
2582,2019,0.33129999
2582,2020,0.31470001
2582,2021,0.31569999
2582,2022,0.33340001
2582,2023,0.33849999
2582,2024,0.3443
2582,2025,0.33230001
2583,2006,0.24789999
2583,2007,0.2608
2583,2008,0.26539999
2583,2009,0.26890001
2583,2010,0.26499999
2583,2011,0.28130001
2583,2012,0.28299999
2583,2013,0.2604
2583,2014,0.2387
2583,2015,0.29899999
2583,2016,0.2899
2583,2017,0.28169999
2583,2018,0.2755
2583,2019,0.29960001
2583,2020,0.29499999
2583,2021,0.29820001
2583,2022,0.30500001
2583,2023,0.31400001
2583,2024,0.32690001
2583,2025,0.37239999
2584,2006,0.33059999
2584,2007,0.33649999
2584,2008,0.34130001
2584,2009,0.3328
2584,2010,0.3328
2584,2011,0.33700001
2584,2012,0.3436
2584,2013,0.33450001
2584,2014,0.257
2584,2015,0.34979999
2584,2016,0.35089999
2584,2017,0.3662
2584,2018,0.37760001
2584,2019,0.38080001
2584,2020,0.35859999
2584,2021,0.36289999
2584,2022,0.3836
2584,2023,0.38010001
2584,2024,0.38710001
2584,2025,0.3863
