kommun,year,andel_slutenvard_man
0114,2006,0.064499997
0114,2007,0.068300001
0114,2008,0.066699997
0114,2009,0.072499998
0114,2010,0.071599998
0114,2011,0.074199997
0114,2012,0.0757
0114,2013,0.071199998
0114,2014,0.069499999
0114,2015,0.066699997
0114,2016,0.068599999
0114,2017,0.064099997
0114,2018,0.061099999
0114,2019,0.056200001
0114,2020,0.056699999
0114,2021,0.057700001
0114,2022,0.0592
0114,2023,0.056699999
0114,2024,0.0561
0114,2025,0.0572
0115,2006,0.064199999
0115,2007,0.0638
0115,2008,0.063000001
0115,2009,0.063500002
0115,2010,0.066
0115,2011,0.067400001
0115,2012,0.065200001
0115,2013,0.068099998
0115,2014,0.0647
0115,2015,0.063500002
0115,2016,0.065899998
0115,2017,0.061799999
0115,2018,0.059700001
0115,2019,0.057799999
0115,2020,0.054000001
0115,2021,0.055100001
0115,2022,0.056000002
0115,2023,0.057100002
0115,2024,0.059300002
0115,2025,0.057599999
0117,2006,0.061299998
0117,2007,0.0638
0117,2008,0.068300001
0117,2009,0.069899999
0117,2010,0.065800004
0117,2011,0.074000001
0117,2012,0.071699999
0117,2013,0.072300002
0117,2014,0.068300001
0117,2015,0.067900002
0117,2016,0.065700002
0117,2017,0.064199999
0117,2018,0.060800001
0117,2019,0.063900001
0117,2020,0.0568
0117,2021,0.057300001
0117,2022,0.058899999
0117,2023,0.061000001
0117,2024,0.061799999
0117,2025,0.062899999
0120,2006,0.059500001
0120,2007,0.064300001
0120,2008,0.067500003
0120,2009,0.069499999
0120,2010,0.071500003
0120,2011,0.068700001
0120,2012,0.072300002
0120,2013,0.072700001
0120,2014,0.0735
0120,2015,0.067900002
0120,2016,0.0669
0120,2017,0.065300003
0120,2018,0.0605
0120,2019,0.061999999
0120,2020,0.059500001
0120,2021,0.060699999
0120,2022,0.063600004
0120,2023,0.063000001
0120,2024,0.066600002
0120,2025,0.068899997
0123,2006,0.065300003
0123,2007,0.068999998
0123,2008,0.067400001
0123,2009,0.0713
0123,2010,0.069300003
0123,2011,0.070500001
0123,2012,0.073399998
0123,2013,0.069600001
0123,2014,0.066299997
0123,2015,0.064999998
0123,2016,0.0634
0123,2017,0.061999999
0123,2018,0.059
0123,2019,0.0603
0123,2020,0.055599999
0123,2021,0.0572
0123,2022,0.0548
0123,2023,0.056000002
0123,2024,0.0568
0123,2025,0.057599999
0125,2006,0.067599997
0125,2007,0.0616
0125,2008,0.066
0125,2009,0.064499997
0125,2010,0.069600001
0125,2011,0.075499997
0125,2012,0.072499998
0125,2013,0.069499999
0125,2014,0.070600003
0125,2015,0.072800003
0125,2016,0.069700003
0125,2017,0.068700001
0125,2018,0.064000003
0125,2019,0.068599999
0125,2020,0.061500002
0125,2021,0.064599998
0125,2022,0.0623
0125,2023,0.065700002
0125,2024,0.069399998
0125,2025,0.068400003
0126,2006,0.066200003
0126,2007,0.063699998
0126,2008,0.0678
0126,2009,0.0682
0126,2010,0.065899998
0126,2011,0.066399999
0126,2012,0.065499999
0126,2013,0.063000001
0126,2014,0.063100003
0126,2015,0.062700003
0126,2016,0.060600001
0126,2017,0.057500001
0126,2018,0.056400001
0126,2019,0.054699998
0126,2020,0.053300001
0126,2021,0.055799998
0126,2022,0.056400001
0126,2023,0.057799999
0126,2024,0.059900001
0126,2025,0.060199998
0127,2006,0.065099999
0127,2007,0.0656
0127,2008,0.066200003
0127,2009,0.068099998
0127,2010,0.0682
0127,2011,0.070100002
0127,2012,0.067599997
0127,2013,0.067000002
0127,2014,0.065800004
0127,2015,0.064800002
0127,2016,0.0623
0127,2017,0.060600001
0127,2018,0.0603
0127,2019,0.058200002
0127,2020,0.0603
0127,2021,0.062199999
0127,2022,0.0616
0127,2023,0.059799999
0127,2024,0.0634
0127,2025,0.064400002
0128,2006,0.061900001
0128,2007,0.068400003
0128,2008,0.072999999
0128,2009,0.065499999
0128,2010,0.064599998
0128,2011,0.070299998
0128,2012,0.068300001
0128,2013,0.064199999
0128,2014,0.0682
0128,2015,0.0638
0128,2016,0.060400002
0128,2017,0.0656
0128,2018,0.061500002
0128,2019,0.063299999
0128,2020,0.0592
0128,2021,0.066
0128,2022,0.061700001
0128,2023,0.061099999
0128,2024,0.066799998
0128,2025,0.0691
0136,2006,0.0678
0136,2007,0.069399998
0136,2008,0.070500001
0136,2009,0.070900001
0136,2010,0.072999999
0136,2011,0.070600003
0136,2012,0.071099997
0136,2013,0.073299997
0136,2014,0.071400002
0136,2015,0.07
0136,2016,0.066799998
0136,2017,0.064999998
0136,2018,0.061000001
0136,2019,0.060699999
0136,2020,0.058499999
0136,2021,0.060400002
0136,2022,0.058400001
0136,2023,0.057599999
0136,2024,0.0601
0136,2025,0.0625
0138,2006,0.060899999
0138,2007,0.0638
0138,2008,0.066
0138,2009,0.067299999
0138,2010,0.067900002
0138,2011,0.069200002
0138,2012,0.07
0138,2013,0.070500001
0138,2014,0.072700001
0138,2015,0.068400003
0138,2016,0.065200001
0138,2017,0.061799999
0138,2018,0.063600004
0138,2019,0.059500001
0138,2020,0.056499999
0138,2021,0.059799999
0138,2022,0.058200002
0138,2023,0.059500001
0138,2024,0.064999998
0138,2025,0.067100003
0139,2006,0.069499999
0139,2007,0.069899999
0139,2008,0.071000002
0139,2009,0.068800002
0139,2010,0.0713
0139,2011,0.070799999
0139,2012,0.072999999
0139,2013,0.0735
0139,2014,0.069700003
0139,2015,0.070799999
0139,2016,0.067699999
0139,2017,0.060199998
0139,2018,0.059
0139,2019,0.059900001
0139,2020,0.0581
0139,2021,0.055799998
0139,2022,0.052900001
0139,2023,0.052000001
0139,2024,0.053199999
0139,2025,0.053100001
0140,2006,0.064599998
0140,2007,0.065700002
0140,2008,0.075000003
0140,2009,0.074299999
0140,2010,0.065300003
0140,2011,0.0744
0140,2012,0.069600001
0140,2013,0.065899998
0140,2014,0.064300001
0140,2015,0.062100001
0140,2016,0.061500002
0140,2017,0.060199998
0140,2018,0.059
0140,2019,0.063900001
0140,2020,0.063000001
0140,2021,0.0638
0140,2022,0.059599999
0140,2023,0.059500001
0140,2024,0.062600002
0140,2025,0.074699998
0160,2006,0.062199999
0160,2007,0.063199997
0160,2008,0.063500002
0160,2009,0.068599999
0160,2010,0.069700003
0160,2011,0.0682
0160,2012,0.067100003
0160,2013,0.068400003
0160,2014,0.064999998
0160,2015,0.065399997
0160,2016,0.0647
0160,2017,0.060400002
0160,2018,0.058699999
0160,2019,0.0581
0160,2020,0.055599999
0160,2021,0.0557
0160,2022,0.056499999
0160,2023,0.054699998
0160,2024,0.058200002
0160,2025,0.057799999
0162,2006,0.062100001
0162,2007,0.068599999
0162,2008,0.068000004
0162,2009,0.068800002
0162,2010,0.0682
0162,2011,0.068999998
0162,2012,0.064900003
0162,2013,0.0678
0162,2014,0.062799998
0162,2015,0.064400002
0162,2016,0.061900001
0162,2017,0.064000003
0162,2018,0.059900001
0162,2019,0.060699999
0162,2020,0.056699999
0162,2021,0.054000001
0162,2022,0.057599999
0162,2023,0.056600001
0162,2024,0.0605
0162,2025,0.0601
0163,2006,0.059700001
0163,2007,0.061999999
0163,2008,0.064599998
0163,2009,0.063299999
0163,2010,0.064599998
0163,2011,0.064999998
0163,2012,0.067000002
0163,2013,0.063199997
0163,2014,0.061900001
0163,2015,0.061299998
0163,2016,0.060400002
0163,2017,0.0603
0163,2018,0.0561
0163,2019,0.0572
0163,2020,0.050999999
0163,2021,0.052999999
0163,2022,0.054400001
0163,2023,0.0535
0163,2024,0.054200001
0163,2025,0.055300001
0180,2006,0.066100001
0180,2007,0.065200001
0180,2008,0.065499999
0180,2009,0.067100003
0180,2010,0.066699997
0180,2011,0.068499997
0180,2012,0.067400001
0180,2013,0.067400001
0180,2014,0.065499999
0180,2015,0.065200001
0180,2016,0.062399998
0180,2017,0.0603
0180,2018,0.059099998
0180,2019,0.058899999
0180,2020,0.056499999
0180,2021,0.056899998
0180,2022,0.0572
0180,2023,0.057799999
0180,2024,0.060600001
0180,2025,0.0614
0181,2006,0.075499997
0181,2007,0.076700002
0181,2008,0.076300003
0181,2009,0.076499999
0181,2010,0.077200003
0181,2011,0.079300001
0181,2012,0.076800004
0181,2013,0.074000001
0181,2014,0.072400004
0181,2015,0.069399998
0181,2016,0.066500001
0181,2017,0.065399997
0181,2018,0.063500002
0181,2019,0.064900003
0181,2020,0.066399999
0181,2021,0.065399997
0181,2022,0.066100001
0181,2023,0.067000002
0181,2024,0.0704
0181,2025,0.071999997
0182,2006,0.060800001
0182,2007,0.0605
0182,2008,0.064400002
0182,2009,0.064999998
0182,2010,0.065099999
0182,2011,0.0634
0182,2012,0.0669
0182,2013,0.067500003
0182,2014,0.066100001
0182,2015,0.062199999
0182,2016,0.0594
0182,2017,0.057599999
0182,2018,0.055100001
0182,2019,0.056299999
0182,2020,0.052099999
0182,2021,0.053399999
0182,2022,0.053800002
0182,2023,0.053300001
0182,2024,0.056400001
0182,2025,0.058499999
0183,2006,0.067400001
0183,2007,0.064300001
0183,2008,0.062199999
0183,2009,0.063199997
0183,2010,0.0647
0183,2011,0.068899997
0183,2012,0.068000004
0183,2013,0.064800002
0183,2014,0.063900001
0183,2015,0.0592
0183,2016,0.054400001
0183,2017,0.0528
0183,2018,0.053199999
0183,2019,0.0515
0183,2020,0.053399999
0183,2021,0.051399998
0183,2022,0.0524
0183,2023,0.052099999
0183,2024,0.052900001
0183,2025,0.052999999
0184,2006,0.064599998
0184,2007,0.060800001
0184,2008,0.062100001
0184,2009,0.063299999
0184,2010,0.063500002
0184,2011,0.062899999
0184,2012,0.065499999
0184,2013,0.0625
0184,2014,0.063000001
0184,2015,0.0605
0184,2016,0.054499999
0184,2017,0.054000001
0184,2018,0.053599998
0184,2019,0.055599999
0184,2020,0.051100001
0184,2021,0.049899999
0184,2022,0.049800001
0184,2023,0.052000001
0184,2024,0.052700002
0184,2025,0.0537
0186,2006,0.0691
0186,2007,0.064099997
0186,2008,0.070100002
0186,2009,0.069600001
0186,2010,0.0682
0186,2011,0.070600003
0186,2012,0.0735
0186,2013,0.070699997
0186,2014,0.069700003
0186,2015,0.067299999
0186,2016,0.065200001
0186,2017,0.066
0186,2018,0.0614
0186,2019,0.059
0186,2020,0.054900002
0186,2021,0.057500001
0186,2022,0.058400001
0186,2023,0.057399999
0186,2024,0.059900001
0186,2025,0.062600002
0187,2006,0.062700003
0187,2007,0.063900001
0187,2008,0.073299997
0187,2009,0.075300001
0187,2010,0.07
0187,2011,0.073899999
0187,2012,0.075900003
0187,2013,0.070900001
0187,2014,0.072899997
0187,2015,0.064599998
0187,2016,0.064199999
0187,2017,0.064400002
0187,2018,0.060699999
0187,2019,0.0623
0187,2020,0.063699998
0187,2021,0.061000001
0187,2022,0.064599998
0187,2023,0.064400002
0187,2024,0.067900002
0187,2025,0.071099997
0188,2006,0.085900001
0188,2007,0.082999997
0188,2008,0.083700001
0188,2009,0.088799998
0188,2010,0.088799998
0188,2011,0.094499998
0188,2012,0.087899998
0188,2013,0.093199998
0188,2014,0.0911
0188,2015,0.087099999
0188,2016,0.083899997
0188,2017,0.0845
0188,2018,0.084200002
0188,2019,0.077600002
0188,2020,0.071599998
0188,2021,0.079999998
0188,2022,0.081500001
0188,2023,0.0854
0188,2024,0.087800004
0188,2025,0.088699996
0191,2006,0.067299999
0191,2007,0.065300003
0191,2008,0.070100002
0191,2009,0.071699999
0191,2010,0.072800003
0191,2011,0.074000001
0191,2012,0.072400004
0191,2013,0.071000002
0191,2014,0.0678
0191,2015,0.0691
0191,2016,0.063199997
0191,2017,0.060699999
0191,2018,0.0568
0191,2019,0.056000002
0191,2020,0.054000001
0191,2021,0.057
0191,2022,0.051399998
0191,2023,0.0537
0191,2024,0.056600001
0191,2025,0.0561
0192,2006,0.078400001
0192,2007,0.079000004
0192,2008,0.079099998
0192,2009,0.077699997
0192,2010,0.083800003
0192,2011,0.0801
0192,2012,0.083400004
0192,2013,0.078599997
0192,2014,0.0823
0192,2015,0.081299998
0192,2016,0.078199998
0192,2017,0.077299997
0192,2018,0.072099999
0192,2019,0.070699997
0192,2020,0.063900001
0192,2021,0.069399998
0192,2022,0.070100002
0192,2023,0.073200002
0192,2024,0.075999998
0192,2025,0.080499999
0305,2006,0.066299997
0305,2007,0.061999999
0305,2008,0.070900001
0305,2009,0.065800004
0305,2010,0.073299997
0305,2011,0.070200004
0305,2012,0.072099999
0305,2013,0.065499999
0305,2014,0.067400001
0305,2015,0.061700001
0305,2016,0.059900001
0305,2017,0.057999998
0305,2018,0.058899999
0305,2019,0.054900002
0305,2020,0.051399998
0305,2021,0.051199999
0305,2022,0.049800001
0305,2023,0.0559
0305,2024,0.053399999
0305,2025,0.056400001
0319,2006,0.078299999
0319,2007,0.0836
0319,2008,0.087300003
0319,2009,0.090599999
0319,2010,0.0933
0319,2011,0.096900001
0319,2012,0.0889
0319,2013,0.0823
0319,2014,0.080700003
0319,2015,0.071400002
0319,2016,0.074000001
0319,2017,0.072999999
0319,2018,0.068899997
0319,2019,0.064999998
0319,2020,0.074500002
0319,2021,0.075999998
0319,2022,0.067299999
0319,2023,0.070100002
0319,2024,0.068899997
0319,2025,0.068599999
0330,2006,0.060199998
0330,2007,0.059500001
0330,2008,0.059300002
0330,2009,0.063100003
0330,2010,0.062700003
0330,2011,0.064199999
0330,2012,0.063299999
0330,2013,0.0623
0330,2014,0.055399999
0330,2015,0.052999999
0330,2016,0.051899999
0330,2017,0.0502
0330,2018,0.046
0330,2019,0.046700001
0330,2020,0.045499999
0330,2021,0.0416
0330,2022,0.0458
0330,2023,0.045499999
0330,2024,0.040899999
0330,2025,0.045899998
0331,2006,0.0902
0331,2007,0.0788
0331,2008,0.090800002
0331,2009,0.084100001
0331,2010,0.094899997
0331,2011,0.095299996
0331,2012,0.091899998
0331,2013,0.089500003
0331,2014,0.086300001
0331,2015,0.080399998
0331,2016,0.072800003
0331,2017,0.072899997
0331,2018,0.0678
0331,2019,0.072800003
0331,2020,0.0647
0331,2021,0.067500003
0331,2022,0.0638
0331,2023,0.068700001
0331,2024,0.063100003
0331,2025,0.067500003
0360,2006,0.082800001
0360,2007,0.080700003
0360,2008,0.076800004
0360,2009,0.088799998
0360,2010,0.086599998
0360,2011,0.0836
0360,2012,0.089400001
0360,2013,0.0814
0360,2014,0.078699999
0360,2015,0.081100002
0360,2016,0.0726
0360,2017,0.066799998
0360,2018,0.067000002
0360,2019,0.070299998
0360,2020,0.061799999
0360,2021,0.062899999
0360,2022,0.062799998
0360,2023,0.063600004
0360,2024,0.060800001
0360,2025,0.063000001
0380,2006,0.065099999
0380,2007,0.063900001
0380,2008,0.064099997
0380,2009,0.066399999
0380,2010,0.065499999
0380,2011,0.066100001
0380,2012,0.067299999
0380,2013,0.062899999
0380,2014,0.061000001
0380,2015,0.0583
0380,2016,0.056200001
0380,2017,0.054400001
0380,2018,0.053399999
0380,2019,0.0504
0380,2020,0.0493
0380,2021,0.048799999
0380,2022,0.047600001
0380,2023,0.047800001
0380,2024,0.048099998
0380,2025,0.048500001
0381,2006,0.083700001
0381,2007,0.076200001
0381,2008,0.082699999
0381,2009,0.081200004
0381,2010,0.083400004
0381,2011,0.0823
0381,2012,0.0845
0381,2013,0.079300001
0381,2014,0.077100001
0381,2015,0.073899999
0381,2016,0.070299998
0381,2017,0.065399997
0381,2018,0.066100001
0381,2019,0.064900003
0381,2020,0.0623
0381,2021,0.0581
0381,2022,0.056000002
0381,2023,0.056400001
0381,2024,0.0568
0381,2025,0.059099998
0382,2006,0.078000002
0382,2007,0.076800004
0382,2008,0.083899997
0382,2009,0.081600003
0382,2010,0.083300002
0382,2011,0.080700003
0382,2012,0.081900001
0382,2013,0.078699999
0382,2014,0.0726
0382,2015,0.073700003
0382,2016,0.070500001
0382,2017,0.0616
0382,2018,0.065800004
0382,2019,0.065700002
0382,2020,0.065499999
0382,2021,0.066799998
0382,2022,0.0656
0382,2023,0.065399997
0382,2024,0.061900001
0382,2025,0.066200003
0428,2006,0.071400002
0428,2007,0.078500003
0428,2008,0.078100003
0428,2009,0.071000002
0428,2010,0.081900001
0428,2011,0.071999997
0428,2012,0.071000002
0428,2013,0.069799997
0428,2014,0.071400002
0428,2015,0.072499998
0428,2016,0.070100002
0428,2017,0.072999999
0428,2018,0.073299997
0428,2019,0.067599997
0428,2020,0.063900001
0428,2021,0.064400002
0428,2022,0.0625
0428,2023,0.065899998
0428,2024,0.064999998
0428,2025,0.065399997
0461,2006,0.0735
0461,2007,0.081200004
0461,2008,0.070699997
0461,2009,0.071699999
0461,2010,0.071099997
0461,2011,0.076200001
0461,2012,0.073700003
0461,2013,0.069499999
0461,2014,0.070100002
0461,2015,0.073399998
0461,2016,0.0625
0461,2017,0.064800002
0461,2018,0.066799998
0461,2019,0.067400001
0461,2020,0.055599999
0461,2021,0.064800002
0461,2022,0.07
0461,2023,0.069700003
0461,2024,0.070600003
0461,2025,0.0766
0480,2006,0.073899999
0480,2007,0.075800002
0480,2008,0.076300003
0480,2009,0.079999998
0480,2010,0.075900003
0480,2011,0.077799998
0480,2012,0.077
0480,2013,0.070500001
0480,2014,0.073600002
0480,2015,0.072400004
0480,2016,0.071000002
0480,2017,0.072099999
0480,2018,0.073100001
0480,2019,0.074500002
0480,2020,0.064000003
0480,2021,0.068700001
0480,2022,0.071400002
0480,2023,0.070200004
0480,2024,0.074000001
0480,2025,0.072700001
0481,2006,0.0832
0481,2007,0.086499996
0481,2008,0.089199997
0481,2009,0.088299997
0481,2010,0.088600002
0481,2011,0.090800002
0481,2012,0.095299996
0481,2013,0.0823
0481,2014,0.084399998
0481,2015,0.0845
0481,2016,0.082400002
0481,2017,0.077
0481,2018,0.078500003
0481,2019,0.084200002
0481,2020,0.071199998
0481,2021,0.075099997
0481,2022,0.079300001
0481,2023,0.080799997
0481,2024,0.083499998
0481,2025,0.078699999
0482,2006,0.083099999
0482,2007,0.081699997
0482,2008,0.086999997
0482,2009,0.080700003
0482,2010,0.077299997
0482,2011,0.086099997
0482,2012,0.079700001
0482,2013,0.075099997
0482,2014,0.078400001
0482,2015,0.078100003
0482,2016,0.076800004
0482,2017,0.075300001
0482,2018,0.076099999
0482,2019,0.073399998
0482,2020,0.070200004
0482,2021,0.073100001
0482,2022,0.074500002
0482,2023,0.070100002
0482,2024,0.067500003
0482,2025,0.067400001
0483,2006,0.073100001
0483,2007,0.078400001
0483,2008,0.073899999
0483,2009,0.072300002
0483,2010,0.073700003
0483,2011,0.071099997
0483,2012,0.068400003
0483,2013,0.0704
0483,2014,0.072899997
0483,2015,0.066299997
0483,2016,0.065700002
0483,2017,0.065700002
0483,2018,0.062899999
0483,2019,0.064000003
0483,2020,0.057599999
0483,2021,0.061700001
0483,2022,0.059099998
0483,2023,0.061299998
0483,2024,0.064000003
0483,2025,0.061999999
0484,2006,0.078699999
0484,2007,0.080499999
0484,2008,0.0823
0484,2009,0.085500002
0484,2010,0.085000001
0484,2011,0.084200002
0484,2012,0.081799999
0484,2013,0.076700002
0484,2014,0.073200002
0484,2015,0.070600003
0484,2016,0.0678
0484,2017,0.069799997
0484,2018,0.070600003
0484,2019,0.07
0484,2020,0.0656
0484,2021,0.069200002
0484,2022,0.068300001
0484,2023,0.069499999
0484,2024,0.069799997
0484,2025,0.068999998
0486,2006,0.0704
0486,2007,0.069700003
0486,2008,0.073600002
0486,2009,0.077200003
0486,2010,0.078500003
0486,2011,0.075499997
0486,2012,0.0748
0486,2013,0.073200002
0486,2014,0.074000001
0486,2015,0.068400003
0486,2016,0.064400002
0486,2017,0.067100003
0486,2018,0.068800002
0486,2019,0.066200003
0486,2020,0.0603
0486,2021,0.066299997
0486,2022,0.067599997
0486,2023,0.070900001
0486,2024,0.065200001
0486,2025,0.071800001
0488,2006,0.0638
0488,2007,0.066399999
0488,2008,0.076300003
0488,2009,0.072400004
0488,2010,0.070299998
0488,2011,0.075099997
0488,2012,0.076099999
0488,2013,0.067500003
0488,2014,0.068099998
0488,2015,0.068999998
0488,2016,0.064800002
0488,2017,0.064000003
0488,2018,0.063299999
0488,2019,0.071900003
0488,2020,0.061500002
0488,2021,0.064599998
0488,2022,0.063299999
0488,2023,0.0647
0488,2024,0.065399997
0488,2025,0.070600003
0509,2006,0.0766
0509,2007,0.068899997
0509,2008,0.065200001
0509,2009,0.075499997
0509,2010,0.076800004
0509,2011,0.070500001
0509,2012,0.0722
0509,2013,0.07
0509,2014,0.0704
0509,2015,0.0744
0509,2016,0.081299998
0509,2017,0.063900001
0509,2018,0.077600002
0509,2019,0.069300003
0509,2020,0.065899998
0509,2021,0.070500001
0509,2022,0.059
0509,2023,0.063000001
0509,2024,0.059999999
0509,2025,0.070299998
0512,2006,0.093900003
0512,2007,0.081200004
0512,2008,0.093199998
0512,2009,0.080300003
0512,2010,0.085600004
0512,2011,0.092299998
0512,2012,0.0911
0512,2013,0.109
0512,2014,0.0889
0512,2015,0.0889
0512,2016,0.0898
0512,2017,0.0902
0512,2018,0.078699999
0512,2019,0.083800003
0512,2020,0.078000002
0512,2021,0.088699996
0512,2022,0.0748
0512,2023,0.071500003
0512,2024,0.083700001
0512,2025,0.077100001
0513,2006,0.081200004
0513,2007,0.083700001
0513,2008,0.081200004
0513,2009,0.0801
0513,2010,0.080899999
0513,2011,0.084299996
0513,2012,0.081
0513,2013,0.0867
0513,2014,0.082500003
0513,2015,0.086900003
0513,2016,0.086000003
0513,2017,0.069899999
0513,2018,0.074900001
0513,2019,0.074199997
0513,2020,0.065800004
0513,2021,0.064300001
0513,2022,0.060800001
0513,2023,0.067000002
0513,2024,0.066
0513,2025,0.061000001
0560,2006,0.0788
0560,2007,0.082999997
0560,2008,0.072700001
0560,2009,0.083999999
0560,2010,0.078599997
0560,2011,0.072700001
0560,2012,0.085500002
0560,2013,0.084200002
0560,2014,0.073200002
0560,2015,0.070200004
0560,2016,0.070299998
0560,2017,0.073700003
0560,2018,0.075099997
0560,2019,0.065399997
0560,2020,0.0583
0560,2021,0.0592
0560,2022,0.060600001
0560,2023,0.054900002
0560,2024,0.064300001
0560,2025,0.069300003
0561,2006,0.087700002
0561,2007,0.079599999
0561,2008,0.077
0561,2009,0.0779
0561,2010,0.083400004
0561,2011,0.079700001
0561,2012,0.088100001
0561,2013,0.0801
0561,2014,0.075900003
0561,2015,0.075900003
0561,2016,0.0748
0561,2017,0.077
0561,2018,0.073600002
0561,2019,0.0726
0561,2020,0.063199997
0561,2021,0.064000003
0561,2022,0.065899998
0561,2023,0.065899998
0561,2024,0.058800001
0561,2025,0.068400003
0562,2006,0.071199998
0562,2007,0.073799998
0562,2008,0.07
0562,2009,0.070799999
0562,2010,0.082400002
0562,2011,0.082699999
0562,2012,0.081600003
0562,2013,0.080899999
0562,2014,0.0779
0562,2015,0.074299999
0562,2016,0.072499998
0562,2017,0.071699999
0562,2018,0.068599999
0562,2019,0.071900003
0562,2020,0.064599998
0562,2021,0.066699997
0562,2022,0.062799998
0562,2023,0.064300001
0562,2024,0.068499997
0562,2025,0.066299997
0563,2006,0.0823
0563,2007,0.0867
0563,2008,0.088200003
0563,2009,0.080200002
0563,2010,0.083899997
0563,2011,0.094400004
0563,2012,0.087300003
0563,2013,0.099399999
0563,2014,0.0902
0563,2015,0.092799999
0563,2016,0.081299998
0563,2017,0.078500003
0563,2018,0.092900001
0563,2019,0.079300001
0563,2020,0.073600002
0563,2021,0.078900002
0563,2022,0.075900003
0563,2023,0.077299997
0563,2024,0.084299996
0563,2025,0.085900001
0580,2006,0.073299997
0580,2007,0.072099999
0580,2008,0.069499999
0580,2009,0.071099997
0580,2010,0.069499999
0580,2011,0.072099999
0580,2012,0.0704
0580,2013,0.068499997
0580,2014,0.066100001
0580,2015,0.0638
0580,2016,0.0616
0580,2017,0.059900001
0580,2018,0.058899999
0580,2019,0.057300001
0580,2020,0.051800001
0580,2021,0.051600002
0580,2022,0.050000001
0580,2023,0.0515
0580,2024,0.050299998
0580,2025,0.050900001
0581,2006,0.073600002
0581,2007,0.071199998
0581,2008,0.068899997
0581,2009,0.072499998
0581,2010,0.074000001
0581,2011,0.074100003
0581,2012,0.074600004
0581,2013,0.072800003
0581,2014,0.070299998
0581,2015,0.066500001
0581,2016,0.066299997
0581,2017,0.065300003
0581,2018,0.062600002
0581,2019,0.063000001
0581,2020,0.060600001
0581,2021,0.064000003
0581,2022,0.055300001
0581,2023,0.0559
0581,2024,0.061099999
0581,2025,0.062100001
0582,2006,0.0744
0582,2007,0.073100001
0582,2008,0.069300003
0582,2009,0.073200002
0582,2010,0.075800002
0582,2011,0.078900002
0582,2012,0.079400003
0582,2013,0.074699998
0582,2014,0.070299998
0582,2015,0.072999999
0582,2016,0.073899999
0582,2017,0.074299999
0582,2018,0.071900003
0582,2019,0.075199999
0582,2020,0.065200001
0582,2021,0.067900002
0582,2022,0.0638
0582,2023,0.061099999
0582,2024,0.066799998
0582,2025,0.067100003
0583,2006,0.070600003
0583,2007,0.070299998
0583,2008,0.066699997
0583,2009,0.071999997
0583,2010,0.076399997
0583,2011,0.078599997
0583,2012,0.077399999
0583,2013,0.078100003
0583,2014,0.078299999
0583,2015,0.072099999
0583,2016,0.069799997
0583,2017,0.067299999
0583,2018,0.0678
0583,2019,0.065399997
0583,2020,0.059700001
0583,2021,0.065099999
0583,2022,0.062199999
0583,2023,0.063600004
0583,2024,0.0656
0583,2025,0.066500001
0584,2006,0.0682
0584,2007,0.066799998
0584,2008,0.063000001
0584,2009,0.075999998
0584,2010,0.075999998
0584,2011,0.079000004
0584,2012,0.066399999
0584,2013,0.092399999
0584,2014,0.080899999
0584,2015,0.0876
0584,2016,0.0792
0584,2017,0.077799998
0584,2018,0.077100001
0584,2019,0.064599998
0584,2020,0.0691
0584,2021,0.076099999
0584,2022,0.068899997
0584,2023,0.074299999
0584,2024,0.067100003
0584,2025,0.0744
0586,2006,0.071699999
0586,2007,0.0726
0586,2008,0.067199998
0586,2009,0.072899997
0586,2010,0.078699999
0586,2011,0.074900001
0586,2012,0.075499997
0586,2013,0.076800004
0586,2014,0.073299997
0586,2015,0.0678
0586,2016,0.069700003
0586,2017,0.0656
0586,2018,0.0623
0586,2019,0.0616
0586,2020,0.054400001
0586,2021,0.056600001
0586,2022,0.0572
0586,2023,0.058200002
0586,2024,0.059300002
0586,2025,0.0581
0604,2006,0.086800002
0604,2007,0.089000002
0604,2008,0.087700002
0604,2009,0.088
0604,2010,0.090800002
0604,2011,0.092399999
0604,2012,0.090899996
0604,2013,0.090099998
0604,2014,0.089400001
0604,2015,0.090300001
0604,2016,0.083099999
0604,2017,0.087499999
0604,2018,0.084100001
0604,2019,0.081500001
0604,2020,0.064499997
0604,2021,0.073200002
0604,2022,0.074600004
0604,2023,0.072800003
0604,2024,0.075099997
0604,2025,0.073399998
0617,2006,0.079300001
0617,2007,0.077200003
0617,2008,0.082599998
0617,2009,0.080399998
0617,2010,0.078400001
0617,2011,0.0766
0617,2012,0.084399998
0617,2013,0.073100001
0617,2014,0.078900002
0617,2015,0.081699997
0617,2016,0.071800001
0617,2017,0.075099997
0617,2018,0.066200003
0617,2019,0.071199998
0617,2020,0.064099997
0617,2021,0.077
0617,2022,0.064300001
0617,2023,0.062600002
0617,2024,0.067400001
0617,2025,0.073700003
0642,2006,0.088699996
0642,2007,0.088500001
0642,2008,0.081
0642,2009,0.081299998
0642,2010,0.084399998
0642,2011,0.085100003
0642,2012,0.097599998
0642,2013,0.093800001
0642,2014,0.092699997
0642,2015,0.086000003
0642,2016,0.083700001
0642,2017,0.079899997
0642,2018,0.079099998
0642,2019,0.078400001
0642,2020,0.073600002
0642,2021,0.074900001
0642,2022,0.074100003
0642,2023,0.071099997
0642,2024,0.069499999
0642,2025,0.074900001
0643,2006,0.077500001
0643,2007,0.077299997
0643,2008,0.072400004
0643,2009,0.079300001
0643,2010,0.0845
0643,2011,0.083700001
0643,2012,0.078400001
0643,2013,0.076099999
0643,2014,0.077100001
0643,2015,0.081100002
0643,2016,0.070900001
0643,2017,0.064499997
0643,2018,0.067199998
0643,2019,0.070600003
0643,2020,0.061099999
0643,2021,0.064099997
0643,2022,0.060400002
0643,2023,0.0625
0643,2024,0.0634
0643,2025,0.057500001
0662,2006,0.0889
0662,2007,0.083999999
0662,2008,0.0836
0662,2009,0.085600004
0662,2010,0.083300002
0662,2011,0.084299996
0662,2012,0.091499999
0662,2013,0.089599997
0662,2014,0.082199998
0662,2015,0.082500003
0662,2016,0.075400002
0662,2017,0.073100001
0662,2018,0.073399998
0662,2019,0.069300003
0662,2020,0.0656
0662,2021,0.077699997
0662,2022,0.070200004
0662,2023,0.075900003
0662,2024,0.070200004
0662,2025,0.0722
0665,2006,0.0933
0665,2007,0.085199997
0665,2008,0.086199999
0665,2009,0.082900003
0665,2010,0.089100003
0665,2011,0.082000002
0665,2012,0.087200001
0665,2013,0.085900001
0665,2014,0.081500001
0665,2015,0.080700003
0665,2016,0.0713
0665,2017,0.071099997
0665,2018,0.069600001
0665,2019,0.069899999
0665,2020,0.063299999
0665,2021,0.073899999
0665,2022,0.068000004
0665,2023,0.067100003
0665,2024,0.069700003
0665,2025,0.0704
0680,2006,0.0867
0680,2007,0.085500002
0680,2008,0.081299998
0680,2009,0.085900001
0680,2010,0.083899997
0680,2011,0.086900003
0680,2012,0.087200001
0680,2013,0.0854
0680,2014,0.083499998
0680,2015,0.080200002
0680,2016,0.072999999
0680,2017,0.068800002
0680,2018,0.072300002
0680,2019,0.070699997
0680,2020,0.064199999
0680,2021,0.067299999
0680,2022,0.064800002
0680,2023,0.066200003
0680,2024,0.064199999
0680,2025,0.0647
0682,2006,0.091700003
0682,2007,0.093199998
0682,2008,0.0898
0682,2009,0.091300003
0682,2010,0.0898
0682,2011,0.092500001
0682,2012,0.095299996
0682,2013,0.091899998
0682,2014,0.090999998
0682,2015,0.0876
0682,2016,0.083099999
0682,2017,0.076399997
0682,2018,0.077100001
0682,2019,0.075599998
0682,2020,0.066699997
0682,2021,0.074699998
0682,2022,0.072300002
0682,2023,0.073600002
0682,2024,0.070299998
0682,2025,0.076499999
0683,2006,0.088
0683,2007,0.086300001
0683,2008,0.084899999
0683,2009,0.0854
0683,2010,0.084799998
0683,2011,0.0814
0683,2012,0.089699998
0683,2013,0.087700002
0683,2014,0.086999997
0683,2015,0.081500001
0683,2016,0.0788
0683,2017,0.072400004
0683,2018,0.0726
0683,2019,0.0704
0683,2020,0.065800004
0683,2021,0.073799998
0683,2022,0.070799999
0683,2023,0.0748
0683,2024,0.073299997
0683,2025,0.0713
0684,2006,0.091700003
0684,2007,0.087499999
0684,2008,0.088200003
0684,2009,0.083400004
0684,2010,0.075599998
0684,2011,0.089199997
0684,2012,0.084799998
0684,2013,0.0867
0684,2014,0.0845
0684,2015,0.091899998
0684,2016,0.077200003
0684,2017,0.071900003
0684,2018,0.0788
0684,2019,0.081900001
0684,2020,0.075199999
0684,2021,0.077299997
0684,2022,0.071599998
0684,2023,0.074500002
0684,2024,0.073100001
0684,2025,0.072700001
0685,2006,0.093500003
0685,2007,0.0933
0685,2008,0.089299999
0685,2009,0.084899999
0685,2010,0.085199997
0685,2011,0.086400002
0685,2012,0.090300001
0685,2013,0.089699998
0685,2014,0.087499999
0685,2015,0.083700001
0685,2016,0.079899997
0685,2017,0.077200003
0685,2018,0.0788
0685,2019,0.0726
0685,2020,0.069700003
0685,2021,0.071199998
0685,2022,0.072800003
0685,2023,0.071900003
0685,2024,0.068999998
0685,2025,0.067299999
0686,2006,0.093699999
0686,2007,0.091300003
0686,2008,0.091899998
0686,2009,0.0902
0686,2010,0.090899996
0686,2011,0.095799997
0686,2012,0.098200001
0686,2013,0.096000001
0686,2014,0.097999997
0686,2015,0.093199998
0686,2016,0.086099997
0686,2017,0.0845
0686,2018,0.078500003
0686,2019,0.075900003
0686,2020,0.069600001
0686,2021,0.077399999
0686,2022,0.080499999
0686,2023,0.084399998
0686,2024,0.082400002
0686,2025,0.076200001
0687,2006,0.0823
0687,2007,0.085600004
0687,2008,0.081699997
0687,2009,0.081600003
0687,2010,0.082400002
0687,2011,0.080300003
0687,2012,0.0867
0687,2013,0.084799998
0687,2014,0.088600002
0687,2015,0.0836
0687,2016,0.076200001
0687,2017,0.075599998
0687,2018,0.077500001
0687,2019,0.073100001
0687,2020,0.063199997
0687,2021,0.069200002
0687,2022,0.067299999
0687,2023,0.07
0687,2024,0.068099998
0687,2025,0.071500003
0760,2006,0.091399997
0760,2007,0.082699999
0760,2008,0.083099999
0760,2009,0.087200001
0760,2010,0.092799999
0760,2011,0.089100003
0760,2012,0.093000002
0760,2013,0.089100003
0760,2014,0.085199997
0760,2015,0.085000001
0760,2016,0.085100003
0760,2017,0.080600001
0760,2018,0.071500003
0760,2019,0.074100003
0760,2020,0.073899999
0760,2021,0.082199998
0760,2022,0.076700002
0760,2023,0.079899997
0760,2024,0.071599998
0760,2025,0.076800004
0761,2006,0.079899997
0761,2007,0.086000003
0761,2008,0.093099996
0761,2009,0.090800002
0761,2010,0.090999998
0761,2011,0.089400001
0761,2012,0.089100003
0761,2013,0.085500002
0761,2014,0.081100002
0761,2015,0.078400001
0761,2016,0.081
0761,2017,0.0748
0761,2018,0.070799999
0761,2019,0.073100001
0761,2020,0.067500003
0761,2021,0.069499999
0761,2022,0.077799998
0761,2023,0.076099999
0761,2024,0.0647
0761,2025,0.0722
0763,2006,0.092799999
0763,2007,0.088399999
0763,2008,0.089199997
0763,2009,0.090599999
0763,2010,0.093800001
0763,2011,0.088699996
0763,2012,0.094700001
0763,2013,0.090599999
0763,2014,0.095899999
0763,2015,0.088200003
0763,2016,0.086999997
0763,2017,0.0845
0763,2018,0.077699997
0763,2019,0.083300002
0763,2020,0.078699999
0763,2021,0.0792
0763,2022,0.091200002
0763,2023,0.0788
0763,2024,0.077299997
0763,2025,0.078000002
0764,2006,0.079999998
0764,2007,0.0836
0764,2008,0.081200004
0764,2009,0.085100003
0764,2010,0.093699999
0764,2011,0.093999997
0764,2012,0.087200001
0764,2013,0.084100001
0764,2014,0.082999997
0764,2015,0.078299999
0764,2016,0.077100001
0764,2017,0.072899997
0764,2018,0.067199998
0764,2019,0.072099999
0764,2020,0.069399998
0764,2021,0.0722
0764,2022,0.077600002
0764,2023,0.070100002
0764,2024,0.067500003
0764,2025,0.068400003
0765,2006,0.067299999
0765,2007,0.063900001
0765,2008,0.067500003
0765,2009,0.072899997
0765,2010,0.074699998
0765,2011,0.0691
0765,2012,0.072800003
0765,2013,0.066399999
0765,2014,0.065899998
0765,2015,0.0713
0765,2016,0.064300001
0765,2017,0.0568
0765,2018,0.058899999
0765,2019,0.057500001
0765,2020,0.057399999
0765,2021,0.0605
0765,2022,0.066699997
0765,2023,0.061500002
0765,2024,0.059099998
0765,2025,0.060600001
0767,2006,0.077100001
0767,2007,0.076099999
0767,2008,0.082500003
0767,2009,0.0792
0767,2010,0.081600003
0767,2011,0.074699998
0767,2012,0.078400001
0767,2013,0.074500002
0767,2014,0.076800004
0767,2015,0.077299997
0767,2016,0.070200004
0767,2017,0.0704
0767,2018,0.072499998
0767,2019,0.07
0767,2020,0.066399999
0767,2021,0.063699998
0767,2022,0.077699997
0767,2023,0.077200003
0767,2024,0.0704
0767,2025,0.071199998
0780,2006,0.072800003
0780,2007,0.074000001
0780,2008,0.073600002
0780,2009,0.0726
0780,2010,0.076499999
0780,2011,0.078699999
0780,2012,0.078699999
0780,2013,0.075199999
0780,2014,0.076300003
0780,2015,0.0722
0780,2016,0.068999998
0780,2017,0.062700003
0780,2018,0.063900001
0780,2019,0.061500002
0780,2020,0.056499999
0780,2021,0.063600004
0780,2022,0.066399999
0780,2023,0.062399998
0780,2024,0.058200002
0780,2025,0.057
0781,2006,0.0713
0781,2007,0.0748
0781,2008,0.071699999
0781,2009,0.074500002
0781,2010,0.075099997
0781,2011,0.078299999
0781,2012,0.076700002
0781,2013,0.073799998
0781,2014,0.069200002
0781,2015,0.073100001
0781,2016,0.071900003
0781,2017,0.070299998
0781,2018,0.067299999
0781,2019,0.070699997
0781,2020,0.064199999
0781,2021,0.070299998
0781,2022,0.074299999
0781,2023,0.0713
0781,2024,0.070100002
0781,2025,0.067100003
0821,2006,0.086400002
0821,2007,0.087099999
0821,2008,0.080499999
0821,2009,0.088500001
0821,2010,0.085299999
0821,2011,0.1028
0821,2012,0.1041
0821,2013,0.1102
0821,2014,0.1017
0821,2015,0.1057
0821,2016,0.094499998
0821,2017,0.092600003
0821,2018,0.096500002
0821,2019,0.0902
0821,2020,0.076099999
0821,2021,0.085100003
0821,2022,0.088
0821,2023,0.084600002
0821,2024,0.074000001
0821,2025,0.081900001
0834,2006,0.1048
0834,2007,0.089000002
0834,2008,0.092299998
0834,2009,0.095100001
0834,2010,0.1025
0834,2011,0.1016
0834,2012,0.1041
0834,2013,0.1149
0834,2014,0.1021
0834,2015,0.1044
0834,2016,0.091899998
0834,2017,0.096100003
0834,2018,0.097900003
0834,2019,0.092500001
0834,2020,0.084299996
0834,2021,0.093900003
0834,2022,0.089100003
0834,2023,0.087200001
0834,2024,0.096500002
0834,2025,0.0964
0840,2006,0.088100001
0840,2007,0.079400003
0840,2008,0.084700003
0840,2009,0.081299998
0840,2010,0.088500001
0840,2011,0.091799997
0840,2012,0.090899996
0840,2013,0.093400002
0840,2014,0.092500001
0840,2015,0.086499996
0840,2016,0.086900003
0840,2017,0.088200003
0840,2018,0.083499998
0840,2019,0.081
0840,2020,0.078699999
0840,2021,0.075400002
0840,2022,0.084700003
0840,2023,0.080399998
0840,2024,0.075999998
0840,2025,0.079400003
0860,2006,0.093599997
0860,2007,0.095100001
0860,2008,0.092799999
0860,2009,0.0955
0860,2010,0.095100001
0860,2011,0.098800004
0860,2012,0.1002
0860,2013,0.096699998
0860,2014,0.1022
0860,2015,0.093999997
0860,2016,0.087300003
0860,2017,0.092900001
0860,2018,0.091300003
0860,2019,0.095799997
0860,2020,0.085500002
0860,2021,0.086599998
0860,2022,0.081500001
0860,2023,0.079700001
0860,2024,0.077399999
0860,2025,0.082999997
0861,2006,0.088399999
0861,2007,0.086999997
0861,2008,0.087399997
0861,2009,0.097000003
0861,2010,0.0995
0861,2011,0.1032
0861,2012,0.1075
0861,2013,0.1077
0861,2014,0.1001
0861,2015,0.0995
0861,2016,0.094700001
0861,2017,0.088399999
0861,2018,0.087300003
0861,2019,0.084899999
0861,2020,0.078599997
0861,2021,0.087800004
0861,2022,0.082099997
0861,2023,0.079899997
0861,2024,0.085299999
0861,2025,0.085000001
0862,2006,0.0911
0862,2007,0.085600004
0862,2008,0.088799998
0862,2009,0.0898
0862,2010,0.086099997
0862,2011,0.097499996
0862,2012,0.0977
0862,2013,0.1007
0862,2014,0.0977
0862,2015,0.094599999
0862,2016,0.089000002
0862,2017,0.084899999
0862,2018,0.0779
0862,2019,0.0814
0862,2020,0.071000002
0862,2021,0.077399999
0862,2022,0.0814
0862,2023,0.083700001
0862,2024,0.079800002
0862,2025,0.077799998
0880,2006,0.080200002
0880,2007,0.076800004
0880,2008,0.081299998
0880,2009,0.081200004
0880,2010,0.0832
0880,2011,0.089699998
0880,2012,0.089699998
0880,2013,0.090099998
0880,2014,0.089000002
0880,2015,0.086199999
0880,2016,0.081299998
0880,2017,0.082000002
0880,2018,0.078599997
0880,2019,0.079800002
0880,2020,0.070900001
0880,2021,0.072800003
0880,2022,0.074900001
0880,2023,0.0757
0880,2024,0.071599998
0880,2025,0.072400004
0881,2006,0.0889
0881,2007,0.088299997
0881,2008,0.092900001
0881,2009,0.0955
0881,2010,0.1014
0881,2011,0.1016
0881,2012,0.1037
0881,2013,0.1033
0881,2014,0.096699998
0881,2015,0.093900003
0881,2016,0.095200002
0881,2017,0.085699998
0881,2018,0.0911
0881,2019,0.093699999
0881,2020,0.085500002
0881,2021,0.0823
0881,2022,0.082500003
0881,2023,0.0876
0881,2024,0.083700001
0881,2025,0.086300001
0882,2006,0.082400002
0882,2007,0.0757
0882,2008,0.077
0882,2009,0.081299998
0882,2010,0.085500002
0882,2011,0.0889
0882,2012,0.096699998
0882,2013,0.094099998
0882,2014,0.088200003
0882,2015,0.091700003
0882,2016,0.082000002
0882,2017,0.085699998
0882,2018,0.087499999
0882,2019,0.0801
0882,2020,0.072800003
0882,2021,0.077
0882,2022,0.078599997
0882,2023,0.077100001
0882,2024,0.071800001
0882,2025,0.074199997
0883,2006,0.094499998
0883,2007,0.093800001
0883,2008,0.093900003
0883,2009,0.098700002
0883,2010,0.097599998
0883,2011,0.1031
0883,2012,0.1059
0883,2013,0.1068
0883,2014,0.1028
0883,2015,0.098899998
0883,2016,0.097900003
0883,2017,0.096799999
0883,2018,0.097099997
0883,2019,0.094099998
0883,2020,0.081900001
0883,2021,0.091300003
0883,2022,0.088699996
0883,2023,0.092200004
0883,2024,0.091399997
0883,2025,0.090599999
0884,2006,0.087700002
0884,2007,0.088299997
0884,2008,0.0845
0884,2009,0.083400004
0884,2010,0.0911
0884,2011,0.088699996
0884,2012,0.098200001
0884,2013,0.088699996
0884,2014,0.090499997
0884,2015,0.0854
0884,2016,0.083700001
0884,2017,0.080200002
0884,2018,0.078500003
0884,2019,0.081
0884,2020,0.069399998
0884,2021,0.077399999
0884,2022,0.079899997
0884,2023,0.082599998
0884,2024,0.077799998
0884,2025,0.078900002
0885,2006,0.095600002
0885,2007,0.092
0885,2008,0.097400002
0885,2009,0.1015
0885,2010,0.104
0885,2011,0.1041
0885,2012,0.1036
0885,2013,0.1019
0885,2014,0.1047
0885,2015,0.1021
0885,2016,0.092900001
0885,2017,0.094999999
0885,2018,0.090300001
0885,2019,0.096299998
0885,2020,0.0898
0885,2021,0.087099999
0885,2022,0.1002
0885,2023,0.097900003
0885,2024,0.090499997
0885,2025,0.099699996
0980,2006,0.093500003
0980,2007,0.090899996
0980,2008,0.092100002
0980,2009,0.091700003
0980,2010,0.089199997
0980,2011,0.090899996
0980,2012,0.090499997
0980,2013,0.092100002
0980,2014,0.093900003
0980,2015,0.094300002
0980,2016,0.094300002
0980,2017,0.097199999
0980,2018,0.098300003
0980,2019,0.096000001
0980,2020,0.089900002
0980,2021,0.093199998
0980,2022,0.093599997
0980,2023,0.096100003
0980,2024,0.092900001
0980,2025,0.096299998
1060,2006,0.074100003
1060,2007,0.071500003
1060,2008,0.069300003
1060,2009,0.0744
1060,2010,0.075800002
1060,2011,0.077399999
1060,2012,0.081299998
1060,2013,0.087499999
1060,2014,0.085199997
1060,2015,0.083999999
1060,2016,0.077
1060,2017,0.078299999
1060,2018,0.078400001
1060,2019,0.076899998
1060,2020,0.071500003
1060,2021,0.072800003
1060,2022,0.078699999
1060,2023,0.081799999
1060,2024,0.084799998
1060,2025,0.079000004
1080,2006,0.0722
1080,2007,0.072499998
1080,2008,0.069899999
1080,2009,0.073399998
1080,2010,0.072999999
1080,2011,0.077500001
1080,2012,0.080899999
1080,2013,0.079899997
1080,2014,0.079300001
1080,2015,0.073799998
1080,2016,0.073299997
1080,2017,0.072999999
1080,2018,0.074699998
1080,2019,0.073799998
1080,2020,0.067199998
1080,2021,0.069600001
1080,2022,0.072999999
1080,2023,0.073600002
1080,2024,0.074500002
1080,2025,0.073200002
1081,2006,0.068099998
1081,2007,0.068899997
1081,2008,0.0748
1081,2009,0.079599999
1081,2010,0.079999998
1081,2011,0.087300003
1081,2012,0.0836
1081,2013,0.085900001
1081,2014,0.0832
1081,2015,0.078400001
1081,2016,0.074299999
1081,2017,0.077299997
1081,2018,0.080200002
1081,2019,0.082500003
1081,2020,0.069700003
1081,2021,0.074199997
1081,2022,0.077299997
1081,2023,0.077699997
1081,2024,0.077399999
1081,2025,0.081
1082,2006,0.066100001
1082,2007,0.063000001
1082,2008,0.071599998
1082,2009,0.072700001
1082,2010,0.077
1082,2011,0.0788
1082,2012,0.079599999
1082,2013,0.082699999
1082,2014,0.0832
1082,2015,0.0836
1082,2016,0.073700003
1082,2017,0.0757
1082,2018,0.075599998
1082,2019,0.077299997
1082,2020,0.069499999
1082,2021,0.069300003
1082,2022,0.074699998
1082,2023,0.076499999
1082,2024,0.075000003
1082,2025,0.073799998
1083,2006,0.0713
1083,2007,0.071800001
1083,2008,0.077
1083,2009,0.083099999
1083,2010,0.078400001
1083,2011,0.077399999
1083,2012,0.082000002
1083,2013,0.086000003
1083,2014,0.084100001
1083,2015,0.086300001
1083,2016,0.072499998
1083,2017,0.072999999
1083,2018,0.071199998
1083,2019,0.078299999
1083,2020,0.073899999
1083,2021,0.071000002
1083,2022,0.076399997
1083,2023,0.080499999
1083,2024,0.0801
1083,2025,0.078299999
1214,2006,0.069600001
1214,2007,0.071000002
1214,2008,0.073100001
1214,2009,0.071699999
1214,2010,0.079099998
1214,2011,0.082400002
1214,2012,0.076399997
1214,2013,0.081100002
1214,2014,0.073899999
1214,2015,0.070900001
1214,2016,0.070699997
1214,2017,0.063500002
1214,2018,0.064300001
1214,2019,0.0638
1214,2020,0.057700001
1214,2021,0.062600002
1214,2022,0.059
1214,2023,0.063000001
1214,2024,0.059799999
1214,2025,0.060400002
1230,2006,0.063900001
1230,2007,0.063000001
1230,2008,0.066799998
1230,2009,0.067900002
1230,2010,0.0634
1230,2011,0.068700001
1230,2012,0.068000004
1230,2013,0.062899999
1230,2014,0.061500002
1230,2015,0.059999999
1230,2016,0.059
1230,2017,0.0524
1230,2018,0.0594
1230,2019,0.051100001
1230,2020,0.047800001
1230,2021,0.052200001
1230,2022,0.048500001
1230,2023,0.0502
1230,2024,0.049199998
1230,2025,0.0506
1231,2006,0.072800003
1231,2007,0.071699999
1231,2008,0.074900001
1231,2009,0.078000002
1231,2010,0.076300003
1231,2011,0.082400002
1231,2012,0.074699998
1231,2013,0.074699998
1231,2014,0.066399999
1231,2015,0.062100001
1231,2016,0.060699999
1231,2017,0.062899999
1231,2018,0.059599999
1231,2019,0.0592
1231,2020,0.054299999
1231,2021,0.051600002
1231,2022,0.054499999
1231,2023,0.053800002
1231,2024,0.055399999
1231,2025,0.0528
1233,2006,0.0669
1233,2007,0.064800002
1233,2008,0.067299999
1233,2009,0.071500003
1233,2010,0.071599998
1233,2011,0.070699997
1233,2012,0.0726
1233,2013,0.068499997
1233,2014,0.069899999
1233,2015,0.059599999
1233,2016,0.0603
1233,2017,0.0605
1233,2018,0.056699999
1233,2019,0.057399999
1233,2020,0.0546
1233,2021,0.053599998
1233,2022,0.052099999
1233,2023,0.0561
1233,2024,0.052499998
1233,2025,0.059799999
1256,2006,0.089599997
1256,2007,0.083899997
1256,2008,0.080899999
1256,2009,0.0898
1256,2010,0.088399999
1256,2011,0.089900002
1256,2012,0.087099999
1256,2013,0.082699999
1256,2014,0.085299999
1256,2015,0.081600003
1256,2016,0.0792
1256,2017,0.078500003
1256,2018,0.078500003
1256,2019,0.071900003
1256,2020,0.075199999
1256,2021,0.074900001
1256,2022,0.074199997
1256,2023,0.074100003
1256,2024,0.071500003
1256,2025,0.066600002
1257,2006,0.080399998
1257,2007,0.080899999
1257,2008,0.075900003
1257,2009,0.0898
1257,2010,0.0823
1257,2011,0.091300003
1257,2012,0.0801
1257,2013,0.082999997
1257,2014,0.084799998
1257,2015,0.084899999
1257,2016,0.079499997
1257,2017,0.075199999
1257,2018,0.073200002
1257,2019,0.070900001
1257,2020,0.066
1257,2021,0.071199998
1257,2022,0.065499999
1257,2023,0.071599998
1257,2024,0.066799998
1257,2025,0.053399999
1260,2006,0.078000002
1260,2007,0.0788
1260,2008,0.0744
1260,2009,0.083899997
1260,2010,0.0801
1260,2011,0.0854
1260,2012,0.080499999
1260,2013,0.087300003
1260,2014,0.0823
1260,2015,0.071599998
1260,2016,0.075800002
1260,2017,0.071400002
1260,2018,0.070200004
1260,2019,0.067199998
1260,2020,0.064599998
1260,2021,0.066500001
1260,2022,0.0568
1260,2023,0.0616
1260,2024,0.056000002
1260,2025,0.060400002
1261,2006,0.066399999
1261,2007,0.069200002
1261,2008,0.065800004
1261,2009,0.064400002
1261,2010,0.064000003
1261,2011,0.0682
1261,2012,0.066
1261,2013,0.065399997
1261,2014,0.059700001
1261,2015,0.056200001
1261,2016,0.057999998
1261,2017,0.053599998
1261,2018,0.057100002
1261,2019,0.0539
1261,2020,0.051600002
1261,2021,0.0504
1261,2022,0.0504
1261,2023,0.048099998
1261,2024,0.053199999
1261,2025,0.051899999
1262,2006,0.065300003
1262,2007,0.062700003
1262,2008,0.063000001
1262,2009,0.063000001
1262,2010,0.064999998
1262,2011,0.065200001
1262,2012,0.064000003
1262,2013,0.061099999
1262,2014,0.059700001
1262,2015,0.056200001
1262,2016,0.0517
1262,2017,0.0535
1262,2018,0.052099999
1262,2019,0.045600001
1262,2020,0.046799999
1262,2021,0.048999999
1262,2022,0.047499999
1262,2023,0.050700001
1262,2024,0.048799999
1262,2025,0.0471
1263,2006,0.0726
1263,2007,0.068099998
1263,2008,0.064099997
1263,2009,0.066600002
1263,2010,0.067100003
1263,2011,0.07
1263,2012,0.067500003
1263,2013,0.067100003
1263,2014,0.067299999
1263,2015,0.0603
1263,2016,0.060800001
1263,2017,0.054699998
1263,2018,0.055799998
1263,2019,0.055399999
1263,2020,0.0495
1263,2021,0.050799999
1263,2022,0.0469
1263,2023,0.052000001
1263,2024,0.051600002
1263,2025,0.048599999
1264,2006,0.0766
1264,2007,0.088500001
1264,2008,0.081500001
1264,2009,0.081100002
1264,2010,0.0845
1264,2011,0.085299999
1264,2012,0.085900001
1264,2013,0.086800002
1264,2014,0.078299999
1264,2015,0.072400004
1264,2016,0.071900003
1264,2017,0.064900003
1264,2018,0.065899998
1264,2019,0.064800002
1264,2020,0.064199999
1264,2021,0.062600002
1264,2022,0.058699999
1264,2023,0.0561
1264,2024,0.055199999
1264,2025,0.054099999
1265,2006,0.092799999
1265,2007,0.089900002
1265,2008,0.088500001
1265,2009,0.091700003
1265,2010,0.090099998
1265,2011,0.093000002
1265,2012,0.093599997
1265,2013,0.089599997
1265,2014,0.084799998
1265,2015,0.0814
1265,2016,0.074100003
1265,2017,0.071900003
1265,2018,0.075900003
1265,2019,0.069399998
1265,2020,0.064499997
1265,2021,0.066299997
1265,2022,0.058800001
1265,2023,0.0605
1265,2024,0.057599999
1265,2025,0.057799999
1266,2006,0.082599998
1266,2007,0.082099997
1266,2008,0.079000004
1266,2009,0.0779
1266,2010,0.078000002
1266,2011,0.079599999
1266,2012,0.082400002
1266,2013,0.080899999
1266,2014,0.078699999
1266,2015,0.0766
1266,2016,0.071900003
1266,2017,0.071999997
1266,2018,0.068099998
1266,2019,0.069300003
1266,2020,0.064400002
1266,2021,0.064999998
1266,2022,0.065099999
1266,2023,0.066500001
1266,2024,0.0647
1266,2025,0.067199998
1267,2006,0.076300003
1267,2007,0.070100002
1267,2008,0.0722
1267,2009,0.075999998
1267,2010,0.0792
1267,2011,0.077200003
1267,2012,0.074100003
1267,2013,0.072099999
1267,2014,0.074199997
1267,2015,0.068400003
1267,2016,0.067199998
1267,2017,0.061799999
1267,2018,0.064099997
1267,2019,0.0612
1267,2020,0.058600001
1267,2021,0.059300002
1267,2022,0.054499999
1267,2023,0.058400001
1267,2024,0.0601
1267,2025,0.057
1270,2006,0.096500002
1270,2007,0.097199999
1270,2008,0.093500003
1270,2009,0.097000003
1270,2010,0.090899996
1270,2011,0.0942
1270,2012,0.094899997
1270,2013,0.093199998
1270,2014,0.094999999
1270,2015,0.082099997
1270,2016,0.080499999
1270,2017,0.077699997
1270,2018,0.073100001
1270,2019,0.076899998
1270,2020,0.065200001
1270,2021,0.062100001
1270,2022,0.067199998
1270,2023,0.064199999
1270,2024,0.0682
1270,2025,0.071800001
1272,2006,0.079899997
1272,2007,0.0814
1272,2008,0.085000001
1272,2009,0.089100003
1272,2010,0.086099997
1272,2011,0.089100003
1272,2012,0.090300001
1272,2013,0.093900003
1272,2014,0.085900001
1272,2015,0.083300002
1272,2016,0.077299997
1272,2017,0.070799999
1272,2018,0.070699997
1272,2019,0.071900003
1272,2020,0.071500003
1272,2021,0.070600003
1272,2022,0.074100003
1272,2023,0.079400003
1272,2024,0.068000004
1272,2025,0.07
1273,2006,0.078000002
1273,2007,0.073799998
1273,2008,0.077100001
1273,2009,0.095100001
1273,2010,0.083899997
1273,2011,0.084299996
1273,2012,0.087099999
1273,2013,0.079499997
1273,2014,0.076099999
1273,2015,0.0845
1273,2016,0.082000002
1273,2017,0.082599998
1273,2018,0.069499999
1273,2019,0.074600004
1273,2020,0.070500001
1273,2021,0.0691
1273,2022,0.070699997
1273,2023,0.074000001
1273,2024,0.066299997
1273,2025,0.072499998
1275,2006,0.082400002
1275,2007,0.070100002
1275,2008,0.078900002
1275,2009,0.0744
1275,2010,0.086599998
1275,2011,0.079999998
1275,2012,0.084399998
1275,2013,0.082599998
1275,2014,0.0748
1275,2015,0.072099999
1275,2016,0.079099998
1275,2017,0.072899997
1275,2018,0.069700003
1275,2019,0.077600002
1275,2020,0.064400002
1275,2021,0.065700002
1275,2022,0.065800004
1275,2023,0.067100003
1275,2024,0.070200004
1275,2025,0.065300003
1276,2006,0.085500002
1276,2007,0.0823
1276,2008,0.083300002
1276,2009,0.081200004
1276,2010,0.0933
1276,2011,0.085100003
1276,2012,0.087499999
1276,2013,0.087899998
1276,2014,0.082099997
1276,2015,0.077
1276,2016,0.075999998
1276,2017,0.070500001
1276,2018,0.074699998
1276,2019,0.073700003
1276,2020,0.065099999
1276,2021,0.069499999
1276,2022,0.065099999
1276,2023,0.068899997
1276,2024,0.062399998
1276,2025,0.0647
1277,2006,0.0735
1277,2007,0.082900003
1277,2008,0.075900003
1277,2009,0.070799999
1277,2010,0.079999998
1277,2011,0.077799998
1277,2012,0.075199999
1277,2013,0.077699997
1277,2014,0.077200003
1277,2015,0.070600003
1277,2016,0.069700003
1277,2017,0.063299999
1277,2018,0.064199999
1277,2019,0.064499997
1277,2020,0.060199998
1277,2021,0.055300001
1277,2022,0.054000001
1277,2023,0.057500001
1277,2024,0.055399999
1277,2025,0.054000001
1278,2006,0.083899997
1278,2007,0.081900001
1278,2008,0.078199998
1278,2009,0.084700003
1278,2010,0.0858
1278,2011,0.092600003
1278,2012,0.087300003
1278,2013,0.091700003
1278,2014,0.084299996
1278,2015,0.083400004
1278,2016,0.079000004
1278,2017,0.074299999
1278,2018,0.071699999
1278,2019,0.0735
1278,2020,0.071199998
1278,2021,0.069399998
1278,2022,0.069499999
1278,2023,0.068800002
1278,2024,0.068999998
1278,2025,0.0638
1280,2006,0.075099997
1280,2007,0.073600002
1280,2008,0.0713
1280,2009,0.071699999
1280,2010,0.067599997
1280,2011,0.069300003
1280,2012,0.065200001
1280,2013,0.062799998
1280,2014,0.061700001
1280,2015,0.057500001
1280,2016,0.056299999
1280,2017,0.053399999
1280,2018,0.0528
1280,2019,0.0515
1280,2020,0.050999999
1280,2021,0.051199999
1280,2022,0.048500001
1280,2023,0.0484
1280,2024,0.048599999
1280,2025,0.046599999
1281,2006,0.055799998
1281,2007,0.055799998
1281,2008,0.057300001
1281,2009,0.061099999
1281,2010,0.058499999
1281,2011,0.059500001
1281,2012,0.0572
1281,2013,0.0537
1281,2014,0.0537
1281,2015,0.051100001
1281,2016,0.050500002
1281,2017,0.048099998
1281,2018,0.0473
1281,2019,0.046300001
1281,2020,0.043499999
1281,2021,0.045699999
1281,2022,0.043299999
1281,2023,0.0438
1281,2024,0.0447
1281,2025,0.043900002
1282,2006,0.082900003
1282,2007,0.078299999
1282,2008,0.077399999
1282,2009,0.079099998
1282,2010,0.081200004
1282,2011,0.083700001
1282,2012,0.082999997
1282,2013,0.080399998
1282,2014,0.077399999
1282,2015,0.073399998
1282,2016,0.0744
1282,2017,0.068700001
1282,2018,0.069899999
1282,2019,0.070799999
1282,2020,0.065499999
1282,2021,0.069600001
1282,2022,0.064000003
1282,2023,0.064800002
1282,2024,0.065300003
1282,2025,0.064599998
1283,2006,0.076300003
1283,2007,0.076499999
1283,2008,0.072800003
1283,2009,0.077699997
1283,2010,0.078500003
1283,2011,0.080799997
1283,2012,0.0792
1283,2013,0.077799998
1283,2014,0.0757
1283,2015,0.070799999
1283,2016,0.068700001
1283,2017,0.062899999
1283,2018,0.061999999
1283,2019,0.063000001
1283,2020,0.059599999
1283,2021,0.059500001
1283,2022,0.055799998
1283,2023,0.056200001
1283,2024,0.056200001
1283,2025,0.056899998
1284,2006,0.072700001
1284,2007,0.076399997
1284,2008,0.072700001
1284,2009,0.077200003
1284,2010,0.077299997
1284,2011,0.082000002
1284,2012,0.081799999
1284,2013,0.076399997
1284,2014,0.073899999
1284,2015,0.072899997
1284,2016,0.066500001
1284,2017,0.068899997
1284,2018,0.068800002
1284,2019,0.068000004
1284,2020,0.0623
1284,2021,0.064800002
1284,2022,0.0579
1284,2023,0.065099999
1284,2024,0.0625
1284,2025,0.062100001
1285,2006,0.070699997
1285,2007,0.070299998
1285,2008,0.073899999
1285,2009,0.070900001
1285,2010,0.078100003
1285,2011,0.0744
1285,2012,0.069899999
1285,2013,0.070799999
1285,2014,0.069399998
1285,2015,0.064099997
1285,2016,0.062600002
1285,2017,0.061999999
1285,2018,0.060199998
1285,2019,0.057500001
1285,2020,0.057799999
1285,2021,0.054900002
1285,2022,0.0548
1285,2023,0.056200001
1285,2024,0.055500001
1285,2025,0.051800001
1286,2006,0.089299999
1286,2007,0.092699997
1286,2008,0.095100001
1286,2009,0.098700002
1286,2010,0.097000003
1286,2011,0.088100001
1286,2012,0.096000001
1286,2013,0.094099998
1286,2014,0.086300001
1286,2015,0.085900001
1286,2016,0.081900001
1286,2017,0.075499997
1286,2018,0.073899999
1286,2019,0.072400004
1286,2020,0.065399997
1286,2021,0.068000004
1286,2022,0.064599998
1286,2023,0.0647
1286,2024,0.064499997
1286,2025,0.062700003
1287,2006,0.079099998
1287,2007,0.078199998
1287,2008,0.077299997
1287,2009,0.078199998
1287,2010,0.082400002
1287,2011,0.084299996
1287,2012,0.084899999
1287,2013,0.079499997
1287,2014,0.079499997
1287,2015,0.0757
1287,2016,0.069799997
1287,2017,0.067100003
1287,2018,0.064400002
1287,2019,0.0638
1287,2020,0.0603
1287,2021,0.060800001
1287,2022,0.060400002
1287,2023,0.061000001
1287,2024,0.064300001
1287,2025,0.063299999
1290,2006,0.082900003
1290,2007,0.0801
1290,2008,0.076800004
1290,2009,0.082199998
1290,2010,0.082699999
1290,2011,0.083400004
1290,2012,0.086199999
1290,2013,0.084299996
1290,2014,0.083499998
1290,2015,0.081
1290,2016,0.076899998
1290,2017,0.075300001
1290,2018,0.075099997
1290,2019,0.075300001
1290,2020,0.069399998
1290,2021,0.070900001
1290,2022,0.069899999
1290,2023,0.071199998
1290,2024,0.065899998
1290,2025,0.067299999
1291,2006,0.095299996
1291,2007,0.1014
1291,2008,0.096100003
1291,2009,0.1021
1291,2010,0.096299998
1291,2011,0.1032
1291,2012,0.1063
1291,2013,0.1079
1291,2014,0.0973
1291,2015,0.097599998
1291,2016,0.094499998
1291,2017,0.088500001
1291,2018,0.085500002
1291,2019,0.086499996
1291,2020,0.0766
1291,2021,0.073299997
1291,2022,0.079300001
1291,2023,0.074600004
1291,2024,0.077299997
1291,2025,0.0744
1292,2006,0.076899998
1292,2007,0.076800004
1292,2008,0.0744
1292,2009,0.078599997
1292,2010,0.080300003
1292,2011,0.079000004
1292,2012,0.082099997
1292,2013,0.0823
1292,2014,0.078500003
1292,2015,0.073299997
1292,2016,0.071800001
1292,2017,0.066600002
1292,2018,0.068300001
1292,2019,0.066299997
1292,2020,0.0614
1292,2021,0.063600004
1292,2022,0.0612
1292,2023,0.064499997
1292,2024,0.063000001
1292,2025,0.058200002
1293,2006,0.078400001
1293,2007,0.074500002
1293,2008,0.076200001
1293,2009,0.081100002
1293,2010,0.081200004
1293,2011,0.080600001
1293,2012,0.082900003
1293,2013,0.078900002
1293,2014,0.075300001
1293,2015,0.074600004
1293,2016,0.076099999
1293,2017,0.073200002
1293,2018,0.072300002
1293,2019,0.071000002
1293,2020,0.064599998
1293,2021,0.066
1293,2022,0.068400003
1293,2023,0.067599997
1293,2024,0.067900002
1293,2025,0.068499997
1315,2006,0.0858
1315,2007,0.078299999
1315,2008,0.077600002
1315,2009,0.080700003
1315,2010,0.079700001
1315,2011,0.092200004
1315,2012,0.090000004
1315,2013,0.088299997
1315,2014,0.075499997
1315,2015,0.0726
1315,2016,0.074100003
1315,2017,0.072999999
1315,2018,0.070600003
1315,2019,0.072099999
1315,2020,0.068400003
1315,2021,0.068899997
1315,2022,0.066399999
1315,2023,0.069899999
1315,2024,0.065800004
1315,2025,0.069899999
1380,2006,0.087200001
1380,2007,0.085199997
1380,2008,0.0823
1380,2009,0.085900001
1380,2010,0.083899997
1380,2011,0.084399998
1380,2012,0.085100003
1380,2013,0.082400002
1380,2014,0.080300003
1380,2015,0.075900003
1380,2016,0.071699999
1380,2017,0.068999998
1380,2018,0.068099998
1380,2019,0.066399999
1380,2020,0.061999999
1380,2021,0.064400002
1380,2022,0.061700001
1380,2023,0.061999999
1380,2024,0.062199999
1380,2025,0.0603
1381,2006,0.085199997
1381,2007,0.087099999
1381,2008,0.083800003
1381,2009,0.083499998
1381,2010,0.088600002
1381,2011,0.092500001
1381,2012,0.090800002
1381,2013,0.084399998
1381,2014,0.083899997
1381,2015,0.078299999
1381,2016,0.075800002
1381,2017,0.072300002
1381,2018,0.076499999
1381,2019,0.069300003
1381,2020,0.0669
1381,2021,0.0678
1381,2022,0.072099999
1381,2023,0.071099997
1381,2024,0.068899997
1381,2025,0.065399997
1382,2006,0.0858
1382,2007,0.0845
1382,2008,0.083999999
1382,2009,0.087300003
1382,2010,0.088299997
1382,2011,0.0876
1382,2012,0.084700003
1382,2013,0.082699999
1382,2014,0.080399998
1382,2015,0.0757
1382,2016,0.076399997
1382,2017,0.075800002
1382,2018,0.073200002
1382,2019,0.073100001
1382,2020,0.068899997
1382,2021,0.07
1382,2022,0.070900001
1382,2023,0.069300003
1382,2024,0.068599999
1382,2025,0.068599999
1383,2006,0.086900003
1383,2007,0.082199998
1383,2008,0.082699999
1383,2009,0.089500003
1383,2010,0.088200003
1383,2011,0.086800002
1383,2012,0.087099999
1383,2013,0.082999997
1383,2014,0.081600003
1383,2015,0.078500003
1383,2016,0.074299999
1383,2017,0.073100001
1383,2018,0.074100003
1383,2019,0.0713
1383,2020,0.070100002
1383,2021,0.070900001
1383,2022,0.066
1383,2023,0.068300001
1383,2024,0.066699997
1383,2025,0.064800002
1384,2006,0.0704
1384,2007,0.067500003
1384,2008,0.066799998
1384,2009,0.070699997
1384,2010,0.071900003
1384,2011,0.071500003
1384,2012,0.069899999
1384,2013,0.0704
1384,2014,0.068999998
1384,2015,0.069799997
1384,2016,0.063900001
1384,2017,0.0625
1384,2018,0.061700001
1384,2019,0.062399998
1384,2020,0.059599999
1384,2021,0.062399998
1384,2022,0.059999999
1384,2023,0.061299998
1384,2024,0.059900001
1384,2025,0.0616
1401,2006,0.068800002
1401,2007,0.068700001
1401,2008,0.065099999
1401,2009,0.067900002
1401,2010,0.066600002
1401,2011,0.067199998
1401,2012,0.065200001
1401,2013,0.061999999
1401,2014,0.060899999
1401,2015,0.060699999
1401,2016,0.054699998
1401,2017,0.0559
1401,2018,0.054000001
1401,2019,0.052000001
1401,2020,0.053300001
1401,2021,0.050099999
1401,2022,0.050900001
1401,2023,0.048900001
1401,2024,0.0506
1401,2025,0.0495
1402,2006,0.073600002
1402,2007,0.073700003
1402,2008,0.074500002
1402,2009,0.073299997
1402,2010,0.075400002
1402,2011,0.076700002
1402,2012,0.068999998
1402,2013,0.067500003
1402,2014,0.0656
1402,2015,0.066399999
1402,2016,0.057599999
1402,2017,0.059900001
1402,2018,0.0594
1402,2019,0.0594
1402,2020,0.054299999
1402,2021,0.0557
1402,2022,0.051399998
1402,2023,0.0537
1402,2024,0.054200001
1402,2025,0.051600002
1407,2006,0.069899999
1407,2007,0.0757
1407,2008,0.076200001
1407,2009,0.069899999
1407,2010,0.082000002
1407,2011,0.079300001
1407,2012,0.073799998
1407,2013,0.068499997
1407,2014,0.076700002
1407,2015,0.069399998
1407,2016,0.064400002
1407,2017,0.069300003
1407,2018,0.068000004
1407,2019,0.065399997
1407,2020,0.0592
1407,2021,0.066100001
1407,2022,0.068400003
1407,2023,0.068599999
1407,2024,0.067299999
1407,2025,0.060699999
1415,2006,0.075599998
1415,2007,0.0779
1415,2008,0.072499998
1415,2009,0.0788
1415,2010,0.086999997
1415,2011,0.079899997
1415,2012,0.075499997
1415,2013,0.072700001
1415,2014,0.075800002
1415,2015,0.075800002
1415,2016,0.071000002
1415,2017,0.073299997
1415,2018,0.068700001
1415,2019,0.0726
1415,2020,0.063699998
1415,2021,0.063199997
1415,2022,0.064999998
1415,2023,0.058200002
1415,2024,0.056000002
1415,2025,0.056499999
1419,2006,0.079000004
1419,2007,0.0836
1419,2008,0.0801
1419,2009,0.085500002
1419,2010,0.090400003
1419,2011,0.082099997
1419,2012,0.083300002
1419,2013,0.082800001
1419,2014,0.087899998
1419,2015,0.084299996
1419,2016,0.083400004
1419,2017,0.0792
1419,2018,0.080499999
1419,2019,0.0845
1419,2020,0.078199998
1419,2021,0.080899999
1419,2022,0.080899999
1419,2023,0.074299999
1419,2024,0.0726
1419,2025,0.073100001
1421,2006,0.089400001
1421,2007,0.084899999
1421,2008,0.0801
1421,2009,0.078299999
1421,2010,0.084299996
1421,2011,0.091600001
1421,2012,0.1024
1421,2013,0.0911
1421,2014,0.096799999
1421,2015,0.088699996
1421,2016,0.080399998
1421,2017,0.083999999
1421,2018,0.082900003
1421,2019,0.081699997
1421,2020,0.075300001
1421,2021,0.079300001
1421,2022,0.071199998
1421,2023,0.073299997
1421,2024,0.072800003
1421,2025,0.068999998
1427,2006,0.091399997
1427,2007,0.086900003
1427,2008,0.0854
1427,2009,0.088100001
1427,2010,0.096199997
1427,2011,0.089900002
1427,2012,0.093400002
1427,2013,0.096699998
1427,2014,0.090099998
1427,2015,0.0902
1427,2016,0.091700003
1427,2017,0.082500003
1427,2018,0.086999997
1427,2019,0.080499999
1427,2020,0.086099997
1427,2021,0.075900003
1427,2022,0.074500002
1427,2023,0.084399998
1427,2024,0.077500001
1427,2025,0.0722
1430,2006,0.093099996
1430,2007,0.090099998
1430,2008,0.0867
1430,2009,0.082400002
1430,2010,0.094300002
1430,2011,0.092
1430,2012,0.0942
1430,2013,0.088500001
1430,2014,0.094400004
1430,2015,0.083700001
1430,2016,0.078699999
1430,2017,0.089000002
1430,2018,0.079999998
1430,2019,0.073700003
1430,2020,0.071999997
1430,2021,0.073399998
1430,2022,0.071999997
1430,2023,0.070200004
1430,2024,0.073799998
1430,2025,0.068300001
1435,2006,0.0902
1435,2007,0.090800002
1435,2008,0.083499998
1435,2009,0.076899998
1435,2010,0.084600002
1435,2011,0.088799998
1435,2012,0.084600002
1435,2013,0.088299997
1435,2014,0.085299999
1435,2015,0.087300003
1435,2016,0.081699997
1435,2017,0.081699997
1435,2018,0.079800002
1435,2019,0.075199999
1435,2020,0.070299998
1435,2021,0.069899999
1435,2022,0.0726
1435,2023,0.077
1435,2024,0.073100001
1435,2025,0.078000002
1438,2006,0.080399998
1438,2007,0.080700003
1438,2008,0.077500001
1438,2009,0.074600004
1438,2010,0.0766
1438,2011,0.080600001
1438,2012,0.078599997
1438,2013,0.070799999
1438,2014,0.074500002
1438,2015,0.079999998
1438,2016,0.070600003
1438,2017,0.075099997
1438,2018,0.075999998
1438,2019,0.073100001
1438,2020,0.064099997
1438,2021,0.067599997
1438,2022,0.064400002
1438,2023,0.071199998
1438,2024,0.068800002
1438,2025,0.066399999
1439,2006,0.087300003
1439,2007,0.094099998
1439,2008,0.083099999
1439,2009,0.089699998
1439,2010,0.092399999
1439,2011,0.091200002
1439,2012,0.098499998
1439,2013,0.0889
1439,2014,0.089100003
1439,2015,0.094700001
1439,2016,0.082199998
1439,2017,0.084600002
1439,2018,0.088399999
1439,2019,0.0757
1439,2020,0.071599998
1439,2021,0.068300001
1439,2022,0.067500003
1439,2023,0.075499997
1439,2024,0.078699999
1439,2025,0.078599997
1440,2006,0.081100002
1440,2007,0.080499999
1440,2008,0.077799998
1440,2009,0.079300001
1440,2010,0.0801
1440,2011,0.079400003
1440,2012,0.082199998
1440,2013,0.077399999
1440,2014,0.083800003
1440,2015,0.071800001
1440,2016,0.067000002
1440,2017,0.068700001
1440,2018,0.0678
1440,2019,0.066299997
1440,2020,0.059999999
1440,2021,0.065700002
1440,2022,0.059500001
1440,2023,0.059799999
1440,2024,0.056699999
1440,2025,0.054299999
1441,2006,0.069200002
1441,2007,0.067199998
1441,2008,0.071699999
1441,2009,0.065800004
1441,2010,0.068700001
1441,2011,0.071000002
1441,2012,0.071999997
1441,2013,0.066299997
1441,2014,0.067100003
1441,2015,0.063000001
1441,2016,0.0616
1441,2017,0.0583
1441,2018,0.057500001
1441,2019,0.059799999
1441,2020,0.0539
1441,2021,0.055199999
1441,2022,0.054000001
1441,2023,0.051899999
1441,2024,0.0515
1441,2025,0.051199999
1442,2006,0.071099997
1442,2007,0.0779
1442,2008,0.075900003
1442,2009,0.075000003
1442,2010,0.074900001
1442,2011,0.072800003
1442,2012,0.0722
1442,2013,0.076499999
1442,2014,0.072700001
1442,2015,0.068499997
1442,2016,0.065499999
1442,2017,0.072300002
1442,2018,0.0691
1442,2019,0.069600001
1442,2020,0.055399999
1442,2021,0.056899998
1442,2022,0.061999999
1442,2023,0.064999998
1442,2024,0.061900001
1442,2025,0.057999998
1443,2006,0.0722
1443,2007,0.081799999
1443,2008,0.078699999
1443,2009,0.078199998
1443,2010,0.075000003
1443,2011,0.081299998
1443,2012,0.077200003
1443,2013,0.070799999
1443,2014,0.073799998
1443,2015,0.073700003
1443,2016,0.070500001
1443,2017,0.0735
1443,2018,0.063100003
1443,2019,0.072499998
1443,2020,0.0594
1443,2021,0.068499997
1443,2022,0.057300001
1443,2023,0.063500002
1443,2024,0.0559
1443,2025,0.063600004
1444,2006,0.090999998
1444,2007,0.093000002
1444,2008,0.085699998
1444,2009,0.082400002
1444,2010,0.083999999
1444,2011,0.099200003
1444,2012,0.101
1444,2013,0.089500003
1444,2014,0.083300002
1444,2015,0.079999998
1444,2016,0.078299999
1444,2017,0.0748
1444,2018,0.082099997
1444,2019,0.079099998
1444,2020,0.0748
1444,2021,0.064000003
1444,2022,0.063100003
1444,2023,0.073899999
1444,2024,0.070100002
1444,2025,0.065499999
1445,2006,0.087499999
1445,2007,0.079000004
1445,2008,0.078199998
1445,2009,0.070900001
1445,2010,0.079999998
1445,2011,0.089299999
1445,2012,0.097999997
1445,2013,0.086099997
1445,2014,0.074199997
1445,2015,0.081699997
1445,2016,0.088799998
1445,2017,0.0788
1445,2018,0.080600001
1445,2019,0.076700002
1445,2020,0.078100003
1445,2021,0.074299999
1445,2022,0.077799998
1445,2023,0.067199998
1445,2024,0.084700003
1445,2025,0.081900001
1446,2006,0.090400003
1446,2007,0.088200003
1446,2008,0.0986
1446,2009,0.086300001
1446,2010,0.091499999
1446,2011,0.089100003
1446,2012,0.097000003
1446,2013,0.091799997
1446,2014,0.086999997
1446,2015,0.090300001
1446,2016,0.074900001
1446,2017,0.087399997
1446,2018,0.074000001
1446,2019,0.078699999
1446,2020,0.070799999
1446,2021,0.068899997
1446,2022,0.064999998
1446,2023,0.071900003
1446,2024,0.074100003
1446,2025,0.064900003
1447,2006,0.0999
1447,2007,0.098099999
1447,2008,0.1012
1447,2009,0.1071
1447,2010,0.099200003
1447,2011,0.1
1447,2012,0.1061
1447,2013,0.097199999
1447,2014,0.1024
1447,2015,0.095299996
1447,2016,0.076700002
1447,2017,0.085600004
1447,2018,0.085000001
1447,2019,0.087300003
1447,2020,0.077799998
1447,2021,0.083999999
1447,2022,0.086900003
1447,2023,0.082800001
1447,2024,0.083300002
1447,2025,0.077399999
1452,2006,0.081100002
1452,2007,0.069600001
1452,2008,0.076200001
1452,2009,0.075999998
1452,2010,0.080300003
1452,2011,0.0779
1452,2012,0.086999997
1452,2013,0.083800003
1452,2014,0.080700003
1452,2015,0.078500003
1452,2016,0.069300003
1452,2017,0.071199998
1452,2018,0.0704
1452,2019,0.067599997
1452,2020,0.057999998
1452,2021,0.066799998
1452,2022,0.062600002
1452,2023,0.066600002
1452,2024,0.066500001
1452,2025,0.0647
1460,2006,0.080600001
1460,2007,0.083899997
1460,2008,0.080399998
1460,2009,0.084200002
1460,2010,0.0911
1460,2011,0.096299998
1460,2012,0.086999997
1460,2013,0.090800002
1460,2014,0.088399999
1460,2015,0.079099998
1460,2016,0.079599999
1460,2017,0.083400004
1460,2018,0.0854
1460,2019,0.075499997
1460,2020,0.0704
1460,2021,0.072899997
1460,2022,0.073799998
1460,2023,0.074000001
1460,2024,0.076800004
1460,2025,0.074100003
1461,2006,0.093000002
1461,2007,0.091600001
1461,2008,0.086400002
1461,2009,0.083099999
1461,2010,0.080399998
1461,2011,0.0858
1461,2012,0.0986
1461,2013,0.088399999
1461,2014,0.090700001
1461,2015,0.0898
1461,2016,0.092500001
1461,2017,0.088100001
1461,2018,0.084600002
1461,2019,0.075300001
1461,2020,0.0669
1461,2021,0.068800002
1461,2022,0.074600004
1461,2023,0.076899998
1461,2024,0.078500003
1461,2025,0.071199998
1462,2006,0.1002
1462,2007,0.0854
1462,2008,0.080499999
1462,2009,0.087200001
1462,2010,0.091600001
1462,2011,0.087899998
1462,2012,0.0911
1462,2013,0.090300001
1462,2014,0.0902
1462,2015,0.084899999
1462,2016,0.077600002
1462,2017,0.074900001
1462,2018,0.077200003
1462,2019,0.0722
1462,2020,0.065899998
1462,2021,0.0638
1462,2022,0.063600004
1462,2023,0.063199997
1462,2024,0.066500001
1462,2025,0.0623
1463,2006,0.090899996
1463,2007,0.087200001
1463,2008,0.085600004
1463,2009,0.086599998
1463,2010,0.0801
1463,2011,0.081
1463,2012,0.083099999
1463,2013,0.082999997
1463,2014,0.078900002
1463,2015,0.077
1463,2016,0.077200003
1463,2017,0.071699999
1463,2018,0.073100001
1463,2019,0.074000001
1463,2020,0.0647
1463,2021,0.061799999
1463,2022,0.066500001
1463,2023,0.063000001
1463,2024,0.064800002
1463,2025,0.064300001
1465,2006,0.089500003
1465,2007,0.093800001
1465,2008,0.093099996
1465,2009,0.090099998
1465,2010,0.081299998
1465,2011,0.0933
1465,2012,0.086999997
1465,2013,0.089599997
1465,2014,0.087700002
1465,2015,0.093199998
1465,2016,0.081699997
1465,2017,0.0801
1465,2018,0.083099999
1465,2019,0.079000004
1465,2020,0.069799997
1465,2021,0.072800003
1465,2022,0.070600003
1465,2023,0.079700001
1465,2024,0.072700001
1465,2025,0.074900001
1466,2006,0.081200004
1466,2007,0.084100001
1466,2008,0.080799997
1466,2009,0.082599998
1466,2010,0.084299996
1466,2011,0.083400004
1466,2012,0.089299999
1466,2013,0.090599999
1466,2014,0.085600004
1466,2015,0.077
1466,2016,0.078299999
1466,2017,0.079800002
1466,2018,0.079599999
1466,2019,0.077500001
1466,2020,0.067599997
1466,2021,0.065300003
1466,2022,0.064999998
1466,2023,0.067900002
1466,2024,0.069799997
1466,2025,0.064800002
1470,2006,0.091200002
1470,2007,0.087700002
1470,2008,0.085900001
1470,2009,0.096500002
1470,2010,0.089900002
1470,2011,0.092200004
1470,2012,0.085500002
1470,2013,0.085500002
1470,2014,0.083499998
1470,2015,0.081100002
1470,2016,0.080700003
1470,2017,0.075199999
1470,2018,0.072300002
1470,2019,0.078900002
1470,2020,0.068700001
1470,2021,0.067299999
1470,2022,0.064099997
1470,2023,0.070100002
1470,2024,0.0647
1470,2025,0.068400003
1471,2006,0.081799999
1471,2007,0.082900003
1471,2008,0.0867
1471,2009,0.085900001
1471,2010,0.083899997
1471,2011,0.087899998
1471,2012,0.085600004
1471,2013,0.081
1471,2014,0.078900002
1471,2015,0.081200004
1471,2016,0.075400002
1471,2017,0.075900003
1471,2018,0.070500001
1471,2019,0.081799999
1471,2020,0.073700003
1471,2021,0.075400002
1471,2022,0.072300002
1471,2023,0.073299997
1471,2024,0.068899997
1471,2025,0.072800003
1472,2006,0.089000002
1472,2007,0.094599999
1472,2008,0.096100003
1472,2009,0.093900003
1472,2010,0.1016
1472,2011,0.099600002
1472,2012,0.086800002
1472,2013,0.093699999
1472,2014,0.079999998
1472,2015,0.0779
1472,2016,0.073399998
1472,2017,0.072099999
1472,2018,0.071800001
1472,2019,0.076899998
1472,2020,0.070799999
1472,2021,0.072300002
1472,2022,0.081600003
1472,2023,0.075400002
1472,2024,0.069200002
1472,2025,0.071500003
1473,2006,0.1004
1473,2007,0.1021
1473,2008,0.097900003
1473,2009,0.099100001
1473,2010,0.1009
1473,2011,0.096799999
1473,2012,0.087899998
1473,2013,0.087700002
1473,2014,0.0876
1473,2015,0.086800002
1473,2016,0.082400002
1473,2017,0.082999997
1473,2018,0.078400001
1473,2019,0.0854
1473,2020,0.071699999
1473,2021,0.076300003
1473,2022,0.07
1473,2023,0.079999998
1473,2024,0.077100001
1473,2025,0.0744
1480,2006,0.072300002
1480,2007,0.071999997
1480,2008,0.071800001
1480,2009,0.070299998
1480,2010,0.071599998
1480,2011,0.069300003
1480,2012,0.066399999
1480,2013,0.065899998
1480,2014,0.064999998
1480,2015,0.063299999
1480,2016,0.0579
1480,2017,0.0581
1480,2018,0.055799998
1480,2019,0.054699998
1480,2020,0.053399999
1480,2021,0.052700002
1480,2022,0.049899999
1480,2023,0.0504
1480,2024,0.050799999
1480,2025,0.049899999
1481,2006,0.070100002
1481,2007,0.071699999
1481,2008,0.070200004
1481,2009,0.067500003
1481,2010,0.070100002
1481,2011,0.069300003
1481,2012,0.0656
1481,2013,0.063000001
1481,2014,0.064900003
1481,2015,0.064199999
1481,2016,0.057300001
1481,2017,0.0572
1481,2018,0.056600001
1481,2019,0.055500001
1481,2020,0.050500002
1481,2021,0.0528
1481,2022,0.049600001
1481,2023,0.0502
1481,2024,0.0495
1481,2025,0.049699999
1482,2006,0.078699999
1482,2007,0.082000002
1482,2008,0.0801
1482,2009,0.0757
1482,2010,0.085699998
1482,2011,0.081600003
1482,2012,0.079700001
1482,2013,0.077500001
1482,2014,0.084600002
1482,2015,0.078900002
1482,2016,0.072800003
1482,2017,0.075099997
1482,2018,0.073799998
1482,2019,0.073100001
1482,2020,0.066699997
1482,2021,0.065899998
1482,2022,0.064199999
1482,2023,0.061099999
1482,2024,0.057799999
1482,2025,0.060699999
1484,2006,0.088
1484,2007,0.091200002
1484,2008,0.088399999
1484,2009,0.081299998
1484,2010,0.086599998
1484,2011,0.088699996
1484,2012,0.092200004
1484,2013,0.093199998
1484,2014,0.091399997
1484,2015,0.086900003
1484,2016,0.085000001
1484,2017,0.075499997
1484,2018,0.077600002
1484,2019,0.075499997
1484,2020,0.071000002
1484,2021,0.074100003
1484,2022,0.068499997
1484,2023,0.074000001
1484,2024,0.076899998
1484,2025,0.0757
1485,2006,0.086499996
1485,2007,0.083499998
1485,2008,0.0788
1485,2009,0.071099997
1485,2010,0.077600002
1485,2011,0.079499997
1485,2012,0.085900001
1485,2013,0.082900003
1485,2014,0.082800001
1485,2015,0.078900002
1485,2016,0.075000003
1485,2017,0.0748
1485,2018,0.072800003
1485,2019,0.068599999
1485,2020,0.065700002
1485,2021,0.065499999
1485,2022,0.064999998
1485,2023,0.065399997
1485,2024,0.064400002
1485,2025,0.062399998
1486,2006,0.084399998
1486,2007,0.080399998
1486,2008,0.068700001
1486,2009,0.077500001
1486,2010,0.073200002
1486,2011,0.074699998
1486,2012,0.078000002
1486,2013,0.073899999
1486,2014,0.071400002
1486,2015,0.075800002
1486,2016,0.064000003
1486,2017,0.059599999
1486,2018,0.0656
1486,2019,0.064499997
1486,2020,0.061799999
1486,2021,0.067100003
1486,2022,0.056200001
1486,2023,0.061900001
1486,2024,0.059999999
1486,2025,0.0623
1487,2006,0.089599997
1487,2007,0.081900001
1487,2008,0.075800002
1487,2009,0.076700002
1487,2010,0.081600003
1487,2011,0.086000003
1487,2012,0.091200002
1487,2013,0.086499996
1487,2014,0.091700003
1487,2015,0.087099999
1487,2016,0.078699999
1487,2017,0.078000002
1487,2018,0.073299997
1487,2019,0.0748
1487,2020,0.070200004
1487,2021,0.067000002
1487,2022,0.067100003
1487,2023,0.0678
1487,2024,0.0682
1487,2025,0.067400001
1488,2006,0.087800004
1488,2007,0.082999997
1488,2008,0.077200003
1488,2009,0.073399998
1488,2010,0.075599998
1488,2011,0.080700003
1488,2012,0.086400002
1488,2013,0.078500003
1488,2014,0.082199998
1488,2015,0.078900002
1488,2016,0.074500002
1488,2017,0.073899999
1488,2018,0.071900003
1488,2019,0.068899997
1488,2020,0.064000003
1488,2021,0.063600004
1488,2022,0.060899999
1488,2023,0.061099999
1488,2024,0.0605
1488,2025,0.0603
1489,2006,0.081100002
1489,2007,0.0788
1489,2008,0.076499999
1489,2009,0.078400001
1489,2010,0.0788
1489,2011,0.079499997
1489,2012,0.077600002
1489,2013,0.0779
1489,2014,0.077600002
1489,2015,0.073799998
1489,2016,0.070900001
1489,2017,0.070799999
1489,2018,0.065300003
1489,2019,0.069899999
1489,2020,0.062600002
1489,2021,0.062700003
1489,2022,0.062600002
1489,2023,0.064999998
1489,2024,0.0583
1489,2025,0.0592
1490,2006,0.081900001
1490,2007,0.081699997
1490,2008,0.078500003
1490,2009,0.080499999
1490,2010,0.077200003
1490,2011,0.081
1490,2012,0.082599998
1490,2013,0.080200002
1490,2014,0.078199998
1490,2015,0.074500002
1490,2016,0.072899997
1490,2017,0.071699999
1490,2018,0.068700001
1490,2019,0.068499997
1490,2020,0.061500002
1490,2021,0.063100003
1490,2022,0.061299998
1490,2023,0.060400002
1490,2024,0.0616
1490,2025,0.060699999
1491,2006,0.079899997
1491,2007,0.080799997
1491,2008,0.078199998
1491,2009,0.080399998
1491,2010,0.080700003
1491,2011,0.082800001
1491,2012,0.082800001
1491,2013,0.081100002
1491,2014,0.076800004
1491,2015,0.078100003
1491,2016,0.074500002
1491,2017,0.069700003
1491,2018,0.066600002
1491,2019,0.066600002
1491,2020,0.066100001
1491,2021,0.068400003
1491,2022,0.068300001
1491,2023,0.067299999
1491,2024,0.064400002
1491,2025,0.068800002
1492,2006,0.096000001
1492,2007,0.087300003
1492,2008,0.083400004
1492,2009,0.084399998
1492,2010,0.080700003
1492,2011,0.089299999
1492,2012,0.097199999
1492,2013,0.095899999
1492,2014,0.088200003
1492,2015,0.081900001
1492,2016,0.074900001
1492,2017,0.076399997
1492,2018,0.0726
1492,2019,0.075499997
1492,2020,0.069499999
1492,2021,0.074299999
1492,2022,0.074199997
1492,2023,0.072800003
1492,2024,0.073600002
1492,2025,0.0722
1493,2006,0.087899998
1493,2007,0.086999997
1493,2008,0.090800002
1493,2009,0.090599999
1493,2010,0.088100001
1493,2011,0.090899996
1493,2012,0.088799998
1493,2013,0.0858
1493,2014,0.079599999
1493,2015,0.084299996
1493,2016,0.080399998
1493,2017,0.078199998
1493,2018,0.075300001
1493,2019,0.077799998
1493,2020,0.0744
1493,2021,0.0814
1493,2022,0.077
1493,2023,0.072499998
1493,2024,0.072899997
1493,2025,0.066500001
1494,2006,0.078199998
1494,2007,0.083800003
1494,2008,0.0823
1494,2009,0.083700001
1494,2010,0.0832
1494,2011,0.080300003
1494,2012,0.080799997
1494,2013,0.080899999
1494,2014,0.079099998
1494,2015,0.078500003
1494,2016,0.078299999
1494,2017,0.074900001
1494,2018,0.076300003
1494,2019,0.074900001
1494,2020,0.072300002
1494,2021,0.070900001
1494,2022,0.068700001
1494,2023,0.0722
1494,2024,0.061900001
1494,2025,0.0603
1495,2006,0.092600003
1495,2007,0.090899996
1495,2008,0.092299998
1495,2009,0.090999998
1495,2010,0.089900002
1495,2011,0.087200001
1495,2012,0.087200001
1495,2013,0.094499998
1495,2014,0.085199997
1495,2015,0.084799998
1495,2016,0.083400004
1495,2017,0.077699997
1495,2018,0.076700002
1495,2019,0.079000004
1495,2020,0.075499997
1495,2021,0.071699999
1495,2022,0.070100002
1495,2023,0.072999999
1495,2024,0.072099999
1495,2025,0.065099999
1496,2006,0.085299999
1496,2007,0.082699999
1496,2008,0.086300001
1496,2009,0.082000002
1496,2010,0.082999997
1496,2011,0.081200004
1496,2012,0.081
1496,2013,0.075800002
1496,2014,0.074100003
1496,2015,0.072899997
1496,2016,0.071500003
1496,2017,0.068000004
1496,2018,0.066
1496,2019,0.071500003
1496,2020,0.065399997
1496,2021,0.064599998
1496,2022,0.064400002
1496,2023,0.062700003
1496,2024,0.060800001
1496,2025,0.058499999
1497,2006,0.087099999
1497,2007,0.0832
1497,2008,0.092600003
1497,2009,0.088699996
1497,2010,0.0854
1497,2011,0.088399999
1497,2012,0.092100002
1497,2013,0.090400003
1497,2014,0.078100003
1497,2015,0.079400003
1497,2016,0.075599998
1497,2017,0.0722
1497,2018,0.0836
1497,2019,0.088699996
1497,2020,0.081699997
1497,2021,0.079000004
1497,2022,0.076300003
1497,2023,0.077799998
1497,2024,0.069600001
1497,2025,0.072400004
1498,2006,0.1001
1498,2007,0.090300001
1498,2008,0.093500003
1498,2009,0.088699996
1498,2010,0.094400004
1498,2011,0.093199998
1498,2012,0.092600003
1498,2013,0.089100003
1498,2014,0.081500001
1498,2015,0.083899997
1498,2016,0.078100003
1498,2017,0.080899999
1498,2018,0.075999998
1498,2019,0.0788
1498,2020,0.070799999
1498,2021,0.075300001
1498,2022,0.080799997
1498,2023,0.074299999
1498,2024,0.072099999
1498,2025,0.064999998
1499,2006,0.090499997
1499,2007,0.089000002
1499,2008,0.089299999
1499,2009,0.087700002
1499,2010,0.086099997
1499,2011,0.087700002
1499,2012,0.085900001
1499,2013,0.083800003
1499,2014,0.082500003
1499,2015,0.080399998
1499,2016,0.077200003
1499,2017,0.076399997
1499,2018,0.076800004
1499,2019,0.075499997
1499,2020,0.070900001
1499,2021,0.068599999
1499,2022,0.072999999
1499,2023,0.072099999
1499,2024,0.066100001
1499,2025,0.063600004
1715,2006,0.076399997
1715,2007,0.071999997
1715,2008,0.069499999
1715,2009,0.072899997
1715,2010,0.079800002
1715,2011,0.0779
1715,2012,0.081799999
1715,2013,0.077600002
1715,2014,0.073600002
1715,2015,0.086900003
1715,2016,0.079300001
1715,2017,0.077399999
1715,2018,0.076899998
1715,2019,0.076499999
1715,2020,0.072300002
1715,2021,0.0726
1715,2022,0.066600002
1715,2023,0.078500003
1715,2024,0.076700002
1715,2025,0.071699999
1730,2006,0.080799997
1730,2007,0.086499996
1730,2008,0.080200002
1730,2009,0.090599999
1730,2010,0.083099999
1730,2011,0.082699999
1730,2012,0.090899996
1730,2013,0.091899998
1730,2014,0.086800002
1730,2015,0.086199999
1730,2016,0.078400001
1730,2017,0.084200002
1730,2018,0.085100003
1730,2019,0.087800004
1730,2020,0.070200004
1730,2021,0.0766
1730,2022,0.075599998
1730,2023,0.070500001
1730,2024,0.078900002
1730,2025,0.081
1737,2006,0.091300003
1737,2007,0.094400004
1737,2008,0.091600001
1737,2009,0.089199997
1737,2010,0.090800002
1737,2011,0.092200004
1737,2012,0.087399997
1737,2013,0.089599997
1737,2014,0.089699998
1737,2015,0.0955
1737,2016,0.093599997
1737,2017,0.087800004
1737,2018,0.089299999
1737,2019,0.088500001
1737,2020,0.086499996
1737,2021,0.088399999
1737,2022,0.083899997
1737,2023,0.079700001
1737,2024,0.084100001
1737,2025,0.081200004
1760,2006,0.069700003
1760,2007,0.078299999
1760,2008,0.087200001
1760,2009,0.1038
1760,2010,0.099799998
1760,2011,0.089900002
1760,2012,0.087499999
1760,2013,0.087499999
1760,2014,0.081100002
1760,2015,0.0876
1760,2016,0.07
1760,2017,0.075900003
1760,2018,0.073100001
1760,2019,0.075900003
1760,2020,0.074299999
1760,2021,0.080700003
1760,2022,0.071500003
1760,2023,0.081600003
1760,2024,0.080499999
1760,2025,0.091700003
1761,2006,0.067100003
1761,2007,0.068499997
1761,2008,0.070100002
1761,2009,0.066600002
1761,2010,0.067000002
1761,2011,0.063900001
1761,2012,0.069899999
1761,2013,0.066
1761,2014,0.070799999
1761,2015,0.071500003
1761,2016,0.068300001
1761,2017,0.0647
1761,2018,0.064499997
1761,2019,0.063600004
1761,2020,0.056400001
1761,2021,0.060199998
1761,2022,0.060400002
1761,2023,0.057599999
1761,2024,0.060899999
1761,2025,0.0601
1762,2006,0.099200003
1762,2007,0.097999997
1762,2008,0.081
1762,2009,0.081600003
1762,2010,0.097800002
1762,2011,0.090400003
1762,2012,0.1014
1762,2013,0.097099997
1762,2014,0.092799999
1762,2015,0.098499998
1762,2016,0.083499998
1762,2017,0.095100001
1762,2018,0.0898
1762,2019,0.090099998
1762,2020,0.067599997
1762,2021,0.078900002
1762,2022,0.095899999
1762,2023,0.086199999
1762,2024,0.077299997
1762,2025,0.090899996
1763,2006,0.074299999
1763,2007,0.073700003
1763,2008,0.077200003
1763,2009,0.078400001
1763,2010,0.077799998
1763,2011,0.076700002
1763,2012,0.079700001
1763,2013,0.079599999
1763,2014,0.080499999
1763,2015,0.078900002
1763,2016,0.077799998
1763,2017,0.072800003
1763,2018,0.074900001
1763,2019,0.0744
1763,2020,0.064400002
1763,2021,0.064800002
1763,2022,0.067900002
1763,2023,0.065399997
1763,2024,0.066
1763,2025,0.066699997
1764,2006,0.082599998
1764,2007,0.079099998
1764,2008,0.088
1764,2009,0.084600002
1764,2010,0.0911
1764,2011,0.096900001
1764,2012,0.087800004
1764,2013,0.0845
1764,2014,0.089900002
1764,2015,0.089400001
1764,2016,0.080799997
1764,2017,0.079700001
1764,2018,0.081100002
1764,2019,0.076200001
1764,2020,0.077200003
1764,2021,0.082800001
1764,2022,0.078299999
1764,2023,0.079499997
1764,2024,0.0845
1764,2025,0.079700001
1765,2006,0.078699999
1765,2007,0.081799999
1765,2008,0.074500002
1765,2009,0.081
1765,2010,0.081100002
1765,2011,0.079099998
1765,2012,0.082000002
1765,2013,0.083899997
1765,2014,0.086199999
1765,2015,0.080799997
1765,2016,0.0788
1765,2017,0.080700003
1765,2018,0.081100002
1765,2019,0.076099999
1765,2020,0.066299997
1765,2021,0.079999998
1765,2022,0.079400003
1765,2023,0.071599998
1765,2024,0.071699999
1765,2025,0.073899999
1766,2006,0.077200003
1766,2007,0.071199998
1766,2008,0.0726
1766,2009,0.081699997
1766,2010,0.072099999
1766,2011,0.076899998
1766,2012,0.082599998
1766,2013,0.077699997
1766,2014,0.077399999
1766,2015,0.086000003
1766,2016,0.074500002
1766,2017,0.076800004
1766,2018,0.078299999
1766,2019,0.079700001
1766,2020,0.067599997
1766,2021,0.078100003
1766,2022,0.079400003
1766,2023,0.081600003
1766,2024,0.076800004
1766,2025,0.076899998
1780,2006,0.072899997
1780,2007,0.074000001
1780,2008,0.071400002
1780,2009,0.076399997
1780,2010,0.073200002
1780,2011,0.074699998
1780,2012,0.0744
1780,2013,0.071199998
1780,2014,0.072899997
1780,2015,0.075400002
1780,2016,0.068099998
1780,2017,0.067500003
1780,2018,0.068999998
1780,2019,0.0682
1780,2020,0.061999999
1780,2021,0.065200001
1780,2022,0.063500002
1780,2023,0.061799999
1780,2024,0.0603
1780,2025,0.064900003
1781,2006,0.081299998
1781,2007,0.081900001
1781,2008,0.086000003
1781,2009,0.087300003
1781,2010,0.090400003
1781,2011,0.089599997
1781,2012,0.083099999
1781,2013,0.086300001
1781,2014,0.083099999
1781,2015,0.088100001
1781,2016,0.075499997
1781,2017,0.079499997
1781,2018,0.084700003
1781,2019,0.083400004
1781,2020,0.077
1781,2021,0.074000001
1781,2022,0.0788
1781,2023,0.076499999
1781,2024,0.076899998
1781,2025,0.081900001
1782,2006,0.091399997
1782,2007,0.075800002
1782,2008,0.084799998
1782,2009,0.087099999
1782,2010,0.081299998
1782,2011,0.082999997
1782,2012,0.096299998
1782,2013,0.0876
1782,2014,0.0902
1782,2015,0.086900003
1782,2016,0.091700003
1782,2017,0.087499999
1782,2018,0.083099999
1782,2019,0.085199997
1782,2020,0.082599998
1782,2021,0.086000003
1782,2022,0.079400003
1782,2023,0.085500002
1782,2024,0.081799999
1782,2025,0.0832
1783,2006,0.083700001
1783,2007,0.085699998
1783,2008,0.086900003
1783,2009,0.081699997
1783,2010,0.081600003
1783,2011,0.088600002
1783,2012,0.090800002
1783,2013,0.091499999
1783,2014,0.089400001
1783,2015,0.088399999
1783,2016,0.095700003
1783,2017,0.092299998
1783,2018,0.091300003
1783,2019,0.089400001
1783,2020,0.084399998
1783,2021,0.092299998
1783,2022,0.0876
1783,2023,0.087200001
1783,2024,0.0801
1783,2025,0.083999999
1784,2006,0.084100001
1784,2007,0.085000001
1784,2008,0.079499997
1784,2009,0.083999999
1784,2010,0.081500001
1784,2011,0.086099997
1784,2012,0.089000002
1784,2013,0.088100001
1784,2014,0.087499999
1784,2015,0.090400003
1784,2016,0.082800001
1784,2017,0.076300003
1784,2018,0.078699999
1784,2019,0.078000002
1784,2020,0.07
1784,2021,0.075999998
1784,2022,0.073299997
1784,2023,0.073600002
1784,2024,0.077500001
1784,2025,0.078900002
1785,2006,0.078900002
1785,2007,0.075800002
1785,2008,0.074100003
1785,2009,0.075400002
1785,2010,0.085000001
1785,2011,0.0854
1785,2012,0.084700003
1785,2013,0.089500003
1785,2014,0.090099998
1785,2015,0.089699998
1785,2016,0.075300001
1785,2017,0.076499999
1785,2018,0.082500003
1785,2019,0.077799998
1785,2020,0.071199998
1785,2021,0.0713
1785,2022,0.077200003
1785,2023,0.077699997
1785,2024,0.080600001
1785,2025,0.0814
1814,2006,0.077100001
1814,2007,0.074900001
1814,2008,0.069700003
1814,2009,0.079700001
1814,2010,0.074100003
1814,2011,0.078400001
1814,2012,0.0744
1814,2013,0.079899997
1814,2014,0.073100001
1814,2015,0.0669
1814,2016,0.073799998
1814,2017,0.064400002
1814,2018,0.062600002
1814,2019,0.0601
1814,2020,0.0612
1814,2021,0.058499999
1814,2022,0.055199999
1814,2023,0.062199999
1814,2024,0.057300001
1814,2025,0.057999998
1860,2006,0.083300002
1860,2007,0.099299997
1860,2008,0.091499999
1860,2009,0.089599997
1860,2010,0.083300002
1860,2011,0.093900003
1860,2012,0.089500003
1860,2013,0.080499999
1860,2014,0.087300003
1860,2015,0.079700001
1860,2016,0.078000002
1860,2017,0.0845
1860,2018,0.075300001
1860,2019,0.068700001
1860,2020,0.065099999
1860,2021,0.076899998
1860,2022,0.065499999
1860,2023,0.077600002
1860,2024,0.076300003
1860,2025,0.067400001
1861,2006,0.079899997
1861,2007,0.077699997
1861,2008,0.078599997
1861,2009,0.078000002
1861,2010,0.0814
1861,2011,0.079300001
1861,2012,0.077399999
1861,2013,0.074600004
1861,2014,0.075999998
1861,2015,0.069899999
1861,2016,0.0722
1861,2017,0.070699997
1861,2018,0.074600004
1861,2019,0.0682
1861,2020,0.064400002
1861,2021,0.064300001
1861,2022,0.061099999
1861,2023,0.061299998
1861,2024,0.0634
1861,2025,0.0656
1862,2006,0.091799997
1862,2007,0.097499996
1862,2008,0.094700001
1862,2009,0.094899997
1862,2010,0.092299998
1862,2011,0.095200002
1862,2012,0.091700003
1862,2013,0.0867
1862,2014,0.083899997
1862,2015,0.084299996
1862,2016,0.082599998
1862,2017,0.082199998
1862,2018,0.069399998
1862,2019,0.075300001
1862,2020,0.071800001
1862,2021,0.070200004
1862,2022,0.074600004
1862,2023,0.077399999
1862,2024,0.075599998
1862,2025,0.077799998
1863,2006,0.091899998
1863,2007,0.0911
1863,2008,0.086499996
1863,2009,0.0898
1863,2010,0.093000002
1863,2011,0.094999999
1863,2012,0.094599999
1863,2013,0.097999997
1863,2014,0.094400004
1863,2015,0.0801
1863,2016,0.0726
1863,2017,0.079099998
1863,2018,0.075999998
1863,2019,0.077200003
1863,2020,0.071199998
1863,2021,0.070600003
1863,2022,0.073799998
1863,2023,0.0845
1863,2024,0.076899998
1863,2025,0.0836
1864,2006,0.1007
1864,2007,0.091300003
1864,2008,0.089400001
1864,2009,0.090300001
1864,2010,0.097599998
1864,2011,0.1035
1864,2012,0.1189
1864,2013,0.0986
1864,2014,0.090000004
1864,2015,0.091499999
1864,2016,0.081900001
1864,2017,0.084399998
1864,2018,0.081200004
1864,2019,0.081200004
1864,2020,0.083899997
1864,2021,0.081299998
1864,2022,0.085699998
1864,2023,0.090999998
1864,2024,0.098099999
1864,2025,0.091600001
1880,2006,0.073600002
1880,2007,0.072300002
1880,2008,0.072899997
1880,2009,0.0722
1880,2010,0.0744
1880,2011,0.073799998
1880,2012,0.07
1880,2013,0.066
1880,2014,0.064599998
1880,2015,0.059799999
1880,2016,0.062100001
1880,2017,0.062700003
1880,2018,0.060899999
1880,2019,0.0601
1880,2020,0.056299999
1880,2021,0.058400001
1880,2022,0.054000001
1880,2023,0.056600001
1880,2024,0.057700001
1880,2025,0.057500001
1881,2006,0.076099999
1881,2007,0.073899999
1881,2008,0.068499997
1881,2009,0.070799999
1881,2010,0.069899999
1881,2011,0.069499999
1881,2012,0.071999997
1881,2013,0.068800002
1881,2014,0.065300003
1881,2015,0.0612
1881,2016,0.064999998
1881,2017,0.0601
1881,2018,0.063900001
1881,2019,0.060600001
1881,2020,0.057799999
1881,2021,0.0581
1881,2022,0.059599999
1881,2023,0.057999998
1881,2024,0.058600001
1881,2025,0.0568
1882,2006,0.087099999
1882,2007,0.081100002
1882,2008,0.083400004
1882,2009,0.079099998
1882,2010,0.076700002
1882,2011,0.086599998
1882,2012,0.084299996
1882,2013,0.083099999
1882,2014,0.079899997
1882,2015,0.073799998
1882,2016,0.074199997
1882,2017,0.077799998
1882,2018,0.073299997
1882,2019,0.074000001
1882,2020,0.064099997
1882,2021,0.067100003
1882,2022,0.069700003
1882,2023,0.075300001
1882,2024,0.073600002
1882,2025,0.069499999
1883,2006,0.087800004
1883,2007,0.089299999
1883,2008,0.090400003
1883,2009,0.091399997
1883,2010,0.094099998
1883,2011,0.0867
1883,2012,0.0867
1883,2013,0.080399998
1883,2014,0.077200003
1883,2015,0.0744
1883,2016,0.077799998
1883,2017,0.071900003
1883,2018,0.067400001
1883,2019,0.068099998
1883,2020,0.0656
1883,2021,0.065499999
1883,2022,0.064000003
1883,2023,0.061799999
1883,2024,0.064800002
1883,2025,0.0682
1884,2006,0.084600002
1884,2007,0.0867
1884,2008,0.083499998
1884,2009,0.081500001
1884,2010,0.084299996
1884,2011,0.083400004
1884,2012,0.085000001
1884,2013,0.077600002
1884,2014,0.077100001
1884,2015,0.066399999
1884,2016,0.072400004
1884,2017,0.069899999
1884,2018,0.072499998
1884,2019,0.074600004
1884,2020,0.07
1884,2021,0.074100003
1884,2022,0.072300002
1884,2023,0.0625
1884,2024,0.0647
1884,2025,0.073399998
1885,2006,0.090300001
1885,2007,0.084399998
1885,2008,0.081900001
1885,2009,0.083700001
1885,2010,0.0823
1885,2011,0.0836
1885,2012,0.081799999
1885,2013,0.079499997
1885,2014,0.081
1885,2015,0.078900002
1885,2016,0.075099997
1885,2017,0.074699998
1885,2018,0.077500001
1885,2019,0.073600002
1885,2020,0.069899999
1885,2021,0.065399997
1885,2022,0.067000002
1885,2023,0.066500001
1885,2024,0.070200004
1885,2025,0.069799997
1904,2006,0.090400003
1904,2007,0.093099996
1904,2008,0.093900003
1904,2009,0.1036
1904,2010,0.098099999
1904,2011,0.1064
1904,2012,0.098499998
1904,2013,0.096500002
1904,2014,0.088600002
1904,2015,0.094999999
1904,2016,0.088600002
1904,2017,0.091499999
1904,2018,0.085699998
1904,2019,0.089100003
1904,2020,0.084899999
1904,2021,0.086400002
1904,2022,0.090300001
1904,2023,0.102
1904,2024,0.0876
1904,2025,0.1
1907,2006,0.087800004
1907,2007,0.083400004
1907,2008,0.080600001
1907,2009,0.088600002
1907,2010,0.089500003
1907,2011,0.084600002
1907,2012,0.089500003
1907,2013,0.091200002
1907,2014,0.086099997
1907,2015,0.081100002
1907,2016,0.083999999
1907,2017,0.086900003
1907,2018,0.086400002
1907,2019,0.081200004
1907,2020,0.075099997
1907,2021,0.072300002
1907,2022,0.077699997
1907,2023,0.075800002
1907,2024,0.071500003
1907,2025,0.076200001
1960,2006,0.078100003
1960,2007,0.085500002
1960,2008,0.090800002
1960,2009,0.090099998
1960,2010,0.086400002
1960,2011,0.084200002
1960,2012,0.080300003
1960,2013,0.084299996
1960,2014,0.083300002
1960,2015,0.072999999
1960,2016,0.076200001
1960,2017,0.074600004
1960,2018,0.077
1960,2019,0.0814
1960,2020,0.064800002
1960,2021,0.071599998
1960,2022,0.080499999
1960,2023,0.074199997
1960,2024,0.074500002
1960,2025,0.075199999
1961,2006,0.092299998
1961,2007,0.094099998
1961,2008,0.092799999
1961,2009,0.094099998
1961,2010,0.086000003
1961,2011,0.092399999
1961,2012,0.089199997
1961,2013,0.085299999
1961,2014,0.0858
1961,2015,0.086000003
1961,2016,0.081100002
1961,2017,0.077399999
1961,2018,0.080600001
1961,2019,0.073700003
1961,2020,0.079000004
1961,2021,0.074600004
1961,2022,0.070299998
1961,2023,0.075800002
1961,2024,0.077399999
1961,2025,0.077799998
1962,2006,0.1004
1962,2007,0.092200004
1962,2008,0.083099999
1962,2009,0.089500003
1962,2010,0.082500003
1962,2011,0.1
1962,2012,0.084299996
1962,2013,0.1005
1962,2014,0.096100003
1962,2015,0.078299999
1962,2016,0.081799999
1962,2017,0.0801
1962,2018,0.085000001
1962,2019,0.079899997
1962,2020,0.083099999
1962,2021,0.083999999
1962,2022,0.0845
1962,2023,0.085600004
1962,2024,0.089900002
1962,2025,0.080899999
1980,2006,0.080300003
1980,2007,0.081100002
1980,2008,0.077699997
1980,2009,0.077799998
1980,2010,0.077600002
1980,2011,0.0788
1980,2012,0.076899998
1980,2013,0.073200002
1980,2014,0.072700001
1980,2015,0.070900001
1980,2016,0.071000002
1980,2017,0.070100002
1980,2018,0.068599999
1980,2019,0.0682
1980,2020,0.064300001
1980,2021,0.064000003
1980,2022,0.063699998
1980,2023,0.063000001
1980,2024,0.061299998
1980,2025,0.0638
1981,2006,0.088799998
1981,2007,0.085100003
1981,2008,0.082199998
1981,2009,0.085100003
1981,2010,0.0832
1981,2011,0.092799999
1981,2012,0.086599998
1981,2013,0.083800003
1981,2014,0.080700003
1981,2015,0.0779
1981,2016,0.080399998
1981,2017,0.082199998
1981,2018,0.0766
1981,2019,0.073799998
1981,2020,0.071999997
1981,2021,0.071099997
1981,2022,0.069799997
1981,2023,0.079499997
1981,2024,0.068000004
1981,2025,0.075000003
1982,2006,0.089000002
1982,2007,0.093599997
1982,2008,0.090700001
1982,2009,0.095600002
1982,2010,0.091200002
1982,2011,0.089599997
1982,2012,0.086400002
1982,2013,0.084100001
1982,2014,0.075199999
1982,2015,0.072400004
1982,2016,0.079000004
1982,2017,0.076399997
1982,2018,0.075300001
1982,2019,0.076099999
1982,2020,0.074900001
1982,2021,0.078599997
1982,2022,0.076099999
1982,2023,0.071999997
1982,2024,0.077299997
1982,2025,0.078900002
1983,2006,0.084700003
1983,2007,0.087499999
1983,2008,0.0902
1983,2009,0.088
1983,2010,0.088200003
1983,2011,0.090800002
1983,2012,0.088100001
1983,2013,0.087800004
1983,2014,0.084899999
1983,2015,0.0823
1983,2016,0.081200004
1983,2017,0.0792
1983,2018,0.079400003
1983,2019,0.082699999
1983,2020,0.075300001
1983,2021,0.075999998
1983,2022,0.078599997
1983,2023,0.084899999
1983,2024,0.077799998
1983,2025,0.080399998
1984,2006,0.081799999
1984,2007,0.096000001
1984,2008,0.082099997
1984,2009,0.087200001
1984,2010,0.0823
1984,2011,0.086400002
1984,2012,0.087499999
1984,2013,0.079999998
1984,2014,0.076200001
1984,2015,0.074199997
1984,2016,0.080600001
1984,2017,0.079099998
1984,2018,0.074699998
1984,2019,0.082800001
1984,2020,0.074900001
1984,2021,0.073799998
1984,2022,0.0779
1984,2023,0.080300003
1984,2024,0.079499997
1984,2025,0.069600001
2021,2006,0.097599998
2021,2007,0.0942
2021,2008,0.096600004
2021,2009,0.099699996
2021,2010,0.1122
2021,2011,0.1018
2021,2012,0.1027
2021,2013,0.1004
2021,2014,0.1017
2021,2015,0.088
2021,2016,0.091399997
2021,2017,0.082599998
2021,2018,0.0911
2021,2019,0.095799997
2021,2020,0.077200003
2021,2021,0.083400004
2021,2022,0.067400001
2021,2023,0.082099997
2021,2024,0.069200002
2021,2025,0.063500002
2023,2006,0.091899998
2023,2007,0.092200004
2023,2008,0.1008
2023,2009,0.091499999
2023,2010,0.095200002
2023,2011,0.093000002
2023,2012,0.085199997
2023,2013,0.094700001
2023,2014,0.092500001
2023,2015,0.0858
2023,2016,0.087099999
2023,2017,0.077600002
2023,2018,0.082199998
2023,2019,0.0823
2023,2020,0.0748
2023,2021,0.074500002
2023,2022,0.0757
2023,2023,0.073700003
2023,2024,0.0713
2023,2025,0.073200002
2026,2006,0.087899998
2026,2007,0.089100003
2026,2008,0.092299998
2026,2009,0.091200002
2026,2010,0.084100001
2026,2011,0.090599999
2026,2012,0.0823
2026,2013,0.087099999
2026,2014,0.080799997
2026,2015,0.084399998
2026,2016,0.076099999
2026,2017,0.067699999
2026,2018,0.075300001
2026,2019,0.072800003
2026,2020,0.072300002
2026,2021,0.065499999
2026,2022,0.0682
2026,2023,0.064000003
2026,2024,0.064900003
2026,2025,0.068999998
2029,2006,0.0902
2029,2007,0.092399999
2029,2008,0.095299996
2029,2009,0.097499996
2029,2010,0.095700003
2029,2011,0.095799997
2029,2012,0.091399997
2029,2013,0.091600001
2029,2014,0.091899998
2029,2015,0.0876
2029,2016,0.083400004
2029,2017,0.083499998
2029,2018,0.085600004
2029,2019,0.080399998
2029,2020,0.071800001
2029,2021,0.071400002
2029,2022,0.07
2029,2023,0.076099999
2029,2024,0.071500003
2029,2025,0.064999998
2031,2006,0.1065
2031,2007,0.1044
2031,2008,0.1096
2031,2009,0.1075
2031,2010,0.1098
2031,2011,0.1096
2031,2012,0.1037
2031,2013,0.1156
2031,2014,0.105
2031,2015,0.1021
2031,2016,0.094899997
2031,2017,0.093400002
2031,2018,0.095899999
2031,2019,0.096299998
2031,2020,0.087899998
2031,2021,0.083300002
2031,2022,0.082900003
2031,2023,0.075900003
2031,2024,0.081600003
2031,2025,0.0735
2034,2006,0.1064
2034,2007,0.1009
2034,2008,0.1154
2034,2009,0.099299997
2034,2010,0.1129
2034,2011,0.1206
2034,2012,0.1007
2034,2013,0.1105
2034,2014,0.1038
2034,2015,0.1088
2034,2016,0.1043
2034,2017,0.092200004
2034,2018,0.089500003
2034,2019,0.099100001
2034,2020,0.079000004
2034,2021,0.0788
2034,2022,0.077600002
2034,2023,0.070600003
2034,2024,0.071099997
2034,2025,0.0691
2039,2006,0.1008
2039,2007,0.099200003
2039,2008,0.1016
2039,2009,0.1036
2039,2010,0.1083
2039,2011,0.1082
2039,2012,0.095799997
2039,2013,0.1001
2039,2014,0.092600003
2039,2015,0.095100001
2039,2016,0.086300001
2039,2017,0.087800004
2039,2018,0.089199997
2039,2019,0.090499997
2039,2020,0.078100003
2039,2021,0.072499998
2039,2022,0.078000002
2039,2023,0.079599999
2039,2024,0.079400003
2039,2025,0.065200001
2061,2006,0.082699999
2061,2007,0.078299999
2061,2008,0.085699998
2061,2009,0.093500003
2061,2010,0.0876
2061,2011,0.094300002
2061,2012,0.091899998
2061,2013,0.092299998
2061,2014,0.084399998
2061,2015,0.077799998
2061,2016,0.077100001
2061,2017,0.076499999
2061,2018,0.077
2061,2019,0.075099997
2061,2020,0.070799999
2061,2021,0.071800001
2061,2022,0.078699999
2061,2023,0.074299999
2061,2024,0.073299997
2061,2025,0.075400002
2062,2006,0.1032
2062,2007,0.1059
2062,2008,0.1028
2062,2009,0.1026
2062,2010,0.1091
2062,2011,0.1094
2062,2012,0.098399997
2062,2013,0.098099999
2062,2014,0.1003
2062,2015,0.098099999
2062,2016,0.1002
2062,2017,0.094099998
2062,2018,0.093599997
2062,2019,0.092299998
2062,2020,0.081299998
2062,2021,0.081600003
2062,2022,0.076499999
2062,2023,0.077
2062,2024,0.072899997
2062,2025,0.072999999
2080,2006,0.085299999
2080,2007,0.086099997
2080,2008,0.087099999
2080,2009,0.085299999
2080,2010,0.090800002
2080,2011,0.089199997
2080,2012,0.081900001
2080,2013,0.083899997
2080,2014,0.082099997
2080,2015,0.079099998
2080,2016,0.066200003
2080,2017,0.066799998
2080,2018,0.070699997
2080,2019,0.068700001
2080,2020,0.068000004
2080,2021,0.063199997
2080,2022,0.066
2080,2023,0.063500002
2080,2024,0.064999998
2080,2025,0.065399997
2081,2006,0.0858
2081,2007,0.085900001
2081,2008,0.085100003
2081,2009,0.087499999
2081,2010,0.088600002
2081,2011,0.089699998
2081,2012,0.083099999
2081,2013,0.0832
2081,2014,0.081200004
2081,2015,0.076099999
2081,2016,0.071000002
2081,2017,0.069200002
2081,2018,0.068599999
2081,2019,0.071199998
2081,2020,0.064199999
2081,2021,0.066699997
2081,2022,0.064400002
2081,2023,0.067199998
2081,2024,0.0625
2081,2025,0.064900003
2082,2006,0.088299997
2082,2007,0.086499996
2082,2008,0.085600004
2082,2009,0.0911
2082,2010,0.0942
2082,2011,0.086199999
2082,2012,0.092
2082,2013,0.093500003
2082,2014,0.087300003
2082,2015,0.078400001
2082,2016,0.0722
2082,2017,0.0779
2082,2018,0.081299998
2082,2019,0.076800004
2082,2020,0.071800001
2082,2021,0.070299998
2082,2022,0.072999999
2082,2023,0.066699997
2082,2024,0.072800003
2082,2025,0.0691
2083,2006,0.094899997
2083,2007,0.085000001
2083,2008,0.094700001
2083,2009,0.090499997
2083,2010,0.096299998
2083,2011,0.099399999
2083,2012,0.0995
2083,2013,0.097400002
2083,2014,0.094700001
2083,2015,0.0858
2083,2016,0.081
2083,2017,0.076200001
2083,2018,0.089400001
2083,2019,0.082599998
2083,2020,0.072499998
2083,2021,0.081500001
2083,2022,0.080899999
2083,2023,0.085699998
2083,2024,0.082500003
2083,2025,0.082699999
2084,2006,0.096000001
2084,2007,0.090000004
2084,2008,0.096799999
2084,2009,0.096199997
2084,2010,0.101
2084,2011,0.1007
2084,2012,0.0933
2084,2013,0.1031
2084,2014,0.0911
2084,2015,0.085600004
2084,2016,0.0836
2084,2017,0.085100003
2084,2018,0.081299998
2084,2019,0.0854
2084,2020,0.075900003
2084,2021,0.081699997
2084,2022,0.0801
2084,2023,0.081900001
2084,2024,0.085500002
2084,2025,0.085199997
2085,2006,0.084700003
2085,2007,0.083499998
2085,2008,0.087800004
2085,2009,0.089299999
2085,2010,0.085900001
2085,2011,0.086800002
2085,2012,0.087099999
2085,2013,0.0902
2085,2014,0.082800001
2085,2015,0.077200003
2085,2016,0.073200002
2085,2017,0.072400004
2085,2018,0.073600002
2085,2019,0.076700002
2085,2020,0.068599999
2085,2021,0.067599997
2085,2022,0.068800002
2085,2023,0.069600001
2085,2024,0.064000003
2085,2025,0.066399999
2101,2006,0.078199998
2101,2007,0.080300003
2101,2008,0.074299999
2101,2009,0.088100001
2101,2010,0.081900001
2101,2011,0.088
2101,2012,0.080499999
2101,2013,0.081
2101,2014,0.081100002
2101,2015,0.084899999
2101,2016,0.078699999
2101,2017,0.066
2101,2018,0.080499999
2101,2019,0.075400002
2101,2020,0.071699999
2101,2021,0.074900001
2101,2022,0.072400004
2101,2023,0.082000002
2101,2024,0.076700002
2101,2025,0.064000003
2104,2006,0.079000004
2104,2007,0.082400002
2104,2008,0.081100002
2104,2009,0.082900003
2104,2010,0.077600002
2104,2011,0.095399998
2104,2012,0.087499999
2104,2013,0.0836
2104,2014,0.087499999
2104,2015,0.090000004
2104,2016,0.088200003
2104,2017,0.080799997
2104,2018,0.075999998
2104,2019,0.078599997
2104,2020,0.068599999
2104,2021,0.078699999
2104,2022,0.073299997
2104,2023,0.084799998
2104,2024,0.077799998
2104,2025,0.0625
2121,2006,0.068099998
2121,2007,0.075900003
2121,2008,0.078199998
2121,2009,0.070200004
2121,2010,0.070699997
2121,2011,0.076300003
2121,2012,0.0744
2121,2013,0.080300003
2121,2014,0.076499999
2121,2015,0.073899999
2121,2016,0.074000001
2121,2017,0.072499998
2121,2018,0.074699998
2121,2019,0.071699999
2121,2020,0.069300003
2121,2021,0.065899998
2121,2022,0.068400003
2121,2023,0.072099999
2121,2024,0.072899997
2121,2025,0.065700002
2132,2006,0.083999999
2132,2007,0.0973
2132,2008,0.095399998
2132,2009,0.096600004
2132,2010,0.1024
2132,2011,0.098200001
2132,2012,0.1039
2132,2013,0.101
2132,2014,0.1017
2132,2015,0.0964
2132,2016,0.087099999
2132,2017,0.084100001
2132,2018,0.089000002
2132,2019,0.087300003
2132,2020,0.072300002
2132,2021,0.078199998
2132,2022,0.072499998
2132,2023,0.080499999
2132,2024,0.080399998
2132,2025,0.075199999
2161,2006,0.077100001
2161,2007,0.088500001
2161,2008,0.086199999
2161,2009,0.093199998
2161,2010,0.086900003
2161,2011,0.089000002
2161,2012,0.0933
2161,2013,0.089000002
2161,2014,0.089900002
2161,2015,0.088299997
2161,2016,0.082400002
2161,2017,0.077699997
2161,2018,0.073200002
2161,2019,0.076200001
2161,2020,0.069200002
2161,2021,0.072700001
2161,2022,0.075999998
2161,2023,0.073600002
2161,2024,0.072999999
2161,2025,0.065899998
2180,2006,0.075800002
2180,2007,0.074299999
2180,2008,0.0735
2180,2009,0.076899998
2180,2010,0.076300003
2180,2011,0.078500003
2180,2012,0.078100003
2180,2013,0.076899998
2180,2014,0.0757
2180,2015,0.074900001
2180,2016,0.072700001
2180,2017,0.068599999
2180,2018,0.068599999
2180,2019,0.0669
2180,2020,0.061700001
2180,2021,0.063299999
2180,2022,0.063100003
2180,2023,0.066600002
2180,2024,0.065300003
2180,2025,0.055100001
2181,2006,0.068999998
2181,2007,0.075199999
2181,2008,0.075599998
2181,2009,0.0792
2181,2010,0.081600003
2181,2011,0.077500001
2181,2012,0.078299999
2181,2013,0.079400003
2181,2014,0.077299997
2181,2015,0.072800003
2181,2016,0.075300001
2181,2017,0.068700001
2181,2018,0.066299997
2181,2019,0.067500003
2181,2020,0.061900001
2181,2021,0.067000002
2181,2022,0.069300003
2181,2023,0.068800002
2181,2024,0.064199999
2181,2025,0.057399999
2182,2006,0.0779
2182,2007,0.084299996
2182,2008,0.084799998
2182,2009,0.088500001
2182,2010,0.085299999
2182,2011,0.086800002
2182,2012,0.086199999
2182,2013,0.082999997
2182,2014,0.081100002
2182,2015,0.0836
2182,2016,0.080399998
2182,2017,0.0757
2182,2018,0.080499999
2182,2019,0.075499997
2182,2020,0.067400001
2182,2021,0.070600003
2182,2022,0.068300001
2182,2023,0.069700003
2182,2024,0.073899999
2182,2025,0.066299997
2183,2006,0.073799998
2183,2007,0.076700002
2183,2008,0.079400003
2183,2009,0.081299998
2183,2010,0.082500003
2183,2011,0.074000001
2183,2012,0.077699997
2183,2013,0.075300001
2183,2014,0.073799998
2183,2015,0.078400001
2183,2016,0.0792
2183,2017,0.070699997
2183,2018,0.072300002
2183,2019,0.0691
2183,2020,0.064300001
2183,2021,0.070900001
2183,2022,0.071999997
2183,2023,0.0704
2183,2024,0.0766
2183,2025,0.065499999
2184,2006,0.084899999
2184,2007,0.0902
2184,2008,0.091799997
2184,2009,0.096100003
2184,2010,0.1
2184,2011,0.094099998
2184,2012,0.0977
2184,2013,0.094300002
2184,2014,0.093199998
2184,2015,0.085299999
2184,2016,0.084100001
2184,2017,0.078199998
2184,2018,0.079400003
2184,2019,0.081
2184,2020,0.067699999
2184,2021,0.072400004
2184,2022,0.073799998
2184,2023,0.077
2184,2024,0.0766
2184,2025,0.064999998
2260,2006,0.093000002
2260,2007,0.0845
2260,2008,0.088600002
2260,2009,0.087499999
2260,2010,0.094999999
2260,2011,0.097599998
2260,2012,0.093999997
2260,2013,0.084700003
2260,2014,0.086199999
2260,2015,0.084299996
2260,2016,0.086900003
2260,2017,0.080700003
2260,2018,0.082599998
2260,2019,0.080300003
2260,2020,0.073799998
2260,2021,0.078599997
2260,2022,0.079000004
2260,2023,0.0845
2260,2024,0.084899999
2260,2025,0.078199998
2262,2006,0.081100002
2262,2007,0.0854
2262,2008,0.083999999
2262,2009,0.081799999
2262,2010,0.087800004
2262,2011,0.085500002
2262,2012,0.0823
2262,2013,0.090499997
2262,2014,0.0858
2262,2015,0.0832
2262,2016,0.085100003
2262,2017,0.0845
2262,2018,0.0766
2262,2019,0.081299998
2262,2020,0.081500001
2262,2021,0.079800002
2262,2022,0.076099999
2262,2023,0.080200002
2262,2024,0.082699999
2262,2025,0.073600002
2280,2006,0.079499997
2280,2007,0.077399999
2280,2008,0.074699998
2280,2009,0.0766
2280,2010,0.079800002
2280,2011,0.079800002
2280,2012,0.087800004
2280,2013,0.084899999
2280,2014,0.078500003
2280,2015,0.074000001
2280,2016,0.073600002
2280,2017,0.076099999
2280,2018,0.073899999
2280,2019,0.0748
2280,2020,0.0726
2280,2021,0.0735
2280,2022,0.071999997
2280,2023,0.079000004
2280,2024,0.0735
2280,2025,0.0713
2281,2006,0.0814
2281,2007,0.082599998
2281,2008,0.079800002
2281,2009,0.076899998
2281,2010,0.083400004
2281,2011,0.082900003
2281,2012,0.086300001
2281,2013,0.084200002
2281,2014,0.083899997
2281,2015,0.078299999
2281,2016,0.073600002
2281,2017,0.076899998
2281,2018,0.0779
2281,2019,0.078599997
2281,2020,0.070900001
2281,2021,0.072499998
2281,2022,0.071599998
2281,2023,0.075199999
2281,2024,0.074000001
2281,2025,0.067100003
2282,2006,0.095899999
2282,2007,0.097099997
2282,2008,0.097800002
2282,2009,0.090599999
2282,2010,0.087399997
2282,2011,0.0898
2282,2012,0.1016
2282,2013,0.094800003
2282,2014,0.088799998
2282,2015,0.092100002
2282,2016,0.086599998
2282,2017,0.085699998
2282,2018,0.083400004
2282,2019,0.090800002
2282,2020,0.077200003
2282,2021,0.072499998
2282,2022,0.075000003
2282,2023,0.079499997
2282,2024,0.0836
2282,2025,0.072499998
2283,2006,0.1027
2283,2007,0.1056
2283,2008,0.1043
2283,2009,0.098700002
2283,2010,0.096799999
2283,2011,0.0933
2283,2012,0.097900003
2283,2013,0.089199997
2283,2014,0.086199999
2283,2015,0.090400003
2283,2016,0.085100003
2283,2017,0.079400003
2283,2018,0.084899999
2283,2019,0.0788
2283,2020,0.071900003
2283,2021,0.068899997
2283,2022,0.071599998
2283,2023,0.077200003
2283,2024,0.078500003
2283,2025,0.073200002
2284,2006,0.085199997
2284,2007,0.083999999
2284,2008,0.0854
2284,2009,0.080499999
2284,2010,0.083499998
2284,2011,0.0854
2284,2012,0.087200001
2284,2013,0.085199997
2284,2014,0.080799997
2284,2015,0.077299997
2284,2016,0.0748
2284,2017,0.075900003
2284,2018,0.073200002
2284,2019,0.070600003
2284,2020,0.067900002
2284,2021,0.068499997
2284,2022,0.0735
2284,2023,0.075300001
2284,2024,0.078299999
2284,2025,0.073200002
2303,2006,0.1005
2303,2007,0.1016
2303,2008,0.0995
2303,2009,0.1007
2303,2010,0.1106
2303,2011,0.1045
2303,2012,0.1001
2303,2013,0.1082
2303,2014,0.1105
2303,2015,0.101
2303,2016,0.1044
2303,2017,0.091600001
2303,2018,0.095899999
2303,2019,0.1009
2303,2020,0.079999998
2303,2021,0.079599999
2303,2022,0.082999997
2303,2023,0.088399999
2303,2024,0.102
2303,2025,0.092299998
2305,2006,0.084299996
2305,2007,0.089500003
2305,2008,0.097199999
2305,2009,0.084899999
2305,2010,0.093900003
2305,2011,0.097099997
2305,2012,0.0977
2305,2013,0.098399997
2305,2014,0.0889
2305,2015,0.088699996
2305,2016,0.082099997
2305,2017,0.087800004
2305,2018,0.0792
2305,2019,0.087700002
2305,2020,0.068599999
2305,2021,0.076399997
2305,2022,0.075300001
2305,2023,0.090499997
2305,2024,0.091300003
2305,2025,0.092799999
2309,2006,0.077
2309,2007,0.0823
2309,2008,0.079999998
2309,2009,0.074500002
2309,2010,0.0748
2309,2011,0.076499999
2309,2012,0.080799997
2309,2013,0.077799998
2309,2014,0.074299999
2309,2015,0.070799999
2309,2016,0.0744
2309,2017,0.073100001
2309,2018,0.072700001
2309,2019,0.075199999
2309,2020,0.0625
2309,2021,0.064999998
2309,2022,0.065399997
2309,2023,0.072400004
2309,2024,0.0678
2309,2025,0.069200002
2313,2006,0.1007
2313,2007,0.090899996
2313,2008,0.092699997
2313,2009,0.093500003
2313,2010,0.094099998
2313,2011,0.0933
2313,2012,0.096000001
2313,2013,0.0995
2313,2014,0.087700002
2313,2015,0.082400002
2313,2016,0.083700001
2313,2017,0.088500001
2313,2018,0.090700001
2313,2019,0.094300002
2313,2020,0.086599998
2313,2021,0.079000004
2313,2022,0.087300003
2313,2023,0.086000003
2313,2024,0.082500003
2313,2025,0.091899998
2321,2006,0.078900002
2321,2007,0.073200002
2321,2008,0.072800003
2321,2009,0.070299998
2321,2010,0.066100001
2321,2011,0.067699999
2321,2012,0.078500003
2321,2013,0.072300002
2321,2014,0.075000003
2321,2015,0.071699999
2321,2016,0.065099999
2321,2017,0.066
2321,2018,0.0678
2321,2019,0.068700001
2321,2020,0.0603
2321,2021,0.058499999
2321,2022,0.058200002
2321,2023,0.058200002
2321,2024,0.0603
2321,2025,0.0603
2326,2006,0.083899997
2326,2007,0.094800003
2326,2008,0.093699999
2326,2009,0.093000002
2326,2010,0.092100002
2326,2011,0.088399999
2326,2012,0.096199997
2326,2013,0.095399998
2326,2014,0.088200003
2326,2015,0.088299997
2326,2016,0.078400001
2326,2017,0.084899999
2326,2018,0.082500003
2326,2019,0.082699999
2326,2020,0.082900003
2326,2021,0.071199998
2326,2022,0.074500002
2326,2023,0.074500002
2326,2024,0.084100001
2326,2025,0.084200002
2361,2006,0.081299998
2361,2007,0.081799999
2361,2008,0.076099999
2361,2009,0.093900003
2361,2010,0.089000002
2361,2011,0.096100003
2361,2012,0.088799998
2361,2013,0.0867
2361,2014,0.077799998
2361,2015,0.082500003
2361,2016,0.084700003
2361,2017,0.079099998
2361,2018,0.078900002
2361,2019,0.080200002
2361,2020,0.066
2361,2021,0.069600001
2361,2022,0.0713
2361,2023,0.066600002
2361,2024,0.070500001
2361,2025,0.0713
2380,2006,0.078900002
2380,2007,0.080300003
2380,2008,0.081799999
2380,2009,0.076800004
2380,2010,0.0779
2380,2011,0.081500001
2380,2012,0.081200004
2380,2013,0.083300002
2380,2014,0.081299998
2380,2015,0.076800004
2380,2016,0.075199999
2380,2017,0.075400002
2380,2018,0.076300003
2380,2019,0.077500001
2380,2020,0.067400001
2380,2021,0.066
2380,2022,0.068899997
2380,2023,0.0691
2380,2024,0.069899999
2380,2025,0.071900003
2401,2006,0.1064
2401,2007,0.1019
2401,2008,0.1045
2401,2009,0.1084
2401,2010,0.1049
2401,2011,0.1023
2401,2012,0.106
2401,2013,0.1062
2401,2014,0.098300003
2401,2015,0.1064
2401,2016,0.1007
2401,2017,0.096299998
2401,2018,0.085500002
2401,2019,0.090899996
2401,2020,0.080300003
2401,2021,0.091300003
2401,2022,0.076099999
2401,2023,0.082099997
2401,2024,0.071999997
2401,2025,0.086099997
2403,2006,0.1039
2403,2007,0.1178
2403,2008,0.1105
2403,2009,0.1177
2403,2010,0.1258
2403,2011,0.1078
2403,2012,0.115
2403,2013,0.1131
2403,2014,0.1129
2403,2015,0.113
2403,2016,0.0986
2403,2017,0.1004
2403,2018,0.075800002
2403,2019,0.081699997
2403,2020,0.0779
2403,2021,0.080300003
2403,2022,0.067000002
2403,2023,0.0678
2403,2024,0.080899999
2403,2025,0.075999998
2404,2006,0.1002
2404,2007,0.11
2404,2008,0.1174
2404,2009,0.1092
2404,2010,0.1082
2404,2011,0.1082
2404,2012,0.1065
2404,2013,0.118
2404,2014,0.104
2404,2015,0.1015
2404,2016,0.086900003
2404,2017,0.083800003
2404,2018,0.090099998
2404,2019,0.0933
2404,2020,0.092699997
2404,2021,0.082900003
2404,2022,0.089199997
2404,2023,0.074299999
2404,2024,0.071900003
2404,2025,0.088699996
2409,2006,0.091899998
2409,2007,0.093099996
2409,2008,0.096100003
2409,2009,0.096799999
2409,2010,0.0933
2409,2011,0.099600002
2409,2012,0.093199998
2409,2013,0.096699998
2409,2014,0.093099996
2409,2015,0.097000003
2409,2016,0.083700001
2409,2017,0.088
2409,2018,0.077
2409,2019,0.078500003
2409,2020,0.071400002
2409,2021,0.077500001
2409,2022,0.067500003
2409,2023,0.066799998
2409,2024,0.070200004
2409,2025,0.080600001
2417,2006,0.098099999
2417,2007,0.094499998
2417,2008,0.097599998
2417,2009,0.1083
2417,2010,0.097999997
2417,2011,0.0911
2417,2012,0.099600002
2417,2013,0.1037
2417,2014,0.085900001
2417,2015,0.089000002
2417,2016,0.0889
2417,2017,0.0792
2417,2018,0.075300001
2417,2019,0.080300003
2417,2020,0.085000001
2417,2021,0.085900001
2417,2022,0.080600001
2417,2023,0.084899999
2417,2024,0.0801
2417,2025,0.072300002
2418,2006,0.1102
2418,2007,0.1116
2418,2008,0.1061
2418,2009,0.1076
2418,2010,0.1095
2418,2011,0.1144
2418,2012,0.096500002
2418,2013,0.1001
2418,2014,0.1042
2418,2015,0.085199997
2418,2016,0.092600003
2418,2017,0.095100001
2418,2018,0.092500001
2418,2019,0.086900003
2418,2020,0.073899999
2418,2021,0.0889
2418,2022,0.082199998
2418,2023,0.083400004
2418,2024,0.071099997
2418,2025,0.091300003
2421,2006,0.090000004
2421,2007,0.1044
2421,2008,0.1046
2421,2009,0.1038
2421,2010,0.1108
2421,2011,0.1176
2421,2012,0.1059
2421,2013,0.093500003
2421,2014,0.1073
2421,2015,0.097000003
2421,2016,0.090300001
2421,2017,0.097400002
2421,2018,0.082800001
2421,2019,0.098399997
2421,2020,0.077799998
2421,2021,0.077299997
2421,2022,0.076099999
2421,2023,0.088600002
2421,2024,0.073399998
2421,2025,0.085299999
2422,2006,0.1219
2422,2007,0.1247
2422,2008,0.1203
2422,2009,0.1205
2422,2010,0.1239
2422,2011,0.1133
2422,2012,0.1083
2422,2013,0.1053
2422,2014,0.099799998
2422,2015,0.090400003
2422,2016,0.1052
2422,2017,0.1047
2422,2018,0.1044
2422,2019,0.096299998
2422,2020,0.089500003
2422,2021,0.085000001
2422,2022,0.089199997
2422,2023,0.096900001
2422,2024,0.091899998
2422,2025,0.074100003
2425,2006,0.1122
2425,2007,0.1044
2425,2008,0.1133
2425,2009,0.099299997
2425,2010,0.0977
2425,2011,0.1138
2425,2012,0.099799998
2425,2013,0.089100003
2425,2014,0.101
2425,2015,0.083700001
2425,2016,0.1032
2425,2017,0.091399997
2425,2018,0.091600001
2425,2019,0.094400004
2425,2020,0.085199997
2425,2021,0.086499996
2425,2022,0.0836
2425,2023,0.084700003
2425,2024,0.093599997
2425,2025,0.096199997
2460,2006,0.1001
2460,2007,0.090700001
2460,2008,0.087800004
2460,2009,0.091300003
2460,2010,0.096299998
2460,2011,0.092399999
2460,2012,0.094700001
2460,2013,0.098200001
2460,2014,0.099699996
2460,2015,0.089299999
2460,2016,0.086999997
2460,2017,0.082199998
2460,2018,0.082999997
2460,2019,0.078400001
2460,2020,0.076700002
2460,2021,0.075499997
2460,2022,0.067299999
2460,2023,0.070299998
2460,2024,0.0691
2460,2025,0.075999998
2462,2006,0.091700003
2462,2007,0.0845
2462,2008,0.094300002
2462,2009,0.093500003
2462,2010,0.0955
2462,2011,0.092900001
2462,2012,0.086900003
2462,2013,0.097999997
2462,2014,0.090800002
2462,2015,0.084299996
2462,2016,0.084100001
2462,2017,0.080899999
2462,2018,0.090400003
2462,2019,0.086400002
2462,2020,0.0845
2462,2021,0.087899998
2462,2022,0.086000003
2462,2023,0.079300001
2462,2024,0.083700001
2462,2025,0.082699999
2463,2006,0.0973
2463,2007,0.1021
2463,2008,0.097499996
2463,2009,0.106
2463,2010,0.1218
2463,2011,0.1085
2463,2012,0.098300003
2463,2013,0.109
2463,2014,0.089400001
2463,2015,0.083800003
2463,2016,0.085900001
2463,2017,0.086499996
2463,2018,0.083999999
2463,2019,0.065899998
2463,2020,0.077600002
2463,2021,0.086599998
2463,2022,0.076099999
2463,2023,0.0792
2463,2024,0.071599998
2463,2025,0.090400003
2480,2006,0.074299999
2480,2007,0.073600002
2480,2008,0.074699998
2480,2009,0.079300001
2480,2010,0.078400001
2480,2011,0.079300001
2480,2012,0.0779
2480,2013,0.077
2480,2014,0.075000003
2480,2015,0.070299998
2480,2016,0.068499997
2480,2017,0.0647
2480,2018,0.063699998
2480,2019,0.0634
2480,2020,0.0616
2480,2021,0.061000001
2480,2022,0.058600001
2480,2023,0.055199999
2480,2024,0.056699999
2480,2025,0.061500002
2481,2006,0.1064
2481,2007,0.1021
2481,2008,0.1032
2481,2009,0.1086
2481,2010,0.101
2481,2011,0.1039
2481,2012,0.1049
2481,2013,0.1053
2481,2014,0.1026
2481,2015,0.092200004
2481,2016,0.099100001
2481,2017,0.092600003
2481,2018,0.082699999
2481,2019,0.0876
2481,2020,0.087300003
2481,2021,0.07
2481,2022,0.076700002
2481,2023,0.076499999
2481,2024,0.0836
2481,2025,0.083800003
2482,2006,0.083700001
2482,2007,0.083899997
2482,2008,0.085500002
2482,2009,0.084600002
2482,2010,0.086999997
2482,2011,0.087300003
2482,2012,0.087800004
2482,2013,0.089699998
2482,2014,0.0854
2482,2015,0.091300003
2482,2016,0.083899997
2482,2017,0.082099997
2482,2018,0.081900001
2482,2019,0.081500001
2482,2020,0.075300001
2482,2021,0.0713
2482,2022,0.0682
2482,2023,0.062799998
2482,2024,0.059599999
2482,2025,0.071500003
2505,2006,0.1035
2505,2007,0.1043
2505,2008,0.1011
2505,2009,0.098800004
2505,2010,0.090999998
2505,2011,0.1022
2505,2012,0.091300003
2505,2013,0.086599998
2505,2014,0.087200001
2505,2015,0.089500003
2505,2016,0.073799998
2505,2017,0.071699999
2505,2018,0.080700003
2505,2019,0.078299999
2505,2020,0.071999997
2505,2021,0.073200002
2505,2022,0.0713
2505,2023,0.065099999
2505,2024,0.063299999
2505,2025,0.0678
2506,2006,0.1033
2506,2007,0.095100001
2506,2008,0.1043
2506,2009,0.090000004
2506,2010,0.103
2506,2011,0.1172
2506,2012,0.1167
2506,2013,0.096699998
2506,2014,0.090000004
2506,2015,0.088399999
2506,2016,0.098800004
2506,2017,0.078400001
2506,2018,0.082500003
2506,2019,0.072099999
2506,2020,0.075099997
2506,2021,0.085699998
2506,2022,0.0788
2506,2023,0.073299997
2506,2024,0.085199997
2506,2025,0.068499997
2510,2006,0.095899999
2510,2007,0.099799998
2510,2008,0.087499999
2510,2009,0.086199999
2510,2010,0.090400003
2510,2011,0.086900003
2510,2012,0.089599997
2510,2013,0.0933
2510,2014,0.0836
2510,2015,0.086599998
2510,2016,0.078699999
2510,2017,0.087800004
2510,2018,0.0942
2510,2019,0.081200004
2510,2020,0.0713
2510,2021,0.074500002
2510,2022,0.075499997
2510,2023,0.080300003
2510,2024,0.072300002
2510,2025,0.068599999
2513,2006,0.1248
2513,2007,0.1189
2513,2008,0.1109
2513,2009,0.096699998
2513,2010,0.1109
2513,2011,0.1163
2513,2012,0.1027
2513,2013,0.1067
2513,2014,0.1071
2513,2015,0.098300003
2513,2016,0.1144
2513,2017,0.098200001
2513,2018,0.1096
2513,2019,0.1064
2513,2020,0.097599998
2513,2021,0.093999997
2513,2022,0.090999998
2513,2023,0.078400001
2513,2024,0.082500003
2513,2025,0.081799999
2514,2006,0.098899998
2514,2007,0.090599999
2514,2008,0.093900003
2514,2009,0.088799998
2514,2010,0.096000001
2514,2011,0.091200002
2514,2012,0.094899997
2514,2013,0.093099996
2514,2014,0.093599997
2514,2015,0.091499999
2514,2016,0.086599998
2514,2017,0.079400003
2514,2018,0.077600002
2514,2019,0.074600004
2514,2020,0.069899999
2514,2021,0.071000002
2514,2022,0.064499997
2514,2023,0.071400002
2514,2024,0.069799997
2514,2025,0.068499997
2518,2006,0.1106
2518,2007,0.1148
2518,2008,0.1086
2518,2009,0.101
2518,2010,0.1105
2518,2011,0.1076
2518,2012,0.1037
2518,2013,0.099799998
2518,2014,0.1048
2518,2015,0.095700003
2518,2016,0.1067
2518,2017,0.1009
2518,2018,0.097000003
2518,2019,0.092299998
2518,2020,0.084899999
2518,2021,0.078599997
2518,2022,0.079800002
2518,2023,0.083800003
2518,2024,0.073399998
2518,2025,0.077699997
2521,2006,0.1013
2521,2007,0.097800002
2521,2008,0.095299996
2521,2009,0.097999997
2521,2010,0.1033
2521,2011,0.1087
2521,2012,0.109
2521,2013,0.1045
2521,2014,0.1022
2521,2015,0.1054
2521,2016,0.1054
2521,2017,0.094599999
2521,2018,0.097099997
2521,2019,0.096500002
2521,2020,0.091899998
2521,2021,0.085900001
2521,2022,0.083899997
2521,2023,0.084100001
2521,2024,0.0823
2521,2025,0.082999997
2523,2006,0.095100001
2523,2007,0.089199997
2523,2008,0.084700003
2523,2009,0.090000004
2523,2010,0.086900003
2523,2011,0.095100001
2523,2012,0.089400001
2523,2013,0.093999997
2523,2014,0.092200004
2523,2015,0.088399999
2523,2016,0.091700003
2523,2017,0.081600003
2523,2018,0.081699997
2523,2019,0.078400001
2523,2020,0.072700001
2523,2021,0.074000001
2523,2022,0.073200002
2523,2023,0.070299998
2523,2024,0.070100002
2523,2025,0.064199999
2560,2006,0.092299998
2560,2007,0.092500001
2560,2008,0.084799998
2560,2009,0.097900003
2560,2010,0.096799999
2560,2011,0.096000001
2560,2012,0.098899998
2560,2013,0.092600003
2560,2014,0.086800002
2560,2015,0.086900003
2560,2016,0.0854
2560,2017,0.075499997
2560,2018,0.075499997
2560,2019,0.076300003
2560,2020,0.064000003
2560,2021,0.078199998
2560,2022,0.062199999
2560,2023,0.067599997
2560,2024,0.069700003
2560,2025,0.065499999
2580,2006,0.078199998
2580,2007,0.078500003
2580,2008,0.076800004
2580,2009,0.081299998
2580,2010,0.081200004
2580,2011,0.079999998
2580,2012,0.082199998
2580,2013,0.079700001
2580,2014,0.073899999
2580,2015,0.074000001
2580,2016,0.074299999
2580,2017,0.0656
2580,2018,0.063199997
2580,2019,0.064000003
2580,2020,0.058699999
2580,2021,0.061700001
2580,2022,0.0572
2580,2023,0.053100001
2580,2024,0.051399998
2580,2025,0.051800001
2581,2006,0.0788
2581,2007,0.079999998
2581,2008,0.078100003
2581,2009,0.078500003
2581,2010,0.081799999
2581,2011,0.082500003
2581,2012,0.084200002
2581,2013,0.078599997
2581,2014,0.076800004
2581,2015,0.074900001
2581,2016,0.070500001
2581,2017,0.069700003
2581,2018,0.066699997
2581,2019,0.0669
2581,2020,0.062100001
2581,2021,0.062600002
2581,2022,0.0603
2581,2023,0.059599999
2581,2024,0.0614
2581,2025,0.060199998
2582,2006,0.089400001
2582,2007,0.086900003
2582,2008,0.084399998
2582,2009,0.088299997
2582,2010,0.096100003
2582,2011,0.092799999
2582,2012,0.091899998
2582,2013,0.091700003
2582,2014,0.085199997
2582,2015,0.082000002
2582,2016,0.082800001
2582,2017,0.077799998
2582,2018,0.075300001
2582,2019,0.069399998
2582,2020,0.069799997
2582,2021,0.071500003
2582,2022,0.0647
2582,2023,0.0605
2582,2024,0.060199998
2582,2025,0.055199999
2583,2006,0.1001
2583,2007,0.1024
2583,2008,0.0955
2583,2009,0.092200004
2583,2010,0.089199997
2583,2011,0.081900001
2583,2012,0.084299996
2583,2013,0.077500001
2583,2014,0.087399997
2583,2015,0.085100003
2583,2016,0.078699999
2583,2017,0.078199998
2583,2018,0.07
2583,2019,0.073700003
2583,2020,0.068099998
2583,2021,0.063199997
2583,2022,0.0579
2583,2023,0.073399998
2583,2024,0.072099999
2583,2025,0.070799999
2584,2006,0.079800002
2584,2007,0.076899998
2584,2008,0.07
2584,2009,0.072800003
2584,2010,0.075999998
2584,2011,0.075599998
2584,2012,0.073399998
2584,2013,0.076800004
2584,2014,0.075800002
2584,2015,0.072400004
2584,2016,0.065800004
2584,2017,0.062700003
2584,2018,0.064199999
2584,2019,0.068300001
2584,2020,0.062700003
2584,2021,0.062199999
2584,2022,0.063100003
2584,2023,0.061299998
2584,2024,0.063900001
2584,2025,0.060800001
