kommun,year,andel_antidepressiv_man
0114,2006,0.045299999
0114,2007,0.0491
0114,2008,0.047800001
0114,2009,0.046700001
0114,2010,0.048700001
0114,2011,0.0504
0114,2012,0.0513
0114,2013,0.053599998
0114,2014,0.054000001
0114,2015,0.0546
0114,2016,0.055199999
0114,2017,0.053199999
0114,2018,0.0546
0114,2019,0.056600001
0114,2020,0.059300002
0114,2021,0.060699999
0114,2022,0.0612
0114,2023,0.061299998
0114,2024,0.064999998
0114,2025,0.065800004
0115,2006,0.046300001
0115,2007,0.045499999
0115,2008,0.0449
0115,2009,0.048799999
0115,2010,0.048300002
0115,2011,0.0504
0115,2012,0.053100001
0115,2013,0.0581
0115,2014,0.059099998
0115,2015,0.059099998
0115,2016,0.061700001
0115,2017,0.061000001
0115,2018,0.063100003
0115,2019,0.065099999
0115,2020,0.067900002
0115,2021,0.071000002
0115,2022,0.072300002
0115,2023,0.075900003
0115,2024,0.076200001
0115,2025,0.078599997
0117,2006,0.045899998
0117,2007,0.046999998
0117,2008,0.0484
0117,2009,0.046
0117,2010,0.046
0117,2011,0.0504
0117,2012,0.053300001
0117,2013,0.055100001
0117,2014,0.059300002
0117,2015,0.062700003
0117,2016,0.064400002
0117,2017,0.066699997
0117,2018,0.068300001
0117,2019,0.069899999
0117,2020,0.067699999
0117,2021,0.069600001
0117,2022,0.070100002
0117,2023,0.071599998
0117,2024,0.071599998
0117,2025,0.074600004
0120,2006,0.038600001
0120,2007,0.038899999
0120,2008,0.0385
0120,2009,0.041099999
0120,2010,0.0403
0120,2011,0.043299999
0120,2012,0.045600001
0120,2013,0.048500001
0120,2014,0.049199998
0120,2015,0.051399998
0120,2016,0.051199999
0120,2017,0.048999999
0120,2018,0.052299999
0120,2019,0.052499998
0120,2020,0.054900002
0120,2021,0.058499999
0120,2022,0.061099999
0120,2023,0.063600004
0120,2024,0.066600002
0120,2025,0.0656
0123,2006,0.043099999
0123,2007,0.042800002
0123,2008,0.042599998
0123,2009,0.041700002
0123,2010,0.042199999
0123,2011,0.043400001
0123,2012,0.045000002
0123,2013,0.045600001
0123,2014,0.0473
0123,2015,0.047200002
0123,2016,0.048500001
0123,2017,0.050999999
0123,2018,0.050299998
0123,2019,0.051899999
0123,2020,0.052299999
0123,2021,0.054200001
0123,2022,0.056699999
0123,2023,0.059099998
0123,2024,0.0605
0123,2025,0.061000001
0125,2006,0.036800001
0125,2007,0.035500001
0125,2008,0.036200002
0125,2009,0.039299998
0125,2010,0.042100001
0125,2011,0.0458
0125,2012,0.046300001
0125,2013,0.0447
0125,2014,0.050299998
0125,2015,0.050799999
0125,2016,0.053199999
0125,2017,0.052900001
0125,2018,0.054699998
0125,2019,0.057500001
0125,2020,0.057300001
0125,2021,0.058800001
0125,2022,0.0612
0125,2023,0.062700003
0125,2024,0.064199999
0125,2025,0.064900003
0126,2006,0.039700001
0126,2007,0.039700001
0126,2008,0.040100001
0126,2009,0.040399998
0126,2010,0.0405
0126,2011,0.041999999
0126,2012,0.042199999
0126,2013,0.042399999
0126,2014,0.045600001
0126,2015,0.0473
0126,2016,0.047600001
0126,2017,0.047600001
0126,2018,0.048900001
0126,2019,0.049800001
0126,2020,0.050299998
0126,2021,0.051800001
0126,2022,0.0526
0126,2023,0.054200001
0126,2024,0.055799998
0126,2025,0.057700001
0127,2006,0.042100001
0127,2007,0.042300001
0127,2008,0.041299999
0127,2009,0.040899999
0127,2010,0.038899999
0127,2011,0.037700001
0127,2012,0.040100001
0127,2013,0.039700001
0127,2014,0.0414
0127,2015,0.0436
0127,2016,0.044500001
0127,2017,0.0438
0127,2018,0.045299999
0127,2019,0.046300001
0127,2020,0.046500001
0127,2021,0.048
0127,2022,0.048599999
0127,2023,0.049199998
0127,2024,0.052499998
0127,2025,0.054299999
0128,2006,0.038800001
0128,2007,0.041700002
0128,2008,0.039000001
0128,2009,0.038800001
0128,2010,0.041200001
0128,2011,0.043699998
0128,2012,0.043299999
0128,2013,0.046300001
0128,2014,0.0473
0128,2015,0.050799999
0128,2016,0.048599999
0128,2017,0.047699999
0128,2018,0.048099998
0128,2019,0.049199998
0128,2020,0.0504
0128,2021,0.050700001
0128,2022,0.0506
0128,2023,0.050099999
0128,2024,0.057
0128,2025,0.056699999
0136,2006,0.046599999
0136,2007,0.046799999
0136,2008,0.045200001
0136,2009,0.0471
0136,2010,0.046999998
0136,2011,0.0471
0136,2012,0.0482
0136,2013,0.049699999
0136,2014,0.051399998
0136,2015,0.051600002
0136,2016,0.054099999
0136,2017,0.052900001
0136,2018,0.053399999
0136,2019,0.055599999
0136,2020,0.054900002
0136,2021,0.055799998
0136,2022,0.056899998
0136,2023,0.059
0136,2024,0.060600001
0136,2025,0.0623
0138,2006,0.036699999
0138,2007,0.037
0138,2008,0.038800001
0138,2009,0.0416
0138,2010,0.043499999
0138,2011,0.046100002
0138,2012,0.045899998
0138,2013,0.0491
0138,2014,0.051800001
0138,2015,0.0546
0138,2016,0.058899999
0138,2017,0.057
0138,2018,0.058499999
0138,2019,0.062100001
0138,2020,0.062799998
0138,2021,0.063600004
0138,2022,0.067100003
0138,2023,0.068999998
0138,2024,0.0713
0138,2025,0.073299997
0139,2006,0.045000002
0139,2007,0.0451
0139,2008,0.0438
0139,2009,0.043699998
0139,2010,0.0458
0139,2011,0.044199999
0139,2012,0.043699998
0139,2013,0.045499999
0139,2014,0.046399999
0139,2015,0.048999999
0139,2016,0.0504
0139,2017,0.049199998
0139,2018,0.046100002
0139,2019,0.047400001
0139,2020,0.047899999
0139,2021,0.053399999
0139,2022,0.054299999
0139,2023,0.056000002
0139,2024,0.0557
0139,2025,0.058899999
0140,2006,0.0337
0140,2007,0.0339
0140,2008,0.0339
0140,2009,0.032600001
0140,2010,0.0374
0140,2011,0.038699999
0140,2012,0.041299999
0140,2013,0.0427
0140,2014,0.048
0140,2015,0.046999998
0140,2016,0.045600001
0140,2017,0.044199999
0140,2018,0.045400001
0140,2019,0.046300001
0140,2020,0.047499999
0140,2021,0.048599999
0140,2022,0.049600001
0140,2023,0.054200001
0140,2024,0.056899998
0140,2025,0.056400001
0160,2006,0.043200001
0160,2007,0.0436
0160,2008,0.043900002
0160,2009,0.044300001
0160,2010,0.043499999
0160,2011,0.045299999
0160,2012,0.047699999
0160,2013,0.049199998
0160,2014,0.052200001
0160,2015,0.056000002
0160,2016,0.056499999
0160,2017,0.057999998
0160,2018,0.0612
0160,2019,0.0623
0160,2020,0.064199999
0160,2021,0.067400001
0160,2022,0.068400003
0160,2023,0.068499997
0160,2024,0.072899997
0160,2025,0.0722
0162,2006,0.043299999
0162,2007,0.044799998
0162,2008,0.044100001
0162,2009,0.043000001
0162,2010,0.041999999
0162,2011,0.0418
0162,2012,0.043699998
0162,2013,0.044399999
0162,2014,0.047499999
0162,2015,0.0524
0162,2016,0.053199999
0162,2017,0.051100001
0162,2018,0.050799999
0162,2019,0.0528
0162,2020,0.0546
0162,2021,0.0535
0162,2022,0.057700001
0162,2023,0.057100002
0162,2024,0.057999998
0162,2025,0.059500001
0163,2006,0.039000001
0163,2007,0.0392
0163,2008,0.0416
0163,2009,0.0414
0163,2010,0.041299999
0163,2011,0.041499998
0163,2012,0.041299999
0163,2013,0.042399999
0163,2014,0.0449
0163,2015,0.0471
0163,2016,0.0493
0163,2017,0.050000001
0163,2018,0.052099999
0163,2019,0.0537
0163,2020,0.0539
0163,2021,0.0548
0163,2022,0.058800001
0163,2023,0.058699999
0163,2024,0.060699999
0163,2025,0.062600002
0180,2006,0.048700001
0180,2007,0.0493
0180,2008,0.048999999
0180,2009,0.048599999
0180,2010,0.048999999
0180,2011,0.050099999
0180,2012,0.050700001
0180,2013,0.052200001
0180,2014,0.054400001
0180,2015,0.057100002
0180,2016,0.057799999
0180,2017,0.058699999
0180,2018,0.0601
0180,2019,0.061700001
0180,2020,0.0625
0180,2021,0.064499997
0180,2022,0.067400001
0180,2023,0.069200002
0180,2024,0.070900001
0180,2025,0.072700001
0181,2006,0.043900002
0181,2007,0.043499999
0181,2008,0.0438
0181,2009,0.042300001
0181,2010,0.0436
0181,2011,0.043200001
0181,2012,0.044199999
0181,2013,0.046500001
0181,2014,0.047499999
0181,2015,0.050299998
0181,2016,0.049800001
0181,2017,0.049400002
0181,2018,0.0493
0181,2019,0.050700001
0181,2020,0.047899999
0181,2021,0.048999999
0181,2022,0.049800001
0181,2023,0.051600002
0181,2024,0.053300001
0181,2025,0.055599999
0182,2006,0.038800001
0182,2007,0.040100001
0182,2008,0.0392
0182,2009,0.040399998
0182,2010,0.0405
0182,2011,0.042300001
0182,2012,0.043099999
0182,2013,0.0447
0182,2014,0.046999998
0182,2015,0.048799999
0182,2016,0.0493
0182,2017,0.048500001
0182,2018,0.049899999
0182,2019,0.0524
0182,2020,0.054200001
0182,2021,0.0546
0182,2022,0.057799999
0182,2023,0.059099998
0182,2024,0.061900001
0182,2025,0.064499997
0183,2006,0.0528
0183,2007,0.054299999
0183,2008,0.054200001
0183,2009,0.051899999
0183,2010,0.052900001
0183,2011,0.050900001
0183,2012,0.0506
0183,2013,0.049800001
0183,2014,0.052499998
0183,2015,0.0539
0183,2016,0.052499998
0183,2017,0.0539
0183,2018,0.052900001
0183,2019,0.054000001
0183,2020,0.056000002
0183,2021,0.058699999
0183,2022,0.059599999
0183,2023,0.0616
0183,2024,0.063699998
0183,2025,0.064499997
0184,2006,0.046999998
0184,2007,0.046799999
0184,2008,0.045400001
0184,2009,0.046399999
0184,2010,0.044500001
0184,2011,0.045000002
0184,2012,0.0451
0184,2013,0.046599999
0184,2014,0.047899999
0184,2015,0.0513
0184,2016,0.053199999
0184,2017,0.0537
0184,2018,0.053399999
0184,2019,0.0546
0184,2020,0.055500001
0184,2021,0.055799998
0184,2022,0.057300001
0184,2023,0.0592
0184,2024,0.061999999
0184,2025,0.064300001
0186,2006,0.0425
0186,2007,0.043400001
0186,2008,0.0458
0186,2009,0.045899998
0186,2010,0.044599999
0186,2011,0.048
0186,2012,0.049699999
0186,2013,0.049400002
0186,2014,0.052000001
0186,2015,0.054099999
0186,2016,0.0546
0186,2017,0.055100001
0186,2018,0.057300001
0186,2019,0.059799999
0186,2020,0.0625
0186,2021,0.065499999
0186,2022,0.068899997
0186,2023,0.071699999
0186,2024,0.076099999
0186,2025,0.0766
0187,2006,0.045000002
0187,2007,0.044399999
0187,2008,0.042300001
0187,2009,0.041200001
0187,2010,0.043000001
0187,2011,0.044599999
0187,2012,0.0473
0187,2013,0.046399999
0187,2014,0.050999999
0187,2015,0.0502
0187,2016,0.0517
0187,2017,0.050299998
0187,2018,0.054499999
0187,2019,0.0581
0187,2020,0.061299998
0187,2021,0.064999998
0187,2022,0.067000002
0187,2023,0.068300001
0187,2024,0.069300003
0187,2025,0.067299999
0188,2006,0.0471
0188,2007,0.047899999
0188,2008,0.047699999
0188,2009,0.0495
0188,2010,0.0517
0188,2011,0.054099999
0188,2012,0.054900002
0188,2013,0.062799998
0188,2014,0.062199999
0188,2015,0.065700002
0188,2016,0.067599997
0188,2017,0.070799999
0188,2018,0.072999999
0188,2019,0.076399997
0188,2020,0.076200001
0188,2021,0.0766
0188,2022,0.078699999
0188,2023,0.083099999
0188,2024,0.086800002
0188,2025,0.088699996
0191,2006,0.045499999
0191,2007,0.045699999
0191,2008,0.0471
0191,2009,0.045299999
0191,2010,0.0451
0191,2011,0.0471
0191,2012,0.045400001
0191,2013,0.046500001
0191,2014,0.047800001
0191,2015,0.048799999
0191,2016,0.050799999
0191,2017,0.049699999
0191,2018,0.051399998
0191,2019,0.051399998
0191,2020,0.0513
0191,2021,0.051600002
0191,2022,0.052499998
0191,2023,0.052000001
0191,2024,0.052700002
0191,2025,0.053800002
0192,2006,0.044300001
0192,2007,0.046599999
0192,2008,0.043900002
0192,2009,0.046100002
0192,2010,0.046700001
0192,2011,0.0462
0192,2012,0.048500001
0192,2013,0.047899999
0192,2014,0.051100001
0192,2015,0.052999999
0192,2016,0.0546
0192,2017,0.056000002
0192,2018,0.059300002
0192,2019,0.060699999
0192,2020,0.065800004
0192,2021,0.064900003
0192,2022,0.065700002
0192,2023,0.067599997
0192,2024,0.067299999
0192,2025,0.067699999
0305,2006,0.041900001
0305,2007,0.041499998
0305,2008,0.0425
0305,2009,0.041099999
0305,2010,0.043299999
0305,2011,0.045299999
0305,2012,0.0462
0305,2013,0.049800001
0305,2014,0.052900001
0305,2015,0.0524
0305,2016,0.0528
0305,2017,0.057799999
0305,2018,0.058499999
0305,2019,0.057599999
0305,2020,0.0583
0305,2021,0.062700003
0305,2022,0.064999998
0305,2023,0.067100003
0305,2024,0.069399998
0305,2025,0.067199998
0319,2006,0.052499998
0319,2007,0.052099999
0319,2008,0.052999999
0319,2009,0.054699998
0319,2010,0.053300001
0319,2011,0.054000001
0319,2012,0.055100001
0319,2013,0.057399999
0319,2014,0.063900001
0319,2015,0.059
0319,2016,0.057399999
0319,2017,0.063199997
0319,2018,0.064099997
0319,2019,0.071000002
0319,2020,0.068300001
0319,2021,0.072499998
0319,2022,0.075000003
0319,2023,0.080600001
0319,2024,0.077799998
0319,2025,0.083400004
0330,2006,0.0414
0330,2007,0.036800001
0330,2008,0.037999999
0330,2009,0.039299998
0330,2010,0.040199999
0330,2011,0.0418
0330,2012,0.0473
0330,2013,0.0484
0330,2014,0.0515
0330,2015,0.052700002
0330,2016,0.052200001
0330,2017,0.054699998
0330,2018,0.055399999
0330,2019,0.0568
0330,2020,0.059599999
0330,2021,0.062399998
0330,2022,0.066399999
0330,2023,0.070500001
0330,2024,0.073200002
0330,2025,0.074000001
0331,2006,0.057
0331,2007,0.053599998
0331,2008,0.058800001
0331,2009,0.058499999
0331,2010,0.058699999
0331,2011,0.058699999
0331,2012,0.065200001
0331,2013,0.066200003
0331,2014,0.065700002
0331,2015,0.066200003
0331,2016,0.0682
0331,2017,0.0744
0331,2018,0.071599998
0331,2019,0.078199998
0331,2020,0.077500001
0331,2021,0.075499997
0331,2022,0.080600001
0331,2023,0.078900002
0331,2024,0.079800002
0331,2025,0.079899997
0360,2006,0.055100001
0360,2007,0.056000002
0360,2008,0.057700001
0360,2009,0.058699999
0360,2010,0.056699999
0360,2011,0.0561
0360,2012,0.0568
0360,2013,0.0612
0360,2014,0.066399999
0360,2015,0.066299997
0360,2016,0.067500003
0360,2017,0.069600001
0360,2018,0.071800001
0360,2019,0.0788
0360,2020,0.077699997
0360,2021,0.079800002
0360,2022,0.0836
0360,2023,0.090099998
0360,2024,0.092100002
0360,2025,0.095100001
0380,2006,0.0568
0380,2007,0.0572
0380,2008,0.056299999
0380,2009,0.0559
0380,2010,0.056600001
0380,2011,0.0583
0380,2012,0.059799999
0380,2013,0.0616
0380,2014,0.064400002
0380,2015,0.067000002
0380,2016,0.068499997
0380,2017,0.068099998
0380,2018,0.0704
0380,2019,0.072700001
0380,2020,0.074500002
0380,2021,0.076399997
0380,2022,0.079999998
0380,2023,0.082599998
0380,2024,0.084200002
0380,2025,0.086400002
0381,2006,0.052099999
0381,2007,0.054200001
0381,2008,0.052200001
0381,2009,0.053199999
0381,2010,0.056000002
0381,2011,0.056899998
0381,2012,0.0601
0381,2013,0.061000001
0381,2014,0.064000003
0381,2015,0.063500002
0381,2016,0.064000003
0381,2017,0.064099997
0381,2018,0.0647
0381,2019,0.067199998
0381,2020,0.0704
0381,2021,0.0735
0381,2022,0.0744
0381,2023,0.076300003
0381,2024,0.080899999
0381,2025,0.083700001
0382,2006,0.053599998
0382,2007,0.057399999
0382,2008,0.058800001
0382,2009,0.054299999
0382,2010,0.057500001
0382,2011,0.057300001
0382,2012,0.059
0382,2013,0.060199998
0382,2014,0.059999999
0382,2015,0.059
0382,2016,0.064499997
0382,2017,0.067699999
0382,2018,0.071099997
0382,2019,0.071699999
0382,2020,0.073200002
0382,2021,0.076800004
0382,2022,0.081500001
0382,2023,0.088200003
0382,2024,0.087899998
0382,2025,0.090000004
0428,2006,0.058899999
0428,2007,0.0594
0428,2008,0.058899999
0428,2009,0.060400002
0428,2010,0.059500001
0428,2011,0.057
0428,2012,0.061999999
0428,2013,0.067400001
0428,2014,0.063699998
0428,2015,0.063100003
0428,2016,0.065800004
0428,2017,0.0656
0428,2018,0.0669
0428,2019,0.067900002
0428,2020,0.069700003
0428,2021,0.073700003
0428,2022,0.075000003
0428,2023,0.0788
0428,2024,0.084399998
0428,2025,0.092699997
0461,2006,0.0471
0461,2007,0.044799998
0461,2008,0.043699998
0461,2009,0.0425
0461,2010,0.042800002
0461,2011,0.048599999
0461,2012,0.048700001
0461,2013,0.0539
0461,2014,0.0568
0461,2015,0.057100002
0461,2016,0.059799999
0461,2017,0.0605
0461,2018,0.061900001
0461,2019,0.063100003
0461,2020,0.063699998
0461,2021,0.073100001
0461,2022,0.071800001
0461,2023,0.0766
0461,2024,0.076399997
0461,2025,0.080799997
0480,2006,0.0517
0480,2007,0.0537
0480,2008,0.053800002
0480,2009,0.053100001
0480,2010,0.0535
0480,2011,0.055799998
0480,2012,0.056699999
0480,2013,0.058499999
0480,2014,0.063199997
0480,2015,0.066799998
0480,2016,0.068099998
0480,2017,0.069399998
0480,2018,0.070299998
0480,2019,0.071000002
0480,2020,0.073700003
0480,2021,0.078900002
0480,2022,0.080399998
0480,2023,0.083499998
0480,2024,0.083499998
0480,2025,0.085600004
0481,2006,0.058200002
0481,2007,0.061299998
0481,2008,0.058899999
0481,2009,0.0605
0481,2010,0.0605
0481,2011,0.062399998
0481,2012,0.0647
0481,2013,0.064499997
0481,2014,0.0691
0481,2015,0.0669
0481,2016,0.065700002
0481,2017,0.068800002
0481,2018,0.068800002
0481,2019,0.073700003
0481,2020,0.076700002
0481,2021,0.082699999
0481,2022,0.086800002
0481,2023,0.089000002
0481,2024,0.0889
0481,2025,0.090800002
0482,2006,0.0524
0482,2007,0.052499998
0482,2008,0.054299999
0482,2009,0.055599999
0482,2010,0.055199999
0482,2011,0.057500001
0482,2012,0.061799999
0482,2013,0.060699999
0482,2014,0.061900001
0482,2015,0.0616
0482,2016,0.062199999
0482,2017,0.061700001
0482,2018,0.062799998
0482,2019,0.065800004
0482,2020,0.072800003
0482,2021,0.0744
0482,2022,0.076200001
0482,2023,0.081299998
0482,2024,0.083400004
0482,2025,0.083999999
0483,2006,0.055399999
0483,2007,0.055199999
0483,2008,0.053399999
0483,2009,0.052700002
0483,2010,0.052499998
0483,2011,0.0546
0483,2012,0.057999998
0483,2013,0.059799999
0483,2014,0.059300002
0483,2015,0.060199998
0483,2016,0.062600002
0483,2017,0.065099999
0483,2018,0.0647
0483,2019,0.064999998
0483,2020,0.066799998
0483,2021,0.069499999
0483,2022,0.073399998
0483,2023,0.078599997
0483,2024,0.080799997
0483,2025,0.082800001
0484,2006,0.052700002
0484,2007,0.051800001
0484,2008,0.051100001
0484,2009,0.049899999
0484,2010,0.0526
0484,2011,0.0539
0484,2012,0.055500001
0484,2013,0.056899998
0484,2014,0.059700001
0484,2015,0.062799998
0484,2016,0.061299998
0484,2017,0.061099999
0484,2018,0.062799998
0484,2019,0.063600004
0484,2020,0.064599998
0484,2021,0.0656
0484,2022,0.067100003
0484,2023,0.069200002
0484,2024,0.071599998
0484,2025,0.0722
0486,2006,0.0482
0486,2007,0.047899999
0486,2008,0.0458
0486,2009,0.048300002
0486,2010,0.048999999
0486,2011,0.0515
0486,2012,0.055300001
0486,2013,0.059700001
0486,2014,0.062100001
0486,2015,0.062600002
0486,2016,0.069700003
0486,2017,0.069700003
0486,2018,0.07
0486,2019,0.070100002
0486,2020,0.069899999
0486,2021,0.072999999
0486,2022,0.073600002
0486,2023,0.076899998
0486,2024,0.080399998
0486,2025,0.080899999
0488,2006,0.042800002
0488,2007,0.0425
0488,2008,0.039500002
0488,2009,0.043000001
0488,2010,0.049600001
0488,2011,0.044300001
0488,2012,0.051100001
0488,2013,0.048599999
0488,2014,0.0484
0488,2015,0.053300001
0488,2016,0.055199999
0488,2017,0.056499999
0488,2018,0.061700001
0488,2019,0.061999999
0488,2020,0.0634
0488,2021,0.064400002
0488,2022,0.069300003
0488,2023,0.069799997
0488,2024,0.075900003
0488,2025,0.0744
0509,2006,0.046500001
0509,2007,0.047200002
0509,2008,0.044399999
0509,2009,0.0414
0509,2010,0.046300001
0509,2011,0.053199999
0509,2012,0.0548
0509,2013,0.057599999
0509,2014,0.060600001
0509,2015,0.057999998
0509,2016,0.061000001
0509,2017,0.060199998
0509,2018,0.064099997
0509,2019,0.0704
0509,2020,0.074000001
0509,2021,0.081200004
0509,2022,0.082800001
0509,2023,0.086599998
0509,2024,0.0898
0509,2025,0.091499999
0512,2006,0.0535
0512,2007,0.050900001
0512,2008,0.0546
0512,2009,0.0537
0512,2010,0.048300002
0512,2011,0.0535
0512,2012,0.059700001
0512,2013,0.058499999
0512,2014,0.057
0512,2015,0.061900001
0512,2016,0.063000001
0512,2017,0.070500001
0512,2018,0.075099997
0512,2019,0.075999998
0512,2020,0.082599998
0512,2021,0.0902
0512,2022,0.1008
0512,2023,0.1069
0512,2024,0.1051
0512,2025,0.1061
0513,2006,0.045699999
0513,2007,0.047600001
0513,2008,0.045499999
0513,2009,0.0491
0513,2010,0.053300001
0513,2011,0.055799998
0513,2012,0.059500001
0513,2013,0.0669
0513,2014,0.070699997
0513,2015,0.067199998
0513,2016,0.070600003
0513,2017,0.071099997
0513,2018,0.074699998
0513,2019,0.0792
0513,2020,0.083700001
0513,2021,0.0801
0513,2022,0.083300002
0513,2023,0.086000003
0513,2024,0.084700003
0513,2025,0.085000001
0560,2006,0.052000001
0560,2007,0.055100001
0560,2008,0.056600001
0560,2009,0.053800002
0560,2010,0.063500002
0560,2011,0.057300001
0560,2012,0.060600001
0560,2013,0.058400001
0560,2014,0.065399997
0560,2015,0.067599997
0560,2016,0.064800002
0560,2017,0.068999998
0560,2018,0.072300002
0560,2019,0.074199997
0560,2020,0.073600002
0560,2021,0.077
0560,2022,0.079999998
0560,2023,0.085699998
0560,2024,0.091700003
0560,2025,0.093699999
0561,2006,0.044799998
0561,2007,0.047699999
0561,2008,0.047899999
0561,2009,0.048500001
0561,2010,0.054099999
0561,2011,0.055500001
0561,2012,0.056299999
0561,2013,0.062899999
0561,2014,0.062700003
0561,2015,0.063900001
0561,2016,0.070200004
0561,2017,0.073200002
0561,2018,0.0792
0561,2019,0.081100002
0561,2020,0.082400002
0561,2021,0.083899997
0561,2022,0.088799998
0561,2023,0.095299996
0561,2024,0.1007
0561,2025,0.1011
0562,2006,0.044500001
0562,2007,0.042599998
0562,2008,0.045400001
0562,2009,0.046599999
0562,2010,0.0484
0562,2011,0.0517
0562,2012,0.0539
0562,2013,0.052000001
0562,2014,0.055599999
0562,2015,0.053300001
0562,2016,0.055199999
0562,2017,0.0561
0562,2018,0.057700001
0562,2019,0.0614
0562,2020,0.0638
0562,2021,0.065300003
0562,2022,0.069799997
0562,2023,0.073899999
0562,2024,0.077100001
0562,2025,0.079499997
0563,2006,0.052499998
0563,2007,0.049699999
0563,2008,0.051600002
0563,2009,0.053300001
0563,2010,0.053599998
0563,2011,0.054200001
0563,2012,0.0603
0563,2013,0.063199997
0563,2014,0.064099997
0563,2015,0.062100001
0563,2016,0.062700003
0563,2017,0.0616
0563,2018,0.066
0563,2019,0.067599997
0563,2020,0.074100003
0563,2021,0.073799998
0563,2022,0.079400003
0563,2023,0.083400004
0563,2024,0.0876
0563,2025,0.092500001
0580,2006,0.047200002
0580,2007,0.047699999
0580,2008,0.047200002
0580,2009,0.047400001
0580,2010,0.048900001
0580,2011,0.0502
0580,2012,0.0513
0580,2013,0.052099999
0580,2014,0.053599998
0580,2015,0.055100001
0580,2016,0.055300001
0580,2017,0.055100001
0580,2018,0.058200002
0580,2019,0.0616
0580,2020,0.064199999
0580,2021,0.067699999
0580,2022,0.070200004
0580,2023,0.072999999
0580,2024,0.077100001
0580,2025,0.077600002
0581,2006,0.047899999
0581,2007,0.050099999
0581,2008,0.0502
0581,2009,0.051399998
0581,2010,0.051600002
0581,2011,0.0526
0581,2012,0.0539
0581,2013,0.056000002
0581,2014,0.0579
0581,2015,0.058499999
0581,2016,0.0583
0581,2017,0.059500001
0581,2018,0.060800001
0581,2019,0.063299999
0581,2020,0.064300001
0581,2021,0.065899998
0581,2022,0.0691
0581,2023,0.072499998
0581,2024,0.075199999
0581,2025,0.076499999
0582,2006,0.0451
0582,2007,0.046399999
0582,2008,0.049400002
0582,2009,0.046999998
0582,2010,0.050799999
0582,2011,0.054900002
0582,2012,0.0559
0582,2013,0.056499999
0582,2014,0.0583
0582,2015,0.061099999
0582,2016,0.062199999
0582,2017,0.062399998
0582,2018,0.067000002
0582,2019,0.071099997
0582,2020,0.075099997
0582,2021,0.076499999
0582,2022,0.083800003
0582,2023,0.090899996
0582,2024,0.094899997
0582,2025,0.093099996
0583,2006,0.053599998
0583,2007,0.054099999
0583,2008,0.056600001
0583,2009,0.056299999
0583,2010,0.057500001
0583,2011,0.059900001
0583,2012,0.060899999
0583,2013,0.062799998
0583,2014,0.064900003
0583,2015,0.067299999
0583,2016,0.067000002
0583,2017,0.0704
0583,2018,0.0713
0583,2019,0.071599998
0583,2020,0.074199997
0583,2021,0.080499999
0583,2022,0.083400004
0583,2023,0.084700003
0583,2024,0.084700003
0583,2025,0.086300001
0584,2006,0.072300002
0584,2007,0.076300003
0584,2008,0.073899999
0584,2009,0.075999998
0584,2010,0.075400002
0584,2011,0.077600002
0584,2012,0.082500003
0584,2013,0.082599998
0584,2014,0.086999997
0584,2015,0.087099999
0584,2016,0.092900001
0584,2017,0.093599997
0584,2018,0.093199998
0584,2019,0.1006
0584,2020,0.1006
0584,2021,0.1153
0584,2022,0.1113
0584,2023,0.1112
0584,2024,0.1125
0584,2025,0.1096
0586,2006,0.048
0586,2007,0.0491
0586,2008,0.0493
0586,2009,0.0506
0586,2010,0.051100001
0586,2011,0.053399999
0586,2012,0.057300001
0586,2013,0.061299998
0586,2014,0.063600004
0586,2015,0.068300001
0586,2016,0.066799998
0586,2017,0.068599999
0586,2018,0.071699999
0586,2019,0.0748
0586,2020,0.076099999
0586,2021,0.077299997
0586,2022,0.079999998
0586,2023,0.082800001
0586,2024,0.086400002
0586,2025,0.086499996
0604,2006,0.0449
0604,2007,0.049899999
0604,2008,0.053800002
0604,2009,0.050799999
0604,2010,0.051199999
0604,2011,0.052099999
0604,2012,0.050900001
0604,2013,0.0537
0604,2014,0.058499999
0604,2015,0.059700001
0604,2016,0.0623
0604,2017,0.063199997
0604,2018,0.066299997
0604,2019,0.0735
0604,2020,0.070799999
0604,2021,0.073200002
0604,2022,0.076899998
0604,2023,0.077399999
0604,2024,0.080300003
0604,2025,0.081699997
0617,2006,0.036899999
0617,2007,0.036800001
0617,2008,0.037500001
0617,2009,0.038800001
0617,2010,0.037599999
0617,2011,0.039999999
0617,2012,0.044
0617,2013,0.0469
0617,2014,0.046
0617,2015,0.053100001
0617,2016,0.052999999
0617,2017,0.048099998
0617,2018,0.0502
0617,2019,0.0513
0617,2020,0.0506
0617,2021,0.054400001
0617,2022,0.059
0617,2023,0.063000001
0617,2024,0.0704
0617,2025,0.072400004
0642,2006,0.047600001
0642,2007,0.049800001
0642,2008,0.048099998
0642,2009,0.050700001
0642,2010,0.052099999
0642,2011,0.053300001
0642,2012,0.0601
0642,2013,0.0603
0642,2014,0.068499997
0642,2015,0.0678
0642,2016,0.071099997
0642,2017,0.072800003
0642,2018,0.069799997
0642,2019,0.073200002
0642,2020,0.072499998
0642,2021,0.077799998
0642,2022,0.078000002
0642,2023,0.081299998
0642,2024,0.082199998
0642,2025,0.080899999
0643,2006,0.045000002
0643,2007,0.046999998
0643,2008,0.0458
0643,2009,0.052700002
0643,2010,0.054299999
0643,2011,0.0528
0643,2012,0.0614
0643,2013,0.0572
0643,2014,0.0614
0643,2015,0.0647
0643,2016,0.062399998
0643,2017,0.063199997
0643,2018,0.0656
0643,2019,0.065700002
0643,2020,0.068800002
0643,2021,0.0726
0643,2022,0.073399998
0643,2023,0.078299999
0643,2024,0.081
0643,2025,0.084200002
0662,2006,0.045200001
0662,2007,0.043699998
0662,2008,0.0436
0662,2009,0.042399999
0662,2010,0.045299999
0662,2011,0.048500001
0662,2012,0.048300002
0662,2013,0.049699999
0662,2014,0.052299999
0662,2015,0.0537
0662,2016,0.055100001
0662,2017,0.0559
0662,2018,0.0561
0662,2019,0.059799999
0662,2020,0.058600001
0662,2021,0.0605
0662,2022,0.058699999
0662,2023,0.064300001
0662,2024,0.066699997
0662,2025,0.071599998
0665,2006,0.049899999
0665,2007,0.046300001
0665,2008,0.046700001
0665,2009,0.049899999
0665,2010,0.052200001
0665,2011,0.052999999
0665,2012,0.053800002
0665,2013,0.054200001
0665,2014,0.055100001
0665,2015,0.055399999
0665,2016,0.0605
0665,2017,0.060199998
0665,2018,0.0612
0665,2019,0.065800004
0665,2020,0.068999998
0665,2021,0.067400001
0665,2022,0.071099997
0665,2023,0.0713
0665,2024,0.076499999
0665,2025,0.081500001
0680,2006,0.054900002
0680,2007,0.055100001
0680,2008,0.055300001
0680,2009,0.056400001
0680,2010,0.056200001
0680,2011,0.058899999
0680,2012,0.060699999
0680,2013,0.062799998
0680,2014,0.065899998
0680,2015,0.068999998
0680,2016,0.069799997
0680,2017,0.068800002
0680,2018,0.069499999
0680,2019,0.071999997
0680,2020,0.073200002
0680,2021,0.073899999
0680,2022,0.0766
0680,2023,0.079300001
0680,2024,0.0832
0680,2025,0.084299996
0682,2006,0.057100002
0682,2007,0.055799998
0682,2008,0.056400001
0682,2009,0.0557
0682,2010,0.057500001
0682,2011,0.062399998
0682,2012,0.064300001
0682,2013,0.065200001
0682,2014,0.069499999
0682,2015,0.071199998
0682,2016,0.071999997
0682,2017,0.072300002
0682,2018,0.0744
0682,2019,0.080399998
0682,2020,0.078000002
0682,2021,0.079899997
0682,2022,0.083899997
0682,2023,0.085699998
0682,2024,0.093599997
0682,2025,0.097099997
0683,2006,0.046100002
0683,2007,0.047800001
0683,2008,0.0458
0683,2009,0.0458
0683,2010,0.045400001
0683,2011,0.048
0683,2012,0.0504
0683,2013,0.0528
0683,2014,0.054099999
0683,2015,0.058800001
0683,2016,0.058499999
0683,2017,0.0579
0683,2018,0.059900001
0683,2019,0.0614
0683,2020,0.062899999
0683,2021,0.0678
0683,2022,0.072999999
0683,2023,0.075400002
0683,2024,0.0779
0683,2025,0.080300003
0684,2006,0.0517
0684,2007,0.055500001
0684,2008,0.048900001
0684,2009,0.049899999
0684,2010,0.050999999
0684,2011,0.0557
0684,2012,0.061500002
0684,2013,0.060600001
0684,2014,0.055799998
0684,2015,0.0594
0684,2016,0.062100001
0684,2017,0.063299999
0684,2018,0.064499997
0684,2019,0.070699997
0684,2020,0.073700003
0684,2021,0.079000004
0684,2022,0.079700001
0684,2023,0.080700003
0684,2024,0.085600004
0684,2025,0.083800003
0685,2006,0.0491
0685,2007,0.050000001
0685,2008,0.053399999
0685,2009,0.0535
0685,2010,0.0539
0685,2011,0.056499999
0685,2012,0.063900001
0685,2013,0.063699998
0685,2014,0.068300001
0685,2015,0.072400004
0685,2016,0.0722
0685,2017,0.073100001
0685,2018,0.075099997
0685,2019,0.077299997
0685,2020,0.080300003
0685,2021,0.082500003
0685,2022,0.086800002
0685,2023,0.088200003
0685,2024,0.089299999
0685,2025,0.090700001
0686,2006,0.0506
0686,2007,0.052999999
0686,2008,0.051399998
0686,2009,0.052999999
0686,2010,0.059900001
0686,2011,0.062199999
0686,2012,0.066600002
0686,2013,0.071699999
0686,2014,0.0722
0686,2015,0.074100003
0686,2016,0.075300001
0686,2017,0.076099999
0686,2018,0.079499997
0686,2019,0.080700003
0686,2020,0.081
0686,2021,0.086599998
0686,2022,0.088100001
0686,2023,0.0911
0686,2024,0.1002
0686,2025,0.1048
0687,2006,0.0583
0687,2007,0.0557
0687,2008,0.059900001
0687,2009,0.0601
0687,2010,0.059599999
0687,2011,0.064000003
0687,2012,0.065099999
0687,2013,0.065200001
0687,2014,0.068000004
0687,2015,0.075800002
0687,2016,0.075300001
0687,2017,0.0748
0687,2018,0.074900001
0687,2019,0.077299997
0687,2020,0.0801
0687,2021,0.082400002
0687,2022,0.086999997
0687,2023,0.092100002
0687,2024,0.094099998
0687,2025,0.096799999
0760,2006,0.048900001
0760,2007,0.047800001
0760,2008,0.047200002
0760,2009,0.047800001
0760,2010,0.048799999
0760,2011,0.0495
0760,2012,0.048900001
0760,2013,0.0561
0760,2014,0.0581
0760,2015,0.061900001
0760,2016,0.056899998
0760,2017,0.0548
0760,2018,0.0581
0760,2019,0.059099998
0760,2020,0.063000001
0760,2021,0.0682
0760,2022,0.073299997
0760,2023,0.0801
0760,2024,0.080499999
0760,2025,0.083899997
0761,2006,0.0605
0761,2007,0.0614
0761,2008,0.062700003
0761,2009,0.061900001
0761,2010,0.0572
0761,2011,0.061299998
0761,2012,0.065300003
0761,2013,0.0625
0761,2014,0.069300003
0761,2015,0.066299997
0761,2016,0.062199999
0761,2017,0.070600003
0761,2018,0.071400002
0761,2019,0.073100001
0761,2020,0.074699998
0761,2021,0.082199998
0761,2022,0.085199997
0761,2023,0.090099998
0761,2024,0.089699998
0761,2025,0.091700003
0763,2006,0.050700001
0763,2007,0.057999998
0763,2008,0.057100002
0763,2009,0.058400001
0763,2010,0.0572
0763,2011,0.063500002
0763,2012,0.067199998
0763,2013,0.066200003
0763,2014,0.070299998
0763,2015,0.07
0763,2016,0.071900003
0763,2017,0.070200004
0763,2018,0.0726
0763,2019,0.0744
0763,2020,0.072800003
0763,2021,0.077100001
0763,2022,0.078400001
0763,2023,0.079899997
0763,2024,0.082500003
0763,2025,0.086499996
0764,2006,0.048700001
0764,2007,0.0484
0764,2008,0.048500001
0764,2009,0.050099999
0764,2010,0.050799999
0764,2011,0.057599999
0764,2012,0.057100002
0764,2013,0.0561
0764,2014,0.062199999
0764,2015,0.0634
0764,2016,0.0625
0764,2017,0.0647
0764,2018,0.064599998
0764,2019,0.066399999
0764,2020,0.064900003
0764,2021,0.068000004
0764,2022,0.065499999
0764,2023,0.070100002
0764,2024,0.074000001
0764,2025,0.078400001
0765,2006,0.052999999
0765,2007,0.051399998
0765,2008,0.054200001
0765,2009,0.054900002
0765,2010,0.055599999
0765,2011,0.057100002
0765,2012,0.057999998
0765,2013,0.059799999
0765,2014,0.062799998
0765,2015,0.063900001
0765,2016,0.063900001
0765,2017,0.060800001
0765,2018,0.0594
0765,2019,0.060400002
0765,2020,0.059
0765,2021,0.062199999
0765,2022,0.061900001
0765,2023,0.0638
0765,2024,0.067699999
0765,2025,0.068700001
0767,2006,0.058200002
0767,2007,0.054400001
0767,2008,0.055399999
0767,2009,0.053100001
0767,2010,0.056600001
0767,2011,0.057799999
0767,2012,0.061799999
0767,2013,0.063900001
0767,2014,0.069399998
0767,2015,0.068700001
0767,2016,0.065499999
0767,2017,0.065099999
0767,2018,0.071199998
0767,2019,0.071500003
0767,2020,0.074100003
0767,2021,0.074000001
0767,2022,0.078500003
0767,2023,0.082999997
0767,2024,0.087499999
0767,2025,0.095299996
0780,2006,0.054299999
0780,2007,0.054200001
0780,2008,0.0539
0780,2009,0.053800002
0780,2010,0.055300001
0780,2011,0.0561
0780,2012,0.058899999
0780,2013,0.059700001
0780,2014,0.062199999
0780,2015,0.0638
0780,2016,0.064199999
0780,2017,0.064599998
0780,2018,0.066299997
0780,2019,0.067500003
0780,2020,0.068099998
0780,2021,0.071099997
0780,2022,0.0722
0780,2023,0.075400002
0780,2024,0.078599997
0780,2025,0.080200002
0781,2006,0.050999999
0781,2007,0.0513
0781,2008,0.0528
0781,2009,0.0513
0781,2010,0.053199999
0781,2011,0.056299999
0781,2012,0.0579
0781,2013,0.059500001
0781,2014,0.062199999
0781,2015,0.064099997
0781,2016,0.064400002
0781,2017,0.062700003
0781,2018,0.063000001
0781,2019,0.065200001
0781,2020,0.065899998
0781,2021,0.070600003
0781,2022,0.070500001
0781,2023,0.073299997
0781,2024,0.079000004
0781,2025,0.080300003
0821,2006,0.047899999
0821,2007,0.056699999
0821,2008,0.0535
0821,2009,0.0469
0821,2010,0.052099999
0821,2011,0.058499999
0821,2012,0.058499999
0821,2013,0.0548
0821,2014,0.054099999
0821,2015,0.054699998
0821,2016,0.053800002
0821,2017,0.054699998
0821,2018,0.055399999
0821,2019,0.057700001
0821,2020,0.064300001
0821,2021,0.066500001
0821,2022,0.069499999
0821,2023,0.078100003
0821,2024,0.081799999
0821,2025,0.079599999
0834,2006,0.050799999
0834,2007,0.047600001
0834,2008,0.0506
0834,2009,0.045600001
0834,2010,0.055300001
0834,2011,0.055399999
0834,2012,0.057500001
0834,2013,0.060199998
0834,2014,0.069499999
0834,2015,0.066799998
0834,2016,0.064800002
0834,2017,0.058400001
0834,2018,0.063600004
0834,2019,0.065800004
0834,2020,0.071099997
0834,2021,0.077399999
0834,2022,0.080399998
0834,2023,0.083099999
0834,2024,0.0858
0834,2025,0.094800003
0840,2006,0.045699999
0840,2007,0.046399999
0840,2008,0.046500001
0840,2009,0.047899999
0840,2010,0.046100002
0840,2011,0.047200002
0840,2012,0.0469
0840,2013,0.0506
0840,2014,0.050500002
0840,2015,0.0515
0840,2016,0.0557
0840,2017,0.055
0840,2018,0.0559
0840,2019,0.0583
0840,2020,0.061099999
0840,2021,0.064300001
0840,2022,0.070500001
0840,2023,0.071599998
0840,2024,0.0735
0840,2025,0.076399997
0860,2006,0.0612
0860,2007,0.060400002
0860,2008,0.0614
0860,2009,0.0603
0860,2010,0.061000001
0860,2011,0.059900001
0860,2012,0.064800002
0860,2013,0.066500001
0860,2014,0.067500003
0860,2015,0.069600001
0860,2016,0.063900001
0860,2017,0.066799998
0860,2018,0.069700003
0860,2019,0.071599998
0860,2020,0.068800002
0860,2021,0.070799999
0860,2022,0.069799997
0860,2023,0.076899998
0860,2024,0.081200004
0860,2025,0.083099999
0861,2006,0.046500001
0861,2007,0.0462
0861,2008,0.047200002
0861,2009,0.048700001
0861,2010,0.0524
0861,2011,0.053399999
0861,2012,0.054699998
0861,2013,0.058800001
0861,2014,0.056200001
0861,2015,0.0601
0861,2016,0.063699998
0861,2017,0.067000002
0861,2018,0.068499997
0861,2019,0.072499998
0861,2020,0.0704
0861,2021,0.074500002
0861,2022,0.080799997
0861,2023,0.082500003
0861,2024,0.082199998
0861,2025,0.083300002
0862,2006,0.048900001
0862,2007,0.049699999
0862,2008,0.0436
0862,2009,0.0449
0862,2010,0.047600001
0862,2011,0.050299998
0862,2012,0.050099999
0862,2013,0.0559
0862,2014,0.0557
0862,2015,0.0634
0862,2016,0.058699999
0862,2017,0.053300001
0862,2018,0.061999999
0862,2019,0.064900003
0862,2020,0.068899997
0862,2021,0.071599998
0862,2022,0.073799998
0862,2023,0.079099998
0862,2024,0.078500003
0862,2025,0.0867
0880,2006,0.052499998
0880,2007,0.0515
0880,2008,0.0524
0880,2009,0.051800001
0880,2010,0.0528
0880,2011,0.052999999
0880,2012,0.054900002
0880,2013,0.056400001
0880,2014,0.060199998
0880,2015,0.0625
0880,2016,0.062700003
0880,2017,0.061999999
0880,2018,0.064300001
0880,2019,0.068300001
0880,2020,0.068700001
0880,2021,0.0726
0880,2022,0.077799998
0880,2023,0.078699999
0880,2024,0.081100002
0880,2025,0.080700003
0881,2006,0.047400001
0881,2007,0.0471
0881,2008,0.052499998
0881,2009,0.054000001
0881,2010,0.056400001
0881,2011,0.056400001
0881,2012,0.055399999
0881,2013,0.0548
0881,2014,0.058600001
0881,2015,0.063199997
0881,2016,0.0634
0881,2017,0.067100003
0881,2018,0.068300001
0881,2019,0.071000002
0881,2020,0.077799998
0881,2021,0.077399999
0881,2022,0.081900001
0881,2023,0.089100003
0881,2024,0.086999997
0881,2025,0.090499997
0882,2006,0.041099999
0882,2007,0.0407
0882,2008,0.041099999
0882,2009,0.0438
0882,2010,0.043900002
0882,2011,0.047600001
0882,2012,0.050000001
0882,2013,0.0502
0882,2014,0.054200001
0882,2015,0.0583
0882,2016,0.061099999
0882,2017,0.0638
0882,2018,0.061900001
0882,2019,0.062899999
0882,2020,0.064400002
0882,2021,0.065800004
0882,2022,0.067900002
0882,2023,0.072899997
0882,2024,0.070799999
0882,2025,0.0744
0883,2006,0.056499999
0883,2007,0.057100002
0883,2008,0.057
0883,2009,0.056899998
0883,2010,0.059500001
0883,2011,0.0616
0883,2012,0.062899999
0883,2013,0.069300003
0883,2014,0.068499997
0883,2015,0.070799999
0883,2016,0.073399998
0883,2017,0.074500002
0883,2018,0.0748
0883,2019,0.075099997
0883,2020,0.075900003
0883,2021,0.0779
0883,2022,0.079800002
0883,2023,0.083700001
0883,2024,0.084200002
0883,2025,0.086000003
0884,2006,0.050700001
0884,2007,0.048700001
0884,2008,0.048700001
0884,2009,0.052299999
0884,2010,0.051899999
0884,2011,0.0524
0884,2012,0.054000001
0884,2013,0.0539
0884,2014,0.056400001
0884,2015,0.058600001
0884,2016,0.0614
0884,2017,0.0638
0884,2018,0.0623
0884,2019,0.063699998
0884,2020,0.062399998
0884,2021,0.064900003
0884,2022,0.067599997
0884,2023,0.070600003
0884,2024,0.071199998
0884,2025,0.072400004
0885,2006,0.0535
0885,2007,0.0524
0885,2008,0.053100001
0885,2009,0.049800001
0885,2010,0.0528
0885,2011,0.056499999
0885,2012,0.056899998
0885,2013,0.0616
0885,2014,0.061099999
0885,2015,0.0638
0885,2016,0.0625
0885,2017,0.068899997
0885,2018,0.071400002
0885,2019,0.070699997
0885,2020,0.072700001
0885,2021,0.081799999
0885,2022,0.086400002
0885,2023,0.091399997
0885,2024,0.094499998
0885,2025,0.1018
0980,2006,0.044599999
0980,2007,0.0491
0980,2008,0.0515
0980,2009,0.054200001
0980,2010,0.0548
0980,2011,0.0568
0980,2012,0.059500001
0980,2013,0.062799998
0980,2014,0.064599998
0980,2015,0.069200002
0980,2016,0.069200002
0980,2017,0.073100001
0980,2018,0.074199997
0980,2019,0.079300001
0980,2020,0.082000002
0980,2021,0.086099997
0980,2022,0.089599997
0980,2023,0.093800001
0980,2024,0.098200001
0980,2025,0.098499998
1060,2006,0.045299999
1060,2007,0.0458
1060,2008,0.048700001
1060,2009,0.047200002
1060,2010,0.047400001
1060,2011,0.049199998
1060,2012,0.051399998
1060,2013,0.058400001
1060,2014,0.059799999
1060,2015,0.065499999
1060,2016,0.066799998
1060,2017,0.069600001
1060,2018,0.068099998
1060,2019,0.077799998
1060,2020,0.072099999
1060,2021,0.076300003
1060,2022,0.080799997
1060,2023,0.085299999
1060,2024,0.084700003
1060,2025,0.089699998
1080,2006,0.050099999
1080,2007,0.052499998
1080,2008,0.0528
1080,2009,0.052000001
1080,2010,0.052999999
1080,2011,0.055300001
1080,2012,0.056200001
1080,2013,0.057500001
1080,2014,0.059999999
1080,2015,0.063000001
1080,2016,0.064900003
1080,2017,0.067000002
1080,2018,0.0704
1080,2019,0.073600002
1080,2020,0.0726
1080,2021,0.073899999
1080,2022,0.078900002
1080,2023,0.082400002
1080,2024,0.0854
1080,2025,0.086400002
1081,2006,0.050000001
1081,2007,0.051399998
1081,2008,0.053100001
1081,2009,0.053300001
1081,2010,0.0579
1081,2011,0.063299999
1081,2012,0.0612
1081,2013,0.066399999
1081,2014,0.066799998
1081,2015,0.069200002
1081,2016,0.068700001
1081,2017,0.069499999
1081,2018,0.073100001
1081,2019,0.076399997
1081,2020,0.079899997
1081,2021,0.083499998
1081,2022,0.087700002
1081,2023,0.0898
1081,2024,0.093699999
1081,2025,0.099399999
1082,2006,0.0469
1082,2007,0.044500001
1082,2008,0.045299999
1082,2009,0.0462
1082,2010,0.0484
1082,2011,0.0517
1082,2012,0.053399999
1082,2013,0.0579
1082,2014,0.0614
1082,2015,0.0647
1082,2016,0.0638
1082,2017,0.066399999
1082,2018,0.07
1082,2019,0.071999997
1082,2020,0.073899999
1082,2021,0.0744
1082,2022,0.078500003
1082,2023,0.082900003
1082,2024,0.089000002
1082,2025,0.089199997
1083,2006,0.047400001
1083,2007,0.048999999
1083,2008,0.048999999
1083,2009,0.050299998
1083,2010,0.0517
1083,2011,0.055300001
1083,2012,0.053300001
1083,2013,0.0557
1083,2014,0.062700003
1083,2015,0.067699999
1083,2016,0.07
1083,2017,0.068599999
1083,2018,0.068899997
1083,2019,0.074699998
1083,2020,0.0735
1083,2021,0.079700001
1083,2022,0.082800001
1083,2023,0.089599997
1083,2024,0.095799997
1083,2025,0.0986
1214,2006,0.045000002
1214,2007,0.047600001
1214,2008,0.047899999
1214,2009,0.048
1214,2010,0.045400001
1214,2011,0.0482
1214,2012,0.0535
1214,2013,0.055599999
1214,2014,0.057799999
1214,2015,0.057399999
1214,2016,0.058400001
1214,2017,0.059999999
1214,2018,0.068999998
1214,2019,0.068599999
1214,2020,0.065899998
1214,2021,0.072400004
1214,2022,0.073100001
1214,2023,0.0766
1214,2024,0.082500003
1214,2025,0.0814
1230,2006,0.045400001
1230,2007,0.047800001
1230,2008,0.045699999
1230,2009,0.046700001
1230,2010,0.048900001
1230,2011,0.0504
1230,2012,0.0526
1230,2013,0.053399999
1230,2014,0.053199999
1230,2015,0.0579
1230,2016,0.057399999
1230,2017,0.060199998
1230,2018,0.062799998
1230,2019,0.0634
1230,2020,0.063699998
1230,2021,0.066200003
1230,2022,0.069700003
1230,2023,0.068099998
1230,2024,0.073200002
1230,2025,0.075599998
1231,2006,0.047899999
1231,2007,0.0473
1231,2008,0.049199998
1231,2009,0.050099999
1231,2010,0.050999999
1231,2011,0.051199999
1231,2012,0.052299999
1231,2013,0.055300001
1231,2014,0.0568
1231,2015,0.0592
1231,2016,0.057100002
1231,2017,0.058800001
1231,2018,0.0605
1231,2019,0.064099997
1231,2020,0.064499997
1231,2021,0.066100001
1231,2022,0.068400003
1231,2023,0.069600001
1231,2024,0.071500003
1231,2025,0.070600003
1233,2006,0.045200001
1233,2007,0.046100002
1233,2008,0.045899998
1233,2009,0.0458
1233,2010,0.046300001
1233,2011,0.049800001
1233,2012,0.049199998
1233,2013,0.051199999
1233,2014,0.051100001
1233,2015,0.053300001
1233,2016,0.0528
1233,2017,0.055
1233,2018,0.055599999
1233,2019,0.056899998
1233,2020,0.0581
1233,2021,0.059300002
1233,2022,0.062700003
1233,2023,0.067699999
1233,2024,0.069600001
1233,2025,0.070100002
1256,2006,0.050900001
1256,2007,0.053800002
1256,2008,0.0557
1256,2009,0.057300001
1256,2010,0.056600001
1256,2011,0.0614
1256,2012,0.061799999
1256,2013,0.067900002
1256,2014,0.064599998
1256,2015,0.065200001
1256,2016,0.070100002
1256,2017,0.067699999
1256,2018,0.069799997
1256,2019,0.074299999
1256,2020,0.076800004
1256,2021,0.080300003
1256,2022,0.084100001
1256,2023,0.088699996
1256,2024,0.092699997
1256,2025,0.090599999
1257,2006,0.042800002
1257,2007,0.044300001
1257,2008,0.044199999
1257,2009,0.042399999
1257,2010,0.0427
1257,2011,0.043200001
1257,2012,0.0515
1257,2013,0.053800002
1257,2014,0.056600001
1257,2015,0.0616
1257,2016,0.0625
1257,2017,0.065899998
1257,2018,0.070600003
1257,2019,0.076200001
1257,2020,0.077200003
1257,2021,0.073600002
1257,2022,0.079800002
1257,2023,0.0836
1257,2024,0.092299998
1257,2025,0.096100003
1260,2006,0.044500001
1260,2007,0.044100001
1260,2008,0.040899999
1260,2009,0.043699998
1260,2010,0.049400002
1260,2011,0.0524
1260,2012,0.055399999
1260,2013,0.060199998
1260,2014,0.059
1260,2015,0.062600002
1260,2016,0.064199999
1260,2017,0.066
1260,2018,0.066799998
1260,2019,0.071999997
1260,2020,0.071800001
1260,2021,0.074199997
1260,2022,0.072899997
1260,2023,0.073700003
1260,2024,0.076499999
1260,2025,0.078699999
1261,2006,0.046399999
1261,2007,0.050299998
1261,2008,0.050999999
1261,2009,0.050099999
1261,2010,0.052000001
1261,2011,0.053300001
1261,2012,0.057999998
1261,2013,0.059300002
1261,2014,0.061000001
1261,2015,0.0638
1261,2016,0.063500002
1261,2017,0.061299998
1261,2018,0.065099999
1261,2019,0.067500003
1261,2020,0.069700003
1261,2021,0.070100002
1261,2022,0.071999997
1261,2023,0.072400004
1261,2024,0.075499997
1261,2025,0.077799998
1262,2006,0.0447
1262,2007,0.044100001
1262,2008,0.044300001
1262,2009,0.047699999
1262,2010,0.048099998
1262,2011,0.050500002
1262,2012,0.051399998
1262,2013,0.047400001
1262,2014,0.049800001
1262,2015,0.052999999
1262,2016,0.053199999
1262,2017,0.057300001
1262,2018,0.0572
1262,2019,0.0603
1262,2020,0.0614
1262,2021,0.063299999
1262,2022,0.066200003
1262,2023,0.064000003
1262,2024,0.068300001
1262,2025,0.071099997
1263,2006,0.043400001
1263,2007,0.0438
1263,2008,0.0427
1263,2009,0.042399999
1263,2010,0.044399999
1263,2011,0.046700001
1263,2012,0.0471
1263,2013,0.047699999
1263,2014,0.048599999
1263,2015,0.055799998
1263,2016,0.0557
1263,2017,0.0614
1263,2018,0.0579
1263,2019,0.063500002
1263,2020,0.063199997
1263,2021,0.0634
1263,2022,0.066200003
1263,2023,0.066799998
1263,2024,0.070799999
1263,2025,0.076399997
1264,2006,0.0515
1264,2007,0.051800001
1264,2008,0.050999999
1264,2009,0.0495
1264,2010,0.0528
1264,2011,0.0546
1264,2012,0.0561
1264,2013,0.058699999
1264,2014,0.061900001
1264,2015,0.061799999
1264,2016,0.0634
1264,2017,0.066200003
1264,2018,0.067100003
1264,2019,0.067500003
1264,2020,0.065399997
1264,2021,0.066100001
1264,2022,0.064000003
1264,2023,0.066100001
1264,2024,0.070600003
1264,2025,0.075599998
1265,2006,0.050099999
1265,2007,0.052299999
1265,2008,0.051800001
1265,2009,0.052200001
1265,2010,0.055100001
1265,2011,0.0581
1265,2012,0.0583
1265,2013,0.059599999
1265,2014,0.0638
1265,2015,0.067199998
1265,2016,0.068400003
1265,2017,0.069499999
1265,2018,0.073899999
1265,2019,0.074000001
1265,2020,0.076700002
1265,2021,0.080499999
1265,2022,0.079400003
1265,2023,0.0792
1265,2024,0.079499997
1265,2025,0.082699999
1266,2006,0.048599999
1266,2007,0.049899999
1266,2008,0.050000001
1266,2009,0.054400001
1266,2010,0.061000001
1266,2011,0.0612
1266,2012,0.0669
1266,2013,0.072700001
1266,2014,0.070699997
1266,2015,0.075400002
1266,2016,0.072499998
1266,2017,0.0735
1266,2018,0.073600002
1266,2019,0.079400003
1266,2020,0.081500001
1266,2021,0.084100001
1266,2022,0.088699996
1266,2023,0.089400001
1266,2024,0.091399997
1266,2025,0.092699997
1267,2006,0.0493
1267,2007,0.055100001
1267,2008,0.053399999
1267,2009,0.056000002
1267,2010,0.058400001
1267,2011,0.060400002
1267,2012,0.061700001
1267,2013,0.063900001
1267,2014,0.0647
1267,2015,0.069300003
1267,2016,0.071699999
1267,2017,0.072999999
1267,2018,0.075000003
1267,2019,0.076800004
1267,2020,0.077699997
1267,2021,0.081299998
1267,2022,0.083999999
1267,2023,0.086599998
1267,2024,0.092399999
1267,2025,0.092900001
1270,2006,0.0605
1270,2007,0.061500002
1270,2008,0.059300002
1270,2009,0.062700003
1270,2010,0.059999999
1270,2011,0.061900001
1270,2012,0.063299999
1270,2013,0.0656
1270,2014,0.067000002
1270,2015,0.066100001
1270,2016,0.069200002
1270,2017,0.074100003
1270,2018,0.073100001
1270,2019,0.075400002
1270,2020,0.077399999
1270,2021,0.0748
1270,2022,0.075000003
1270,2023,0.077399999
1270,2024,0.079899997
1270,2025,0.085500002
1272,2006,0.0548
1272,2007,0.057500001
1272,2008,0.0601
1272,2009,0.056000002
1272,2010,0.058200002
1272,2011,0.060400002
1272,2012,0.061500002
1272,2013,0.062799998
1272,2014,0.067299999
1272,2015,0.073799998
1272,2016,0.073600002
1272,2017,0.074100003
1272,2018,0.077399999
1272,2019,0.0766
1272,2020,0.078599997
1272,2021,0.081100002
1272,2022,0.0858
1272,2023,0.0823
1272,2024,0.087899998
1272,2025,0.093699999
1273,2006,0.048
1273,2007,0.049400002
1273,2008,0.047499999
1273,2009,0.049800001
1273,2010,0.050500002
1273,2011,0.0502
1273,2012,0.052299999
1273,2013,0.0546
1273,2014,0.057799999
1273,2015,0.058800001
1273,2016,0.062100001
1273,2017,0.066500001
1273,2018,0.062899999
1273,2019,0.071599998
1273,2020,0.074199997
1273,2021,0.078000002
1273,2022,0.077799998
1273,2023,0.080300003
1273,2024,0.0792
1273,2025,0.083800003
1275,2006,0.0471
1275,2007,0.053300001
1275,2008,0.0502
1275,2009,0.046300001
1275,2010,0.050900001
1275,2011,0.051600002
1275,2012,0.050099999
1275,2013,0.051899999
1275,2014,0.047200002
1275,2015,0.055399999
1275,2016,0.052099999
1275,2017,0.0528
1275,2018,0.053300001
1275,2019,0.059999999
1275,2020,0.061799999
1275,2021,0.057500001
1275,2022,0.064199999
1275,2023,0.065499999
1275,2024,0.0801
1275,2025,0.081299998
1276,2006,0.044399999
1276,2007,0.0447
1276,2008,0.044199999
1276,2009,0.043000001
1276,2010,0.048500001
1276,2011,0.049800001
1276,2012,0.055500001
1276,2013,0.057399999
1276,2014,0.060400002
1276,2015,0.0605
1276,2016,0.061900001
1276,2017,0.0614
1276,2018,0.063299999
1276,2019,0.064499997
1276,2020,0.0682
1276,2021,0.070200004
1276,2022,0.0726
1276,2023,0.0801
1276,2024,0.082400002
1276,2025,0.088699996
1277,2006,0.0436
1277,2007,0.044399999
1277,2008,0.046500001
1277,2009,0.044
1277,2010,0.046100002
1277,2011,0.054200001
1277,2012,0.052999999
1277,2013,0.052000001
1277,2014,0.055599999
1277,2015,0.057500001
1277,2016,0.058200002
1277,2017,0.059900001
1277,2018,0.061099999
1277,2019,0.0647
1277,2020,0.061500002
1277,2021,0.062199999
1277,2022,0.063600004
1277,2023,0.063699998
1277,2024,0.069300003
1277,2025,0.072099999
1278,2006,0.044799998
1278,2007,0.044199999
1278,2008,0.044199999
1278,2009,0.045299999
1278,2010,0.045499999
1278,2011,0.046399999
1278,2012,0.050000001
1278,2013,0.054299999
1278,2014,0.060699999
1278,2015,0.061999999
1278,2016,0.065099999
1278,2017,0.0691
1278,2018,0.068800002
1278,2019,0.071800001
1278,2020,0.072400004
1278,2021,0.076300003
1278,2022,0.075099997
1278,2023,0.078400001
1278,2024,0.081900001
1278,2025,0.084700003
1280,2006,0.052999999
1280,2007,0.053300001
1280,2008,0.052299999
1280,2009,0.0506
1280,2010,0.050999999
1280,2011,0.051800001
1280,2012,0.0528
1280,2013,0.052900001
1280,2014,0.0548
1280,2015,0.057300001
1280,2016,0.057
1280,2017,0.057599999
1280,2018,0.058899999
1280,2019,0.0612
1280,2020,0.061799999
1280,2021,0.063600004
1280,2022,0.065200001
1280,2023,0.067299999
1280,2024,0.068999998
1280,2025,0.070600003
1281,2006,0.054200001
1281,2007,0.055300001
1281,2008,0.056200001
1281,2009,0.055300001
1281,2010,0.0572
1281,2011,0.057999998
1281,2012,0.0592
1281,2013,0.062100001
1281,2014,0.064400002
1281,2015,0.067699999
1281,2016,0.069499999
1281,2017,0.069899999
1281,2018,0.072300002
1281,2019,0.073100001
1281,2020,0.073799998
1281,2021,0.075300001
1281,2022,0.078100003
1281,2023,0.079099998
1281,2024,0.080399998
1281,2025,0.0823
1282,2006,0.052900001
1282,2007,0.0546
1282,2008,0.053300001
1282,2009,0.052299999
1282,2010,0.0526
1282,2011,0.055500001
1282,2012,0.0559
1282,2013,0.054400001
1282,2014,0.056600001
1282,2015,0.0594
1282,2016,0.060600001
1282,2017,0.060600001
1282,2018,0.062199999
1282,2019,0.065700002
1282,2020,0.068599999
1282,2021,0.071400002
1282,2022,0.0744
1282,2023,0.076200001
1282,2024,0.077699997
1282,2025,0.0801
1283,2006,0.050099999
1283,2007,0.0513
1283,2008,0.051199999
1283,2009,0.0504
1283,2010,0.052000001
1283,2011,0.053199999
1283,2012,0.054000001
1283,2013,0.054699998
1283,2014,0.0561
1283,2015,0.058400001
1283,2016,0.059500001
1283,2017,0.060199998
1283,2018,0.061700001
1283,2019,0.0634
1283,2020,0.065399997
1283,2021,0.068000004
1283,2022,0.070799999
1283,2023,0.072700001
1283,2024,0.074100003
1283,2025,0.075999998
1284,2006,0.048799999
1284,2007,0.0491
1284,2008,0.048300002
1284,2009,0.048
1284,2010,0.046300001
1284,2011,0.0526
1284,2012,0.0537
1284,2013,0.056400001
1284,2014,0.0583
1284,2015,0.058499999
1284,2016,0.059099998
1284,2017,0.064400002
1284,2018,0.064900003
1284,2019,0.068800002
1284,2020,0.069399998
1284,2021,0.071599998
1284,2022,0.073899999
1284,2023,0.075300001
1284,2024,0.077399999
1284,2025,0.0779
1285,2006,0.050700001
1285,2007,0.050900001
1285,2008,0.052000001
1285,2009,0.052999999
1285,2010,0.054200001
1285,2011,0.058200002
1285,2012,0.0616
1285,2013,0.062700003
1285,2014,0.062199999
1285,2015,0.067000002
1285,2016,0.0669
1285,2017,0.068400003
1285,2018,0.072099999
1285,2019,0.075000003
1285,2020,0.075300001
1285,2021,0.075999998
1285,2022,0.079800002
1285,2023,0.079000004
1285,2024,0.077699997
1285,2025,0.078500003
1286,2006,0.056699999
1286,2007,0.056299999
1286,2008,0.056000002
1286,2009,0.0561
1286,2010,0.058600001
1286,2011,0.0592
1286,2012,0.060199998
1286,2013,0.063199997
1286,2014,0.065200001
1286,2015,0.067199998
1286,2016,0.065399997
1286,2017,0.065300003
1286,2018,0.068099998
1286,2019,0.068400003
1286,2020,0.072099999
1286,2021,0.070600003
1286,2022,0.074199997
1286,2023,0.0757
1286,2024,0.079700001
1286,2025,0.083800003
1287,2006,0.055599999
1287,2007,0.0581
1287,2008,0.058499999
1287,2009,0.057599999
1287,2010,0.058899999
1287,2011,0.060800001
1287,2012,0.062700003
1287,2013,0.064199999
1287,2014,0.067500003
1287,2015,0.070500001
1287,2016,0.072400004
1287,2017,0.073600002
1287,2018,0.0722
1287,2019,0.074000001
1287,2020,0.074000001
1287,2021,0.074500002
1287,2022,0.077200003
1287,2023,0.079999998
1287,2024,0.082900003
1287,2025,0.084399998
1290,2006,0.054699998
1290,2007,0.0557
1290,2008,0.056200001
1290,2009,0.056600001
1290,2010,0.057799999
1290,2011,0.059999999
1290,2012,0.062799998
1290,2013,0.065300003
1290,2014,0.067199998
1290,2015,0.070200004
1290,2016,0.071000002
1290,2017,0.070900001
1290,2018,0.073600002
1290,2019,0.075999998
1290,2020,0.077699997
1290,2021,0.080499999
1290,2022,0.081799999
1290,2023,0.085199997
1290,2024,0.087300003
1290,2025,0.089500003
1291,2006,0.067500003
1291,2007,0.065399997
1291,2008,0.065200001
1291,2009,0.066
1291,2010,0.0691
1291,2011,0.069200002
1291,2012,0.073100001
1291,2013,0.076899998
1291,2014,0.077299997
1291,2015,0.084399998
1291,2016,0.080899999
1291,2017,0.084700003
1291,2018,0.085600004
1291,2019,0.0858
1291,2020,0.086599998
1291,2021,0.088500001
1291,2022,0.089699998
1291,2023,0.0902
1291,2024,0.092399999
1291,2025,0.096500002
1292,2006,0.0403
1292,2007,0.041299999
1292,2008,0.039700001
1292,2009,0.041000001
1292,2010,0.044100001
1292,2011,0.045299999
1292,2012,0.047200002
1292,2013,0.048799999
1292,2014,0.052499998
1292,2015,0.057399999
1292,2016,0.058899999
1292,2017,0.0601
1292,2018,0.063199997
1292,2019,0.064099997
1292,2020,0.065800004
1292,2021,0.0691
1292,2022,0.072099999
1292,2023,0.0744
1292,2024,0.076899998
1292,2025,0.078599997
1293,2006,0.051199999
1293,2007,0.0517
1293,2008,0.052099999
1293,2009,0.0535
1293,2010,0.0548
1293,2011,0.055799998
1293,2012,0.0592
1293,2013,0.062899999
1293,2014,0.064599998
1293,2015,0.068800002
1293,2016,0.068499997
1293,2017,0.069600001
1293,2018,0.072800003
1293,2019,0.0748
1293,2020,0.076300003
1293,2021,0.076800004
1293,2022,0.079700001
1293,2023,0.079899997
1293,2024,0.082199998
1293,2025,0.0854
1315,2006,0.0491
1315,2007,0.044399999
1315,2008,0.0449
1315,2009,0.047400001
1315,2010,0.047600001
1315,2011,0.044599999
1315,2012,0.0473
1315,2013,0.051600002
1315,2014,0.050500002
1315,2015,0.050099999
1315,2016,0.052999999
1315,2017,0.054000001
1315,2018,0.056200001
1315,2019,0.059999999
1315,2020,0.063299999
1315,2021,0.069700003
1315,2022,0.068400003
1315,2023,0.069300003
1315,2024,0.074000001
1315,2025,0.071999997
1380,2006,0.052000001
1380,2007,0.052900001
1380,2008,0.053800002
1380,2009,0.052900001
1380,2010,0.054299999
1380,2011,0.056600001
1380,2012,0.056699999
1380,2013,0.056899998
1380,2014,0.057799999
1380,2015,0.062100001
1380,2016,0.063199997
1380,2017,0.065399997
1380,2018,0.067100003
1380,2019,0.067599997
1380,2020,0.067400001
1380,2021,0.069200002
1380,2022,0.070699997
1380,2023,0.074600004
1380,2024,0.077699997
1380,2025,0.078000002
1381,2006,0.045699999
1381,2007,0.046100002
1381,2008,0.049899999
1381,2009,0.0471
1381,2010,0.0493
1381,2011,0.0524
1381,2012,0.054299999
1381,2013,0.057700001
1381,2014,0.057300001
1381,2015,0.061000001
1381,2016,0.059799999
1381,2017,0.062199999
1381,2018,0.063699998
1381,2019,0.064999998
1381,2020,0.0647
1381,2021,0.067500003
1381,2022,0.071900003
1381,2023,0.076099999
1381,2024,0.079899997
1381,2025,0.079999998
1382,2006,0.050500002
1382,2007,0.053599998
1382,2008,0.056299999
1382,2009,0.0535
1382,2010,0.056400001
1382,2011,0.056699999
1382,2012,0.058899999
1382,2013,0.060800001
1382,2014,0.0634
1382,2015,0.063600004
1382,2016,0.064000003
1382,2017,0.064300001
1382,2018,0.067199998
1382,2019,0.068300001
1382,2020,0.070500001
1382,2021,0.070900001
1382,2022,0.072999999
1382,2023,0.073600002
1382,2024,0.076800004
1382,2025,0.075900003
1383,2006,0.054400001
1383,2007,0.0546
1383,2008,0.0526
1383,2009,0.053399999
1383,2010,0.054499999
1383,2011,0.058200002
1383,2012,0.0605
1383,2013,0.0623
1383,2014,0.065300003
1383,2015,0.067599997
1383,2016,0.0678
1383,2017,0.066799998
1383,2018,0.071099997
1383,2019,0.0726
1383,2020,0.073799998
1383,2021,0.076499999
1383,2022,0.081699997
1383,2023,0.085199997
1383,2024,0.088
1383,2025,0.090599999
1384,2006,0.0502
1384,2007,0.0495
1384,2008,0.0491
1384,2009,0.050000001
1384,2010,0.051199999
1384,2011,0.0524
1384,2012,0.053199999
1384,2013,0.0557
1384,2014,0.058200002
1384,2015,0.061999999
1384,2016,0.0634
1384,2017,0.0647
1384,2018,0.067400001
1384,2019,0.068899997
1384,2020,0.069300003
1384,2021,0.075099997
1384,2022,0.076800004
1384,2023,0.081
1384,2024,0.085000001
1384,2025,0.085199997
1401,2006,0.0504
1401,2007,0.050000001
1401,2008,0.049199998
1401,2009,0.0484
1401,2010,0.051800001
1401,2011,0.0561
1401,2012,0.056000002
1401,2013,0.056499999
1401,2014,0.056600001
1401,2015,0.061999999
1401,2016,0.063000001
1401,2017,0.0656
1401,2018,0.066699997
1401,2019,0.066200003
1401,2020,0.066600002
1401,2021,0.069499999
1401,2022,0.071000002
1401,2023,0.073600002
1401,2024,0.075999998
1401,2025,0.078900002
1402,2006,0.055
1402,2007,0.053800002
1402,2008,0.056400001
1402,2009,0.055399999
1402,2010,0.054699998
1402,2011,0.057700001
1402,2012,0.058499999
1402,2013,0.058699999
1402,2014,0.060800001
1402,2015,0.061700001
1402,2016,0.0638
1402,2017,0.064199999
1402,2018,0.064900003
1402,2019,0.069799997
1402,2020,0.068999998
1402,2021,0.071599998
1402,2022,0.073799998
1402,2023,0.076399997
1402,2024,0.076399997
1402,2025,0.079999998
1407,2006,0.0603
1407,2007,0.060600001
1407,2008,0.061700001
1407,2009,0.059099998
1407,2010,0.0616
1407,2011,0.0647
1407,2012,0.062799998
1407,2013,0.0647
1407,2014,0.074199997
1407,2015,0.073100001
1407,2016,0.075499997
1407,2017,0.075199999
1407,2018,0.081
1407,2019,0.080300003
1407,2020,0.084200002
1407,2021,0.086400002
1407,2022,0.093199998
1407,2023,0.098899998
1407,2024,0.102
1407,2025,0.099399999
1415,2006,0.056699999
1415,2007,0.061099999
1415,2008,0.060899999
1415,2009,0.0612
1415,2010,0.0601
1415,2011,0.060600001
1415,2012,0.0594
1415,2013,0.061000001
1415,2014,0.062899999
1415,2015,0.0647
1415,2016,0.067299999
1415,2017,0.067299999
1415,2018,0.071000002
1415,2019,0.071400002
1415,2020,0.069799997
1415,2021,0.072899997
1415,2022,0.075800002
1415,2023,0.077500001
1415,2024,0.080200002
1415,2025,0.084899999
1419,2006,0.068800002
1419,2007,0.068499997
1419,2008,0.067000002
1419,2009,0.065899998
1419,2010,0.070600003
1419,2011,0.070500001
1419,2012,0.072300002
1419,2013,0.072800003
1419,2014,0.075900003
1419,2015,0.0814
1419,2016,0.084100001
1419,2017,0.0845
1419,2018,0.085299999
1419,2019,0.086999997
1419,2020,0.087200001
1419,2021,0.088500001
1419,2022,0.090599999
1419,2023,0.0933
1419,2024,0.095399998
1419,2025,0.098800004
1421,2006,0.059
1421,2007,0.059099998
1421,2008,0.063199997
1421,2009,0.063199997
1421,2010,0.063699998
1421,2011,0.069499999
1421,2012,0.068700001
1421,2013,0.072499998
1421,2014,0.076099999
1421,2015,0.075300001
1421,2016,0.076700002
1421,2017,0.075599998
1421,2018,0.073899999
1421,2019,0.0788
1421,2020,0.080899999
1421,2021,0.082500003
1421,2022,0.087200001
1421,2023,0.085100003
1421,2024,0.088200003
1421,2025,0.090300001
1427,2006,0.065800004
1427,2007,0.063100003
1427,2008,0.0623
1427,2009,0.0656
1427,2010,0.069799997
1427,2011,0.0792
1427,2012,0.081200004
1427,2013,0.080700003
1427,2014,0.086999997
1427,2015,0.089599997
1427,2016,0.0889
1427,2017,0.092699997
1427,2018,0.101
1427,2019,0.1004
1427,2020,0.0973
1427,2021,0.092799999
1427,2022,0.097999997
1427,2023,0.1086
1427,2024,0.1131
1427,2025,0.1196
1430,2006,0.0572
1430,2007,0.059099998
1430,2008,0.0557
1430,2009,0.063299999
1430,2010,0.0638
1430,2011,0.067599997
1430,2012,0.068800002
1430,2013,0.073899999
1430,2014,0.074600004
1430,2015,0.077399999
1430,2016,0.077600002
1430,2017,0.077799998
1430,2018,0.079099998
1430,2019,0.086400002
1430,2020,0.089100003
1430,2021,0.093900003
1430,2022,0.095299996
1430,2023,0.093800001
1430,2024,0.096500002
1430,2025,0.097000003
1435,2006,0.050999999
1435,2007,0.055100001
1435,2008,0.0568
1435,2009,0.057799999
1435,2010,0.058699999
1435,2011,0.062399998
1435,2012,0.059500001
1435,2013,0.0583
1435,2014,0.069300003
1435,2015,0.073299997
1435,2016,0.077500001
1435,2017,0.077
1435,2018,0.079499997
1435,2019,0.087099999
1435,2020,0.087499999
1435,2021,0.092799999
1435,2022,0.089400001
1435,2023,0.089699998
1435,2024,0.091300003
1435,2025,0.1011
1438,2006,0.061700001
1438,2007,0.059300002
1438,2008,0.058699999
1438,2009,0.058899999
1438,2010,0.064999998
1438,2011,0.066500001
1438,2012,0.069499999
1438,2013,0.065099999
1438,2014,0.068099998
1438,2015,0.071599998
1438,2016,0.074199997
1438,2017,0.076700002
1438,2018,0.086300001
1438,2019,0.0933
1438,2020,0.101
1438,2021,0.1014
1438,2022,0.1085
1438,2023,0.1102
1438,2024,0.1143
1438,2025,0.1089
1439,2006,0.075099997
1439,2007,0.066399999
1439,2008,0.0669
1439,2009,0.069499999
1439,2010,0.0678
1439,2011,0.064099997
1439,2012,0.064199999
1439,2013,0.067400001
1439,2014,0.0757
1439,2015,0.082099997
1439,2016,0.083700001
1439,2017,0.080799997
1439,2018,0.086999997
1439,2019,0.093900003
1439,2020,0.092500001
1439,2021,0.091799997
1439,2022,0.093999997
1439,2023,0.097900003
1439,2024,0.1066
1439,2025,0.107
1440,2006,0.056400001
1440,2007,0.055199999
1440,2008,0.055100001
1440,2009,0.0535
1440,2010,0.059
1440,2011,0.0592
1440,2012,0.061099999
1440,2013,0.065499999
1440,2014,0.063600004
1440,2015,0.064999998
1440,2016,0.065399997
1440,2017,0.066500001
1440,2018,0.069700003
1440,2019,0.070699997
1440,2020,0.071999997
1440,2021,0.075099997
1440,2022,0.077600002
1440,2023,0.080200002
1440,2024,0.0823
1440,2025,0.086800002
1441,2006,0.051100001
1441,2007,0.0535
1441,2008,0.0535
1441,2009,0.054699998
1441,2010,0.056899998
1441,2011,0.057999998
1441,2012,0.060699999
1441,2013,0.059900001
1441,2014,0.063500002
1441,2015,0.064499997
1441,2016,0.0647
1441,2017,0.066399999
1441,2018,0.068300001
1441,2019,0.070100002
1441,2020,0.071500003
1441,2021,0.072700001
1441,2022,0.075599998
1441,2023,0.077799998
1441,2024,0.078699999
1441,2025,0.080399998
1442,2006,0.048900001
1442,2007,0.049899999
1442,2008,0.051899999
1442,2009,0.059700001
1442,2010,0.054299999
1442,2011,0.053399999
1442,2012,0.0491
1442,2013,0.056200001
1442,2014,0.057599999
1442,2015,0.064400002
1442,2016,0.064800002
1442,2017,0.066299997
1442,2018,0.069600001
1442,2019,0.063000001
1442,2020,0.069300003
1442,2021,0.068899997
1442,2022,0.074699998
1442,2023,0.075499997
1442,2024,0.081299998
1442,2025,0.079999998
1443,2006,0.0495
1443,2007,0.052299999
1443,2008,0.0535
1443,2009,0.049800001
1443,2010,0.0513
1443,2011,0.051100001
1443,2012,0.058499999
1443,2013,0.0601
1443,2014,0.058699999
1443,2015,0.062199999
1443,2016,0.065300003
1443,2017,0.065200001
1443,2018,0.066699997
1443,2019,0.068899997
1443,2020,0.069799997
1443,2021,0.068099998
1443,2022,0.074299999
1443,2023,0.076399997
1443,2024,0.076099999
1443,2025,0.078000002
1444,2006,0.056600001
1444,2007,0.059
1444,2008,0.060199998
1444,2009,0.0594
1444,2010,0.063500002
1444,2011,0.062700003
1444,2012,0.062799998
1444,2013,0.0612
1444,2014,0.061299998
1444,2015,0.065099999
1444,2016,0.069300003
1444,2017,0.073399998
1444,2018,0.073200002
1444,2019,0.076399997
1444,2020,0.073799998
1444,2021,0.078900002
1444,2022,0.083099999
1444,2023,0.094400004
1444,2024,0.093500003
1444,2025,0.093900003
1445,2006,0.048
1445,2007,0.048999999
1445,2008,0.0504
1445,2009,0.054000001
1445,2010,0.050999999
1445,2011,0.0548
1445,2012,0.0594
1445,2013,0.059700001
1445,2014,0.060600001
1445,2015,0.064499997
1445,2016,0.071000002
1445,2017,0.062899999
1445,2018,0.067599997
1445,2019,0.069300003
1445,2020,0.073899999
1445,2021,0.077399999
1445,2022,0.083999999
1445,2023,0.091399997
1445,2024,0.084700003
1445,2025,0.096100003
1446,2006,0.045499999
1446,2007,0.0515
1446,2008,0.049600001
1446,2009,0.049600001
1446,2010,0.0535
1446,2011,0.056699999
1446,2012,0.0561
1446,2013,0.059
1446,2014,0.060600001
1446,2015,0.063500002
1446,2016,0.0638
1446,2017,0.064300001
1446,2018,0.063000001
1446,2019,0.069899999
1446,2020,0.071400002
1446,2021,0.073100001
1446,2022,0.075199999
1446,2023,0.0788
1446,2024,0.088
1446,2025,0.080899999
1447,2006,0.059700001
1447,2007,0.067299999
1447,2008,0.070500001
1447,2009,0.070600003
1447,2010,0.073600002
1447,2011,0.0836
1447,2012,0.080899999
1447,2013,0.075199999
1447,2014,0.083999999
1447,2015,0.081100002
1447,2016,0.077399999
1447,2017,0.079999998
1447,2018,0.083499998
1447,2019,0.080600001
1447,2020,0.074000001
1447,2021,0.080300003
1447,2022,0.095200002
1447,2023,0.087399997
1447,2024,0.095799997
1447,2025,0.091600001
1452,2006,0.056000002
1452,2007,0.050099999
1452,2008,0.054099999
1452,2009,0.0559
1452,2010,0.056699999
1452,2011,0.0572
1452,2012,0.056699999
1452,2013,0.057300001
1452,2014,0.057399999
1452,2015,0.0612
1452,2016,0.061900001
1452,2017,0.065399997
1452,2018,0.066799998
1452,2019,0.074199997
1452,2020,0.0713
1452,2021,0.074900001
1452,2022,0.084100001
1452,2023,0.083999999
1452,2024,0.088
1452,2025,0.084600002
1460,2006,0.0603
1460,2007,0.060600001
1460,2008,0.061900001
1460,2009,0.0647
1460,2010,0.0713
1460,2011,0.070799999
1460,2012,0.0713
1460,2013,0.071199998
1460,2014,0.069499999
1460,2015,0.0744
1460,2016,0.0792
1460,2017,0.074299999
1460,2018,0.083400004
1460,2019,0.0854
1460,2020,0.084299996
1460,2021,0.090499997
1460,2022,0.091300003
1460,2023,0.092699997
1460,2024,0.097099997
1460,2025,0.099399999
1461,2006,0.0656
1461,2007,0.064499997
1461,2008,0.0647
1461,2009,0.067599997
1461,2010,0.065899998
1461,2011,0.065499999
1461,2012,0.071199998
1461,2013,0.071400002
1461,2014,0.069300003
1461,2015,0.0748
1461,2016,0.072300002
1461,2017,0.075000003
1461,2018,0.076399997
1461,2019,0.081699997
1461,2020,0.079700001
1461,2021,0.085199997
1461,2022,0.080799997
1461,2023,0.0792
1461,2024,0.078500003
1461,2025,0.080200002
1462,2006,0.064300001
1462,2007,0.061000001
1462,2008,0.059099998
1462,2009,0.063100003
1462,2010,0.058800001
1462,2011,0.062600002
1462,2012,0.067299999
1462,2013,0.068499997
1462,2014,0.075400002
1462,2015,0.076399997
1462,2016,0.079300001
1462,2017,0.078100003
1462,2018,0.0788
1462,2019,0.078400001
1462,2020,0.082400002
1462,2021,0.086400002
1462,2022,0.0854
1462,2023,0.090000004
1462,2024,0.088399999
1462,2025,0.092100002
1463,2006,0.055300001
1463,2007,0.056400001
1463,2008,0.056200001
1463,2009,0.055500001
1463,2010,0.057399999
1463,2011,0.059799999
1463,2012,0.062899999
1463,2013,0.066399999
1463,2014,0.067299999
1463,2015,0.071199998
1463,2016,0.072800003
1463,2017,0.070600003
1463,2018,0.071599998
1463,2019,0.073100001
1463,2020,0.073700003
1463,2021,0.078000002
1463,2022,0.080300003
1463,2023,0.082000002
1463,2024,0.087800004
1463,2025,0.087800004
1465,2006,0.048599999
1465,2007,0.047600001
1465,2008,0.045200001
1465,2009,0.053199999
1465,2010,0.049600001
1465,2011,0.050500002
1465,2012,0.053100001
1465,2013,0.057500001
1465,2014,0.061999999
1465,2015,0.0601
1465,2016,0.059099998
1465,2017,0.061000001
1465,2018,0.060600001
1465,2019,0.0634
1465,2020,0.064900003
1465,2021,0.072700001
1465,2022,0.076300003
1465,2023,0.082900003
1465,2024,0.086900003
1465,2025,0.0911
1466,2006,0.050999999
1466,2007,0.052099999
1466,2008,0.0535
1466,2009,0.051899999
1466,2010,0.048900001
1466,2011,0.053300001
1466,2012,0.054699998
1466,2013,0.0581
1466,2014,0.064999998
1466,2015,0.067299999
1466,2016,0.068099998
1466,2017,0.070500001
1466,2018,0.068400003
1466,2019,0.071699999
1466,2020,0.075400002
1466,2021,0.075900003
1466,2022,0.0836
1466,2023,0.089000002
1466,2024,0.089199997
1466,2025,0.087700002
1470,2006,0.0601
1470,2007,0.062199999
1470,2008,0.059
1470,2009,0.0616
1470,2010,0.063699998
1470,2011,0.064999998
1470,2012,0.065800004
1470,2013,0.062399998
1470,2014,0.066699997
1470,2015,0.070500001
1470,2016,0.068499997
1470,2017,0.0722
1470,2018,0.077500001
1470,2019,0.077699997
1470,2020,0.081200004
1470,2021,0.084100001
1470,2022,0.089599997
1470,2023,0.0867
1470,2024,0.089900002
1470,2025,0.094800003
1471,2006,0.054200001
1471,2007,0.0524
1471,2008,0.053199999
1471,2009,0.0535
1471,2010,0.053599998
1471,2011,0.056899998
1471,2012,0.057100002
1471,2013,0.064300001
1471,2014,0.070100002
1471,2015,0.071400002
1471,2016,0.067400001
1471,2017,0.071699999
1471,2018,0.075499997
1471,2019,0.074199997
1471,2020,0.075599998
1471,2021,0.080899999
1471,2022,0.086000003
1471,2023,0.087200001
1471,2024,0.092799999
1471,2025,0.094499998
1472,2006,0.055199999
1472,2007,0.055
1472,2008,0.056899998
1472,2009,0.053800002
1472,2010,0.053399999
1472,2011,0.054099999
1472,2012,0.053300001
1472,2013,0.055199999
1472,2014,0.054499999
1472,2015,0.055500001
1472,2016,0.059
1472,2017,0.059599999
1472,2018,0.0614
1472,2019,0.066399999
1472,2020,0.068999998
1472,2021,0.073200002
1472,2022,0.076800004
1472,2023,0.082400002
1472,2024,0.091700003
1472,2025,0.0898
1473,2006,0.061299998
1473,2007,0.058800001
1473,2008,0.058400001
1473,2009,0.062600002
1473,2010,0.058400001
1473,2011,0.068000004
1473,2012,0.067100003
1473,2013,0.0735
1473,2014,0.076300003
1473,2015,0.077399999
1473,2016,0.074600004
1473,2017,0.074100003
1473,2018,0.077399999
1473,2019,0.082699999
1473,2020,0.080300003
1473,2021,0.085100003
1473,2022,0.098800004
1473,2023,0.094300002
1473,2024,0.095899999
1473,2025,0.098499998
1480,2006,0.060699999
1480,2007,0.0603
1480,2008,0.0601
1480,2009,0.0601
1480,2010,0.061299998
1480,2011,0.062199999
1480,2012,0.063100003
1480,2013,0.064400002
1480,2014,0.066399999
1480,2015,0.068599999
1480,2016,0.069399998
1480,2017,0.069700003
1480,2018,0.069600001
1480,2019,0.071199998
1480,2020,0.0722
1480,2021,0.073399998
1480,2022,0.0748
1480,2023,0.076399997
1480,2024,0.078299999
1480,2025,0.078900002
1481,2006,0.059099998
1481,2007,0.0579
1481,2008,0.058400001
1481,2009,0.057799999
1481,2010,0.0601
1481,2011,0.062899999
1481,2012,0.062600002
1481,2013,0.062600002
1481,2014,0.066
1481,2015,0.069399998
1481,2016,0.0691
1481,2017,0.0704
1481,2018,0.072400004
1481,2019,0.072700001
1481,2020,0.074199997
1481,2021,0.0757
1481,2022,0.077799998
1481,2023,0.079400003
1481,2024,0.081799999
1481,2025,0.083700001
1482,2006,0.061099999
1482,2007,0.059900001
1482,2008,0.0603
1482,2009,0.0601
1482,2010,0.062100001
1482,2011,0.0623
1482,2012,0.0656
1482,2013,0.065200001
1482,2014,0.069300003
1482,2015,0.071500003
1482,2016,0.075900003
1482,2017,0.073200002
1482,2018,0.074500002
1482,2019,0.0757
1482,2020,0.075999998
1482,2021,0.079400003
1482,2022,0.081500001
1482,2023,0.083999999
1482,2024,0.086000003
1482,2025,0.0836
1484,2006,0.068599999
1484,2007,0.0691
1484,2008,0.068499997
1484,2009,0.068599999
1484,2010,0.068599999
1484,2011,0.069799997
1484,2012,0.0722
1484,2013,0.073799998
1484,2014,0.081699997
1484,2015,0.089100003
1484,2016,0.083899997
1484,2017,0.082199998
1484,2018,0.084299996
1484,2019,0.083999999
1484,2020,0.083499998
1484,2021,0.087499999
1484,2022,0.091899998
1484,2023,0.091499999
1484,2024,0.096299998
1484,2025,0.0999
1485,2006,0.066600002
1485,2007,0.0682
1485,2008,0.069600001
1485,2009,0.065899998
1485,2010,0.067500003
1485,2011,0.069600001
1485,2012,0.069300003
1485,2013,0.071199998
1485,2014,0.072800003
1485,2015,0.076499999
1485,2016,0.075400002
1485,2017,0.074900001
1485,2018,0.078699999
1485,2019,0.082900003
1485,2020,0.085299999
1485,2021,0.088399999
1485,2022,0.090800002
1485,2023,0.092699997
1485,2024,0.095200002
1485,2025,0.099100001
1486,2006,0.047600001
1486,2007,0.0471
1486,2008,0.046
1486,2009,0.0462
1486,2010,0.045600001
1486,2011,0.048
1486,2012,0.047899999
1486,2013,0.050999999
1486,2014,0.0572
1486,2015,0.064199999
1486,2016,0.0616
1486,2017,0.0634
1486,2018,0.071900003
1486,2019,0.075800002
1486,2020,0.082199998
1486,2021,0.083800003
1486,2022,0.092100002
1486,2023,0.094300002
1486,2024,0.1013
1486,2025,0.098999999
1487,2006,0.068800002
1487,2007,0.068999998
1487,2008,0.069799997
1487,2009,0.067599997
1487,2010,0.070500001
1487,2011,0.074600004
1487,2012,0.076399997
1487,2013,0.076800004
1487,2014,0.0779
1487,2015,0.079499997
1487,2016,0.079499997
1487,2017,0.083099999
1487,2018,0.084299996
1487,2019,0.082500003
1487,2020,0.082199998
1487,2021,0.086800002
1487,2022,0.091600001
1487,2023,0.096299998
1487,2024,0.098399997
1487,2025,0.1002
1488,2006,0.0616
1488,2007,0.0603
1488,2008,0.058600001
1488,2009,0.059099998
1488,2010,0.062700003
1488,2011,0.064599998
1488,2012,0.067599997
1488,2013,0.066600002
1488,2014,0.068000004
1488,2015,0.0726
1488,2016,0.072300002
1488,2017,0.075000003
1488,2018,0.075499997
1488,2019,0.076300003
1488,2020,0.075999998
1488,2021,0.079400003
1488,2022,0.083800003
1488,2023,0.086800002
1488,2024,0.087899998
1488,2025,0.088799998
1489,2006,0.064000003
1489,2007,0.064300001
1489,2008,0.060699999
1489,2009,0.061799999
1489,2010,0.062600002
1489,2011,0.064400002
1489,2012,0.065399997
1489,2013,0.069899999
1489,2014,0.071599998
1489,2015,0.072899997
1489,2016,0.075199999
1489,2017,0.074900001
1489,2018,0.075000003
1489,2019,0.0766
1489,2020,0.077500001
1489,2021,0.080399998
1489,2022,0.081900001
1489,2023,0.087200001
1489,2024,0.088799998
1489,2025,0.089100003
1490,2006,0.055399999
1490,2007,0.055
1490,2008,0.0561
1490,2009,0.055799998
1490,2010,0.057599999
1490,2011,0.058499999
1490,2012,0.060199998
1490,2013,0.061799999
1490,2014,0.064300001
1490,2015,0.0656
1490,2016,0.0669
1490,2017,0.066600002
1490,2018,0.068599999
1490,2019,0.071099997
1490,2020,0.070900001
1490,2021,0.071099997
1490,2022,0.073799998
1490,2023,0.076499999
1490,2024,0.078199998
1490,2025,0.080899999
1491,2006,0.047400001
1491,2007,0.048599999
1491,2008,0.048
1491,2009,0.048700001
1491,2010,0.051100001
1491,2011,0.055
1491,2012,0.058200002
1491,2013,0.057
1491,2014,0.059700001
1491,2015,0.0623
1491,2016,0.0625
1491,2017,0.064999998
1491,2018,0.067000002
1491,2019,0.067000002
1491,2020,0.066699997
1491,2021,0.069399998
1491,2022,0.0726
1491,2023,0.075599998
1491,2024,0.077299997
1491,2025,0.082500003
1492,2006,0.054299999
1492,2007,0.055
1492,2008,0.059300002
1492,2009,0.0594
1492,2010,0.0614
1492,2011,0.0605
1492,2012,0.061799999
1492,2013,0.062199999
1492,2014,0.064999998
1492,2015,0.069899999
1492,2016,0.068700001
1492,2017,0.068700001
1492,2018,0.071999997
1492,2019,0.073200002
1492,2020,0.079400003
1492,2021,0.076099999
1492,2022,0.084100001
1492,2023,0.084299996
1492,2024,0.086499996
1492,2025,0.092
1493,2006,0.0546
1493,2007,0.055500001
1493,2008,0.057599999
1493,2009,0.059
1493,2010,0.061799999
1493,2011,0.063199997
1493,2012,0.066799998
1493,2013,0.068800002
1493,2014,0.069399998
1493,2015,0.069399998
1493,2016,0.074600004
1493,2017,0.074699998
1493,2018,0.077100001
1493,2019,0.077600002
1493,2020,0.079300001
1493,2021,0.084700003
1493,2022,0.085699998
1493,2023,0.087300003
1493,2024,0.087399997
1493,2025,0.094499998
1494,2006,0.057799999
1494,2007,0.056699999
1494,2008,0.057
1494,2009,0.058899999
1494,2010,0.060199998
1494,2011,0.061900001
1494,2012,0.066500001
1494,2013,0.067599997
1494,2014,0.071199998
1494,2015,0.0744
1494,2016,0.076099999
1494,2017,0.075999998
1494,2018,0.078299999
1494,2019,0.081200004
1494,2020,0.083800003
1494,2021,0.087899998
1494,2022,0.090300001
1494,2023,0.096000001
1494,2024,0.094899997
1494,2025,0.097000003
1495,2006,0.056699999
1495,2007,0.057700001
1495,2008,0.057300001
1495,2009,0.054699998
1495,2010,0.056000002
1495,2011,0.059900001
1495,2012,0.060699999
1495,2013,0.061299998
1495,2014,0.062700003
1495,2015,0.064999998
1495,2016,0.063199997
1495,2017,0.065899998
1495,2018,0.068499997
1495,2019,0.071000002
1495,2020,0.076099999
1495,2021,0.0814
1495,2022,0.085299999
1495,2023,0.091499999
1495,2024,0.097499996
1495,2025,0.098099999
1496,2006,0.050999999
1496,2007,0.053300001
1496,2008,0.0537
1496,2009,0.053100001
1496,2010,0.055799998
1496,2011,0.0603
1496,2012,0.062700003
1496,2013,0.064499997
1496,2014,0.065200001
1496,2015,0.068099998
1496,2016,0.069799997
1496,2017,0.070500001
1496,2018,0.073100001
1496,2019,0.075300001
1496,2020,0.076899998
1496,2021,0.0779
1496,2022,0.079700001
1496,2023,0.083400004
1496,2024,0.086000003
1496,2025,0.086900003
1497,2006,0.0669
1497,2007,0.066100001
1497,2008,0.063299999
1497,2009,0.0614
1497,2010,0.056899998
1497,2011,0.064999998
1497,2012,0.060800001
1497,2013,0.067900002
1497,2014,0.069899999
1497,2015,0.070500001
1497,2016,0.072999999
1497,2017,0.078599997
1497,2018,0.0814
1497,2019,0.084399998
1497,2020,0.0854
1497,2021,0.080799997
1497,2022,0.087700002
1497,2023,0.093900003
1497,2024,0.096799999
1497,2025,0.0977
1498,2006,0.055
1498,2007,0.059700001
1498,2008,0.061500002
1498,2009,0.062600002
1498,2010,0.068000004
1498,2011,0.071699999
1498,2012,0.074000001
1498,2013,0.0691
1498,2014,0.0678
1498,2015,0.072300002
1498,2016,0.072300002
1498,2017,0.077799998
1498,2018,0.0779
1498,2019,0.079099998
1498,2020,0.086400002
1498,2021,0.088200003
1498,2022,0.094499998
1498,2023,0.1006
1498,2024,0.1048
1498,2025,0.104
1499,2006,0.054299999
1499,2007,0.054000001
1499,2008,0.056200001
1499,2009,0.058499999
1499,2010,0.0603
1499,2011,0.061900001
1499,2012,0.061000001
1499,2013,0.062799998
1499,2014,0.064999998
1499,2015,0.064999998
1499,2016,0.066500001
1499,2017,0.066200003
1499,2018,0.068400003
1499,2019,0.071099997
1499,2020,0.074900001
1499,2021,0.079400003
1499,2022,0.080899999
1499,2023,0.085699998
1499,2024,0.089100003
1499,2025,0.089500003
1715,2006,0.055199999
1715,2007,0.054299999
1715,2008,0.054699998
1715,2009,0.0594
1715,2010,0.0625
1715,2011,0.064499997
1715,2012,0.064999998
1715,2013,0.066299997
1715,2014,0.065800004
1715,2015,0.076800004
1715,2016,0.079499997
1715,2017,0.075099997
1715,2018,0.075000003
1715,2019,0.084200002
1715,2020,0.082000002
1715,2021,0.083099999
1715,2022,0.089100003
1715,2023,0.097400002
1715,2024,0.1038
1715,2025,0.1028
1730,2006,0.053599998
1730,2007,0.053800002
1730,2008,0.056600001
1730,2009,0.0561
1730,2010,0.054200001
1730,2011,0.058899999
1730,2012,0.060400002
1730,2013,0.069499999
1730,2014,0.063900001
1730,2015,0.0722
1730,2016,0.0788
1730,2017,0.0726
1730,2018,0.076399997
1730,2019,0.078900002
1730,2020,0.077799998
1730,2021,0.081699997
1730,2022,0.081299998
1730,2023,0.086099997
1730,2024,0.089500003
1730,2025,0.083800003
1737,2006,0.052099999
1737,2007,0.0557
1737,2008,0.0572
1737,2009,0.059099998
1737,2010,0.0603
1737,2011,0.061799999
1737,2012,0.058899999
1737,2013,0.061799999
1737,2014,0.059700001
1737,2015,0.063299999
1737,2016,0.067400001
1737,2017,0.068700001
1737,2018,0.069300003
1737,2019,0.0766
1737,2020,0.079800002
1737,2021,0.085199997
1737,2022,0.092
1737,2023,0.095899999
1737,2024,0.096799999
1737,2025,0.1013
1760,2006,0.0614
1760,2007,0.065200001
1760,2008,0.068099998
1760,2009,0.067900002
1760,2010,0.071699999
1760,2011,0.070200004
1760,2012,0.070799999
1760,2013,0.068300001
1760,2014,0.069899999
1760,2015,0.078100003
1760,2016,0.075099997
1760,2017,0.074500002
1760,2018,0.079300001
1760,2019,0.081600003
1760,2020,0.0858
1760,2021,0.093800001
1760,2022,0.0977
1760,2023,0.1036
1760,2024,0.1251
1760,2025,0.1132
1761,2006,0.050099999
1761,2007,0.053199999
1761,2008,0.053100001
1761,2009,0.0517
1761,2010,0.0537
1761,2011,0.053399999
1761,2012,0.0502
1761,2013,0.053100001
1761,2014,0.0561
1761,2015,0.055
1761,2016,0.056200001
1761,2017,0.056499999
1761,2018,0.057999998
1761,2019,0.0614
1761,2020,0.064199999
1761,2021,0.066500001
1761,2022,0.070200004
1761,2023,0.079599999
1761,2024,0.081299998
1761,2025,0.084799998
1762,2006,0.057700001
1762,2007,0.0581
1762,2008,0.0557
1762,2009,0.0583
1762,2010,0.061299998
1762,2011,0.068899997
1762,2012,0.072999999
1762,2013,0.065099999
1762,2014,0.071599998
1762,2015,0.074699998
1762,2016,0.079300001
1762,2017,0.085699998
1762,2018,0.084100001
1762,2019,0.090700001
1762,2020,0.097400002
1762,2021,0.101
1762,2022,0.0964
1762,2023,0.1066
1762,2024,0.099600002
1762,2025,0.1006
1763,2006,0.0592
1763,2007,0.058699999
1763,2008,0.0603
1763,2009,0.061299998
1763,2010,0.060199998
1763,2011,0.063000001
1763,2012,0.061999999
1763,2013,0.069799997
1763,2014,0.0713
1763,2015,0.075199999
1763,2016,0.075400002
1763,2017,0.075499997
1763,2018,0.074699998
1763,2019,0.0748
1763,2020,0.0788
1763,2021,0.079899997
1763,2022,0.0779
1763,2023,0.085100003
1763,2024,0.088299997
1763,2025,0.088399999
1764,2006,0.057799999
1764,2007,0.0638
1764,2008,0.061799999
1764,2009,0.058800001
1764,2010,0.063000001
1764,2011,0.066500001
1764,2012,0.068400003
1764,2013,0.071199998
1764,2014,0.067199998
1764,2015,0.071099997
1764,2016,0.068099998
1764,2017,0.072899997
1764,2018,0.072300002
1764,2019,0.0779
1764,2020,0.079599999
1764,2021,0.082099997
1764,2022,0.0889
1764,2023,0.094099998
1764,2024,0.1004
1764,2025,0.1087
1765,2006,0.053300001
1765,2007,0.051399998
1765,2008,0.0513
1765,2009,0.052999999
1765,2010,0.0526
1765,2011,0.056299999
1765,2012,0.058699999
1765,2013,0.0605
1765,2014,0.064000003
1765,2015,0.066699997
1765,2016,0.065700002
1765,2017,0.066699997
1765,2018,0.067599997
1765,2019,0.0713
1765,2020,0.069399998
1765,2021,0.073299997
1765,2022,0.076200001
1765,2023,0.075499997
1765,2024,0.082800001
1765,2025,0.086099997
1766,2006,0.051899999
1766,2007,0.053100001
1766,2008,0.054299999
1766,2009,0.059300002
1766,2010,0.0594
1766,2011,0.062899999
1766,2012,0.066600002
1766,2013,0.067400001
1766,2014,0.069899999
1766,2015,0.072999999
1766,2016,0.072499998
1766,2017,0.076200001
1766,2018,0.079000004
1766,2019,0.0801
1766,2020,0.078900002
1766,2021,0.084799998
1766,2022,0.088200003
1766,2023,0.088200003
1766,2024,0.093400002
1766,2025,0.095100001
1780,2006,0.055300001
1780,2007,0.0561
1780,2008,0.057500001
1780,2009,0.0583
1780,2010,0.058600001
1780,2011,0.0616
1780,2012,0.0625
1780,2013,0.063199997
1780,2014,0.0669
1780,2015,0.068599999
1780,2016,0.068400003
1780,2017,0.072899997
1780,2018,0.073299997
1780,2019,0.0779
1780,2020,0.0788
1780,2021,0.081
1780,2022,0.0836
1780,2023,0.0876
1780,2024,0.090999998
1780,2025,0.091799997
1781,2006,0.0616
1781,2007,0.063100003
1781,2008,0.064000003
1781,2009,0.060800001
1781,2010,0.062799998
1781,2011,0.066200003
1781,2012,0.065499999
1781,2013,0.070200004
1781,2014,0.069600001
1781,2015,0.0722
1781,2016,0.074600004
1781,2017,0.076899998
1781,2018,0.081
1781,2019,0.087499999
1781,2020,0.092399999
1781,2021,0.092
1781,2022,0.099299997
1781,2023,0.1028
1781,2024,0.1077
1781,2025,0.1093
1782,2006,0.050999999
1782,2007,0.055
1782,2008,0.056000002
1782,2009,0.057700001
1782,2010,0.056899998
1782,2011,0.0594
1782,2012,0.058699999
1782,2013,0.059599999
1782,2014,0.064199999
1782,2015,0.0678
1782,2016,0.0656
1782,2017,0.070900001
1782,2018,0.065899998
1782,2019,0.066600002
1782,2020,0.071400002
1782,2021,0.076399997
1782,2022,0.084600002
1782,2023,0.087499999
1782,2024,0.098499998
1782,2025,0.098999999
1783,2006,0.059300002
1783,2007,0.063699998
1783,2008,0.063699998
1783,2009,0.0634
1783,2010,0.063699998
1783,2011,0.064999998
1783,2012,0.065399997
1783,2013,0.072099999
1783,2014,0.076899998
1783,2015,0.074699998
1783,2016,0.078599997
1783,2017,0.085299999
1783,2018,0.088
1783,2019,0.091700003
1783,2020,0.091600001
1783,2021,0.099100001
1783,2022,0.102
1783,2023,0.1074
1783,2024,0.1139
1783,2025,0.1166
1784,2006,0.062100001
1784,2007,0.0616
1784,2008,0.059799999
1784,2009,0.059799999
1784,2010,0.063199997
1784,2011,0.060899999
1784,2012,0.066
1784,2013,0.067599997
1784,2014,0.068499997
1784,2015,0.0682
1784,2016,0.071599998
1784,2017,0.0779
1784,2018,0.078400001
1784,2019,0.077699997
1784,2020,0.077699997
1784,2021,0.079000004
1784,2022,0.083099999
1784,2023,0.088100001
1784,2024,0.091399997
1784,2025,0.092100002
1785,2006,0.058200002
1785,2007,0.061000001
1785,2008,0.061099999
1785,2009,0.063000001
1785,2010,0.065099999
1785,2011,0.069399998
1785,2012,0.072499998
1785,2013,0.075099997
1785,2014,0.077299997
1785,2015,0.077399999
1785,2016,0.074600004
1785,2017,0.078199998
1785,2018,0.078699999
1785,2019,0.0832
1785,2020,0.084200002
1785,2021,0.086000003
1785,2022,0.091300003
1785,2023,0.093400002
1785,2024,0.1031
1785,2025,0.1044
1814,2006,0.045299999
1814,2007,0.039799999
1814,2008,0.038699999
1814,2009,0.040899999
1814,2010,0.046300001
1814,2011,0.047400001
1814,2012,0.046300001
1814,2013,0.0482
1814,2014,0.052700002
1814,2015,0.0638
1814,2016,0.0579
1814,2017,0.063199997
1814,2018,0.063100003
1814,2019,0.070200004
1814,2020,0.069200002
1814,2021,0.075800002
1814,2022,0.077
1814,2023,0.078000002
1814,2024,0.076200001
1814,2025,0.073100001
1860,2006,0.0504
1860,2007,0.055399999
1860,2008,0.052499998
1860,2009,0.056699999
1860,2010,0.056299999
1860,2011,0.054699998
1860,2012,0.0572
1860,2013,0.0614
1860,2014,0.058899999
1860,2015,0.068800002
1860,2016,0.070900001
1860,2017,0.067400001
1860,2018,0.0691
1860,2019,0.072700001
1860,2020,0.071900003
1860,2021,0.080799997
1860,2022,0.087700002
1860,2023,0.091600001
1860,2024,0.092399999
1860,2025,0.092500001
1861,2006,0.044599999
1861,2007,0.045699999
1861,2008,0.0471
1861,2009,0.045699999
1861,2010,0.049600001
1861,2011,0.051399998
1861,2012,0.055500001
1861,2013,0.054000001
1861,2014,0.0546
1861,2015,0.052499998
1861,2016,0.0581
1861,2017,0.057500001
1861,2018,0.0572
1861,2019,0.063000001
1861,2020,0.062799998
1861,2021,0.067500003
1861,2022,0.067299999
1861,2023,0.0722
1861,2024,0.074900001
1861,2025,0.077
1862,2006,0.0559
1862,2007,0.0614
1862,2008,0.0623
1862,2009,0.062700003
1862,2010,0.062199999
1862,2011,0.063500002
1862,2012,0.062799998
1862,2013,0.066699997
1862,2014,0.069600001
1862,2015,0.0722
1862,2016,0.075499997
1862,2017,0.074699998
1862,2018,0.078199998
1862,2019,0.080799997
1862,2020,0.0823
1862,2021,0.090899996
1862,2022,0.086400002
1862,2023,0.087300003
1862,2024,0.089199997
1862,2025,0.1025
1863,2006,0.043200001
1863,2007,0.048500001
1863,2008,0.0491
1863,2009,0.045899998
1863,2010,0.0469
1863,2011,0.046700001
1863,2012,0.0436
1863,2013,0.052499998
1863,2014,0.054099999
1863,2015,0.050700001
1863,2016,0.0502
1863,2017,0.052000001
1863,2018,0.057300001
1863,2019,0.056200001
1863,2020,0.0605
1863,2021,0.0638
1863,2022,0.068000004
1863,2023,0.067699999
1863,2024,0.072300002
1863,2025,0.074900001
1864,2006,0.056499999
1864,2007,0.057300001
1864,2008,0.054099999
1864,2009,0.056699999
1864,2010,0.057700001
1864,2011,0.056000002
1864,2012,0.060800001
1864,2013,0.068000004
1864,2014,0.064400002
1864,2015,0.069899999
1864,2016,0.072800003
1864,2017,0.0735
1864,2018,0.071599998
1864,2019,0.074299999
1864,2020,0.082599998
1864,2021,0.082599998
1864,2022,0.0792
1864,2023,0.086099997
1864,2024,0.097599998
1864,2025,0.0902
1880,2006,0.045600001
1880,2007,0.046500001
1880,2008,0.046799999
1880,2009,0.0471
1880,2010,0.047800001
1880,2011,0.049699999
1880,2012,0.049600001
1880,2013,0.050700001
1880,2014,0.053800002
1880,2015,0.056400001
1880,2016,0.058800001
1880,2017,0.060400002
1880,2018,0.063600004
1880,2019,0.064999998
1880,2020,0.0669
1880,2021,0.0713
1880,2022,0.072999999
1880,2023,0.075599998
1880,2024,0.076700002
1880,2025,0.079300001
1881,2006,0.043499999
1881,2007,0.045000002
1881,2008,0.043099999
1881,2009,0.0416
1881,2010,0.0429
1881,2011,0.045600001
1881,2012,0.045499999
1881,2013,0.0484
1881,2014,0.049400002
1881,2015,0.0528
1881,2016,0.0557
1881,2017,0.0594
1881,2018,0.059999999
1881,2019,0.062799998
1881,2020,0.066399999
1881,2021,0.068300001
1881,2022,0.070799999
1881,2023,0.074600004
1881,2024,0.073200002
1881,2025,0.071199998
1882,2006,0.041000001
1882,2007,0.0414
1882,2008,0.042100001
1882,2009,0.047600001
1882,2010,0.0462
1882,2011,0.048799999
1882,2012,0.047800001
1882,2013,0.050099999
1882,2014,0.0524
1882,2015,0.054900002
1882,2016,0.056299999
1882,2017,0.056600001
1882,2018,0.058400001
1882,2019,0.060800001
1882,2020,0.061000001
1882,2021,0.060699999
1882,2022,0.067000002
1882,2023,0.074000001
1882,2024,0.075999998
1882,2025,0.080600001
1883,2006,0.046399999
1883,2007,0.050799999
1883,2008,0.052000001
1883,2009,0.051100001
1883,2010,0.054699998
1883,2011,0.057300001
1883,2012,0.059999999
1883,2013,0.059799999
1883,2014,0.061500002
1883,2015,0.065099999
1883,2016,0.063299999
1883,2017,0.065899998
1883,2018,0.063199997
1883,2019,0.067699999
1883,2020,0.065399997
1883,2021,0.068000004
1883,2022,0.071099997
1883,2023,0.072800003
1883,2024,0.076499999
1883,2025,0.082500003
1884,2006,0.0502
1884,2007,0.050900001
1884,2008,0.050099999
1884,2009,0.053599998
1884,2010,0.055799998
1884,2011,0.057599999
1884,2012,0.059900001
1884,2013,0.059099998
1884,2014,0.059599999
1884,2015,0.061900001
1884,2016,0.065499999
1884,2017,0.068300001
1884,2018,0.074500002
1884,2019,0.079300001
1884,2020,0.075400002
1884,2021,0.081900001
1884,2022,0.083499998
1884,2023,0.087899998
1884,2024,0.0858
1884,2025,0.090400003
1885,2006,0.0405
1885,2007,0.042399999
1885,2008,0.039700001
1885,2009,0.044300001
1885,2010,0.044500001
1885,2011,0.046100002
1885,2012,0.0471
1885,2013,0.050099999
1885,2014,0.052200001
1885,2015,0.051899999
1885,2016,0.056499999
1885,2017,0.053399999
1885,2018,0.059599999
1885,2019,0.0612
1885,2020,0.061700001
1885,2021,0.066
1885,2022,0.0704
1885,2023,0.073899999
1885,2024,0.077699997
1885,2025,0.078900002
1904,2006,0.050000001
1904,2007,0.058699999
1904,2008,0.0581
1904,2009,0.0614
1904,2010,0.067699999
1904,2011,0.068300001
1904,2012,0.062899999
1904,2013,0.058800001
1904,2014,0.060600001
1904,2015,0.063699998
1904,2016,0.068000004
1904,2017,0.072499998
1904,2018,0.071099997
1904,2019,0.077600002
1904,2020,0.076899998
1904,2021,0.082400002
1904,2022,0.093500003
1904,2023,0.095700003
1904,2024,0.1032
1904,2025,0.0986
1907,2006,0.0495
1907,2007,0.0491
1907,2008,0.053399999
1907,2009,0.054400001
1907,2010,0.054900002
1907,2011,0.057300001
1907,2012,0.056299999
1907,2013,0.059900001
1907,2014,0.068599999
1907,2015,0.066100001
1907,2016,0.065700002
1907,2017,0.068899997
1907,2018,0.075999998
1907,2019,0.083099999
1907,2020,0.079700001
1907,2021,0.080399998
1907,2022,0.079300001
1907,2023,0.081799999
1907,2024,0.091700003
1907,2025,0.096199997
1960,2006,0.051199999
1960,2007,0.053199999
1960,2008,0.057399999
1960,2009,0.059500001
1960,2010,0.063699998
1960,2011,0.061099999
1960,2012,0.062799998
1960,2013,0.064900003
1960,2014,0.066600002
1960,2015,0.070200004
1960,2016,0.069499999
1960,2017,0.0726
1960,2018,0.0748
1960,2019,0.075800002
1960,2020,0.078500003
1960,2021,0.081799999
1960,2022,0.080499999
1960,2023,0.078100003
1960,2024,0.080300003
1960,2025,0.083700001
1961,2006,0.0559
1961,2007,0.057599999
1961,2008,0.053800002
1961,2009,0.0548
1961,2010,0.054099999
1961,2011,0.054400001
1961,2012,0.055799998
1961,2013,0.0572
1961,2014,0.058200002
1961,2015,0.061999999
1961,2016,0.062799998
1961,2017,0.065300003
1961,2018,0.0678
1961,2019,0.070600003
1961,2020,0.073600002
1961,2021,0.075599998
1961,2022,0.077799998
1961,2023,0.0823
1961,2024,0.084799998
1961,2025,0.088799998
1962,2006,0.0473
1962,2007,0.0482
1962,2008,0.055
1962,2009,0.054000001
1962,2010,0.0568
1962,2011,0.0594
1962,2012,0.061099999
1962,2013,0.056200001
1962,2014,0.059799999
1962,2015,0.0612
1962,2016,0.065700002
1962,2017,0.069300003
1962,2018,0.070200004
1962,2019,0.0744
1962,2020,0.079700001
1962,2021,0.075499997
1962,2022,0.086199999
1962,2023,0.087399997
1962,2024,0.1002
1962,2025,0.1099
1980,2006,0.054699998
1980,2007,0.055
1980,2008,0.056000002
1980,2009,0.054499999
1980,2010,0.055199999
1980,2011,0.0568
1980,2012,0.057100002
1980,2013,0.058899999
1980,2014,0.060199998
1980,2015,0.064000003
1980,2016,0.066
1980,2017,0.065899998
1980,2018,0.0678
1980,2019,0.070600003
1980,2020,0.070200004
1980,2021,0.073899999
1980,2022,0.076800004
1980,2023,0.079300001
1980,2024,0.081799999
1980,2025,0.083800003
1981,2006,0.0581
1981,2007,0.057100002
1981,2008,0.059599999
1981,2009,0.057399999
1981,2010,0.057500001
1981,2011,0.058499999
1981,2012,0.062899999
1981,2013,0.066699997
1981,2014,0.066600002
1981,2015,0.0682
1981,2016,0.069200002
1981,2017,0.070500001
1981,2018,0.072099999
1981,2019,0.072899997
1981,2020,0.077500001
1981,2021,0.078900002
1981,2022,0.0836
1981,2023,0.087200001
1981,2024,0.091799997
1981,2025,0.093800001
1982,2006,0.0447
1982,2007,0.0447
1982,2008,0.046700001
1982,2009,0.046500001
1982,2010,0.0493
1982,2011,0.049600001
1982,2012,0.048099998
1982,2013,0.050099999
1982,2014,0.051100001
1982,2015,0.052299999
1982,2016,0.0557
1982,2017,0.056000002
1982,2018,0.059799999
1982,2019,0.065300003
1982,2020,0.063199997
1982,2021,0.065499999
1982,2022,0.068700001
1982,2023,0.072899997
1982,2024,0.084399998
1982,2025,0.086300001
1983,2006,0.051800001
1983,2007,0.051399998
1983,2008,0.0502
1983,2009,0.051600002
1983,2010,0.051899999
1983,2011,0.054000001
1983,2012,0.050900001
1983,2013,0.0513
1983,2014,0.057300001
1983,2015,0.058699999
1983,2016,0.059900001
1983,2017,0.062600002
1983,2018,0.063000001
1983,2019,0.0638
1983,2020,0.063199997
1983,2021,0.064900003
1983,2022,0.070100002
1983,2023,0.072700001
1983,2024,0.079899997
1983,2025,0.083300002
1984,2006,0.048799999
1984,2007,0.049800001
1984,2008,0.050000001
1984,2009,0.0504
1984,2010,0.051800001
1984,2011,0.0517
1984,2012,0.056600001
1984,2013,0.055399999
1984,2014,0.056299999
1984,2015,0.057100002
1984,2016,0.055399999
1984,2017,0.056000002
1984,2018,0.060400002
1984,2019,0.061999999
1984,2020,0.0601
1984,2021,0.063500002
1984,2022,0.068300001
1984,2023,0.0801
1984,2024,0.0788
1984,2025,0.081900001
2021,2006,0.048500001
2021,2007,0.0451
2021,2008,0.0493
2021,2009,0.050000001
2021,2010,0.049899999
2021,2011,0.051800001
2021,2012,0.054099999
2021,2013,0.055100001
2021,2014,0.057100002
2021,2015,0.066200003
2021,2016,0.064599998
2021,2017,0.065800004
2021,2018,0.067000002
2021,2019,0.077200003
2021,2020,0.084899999
2021,2021,0.086000003
2021,2022,0.088100001
2021,2023,0.094499998
2021,2024,0.096299998
2021,2025,0.1036
2023,2006,0.048700001
2023,2007,0.050799999
2023,2008,0.047400001
2023,2009,0.044799998
2023,2010,0.0495
2023,2011,0.047499999
2023,2012,0.0504
2023,2013,0.052999999
2023,2014,0.0528
2023,2015,0.056000002
2023,2016,0.055799998
2023,2017,0.054200001
2023,2018,0.059799999
2023,2019,0.064800002
2023,2020,0.065200001
2023,2021,0.069600001
2023,2022,0.0744
2023,2023,0.078900002
2023,2024,0.083700001
2023,2025,0.080799997
2026,2006,0.0471
2026,2007,0.048300002
2026,2008,0.046300001
2026,2009,0.0471
2026,2010,0.0449
2026,2011,0.047499999
2026,2012,0.0471
2026,2013,0.0513
2026,2014,0.051600002
2026,2015,0.054299999
2026,2016,0.056200001
2026,2017,0.064300001
2026,2018,0.065399997
2026,2019,0.066699997
2026,2020,0.067199998
2026,2021,0.071699999
2026,2022,0.078100003
2026,2023,0.075199999
2026,2024,0.079099998
2026,2025,0.084799998
2029,2006,0.047600001
2029,2007,0.046700001
2029,2008,0.048099998
2029,2009,0.047899999
2029,2010,0.052999999
2029,2011,0.055
2029,2012,0.056699999
2029,2013,0.055399999
2029,2014,0.060600001
2029,2015,0.062899999
2029,2016,0.063900001
2029,2017,0.068099998
2029,2018,0.070600003
2029,2019,0.071599998
2029,2020,0.0691
2029,2021,0.075900003
2029,2022,0.079099998
2029,2023,0.084600002
2029,2024,0.088699996
2029,2025,0.088399999
2031,2006,0.0537
2031,2007,0.050900001
2031,2008,0.050000001
2031,2009,0.050299998
2031,2010,0.048300002
2031,2011,0.051899999
2031,2012,0.051100001
2031,2013,0.056699999
2031,2014,0.064400002
2031,2015,0.064099997
2031,2016,0.066299997
2031,2017,0.065499999
2031,2018,0.068400003
2031,2019,0.072999999
2031,2020,0.070299998
2031,2021,0.074600004
2031,2022,0.081799999
2031,2023,0.079999998
2031,2024,0.082699999
2031,2025,0.085100003
2034,2006,0.048599999
2034,2007,0.0493
2034,2008,0.051800001
2034,2009,0.053800002
2034,2010,0.057300001
2034,2011,0.058699999
2034,2012,0.062100001
2034,2013,0.064800002
2034,2014,0.068999998
2034,2015,0.067500003
2034,2016,0.070900001
2034,2017,0.071500003
2034,2018,0.079599999
2034,2019,0.083300002
2034,2020,0.0779
2034,2021,0.085000001
2034,2022,0.086599998
2034,2023,0.097499996
2034,2024,0.092100002
2034,2025,0.1043
2039,2006,0.056200001
2039,2007,0.055300001
2039,2008,0.0524
2039,2009,0.0491
2039,2010,0.056499999
2039,2011,0.055
2039,2012,0.061500002
2039,2013,0.060400002
2039,2014,0.0669
2039,2015,0.0726
2039,2016,0.0682
2039,2017,0.068300001
2039,2018,0.071699999
2039,2019,0.0744
2039,2020,0.071999997
2039,2021,0.071999997
2039,2022,0.0744
2039,2023,0.087200001
2039,2024,0.097800002
2039,2025,0.094499998
2061,2006,0.054400001
2061,2007,0.054200001
2061,2008,0.054400001
2061,2009,0.050000001
2061,2010,0.0495
2061,2011,0.050999999
2061,2012,0.059500001
2061,2013,0.063100003
2061,2014,0.069300003
2061,2015,0.0704
2061,2016,0.068400003
2061,2017,0.074600004
2061,2018,0.077100001
2061,2019,0.079999998
2061,2020,0.0788
2061,2021,0.080499999
2061,2022,0.088
2061,2023,0.091300003
2061,2024,0.094099998
2061,2025,0.096199997
2062,2006,0.050500002
2062,2007,0.050299998
2062,2008,0.0484
2062,2009,0.047800001
2062,2010,0.0491
2062,2011,0.054499999
2062,2012,0.0548
2062,2013,0.0568
2062,2014,0.063199997
2062,2015,0.065899998
2062,2016,0.063199997
2062,2017,0.065399997
2062,2018,0.07
2062,2019,0.073700003
2062,2020,0.077299997
2062,2021,0.078400001
2062,2022,0.080300003
2062,2023,0.085199997
2062,2024,0.088500001
2062,2025,0.091399997
2080,2006,0.0447
2080,2007,0.044300001
2080,2008,0.0449
2080,2009,0.044
2080,2010,0.044399999
2080,2011,0.046100002
2080,2012,0.047800001
2080,2013,0.049400002
2080,2014,0.0535
2080,2015,0.058499999
2080,2016,0.061299998
2080,2017,0.063900001
2080,2018,0.064400002
2080,2019,0.067400001
2080,2020,0.070900001
2080,2021,0.074199997
2080,2022,0.080700003
2080,2023,0.084100001
2080,2024,0.087099999
2080,2025,0.086900003
2081,2006,0.045200001
2081,2007,0.045000002
2081,2008,0.045299999
2081,2009,0.045299999
2081,2010,0.045499999
2081,2011,0.0458
2081,2012,0.046
2081,2013,0.048300002
2081,2014,0.050799999
2081,2015,0.053399999
2081,2016,0.055199999
2081,2017,0.058400001
2081,2018,0.0616
2081,2019,0.061999999
2081,2020,0.064900003
2081,2021,0.0678
2081,2022,0.0704
2081,2023,0.077299997
2081,2024,0.0779
2081,2025,0.083099999
2082,2006,0.0451
2082,2007,0.050700001
2082,2008,0.056600001
2082,2009,0.053599998
2082,2010,0.0526
2082,2011,0.056200001
2082,2012,0.058899999
2082,2013,0.057500001
2082,2014,0.059500001
2082,2015,0.062399998
2082,2016,0.0669
2082,2017,0.068400003
2082,2018,0.069700003
2082,2019,0.078400001
2082,2020,0.079499997
2082,2021,0.085199997
2082,2022,0.093000002
2082,2023,0.094800003
2082,2024,0.096199997
2082,2025,0.098300003
2083,2006,0.050999999
2083,2007,0.048999999
2083,2008,0.053800002
2083,2009,0.050900001
2083,2010,0.050999999
2083,2011,0.056200001
2083,2012,0.0594
2083,2013,0.059599999
2083,2014,0.063100003
2083,2015,0.065399997
2083,2016,0.067000002
2083,2017,0.067699999
2083,2018,0.071099997
2083,2019,0.079400003
2083,2020,0.080200002
2083,2021,0.079599999
2083,2022,0.0867
2083,2023,0.090099998
2083,2024,0.096799999
2083,2025,0.1005
2084,2006,0.0535
2084,2007,0.0535
2084,2008,0.0539
2084,2009,0.052499998
2084,2010,0.059700001
2084,2011,0.059700001
2084,2012,0.0579
2084,2013,0.0605
2084,2014,0.058600001
2084,2015,0.059
2084,2016,0.060699999
2084,2017,0.063199997
2084,2018,0.064199999
2084,2019,0.067699999
2084,2020,0.073100001
2084,2021,0.078699999
2084,2022,0.081299998
2084,2023,0.093599997
2084,2024,0.096900001
2084,2025,0.1003
2085,2006,0.057399999
2085,2007,0.057399999
2085,2008,0.057700001
2085,2009,0.056299999
2085,2010,0.055500001
2085,2011,0.061999999
2085,2012,0.059900001
2085,2013,0.0612
2085,2014,0.065700002
2085,2015,0.065899998
2085,2016,0.067000002
2085,2017,0.067199998
2085,2018,0.0704
2085,2019,0.072999999
2085,2020,0.073299997
2085,2021,0.080499999
2085,2022,0.083400004
2085,2023,0.085100003
2085,2024,0.086599998
2085,2025,0.085600004
2101,2006,0.063600004
2101,2007,0.064199999
2101,2008,0.063600004
2101,2009,0.060699999
2101,2010,0.0625
2101,2011,0.0682
2101,2012,0.071400002
2101,2013,0.071500003
2101,2014,0.074299999
2101,2015,0.074299999
2101,2016,0.078000002
2101,2017,0.074199997
2101,2018,0.074900001
2101,2019,0.080700003
2101,2020,0.077399999
2101,2021,0.079599999
2101,2022,0.083499998
2101,2023,0.0902
2101,2024,0.093900003
2101,2025,0.094099998
2104,2006,0.045600001
2104,2007,0.050900001
2104,2008,0.048099998
2104,2009,0.047200002
2104,2010,0.045600001
2104,2011,0.047400001
2104,2012,0.051600002
2104,2013,0.050000001
2104,2014,0.056200001
2104,2015,0.057599999
2104,2016,0.061799999
2104,2017,0.064199999
2104,2018,0.0669
2104,2019,0.065800004
2104,2020,0.072899997
2104,2021,0.0779
2104,2022,0.081500001
2104,2023,0.083099999
2104,2024,0.084399998
2104,2025,0.089000002
2121,2006,0.054299999
2121,2007,0.052099999
2121,2008,0.0535
2121,2009,0.051600002
2121,2010,0.055199999
2121,2011,0.053300001
2121,2012,0.054000001
2121,2013,0.058499999
2121,2014,0.062600002
2121,2015,0.0647
2121,2016,0.065800004
2121,2017,0.068899997
2121,2018,0.068499997
2121,2019,0.069600001
2121,2020,0.070299998
2121,2021,0.072700001
2121,2022,0.073899999
2121,2023,0.078699999
2121,2024,0.083999999
2121,2025,0.084899999
2132,2006,0.053199999
2132,2007,0.052099999
2132,2008,0.050700001
2132,2009,0.0473
2132,2010,0.045400001
2132,2011,0.053300001
2132,2012,0.053399999
2132,2013,0.055599999
2132,2014,0.056899998
2132,2015,0.057500001
2132,2016,0.058499999
2132,2017,0.061700001
2132,2018,0.064900003
2132,2019,0.0678
2132,2020,0.070200004
2132,2021,0.068999998
2132,2022,0.068800002
2132,2023,0.072999999
2132,2024,0.082699999
2132,2025,0.080700003
2161,2006,0.052299999
2161,2007,0.055799998
2161,2008,0.057300001
2161,2009,0.0583
2161,2010,0.061299998
2161,2011,0.0616
2161,2012,0.0616
2161,2013,0.061500002
2161,2014,0.062700003
2161,2015,0.066799998
2161,2016,0.069799997
2161,2017,0.0691
2161,2018,0.070799999
2161,2019,0.0722
2161,2020,0.076700002
2161,2021,0.077699997
2161,2022,0.080200002
2161,2023,0.082699999
2161,2024,0.090899996
2161,2025,0.090599999
2180,2006,0.0506
2180,2007,0.049199998
2180,2008,0.0504
2180,2009,0.050000001
2180,2010,0.050299998
2180,2011,0.052900001
2180,2012,0.0546
2180,2013,0.057
2180,2014,0.0594
2180,2015,0.061999999
2180,2016,0.064099997
2180,2017,0.066600002
2180,2018,0.069300003
2180,2019,0.073899999
2180,2020,0.075000003
2180,2021,0.077399999
2180,2022,0.078400001
2180,2023,0.081799999
2180,2024,0.083400004
2180,2025,0.084299996
2181,2006,0.048099998
2181,2007,0.0524
2181,2008,0.049699999
2181,2009,0.0517
2181,2010,0.052700002
2181,2011,0.055199999
2181,2012,0.0546
2181,2013,0.058899999
2181,2014,0.061500002
2181,2015,0.061900001
2181,2016,0.066500001
2181,2017,0.069499999
2181,2018,0.073899999
2181,2019,0.077100001
2181,2020,0.075599998
2181,2021,0.076700002
2181,2022,0.079499997
2181,2023,0.080499999
2181,2024,0.081600003
2181,2025,0.0823
2182,2006,0.0535
2182,2007,0.0559
2182,2008,0.054900002
2182,2009,0.058699999
2182,2010,0.058699999
2182,2011,0.063199997
2182,2012,0.062100001
2182,2013,0.065899998
2182,2014,0.067599997
2182,2015,0.070799999
2182,2016,0.070200004
2182,2017,0.073700003
2182,2018,0.072899997
2182,2019,0.075300001
2182,2020,0.082199998
2182,2021,0.086300001
2182,2022,0.087099999
2182,2023,0.092299998
2182,2024,0.098800004
2182,2025,0.094999999
2183,2006,0.050299998
2183,2007,0.0535
2183,2008,0.0495
2183,2009,0.0539
2183,2010,0.0561
2183,2011,0.0583
2183,2012,0.0625
2183,2013,0.061000001
2183,2014,0.065300003
2183,2015,0.065399997
2183,2016,0.066500001
2183,2017,0.069200002
2183,2018,0.070799999
2183,2019,0.0735
2183,2020,0.075599998
2183,2021,0.084100001
2183,2022,0.088500001
2183,2023,0.091899998
2183,2024,0.0942
2183,2025,0.096500002
2184,2006,0.047899999
2184,2007,0.051800001
2184,2008,0.052099999
2184,2009,0.051399998
2184,2010,0.055199999
2184,2011,0.056299999
2184,2012,0.057599999
2184,2013,0.061099999
2184,2014,0.064499997
2184,2015,0.066799998
2184,2016,0.067000002
2184,2017,0.066600002
2184,2018,0.068499997
2184,2019,0.072999999
2184,2020,0.074199997
2184,2021,0.075300001
2184,2022,0.078000002
2184,2023,0.080600001
2184,2024,0.0832
2184,2025,0.0845
2260,2006,0.051600002
2260,2007,0.0557
2260,2008,0.057399999
2260,2009,0.056400001
2260,2010,0.051600002
2260,2011,0.056200001
2260,2012,0.056899998
2260,2013,0.058899999
2260,2014,0.062600002
2260,2015,0.0638
2260,2016,0.066600002
2260,2017,0.072800003
2260,2018,0.075400002
2260,2019,0.074699998
2260,2020,0.0748
2260,2021,0.077699997
2260,2022,0.0858
2260,2023,0.089299999
2260,2024,0.094700001
2260,2025,0.089400001
2262,2006,0.039700001
2262,2007,0.038800001
2262,2008,0.040600002
2262,2009,0.041900001
2262,2010,0.042100001
2262,2011,0.045899998
2262,2012,0.045600001
2262,2013,0.046100002
2262,2014,0.051399998
2262,2015,0.054900002
2262,2016,0.056899998
2262,2017,0.061000001
2262,2018,0.062799998
2262,2019,0.066399999
2262,2020,0.066200003
2262,2021,0.069300003
2262,2022,0.075400002
2262,2023,0.078699999
2262,2024,0.086900003
2262,2025,0.089000002
2280,2006,0.048099998
2280,2007,0.045400001
2280,2008,0.047800001
2280,2009,0.047499999
2280,2010,0.046700001
2280,2011,0.0513
2280,2012,0.0537
2280,2013,0.056000002
2280,2014,0.0592
2280,2015,0.059700001
2280,2016,0.061999999
2280,2017,0.067199998
2280,2018,0.068499997
2280,2019,0.070200004
2280,2020,0.069799997
2280,2021,0.076300003
2280,2022,0.077600002
2280,2023,0.0801
2280,2024,0.087300003
2280,2025,0.086900003
2281,2006,0.045200001
2281,2007,0.0451
2281,2008,0.0484
2281,2009,0.046599999
2281,2010,0.047800001
2281,2011,0.0506
2281,2012,0.0517
2281,2013,0.0528
2281,2014,0.0561
2281,2015,0.059700001
2281,2016,0.062700003
2281,2017,0.063100003
2281,2018,0.0656
2281,2019,0.067699999
2281,2020,0.067500003
2281,2021,0.070100002
2281,2022,0.074100003
2281,2023,0.076800004
2281,2024,0.079000004
2281,2025,0.081699997
2282,2006,0.046100002
2282,2007,0.0482
2282,2008,0.0458
2282,2009,0.047600001
2282,2010,0.047400001
2282,2011,0.052900001
2282,2012,0.0546
2282,2013,0.058200002
2282,2014,0.057999998
2282,2015,0.060699999
2282,2016,0.063600004
2282,2017,0.060600001
2282,2018,0.061099999
2282,2019,0.065200001
2282,2020,0.067299999
2282,2021,0.0713
2282,2022,0.072700001
2282,2023,0.081100002
2282,2024,0.088799998
2282,2025,0.086499996
2283,2006,0.044199999
2283,2007,0.046300001
2283,2008,0.0462
2283,2009,0.046799999
2283,2010,0.0462
2283,2011,0.0484
2283,2012,0.047699999
2283,2013,0.052299999
2283,2014,0.053599998
2283,2015,0.054499999
2283,2016,0.0581
2283,2017,0.059599999
2283,2018,0.061900001
2283,2019,0.063100003
2283,2020,0.062799998
2283,2021,0.0634
2283,2022,0.069499999
2283,2023,0.077100001
2283,2024,0.079300001
2283,2025,0.082500003
2284,2006,0.044100001
2284,2007,0.044500001
2284,2008,0.045299999
2284,2009,0.045899998
2284,2010,0.045899998
2284,2011,0.047899999
2284,2012,0.049400002
2284,2013,0.052299999
2284,2014,0.055300001
2284,2015,0.057
2284,2016,0.058800001
2284,2017,0.060800001
2284,2018,0.064199999
2284,2019,0.067400001
2284,2020,0.069600001
2284,2021,0.071699999
2284,2022,0.074000001
2284,2023,0.076399997
2284,2024,0.078699999
2284,2025,0.081299998
2303,2006,0.054900002
2303,2007,0.0539
2303,2008,0.0557
2303,2009,0.055100001
2303,2010,0.056400001
2303,2011,0.060199998
2303,2012,0.0605
2303,2013,0.063000001
2303,2014,0.065300003
2303,2015,0.0678
2303,2016,0.067699999
2303,2017,0.070600003
2303,2018,0.067199998
2303,2019,0.068899997
2303,2020,0.071699999
2303,2021,0.081500001
2303,2022,0.082599998
2303,2023,0.084200002
2303,2024,0.094400004
2303,2025,0.101
2305,2006,0.049400002
2305,2007,0.053199999
2305,2008,0.050999999
2305,2009,0.049899999
2305,2010,0.051399998
2305,2011,0.057
2305,2012,0.0594
2305,2013,0.067699999
2305,2014,0.0726
2305,2015,0.0713
2305,2016,0.069799997
2305,2017,0.0682
2305,2018,0.069399998
2305,2019,0.074100003
2305,2020,0.074100003
2305,2021,0.076399997
2305,2022,0.079300001
2305,2023,0.085199997
2305,2024,0.090700001
2305,2025,0.096000001
2309,2006,0.0471
2309,2007,0.048599999
2309,2008,0.047400001
2309,2009,0.047499999
2309,2010,0.045400001
2309,2011,0.047200002
2309,2012,0.0484
2309,2013,0.052900001
2309,2014,0.054200001
2309,2015,0.0561
2309,2016,0.055300001
2309,2017,0.058600001
2309,2018,0.0625
2309,2019,0.062199999
2309,2020,0.063199997
2309,2021,0.067199998
2309,2022,0.068999998
2309,2023,0.077500001
2309,2024,0.078699999
2309,2025,0.080700003
2313,2006,0.0513
2313,2007,0.0559
2313,2008,0.059799999
2313,2009,0.057500001
2313,2010,0.059599999
2313,2011,0.060699999
2313,2012,0.066100001
2313,2013,0.067199998
2313,2014,0.069300003
2313,2015,0.076800004
2313,2016,0.0788
2313,2017,0.0748
2313,2018,0.080300003
2313,2019,0.084100001
2313,2020,0.083800003
2313,2021,0.085699998
2313,2022,0.090000004
2313,2023,0.093800001
2313,2024,0.096299998
2313,2025,0.098099999
2321,2006,0.043099999
2321,2007,0.047800001
2321,2008,0.048500001
2321,2009,0.0462
2321,2010,0.0438
2321,2011,0.046599999
2321,2012,0.0546
2321,2013,0.050099999
2321,2014,0.054900002
2321,2015,0.057999998
2321,2016,0.0603
2321,2017,0.059599999
2321,2018,0.063600004
2321,2019,0.065300003
2321,2020,0.061900001
2321,2021,0.064199999
2321,2022,0.065700002
2321,2023,0.071699999
2321,2024,0.074900001
2321,2025,0.077200003
2326,2006,0.058899999
2326,2007,0.065800004
2326,2008,0.063000001
2326,2009,0.063500002
2326,2010,0.061299998
2326,2011,0.062799998
2326,2012,0.063699998
2326,2013,0.069200002
2326,2014,0.0726
2326,2015,0.067199998
2326,2016,0.0678
2326,2017,0.068099998
2326,2018,0.072700001
2326,2019,0.075599998
2326,2020,0.083999999
2326,2021,0.0766
2326,2022,0.077699997
2326,2023,0.087800004
2326,2024,0.086599998
2326,2025,0.091799997
2361,2006,0.0491
2361,2007,0.044399999
2361,2008,0.047400001
2361,2009,0.0407
2361,2010,0.045899998
2361,2011,0.047800001
2361,2012,0.050799999
2361,2013,0.047200002
2361,2014,0.0504
2361,2015,0.053100001
2361,2016,0.0546
2361,2017,0.051100001
2361,2018,0.052099999
2361,2019,0.052700002
2361,2020,0.058200002
2361,2021,0.0579
2361,2022,0.061900001
2361,2023,0.062100001
2361,2024,0.0713
2361,2025,0.076099999
2380,2006,0.050500002
2380,2007,0.052099999
2380,2008,0.054299999
2380,2009,0.055100001
2380,2010,0.054200001
2380,2011,0.0561
2380,2012,0.057300001
2380,2013,0.057599999
2380,2014,0.060699999
2380,2015,0.066
2380,2016,0.066699997
2380,2017,0.067400001
2380,2018,0.070500001
2380,2019,0.075499997
2380,2020,0.075900003
2380,2021,0.076700002
2380,2022,0.082099997
2380,2023,0.083499998
2380,2024,0.089199997
2380,2025,0.091200002
2401,2006,0.052000001
2401,2007,0.050000001
2401,2008,0.0493
2401,2009,0.052999999
2401,2010,0.0546
2401,2011,0.053100001
2401,2012,0.056499999
2401,2013,0.063699998
2401,2014,0.066600002
2401,2015,0.068300001
2401,2016,0.069300003
2401,2017,0.070600003
2401,2018,0.074199997
2401,2019,0.071699999
2401,2020,0.073200002
2401,2021,0.078400001
2401,2022,0.079400003
2401,2023,0.0788
2401,2024,0.082599998
2401,2025,0.084100001
2403,2006,0.0539
2403,2007,0.056600001
2403,2008,0.054099999
2403,2009,0.045400001
2403,2010,0.040899999
2403,2011,0.051100001
2403,2012,0.0471
2403,2013,0.046999998
2403,2014,0.053300001
2403,2015,0.0592
2403,2016,0.060699999
2403,2017,0.062700003
2403,2018,0.061799999
2403,2019,0.0568
2403,2020,0.063299999
2403,2021,0.068400003
2403,2022,0.065399997
2403,2023,0.061999999
2403,2024,0.070299998
2403,2025,0.071099997
2404,2006,0.054000001
2404,2007,0.051100001
2404,2008,0.055100001
2404,2009,0.065099999
2404,2010,0.067199998
2404,2011,0.065399997
2404,2012,0.0638
2404,2013,0.069799997
2404,2014,0.074699998
2404,2015,0.0757
2404,2016,0.082800001
2404,2017,0.080899999
2404,2018,0.086499996
2404,2019,0.085699998
2404,2020,0.088799998
2404,2021,0.086000003
2404,2022,0.086000003
2404,2023,0.093699999
2404,2024,0.097199999
2404,2025,0.1001
2409,2006,0.052700002
2409,2007,0.057300001
2409,2008,0.060800001
2409,2009,0.059599999
2409,2010,0.060899999
2409,2011,0.067000002
2409,2012,0.064599998
2409,2013,0.063000001
2409,2014,0.066500001
2409,2015,0.070500001
2409,2016,0.075099997
2409,2017,0.072800003
2409,2018,0.0779
2409,2019,0.075900003
2409,2020,0.0757
2409,2021,0.083999999
2409,2022,0.0836
2409,2023,0.085500002
2409,2024,0.089599997
2409,2025,0.092299998
2417,2006,0.0502
2417,2007,0.061799999
2417,2008,0.0601
2417,2009,0.063299999
2417,2010,0.067500003
2417,2011,0.066600002
2417,2012,0.062600002
2417,2013,0.070200004
2417,2014,0.073899999
2417,2015,0.076499999
2417,2016,0.0814
2417,2017,0.0801
2417,2018,0.090300001
2417,2019,0.096199997
2417,2020,0.092799999
2417,2021,0.101
2417,2022,0.092299998
2417,2023,0.093800001
2417,2024,0.0942
2417,2025,0.096799999
2418,2006,0.063600004
2418,2007,0.053399999
2418,2008,0.058899999
2418,2009,0.0614
2418,2010,0.0612
2418,2011,0.064900003
2418,2012,0.065800004
2418,2013,0.0678
2418,2014,0.066500001
2418,2015,0.059099998
2418,2016,0.075499997
2418,2017,0.067199998
2418,2018,0.0726
2418,2019,0.071199998
2418,2020,0.076499999
2418,2021,0.079999998
2418,2022,0.095100001
2418,2023,0.091200002
2418,2024,0.118
2418,2025,0.1112
2421,2006,0.044100001
2421,2007,0.053399999
2421,2008,0.053100001
2421,2009,0.050299998
2421,2010,0.054099999
2421,2011,0.056000002
2421,2012,0.061000001
2421,2013,0.058800001
2421,2014,0.0568
2421,2015,0.061799999
2421,2016,0.059999999
2421,2017,0.0603
2421,2018,0.061099999
2421,2019,0.064099997
2421,2020,0.068400003
2421,2021,0.078900002
2421,2022,0.083800003
2421,2023,0.088299997
2421,2024,0.084799998
2421,2025,0.085299999
2422,2006,0.056899998
2422,2007,0.0568
2422,2008,0.058400001
2422,2009,0.057100002
2422,2010,0.058800001
2422,2011,0.067100003
2422,2012,0.075300001
2422,2013,0.07
2422,2014,0.067000002
2422,2015,0.059700001
2422,2016,0.061099999
2422,2017,0.064800002
2422,2018,0.071599998
2422,2019,0.081900001
2422,2020,0.077799998
2422,2021,0.084200002
2422,2022,0.089199997
2422,2023,0.080200002
2422,2024,0.089500003
2422,2025,0.091899998
2425,2006,0.0513
2425,2007,0.045400001
2425,2008,0.052000001
2425,2009,0.0493
2425,2010,0.055599999
2425,2011,0.0513
2425,2012,0.057700001
2425,2013,0.061299998
2425,2014,0.068700001
2425,2015,0.069899999
2425,2016,0.073700003
2425,2017,0.067699999
2425,2018,0.065700002
2425,2019,0.072300002
2425,2020,0.075400002
2425,2021,0.071199998
2425,2022,0.072800003
2425,2023,0.087899998
2425,2024,0.091200002
2425,2025,0.088699996
2460,2006,0.0462
2460,2007,0.051199999
2460,2008,0.049600001
2460,2009,0.045400001
2460,2010,0.046500001
2460,2011,0.045899998
2460,2012,0.0528
2460,2013,0.0482
2460,2014,0.0592
2460,2015,0.057500001
2460,2016,0.064199999
2460,2017,0.0726
2460,2018,0.068700001
2460,2019,0.068899997
2460,2020,0.066699997
2460,2021,0.072300002
2460,2022,0.074600004
2460,2023,0.077100001
2460,2024,0.080200002
2460,2025,0.0836
2462,2006,0.0359
2462,2007,0.042100001
2462,2008,0.0451
2462,2009,0.046799999
2462,2010,0.045299999
2462,2011,0.050099999
2462,2012,0.045699999
2462,2013,0.047699999
2462,2014,0.050999999
2462,2015,0.055100001
2462,2016,0.0623
2462,2017,0.061299998
2462,2018,0.063100003
2462,2019,0.0656
2462,2020,0.0669
2462,2021,0.075900003
2462,2022,0.069899999
2462,2023,0.073700003
2462,2024,0.0766
2462,2025,0.0823
2463,2006,0.0559
2463,2007,0.056499999
2463,2008,0.048999999
2463,2009,0.0539
2463,2010,0.053300001
2463,2011,0.052000001
2463,2012,0.0524
2463,2013,0.060199998
2463,2014,0.0614
2463,2015,0.065399997
2463,2016,0.066600002
2463,2017,0.061099999
2463,2018,0.058899999
2463,2019,0.066600002
2463,2020,0.070699997
2463,2021,0.085299999
2463,2022,0.082900003
2463,2023,0.083499998
2463,2024,0.084399998
2463,2025,0.0911
2480,2006,0.048
2480,2007,0.049800001
2480,2008,0.050799999
2480,2009,0.050299998
2480,2010,0.0517
2480,2011,0.054200001
2480,2012,0.056299999
2480,2013,0.058800001
2480,2014,0.061500002
2480,2015,0.064800002
2480,2016,0.067299999
2480,2017,0.068499997
2480,2018,0.070500001
2480,2019,0.070900001
2480,2020,0.073600002
2480,2021,0.075599998
2480,2022,0.079000004
2480,2023,0.0814
2480,2024,0.085199997
2480,2025,0.085900001
2481,2006,0.0524
2481,2007,0.057100002
2481,2008,0.054200001
2481,2009,0.051800001
2481,2010,0.058899999
2481,2011,0.062100001
2481,2012,0.069899999
2481,2013,0.066600002
2481,2014,0.064999998
2481,2015,0.0726
2481,2016,0.078199998
2481,2017,0.076800004
2481,2018,0.075900003
2481,2019,0.078599997
2481,2020,0.083499998
2481,2021,0.081600003
2481,2022,0.088
2481,2023,0.094599999
2481,2024,0.098099999
2481,2025,0.093400002
2482,2006,0.059700001
2482,2007,0.064599998
2482,2008,0.0656
2482,2009,0.065300003
2482,2010,0.064999998
2482,2011,0.065899998
2482,2012,0.069899999
2482,2013,0.071099997
2482,2014,0.073899999
2482,2015,0.0779
2482,2016,0.080600001
2482,2017,0.081900001
2482,2018,0.085000001
2482,2019,0.087300003
2482,2020,0.088500001
2482,2021,0.090899996
2482,2022,0.090800002
2482,2023,0.092500001
2482,2024,0.090499997
2482,2025,0.095799997
2505,2006,0.048700001
2505,2007,0.046
2505,2008,0.046999998
2505,2009,0.048799999
2505,2010,0.045899998
2505,2011,0.047200002
2505,2012,0.048300002
2505,2013,0.050299998
2505,2014,0.0537
2505,2015,0.055799998
2505,2016,0.057399999
2505,2017,0.057399999
2505,2018,0.062799998
2505,2019,0.068499997
2505,2020,0.067199998
2505,2021,0.066
2505,2022,0.0704
2505,2023,0.080799997
2505,2024,0.070799999
2505,2025,0.077399999
2506,2006,0.028899999
2506,2007,0.032499999
2506,2008,0.037599999
2506,2009,0.035700001
2506,2010,0.045400001
2506,2011,0.051199999
2506,2012,0.0493
2506,2013,0.050299998
2506,2014,0.054099999
2506,2015,0.056499999
2506,2016,0.0634
2506,2017,0.072300002
2506,2018,0.068099998
2506,2019,0.068000004
2506,2020,0.072300002
2506,2021,0.0836
2506,2022,0.078100003
2506,2023,0.085000001
2506,2024,0.095600002
2506,2025,0.092299998
2510,2006,0.0243
2510,2007,0.0277
2510,2008,0.0273
2510,2009,0.029999999
2510,2010,0.0306
2510,2011,0.0307
2510,2012,0.0328
2510,2013,0.035100002
2510,2014,0.032600001
2510,2015,0.0385
2510,2016,0.039700001
2510,2017,0.045200001
2510,2018,0.051199999
2510,2019,0.048700001
2510,2020,0.0561
2510,2021,0.061999999
2510,2022,0.058899999
2510,2023,0.072499998
2510,2024,0.066500001
2510,2025,0.061999999
2513,2006,0.0634
2513,2007,0.056899998
2513,2008,0.057500001
2513,2009,0.052299999
2513,2010,0.046799999
2513,2011,0.050900001
2513,2012,0.062600002
2513,2013,0.059599999
2513,2014,0.058899999
2513,2015,0.060600001
2513,2016,0.063699998
2513,2017,0.059799999
2513,2018,0.063500002
2513,2019,0.064999998
2513,2020,0.071599998
2513,2021,0.073600002
2513,2022,0.070600003
2513,2023,0.0766
2513,2024,0.088500001
2513,2025,0.090099998
2514,2006,0.0482
2514,2007,0.050700001
2514,2008,0.048099998
2514,2009,0.049400002
2514,2010,0.0548
2514,2011,0.053300001
2514,2012,0.056299999
2514,2013,0.0605
2514,2014,0.064999998
2514,2015,0.0704
2514,2016,0.070699997
2514,2017,0.074199997
2514,2018,0.074600004
2514,2019,0.083400004
2514,2020,0.085199997
2514,2021,0.0898
2514,2022,0.094499998
2514,2023,0.0977
2514,2024,0.099299997
2514,2025,0.095399998
2518,2006,0.041000001
2518,2007,0.043900002
2518,2008,0.046
2518,2009,0.049199998
2518,2010,0.049400002
2518,2011,0.0469
2518,2012,0.043400001
2518,2013,0.038600001
2518,2014,0.040800001
2518,2015,0.046999998
2518,2016,0.044599999
2518,2017,0.050299998
2518,2018,0.057799999
2518,2019,0.057799999
2518,2020,0.066200003
2518,2021,0.068999998
2518,2022,0.078400001
2518,2023,0.087099999
2518,2024,0.084299996
2518,2025,0.0902
2521,2006,0.038400002
2521,2007,0.037900001
2521,2008,0.038199998
2521,2009,0.038400002
2521,2010,0.0361
2521,2011,0.038899999
2521,2012,0.0383
2521,2013,0.036899999
2521,2014,0.038199998
2521,2015,0.044399999
2521,2016,0.047899999
2521,2017,0.048099998
2521,2018,0.0568
2521,2019,0.0528
2521,2020,0.056499999
2521,2021,0.0572
2521,2022,0.07
2521,2023,0.067500003
2521,2024,0.066
2521,2025,0.071599998
2523,2006,0.043200001
2523,2007,0.043400001
2523,2008,0.041999999
2523,2009,0.0416
2523,2010,0.044199999
2523,2011,0.043900002
2523,2012,0.044
2523,2013,0.046500001
2523,2014,0.046100002
2523,2015,0.050900001
2523,2016,0.054299999
2523,2017,0.052700002
2523,2018,0.057399999
2523,2019,0.054900002
2523,2020,0.059900001
2523,2021,0.065200001
2523,2022,0.066799998
2523,2023,0.070900001
2523,2024,0.073899999
2523,2025,0.073299997
2560,2006,0.046999998
2560,2007,0.048099998
2560,2008,0.047200002
2560,2009,0.048500001
2560,2010,0.051600002
2560,2011,0.0528
2560,2012,0.0539
2560,2013,0.058499999
2560,2014,0.061799999
2560,2015,0.0583
2560,2016,0.062100001
2560,2017,0.059500001
2560,2018,0.064999998
2560,2019,0.067900002
2560,2020,0.0623
2560,2021,0.065099999
2560,2022,0.073299997
2560,2023,0.071099997
2560,2024,0.0814
2560,2025,0.080600001
2580,2006,0.045200001
2580,2007,0.046599999
2580,2008,0.046399999
2580,2009,0.046
2580,2010,0.0482
2580,2011,0.0493
2580,2012,0.052200001
2580,2013,0.052700002
2580,2014,0.052900001
2580,2015,0.057
2580,2016,0.058600001
2580,2017,0.0592
2580,2018,0.061799999
2580,2019,0.064300001
2580,2020,0.064800002
2580,2021,0.068000004
2580,2022,0.0722
2580,2023,0.075199999
2580,2024,0.078199998
2580,2025,0.078400001
2581,2006,0.048300002
2581,2007,0.050000001
2581,2008,0.0513
2581,2009,0.0515
2581,2010,0.052299999
2581,2011,0.056499999
2581,2012,0.057500001
2581,2013,0.057100002
2581,2014,0.059099998
2581,2015,0.063100003
2581,2016,0.065899998
2581,2017,0.070100002
2581,2018,0.069899999
2581,2019,0.073700003
2581,2020,0.074000001
2581,2021,0.078100003
2581,2022,0.079800002
2581,2023,0.084200002
2581,2024,0.090400003
2581,2025,0.091799997
2582,2006,0.047800001
2582,2007,0.048900001
2582,2008,0.0504
2582,2009,0.0473
2582,2010,0.050900001
2582,2011,0.051899999
2582,2012,0.054000001
2582,2013,0.0537
2582,2014,0.0559
2582,2015,0.056600001
2582,2016,0.058499999
2582,2017,0.060600001
2582,2018,0.062600002
2582,2019,0.065800004
2582,2020,0.066100001
2582,2021,0.067199998
2582,2022,0.071199998
2582,2023,0.075099997
2582,2024,0.079000004
2582,2025,0.076099999
2583,2006,0.048
2583,2007,0.0473
2583,2008,0.049600001
2583,2009,0.049600001
2583,2010,0.051600002
2583,2011,0.054299999
2583,2012,0.052499998
2583,2013,0.049800001
2583,2014,0.046100002
2583,2015,0.054099999
2583,2016,0.058600001
2583,2017,0.0614
2583,2018,0.066100001
2583,2019,0.066100001
2583,2020,0.066299997
2583,2021,0.061999999
2583,2022,0.062700003
2583,2023,0.0726
2583,2024,0.078500003
2583,2025,0.080300003
2584,2006,0.031500001
2584,2007,0.0308
2584,2008,0.031599998
2584,2009,0.031300001
2584,2010,0.032400001
2584,2011,0.034499999
2584,2012,0.035300002
2584,2013,0.0339
2584,2014,0.0339
2584,2015,0.037799999
2584,2016,0.039799999
2584,2017,0.039299998
2584,2018,0.039999999
2584,2019,0.042300001
2584,2020,0.042100001
2584,2021,0.046799999
2584,2022,0.048599999
2584,2023,0.053300001
2584,2024,0.053800002
2584,2025,0.057100002
